[0.393s] Invoking command in '/home/agilex/agilex_ws/build/nav2_msgs': CMAKE_PREFIX_PATH=/home/agilex/agilex_ws/install/nav2_common:/home/agilex/agilex_ws/install/ydlidar_sdk:/home/agilex/agilex_ws/install/ydlidar_ros2_driver:/home/agilex/agilex_ws/install/teb_local_planner:/home/agilex/agilex_ws/install/teb_msgs:/home/agilex/agilex_ws/install/rf2o_laser_odometry:/home/agilex/agilex_ws/install/orbbec_description:/home/agilex/agilex_ws/install/orbbec_camera:/home/agilex/agilex_ws/install/orbbec_camera_msgs:/home/agilex/agilex_ws/install/nav2_system_tests:/home/agilex/agilex_ws/install/nav2_bringup:/home/agilex/agilex_ws/install/navigation2:/home/agilex/agilex_ws/install/nav2_smoother:/home/agilex/agilex_ws/install/nav2_dwb_controller:/home/agilex/agilex_ws/install/limo_bringup:/home/agilex/agilex_ws/install/nav2_controller:/home/agilex/agilex_ws/install/dwb_plugins:/home/agilex/agilex_ws/install/dwb_critics:/home/agilex/agilex_ws/install/dwb_core:/home/agilex/agilex_ws/install/nav_2d_utils:/home/agilex/agilex_ws/install/dwb_msgs:/home/agilex/agilex_ws/install/nav_2d_msgs:/home/agilex/agilex_ws/install/nav2_waypoint_follower:/home/agilex/agilex_ws/install/nav2_theta_star_planner:/home/agilex/agilex_ws/install/nav2_smac_planner:/home/agilex/agilex_ws/install/nav2_rotation_shim_controller:/home/agilex/agilex_ws/install/nav2_regulated_pure_pursuit_controller:/home/agilex/agilex_ws/install/nav2_planner:/home/agilex/agilex_ws/install/nav2_navfn_planner:/home/agilex/agilex_ws/install/nav2_constrained_smoother:/home/agilex/agilex_ws/install/nav2_bt_navigator:/home/agilex/agilex_ws/install/nav2_behaviors:/home/agilex/agilex_ws/install/nav2_core:/home/agilex/agilex_ws/install/costmap_queue:/home/agilex/agilex_ws/install/costmap_converter:/home/agilex/agilex_ws/install/nav2_costmap_2d:/home/agilex/agilex_ws/install/nav2_voxel_grid:/home/agilex/agilex_ws/install/nav2_rviz_plugins:/home/agilex/agilex_ws/install/nav2_map_server:/home/agilex/agilex_ws/install/nav2_lifecycle_manager:/home/agilex/agilex_ws/install/nav2_behavior_tree:/home/agilex/agilex_ws/install/nav2_amcl:/home/agilex/agilex_ws/install/nav2_util:/home/agilex/agilex_ws/install/nav2_msgs:/home/agilex/agilex_ws/install/magic_enum:/home/agilex/agilex_ws/install/limo_visions:/home/agilex/agilex_ws/install/limo_base:/home/agilex/agilex_ws/install/limo_msgs:/home/agilex/agilex_ws/install/limo_description:/home/agilex/agilex_ws/install/limo_car:/home/agilex/agilex_ws/install/libuvc:/home/agilex/agilex_ws/install/glog:/home/agilex/agilex_ws/install/csm:/home/agilex/agilex_ws/install/costmap_converter_msgs:/home/agilex/agilex_ws/install/astra_camera:/home/agilex/agilex_ws/install/astra_camera_msgs:/home/agilex/agilex_ws/install/aruco_ros:/home/agilex/agilex_ws/install/aruco_msgs:/home/agilex/agilex_ws/install/aruco:/home/agilex/agilex_ws/install/yolov5_ros2:/home/agilex/agilex_ws/install/nav2_simple_commander:/opt/ros/humble /usr/bin/cmake --build /home/agilex/agilex_ws/build/nav2_msgs -- -j16 -l16
[0.498s] [  0%] Built target nav2_msgs__cpp
[0.498s] [ 12%] Built target nav2_msgs__rosidl_generator_c
[0.498s] [ 24%] Built target nav2_msgs__rosidl_typesupport_cpp
[0.498s] [ 24%] Built target ament_cmake_python_copy_nav2_msgs
[0.500s] [ 37%] Built target nav2_msgs__rosidl_typesupport_introspection_cpp
[0.504s] [ 49%] Built target nav2_msgs__rosidl_typesupport_c
[0.506s] [ 74%] Built target nav2_msgs__rosidl_typesupport_introspection_c
[0.506s] [ 74%] Built target nav2_msgs__rosidl_typesupport_fastrtps_cpp
[0.511s] [ 86%] Built target nav2_msgs__rosidl_typesupport_fastrtps_c
[0.531s] [ 86%] Built target nav2_msgs
[0.554s] [ 86%] Built target nav2_msgs__py
[0.588s] [ 98%] Built target nav2_msgs__rosidl_generator_py
[0.613s] [ 99%] Built target nav2_msgs__rosidl_typesupport_c__pyext
[0.616s] [ 99%] Built target nav2_msgs__rosidl_typesupport_introspection_c__pyext
[0.616s] [100%] Built target nav2_msgs__rosidl_typesupport_fastrtps_c__pyext
[0.654s] running egg_info
[0.654s] writing nav2_msgs.egg-info/PKG-INFO
[0.654s] writing dependency_links to nav2_msgs.egg-info/dependency_links.txt
[0.654s] writing top-level names to nav2_msgs.egg-info/top_level.txt
[0.655s] reading manifest file 'nav2_msgs.egg-info/SOURCES.txt'
[0.656s] writing manifest file 'nav2_msgs.egg-info/SOURCES.txt'
[0.674s] [100%] Built target ament_cmake_python_build_nav2_msgs_egg
[0.714s] Invoked command in '/home/agilex/agilex_ws/build/nav2_msgs' returned '0': CMAKE_PREFIX_PATH=/home/agilex/agilex_ws/install/nav2_common:/home/agilex/agilex_ws/install/ydlidar_sdk:/home/agilex/agilex_ws/install/ydlidar_ros2_driver:/home/agilex/agilex_ws/install/teb_local_planner:/home/agilex/agilex_ws/install/teb_msgs:/home/agilex/agilex_ws/install/rf2o_laser_odometry:/home/agilex/agilex_ws/install/orbbec_description:/home/agilex/agilex_ws/install/orbbec_camera:/home/agilex/agilex_ws/install/orbbec_camera_msgs:/home/agilex/agilex_ws/install/nav2_system_tests:/home/agilex/agilex_ws/install/nav2_bringup:/home/agilex/agilex_ws/install/navigation2:/home/agilex/agilex_ws/install/nav2_smoother:/home/agilex/agilex_ws/install/nav2_dwb_controller:/home/agilex/agilex_ws/install/limo_bringup:/home/agilex/agilex_ws/install/nav2_controller:/home/agilex/agilex_ws/install/dwb_plugins:/home/agilex/agilex_ws/install/dwb_critics:/home/agilex/agilex_ws/install/dwb_core:/home/agilex/agilex_ws/install/nav_2d_utils:/home/agilex/agilex_ws/install/dwb_msgs:/home/agilex/agilex_ws/install/nav_2d_msgs:/home/agilex/agilex_ws/install/nav2_waypoint_follower:/home/agilex/agilex_ws/install/nav2_theta_star_planner:/home/agilex/agilex_ws/install/nav2_smac_planner:/home/agilex/agilex_ws/install/nav2_rotation_shim_controller:/home/agilex/agilex_ws/install/nav2_regulated_pure_pursuit_controller:/home/agilex/agilex_ws/install/nav2_planner:/home/agilex/agilex_ws/install/nav2_navfn_planner:/home/agilex/agilex_ws/install/nav2_constrained_smoother:/home/agilex/agilex_ws/install/nav2_bt_navigator:/home/agilex/agilex_ws/install/nav2_behaviors:/home/agilex/agilex_ws/install/nav2_core:/home/agilex/agilex_ws/install/costmap_queue:/home/agilex/agilex_ws/install/costmap_converter:/home/agilex/agilex_ws/install/nav2_costmap_2d:/home/agilex/agilex_ws/install/nav2_voxel_grid:/home/agilex/agilex_ws/install/nav2_rviz_plugins:/home/agilex/agilex_ws/install/nav2_map_server:/home/agilex/agilex_ws/install/nav2_lifecycle_manager:/home/agilex/agilex_ws/install/nav2_behavior_tree:/home/agilex/agilex_ws/install/nav2_amcl:/home/agilex/agilex_ws/install/nav2_util:/home/agilex/agilex_ws/install/nav2_msgs:/home/agilex/agilex_ws/install/magic_enum:/home/agilex/agilex_ws/install/limo_visions:/home/agilex/agilex_ws/install/limo_base:/home/agilex/agilex_ws/install/limo_msgs:/home/agilex/agilex_ws/install/limo_description:/home/agilex/agilex_ws/install/limo_car:/home/agilex/agilex_ws/install/libuvc:/home/agilex/agilex_ws/install/glog:/home/agilex/agilex_ws/install/csm:/home/agilex/agilex_ws/install/costmap_converter_msgs:/home/agilex/agilex_ws/install/astra_camera:/home/agilex/agilex_ws/install/astra_camera_msgs:/home/agilex/agilex_ws/install/aruco_ros:/home/agilex/agilex_ws/install/aruco_msgs:/home/agilex/agilex_ws/install/aruco:/home/agilex/agilex_ws/install/yolov5_ros2:/home/agilex/agilex_ws/install/nav2_simple_commander:/opt/ros/humble /usr/bin/cmake --build /home/agilex/agilex_ws/build/nav2_msgs -- -j16 -l16
[1.564s] Invoking command in '/home/agilex/agilex_ws/build/nav2_msgs': CMAKE_PREFIX_PATH=/home/agilex/agilex_ws/install/nav2_common:/home/agilex/agilex_ws/install/ydlidar_sdk:/home/agilex/agilex_ws/install/ydlidar_ros2_driver:/home/agilex/agilex_ws/install/teb_local_planner:/home/agilex/agilex_ws/install/teb_msgs:/home/agilex/agilex_ws/install/rf2o_laser_odometry:/home/agilex/agilex_ws/install/orbbec_description:/home/agilex/agilex_ws/install/orbbec_camera:/home/agilex/agilex_ws/install/orbbec_camera_msgs:/home/agilex/agilex_ws/install/nav2_system_tests:/home/agilex/agilex_ws/install/nav2_bringup:/home/agilex/agilex_ws/install/navigation2:/home/agilex/agilex_ws/install/nav2_smoother:/home/agilex/agilex_ws/install/nav2_dwb_controller:/home/agilex/agilex_ws/install/limo_bringup:/home/agilex/agilex_ws/install/nav2_controller:/home/agilex/agilex_ws/install/dwb_plugins:/home/agilex/agilex_ws/install/dwb_critics:/home/agilex/agilex_ws/install/dwb_core:/home/agilex/agilex_ws/install/nav_2d_utils:/home/agilex/agilex_ws/install/dwb_msgs:/home/agilex/agilex_ws/install/nav_2d_msgs:/home/agilex/agilex_ws/install/nav2_waypoint_follower:/home/agilex/agilex_ws/install/nav2_theta_star_planner:/home/agilex/agilex_ws/install/nav2_smac_planner:/home/agilex/agilex_ws/install/nav2_rotation_shim_controller:/home/agilex/agilex_ws/install/nav2_regulated_pure_pursuit_controller:/home/agilex/agilex_ws/install/nav2_planner:/home/agilex/agilex_ws/install/nav2_navfn_planner:/home/agilex/agilex_ws/install/nav2_constrained_smoother:/home/agilex/agilex_ws/install/nav2_bt_navigator:/home/agilex/agilex_ws/install/nav2_behaviors:/home/agilex/agilex_ws/install/nav2_core:/home/agilex/agilex_ws/install/costmap_queue:/home/agilex/agilex_ws/install/costmap_converter:/home/agilex/agilex_ws/install/nav2_costmap_2d:/home/agilex/agilex_ws/install/nav2_voxel_grid:/home/agilex/agilex_ws/install/nav2_rviz_plugins:/home/agilex/agilex_ws/install/nav2_map_server:/home/agilex/agilex_ws/install/nav2_lifecycle_manager:/home/agilex/agilex_ws/install/nav2_behavior_tree:/home/agilex/agilex_ws/install/nav2_amcl:/home/agilex/agilex_ws/install/nav2_util:/home/agilex/agilex_ws/install/nav2_msgs:/home/agilex/agilex_ws/install/magic_enum:/home/agilex/agilex_ws/install/limo_visions:/home/agilex/agilex_ws/install/limo_base:/home/agilex/agilex_ws/install/limo_msgs:/home/agilex/agilex_ws/install/limo_description:/home/agilex/agilex_ws/install/limo_car:/home/agilex/agilex_ws/install/libuvc:/home/agilex/agilex_ws/install/glog:/home/agilex/agilex_ws/install/csm:/home/agilex/agilex_ws/install/costmap_converter_msgs:/home/agilex/agilex_ws/install/astra_camera:/home/agilex/agilex_ws/install/astra_camera_msgs:/home/agilex/agilex_ws/install/aruco_ros:/home/agilex/agilex_ws/install/aruco_msgs:/home/agilex/agilex_ws/install/aruco:/home/agilex/agilex_ws/install/yolov5_ros2:/home/agilex/agilex_ws/install/nav2_simple_commander:/opt/ros/humble /usr/bin/cmake --install /home/agilex/agilex_ws/build/nav2_msgs
[1.573s] -- Install configuration: "Release"
[1.573s] -- Up-to-date: /home/agilex/agilex_ws/install/nav2_msgs/share/ament_index/resource_index/rosidl_interfaces/nav2_msgs
[1.573s] -- Up-to-date: /home/agilex/agilex_ws/install/nav2_msgs/include/nav2_msgs/nav2_msgs
[1.573s] -- Up-to-date: /home/agilex/agilex_ws/install/nav2_msgs/include/nav2_msgs/nav2_msgs/srv
[1.574s] -- Up-to-date: /home/agilex/agilex_ws/install/nav2_msgs/include/nav2_msgs/nav2_msgs/srv/clear_costmap_around_robot.h
[1.574s] -- Up-to-date: /home/agilex/agilex_ws/install/nav2_msgs/include/nav2_msgs/nav2_msgs/srv/clear_entire_costmap.h
[1.574s] -- Up-to-date: /home/agilex/agilex_ws/install/nav2_msgs/include/nav2_msgs/nav2_msgs/srv/load_map.h
[1.575s] -- Up-to-date: /home/agilex/agilex_ws/install/nav2_msgs/include/nav2_msgs/nav2_msgs/srv/is_path_valid.h
[1.575s] -- Up-to-date: /home/agilex/agilex_ws/install/nav2_msgs/include/nav2_msgs/nav2_msgs/srv/detail
[1.575s] -- Up-to-date: /home/agilex/agilex_ws/install/nav2_msgs/include/nav2_msgs/nav2_msgs/srv/detail/manage_lifecycle_nodes__functions.c
[1.575s] -- Up-to-date: /home/agilex/agilex_ws/install/nav2_msgs/include/nav2_msgs/nav2_msgs/srv/detail/load_map__functions.c
[1.575s] -- Up-to-date: /home/agilex/agilex_ws/install/nav2_msgs/include/nav2_msgs/nav2_msgs/srv/detail/is_path_valid__type_support.h
[1.575s] -- Up-to-date: /home/agilex/agilex_ws/install/nav2_msgs/include/nav2_msgs/nav2_msgs/srv/detail/get_costmap__functions.c
[1.576s] -- Up-to-date: /home/agilex/agilex_ws/install/nav2_msgs/include/nav2_msgs/nav2_msgs/srv/detail/clear_costmap_around_robot__functions.h
[1.576s] -- Up-to-date: /home/agilex/agilex_ws/install/nav2_msgs/include/nav2_msgs/nav2_msgs/srv/detail/save_map__functions.h
[1.576s] -- Up-to-date: /home/agilex/agilex_ws/install/nav2_msgs/include/nav2_msgs/nav2_msgs/srv/detail/clear_entire_costmap__struct.h
[1.576s] -- Up-to-date: /home/agilex/agilex_ws/install/nav2_msgs/include/nav2_msgs/nav2_msgs/srv/detail/get_costmap__type_support.h
[1.576s] -- Up-to-date: /home/agilex/agilex_ws/install/nav2_msgs/include/nav2_msgs/nav2_msgs/srv/detail/get_costmap__struct.h
[1.576s] -- Up-to-date: /home/agilex/agilex_ws/install/nav2_msgs/include/nav2_msgs/nav2_msgs/srv/detail/clear_costmap_around_robot__functions.c
[1.576s] -- Up-to-date: /home/agilex/agilex_ws/install/nav2_msgs/include/nav2_msgs/nav2_msgs/srv/detail/manage_lifecycle_nodes__type_support.h
[1.576s] -- Up-to-date: /home/agilex/agilex_ws/install/nav2_msgs/include/nav2_msgs/nav2_msgs/srv/detail/is_path_valid__functions.c
[1.576s] -- Up-to-date: /home/agilex/agilex_ws/install/nav2_msgs/include/nav2_msgs/nav2_msgs/srv/detail/clear_entire_costmap__functions.c
[1.577s] -- Up-to-date: /home/agilex/agilex_ws/install/nav2_msgs/include/nav2_msgs/nav2_msgs/srv/detail/clear_costmap_around_robot__type_support.h
[1.577s] -- Up-to-date: /home/agilex/agilex_ws/install/nav2_msgs/include/nav2_msgs/nav2_msgs/srv/detail/clear_costmap_except_region__functions.c
[1.577s] -- Up-to-date: /home/agilex/agilex_ws/install/nav2_msgs/include/nav2_msgs/nav2_msgs/srv/detail/load_map__functions.h
[1.577s] -- Up-to-date: /home/agilex/agilex_ws/install/nav2_msgs/include/nav2_msgs/nav2_msgs/srv/detail/clear_costmap_around_robot__struct.h
[1.577s] -- Up-to-date: /home/agilex/agilex_ws/install/nav2_msgs/include/nav2_msgs/nav2_msgs/srv/detail/clear_costmap_except_region__functions.h
[1.577s] -- Up-to-date: /home/agilex/agilex_ws/install/nav2_msgs/include/nav2_msgs/nav2_msgs/srv/detail/save_map__struct.h
[1.577s] -- Up-to-date: /home/agilex/agilex_ws/install/nav2_msgs/include/nav2_msgs/nav2_msgs/srv/detail/is_path_valid__struct.h
[1.578s] -- Up-to-date: /home/agilex/agilex_ws/install/nav2_msgs/include/nav2_msgs/nav2_msgs/srv/detail/clear_costmap_except_region__type_support.h
[1.578s] -- Up-to-date: /home/agilex/agilex_ws/install/nav2_msgs/include/nav2_msgs/nav2_msgs/srv/detail/clear_costmap_except_region__struct.h
[1.578s] -- Up-to-date: /home/agilex/agilex_ws/install/nav2_msgs/include/nav2_msgs/nav2_msgs/srv/detail/is_path_valid__functions.h
[1.578s] -- Up-to-date: /home/agilex/agilex_ws/install/nav2_msgs/include/nav2_msgs/nav2_msgs/srv/detail/manage_lifecycle_nodes__functions.h
[1.578s] -- Up-to-date: /home/agilex/agilex_ws/install/nav2_msgs/include/nav2_msgs/nav2_msgs/srv/detail/save_map__type_support.h
[1.578s] -- Up-to-date: /home/agilex/agilex_ws/install/nav2_msgs/include/nav2_msgs/nav2_msgs/srv/detail/load_map__type_support.h
[1.578s] -- Up-to-date: /home/agilex/agilex_ws/install/nav2_msgs/include/nav2_msgs/nav2_msgs/srv/detail/load_map__struct.h
[1.580s] -- Up-to-date: /home/agilex/agilex_ws/install/nav2_msgs/include/nav2_msgs/nav2_msgs/srv/detail/save_map__functions.c
[1.580s] -- Up-to-date: /home/agilex/agilex_ws/install/nav2_msgs/include/nav2_msgs/nav2_msgs/srv/detail/get_costmap__functions.h
[1.580s] -- Up-to-date: /home/agilex/agilex_ws/install/nav2_msgs/include/nav2_msgs/nav2_msgs/srv/detail/manage_lifecycle_nodes__struct.h
[1.581s] -- Up-to-date: /home/agilex/agilex_ws/install/nav2_msgs/include/nav2_msgs/nav2_msgs/srv/detail/clear_entire_costmap__functions.h
[1.581s] -- Up-to-date: /home/agilex/agilex_ws/install/nav2_msgs/include/nav2_msgs/nav2_msgs/srv/detail/clear_entire_costmap__type_support.h
[1.582s] -- Up-to-date: /home/agilex/agilex_ws/install/nav2_msgs/include/nav2_msgs/nav2_msgs/srv/manage_lifecycle_nodes.h
[1.583s] -- Up-to-date: /home/agilex/agilex_ws/install/nav2_msgs/include/nav2_msgs/nav2_msgs/srv/clear_costmap_except_region.h
[1.584s] -- Up-to-date: /home/agilex/agilex_ws/install/nav2_msgs/include/nav2_msgs/nav2_msgs/srv/get_costmap.h
[1.584s] -- Up-to-date: /home/agilex/agilex_ws/install/nav2_msgs/include/nav2_msgs/nav2_msgs/srv/save_map.h
[1.585s] -- Up-to-date: /home/agilex/agilex_ws/install/nav2_msgs/include/nav2_msgs/nav2_msgs/msg
[1.585s] -- Up-to-date: /home/agilex/agilex_ws/install/nav2_msgs/include/nav2_msgs/nav2_msgs/msg/particle_cloud.h
[1.586s] -- Up-to-date: /home/agilex/agilex_ws/install/nav2_msgs/include/nav2_msgs/nav2_msgs/msg/costmap_meta_data.h
[1.586s] -- Up-to-date: /home/agilex/agilex_ws/install/nav2_msgs/include/nav2_msgs/nav2_msgs/msg/detail
[1.586s] -- Up-to-date: /home/agilex/agilex_ws/install/nav2_msgs/include/nav2_msgs/nav2_msgs/msg/detail/behavior_tree_status_change__functions.h
[1.586s] -- Up-to-date: /home/agilex/agilex_ws/install/nav2_msgs/include/nav2_msgs/nav2_msgs/msg/detail/behavior_tree_status_change__struct.h
[1.586s] -- Up-to-date: /home/agilex/agilex_ws/install/nav2_msgs/include/nav2_msgs/nav2_msgs/msg/detail/costmap__type_support.h
[1.587s] -- Up-to-date: /home/agilex/agilex_ws/install/nav2_msgs/include/nav2_msgs/nav2_msgs/msg/detail/particle__struct.h
[1.587s] -- Up-to-date: /home/agilex/agilex_ws/install/nav2_msgs/include/nav2_msgs/nav2_msgs/msg/detail/costmap_filter_info__functions.c
[1.587s] -- Up-to-date: /home/agilex/agilex_ws/install/nav2_msgs/include/nav2_msgs/nav2_msgs/msg/detail/particle__functions.h
[1.587s] -- Up-to-date: /home/agilex/agilex_ws/install/nav2_msgs/include/nav2_msgs/nav2_msgs/msg/detail/particle_cloud__functions.c
[1.587s] -- Up-to-date: /home/agilex/agilex_ws/install/nav2_msgs/include/nav2_msgs/nav2_msgs/msg/detail/behavior_tree_log__type_support.h
[1.588s] -- Up-to-date: /home/agilex/agilex_ws/install/nav2_msgs/include/nav2_msgs/nav2_msgs/msg/detail/costmap__functions.c
[1.588s] -- Up-to-date: /home/agilex/agilex_ws/install/nav2_msgs/include/nav2_msgs/nav2_msgs/msg/detail/particle__type_support.h
[1.588s] -- Up-to-date: /home/agilex/agilex_ws/install/nav2_msgs/include/nav2_msgs/nav2_msgs/msg/detail/voxel_grid__struct.h
[1.588s] -- Up-to-date: /home/agilex/agilex_ws/install/nav2_msgs/include/nav2_msgs/nav2_msgs/msg/detail/speed_limit__functions.c
[1.588s] -- Up-to-date: /home/agilex/agilex_ws/install/nav2_msgs/include/nav2_msgs/nav2_msgs/msg/detail/behavior_tree_log__functions.c
[1.588s] -- Up-to-date: /home/agilex/agilex_ws/install/nav2_msgs/include/nav2_msgs/nav2_msgs/msg/detail/costmap_meta_data__struct.h
[1.588s] -- Up-to-date: /home/agilex/agilex_ws/install/nav2_msgs/include/nav2_msgs/nav2_msgs/msg/detail/costmap_filter_info__type_support.h
[1.588s] -- Up-to-date: /home/agilex/agilex_ws/install/nav2_msgs/include/nav2_msgs/nav2_msgs/msg/detail/particle_cloud__functions.h
[1.588s] -- Up-to-date: /home/agilex/agilex_ws/install/nav2_msgs/include/nav2_msgs/nav2_msgs/msg/detail/costmap_meta_data__functions.h
[1.588s] -- Up-to-date: /home/agilex/agilex_ws/install/nav2_msgs/include/nav2_msgs/nav2_msgs/msg/detail/speed_limit__functions.h
[1.589s] -- Up-to-date: /home/agilex/agilex_ws/install/nav2_msgs/include/nav2_msgs/nav2_msgs/msg/detail/speed_limit__type_support.h
[1.589s] -- Up-to-date: /home/agilex/agilex_ws/install/nav2_msgs/include/nav2_msgs/nav2_msgs/msg/detail/behavior_tree_log__functions.h
[1.589s] -- Up-to-date: /home/agilex/agilex_ws/install/nav2_msgs/include/nav2_msgs/nav2_msgs/msg/detail/costmap__functions.h
[1.590s] -- Up-to-date: /home/agilex/agilex_ws/install/nav2_msgs/include/nav2_msgs/nav2_msgs/msg/detail/particle_cloud__type_support.h
[1.590s] -- Up-to-date: /home/agilex/agilex_ws/install/nav2_msgs/include/nav2_msgs/nav2_msgs/msg/detail/behavior_tree_status_change__functions.c
[1.590s] -- Up-to-date: /home/agilex/agilex_ws/install/nav2_msgs/include/nav2_msgs/nav2_msgs/msg/detail/costmap__struct.h
[1.590s] -- Up-to-date: /home/agilex/agilex_ws/install/nav2_msgs/include/nav2_msgs/nav2_msgs/msg/detail/voxel_grid__functions.c
[1.590s] -- Up-to-date: /home/agilex/agilex_ws/install/nav2_msgs/include/nav2_msgs/nav2_msgs/msg/detail/costmap_filter_info__functions.h
[1.590s] -- Up-to-date: /home/agilex/agilex_ws/install/nav2_msgs/include/nav2_msgs/nav2_msgs/msg/detail/costmap_meta_data__type_support.h
[1.590s] -- Up-to-date: /home/agilex/agilex_ws/install/nav2_msgs/include/nav2_msgs/nav2_msgs/msg/detail/behavior_tree_status_change__type_support.h
[1.590s] -- Up-to-date: /home/agilex/agilex_ws/install/nav2_msgs/include/nav2_msgs/nav2_msgs/msg/detail/costmap_meta_data__functions.c
[1.590s] -- Up-to-date: /home/agilex/agilex_ws/install/nav2_msgs/include/nav2_msgs/nav2_msgs/msg/detail/voxel_grid__functions.h
[1.591s] -- Up-to-date: /home/agilex/agilex_ws/install/nav2_msgs/include/nav2_msgs/nav2_msgs/msg/detail/particle_cloud__struct.h
[1.591s] -- Up-to-date: /home/agilex/agilex_ws/install/nav2_msgs/include/nav2_msgs/nav2_msgs/msg/detail/costmap_filter_info__struct.h
[1.591s] -- Up-to-date: /home/agilex/agilex_ws/install/nav2_msgs/include/nav2_msgs/nav2_msgs/msg/detail/speed_limit__struct.h
[1.591s] -- Up-to-date: /home/agilex/agilex_ws/install/nav2_msgs/include/nav2_msgs/nav2_msgs/msg/detail/voxel_grid__type_support.h
[1.592s] -- Up-to-date: /home/agilex/agilex_ws/install/nav2_msgs/include/nav2_msgs/nav2_msgs/msg/detail/behavior_tree_log__struct.h
[1.592s] -- Up-to-date: /home/agilex/agilex_ws/install/nav2_msgs/include/nav2_msgs/nav2_msgs/msg/detail/particle__functions.c
[1.592s] -- Up-to-date: /home/agilex/agilex_ws/install/nav2_msgs/include/nav2_msgs/nav2_msgs/msg/speed_limit.h
[1.592s] -- Up-to-date: /home/agilex/agilex_ws/install/nav2_msgs/include/nav2_msgs/nav2_msgs/msg/behavior_tree_log.h
[1.592s] -- Up-to-date: /home/agilex/agilex_ws/install/nav2_msgs/include/nav2_msgs/nav2_msgs/msg/particle.h
[1.592s] -- Up-to-date: /home/agilex/agilex_ws/install/nav2_msgs/include/nav2_msgs/nav2_msgs/msg/voxel_grid.h
[1.592s] -- Up-to-date: /home/agilex/agilex_ws/install/nav2_msgs/include/nav2_msgs/nav2_msgs/msg/costmap_filter_info.h
[1.592s] -- Up-to-date: /home/agilex/agilex_ws/install/nav2_msgs/include/nav2_msgs/nav2_msgs/msg/rosidl_generator_c__visibility_control.h
[1.592s] -- Up-to-date: /home/agilex/agilex_ws/install/nav2_msgs/include/nav2_msgs/nav2_msgs/msg/behavior_tree_status_change.h
[1.592s] -- Up-to-date: /home/agilex/agilex_ws/install/nav2_msgs/include/nav2_msgs/nav2_msgs/msg/costmap.h
[1.592s] -- Up-to-date: /home/agilex/agilex_ws/install/nav2_msgs/include/nav2_msgs/nav2_msgs/action
[1.592s] -- Up-to-date: /home/agilex/agilex_ws/install/nav2_msgs/include/nav2_msgs/nav2_msgs/action/navigate_through_poses.h
[1.593s] -- Up-to-date: /home/agilex/agilex_ws/install/nav2_msgs/include/nav2_msgs/nav2_msgs/action/smooth_path.h
[1.593s] -- Up-to-date: /home/agilex/agilex_ws/install/nav2_msgs/include/nav2_msgs/nav2_msgs/action/drive_on_heading.h
[1.593s] -- Up-to-date: /home/agilex/agilex_ws/install/nav2_msgs/include/nav2_msgs/nav2_msgs/action/follow_path.h
[1.593s] -- Up-to-date: /home/agilex/agilex_ws/install/nav2_msgs/include/nav2_msgs/nav2_msgs/action/follow_waypoints.h
[1.593s] -- Up-to-date: /home/agilex/agilex_ws/install/nav2_msgs/include/nav2_msgs/nav2_msgs/action/navigate_to_pose.h
[1.593s] -- Up-to-date: /home/agilex/agilex_ws/install/nav2_msgs/include/nav2_msgs/nav2_msgs/action/detail
[1.593s] -- Up-to-date: /home/agilex/agilex_ws/install/nav2_msgs/include/nav2_msgs/nav2_msgs/action/detail/drive_on_heading__functions.c
[1.593s] -- Up-to-date: /home/agilex/agilex_ws/install/nav2_msgs/include/nav2_msgs/nav2_msgs/action/detail/spin__functions.h
[1.593s] -- Up-to-date: /home/agilex/agilex_ws/install/nav2_msgs/include/nav2_msgs/nav2_msgs/action/detail/compute_path_to_pose__functions.c
[1.593s] -- Up-to-date: /home/agilex/agilex_ws/install/nav2_msgs/include/nav2_msgs/nav2_msgs/action/detail/drive_on_heading__functions.h
[1.593s] -- Up-to-date: /home/agilex/agilex_ws/install/nav2_msgs/include/nav2_msgs/nav2_msgs/action/detail/compute_path_through_poses__functions.h
[1.594s] -- Up-to-date: /home/agilex/agilex_ws/install/nav2_msgs/include/nav2_msgs/nav2_msgs/action/detail/compute_path_through_poses__type_support.h
[1.594s] -- Up-to-date: /home/agilex/agilex_ws/install/nav2_msgs/include/nav2_msgs/nav2_msgs/action/detail/follow_waypoints__struct.h
[1.594s] -- Up-to-date: /home/agilex/agilex_ws/install/nav2_msgs/include/nav2_msgs/nav2_msgs/action/detail/wait__type_support.h
[1.594s] -- Up-to-date: /home/agilex/agilex_ws/install/nav2_msgs/include/nav2_msgs/nav2_msgs/action/detail/smooth_path__type_support.h
[1.594s] -- Up-to-date: /home/agilex/agilex_ws/install/nav2_msgs/include/nav2_msgs/nav2_msgs/action/detail/navigate_to_pose__functions.c
[1.594s] -- Up-to-date: /home/agilex/agilex_ws/install/nav2_msgs/include/nav2_msgs/nav2_msgs/action/detail/spin__struct.h
[1.594s] -- Up-to-date: /home/agilex/agilex_ws/install/nav2_msgs/include/nav2_msgs/nav2_msgs/action/detail/dummy_behavior__type_support.h
[1.594s] -- Up-to-date: /home/agilex/agilex_ws/install/nav2_msgs/include/nav2_msgs/nav2_msgs/action/detail/follow_waypoints__type_support.h
[1.594s] -- Up-to-date: /home/agilex/agilex_ws/install/nav2_msgs/include/nav2_msgs/nav2_msgs/action/detail/navigate_to_pose__functions.h
[1.594s] -- Up-to-date: /home/agilex/agilex_ws/install/nav2_msgs/include/nav2_msgs/nav2_msgs/action/detail/compute_path_to_pose__struct.h
[1.594s] -- Up-to-date: /home/agilex/agilex_ws/install/nav2_msgs/include/nav2_msgs/nav2_msgs/action/detail/dummy_behavior__functions.h
[1.594s] -- Up-to-date: /home/agilex/agilex_ws/install/nav2_msgs/include/nav2_msgs/nav2_msgs/action/detail/smooth_path__functions.h
[1.595s] -- Up-to-date: /home/agilex/agilex_ws/install/nav2_msgs/include/nav2_msgs/nav2_msgs/action/detail/navigate_through_poses__functions.c
[1.595s] -- Up-to-date: /home/agilex/agilex_ws/install/nav2_msgs/include/nav2_msgs/nav2_msgs/action/detail/follow_path__functions.h
[1.595s] -- Up-to-date: /home/agilex/agilex_ws/install/nav2_msgs/include/nav2_msgs/nav2_msgs/action/detail/wait__functions.c
[1.595s] -- Up-to-date: /home/agilex/agilex_ws/install/nav2_msgs/include/nav2_msgs/nav2_msgs/action/detail/spin__type_support.h
[1.595s] -- Up-to-date: /home/agilex/agilex_ws/install/nav2_msgs/include/nav2_msgs/nav2_msgs/action/detail/follow_waypoints__functions.h
[1.595s] -- Up-to-date: /home/agilex/agilex_ws/install/nav2_msgs/include/nav2_msgs/nav2_msgs/action/detail/follow_waypoints__functions.c
[1.595s] -- Up-to-date: /home/agilex/agilex_ws/install/nav2_msgs/include/nav2_msgs/nav2_msgs/action/detail/dummy_behavior__functions.c
[1.595s] -- Up-to-date: /home/agilex/agilex_ws/install/nav2_msgs/include/nav2_msgs/nav2_msgs/action/detail/compute_path_through_poses__functions.c
[1.595s] -- Up-to-date: /home/agilex/agilex_ws/install/nav2_msgs/include/nav2_msgs/nav2_msgs/action/detail/compute_path_through_poses__struct.h
[1.595s] -- Up-to-date: /home/agilex/agilex_ws/install/nav2_msgs/include/nav2_msgs/nav2_msgs/action/detail/compute_path_to_pose__functions.h
[1.595s] -- Up-to-date: /home/agilex/agilex_ws/install/nav2_msgs/include/nav2_msgs/nav2_msgs/action/detail/wait__functions.h
[1.595s] -- Up-to-date: /home/agilex/agilex_ws/install/nav2_msgs/include/nav2_msgs/nav2_msgs/action/detail/spin__functions.c
[1.596s] -- Up-to-date: /home/agilex/agilex_ws/install/nav2_msgs/include/nav2_msgs/nav2_msgs/action/detail/navigate_through_poses__struct.h
[1.596s] -- Up-to-date: /home/agilex/agilex_ws/install/nav2_msgs/include/nav2_msgs/nav2_msgs/action/detail/drive_on_heading__type_support.h
[1.596s] -- Up-to-date: /home/agilex/agilex_ws/install/nav2_msgs/include/nav2_msgs/nav2_msgs/action/detail/back_up__struct.h
[1.596s] -- Up-to-date: /home/agilex/agilex_ws/install/nav2_msgs/include/nav2_msgs/nav2_msgs/action/detail/navigate_to_pose__type_support.h
[1.596s] -- Up-to-date: /home/agilex/agilex_ws/install/nav2_msgs/include/nav2_msgs/nav2_msgs/action/detail/back_up__functions.h
[1.596s] -- Up-to-date: /home/agilex/agilex_ws/install/nav2_msgs/include/nav2_msgs/nav2_msgs/action/detail/dummy_behavior__struct.h
[1.596s] -- Up-to-date: /home/agilex/agilex_ws/install/nav2_msgs/include/nav2_msgs/nav2_msgs/action/detail/wait__struct.h
[1.596s] -- Up-to-date: /home/agilex/agilex_ws/install/nav2_msgs/include/nav2_msgs/nav2_msgs/action/detail/follow_path__struct.h
[1.596s] -- Up-to-date: /home/agilex/agilex_ws/install/nav2_msgs/include/nav2_msgs/nav2_msgs/action/detail/compute_path_to_pose__type_support.h
[1.596s] -- Up-to-date: /home/agilex/agilex_ws/install/nav2_msgs/include/nav2_msgs/nav2_msgs/action/detail/back_up__functions.c
[1.596s] -- Up-to-date: /home/agilex/agilex_ws/install/nav2_msgs/include/nav2_msgs/nav2_msgs/action/detail/smooth_path__struct.h
[1.596s] -- Up-to-date: /home/agilex/agilex_ws/install/nav2_msgs/include/nav2_msgs/nav2_msgs/action/detail/follow_path__functions.c
[1.596s] -- Up-to-date: /home/agilex/agilex_ws/install/nav2_msgs/include/nav2_msgs/nav2_msgs/action/detail/navigate_through_poses__functions.h
[1.596s] -- Up-to-date: /home/agilex/agilex_ws/install/nav2_msgs/include/nav2_msgs/nav2_msgs/action/detail/navigate_to_pose__struct.h
[1.596s] -- Up-to-date: /home/agilex/agilex_ws/install/nav2_msgs/include/nav2_msgs/nav2_msgs/action/detail/navigate_through_poses__type_support.h
[1.597s] -- Up-to-date: /home/agilex/agilex_ws/install/nav2_msgs/include/nav2_msgs/nav2_msgs/action/detail/drive_on_heading__struct.h
[1.597s] -- Up-to-date: /home/agilex/agilex_ws/install/nav2_msgs/include/nav2_msgs/nav2_msgs/action/detail/back_up__type_support.h
[1.597s] -- Up-to-date: /home/agilex/agilex_ws/install/nav2_msgs/include/nav2_msgs/nav2_msgs/action/detail/follow_path__type_support.h
[1.597s] -- Up-to-date: /home/agilex/agilex_ws/install/nav2_msgs/include/nav2_msgs/nav2_msgs/action/detail/smooth_path__functions.c
[1.597s] -- Up-to-date: /home/agilex/agilex_ws/install/nav2_msgs/include/nav2_msgs/nav2_msgs/action/back_up.h
[1.597s] -- Up-to-date: /home/agilex/agilex_ws/install/nav2_msgs/include/nav2_msgs/nav2_msgs/action/dummy_behavior.h
[1.597s] -- Up-to-date: /home/agilex/agilex_ws/install/nav2_msgs/include/nav2_msgs/nav2_msgs/action/wait.h
[1.597s] -- Up-to-date: /home/agilex/agilex_ws/install/nav2_msgs/include/nav2_msgs/nav2_msgs/action/spin.h
[1.597s] -- Up-to-date: /home/agilex/agilex_ws/install/nav2_msgs/include/nav2_msgs/nav2_msgs/action/compute_path_through_poses.h
[1.597s] -- Up-to-date: /home/agilex/agilex_ws/install/nav2_msgs/include/nav2_msgs/nav2_msgs/action/compute_path_to_pose.h
[1.597s] -- Up-to-date: /home/agilex/agilex_ws/install/nav2_msgs/share/nav2_msgs/environment/library_path.sh
[1.597s] -- Up-to-date: /home/agilex/agilex_ws/install/nav2_msgs/share/nav2_msgs/environment/library_path.dsv
[1.597s] -- Up-to-date: /home/agilex/agilex_ws/install/nav2_msgs/lib/libnav2_msgs__rosidl_generator_c.so
[1.597s] -- Up-to-date: /home/agilex/agilex_ws/install/nav2_msgs/include/nav2_msgs/nav2_msgs
[1.597s] -- Up-to-date: /home/agilex/agilex_ws/install/nav2_msgs/include/nav2_msgs/nav2_msgs/srv
[1.598s] -- Up-to-date: /home/agilex/agilex_ws/install/nav2_msgs/include/nav2_msgs/nav2_msgs/srv/detail
[1.598s] -- Up-to-date: /home/agilex/agilex_ws/install/nav2_msgs/include/nav2_msgs/nav2_msgs/srv/detail/clear_costmap_around_robot__rosidl_typesupport_fastrtps_c.h
[1.598s] -- Up-to-date: /home/agilex/agilex_ws/install/nav2_msgs/include/nav2_msgs/nav2_msgs/srv/detail/clear_entire_costmap__rosidl_typesupport_fastrtps_c.h
[1.598s] -- Up-to-date: /home/agilex/agilex_ws/install/nav2_msgs/include/nav2_msgs/nav2_msgs/srv/detail/get_costmap__rosidl_typesupport_fastrtps_c.h
[1.598s] -- Up-to-date: /home/agilex/agilex_ws/install/nav2_msgs/include/nav2_msgs/nav2_msgs/srv/detail/load_map__rosidl_typesupport_fastrtps_c.h
[1.598s] -- Up-to-date: /home/agilex/agilex_ws/install/nav2_msgs/include/nav2_msgs/nav2_msgs/srv/detail/clear_costmap_except_region__rosidl_typesupport_fastrtps_c.h
[1.598s] -- Up-to-date: /home/agilex/agilex_ws/install/nav2_msgs/include/nav2_msgs/nav2_msgs/srv/detail/is_path_valid__rosidl_typesupport_fastrtps_c.h
[1.598s] -- Up-to-date: /home/agilex/agilex_ws/install/nav2_msgs/include/nav2_msgs/nav2_msgs/srv/detail/manage_lifecycle_nodes__rosidl_typesupport_fastrtps_c.h
[1.598s] -- Up-to-date: /home/agilex/agilex_ws/install/nav2_msgs/include/nav2_msgs/nav2_msgs/srv/detail/save_map__rosidl_typesupport_fastrtps_c.h
[1.598s] -- Up-to-date: /home/agilex/agilex_ws/install/nav2_msgs/include/nav2_msgs/nav2_msgs/msg
[1.598s] -- Up-to-date: /home/agilex/agilex_ws/install/nav2_msgs/include/nav2_msgs/nav2_msgs/msg/rosidl_typesupport_fastrtps_c__visibility_control.h
[1.598s] -- Up-to-date: /home/agilex/agilex_ws/install/nav2_msgs/include/nav2_msgs/nav2_msgs/msg/detail
[1.599s] -- Up-to-date: /home/agilex/agilex_ws/install/nav2_msgs/include/nav2_msgs/nav2_msgs/msg/detail/costmap__rosidl_typesupport_fastrtps_c.h
[1.599s] -- Up-to-date: /home/agilex/agilex_ws/install/nav2_msgs/include/nav2_msgs/nav2_msgs/msg/detail/behavior_tree_log__rosidl_typesupport_fastrtps_c.h
[1.599s] -- Up-to-date: /home/agilex/agilex_ws/install/nav2_msgs/include/nav2_msgs/nav2_msgs/msg/detail/particle_cloud__rosidl_typesupport_fastrtps_c.h
[1.599s] -- Up-to-date: /home/agilex/agilex_ws/install/nav2_msgs/include/nav2_msgs/nav2_msgs/msg/detail/voxel_grid__rosidl_typesupport_fastrtps_c.h
[1.599s] -- Up-to-date: /home/agilex/agilex_ws/install/nav2_msgs/include/nav2_msgs/nav2_msgs/msg/detail/behavior_tree_status_change__rosidl_typesupport_fastrtps_c.h
[1.599s] -- Up-to-date: /home/agilex/agilex_ws/install/nav2_msgs/include/nav2_msgs/nav2_msgs/msg/detail/speed_limit__rosidl_typesupport_fastrtps_c.h
[1.599s] -- Up-to-date: /home/agilex/agilex_ws/install/nav2_msgs/include/nav2_msgs/nav2_msgs/msg/detail/particle__rosidl_typesupport_fastrtps_c.h
[1.599s] -- Up-to-date: /home/agilex/agilex_ws/install/nav2_msgs/include/nav2_msgs/nav2_msgs/msg/detail/costmap_filter_info__rosidl_typesupport_fastrtps_c.h
[1.599s] -- Up-to-date: /home/agilex/agilex_ws/install/nav2_msgs/include/nav2_msgs/nav2_msgs/msg/detail/costmap_meta_data__rosidl_typesupport_fastrtps_c.h
[1.599s] -- Up-to-date: /home/agilex/agilex_ws/install/nav2_msgs/include/nav2_msgs/nav2_msgs/action
[1.599s] -- Up-to-date: /home/agilex/agilex_ws/install/nav2_msgs/include/nav2_msgs/nav2_msgs/action/detail
[1.599s] -- Up-to-date: /home/agilex/agilex_ws/install/nav2_msgs/include/nav2_msgs/nav2_msgs/action/detail/navigate_to_pose__rosidl_typesupport_fastrtps_c.h
[1.599s] -- Up-to-date: /home/agilex/agilex_ws/install/nav2_msgs/include/nav2_msgs/nav2_msgs/action/detail/wait__rosidl_typesupport_fastrtps_c.h
[1.599s] -- Up-to-date: /home/agilex/agilex_ws/install/nav2_msgs/include/nav2_msgs/nav2_msgs/action/detail/drive_on_heading__rosidl_typesupport_fastrtps_c.h
[1.599s] -- Up-to-date: /home/agilex/agilex_ws/install/nav2_msgs/include/nav2_msgs/nav2_msgs/action/detail/compute_path_through_poses__rosidl_typesupport_fastrtps_c.h
[1.600s] -- Up-to-date: /home/agilex/agilex_ws/install/nav2_msgs/include/nav2_msgs/nav2_msgs/action/detail/spin__rosidl_typesupport_fastrtps_c.h
[1.600s] -- Up-to-date: /home/agilex/agilex_ws/install/nav2_msgs/include/nav2_msgs/nav2_msgs/action/detail/smooth_path__rosidl_typesupport_fastrtps_c.h
[1.600s] -- Up-to-date: /home/agilex/agilex_ws/install/nav2_msgs/include/nav2_msgs/nav2_msgs/action/detail/compute_path_to_pose__rosidl_typesupport_fastrtps_c.h
[1.600s] -- Up-to-date: /home/agilex/agilex_ws/install/nav2_msgs/include/nav2_msgs/nav2_msgs/action/detail/follow_path__rosidl_typesupport_fastrtps_c.h
[1.600s] -- Up-to-date: /home/agilex/agilex_ws/install/nav2_msgs/include/nav2_msgs/nav2_msgs/action/detail/follow_waypoints__rosidl_typesupport_fastrtps_c.h
[1.600s] -- Up-to-date: /home/agilex/agilex_ws/install/nav2_msgs/include/nav2_msgs/nav2_msgs/action/detail/back_up__rosidl_typesupport_fastrtps_c.h
[1.600s] -- Up-to-date: /home/agilex/agilex_ws/install/nav2_msgs/include/nav2_msgs/nav2_msgs/action/detail/dummy_behavior__rosidl_typesupport_fastrtps_c.h
[1.600s] -- Up-to-date: /home/agilex/agilex_ws/install/nav2_msgs/include/nav2_msgs/nav2_msgs/action/detail/navigate_through_poses__rosidl_typesupport_fastrtps_c.h
[1.600s] -- Up-to-date: /home/agilex/agilex_ws/install/nav2_msgs/lib/libnav2_msgs__rosidl_typesupport_fastrtps_c.so
[1.600s] -- Up-to-date: /home/agilex/agilex_ws/install/nav2_msgs/include/nav2_msgs/nav2_msgs
[1.600s] -- Up-to-date: /home/agilex/agilex_ws/install/nav2_msgs/include/nav2_msgs/nav2_msgs/srv
[1.600s] -- Up-to-date: /home/agilex/agilex_ws/install/nav2_msgs/include/nav2_msgs/nav2_msgs/srv/save_map.hpp
[1.600s] -- Up-to-date: /home/agilex/agilex_ws/install/nav2_msgs/include/nav2_msgs/nav2_msgs/srv/load_map.hpp
[1.600s] -- Up-to-date: /home/agilex/agilex_ws/install/nav2_msgs/include/nav2_msgs/nav2_msgs/srv/detail
[1.601s] -- Up-to-date: /home/agilex/agilex_ws/install/nav2_msgs/include/nav2_msgs/nav2_msgs/srv/detail/is_path_valid__traits.hpp
[1.601s] -- Up-to-date: /home/agilex/agilex_ws/install/nav2_msgs/include/nav2_msgs/nav2_msgs/srv/detail/clear_costmap_except_region__traits.hpp
[1.601s] -- Up-to-date: /home/agilex/agilex_ws/install/nav2_msgs/include/nav2_msgs/nav2_msgs/srv/detail/load_map__struct.hpp
[1.601s] -- Up-to-date: /home/agilex/agilex_ws/install/nav2_msgs/include/nav2_msgs/nav2_msgs/srv/detail/clear_entire_costmap__struct.hpp
[1.601s] -- Up-to-date: /home/agilex/agilex_ws/install/nav2_msgs/include/nav2_msgs/nav2_msgs/srv/detail/is_path_valid__builder.hpp
[1.601s] -- Up-to-date: /home/agilex/agilex_ws/install/nav2_msgs/include/nav2_msgs/nav2_msgs/srv/detail/manage_lifecycle_nodes__builder.hpp
[1.601s] -- Up-to-date: /home/agilex/agilex_ws/install/nav2_msgs/include/nav2_msgs/nav2_msgs/srv/detail/clear_costmap_around_robot__traits.hpp
[1.601s] -- Up-to-date: /home/agilex/agilex_ws/install/nav2_msgs/include/nav2_msgs/nav2_msgs/srv/detail/save_map__struct.hpp
[1.601s] -- Up-to-date: /home/agilex/agilex_ws/install/nav2_msgs/include/nav2_msgs/nav2_msgs/srv/detail/clear_entire_costmap__traits.hpp
[1.601s] -- Up-to-date: /home/agilex/agilex_ws/install/nav2_msgs/include/nav2_msgs/nav2_msgs/srv/detail/clear_entire_costmap__builder.hpp
[1.601s] -- Up-to-date: /home/agilex/agilex_ws/install/nav2_msgs/include/nav2_msgs/nav2_msgs/srv/detail/clear_costmap_around_robot__struct.hpp
[1.601s] -- Up-to-date: /home/agilex/agilex_ws/install/nav2_msgs/include/nav2_msgs/nav2_msgs/srv/detail/get_costmap__struct.hpp
[1.601s] -- Up-to-date: /home/agilex/agilex_ws/install/nav2_msgs/include/nav2_msgs/nav2_msgs/srv/detail/clear_costmap_except_region__builder.hpp
[1.601s] -- Up-to-date: /home/agilex/agilex_ws/install/nav2_msgs/include/nav2_msgs/nav2_msgs/srv/detail/load_map__traits.hpp
[1.601s] -- Up-to-date: /home/agilex/agilex_ws/install/nav2_msgs/include/nav2_msgs/nav2_msgs/srv/detail/save_map__builder.hpp
[1.602s] -- Up-to-date: /home/agilex/agilex_ws/install/nav2_msgs/include/nav2_msgs/nav2_msgs/srv/detail/manage_lifecycle_nodes__struct.hpp
[1.602s] -- Up-to-date: /home/agilex/agilex_ws/install/nav2_msgs/include/nav2_msgs/nav2_msgs/srv/detail/clear_costmap_around_robot__builder.hpp
[1.602s] -- Up-to-date: /home/agilex/agilex_ws/install/nav2_msgs/include/nav2_msgs/nav2_msgs/srv/detail/load_map__builder.hpp
[1.602s] -- Up-to-date: /home/agilex/agilex_ws/install/nav2_msgs/include/nav2_msgs/nav2_msgs/srv/detail/get_costmap__traits.hpp
[1.602s] -- Up-to-date: /home/agilex/agilex_ws/install/nav2_msgs/include/nav2_msgs/nav2_msgs/srv/detail/save_map__traits.hpp
[1.602s] -- Up-to-date: /home/agilex/agilex_ws/install/nav2_msgs/include/nav2_msgs/nav2_msgs/srv/detail/get_costmap__builder.hpp
[1.602s] -- Up-to-date: /home/agilex/agilex_ws/install/nav2_msgs/include/nav2_msgs/nav2_msgs/srv/detail/clear_costmap_except_region__struct.hpp
[1.602s] -- Up-to-date: /home/agilex/agilex_ws/install/nav2_msgs/include/nav2_msgs/nav2_msgs/srv/detail/manage_lifecycle_nodes__traits.hpp
[1.602s] -- Up-to-date: /home/agilex/agilex_ws/install/nav2_msgs/include/nav2_msgs/nav2_msgs/srv/detail/is_path_valid__struct.hpp
[1.602s] -- Up-to-date: /home/agilex/agilex_ws/install/nav2_msgs/include/nav2_msgs/nav2_msgs/srv/get_costmap.hpp
[1.602s] -- Up-to-date: /home/agilex/agilex_ws/install/nav2_msgs/include/nav2_msgs/nav2_msgs/srv/clear_entire_costmap.hpp
[1.602s] -- Up-to-date: /home/agilex/agilex_ws/install/nav2_msgs/include/nav2_msgs/nav2_msgs/srv/clear_costmap_except_region.hpp
[1.602s] -- Up-to-date: /home/agilex/agilex_ws/install/nav2_msgs/include/nav2_msgs/nav2_msgs/srv/manage_lifecycle_nodes.hpp
[1.602s] -- Up-to-date: /home/agilex/agilex_ws/install/nav2_msgs/include/nav2_msgs/nav2_msgs/srv/is_path_valid.hpp
[1.603s] -- Up-to-date: /home/agilex/agilex_ws/install/nav2_msgs/include/nav2_msgs/nav2_msgs/srv/clear_costmap_around_robot.hpp
[1.603s] -- Up-to-date: /home/agilex/agilex_ws/install/nav2_msgs/include/nav2_msgs/nav2_msgs/msg
[1.603s] -- Up-to-date: /home/agilex/agilex_ws/install/nav2_msgs/include/nav2_msgs/nav2_msgs/msg/behavior_tree_status_change.hpp
[1.603s] -- Up-to-date: /home/agilex/agilex_ws/install/nav2_msgs/include/nav2_msgs/nav2_msgs/msg/costmap_filter_info.hpp
[1.603s] -- Up-to-date: /home/agilex/agilex_ws/install/nav2_msgs/include/nav2_msgs/nav2_msgs/msg/costmap_meta_data.hpp
[1.603s] -- Up-to-date: /home/agilex/agilex_ws/install/nav2_msgs/include/nav2_msgs/nav2_msgs/msg/voxel_grid.hpp
[1.603s] -- Up-to-date: /home/agilex/agilex_ws/install/nav2_msgs/include/nav2_msgs/nav2_msgs/msg/speed_limit.hpp
[1.603s] -- Up-to-date: /home/agilex/agilex_ws/install/nav2_msgs/include/nav2_msgs/nav2_msgs/msg/particle_cloud.hpp
[1.603s] -- Up-to-date: /home/agilex/agilex_ws/install/nav2_msgs/include/nav2_msgs/nav2_msgs/msg/detail
[1.603s] -- Up-to-date: /home/agilex/agilex_ws/install/nav2_msgs/include/nav2_msgs/nav2_msgs/msg/detail/particle_cloud__traits.hpp
[1.603s] -- Up-to-date: /home/agilex/agilex_ws/install/nav2_msgs/include/nav2_msgs/nav2_msgs/msg/detail/speed_limit__builder.hpp
[1.603s] -- Up-to-date: /home/agilex/agilex_ws/install/nav2_msgs/include/nav2_msgs/nav2_msgs/msg/detail/costmap_meta_data__traits.hpp
[1.603s] -- Up-to-date: /home/agilex/agilex_ws/install/nav2_msgs/include/nav2_msgs/nav2_msgs/msg/detail/costmap__builder.hpp
[1.603s] -- Up-to-date: /home/agilex/agilex_ws/install/nav2_msgs/include/nav2_msgs/nav2_msgs/msg/detail/particle__builder.hpp
[1.603s] -- Up-to-date: /home/agilex/agilex_ws/install/nav2_msgs/include/nav2_msgs/nav2_msgs/msg/detail/voxel_grid__struct.hpp
[1.603s] -- Up-to-date: /home/agilex/agilex_ws/install/nav2_msgs/include/nav2_msgs/nav2_msgs/msg/detail/behavior_tree_log__struct.hpp
[1.604s] -- Up-to-date: /home/agilex/agilex_ws/install/nav2_msgs/include/nav2_msgs/nav2_msgs/msg/detail/voxel_grid__builder.hpp
[1.604s] -- Up-to-date: /home/agilex/agilex_ws/install/nav2_msgs/include/nav2_msgs/nav2_msgs/msg/detail/costmap__struct.hpp
[1.604s] -- Up-to-date: /home/agilex/agilex_ws/install/nav2_msgs/include/nav2_msgs/nav2_msgs/msg/detail/costmap_filter_info__struct.hpp
[1.604s] -- Up-to-date: /home/agilex/agilex_ws/install/nav2_msgs/include/nav2_msgs/nav2_msgs/msg/detail/costmap__traits.hpp
[1.604s] -- Up-to-date: /home/agilex/agilex_ws/install/nav2_msgs/include/nav2_msgs/nav2_msgs/msg/detail/costmap_filter_info__builder.hpp
[1.604s] -- Up-to-date: /home/agilex/agilex_ws/install/nav2_msgs/include/nav2_msgs/nav2_msgs/msg/detail/behavior_tree_status_change__struct.hpp
[1.604s] -- Up-to-date: /home/agilex/agilex_ws/install/nav2_msgs/include/nav2_msgs/nav2_msgs/msg/detail/particle_cloud__builder.hpp
[1.604s] -- Up-to-date: /home/agilex/agilex_ws/install/nav2_msgs/include/nav2_msgs/nav2_msgs/msg/detail/particle__traits.hpp
[1.604s] -- Up-to-date: /home/agilex/agilex_ws/install/nav2_msgs/include/nav2_msgs/nav2_msgs/msg/detail/behavior_tree_status_change__traits.hpp
[1.604s] -- Up-to-date: /home/agilex/agilex_ws/install/nav2_msgs/include/nav2_msgs/nav2_msgs/msg/detail/particle_cloud__struct.hpp
[1.604s] -- Up-to-date: /home/agilex/agilex_ws/install/nav2_msgs/include/nav2_msgs/nav2_msgs/msg/detail/behavior_tree_log__builder.hpp
[1.604s] -- Up-to-date: /home/agilex/agilex_ws/install/nav2_msgs/include/nav2_msgs/nav2_msgs/msg/detail/costmap_meta_data__builder.hpp
[1.604s] -- Up-to-date: /home/agilex/agilex_ws/install/nav2_msgs/include/nav2_msgs/nav2_msgs/msg/detail/speed_limit__traits.hpp
[1.604s] -- Up-to-date: /home/agilex/agilex_ws/install/nav2_msgs/include/nav2_msgs/nav2_msgs/msg/detail/behavior_tree_log__traits.hpp
[1.605s] -- Up-to-date: /home/agilex/agilex_ws/install/nav2_msgs/include/nav2_msgs/nav2_msgs/msg/detail/speed_limit__struct.hpp
[1.605s] -- Up-to-date: /home/agilex/agilex_ws/install/nav2_msgs/include/nav2_msgs/nav2_msgs/msg/detail/costmap_filter_info__traits.hpp
[1.605s] -- Up-to-date: /home/agilex/agilex_ws/install/nav2_msgs/include/nav2_msgs/nav2_msgs/msg/detail/costmap_meta_data__struct.hpp
[1.605s] -- Up-to-date: /home/agilex/agilex_ws/install/nav2_msgs/include/nav2_msgs/nav2_msgs/msg/detail/particle__struct.hpp
[1.605s] -- Up-to-date: /home/agilex/agilex_ws/install/nav2_msgs/include/nav2_msgs/nav2_msgs/msg/detail/voxel_grid__traits.hpp
[1.605s] -- Up-to-date: /home/agilex/agilex_ws/install/nav2_msgs/include/nav2_msgs/nav2_msgs/msg/detail/behavior_tree_status_change__builder.hpp
[1.605s] -- Up-to-date: /home/agilex/agilex_ws/install/nav2_msgs/include/nav2_msgs/nav2_msgs/msg/behavior_tree_log.hpp
[1.605s] -- Up-to-date: /home/agilex/agilex_ws/install/nav2_msgs/include/nav2_msgs/nav2_msgs/msg/particle.hpp
[1.605s] -- Up-to-date: /home/agilex/agilex_ws/install/nav2_msgs/include/nav2_msgs/nav2_msgs/msg/costmap.hpp
[1.605s] -- Up-to-date: /home/agilex/agilex_ws/install/nav2_msgs/include/nav2_msgs/nav2_msgs/action
[1.605s] -- Up-to-date: /home/agilex/agilex_ws/install/nav2_msgs/include/nav2_msgs/nav2_msgs/action/follow_waypoints.hpp
[1.605s] -- Up-to-date: /home/agilex/agilex_ws/install/nav2_msgs/include/nav2_msgs/nav2_msgs/action/smooth_path.hpp
[1.605s] -- Up-to-date: /home/agilex/agilex_ws/install/nav2_msgs/include/nav2_msgs/nav2_msgs/action/wait.hpp
[1.605s] -- Up-to-date: /home/agilex/agilex_ws/install/nav2_msgs/include/nav2_msgs/nav2_msgs/action/compute_path_through_poses.hpp
[1.605s] -- Up-to-date: /home/agilex/agilex_ws/install/nav2_msgs/include/nav2_msgs/nav2_msgs/action/detail
[1.606s] -- Up-to-date: /home/agilex/agilex_ws/install/nav2_msgs/include/nav2_msgs/nav2_msgs/action/detail/spin__builder.hpp
[1.606s] -- Up-to-date: /home/agilex/agilex_ws/install/nav2_msgs/include/nav2_msgs/nav2_msgs/action/detail/navigate_to_pose__struct.hpp
[1.606s] -- Up-to-date: /home/agilex/agilex_ws/install/nav2_msgs/include/nav2_msgs/nav2_msgs/action/detail/follow_waypoints__struct.hpp
[1.606s] -- Up-to-date: /home/agilex/agilex_ws/install/nav2_msgs/include/nav2_msgs/nav2_msgs/action/detail/back_up__traits.hpp
[1.606s] -- Up-to-date: /home/agilex/agilex_ws/install/nav2_msgs/include/nav2_msgs/nav2_msgs/action/detail/wait__struct.hpp
[1.606s] -- Up-to-date: /home/agilex/agilex_ws/install/nav2_msgs/include/nav2_msgs/nav2_msgs/action/detail/drive_on_heading__builder.hpp
[1.606s] -- Up-to-date: /home/agilex/agilex_ws/install/nav2_msgs/include/nav2_msgs/nav2_msgs/action/detail/drive_on_heading__traits.hpp
[1.606s] -- Up-to-date: /home/agilex/agilex_ws/install/nav2_msgs/include/nav2_msgs/nav2_msgs/action/detail/follow_path__struct.hpp
[1.606s] -- Up-to-date: /home/agilex/agilex_ws/install/nav2_msgs/include/nav2_msgs/nav2_msgs/action/detail/smooth_path__builder.hpp
[1.606s] -- Up-to-date: /home/agilex/agilex_ws/install/nav2_msgs/include/nav2_msgs/nav2_msgs/action/detail/navigate_to_pose__traits.hpp
[1.606s] -- Up-to-date: /home/agilex/agilex_ws/install/nav2_msgs/include/nav2_msgs/nav2_msgs/action/detail/compute_path_through_poses__traits.hpp
[1.606s] -- Up-to-date: /home/agilex/agilex_ws/install/nav2_msgs/include/nav2_msgs/nav2_msgs/action/detail/smooth_path__struct.hpp
[1.606s] -- Up-to-date: /home/agilex/agilex_ws/install/nav2_msgs/include/nav2_msgs/nav2_msgs/action/detail/spin__traits.hpp
[1.606s] -- Up-to-date: /home/agilex/agilex_ws/install/nav2_msgs/include/nav2_msgs/nav2_msgs/action/detail/wait__builder.hpp
[1.606s] -- Up-to-date: /home/agilex/agilex_ws/install/nav2_msgs/include/nav2_msgs/nav2_msgs/action/detail/follow_path__builder.hpp
[1.607s] -- Up-to-date: /home/agilex/agilex_ws/install/nav2_msgs/include/nav2_msgs/nav2_msgs/action/detail/follow_waypoints__builder.hpp
[1.607s] -- Up-to-date: /home/agilex/agilex_ws/install/nav2_msgs/include/nav2_msgs/nav2_msgs/action/detail/compute_path_through_poses__builder.hpp
[1.607s] -- Up-to-date: /home/agilex/agilex_ws/install/nav2_msgs/include/nav2_msgs/nav2_msgs/action/detail/spin__struct.hpp
[1.607s] -- Up-to-date: /home/agilex/agilex_ws/install/nav2_msgs/include/nav2_msgs/nav2_msgs/action/detail/navigate_through_poses__builder.hpp
[1.607s] -- Up-to-date: /home/agilex/agilex_ws/install/nav2_msgs/include/nav2_msgs/nav2_msgs/action/detail/compute_path_to_pose__builder.hpp
[1.607s] -- Up-to-date: /home/agilex/agilex_ws/install/nav2_msgs/include/nav2_msgs/nav2_msgs/action/detail/dummy_behavior__builder.hpp
[1.607s] -- Up-to-date: /home/agilex/agilex_ws/install/nav2_msgs/include/nav2_msgs/nav2_msgs/action/detail/smooth_path__traits.hpp
[1.607s] -- Up-to-date: /home/agilex/agilex_ws/install/nav2_msgs/include/nav2_msgs/nav2_msgs/action/detail/back_up__struct.hpp
[1.607s] -- Up-to-date: /home/agilex/agilex_ws/install/nav2_msgs/include/nav2_msgs/nav2_msgs/action/detail/drive_on_heading__struct.hpp
[1.607s] -- Up-to-date: /home/agilex/agilex_ws/install/nav2_msgs/include/nav2_msgs/nav2_msgs/action/detail/follow_path__traits.hpp
[1.607s] -- Up-to-date: /home/agilex/agilex_ws/install/nav2_msgs/include/nav2_msgs/nav2_msgs/action/detail/dummy_behavior__struct.hpp
[1.607s] -- Up-to-date: /home/agilex/agilex_ws/install/nav2_msgs/include/nav2_msgs/nav2_msgs/action/detail/compute_path_to_pose__struct.hpp
[1.607s] -- Up-to-date: /home/agilex/agilex_ws/install/nav2_msgs/include/nav2_msgs/nav2_msgs/action/detail/navigate_through_poses__traits.hpp
[1.608s] -- Up-to-date: /home/agilex/agilex_ws/install/nav2_msgs/include/nav2_msgs/nav2_msgs/action/detail/back_up__builder.hpp
[1.608s] -- Up-to-date: /home/agilex/agilex_ws/install/nav2_msgs/include/nav2_msgs/nav2_msgs/action/detail/dummy_behavior__traits.hpp
[1.608s] -- Up-to-date: /home/agilex/agilex_ws/install/nav2_msgs/include/nav2_msgs/nav2_msgs/action/detail/compute_path_through_poses__struct.hpp
[1.608s] -- Up-to-date: /home/agilex/agilex_ws/install/nav2_msgs/include/nav2_msgs/nav2_msgs/action/detail/compute_path_to_pose__traits.hpp
[1.608s] -- Up-to-date: /home/agilex/agilex_ws/install/nav2_msgs/include/nav2_msgs/nav2_msgs/action/detail/wait__traits.hpp
[1.608s] -- Up-to-date: /home/agilex/agilex_ws/install/nav2_msgs/include/nav2_msgs/nav2_msgs/action/detail/follow_waypoints__traits.hpp
[1.608s] -- Up-to-date: /home/agilex/agilex_ws/install/nav2_msgs/include/nav2_msgs/nav2_msgs/action/detail/navigate_to_pose__builder.hpp
[1.608s] -- Up-to-date: /home/agilex/agilex_ws/install/nav2_msgs/include/nav2_msgs/nav2_msgs/action/detail/navigate_through_poses__struct.hpp
[1.608s] -- Up-to-date: /home/agilex/agilex_ws/install/nav2_msgs/include/nav2_msgs/nav2_msgs/action/navigate_to_pose.hpp
[1.608s] -- Up-to-date: /home/agilex/agilex_ws/install/nav2_msgs/include/nav2_msgs/nav2_msgs/action/drive_on_heading.hpp
[1.608s] -- Up-to-date: /home/agilex/agilex_ws/install/nav2_msgs/include/nav2_msgs/nav2_msgs/action/navigate_through_poses.hpp
[1.608s] -- Up-to-date: /home/agilex/agilex_ws/install/nav2_msgs/include/nav2_msgs/nav2_msgs/action/dummy_behavior.hpp
[1.608s] -- Up-to-date: /home/agilex/agilex_ws/install/nav2_msgs/include/nav2_msgs/nav2_msgs/action/spin.hpp
[1.608s] -- Up-to-date: /home/agilex/agilex_ws/install/nav2_msgs/include/nav2_msgs/nav2_msgs/action/back_up.hpp
[1.608s] -- Up-to-date: /home/agilex/agilex_ws/install/nav2_msgs/include/nav2_msgs/nav2_msgs/action/compute_path_to_pose.hpp
[1.609s] -- Up-to-date: /home/agilex/agilex_ws/install/nav2_msgs/include/nav2_msgs/nav2_msgs/action/follow_path.hpp
[1.609s] -- Up-to-date: /home/agilex/agilex_ws/install/nav2_msgs/include/nav2_msgs/nav2_msgs
[1.609s] -- Up-to-date: /home/agilex/agilex_ws/install/nav2_msgs/include/nav2_msgs/nav2_msgs/srv
[1.609s] -- Up-to-date: /home/agilex/agilex_ws/install/nav2_msgs/include/nav2_msgs/nav2_msgs/srv/detail
[1.609s] -- Up-to-date: /home/agilex/agilex_ws/install/nav2_msgs/include/nav2_msgs/nav2_msgs/srv/detail/manage_lifecycle_nodes__rosidl_typesupport_fastrtps_cpp.hpp
[1.609s] -- Up-to-date: /home/agilex/agilex_ws/install/nav2_msgs/include/nav2_msgs/nav2_msgs/srv/detail/clear_costmap_around_robot__rosidl_typesupport_fastrtps_cpp.hpp
[1.609s] -- Up-to-date: /home/agilex/agilex_ws/install/nav2_msgs/include/nav2_msgs/nav2_msgs/srv/detail/clear_costmap_except_region__rosidl_typesupport_fastrtps_cpp.hpp
[1.609s] -- Up-to-date: /home/agilex/agilex_ws/install/nav2_msgs/include/nav2_msgs/nav2_msgs/srv/detail/load_map__rosidl_typesupport_fastrtps_cpp.hpp
[1.609s] -- Up-to-date: /home/agilex/agilex_ws/install/nav2_msgs/include/nav2_msgs/nav2_msgs/srv/detail/get_costmap__rosidl_typesupport_fastrtps_cpp.hpp
[1.609s] -- Up-to-date: /home/agilex/agilex_ws/install/nav2_msgs/include/nav2_msgs/nav2_msgs/srv/detail/is_path_valid__rosidl_typesupport_fastrtps_cpp.hpp
[1.609s] -- Up-to-date: /home/agilex/agilex_ws/install/nav2_msgs/include/nav2_msgs/nav2_msgs/srv/detail/clear_entire_costmap__rosidl_typesupport_fastrtps_cpp.hpp
[1.609s] -- Up-to-date: /home/agilex/agilex_ws/install/nav2_msgs/include/nav2_msgs/nav2_msgs/srv/detail/dds_fastrtps
[1.609s] -- Up-to-date: /home/agilex/agilex_ws/install/nav2_msgs/include/nav2_msgs/nav2_msgs/srv/detail/save_map__rosidl_typesupport_fastrtps_cpp.hpp
[1.610s] -- Up-to-date: /home/agilex/agilex_ws/install/nav2_msgs/include/nav2_msgs/nav2_msgs/msg
[1.610s] -- Up-to-date: /home/agilex/agilex_ws/install/nav2_msgs/include/nav2_msgs/nav2_msgs/msg/rosidl_typesupport_fastrtps_cpp__visibility_control.h
[1.610s] -- Up-to-date: /home/agilex/agilex_ws/install/nav2_msgs/include/nav2_msgs/nav2_msgs/msg/detail
[1.610s] -- Up-to-date: /home/agilex/agilex_ws/install/nav2_msgs/include/nav2_msgs/nav2_msgs/msg/detail/behavior_tree_log__rosidl_typesupport_fastrtps_cpp.hpp
[1.610s] -- Up-to-date: /home/agilex/agilex_ws/install/nav2_msgs/include/nav2_msgs/nav2_msgs/msg/detail/speed_limit__rosidl_typesupport_fastrtps_cpp.hpp
[1.610s] -- Up-to-date: /home/agilex/agilex_ws/install/nav2_msgs/include/nav2_msgs/nav2_msgs/msg/detail/costmap__rosidl_typesupport_fastrtps_cpp.hpp
[1.610s] -- Up-to-date: /home/agilex/agilex_ws/install/nav2_msgs/include/nav2_msgs/nav2_msgs/msg/detail/costmap_meta_data__rosidl_typesupport_fastrtps_cpp.hpp
[1.610s] -- Up-to-date: /home/agilex/agilex_ws/install/nav2_msgs/include/nav2_msgs/nav2_msgs/msg/detail/voxel_grid__rosidl_typesupport_fastrtps_cpp.hpp
[1.610s] -- Up-to-date: /home/agilex/agilex_ws/install/nav2_msgs/include/nav2_msgs/nav2_msgs/msg/detail/costmap_filter_info__rosidl_typesupport_fastrtps_cpp.hpp
[1.610s] -- Up-to-date: /home/agilex/agilex_ws/install/nav2_msgs/include/nav2_msgs/nav2_msgs/msg/detail/particle_cloud__rosidl_typesupport_fastrtps_cpp.hpp
[1.610s] -- Up-to-date: /home/agilex/agilex_ws/install/nav2_msgs/include/nav2_msgs/nav2_msgs/msg/detail/dds_fastrtps
[1.610s] -- Up-to-date: /home/agilex/agilex_ws/install/nav2_msgs/include/nav2_msgs/nav2_msgs/msg/detail/particle__rosidl_typesupport_fastrtps_cpp.hpp
[1.610s] -- Up-to-date: /home/agilex/agilex_ws/install/nav2_msgs/include/nav2_msgs/nav2_msgs/msg/detail/behavior_tree_status_change__rosidl_typesupport_fastrtps_cpp.hpp
[1.610s] -- Up-to-date: /home/agilex/agilex_ws/install/nav2_msgs/include/nav2_msgs/nav2_msgs/action
[1.611s] -- Up-to-date: /home/agilex/agilex_ws/install/nav2_msgs/include/nav2_msgs/nav2_msgs/action/detail
[1.611s] -- Up-to-date: /home/agilex/agilex_ws/install/nav2_msgs/include/nav2_msgs/nav2_msgs/action/detail/wait__rosidl_typesupport_fastrtps_cpp.hpp
[1.611s] -- Up-to-date: /home/agilex/agilex_ws/install/nav2_msgs/include/nav2_msgs/nav2_msgs/action/detail/smooth_path__rosidl_typesupport_fastrtps_cpp.hpp
[1.611s] -- Up-to-date: /home/agilex/agilex_ws/install/nav2_msgs/include/nav2_msgs/nav2_msgs/action/detail/navigate_through_poses__rosidl_typesupport_fastrtps_cpp.hpp
[1.611s] -- Up-to-date: /home/agilex/agilex_ws/install/nav2_msgs/include/nav2_msgs/nav2_msgs/action/detail/spin__rosidl_typesupport_fastrtps_cpp.hpp
[1.611s] -- Up-to-date: /home/agilex/agilex_ws/install/nav2_msgs/include/nav2_msgs/nav2_msgs/action/detail/follow_path__rosidl_typesupport_fastrtps_cpp.hpp
[1.611s] -- Up-to-date: /home/agilex/agilex_ws/install/nav2_msgs/include/nav2_msgs/nav2_msgs/action/detail/navigate_to_pose__rosidl_typesupport_fastrtps_cpp.hpp
[1.611s] -- Up-to-date: /home/agilex/agilex_ws/install/nav2_msgs/include/nav2_msgs/nav2_msgs/action/detail/drive_on_heading__rosidl_typesupport_fastrtps_cpp.hpp
[1.611s] -- Up-to-date: /home/agilex/agilex_ws/install/nav2_msgs/include/nav2_msgs/nav2_msgs/action/detail/follow_waypoints__rosidl_typesupport_fastrtps_cpp.hpp
[1.611s] -- Up-to-date: /home/agilex/agilex_ws/install/nav2_msgs/include/nav2_msgs/nav2_msgs/action/detail/compute_path_to_pose__rosidl_typesupport_fastrtps_cpp.hpp
[1.611s] -- Up-to-date: /home/agilex/agilex_ws/install/nav2_msgs/include/nav2_msgs/nav2_msgs/action/detail/dds_fastrtps
[1.611s] -- Up-to-date: /home/agilex/agilex_ws/install/nav2_msgs/include/nav2_msgs/nav2_msgs/action/detail/compute_path_through_poses__rosidl_typesupport_fastrtps_cpp.hpp
[1.611s] -- Up-to-date: /home/agilex/agilex_ws/install/nav2_msgs/include/nav2_msgs/nav2_msgs/action/detail/dummy_behavior__rosidl_typesupport_fastrtps_cpp.hpp
[1.612s] -- Up-to-date: /home/agilex/agilex_ws/install/nav2_msgs/include/nav2_msgs/nav2_msgs/action/detail/back_up__rosidl_typesupport_fastrtps_cpp.hpp
[1.612s] -- Up-to-date: /home/agilex/agilex_ws/install/nav2_msgs/lib/libnav2_msgs__rosidl_typesupport_fastrtps_cpp.so
[1.612s] -- Up-to-date: /home/agilex/agilex_ws/install/nav2_msgs/include/nav2_msgs/nav2_msgs
[1.612s] -- Up-to-date: /home/agilex/agilex_ws/install/nav2_msgs/include/nav2_msgs/nav2_msgs/srv
[1.612s] -- Up-to-date: /home/agilex/agilex_ws/install/nav2_msgs/include/nav2_msgs/nav2_msgs/srv/detail
[1.612s] -- Up-to-date: /home/agilex/agilex_ws/install/nav2_msgs/include/nav2_msgs/nav2_msgs/srv/detail/is_path_valid__rosidl_typesupport_introspection_c.h
[1.612s] -- Up-to-date: /home/agilex/agilex_ws/install/nav2_msgs/include/nav2_msgs/nav2_msgs/srv/detail/clear_costmap_except_region__type_support.c
[1.612s] -- Up-to-date: /home/agilex/agilex_ws/install/nav2_msgs/include/nav2_msgs/nav2_msgs/srv/detail/clear_entire_costmap__type_support.c
[1.612s] -- Up-to-date: /home/agilex/agilex_ws/install/nav2_msgs/include/nav2_msgs/nav2_msgs/srv/detail/clear_entire_costmap__rosidl_typesupport_introspection_c.h
[1.612s] -- Up-to-date: /home/agilex/agilex_ws/install/nav2_msgs/include/nav2_msgs/nav2_msgs/srv/detail/get_costmap__rosidl_typesupport_introspection_c.h
[1.612s] -- Up-to-date: /home/agilex/agilex_ws/install/nav2_msgs/include/nav2_msgs/nav2_msgs/srv/detail/manage_lifecycle_nodes__type_support.c
[1.612s] -- Up-to-date: /home/agilex/agilex_ws/install/nav2_msgs/include/nav2_msgs/nav2_msgs/srv/detail/save_map__rosidl_typesupport_introspection_c.h
[1.612s] -- Up-to-date: /home/agilex/agilex_ws/install/nav2_msgs/include/nav2_msgs/nav2_msgs/srv/detail/manage_lifecycle_nodes__rosidl_typesupport_introspection_c.h
[1.612s] -- Up-to-date: /home/agilex/agilex_ws/install/nav2_msgs/include/nav2_msgs/nav2_msgs/srv/detail/load_map__type_support.c
[1.613s] -- Up-to-date: /home/agilex/agilex_ws/install/nav2_msgs/include/nav2_msgs/nav2_msgs/srv/detail/clear_costmap_except_region__rosidl_typesupport_introspection_c.h
[1.613s] -- Up-to-date: /home/agilex/agilex_ws/install/nav2_msgs/include/nav2_msgs/nav2_msgs/srv/detail/load_map__rosidl_typesupport_introspection_c.h
[1.613s] -- Up-to-date: /home/agilex/agilex_ws/install/nav2_msgs/include/nav2_msgs/nav2_msgs/srv/detail/get_costmap__type_support.c
[1.613s] -- Up-to-date: /home/agilex/agilex_ws/install/nav2_msgs/include/nav2_msgs/nav2_msgs/srv/detail/is_path_valid__type_support.c
[1.613s] -- Up-to-date: /home/agilex/agilex_ws/install/nav2_msgs/include/nav2_msgs/nav2_msgs/srv/detail/clear_costmap_around_robot__type_support.c
[1.613s] -- Up-to-date: /home/agilex/agilex_ws/install/nav2_msgs/include/nav2_msgs/nav2_msgs/srv/detail/save_map__type_support.c
[1.613s] -- Up-to-date: /home/agilex/agilex_ws/install/nav2_msgs/include/nav2_msgs/nav2_msgs/srv/detail/clear_costmap_around_robot__rosidl_typesupport_introspection_c.h
[1.613s] -- Up-to-date: /home/agilex/agilex_ws/install/nav2_msgs/include/nav2_msgs/nav2_msgs/msg
[1.613s] -- Up-to-date: /home/agilex/agilex_ws/install/nav2_msgs/include/nav2_msgs/nav2_msgs/msg/detail
[1.613s] -- Up-to-date: /home/agilex/agilex_ws/install/nav2_msgs/include/nav2_msgs/nav2_msgs/msg/detail/costmap__rosidl_typesupport_introspection_c.h
[1.613s] -- Up-to-date: /home/agilex/agilex_ws/install/nav2_msgs/include/nav2_msgs/nav2_msgs/msg/detail/costmap_meta_data__type_support.c
[1.613s] -- Up-to-date: /home/agilex/agilex_ws/install/nav2_msgs/include/nav2_msgs/nav2_msgs/msg/detail/costmap_filter_info__rosidl_typesupport_introspection_c.h
[1.613s] -- Up-to-date: /home/agilex/agilex_ws/install/nav2_msgs/include/nav2_msgs/nav2_msgs/msg/detail/behavior_tree_status_change__rosidl_typesupport_introspection_c.h
[1.613s] -- Up-to-date: /home/agilex/agilex_ws/install/nav2_msgs/include/nav2_msgs/nav2_msgs/msg/detail/voxel_grid__rosidl_typesupport_introspection_c.h
[1.613s] -- Up-to-date: /home/agilex/agilex_ws/install/nav2_msgs/include/nav2_msgs/nav2_msgs/msg/detail/speed_limit__rosidl_typesupport_introspection_c.h
[1.614s] -- Up-to-date: /home/agilex/agilex_ws/install/nav2_msgs/include/nav2_msgs/nav2_msgs/msg/detail/costmap__type_support.c
[1.614s] -- Up-to-date: /home/agilex/agilex_ws/install/nav2_msgs/include/nav2_msgs/nav2_msgs/msg/detail/particle_cloud__type_support.c
[1.614s] -- Up-to-date: /home/agilex/agilex_ws/install/nav2_msgs/include/nav2_msgs/nav2_msgs/msg/detail/particle__type_support.c
[1.614s] -- Up-to-date: /home/agilex/agilex_ws/install/nav2_msgs/include/nav2_msgs/nav2_msgs/msg/detail/behavior_tree_log__rosidl_typesupport_introspection_c.h
[1.614s] -- Up-to-date: /home/agilex/agilex_ws/install/nav2_msgs/include/nav2_msgs/nav2_msgs/msg/detail/speed_limit__type_support.c
[1.614s] -- Up-to-date: /home/agilex/agilex_ws/install/nav2_msgs/include/nav2_msgs/nav2_msgs/msg/detail/voxel_grid__type_support.c
[1.614s] -- Up-to-date: /home/agilex/agilex_ws/install/nav2_msgs/include/nav2_msgs/nav2_msgs/msg/detail/behavior_tree_log__type_support.c
[1.614s] -- Up-to-date: /home/agilex/agilex_ws/install/nav2_msgs/include/nav2_msgs/nav2_msgs/msg/detail/costmap_filter_info__type_support.c
[1.614s] -- Up-to-date: /home/agilex/agilex_ws/install/nav2_msgs/include/nav2_msgs/nav2_msgs/msg/detail/particle__rosidl_typesupport_introspection_c.h
[1.614s] -- Up-to-date: /home/agilex/agilex_ws/install/nav2_msgs/include/nav2_msgs/nav2_msgs/msg/detail/costmap_meta_data__rosidl_typesupport_introspection_c.h
[1.614s] -- Up-to-date: /home/agilex/agilex_ws/install/nav2_msgs/include/nav2_msgs/nav2_msgs/msg/detail/particle_cloud__rosidl_typesupport_introspection_c.h
[1.614s] -- Up-to-date: /home/agilex/agilex_ws/install/nav2_msgs/include/nav2_msgs/nav2_msgs/msg/detail/behavior_tree_status_change__type_support.c
[1.614s] -- Up-to-date: /home/agilex/agilex_ws/install/nav2_msgs/include/nav2_msgs/nav2_msgs/msg/rosidl_typesupport_introspection_c__visibility_control.h
[1.615s] -- Up-to-date: /home/agilex/agilex_ws/install/nav2_msgs/include/nav2_msgs/nav2_msgs/action
[1.615s] -- Up-to-date: /home/agilex/agilex_ws/install/nav2_msgs/include/nav2_msgs/nav2_msgs/action/detail
[1.615s] -- Up-to-date: /home/agilex/agilex_ws/install/nav2_msgs/include/nav2_msgs/nav2_msgs/action/detail/drive_on_heading__type_support.c
[1.615s] -- Up-to-date: /home/agilex/agilex_ws/install/nav2_msgs/include/nav2_msgs/nav2_msgs/action/detail/spin__rosidl_typesupport_introspection_c.h
[1.615s] -- Up-to-date: /home/agilex/agilex_ws/install/nav2_msgs/include/nav2_msgs/nav2_msgs/action/detail/back_up__type_support.c
[1.615s] -- Up-to-date: /home/agilex/agilex_ws/install/nav2_msgs/include/nav2_msgs/nav2_msgs/action/detail/navigate_through_poses__type_support.c
[1.615s] -- Up-to-date: /home/agilex/agilex_ws/install/nav2_msgs/include/nav2_msgs/nav2_msgs/action/detail/follow_waypoints__type_support.c
[1.615s] -- Up-to-date: /home/agilex/agilex_ws/install/nav2_msgs/include/nav2_msgs/nav2_msgs/action/detail/navigate_through_poses__rosidl_typesupport_introspection_c.h
[1.615s] -- Up-to-date: /home/agilex/agilex_ws/install/nav2_msgs/include/nav2_msgs/nav2_msgs/action/detail/spin__type_support.c
[1.615s] -- Up-to-date: /home/agilex/agilex_ws/install/nav2_msgs/include/nav2_msgs/nav2_msgs/action/detail/follow_waypoints__rosidl_typesupport_introspection_c.h
[1.615s] -- Up-to-date: /home/agilex/agilex_ws/install/nav2_msgs/include/nav2_msgs/nav2_msgs/action/detail/compute_path_to_pose__type_support.c
[1.615s] -- Up-to-date: /home/agilex/agilex_ws/install/nav2_msgs/include/nav2_msgs/nav2_msgs/action/detail/dummy_behavior__type_support.c
[1.615s] -- Up-to-date: /home/agilex/agilex_ws/install/nav2_msgs/include/nav2_msgs/nav2_msgs/action/detail/drive_on_heading__rosidl_typesupport_introspection_c.h
[1.615s] -- Up-to-date: /home/agilex/agilex_ws/install/nav2_msgs/include/nav2_msgs/nav2_msgs/action/detail/wait__type_support.c
[1.615s] -- Up-to-date: /home/agilex/agilex_ws/install/nav2_msgs/include/nav2_msgs/nav2_msgs/action/detail/wait__rosidl_typesupport_introspection_c.h
[1.615s] -- Up-to-date: /home/agilex/agilex_ws/install/nav2_msgs/include/nav2_msgs/nav2_msgs/action/detail/dummy_behavior__rosidl_typesupport_introspection_c.h
[1.616s] -- Up-to-date: /home/agilex/agilex_ws/install/nav2_msgs/include/nav2_msgs/nav2_msgs/action/detail/navigate_to_pose__type_support.c
[1.616s] -- Up-to-date: /home/agilex/agilex_ws/install/nav2_msgs/include/nav2_msgs/nav2_msgs/action/detail/follow_path__type_support.c
[1.616s] -- Up-to-date: /home/agilex/agilex_ws/install/nav2_msgs/include/nav2_msgs/nav2_msgs/action/detail/compute_path_to_pose__rosidl_typesupport_introspection_c.h
[1.616s] -- Up-to-date: /home/agilex/agilex_ws/install/nav2_msgs/include/nav2_msgs/nav2_msgs/action/detail/smooth_path__type_support.c
[1.616s] -- Up-to-date: /home/agilex/agilex_ws/install/nav2_msgs/include/nav2_msgs/nav2_msgs/action/detail/smooth_path__rosidl_typesupport_introspection_c.h
[1.616s] -- Up-to-date: /home/agilex/agilex_ws/install/nav2_msgs/include/nav2_msgs/nav2_msgs/action/detail/back_up__rosidl_typesupport_introspection_c.h
[1.616s] -- Up-to-date: /home/agilex/agilex_ws/install/nav2_msgs/include/nav2_msgs/nav2_msgs/action/detail/compute_path_through_poses__type_support.c
[1.616s] -- Up-to-date: /home/agilex/agilex_ws/install/nav2_msgs/include/nav2_msgs/nav2_msgs/action/detail/navigate_to_pose__rosidl_typesupport_introspection_c.h
[1.616s] -- Up-to-date: /home/agilex/agilex_ws/install/nav2_msgs/include/nav2_msgs/nav2_msgs/action/detail/follow_path__rosidl_typesupport_introspection_c.h
[1.616s] -- Up-to-date: /home/agilex/agilex_ws/install/nav2_msgs/include/nav2_msgs/nav2_msgs/action/detail/compute_path_through_poses__rosidl_typesupport_introspection_c.h
[1.616s] -- Up-to-date: /home/agilex/agilex_ws/install/nav2_msgs/lib/libnav2_msgs__rosidl_typesupport_introspection_c.so
[1.616s] -- Up-to-date: /home/agilex/agilex_ws/install/nav2_msgs/lib/libnav2_msgs__rosidl_typesupport_c.so
[1.616s] -- Up-to-date: /home/agilex/agilex_ws/install/nav2_msgs/include/nav2_msgs/nav2_msgs
[1.616s] -- Up-to-date: /home/agilex/agilex_ws/install/nav2_msgs/include/nav2_msgs/nav2_msgs/srv
[1.616s] -- Up-to-date: /home/agilex/agilex_ws/install/nav2_msgs/include/nav2_msgs/nav2_msgs/srv/detail
[1.617s] -- Up-to-date: /home/agilex/agilex_ws/install/nav2_msgs/include/nav2_msgs/nav2_msgs/srv/detail/load_map__type_support.cpp
[1.617s] -- Up-to-date: /home/agilex/agilex_ws/install/nav2_msgs/include/nav2_msgs/nav2_msgs/srv/detail/clear_costmap_except_region__rosidl_typesupport_introspection_cpp.hpp
[1.617s] -- Up-to-date: /home/agilex/agilex_ws/install/nav2_msgs/include/nav2_msgs/nav2_msgs/srv/detail/clear_entire_costmap__type_support.cpp
[1.617s] -- Up-to-date: /home/agilex/agilex_ws/install/nav2_msgs/include/nav2_msgs/nav2_msgs/srv/detail/is_path_valid__type_support.cpp
[1.617s] -- Up-to-date: /home/agilex/agilex_ws/install/nav2_msgs/include/nav2_msgs/nav2_msgs/srv/detail/clear_costmap_around_robot__rosidl_typesupport_introspection_cpp.hpp
[1.617s] -- Up-to-date: /home/agilex/agilex_ws/install/nav2_msgs/include/nav2_msgs/nav2_msgs/srv/detail/get_costmap__type_support.cpp
[1.617s] -- Up-to-date: /home/agilex/agilex_ws/install/nav2_msgs/include/nav2_msgs/nav2_msgs/srv/detail/clear_entire_costmap__rosidl_typesupport_introspection_cpp.hpp
[1.617s] -- Up-to-date: /home/agilex/agilex_ws/install/nav2_msgs/include/nav2_msgs/nav2_msgs/srv/detail/is_path_valid__rosidl_typesupport_introspection_cpp.hpp
[1.617s] -- Up-to-date: /home/agilex/agilex_ws/install/nav2_msgs/include/nav2_msgs/nav2_msgs/srv/detail/save_map__rosidl_typesupport_introspection_cpp.hpp
[1.617s] -- Up-to-date: /home/agilex/agilex_ws/install/nav2_msgs/include/nav2_msgs/nav2_msgs/srv/detail/save_map__type_support.cpp
[1.617s] -- Up-to-date: /home/agilex/agilex_ws/install/nav2_msgs/include/nav2_msgs/nav2_msgs/srv/detail/manage_lifecycle_nodes__rosidl_typesupport_introspection_cpp.hpp
[1.617s] -- Up-to-date: /home/agilex/agilex_ws/install/nav2_msgs/include/nav2_msgs/nav2_msgs/srv/detail/clear_costmap_around_robot__type_support.cpp
[1.617s] -- Up-to-date: /home/agilex/agilex_ws/install/nav2_msgs/include/nav2_msgs/nav2_msgs/srv/detail/load_map__rosidl_typesupport_introspection_cpp.hpp
[1.617s] -- Up-to-date: /home/agilex/agilex_ws/install/nav2_msgs/include/nav2_msgs/nav2_msgs/srv/detail/manage_lifecycle_nodes__type_support.cpp
[1.618s] -- Up-to-date: /home/agilex/agilex_ws/install/nav2_msgs/include/nav2_msgs/nav2_msgs/srv/detail/clear_costmap_except_region__type_support.cpp
[1.618s] -- Up-to-date: /home/agilex/agilex_ws/install/nav2_msgs/include/nav2_msgs/nav2_msgs/srv/detail/get_costmap__rosidl_typesupport_introspection_cpp.hpp
[1.618s] -- Up-to-date: /home/agilex/agilex_ws/install/nav2_msgs/include/nav2_msgs/nav2_msgs/msg
[1.618s] -- Up-to-date: /home/agilex/agilex_ws/install/nav2_msgs/include/nav2_msgs/nav2_msgs/msg/detail
[1.618s] -- Up-to-date: /home/agilex/agilex_ws/install/nav2_msgs/include/nav2_msgs/nav2_msgs/msg/detail/voxel_grid__rosidl_typesupport_introspection_cpp.hpp
[1.618s] -- Up-to-date: /home/agilex/agilex_ws/install/nav2_msgs/include/nav2_msgs/nav2_msgs/msg/detail/particle__rosidl_typesupport_introspection_cpp.hpp
[1.618s] -- Up-to-date: /home/agilex/agilex_ws/install/nav2_msgs/include/nav2_msgs/nav2_msgs/msg/detail/costmap_filter_info__type_support.cpp
[1.618s] -- Up-to-date: /home/agilex/agilex_ws/install/nav2_msgs/include/nav2_msgs/nav2_msgs/msg/detail/behavior_tree_log__rosidl_typesupport_introspection_cpp.hpp
[1.618s] -- Up-to-date: /home/agilex/agilex_ws/install/nav2_msgs/include/nav2_msgs/nav2_msgs/msg/detail/costmap__type_support.cpp
[1.618s] -- Up-to-date: /home/agilex/agilex_ws/install/nav2_msgs/include/nav2_msgs/nav2_msgs/msg/detail/costmap_meta_data__rosidl_typesupport_introspection_cpp.hpp
[1.619s] -- Up-to-date: /home/agilex/agilex_ws/install/nav2_msgs/include/nav2_msgs/nav2_msgs/msg/detail/voxel_grid__type_support.cpp
[1.619s] -- Up-to-date: /home/agilex/agilex_ws/install/nav2_msgs/include/nav2_msgs/nav2_msgs/msg/detail/particle__type_support.cpp
[1.619s] -- Up-to-date: /home/agilex/agilex_ws/install/nav2_msgs/include/nav2_msgs/nav2_msgs/msg/detail/costmap_meta_data__type_support.cpp
[1.619s] -- Up-to-date: /home/agilex/agilex_ws/install/nav2_msgs/include/nav2_msgs/nav2_msgs/msg/detail/costmap__rosidl_typesupport_introspection_cpp.hpp
[1.619s] -- Up-to-date: /home/agilex/agilex_ws/install/nav2_msgs/include/nav2_msgs/nav2_msgs/msg/detail/speed_limit__rosidl_typesupport_introspection_cpp.hpp
[1.619s] -- Up-to-date: /home/agilex/agilex_ws/install/nav2_msgs/include/nav2_msgs/nav2_msgs/msg/detail/behavior_tree_log__type_support.cpp
[1.619s] -- Up-to-date: /home/agilex/agilex_ws/install/nav2_msgs/include/nav2_msgs/nav2_msgs/msg/detail/costmap_filter_info__rosidl_typesupport_introspection_cpp.hpp
[1.619s] -- Up-to-date: /home/agilex/agilex_ws/install/nav2_msgs/include/nav2_msgs/nav2_msgs/msg/detail/speed_limit__type_support.cpp
[1.619s] -- Up-to-date: /home/agilex/agilex_ws/install/nav2_msgs/include/nav2_msgs/nav2_msgs/msg/detail/particle_cloud__rosidl_typesupport_introspection_cpp.hpp
[1.619s] -- Up-to-date: /home/agilex/agilex_ws/install/nav2_msgs/include/nav2_msgs/nav2_msgs/msg/detail/particle_cloud__type_support.cpp
[1.619s] -- Up-to-date: /home/agilex/agilex_ws/install/nav2_msgs/include/nav2_msgs/nav2_msgs/msg/detail/behavior_tree_status_change__type_support.cpp
[1.619s] -- Up-to-date: /home/agilex/agilex_ws/install/nav2_msgs/include/nav2_msgs/nav2_msgs/msg/detail/behavior_tree_status_change__rosidl_typesupport_introspection_cpp.hpp
[1.619s] -- Up-to-date: /home/agilex/agilex_ws/install/nav2_msgs/include/nav2_msgs/nav2_msgs/action
[1.619s] -- Up-to-date: /home/agilex/agilex_ws/install/nav2_msgs/include/nav2_msgs/nav2_msgs/action/detail
[1.619s] -- Up-to-date: /home/agilex/agilex_ws/install/nav2_msgs/include/nav2_msgs/nav2_msgs/action/detail/dummy_behavior__type_support.cpp
[1.619s] -- Up-to-date: /home/agilex/agilex_ws/install/nav2_msgs/include/nav2_msgs/nav2_msgs/action/detail/spin__type_support.cpp
[1.619s] -- Up-to-date: /home/agilex/agilex_ws/install/nav2_msgs/include/nav2_msgs/nav2_msgs/action/detail/drive_on_heading__rosidl_typesupport_introspection_cpp.hpp
[1.619s] -- Up-to-date: /home/agilex/agilex_ws/install/nav2_msgs/include/nav2_msgs/nav2_msgs/action/detail/navigate_to_pose__rosidl_typesupport_introspection_cpp.hpp
[1.619s] -- Up-to-date: /home/agilex/agilex_ws/install/nav2_msgs/include/nav2_msgs/nav2_msgs/action/detail/drive_on_heading__type_support.cpp
[1.619s] -- Up-to-date: /home/agilex/agilex_ws/install/nav2_msgs/include/nav2_msgs/nav2_msgs/action/detail/follow_waypoints__type_support.cpp
[1.619s] -- Up-to-date: /home/agilex/agilex_ws/install/nav2_msgs/include/nav2_msgs/nav2_msgs/action/detail/navigate_through_poses__type_support.cpp
[1.619s] -- Up-to-date: /home/agilex/agilex_ws/install/nav2_msgs/include/nav2_msgs/nav2_msgs/action/detail/navigate_to_pose__type_support.cpp
[1.619s] -- Up-to-date: /home/agilex/agilex_ws/install/nav2_msgs/include/nav2_msgs/nav2_msgs/action/detail/smooth_path__rosidl_typesupport_introspection_cpp.hpp
[1.619s] -- Up-to-date: /home/agilex/agilex_ws/install/nav2_msgs/include/nav2_msgs/nav2_msgs/action/detail/back_up__rosidl_typesupport_introspection_cpp.hpp
[1.619s] -- Up-to-date: /home/agilex/agilex_ws/install/nav2_msgs/include/nav2_msgs/nav2_msgs/action/detail/compute_path_to_pose__type_support.cpp
[1.619s] -- Up-to-date: /home/agilex/agilex_ws/install/nav2_msgs/include/nav2_msgs/nav2_msgs/action/detail/follow_waypoints__rosidl_typesupport_introspection_cpp.hpp
[1.619s] -- Up-to-date: /home/agilex/agilex_ws/install/nav2_msgs/include/nav2_msgs/nav2_msgs/action/detail/compute_path_through_poses__type_support.cpp
[1.619s] -- Up-to-date: /home/agilex/agilex_ws/install/nav2_msgs/include/nav2_msgs/nav2_msgs/action/detail/follow_path__rosidl_typesupport_introspection_cpp.hpp
[1.620s] -- Up-to-date: /home/agilex/agilex_ws/install/nav2_msgs/include/nav2_msgs/nav2_msgs/action/detail/wait__rosidl_typesupport_introspection_cpp.hpp
[1.620s] -- Up-to-date: /home/agilex/agilex_ws/install/nav2_msgs/include/nav2_msgs/nav2_msgs/action/detail/compute_path_to_pose__rosidl_typesupport_introspection_cpp.hpp
[1.620s] -- Up-to-date: /home/agilex/agilex_ws/install/nav2_msgs/include/nav2_msgs/nav2_msgs/action/detail/back_up__type_support.cpp
[1.620s] -- Up-to-date: /home/agilex/agilex_ws/install/nav2_msgs/include/nav2_msgs/nav2_msgs/action/detail/smooth_path__type_support.cpp
[1.620s] -- Up-to-date: /home/agilex/agilex_ws/install/nav2_msgs/include/nav2_msgs/nav2_msgs/action/detail/follow_path__type_support.cpp
[1.620s] -- Up-to-date: /home/agilex/agilex_ws/install/nav2_msgs/include/nav2_msgs/nav2_msgs/action/detail/spin__rosidl_typesupport_introspection_cpp.hpp
[1.620s] -- Up-to-date: /home/agilex/agilex_ws/install/nav2_msgs/include/nav2_msgs/nav2_msgs/action/detail/compute_path_through_poses__rosidl_typesupport_introspection_cpp.hpp
[1.620s] -- Up-to-date: /home/agilex/agilex_ws/install/nav2_msgs/include/nav2_msgs/nav2_msgs/action/detail/dummy_behavior__rosidl_typesupport_introspection_cpp.hpp
[1.620s] -- Up-to-date: /home/agilex/agilex_ws/install/nav2_msgs/include/nav2_msgs/nav2_msgs/action/detail/wait__type_support.cpp
[1.620s] -- Up-to-date: /home/agilex/agilex_ws/install/nav2_msgs/include/nav2_msgs/nav2_msgs/action/detail/navigate_through_poses__rosidl_typesupport_introspection_cpp.hpp
[1.620s] -- Up-to-date: /home/agilex/agilex_ws/install/nav2_msgs/lib/libnav2_msgs__rosidl_typesupport_introspection_cpp.so
[1.620s] -- Up-to-date: /home/agilex/agilex_ws/install/nav2_msgs/lib/libnav2_msgs__rosidl_typesupport_cpp.so
[1.620s] -- Up-to-date: /home/agilex/agilex_ws/install/nav2_msgs/share/nav2_msgs/environment/pythonpath.sh
[1.620s] -- Up-to-date: /home/agilex/agilex_ws/install/nav2_msgs/share/nav2_msgs/environment/pythonpath.dsv
[1.620s] -- Up-to-date: /home/agilex/agilex_ws/install/nav2_msgs/local/lib/python3.10/dist-packages/nav2_msgs-1.1.0-py3.10.egg-info
[1.620s] -- Installing: /home/agilex/agilex_ws/install/nav2_msgs/local/lib/python3.10/dist-packages/nav2_msgs-1.1.0-py3.10.egg-info/top_level.txt
[1.620s] -- Installing: /home/agilex/agilex_ws/install/nav2_msgs/local/lib/python3.10/dist-packages/nav2_msgs-1.1.0-py3.10.egg-info/SOURCES.txt
[1.620s] -- Installing: /home/agilex/agilex_ws/install/nav2_msgs/local/lib/python3.10/dist-packages/nav2_msgs-1.1.0-py3.10.egg-info/PKG-INFO
[1.620s] -- Installing: /home/agilex/agilex_ws/install/nav2_msgs/local/lib/python3.10/dist-packages/nav2_msgs-1.1.0-py3.10.egg-info/dependency_links.txt
[1.620s] -- Up-to-date: /home/agilex/agilex_ws/install/nav2_msgs/local/lib/python3.10/dist-packages/nav2_msgs
[1.620s] -- Up-to-date: /home/agilex/agilex_ws/install/nav2_msgs/local/lib/python3.10/dist-packages/nav2_msgs/_nav2_msgs_s.ep.rosidl_typesupport_c.c
[1.620s] -- Up-to-date: /home/agilex/agilex_ws/install/nav2_msgs/local/lib/python3.10/dist-packages/nav2_msgs/__init__.py
[1.620s] -- Up-to-date: /home/agilex/agilex_ws/install/nav2_msgs/local/lib/python3.10/dist-packages/nav2_msgs/nav2_msgs_s__rosidl_typesupport_c.cpython-310-x86_64-linux-gnu.so
[1.620s] -- Up-to-date: /home/agilex/agilex_ws/install/nav2_msgs/local/lib/python3.10/dist-packages/nav2_msgs/srv
[1.620s] -- Up-to-date: /home/agilex/agilex_ws/install/nav2_msgs/local/lib/python3.10/dist-packages/nav2_msgs/srv/_save_map.py
[1.620s] -- Up-to-date: /home/agilex/agilex_ws/install/nav2_msgs/local/lib/python3.10/dist-packages/nav2_msgs/srv/_manage_lifecycle_nodes.py
[1.620s] -- Up-to-date: /home/agilex/agilex_ws/install/nav2_msgs/local/lib/python3.10/dist-packages/nav2_msgs/srv/_get_costmap.py
[1.620s] -- Up-to-date: /home/agilex/agilex_ws/install/nav2_msgs/local/lib/python3.10/dist-packages/nav2_msgs/srv/__init__.py
[1.620s] -- Up-to-date: /home/agilex/agilex_ws/install/nav2_msgs/local/lib/python3.10/dist-packages/nav2_msgs/srv/_is_path_valid.py
[1.620s] -- Up-to-date: /home/agilex/agilex_ws/install/nav2_msgs/local/lib/python3.10/dist-packages/nav2_msgs/srv/_load_map.py
[1.620s] -- Up-to-date: /home/agilex/agilex_ws/install/nav2_msgs/local/lib/python3.10/dist-packages/nav2_msgs/srv/_save_map_s.c
[1.620s] -- Up-to-date: /home/agilex/agilex_ws/install/nav2_msgs/local/lib/python3.10/dist-packages/nav2_msgs/srv/_clear_costmap_around_robot_s.c
[1.621s] -- Up-to-date: /home/agilex/agilex_ws/install/nav2_msgs/local/lib/python3.10/dist-packages/nav2_msgs/srv/_clear_entire_costmap.py
[1.621s] -- Up-to-date: /home/agilex/agilex_ws/install/nav2_msgs/local/lib/python3.10/dist-packages/nav2_msgs/srv/_clear_costmap_around_robot.py
[1.621s] -- Up-to-date: /home/agilex/agilex_ws/install/nav2_msgs/local/lib/python3.10/dist-packages/nav2_msgs/srv/_clear_entire_costmap_s.c
[1.621s] -- Up-to-date: /home/agilex/agilex_ws/install/nav2_msgs/local/lib/python3.10/dist-packages/nav2_msgs/srv/_load_map_s.c
[1.621s] -- Up-to-date: /home/agilex/agilex_ws/install/nav2_msgs/local/lib/python3.10/dist-packages/nav2_msgs/srv/_clear_costmap_except_region_s.c
[1.621s] -- Up-to-date: /home/agilex/agilex_ws/install/nav2_msgs/local/lib/python3.10/dist-packages/nav2_msgs/srv/_clear_costmap_except_region.py
[1.621s] -- Up-to-date: /home/agilex/agilex_ws/install/nav2_msgs/local/lib/python3.10/dist-packages/nav2_msgs/srv/_manage_lifecycle_nodes_s.c
[1.621s] -- Up-to-date: /home/agilex/agilex_ws/install/nav2_msgs/local/lib/python3.10/dist-packages/nav2_msgs/srv/_is_path_valid_s.c
[1.621s] -- Up-to-date: /home/agilex/agilex_ws/install/nav2_msgs/local/lib/python3.10/dist-packages/nav2_msgs/srv/_get_costmap_s.c
[1.621s] -- Up-to-date: /home/agilex/agilex_ws/install/nav2_msgs/local/lib/python3.10/dist-packages/nav2_msgs/libnav2_msgs__rosidl_generator_py.so
[1.621s] -- Up-to-date: /home/agilex/agilex_ws/install/nav2_msgs/local/lib/python3.10/dist-packages/nav2_msgs/msg
[1.621s] -- Up-to-date: /home/agilex/agilex_ws/install/nav2_msgs/local/lib/python3.10/dist-packages/nav2_msgs/msg/_voxel_grid_s.c
[1.621s] -- Up-to-date: /home/agilex/agilex_ws/install/nav2_msgs/local/lib/python3.10/dist-packages/nav2_msgs/msg/_behavior_tree_status_change_s.c
[1.621s] -- Up-to-date: /home/agilex/agilex_ws/install/nav2_msgs/local/lib/python3.10/dist-packages/nav2_msgs/msg/_particle_cloud_s.c
[1.621s] -- Up-to-date: /home/agilex/agilex_ws/install/nav2_msgs/local/lib/python3.10/dist-packages/nav2_msgs/msg/_particle_cloud.py
[1.621s] -- Up-to-date: /home/agilex/agilex_ws/install/nav2_msgs/local/lib/python3.10/dist-packages/nav2_msgs/msg/_speed_limit_s.c
[1.621s] -- Up-to-date: /home/agilex/agilex_ws/install/nav2_msgs/local/lib/python3.10/dist-packages/nav2_msgs/msg/_costmap_meta_data.py
[1.621s] -- Up-to-date: /home/agilex/agilex_ws/install/nav2_msgs/local/lib/python3.10/dist-packages/nav2_msgs/msg/_costmap_filter_info_s.c
[1.621s] -- Up-to-date: /home/agilex/agilex_ws/install/nav2_msgs/local/lib/python3.10/dist-packages/nav2_msgs/msg/__init__.py
[1.621s] -- Up-to-date: /home/agilex/agilex_ws/install/nav2_msgs/local/lib/python3.10/dist-packages/nav2_msgs/msg/_costmap_filter_info.py
[1.621s] -- Up-to-date: /home/agilex/agilex_ws/install/nav2_msgs/local/lib/python3.10/dist-packages/nav2_msgs/msg/_behavior_tree_log_s.c
[1.621s] -- Up-to-date: /home/agilex/agilex_ws/install/nav2_msgs/local/lib/python3.10/dist-packages/nav2_msgs/msg/_speed_limit.py
[1.621s] -- Up-to-date: /home/agilex/agilex_ws/install/nav2_msgs/local/lib/python3.10/dist-packages/nav2_msgs/msg/_costmap_meta_data_s.c
[1.621s] -- Up-to-date: /home/agilex/agilex_ws/install/nav2_msgs/local/lib/python3.10/dist-packages/nav2_msgs/msg/_particle.py
[1.622s] -- Up-to-date: /home/agilex/agilex_ws/install/nav2_msgs/local/lib/python3.10/dist-packages/nav2_msgs/msg/_behavior_tree_log.py
[1.622s] -- Up-to-date: /home/agilex/agilex_ws/install/nav2_msgs/local/lib/python3.10/dist-packages/nav2_msgs/msg/_voxel_grid.py
[1.622s] -- Up-to-date: /home/agilex/agilex_ws/install/nav2_msgs/local/lib/python3.10/dist-packages/nav2_msgs/msg/_costmap.py
[1.622s] -- Up-to-date: /home/agilex/agilex_ws/install/nav2_msgs/local/lib/python3.10/dist-packages/nav2_msgs/msg/_behavior_tree_status_change.py
[1.622s] -- Up-to-date: /home/agilex/agilex_ws/install/nav2_msgs/local/lib/python3.10/dist-packages/nav2_msgs/msg/_particle_s.c
[1.622s] -- Up-to-date: /home/agilex/agilex_ws/install/nav2_msgs/local/lib/python3.10/dist-packages/nav2_msgs/msg/_costmap_s.c
[1.622s] -- Up-to-date: /home/agilex/agilex_ws/install/nav2_msgs/local/lib/python3.10/dist-packages/nav2_msgs/action
[1.622s] -- Up-to-date: /home/agilex/agilex_ws/install/nav2_msgs/local/lib/python3.10/dist-packages/nav2_msgs/action/_follow_waypoints.py
[1.622s] -- Up-to-date: /home/agilex/agilex_ws/install/nav2_msgs/local/lib/python3.10/dist-packages/nav2_msgs/action/_dummy_behavior_s.c
[1.622s] -- Up-to-date: /home/agilex/agilex_ws/install/nav2_msgs/local/lib/python3.10/dist-packages/nav2_msgs/action/_compute_path_through_poses.py
[1.622s] -- Up-to-date: /home/agilex/agilex_ws/install/nav2_msgs/local/lib/python3.10/dist-packages/nav2_msgs/action/_wait.py
[1.622s] -- Up-to-date: /home/agilex/agilex_ws/install/nav2_msgs/local/lib/python3.10/dist-packages/nav2_msgs/action/_navigate_to_pose.py
[1.622s] -- Up-to-date: /home/agilex/agilex_ws/install/nav2_msgs/local/lib/python3.10/dist-packages/nav2_msgs/action/_drive_on_heading_s.c
[1.622s] -- Up-to-date: /home/agilex/agilex_ws/install/nav2_msgs/local/lib/python3.10/dist-packages/nav2_msgs/action/__init__.py
[1.622s] -- Up-to-date: /home/agilex/agilex_ws/install/nav2_msgs/local/lib/python3.10/dist-packages/nav2_msgs/action/_wait_s.c
[1.622s] -- Up-to-date: /home/agilex/agilex_ws/install/nav2_msgs/local/lib/python3.10/dist-packages/nav2_msgs/action/_spin_s.c
[1.622s] -- Up-to-date: /home/agilex/agilex_ws/install/nav2_msgs/local/lib/python3.10/dist-packages/nav2_msgs/action/_dummy_behavior.py
[1.622s] -- Up-to-date: /home/agilex/agilex_ws/install/nav2_msgs/local/lib/python3.10/dist-packages/nav2_msgs/action/_compute_path_through_poses_s.c
[1.622s] -- Up-to-date: /home/agilex/agilex_ws/install/nav2_msgs/local/lib/python3.10/dist-packages/nav2_msgs/action/_spin.py
[1.622s] -- Up-to-date: /home/agilex/agilex_ws/install/nav2_msgs/local/lib/python3.10/dist-packages/nav2_msgs/action/_back_up_s.c
[1.622s] -- Up-to-date: /home/agilex/agilex_ws/install/nav2_msgs/local/lib/python3.10/dist-packages/nav2_msgs/action/_navigate_to_pose_s.c
[1.622s] -- Up-to-date: /home/agilex/agilex_ws/install/nav2_msgs/local/lib/python3.10/dist-packages/nav2_msgs/action/_smooth_path_s.c
[1.622s] -- Up-to-date: /home/agilex/agilex_ws/install/nav2_msgs/local/lib/python3.10/dist-packages/nav2_msgs/action/_compute_path_to_pose.py
[1.622s] -- Up-to-date: /home/agilex/agilex_ws/install/nav2_msgs/local/lib/python3.10/dist-packages/nav2_msgs/action/_drive_on_heading.py
[1.622s] -- Up-to-date: /home/agilex/agilex_ws/install/nav2_msgs/local/lib/python3.10/dist-packages/nav2_msgs/action/_follow_path.py
[1.622s] -- Up-to-date: /home/agilex/agilex_ws/install/nav2_msgs/local/lib/python3.10/dist-packages/nav2_msgs/action/_navigate_through_poses.py
[1.622s] -- Up-to-date: /home/agilex/agilex_ws/install/nav2_msgs/local/lib/python3.10/dist-packages/nav2_msgs/action/_navigate_through_poses_s.c
[1.622s] -- Up-to-date: /home/agilex/agilex_ws/install/nav2_msgs/local/lib/python3.10/dist-packages/nav2_msgs/action/_follow_path_s.c
[1.623s] -- Up-to-date: /home/agilex/agilex_ws/install/nav2_msgs/local/lib/python3.10/dist-packages/nav2_msgs/action/_follow_waypoints_s.c
[1.623s] -- Up-to-date: /home/agilex/agilex_ws/install/nav2_msgs/local/lib/python3.10/dist-packages/nav2_msgs/action/_compute_path_to_pose_s.c
[1.623s] -- Up-to-date: /home/agilex/agilex_ws/install/nav2_msgs/local/lib/python3.10/dist-packages/nav2_msgs/action/_back_up.py
[1.623s] -- Up-to-date: /home/agilex/agilex_ws/install/nav2_msgs/local/lib/python3.10/dist-packages/nav2_msgs/action/_smooth_path.py
[1.623s] -- Up-to-date: /home/agilex/agilex_ws/install/nav2_msgs/local/lib/python3.10/dist-packages/nav2_msgs/nav2_msgs_s__rosidl_typesupport_introspection_c.cpython-310-x86_64-linux-gnu.so
[1.623s] -- Up-to-date: /home/agilex/agilex_ws/install/nav2_msgs/local/lib/python3.10/dist-packages/nav2_msgs/_nav2_msgs_s.ep.rosidl_typesupport_introspection_c.c
[1.623s] -- Up-to-date: /home/agilex/agilex_ws/install/nav2_msgs/local/lib/python3.10/dist-packages/nav2_msgs/_nav2_msgs_s.ep.rosidl_typesupport_fastrtps_c.c
[1.623s] -- Up-to-date: /home/agilex/agilex_ws/install/nav2_msgs/local/lib/python3.10/dist-packages/nav2_msgs/nav2_msgs_s__rosidl_typesupport_fastrtps_c.cpython-310-x86_64-linux-gnu.so
[1.623s] Listing '/home/agilex/agilex_ws/install/nav2_msgs/local/lib/python3.10/dist-packages/nav2_msgs'...
[1.623s] Listing '/home/agilex/agilex_ws/install/nav2_msgs/local/lib/python3.10/dist-packages/nav2_msgs/action'...
[1.623s] Listing '/home/agilex/agilex_ws/install/nav2_msgs/local/lib/python3.10/dist-packages/nav2_msgs/msg'...
[1.623s] Listing '/home/agilex/agilex_ws/install/nav2_msgs/local/lib/python3.10/dist-packages/nav2_msgs/srv'...
[1.625s] -- Up-to-date: /home/agilex/agilex_ws/install/nav2_msgs/local/lib/python3.10/dist-packages/nav2_msgs/nav2_msgs_s__rosidl_typesupport_fastrtps_c.cpython-310-x86_64-linux-gnu.so
[1.626s] -- Up-to-date: /home/agilex/agilex_ws/install/nav2_msgs/local/lib/python3.10/dist-packages/nav2_msgs/nav2_msgs_s__rosidl_typesupport_introspection_c.cpython-310-x86_64-linux-gnu.so
[1.626s] -- Up-to-date: /home/agilex/agilex_ws/install/nav2_msgs/local/lib/python3.10/dist-packages/nav2_msgs/nav2_msgs_s__rosidl_typesupport_c.cpython-310-x86_64-linux-gnu.so
[1.627s] -- Up-to-date: /home/agilex/agilex_ws/install/nav2_msgs/lib/libnav2_msgs__rosidl_generator_py.so
[1.627s] -- Up-to-date: /home/agilex/agilex_ws/install/nav2_msgs/share/nav2_msgs/msg/Costmap.idl
[1.627s] -- Up-to-date: /home/agilex/agilex_ws/install/nav2_msgs/share/nav2_msgs/msg/CostmapMetaData.idl
[1.627s] -- Up-to-date: /home/agilex/agilex_ws/install/nav2_msgs/share/nav2_msgs/msg/CostmapFilterInfo.idl
[1.627s] -- Up-to-date: /home/agilex/agilex_ws/install/nav2_msgs/share/nav2_msgs/msg/SpeedLimit.idl
[1.627s] -- Up-to-date: /home/agilex/agilex_ws/install/nav2_msgs/share/nav2_msgs/msg/VoxelGrid.idl
[1.627s] -- Up-to-date: /home/agilex/agilex_ws/install/nav2_msgs/share/nav2_msgs/msg/BehaviorTreeStatusChange.idl
[1.627s] -- Up-to-date: /home/agilex/agilex_ws/install/nav2_msgs/share/nav2_msgs/msg/BehaviorTreeLog.idl
[1.628s] -- Up-to-date: /home/agilex/agilex_ws/install/nav2_msgs/share/nav2_msgs/msg/Particle.idl
[1.628s] -- Up-to-date: /home/agilex/agilex_ws/install/nav2_msgs/share/nav2_msgs/msg/ParticleCloud.idl
[1.628s] -- Up-to-date: /home/agilex/agilex_ws/install/nav2_msgs/share/nav2_msgs/srv/GetCostmap.idl
[1.628s] -- Up-to-date: /home/agilex/agilex_ws/install/nav2_msgs/share/nav2_msgs/srv/IsPathValid.idl
[1.628s] -- Up-to-date: /home/agilex/agilex_ws/install/nav2_msgs/share/nav2_msgs/srv/ClearCostmapExceptRegion.idl
[1.628s] -- Up-to-date: /home/agilex/agilex_ws/install/nav2_msgs/share/nav2_msgs/srv/ClearCostmapAroundRobot.idl
[1.628s] -- Up-to-date: /home/agilex/agilex_ws/install/nav2_msgs/share/nav2_msgs/srv/ClearEntireCostmap.idl
[1.628s] -- Up-to-date: /home/agilex/agilex_ws/install/nav2_msgs/share/nav2_msgs/srv/ManageLifecycleNodes.idl
[1.628s] -- Up-to-date: /home/agilex/agilex_ws/install/nav2_msgs/share/nav2_msgs/srv/LoadMap.idl
[1.628s] -- Up-to-date: /home/agilex/agilex_ws/install/nav2_msgs/share/nav2_msgs/srv/SaveMap.idl
[1.628s] -- Up-to-date: /home/agilex/agilex_ws/install/nav2_msgs/share/nav2_msgs/action/BackUp.idl
[1.628s] -- Up-to-date: /home/agilex/agilex_ws/install/nav2_msgs/share/nav2_msgs/action/ComputePathToPose.idl
[1.628s] -- Up-to-date: /home/agilex/agilex_ws/install/nav2_msgs/share/nav2_msgs/action/ComputePathThroughPoses.idl
[1.628s] -- Up-to-date: /home/agilex/agilex_ws/install/nav2_msgs/share/nav2_msgs/action/DriveOnHeading.idl
[1.629s] -- Up-to-date: /home/agilex/agilex_ws/install/nav2_msgs/share/nav2_msgs/action/SmoothPath.idl
[1.629s] -- Up-to-date: /home/agilex/agilex_ws/install/nav2_msgs/share/nav2_msgs/action/FollowPath.idl
[1.629s] -- Up-to-date: /home/agilex/agilex_ws/install/nav2_msgs/share/nav2_msgs/action/NavigateToPose.idl
[1.629s] -- Up-to-date: /home/agilex/agilex_ws/install/nav2_msgs/share/nav2_msgs/action/NavigateThroughPoses.idl
[1.629s] -- Up-to-date: /home/agilex/agilex_ws/install/nav2_msgs/share/nav2_msgs/action/Wait.idl
[1.629s] -- Up-to-date: /home/agilex/agilex_ws/install/nav2_msgs/share/nav2_msgs/action/Spin.idl
[1.629s] -- Up-to-date: /home/agilex/agilex_ws/install/nav2_msgs/share/nav2_msgs/action/DummyBehavior.idl
[1.629s] -- Up-to-date: /home/agilex/agilex_ws/install/nav2_msgs/share/nav2_msgs/action/FollowWaypoints.idl
[1.629s] -- Up-to-date: /home/agilex/agilex_ws/install/nav2_msgs/share/nav2_msgs/msg/Costmap.msg
[1.629s] -- Up-to-date: /home/agilex/agilex_ws/install/nav2_msgs/share/nav2_msgs/msg/CostmapMetaData.msg
[1.629s] -- Up-to-date: /home/agilex/agilex_ws/install/nav2_msgs/share/nav2_msgs/msg/CostmapFilterInfo.msg
[1.629s] -- Up-to-date: /home/agilex/agilex_ws/install/nav2_msgs/share/nav2_msgs/msg/SpeedLimit.msg
[1.629s] -- Up-to-date: /home/agilex/agilex_ws/install/nav2_msgs/share/nav2_msgs/msg/VoxelGrid.msg
[1.629s] -- Up-to-date: /home/agilex/agilex_ws/install/nav2_msgs/share/nav2_msgs/msg/BehaviorTreeStatusChange.msg
[1.630s] -- Up-to-date: /home/agilex/agilex_ws/install/nav2_msgs/share/nav2_msgs/msg/BehaviorTreeLog.msg
[1.630s] -- Up-to-date: /home/agilex/agilex_ws/install/nav2_msgs/share/nav2_msgs/msg/Particle.msg
[1.630s] -- Up-to-date: /home/agilex/agilex_ws/install/nav2_msgs/share/nav2_msgs/msg/ParticleCloud.msg
[1.630s] -- Up-to-date: /home/agilex/agilex_ws/install/nav2_msgs/share/nav2_msgs/srv/GetCostmap.srv
[1.630s] -- Up-to-date: /home/agilex/agilex_ws/install/nav2_msgs/share/nav2_msgs/srv/GetCostmap_Request.msg
[1.630s] -- Up-to-date: /home/agilex/agilex_ws/install/nav2_msgs/share/nav2_msgs/srv/GetCostmap_Response.msg
[1.630s] -- Up-to-date: /home/agilex/agilex_ws/install/nav2_msgs/share/nav2_msgs/srv/IsPathValid.srv
[1.630s] -- Up-to-date: /home/agilex/agilex_ws/install/nav2_msgs/share/nav2_msgs/srv/IsPathValid_Request.msg
[1.630s] -- Up-to-date: /home/agilex/agilex_ws/install/nav2_msgs/share/nav2_msgs/srv/IsPathValid_Response.msg
[1.630s] -- Up-to-date: /home/agilex/agilex_ws/install/nav2_msgs/share/nav2_msgs/srv/ClearCostmapExceptRegion.srv
[1.630s] -- Up-to-date: /home/agilex/agilex_ws/install/nav2_msgs/share/nav2_msgs/srv/ClearCostmapExceptRegion_Request.msg
[1.630s] -- Up-to-date: /home/agilex/agilex_ws/install/nav2_msgs/share/nav2_msgs/srv/ClearCostmapExceptRegion_Response.msg
[1.630s] -- Up-to-date: /home/agilex/agilex_ws/install/nav2_msgs/share/nav2_msgs/srv/ClearCostmapAroundRobot.srv
[1.630s] -- Up-to-date: /home/agilex/agilex_ws/install/nav2_msgs/share/nav2_msgs/srv/ClearCostmapAroundRobot_Request.msg
[1.630s] -- Up-to-date: /home/agilex/agilex_ws/install/nav2_msgs/share/nav2_msgs/srv/ClearCostmapAroundRobot_Response.msg
[1.630s] -- Up-to-date: /home/agilex/agilex_ws/install/nav2_msgs/share/nav2_msgs/srv/ClearEntireCostmap.srv
[1.630s] -- Up-to-date: /home/agilex/agilex_ws/install/nav2_msgs/share/nav2_msgs/srv/ClearEntireCostmap_Request.msg
[1.630s] -- Up-to-date: /home/agilex/agilex_ws/install/nav2_msgs/share/nav2_msgs/srv/ClearEntireCostmap_Response.msg
[1.630s] -- Up-to-date: /home/agilex/agilex_ws/install/nav2_msgs/share/nav2_msgs/srv/ManageLifecycleNodes.srv
[1.630s] -- Up-to-date: /home/agilex/agilex_ws/install/nav2_msgs/share/nav2_msgs/srv/ManageLifecycleNodes_Request.msg
[1.631s] -- Up-to-date: /home/agilex/agilex_ws/install/nav2_msgs/share/nav2_msgs/srv/ManageLifecycleNodes_Response.msg
[1.631s] -- Up-to-date: /home/agilex/agilex_ws/install/nav2_msgs/share/nav2_msgs/srv/LoadMap.srv
[1.631s] -- Up-to-date: /home/agilex/agilex_ws/install/nav2_msgs/share/nav2_msgs/srv/LoadMap_Request.msg
[1.631s] -- Up-to-date: /home/agilex/agilex_ws/install/nav2_msgs/share/nav2_msgs/srv/LoadMap_Response.msg
[1.631s] -- Up-to-date: /home/agilex/agilex_ws/install/nav2_msgs/share/nav2_msgs/srv/SaveMap.srv
[1.631s] -- Up-to-date: /home/agilex/agilex_ws/install/nav2_msgs/share/nav2_msgs/srv/SaveMap_Request.msg
[1.631s] -- Up-to-date: /home/agilex/agilex_ws/install/nav2_msgs/share/nav2_msgs/srv/SaveMap_Response.msg
[1.631s] -- Up-to-date: /home/agilex/agilex_ws/install/nav2_msgs/share/nav2_msgs/action/BackUp.action
[1.631s] -- Up-to-date: /home/agilex/agilex_ws/install/nav2_msgs/share/nav2_msgs/action/ComputePathToPose.action
[1.631s] -- Up-to-date: /home/agilex/agilex_ws/install/nav2_msgs/share/nav2_msgs/action/ComputePathThroughPoses.action
[1.631s] -- Up-to-date: /home/agilex/agilex_ws/install/nav2_msgs/share/nav2_msgs/action/DriveOnHeading.action
[1.631s] -- Up-to-date: /home/agilex/agilex_ws/install/nav2_msgs/share/nav2_msgs/action/SmoothPath.action
[1.631s] -- Up-to-date: /home/agilex/agilex_ws/install/nav2_msgs/share/nav2_msgs/action/FollowPath.action
[1.631s] -- Up-to-date: /home/agilex/agilex_ws/install/nav2_msgs/share/nav2_msgs/action/NavigateToPose.action
[1.631s] -- Up-to-date: /home/agilex/agilex_ws/install/nav2_msgs/share/nav2_msgs/action/NavigateThroughPoses.action
[1.631s] -- Up-to-date: /home/agilex/agilex_ws/install/nav2_msgs/share/nav2_msgs/action/Wait.action
[1.631s] -- Up-to-date: /home/agilex/agilex_ws/install/nav2_msgs/share/nav2_msgs/action/Spin.action
[1.631s] -- Up-to-date: /home/agilex/agilex_ws/install/nav2_msgs/share/nav2_msgs/action/DummyBehavior.action
[1.632s] -- Up-to-date: /home/agilex/agilex_ws/install/nav2_msgs/share/nav2_msgs/action/FollowWaypoints.action
[1.632s] -- Up-to-date: /home/agilex/agilex_ws/install/nav2_msgs/share/ament_index/resource_index/package_run_dependencies/nav2_msgs
[1.632s] -- Up-to-date: /home/agilex/agilex_ws/install/nav2_msgs/share/ament_index/resource_index/parent_prefix_path/nav2_msgs
[1.632s] -- Up-to-date: /home/agilex/agilex_ws/install/nav2_msgs/share/nav2_msgs/environment/ament_prefix_path.sh
[1.632s] -- Up-to-date: /home/agilex/agilex_ws/install/nav2_msgs/share/nav2_msgs/environment/ament_prefix_path.dsv
[1.632s] -- Up-to-date: /home/agilex/agilex_ws/install/nav2_msgs/share/nav2_msgs/environment/path.sh
[1.632s] -- Up-to-date: /home/agilex/agilex_ws/install/nav2_msgs/share/nav2_msgs/environment/path.dsv
[1.632s] -- Up-to-date: /home/agilex/agilex_ws/install/nav2_msgs/share/nav2_msgs/local_setup.bash
[1.632s] -- Up-to-date: /home/agilex/agilex_ws/install/nav2_msgs/share/nav2_msgs/local_setup.sh
[1.632s] -- Up-to-date: /home/agilex/agilex_ws/install/nav2_msgs/share/nav2_msgs/local_setup.zsh
[1.632s] -- Up-to-date: /home/agilex/agilex_ws/install/nav2_msgs/share/nav2_msgs/local_setup.dsv
[1.632s] -- Installing: /home/agilex/agilex_ws/install/nav2_msgs/share/nav2_msgs/package.dsv
[1.633s] -- Up-to-date: /home/agilex/agilex_ws/install/nav2_msgs/share/ament_index/resource_index/packages/nav2_msgs
[1.634s] -- Up-to-date: /home/agilex/agilex_ws/install/nav2_msgs/share/nav2_msgs/cmake/export_nav2_msgs__rosidl_generator_cExport.cmake
[1.634s] -- Up-to-date: /home/agilex/agilex_ws/install/nav2_msgs/share/nav2_msgs/cmake/export_nav2_msgs__rosidl_generator_cExport-release.cmake
[1.634s] -- Up-to-date: /home/agilex/agilex_ws/install/nav2_msgs/share/nav2_msgs/cmake/export_nav2_msgs__rosidl_typesupport_fastrtps_cExport.cmake
[1.634s] -- Up-to-date: /home/agilex/agilex_ws/install/nav2_msgs/share/nav2_msgs/cmake/export_nav2_msgs__rosidl_typesupport_fastrtps_cExport-release.cmake
[1.635s] -- Up-to-date: /home/agilex/agilex_ws/install/nav2_msgs/share/nav2_msgs/cmake/export_nav2_msgs__rosidl_generator_cppExport.cmake
[1.635s] -- Up-to-date: /home/agilex/agilex_ws/install/nav2_msgs/share/nav2_msgs/cmake/export_nav2_msgs__rosidl_typesupport_fastrtps_cppExport.cmake
[1.635s] -- Up-to-date: /home/agilex/agilex_ws/install/nav2_msgs/share/nav2_msgs/cmake/export_nav2_msgs__rosidl_typesupport_fastrtps_cppExport-release.cmake
[1.635s] -- Up-to-date: /home/agilex/agilex_ws/install/nav2_msgs/share/nav2_msgs/cmake/nav2_msgs__rosidl_typesupport_introspection_cExport.cmake
[1.635s] -- Up-to-date: /home/agilex/agilex_ws/install/nav2_msgs/share/nav2_msgs/cmake/nav2_msgs__rosidl_typesupport_introspection_cExport-release.cmake
[1.636s] -- Up-to-date: /home/agilex/agilex_ws/install/nav2_msgs/share/nav2_msgs/cmake/nav2_msgs__rosidl_typesupport_cExport.cmake
[1.636s] -- Up-to-date: /home/agilex/agilex_ws/install/nav2_msgs/share/nav2_msgs/cmake/nav2_msgs__rosidl_typesupport_cExport-release.cmake
[1.636s] -- Up-to-date: /home/agilex/agilex_ws/install/nav2_msgs/share/nav2_msgs/cmake/nav2_msgs__rosidl_typesupport_introspection_cppExport.cmake
[1.636s] -- Up-to-date: /home/agilex/agilex_ws/install/nav2_msgs/share/nav2_msgs/cmake/nav2_msgs__rosidl_typesupport_introspection_cppExport-release.cmake
[1.637s] -- Up-to-date: /home/agilex/agilex_ws/install/nav2_msgs/share/nav2_msgs/cmake/nav2_msgs__rosidl_typesupport_cppExport.cmake
[1.637s] -- Up-to-date: /home/agilex/agilex_ws/install/nav2_msgs/share/nav2_msgs/cmake/nav2_msgs__rosidl_typesupport_cppExport-release.cmake
[1.637s] -- Up-to-date: /home/agilex/agilex_ws/install/nav2_msgs/share/nav2_msgs/cmake/export_nav2_msgs__rosidl_generator_pyExport.cmake
[1.637s] -- Up-to-date: /home/agilex/agilex_ws/install/nav2_msgs/share/nav2_msgs/cmake/export_nav2_msgs__rosidl_generator_pyExport-release.cmake
[1.637s] -- Up-to-date: /home/agilex/agilex_ws/install/nav2_msgs/share/nav2_msgs/cmake/rosidl_cmake-extras.cmake
[1.637s] -- Up-to-date: /home/agilex/agilex_ws/install/nav2_msgs/share/nav2_msgs/cmake/ament_cmake_export_dependencies-extras.cmake
[1.637s] -- Up-to-date: /home/agilex/agilex_ws/install/nav2_msgs/share/nav2_msgs/cmake/ament_cmake_export_include_directories-extras.cmake
[1.637s] -- Up-to-date: /home/agilex/agilex_ws/install/nav2_msgs/share/nav2_msgs/cmake/ament_cmake_export_libraries-extras.cmake
[1.637s] -- Up-to-date: /home/agilex/agilex_ws/install/nav2_msgs/share/nav2_msgs/cmake/ament_cmake_export_targets-extras.cmake
[1.637s] -- Up-to-date: /home/agilex/agilex_ws/install/nav2_msgs/share/nav2_msgs/cmake/rosidl_cmake_export_typesupport_targets-extras.cmake
[1.638s] -- Up-to-date: /home/agilex/agilex_ws/install/nav2_msgs/share/nav2_msgs/cmake/rosidl_cmake_export_typesupport_libraries-extras.cmake
[1.638s] -- Up-to-date: /home/agilex/agilex_ws/install/nav2_msgs/share/nav2_msgs/cmake/nav2_msgsConfig.cmake
[1.638s] -- Up-to-date: /home/agilex/agilex_ws/install/nav2_msgs/share/nav2_msgs/cmake/nav2_msgsConfig-version.cmake
[1.638s] -- Up-to-date: /home/agilex/agilex_ws/install/nav2_msgs/share/nav2_msgs/package.xml
[1.657s] Invoked command in '/home/agilex/agilex_ws/build/nav2_msgs' returned '0': CMAKE_PREFIX_PATH=/home/agilex/agilex_ws/install/nav2_common:/home/agilex/agilex_ws/install/ydlidar_sdk:/home/agilex/agilex_ws/install/ydlidar_ros2_driver:/home/agilex/agilex_ws/install/teb_local_planner:/home/agilex/agilex_ws/install/teb_msgs:/home/agilex/agilex_ws/install/rf2o_laser_odometry:/home/agilex/agilex_ws/install/orbbec_description:/home/agilex/agilex_ws/install/orbbec_camera:/home/agilex/agilex_ws/install/orbbec_camera_msgs:/home/agilex/agilex_ws/install/nav2_system_tests:/home/agilex/agilex_ws/install/nav2_bringup:/home/agilex/agilex_ws/install/navigation2:/home/agilex/agilex_ws/install/nav2_smoother:/home/agilex/agilex_ws/install/nav2_dwb_controller:/home/agilex/agilex_ws/install/limo_bringup:/home/agilex/agilex_ws/install/nav2_controller:/home/agilex/agilex_ws/install/dwb_plugins:/home/agilex/agilex_ws/install/dwb_critics:/home/agilex/agilex_ws/install/dwb_core:/home/agilex/agilex_ws/install/nav_2d_utils:/home/agilex/agilex_ws/install/dwb_msgs:/home/agilex/agilex_ws/install/nav_2d_msgs:/home/agilex/agilex_ws/install/nav2_waypoint_follower:/home/agilex/agilex_ws/install/nav2_theta_star_planner:/home/agilex/agilex_ws/install/nav2_smac_planner:/home/agilex/agilex_ws/install/nav2_rotation_shim_controller:/home/agilex/agilex_ws/install/nav2_regulated_pure_pursuit_controller:/home/agilex/agilex_ws/install/nav2_planner:/home/agilex/agilex_ws/install/nav2_navfn_planner:/home/agilex/agilex_ws/install/nav2_constrained_smoother:/home/agilex/agilex_ws/install/nav2_bt_navigator:/home/agilex/agilex_ws/install/nav2_behaviors:/home/agilex/agilex_ws/install/nav2_core:/home/agilex/agilex_ws/install/costmap_queue:/home/agilex/agilex_ws/install/costmap_converter:/home/agilex/agilex_ws/install/nav2_costmap_2d:/home/agilex/agilex_ws/install/nav2_voxel_grid:/home/agilex/agilex_ws/install/nav2_rviz_plugins:/home/agilex/agilex_ws/install/nav2_map_server:/home/agilex/agilex_ws/install/nav2_lifecycle_manager:/home/agilex/agilex_ws/install/nav2_behavior_tree:/home/agilex/agilex_ws/install/nav2_amcl:/home/agilex/agilex_ws/install/nav2_util:/home/agilex/agilex_ws/install/nav2_msgs:/home/agilex/agilex_ws/install/magic_enum:/home/agilex/agilex_ws/install/limo_visions:/home/agilex/agilex_ws/install/limo_base:/home/agilex/agilex_ws/install/limo_msgs:/home/agilex/agilex_ws/install/limo_description:/home/agilex/agilex_ws/install/limo_car:/home/agilex/agilex_ws/install/libuvc:/home/agilex/agilex_ws/install/glog:/home/agilex/agilex_ws/install/csm:/home/agilex/agilex_ws/install/costmap_converter_msgs:/home/agilex/agilex_ws/install/astra_camera:/home/agilex/agilex_ws/install/astra_camera_msgs:/home/agilex/agilex_ws/install/aruco_ros:/home/agilex/agilex_ws/install/aruco_msgs:/home/agilex/agilex_ws/install/aruco:/home/agilex/agilex_ws/install/yolov5_ros2:/home/agilex/agilex_ws/install/nav2_simple_commander:/opt/ros/humble /usr/bin/cmake --install /home/agilex/agilex_ws/build/nav2_msgs
