[0.301s] DEBUG:colcon:Command line arguments: ['/usr/bin/colcon', 'build']
[0.301s] DEBUG:colcon:Parsed command line arguments: Namespace(log_base=None, log_level=None, verb_name='build', build_base='build', install_base='install', merge_install=False, symlink_install=False, test_result_base=None, continue_on_error=False, executor='parallel', parallel_workers=8, event_handlers=None, ignore_user_meta=False, metas=['./colcon.meta'], base_paths=['.'], packages_ignore=None, packages_ignore_regex=None, paths=None, packages_up_to=None, packages_up_to_regex=None, packages_above=None, packages_above_and_dependencies=None, packages_above_depth=None, packages_select_by_dep=None, packages_skip_by_dep=None, packages_skip_up_to=None, packages_select_build_failed=False, packages_skip_build_finished=False, packages_select_test_failures=False, packages_skip_test_passed=False, packages_select=None, packages_skip=None, packages_select_regex=None, packages_skip_regex=None, packages_start=None, packages_end=None, allow_overriding=[], cmake_args=None, cmake_target=None, cmake_target_skip_unavailable=False, cmake_clean_cache=False, cmake_clean_first=False, cmake_force_configure=False, ament_cmake_args=None, catkin_cmake_args=None, catkin_skip_building_tests=False, verb_parser=<colcon_defaults.argument_parser.defaults.DefaultArgumentsDecorator object at 0x7f9af607e1a0>, verb_extension=<colcon_core.verb.build.BuildVerb object at 0x7f9af67ffac0>, main=<bound method BuildVerb.main of <colcon_core.verb.build.BuildVerb object at 0x7f9af67ffac0>>)
[0.327s] Level 1:colcon.colcon_core.package_discovery:discover_packages(colcon_meta) check parameters
[0.327s] Level 1:colcon.colcon_core.package_discovery:discover_packages(recursive) check parameters
[0.327s] Level 1:colcon.colcon_core.package_discovery:discover_packages(ignore) check parameters
[0.327s] Level 1:colcon.colcon_core.package_discovery:discover_packages(path) check parameters
[0.327s] Level 1:colcon.colcon_core.package_discovery:discover_packages(colcon_meta) discover
[0.328s] Level 1:colcon.colcon_core.package_discovery:discover_packages(recursive) discover
[0.328s] INFO:colcon.colcon_core.package_discovery:Crawling recursively for packages in '/home/agilex/agilex_ws'
[0.328s] Level 1:colcon.colcon_core.package_identification:_identify(.) by extensions ['ignore', 'ignore_ament_install']
[0.328s] Level 1:colcon.colcon_core.package_identification:_identify(.) by extension 'ignore'
[0.328s] Level 1:colcon.colcon_core.package_identification:_identify(.) by extension 'ignore_ament_install'
[0.328s] Level 1:colcon.colcon_core.package_identification:_identify(.) by extensions ['colcon_pkg']
[0.328s] Level 1:colcon.colcon_core.package_identification:_identify(.) by extension 'colcon_pkg'
[0.328s] Level 1:colcon.colcon_core.package_identification:_identify(.) by extensions ['colcon_meta']
[0.328s] Level 1:colcon.colcon_core.package_identification:_identify(.) by extension 'colcon_meta'
[0.328s] Level 1:colcon.colcon_core.package_identification:_identify(.) by extensions ['ros']
[0.328s] Level 1:colcon.colcon_core.package_identification:_identify(.) by extension 'ros'
[0.337s] Level 1:colcon.colcon_core.package_identification:_identify(.) by extensions ['cmake', 'python']
[0.337s] Level 1:colcon.colcon_core.package_identification:_identify(.) by extension 'cmake'
[0.338s] Level 1:colcon.colcon_core.package_identification:_identify(.) by extension 'python'
[0.338s] Level 1:colcon.colcon_core.package_identification:_identify(.) by extensions ['python_setup_py']
[0.338s] Level 1:colcon.colcon_core.package_identification:_identify(.) by extension 'python_setup_py'
[0.338s] Level 1:colcon.colcon_core.package_identification:_identify(build) by extensions ['ignore', 'ignore_ament_install']
[0.338s] Level 1:colcon.colcon_core.package_identification:_identify(build) by extension 'ignore'
[0.338s] Level 1:colcon.colcon_core.package_identification:_identify(build) ignored
[0.338s] Level 1:colcon.colcon_core.package_identification:_identify(install) by extensions ['ignore', 'ignore_ament_install']
[0.338s] Level 1:colcon.colcon_core.package_identification:_identify(install) by extension 'ignore'
[0.338s] Level 1:colcon.colcon_core.package_identification:_identify(install) ignored
[0.338s] Level 1:colcon.colcon_core.package_identification:_identify(log) by extensions ['ignore', 'ignore_ament_install']
[0.338s] Level 1:colcon.colcon_core.package_identification:_identify(log) by extension 'ignore'
[0.338s] Level 1:colcon.colcon_core.package_identification:_identify(log) ignored
[0.338s] Level 1:colcon.colcon_core.package_identification:_identify(src) by extensions ['ignore', 'ignore_ament_install']
[0.338s] Level 1:colcon.colcon_core.package_identification:_identify(src) by extension 'ignore'
[0.338s] Level 1:colcon.colcon_core.package_identification:_identify(src) by extension 'ignore_ament_install'
[0.339s] Level 1:colcon.colcon_core.package_identification:_identify(src) by extensions ['colcon_pkg']
[0.339s] Level 1:colcon.colcon_core.package_identification:_identify(src) by extension 'colcon_pkg'
[0.339s] Level 1:colcon.colcon_core.package_identification:_identify(src) by extensions ['colcon_meta']
[0.339s] Level 1:colcon.colcon_core.package_identification:_identify(src) by extension 'colcon_meta'
[0.339s] Level 1:colcon.colcon_core.package_identification:_identify(src) by extensions ['ros']
[0.339s] Level 1:colcon.colcon_core.package_identification:_identify(src) by extension 'ros'
[0.339s] Level 1:colcon.colcon_core.package_identification:_identify(src) by extensions ['cmake', 'python']
[0.339s] Level 1:colcon.colcon_core.package_identification:_identify(src) by extension 'cmake'
[0.339s] Level 1:colcon.colcon_core.package_identification:_identify(src) by extension 'python'
[0.339s] Level 1:colcon.colcon_core.package_identification:_identify(src) by extensions ['python_setup_py']
[0.339s] Level 1:colcon.colcon_core.package_identification:_identify(src) by extension 'python_setup_py'
[0.339s] Level 1:colcon.colcon_core.package_identification:_identify(src/YDLidar-SDK) by extensions ['ignore', 'ignore_ament_install']
[0.339s] Level 1:colcon.colcon_core.package_identification:_identify(src/YDLidar-SDK) by extension 'ignore'
[0.339s] Level 1:colcon.colcon_core.package_identification:_identify(src/YDLidar-SDK) by extension 'ignore_ament_install'
[0.339s] Level 1:colcon.colcon_core.package_identification:_identify(src/YDLidar-SDK) by extensions ['colcon_pkg']
[0.339s] Level 1:colcon.colcon_core.package_identification:_identify(src/YDLidar-SDK) by extension 'colcon_pkg'
[0.339s] Level 1:colcon.colcon_core.package_identification:_identify(src/YDLidar-SDK) by extensions ['colcon_meta']
[0.339s] Level 1:colcon.colcon_core.package_identification:_identify(src/YDLidar-SDK) by extension 'colcon_meta'
[0.339s] Level 1:colcon.colcon_core.package_identification:_identify(src/YDLidar-SDK) by extensions ['ros']
[0.339s] Level 1:colcon.colcon_core.package_identification:_identify(src/YDLidar-SDK) by extension 'ros'
[0.339s] Level 1:colcon.colcon_core.package_identification:_identify(src/YDLidar-SDK) by extensions ['cmake', 'python']
[0.339s] Level 1:colcon.colcon_core.package_identification:_identify(src/YDLidar-SDK) by extension 'cmake'
[0.356s] Level 1:colcon.colcon_core.package_identification:_identify(src/YDLidar-SDK) by extension 'python'
[0.356s] DEBUG:colcon.colcon_core.package_identification:Package 'src/YDLidar-SDK' with type 'cmake' and name 'ydlidar_sdk'
[0.356s] Level 1:colcon.colcon_core.package_identification:_identify(src/aruco_ros) by extensions ['ignore', 'ignore_ament_install']
[0.356s] Level 1:colcon.colcon_core.package_identification:_identify(src/aruco_ros) by extension 'ignore'
[0.356s] Level 1:colcon.colcon_core.package_identification:_identify(src/aruco_ros) by extension 'ignore_ament_install'
[0.356s] Level 1:colcon.colcon_core.package_identification:_identify(src/aruco_ros) by extensions ['colcon_pkg']
[0.356s] Level 1:colcon.colcon_core.package_identification:_identify(src/aruco_ros) by extension 'colcon_pkg'
[0.356s] Level 1:colcon.colcon_core.package_identification:_identify(src/aruco_ros) by extensions ['colcon_meta']
[0.356s] Level 1:colcon.colcon_core.package_identification:_identify(src/aruco_ros) by extension 'colcon_meta'
[0.356s] Level 1:colcon.colcon_core.package_identification:_identify(src/aruco_ros) by extensions ['ros']
[0.356s] Level 1:colcon.colcon_core.package_identification:_identify(src/aruco_ros) by extension 'ros'
[0.356s] Level 1:colcon.colcon_core.package_identification:_identify(src/aruco_ros) by extensions ['cmake', 'python']
[0.356s] Level 1:colcon.colcon_core.package_identification:_identify(src/aruco_ros) by extension 'cmake'
[0.356s] Level 1:colcon.colcon_core.package_identification:_identify(src/aruco_ros) by extension 'python'
[0.356s] Level 1:colcon.colcon_core.package_identification:_identify(src/aruco_ros) by extensions ['python_setup_py']
[0.356s] Level 1:colcon.colcon_core.package_identification:_identify(src/aruco_ros) by extension 'python_setup_py'
[0.357s] Level 1:colcon.colcon_core.package_identification:_identify(src/aruco_ros/aruco) by extensions ['ignore', 'ignore_ament_install']
[0.357s] Level 1:colcon.colcon_core.package_identification:_identify(src/aruco_ros/aruco) by extension 'ignore'
[0.357s] Level 1:colcon.colcon_core.package_identification:_identify(src/aruco_ros/aruco) by extension 'ignore_ament_install'
[0.357s] Level 1:colcon.colcon_core.package_identification:_identify(src/aruco_ros/aruco) by extensions ['colcon_pkg']
[0.357s] Level 1:colcon.colcon_core.package_identification:_identify(src/aruco_ros/aruco) by extension 'colcon_pkg'
[0.357s] Level 1:colcon.colcon_core.package_identification:_identify(src/aruco_ros/aruco) by extensions ['colcon_meta']
[0.357s] Level 1:colcon.colcon_core.package_identification:_identify(src/aruco_ros/aruco) by extension 'colcon_meta'
[0.357s] Level 1:colcon.colcon_core.package_identification:_identify(src/aruco_ros/aruco) by extensions ['ros']
[0.357s] Level 1:colcon.colcon_core.package_identification:_identify(src/aruco_ros/aruco) by extension 'ros'
[0.359s] DEBUG:colcon.colcon_core.package_identification:Package 'src/aruco_ros/aruco' with type 'ros.ament_cmake' and name 'aruco'
[0.359s] Level 1:colcon.colcon_core.package_identification:_identify(src/aruco_ros/aruco_msgs) by extensions ['ignore', 'ignore_ament_install']
[0.359s] Level 1:colcon.colcon_core.package_identification:_identify(src/aruco_ros/aruco_msgs) by extension 'ignore'
[0.359s] Level 1:colcon.colcon_core.package_identification:_identify(src/aruco_ros/aruco_msgs) by extension 'ignore_ament_install'
[0.360s] Level 1:colcon.colcon_core.package_identification:_identify(src/aruco_ros/aruco_msgs) by extensions ['colcon_pkg']
[0.360s] Level 1:colcon.colcon_core.package_identification:_identify(src/aruco_ros/aruco_msgs) by extension 'colcon_pkg'
[0.360s] Level 1:colcon.colcon_core.package_identification:_identify(src/aruco_ros/aruco_msgs) by extensions ['colcon_meta']
[0.360s] Level 1:colcon.colcon_core.package_identification:_identify(src/aruco_ros/aruco_msgs) by extension 'colcon_meta'
[0.360s] Level 1:colcon.colcon_core.package_identification:_identify(src/aruco_ros/aruco_msgs) by extensions ['ros']
[0.360s] Level 1:colcon.colcon_core.package_identification:_identify(src/aruco_ros/aruco_msgs) by extension 'ros'
[0.360s] DEBUG:colcon.colcon_core.package_identification:Package 'src/aruco_ros/aruco_msgs' with type 'ros.ament_cmake' and name 'aruco_msgs'
[0.360s] Level 1:colcon.colcon_core.package_identification:_identify(src/aruco_ros/aruco_ros) by extensions ['ignore', 'ignore_ament_install']
[0.360s] Level 1:colcon.colcon_core.package_identification:_identify(src/aruco_ros/aruco_ros) by extension 'ignore'
[0.360s] Level 1:colcon.colcon_core.package_identification:_identify(src/aruco_ros/aruco_ros) by extension 'ignore_ament_install'
[0.361s] Level 1:colcon.colcon_core.package_identification:_identify(src/aruco_ros/aruco_ros) by extensions ['colcon_pkg']
[0.361s] Level 1:colcon.colcon_core.package_identification:_identify(src/aruco_ros/aruco_ros) by extension 'colcon_pkg'
[0.361s] Level 1:colcon.colcon_core.package_identification:_identify(src/aruco_ros/aruco_ros) by extensions ['colcon_meta']
[0.361s] Level 1:colcon.colcon_core.package_identification:_identify(src/aruco_ros/aruco_ros) by extension 'colcon_meta'
[0.361s] Level 1:colcon.colcon_core.package_identification:_identify(src/aruco_ros/aruco_ros) by extensions ['ros']
[0.361s] Level 1:colcon.colcon_core.package_identification:_identify(src/aruco_ros/aruco_ros) by extension 'ros'
[0.362s] DEBUG:colcon.colcon_core.package_identification:Package 'src/aruco_ros/aruco_ros' with type 'ros.ament_cmake' and name 'aruco_ros'
[0.362s] Level 1:colcon.colcon_core.package_identification:_identify(src/costmap_converter) by extensions ['ignore', 'ignore_ament_install']
[0.362s] Level 1:colcon.colcon_core.package_identification:_identify(src/costmap_converter) by extension 'ignore'
[0.362s] Level 1:colcon.colcon_core.package_identification:_identify(src/costmap_converter) by extension 'ignore_ament_install'
[0.362s] Level 1:colcon.colcon_core.package_identification:_identify(src/costmap_converter) by extensions ['colcon_pkg']
[0.362s] Level 1:colcon.colcon_core.package_identification:_identify(src/costmap_converter) by extension 'colcon_pkg'
[0.363s] Level 1:colcon.colcon_core.package_identification:_identify(src/costmap_converter) by extensions ['colcon_meta']
[0.363s] Level 1:colcon.colcon_core.package_identification:_identify(src/costmap_converter) by extension 'colcon_meta'
[0.363s] Level 1:colcon.colcon_core.package_identification:_identify(src/costmap_converter) by extensions ['ros']
[0.363s] Level 1:colcon.colcon_core.package_identification:_identify(src/costmap_converter) by extension 'ros'
[0.363s] Level 1:colcon.colcon_core.package_identification:_identify(src/costmap_converter) by extensions ['cmake', 'python']
[0.363s] Level 1:colcon.colcon_core.package_identification:_identify(src/costmap_converter) by extension 'cmake'
[0.363s] Level 1:colcon.colcon_core.package_identification:_identify(src/costmap_converter) by extension 'python'
[0.363s] Level 1:colcon.colcon_core.package_identification:_identify(src/costmap_converter) by extensions ['python_setup_py']
[0.363s] Level 1:colcon.colcon_core.package_identification:_identify(src/costmap_converter) by extension 'python_setup_py'
[0.363s] Level 1:colcon.colcon_core.package_identification:_identify(src/costmap_converter/costmap_converter) by extensions ['ignore', 'ignore_ament_install']
[0.363s] Level 1:colcon.colcon_core.package_identification:_identify(src/costmap_converter/costmap_converter) by extension 'ignore'
[0.363s] Level 1:colcon.colcon_core.package_identification:_identify(src/costmap_converter/costmap_converter) by extension 'ignore_ament_install'
[0.363s] Level 1:colcon.colcon_core.package_identification:_identify(src/costmap_converter/costmap_converter) by extensions ['colcon_pkg']
[0.363s] Level 1:colcon.colcon_core.package_identification:_identify(src/costmap_converter/costmap_converter) by extension 'colcon_pkg'
[0.363s] Level 1:colcon.colcon_core.package_identification:_identify(src/costmap_converter/costmap_converter) by extensions ['colcon_meta']
[0.363s] Level 1:colcon.colcon_core.package_identification:_identify(src/costmap_converter/costmap_converter) by extension 'colcon_meta'
[0.363s] Level 1:colcon.colcon_core.package_identification:_identify(src/costmap_converter/costmap_converter) by extensions ['ros']
[0.363s] Level 1:colcon.colcon_core.package_identification:_identify(src/costmap_converter/costmap_converter) by extension 'ros'
[0.364s] DEBUG:colcon.colcon_core.package_identification:Package 'src/costmap_converter/costmap_converter' with type 'ros.ament_cmake' and name 'costmap_converter'
[0.364s] Level 1:colcon.colcon_core.package_identification:_identify(src/costmap_converter/costmap_converter_msgs) by extensions ['ignore', 'ignore_ament_install']
[0.364s] Level 1:colcon.colcon_core.package_identification:_identify(src/costmap_converter/costmap_converter_msgs) by extension 'ignore'
[0.364s] Level 1:colcon.colcon_core.package_identification:_identify(src/costmap_converter/costmap_converter_msgs) by extension 'ignore_ament_install'
[0.365s] Level 1:colcon.colcon_core.package_identification:_identify(src/costmap_converter/costmap_converter_msgs) by extensions ['colcon_pkg']
[0.365s] Level 1:colcon.colcon_core.package_identification:_identify(src/costmap_converter/costmap_converter_msgs) by extension 'colcon_pkg'
[0.365s] Level 1:colcon.colcon_core.package_identification:_identify(src/costmap_converter/costmap_converter_msgs) by extensions ['colcon_meta']
[0.365s] Level 1:colcon.colcon_core.package_identification:_identify(src/costmap_converter/costmap_converter_msgs) by extension 'colcon_meta'
[0.365s] Level 1:colcon.colcon_core.package_identification:_identify(src/costmap_converter/costmap_converter_msgs) by extensions ['ros']
[0.365s] Level 1:colcon.colcon_core.package_identification:_identify(src/costmap_converter/costmap_converter_msgs) by extension 'ros'
[0.365s] DEBUG:colcon.colcon_core.package_identification:Package 'src/costmap_converter/costmap_converter_msgs' with type 'ros.ament_cmake' and name 'costmap_converter_msgs'
[0.365s] Level 1:colcon.colcon_core.package_identification:_identify(src/csm) by extensions ['ignore', 'ignore_ament_install']
[0.365s] Level 1:colcon.colcon_core.package_identification:_identify(src/csm) by extension 'ignore'
[0.365s] Level 1:colcon.colcon_core.package_identification:_identify(src/csm) by extension 'ignore_ament_install'
[0.366s] Level 1:colcon.colcon_core.package_identification:_identify(src/csm) by extensions ['colcon_pkg']
[0.366s] Level 1:colcon.colcon_core.package_identification:_identify(src/csm) by extension 'colcon_pkg'
[0.366s] Level 1:colcon.colcon_core.package_identification:_identify(src/csm) by extensions ['colcon_meta']
[0.366s] Level 1:colcon.colcon_core.package_identification:_identify(src/csm) by extension 'colcon_meta'
[0.366s] Level 1:colcon.colcon_core.package_identification:_identify(src/csm) by extensions ['ros']
[0.366s] Level 1:colcon.colcon_core.package_identification:_identify(src/csm) by extension 'ros'
[0.366s] DEBUG:colcon.colcon_core.package_identification:Package 'src/csm' with type 'ros.ament_cmake' and name 'csm'
[0.366s] Level 1:colcon.colcon_core.package_identification:_identify(src/limo_car) by extensions ['ignore', 'ignore_ament_install']
[0.366s] Level 1:colcon.colcon_core.package_identification:_identify(src/limo_car) by extension 'ignore'
[0.366s] Level 1:colcon.colcon_core.package_identification:_identify(src/limo_car) by extension 'ignore_ament_install'
[0.367s] Level 1:colcon.colcon_core.package_identification:_identify(src/limo_car) by extensions ['colcon_pkg']
[0.367s] Level 1:colcon.colcon_core.package_identification:_identify(src/limo_car) by extension 'colcon_pkg'
[0.367s] Level 1:colcon.colcon_core.package_identification:_identify(src/limo_car) by extensions ['colcon_meta']
[0.367s] Level 1:colcon.colcon_core.package_identification:_identify(src/limo_car) by extension 'colcon_meta'
[0.367s] Level 1:colcon.colcon_core.package_identification:_identify(src/limo_car) by extensions ['ros']
[0.367s] Level 1:colcon.colcon_core.package_identification:_identify(src/limo_car) by extension 'ros'
[0.368s] DEBUG:colcon.colcon_core.package_identification:Package 'src/limo_car' with type 'ros.ament_cmake' and name 'limo_car'
[0.368s] Level 1:colcon.colcon_core.package_identification:_identify(src/limo_ros2) by extensions ['ignore', 'ignore_ament_install']
[0.368s] Level 1:colcon.colcon_core.package_identification:_identify(src/limo_ros2) by extension 'ignore'
[0.368s] Level 1:colcon.colcon_core.package_identification:_identify(src/limo_ros2) by extension 'ignore_ament_install'
[0.368s] Level 1:colcon.colcon_core.package_identification:_identify(src/limo_ros2) by extensions ['colcon_pkg']
[0.368s] Level 1:colcon.colcon_core.package_identification:_identify(src/limo_ros2) by extension 'colcon_pkg'
[0.368s] Level 1:colcon.colcon_core.package_identification:_identify(src/limo_ros2) by extensions ['colcon_meta']
[0.368s] Level 1:colcon.colcon_core.package_identification:_identify(src/limo_ros2) by extension 'colcon_meta'
[0.368s] Level 1:colcon.colcon_core.package_identification:_identify(src/limo_ros2) by extensions ['ros']
[0.368s] Level 1:colcon.colcon_core.package_identification:_identify(src/limo_ros2) by extension 'ros'
[0.368s] Level 1:colcon.colcon_core.package_identification:_identify(src/limo_ros2) by extensions ['cmake', 'python']
[0.368s] Level 1:colcon.colcon_core.package_identification:_identify(src/limo_ros2) by extension 'cmake'
[0.368s] Level 1:colcon.colcon_core.package_identification:_identify(src/limo_ros2) by extension 'python'
[0.368s] Level 1:colcon.colcon_core.package_identification:_identify(src/limo_ros2) by extensions ['python_setup_py']
[0.368s] Level 1:colcon.colcon_core.package_identification:_identify(src/limo_ros2) by extension 'python_setup_py'
[0.368s] Level 1:colcon.colcon_core.package_identification:_identify(src/limo_ros2/docs) by extensions ['ignore', 'ignore_ament_install']
[0.368s] Level 1:colcon.colcon_core.package_identification:_identify(src/limo_ros2/docs) by extension 'ignore'
[0.369s] Level 1:colcon.colcon_core.package_identification:_identify(src/limo_ros2/docs) by extension 'ignore_ament_install'
[0.369s] Level 1:colcon.colcon_core.package_identification:_identify(src/limo_ros2/docs) by extensions ['colcon_pkg']
[0.369s] Level 1:colcon.colcon_core.package_identification:_identify(src/limo_ros2/docs) by extension 'colcon_pkg'
[0.369s] Level 1:colcon.colcon_core.package_identification:_identify(src/limo_ros2/docs) by extensions ['colcon_meta']
[0.369s] Level 1:colcon.colcon_core.package_identification:_identify(src/limo_ros2/docs) by extension 'colcon_meta'
[0.369s] Level 1:colcon.colcon_core.package_identification:_identify(src/limo_ros2/docs) by extensions ['ros']
[0.369s] Level 1:colcon.colcon_core.package_identification:_identify(src/limo_ros2/docs) by extension 'ros'
[0.369s] Level 1:colcon.colcon_core.package_identification:_identify(src/limo_ros2/docs) by extensions ['cmake', 'python']
[0.369s] Level 1:colcon.colcon_core.package_identification:_identify(src/limo_ros2/docs) by extension 'cmake'
[0.369s] Level 1:colcon.colcon_core.package_identification:_identify(src/limo_ros2/docs) by extension 'python'
[0.369s] Level 1:colcon.colcon_core.package_identification:_identify(src/limo_ros2/docs) by extensions ['python_setup_py']
[0.369s] Level 1:colcon.colcon_core.package_identification:_identify(src/limo_ros2/docs) by extension 'python_setup_py'
[0.369s] Level 1:colcon.colcon_core.package_identification:_identify(src/limo_ros2/limo_base) by extensions ['ignore', 'ignore_ament_install']
[0.369s] Level 1:colcon.colcon_core.package_identification:_identify(src/limo_ros2/limo_base) by extension 'ignore'
[0.369s] Level 1:colcon.colcon_core.package_identification:_identify(src/limo_ros2/limo_base) by extension 'ignore_ament_install'
[0.369s] Level 1:colcon.colcon_core.package_identification:_identify(src/limo_ros2/limo_base) by extensions ['colcon_pkg']
[0.369s] Level 1:colcon.colcon_core.package_identification:_identify(src/limo_ros2/limo_base) by extension 'colcon_pkg'
[0.369s] Level 1:colcon.colcon_core.package_identification:_identify(src/limo_ros2/limo_base) by extensions ['colcon_meta']
[0.369s] Level 1:colcon.colcon_core.package_identification:_identify(src/limo_ros2/limo_base) by extension 'colcon_meta'
[0.369s] Level 1:colcon.colcon_core.package_identification:_identify(src/limo_ros2/limo_base) by extensions ['ros']
[0.369s] Level 1:colcon.colcon_core.package_identification:_identify(src/limo_ros2/limo_base) by extension 'ros'
[0.370s] DEBUG:colcon.colcon_core.package_identification:Package 'src/limo_ros2/limo_base' with type 'ros.ament_cmake' and name 'limo_base'
[0.370s] Level 1:colcon.colcon_core.package_identification:_identify(src/limo_ros2/limo_bringup) by extensions ['ignore', 'ignore_ament_install']
[0.370s] Level 1:colcon.colcon_core.package_identification:_identify(src/limo_ros2/limo_bringup) by extension 'ignore'
[0.370s] Level 1:colcon.colcon_core.package_identification:_identify(src/limo_ros2/limo_bringup) by extension 'ignore_ament_install'
[0.370s] Level 1:colcon.colcon_core.package_identification:_identify(src/limo_ros2/limo_bringup) by extensions ['colcon_pkg']
[0.371s] Level 1:colcon.colcon_core.package_identification:_identify(src/limo_ros2/limo_bringup) by extension 'colcon_pkg'
[0.371s] Level 1:colcon.colcon_core.package_identification:_identify(src/limo_ros2/limo_bringup) by extensions ['colcon_meta']
[0.371s] Level 1:colcon.colcon_core.package_identification:_identify(src/limo_ros2/limo_bringup) by extension 'colcon_meta'
[0.371s] Level 1:colcon.colcon_core.package_identification:_identify(src/limo_ros2/limo_bringup) by extensions ['ros']
[0.371s] Level 1:colcon.colcon_core.package_identification:_identify(src/limo_ros2/limo_bringup) by extension 'ros'
[0.372s] DEBUG:colcon.colcon_core.package_identification:Package 'src/limo_ros2/limo_bringup' with type 'ros.ament_cmake' and name 'limo_bringup'
[0.372s] Level 1:colcon.colcon_core.package_identification:_identify(src/limo_ros2/limo_description) by extensions ['ignore', 'ignore_ament_install']
[0.372s] Level 1:colcon.colcon_core.package_identification:_identify(src/limo_ros2/limo_description) by extension 'ignore'
[0.372s] Level 1:colcon.colcon_core.package_identification:_identify(src/limo_ros2/limo_description) by extension 'ignore_ament_install'
[0.372s] Level 1:colcon.colcon_core.package_identification:_identify(src/limo_ros2/limo_description) by extensions ['colcon_pkg']
[0.372s] Level 1:colcon.colcon_core.package_identification:_identify(src/limo_ros2/limo_description) by extension 'colcon_pkg'
[0.372s] Level 1:colcon.colcon_core.package_identification:_identify(src/limo_ros2/limo_description) by extensions ['colcon_meta']
[0.372s] Level 1:colcon.colcon_core.package_identification:_identify(src/limo_ros2/limo_description) by extension 'colcon_meta'
[0.372s] Level 1:colcon.colcon_core.package_identification:_identify(src/limo_ros2/limo_description) by extensions ['ros']
[0.372s] Level 1:colcon.colcon_core.package_identification:_identify(src/limo_ros2/limo_description) by extension 'ros'
[0.373s] DEBUG:colcon.colcon_core.package_identification:Package 'src/limo_ros2/limo_description' with type 'ros.ament_cmake' and name 'limo_description'
[0.373s] Level 1:colcon.colcon_core.package_identification:_identify(src/limo_ros2/limo_msgs) by extensions ['ignore', 'ignore_ament_install']
[0.373s] Level 1:colcon.colcon_core.package_identification:_identify(src/limo_ros2/limo_msgs) by extension 'ignore'
[0.373s] Level 1:colcon.colcon_core.package_identification:_identify(src/limo_ros2/limo_msgs) by extension 'ignore_ament_install'
[0.373s] Level 1:colcon.colcon_core.package_identification:_identify(src/limo_ros2/limo_msgs) by extensions ['colcon_pkg']
[0.373s] Level 1:colcon.colcon_core.package_identification:_identify(src/limo_ros2/limo_msgs) by extension 'colcon_pkg'
[0.373s] Level 1:colcon.colcon_core.package_identification:_identify(src/limo_ros2/limo_msgs) by extensions ['colcon_meta']
[0.373s] Level 1:colcon.colcon_core.package_identification:_identify(src/limo_ros2/limo_msgs) by extension 'colcon_meta'
[0.373s] Level 1:colcon.colcon_core.package_identification:_identify(src/limo_ros2/limo_msgs) by extensions ['ros']
[0.373s] Level 1:colcon.colcon_core.package_identification:_identify(src/limo_ros2/limo_msgs) by extension 'ros'
[0.374s] DEBUG:colcon.colcon_core.package_identification:Package 'src/limo_ros2/limo_msgs' with type 'ros.ament_cmake' and name 'limo_msgs'
[0.374s] Level 1:colcon.colcon_core.package_identification:_identify(src/limo_visions) by extensions ['ignore', 'ignore_ament_install']
[0.374s] Level 1:colcon.colcon_core.package_identification:_identify(src/limo_visions) by extension 'ignore'
[0.374s] Level 1:colcon.colcon_core.package_identification:_identify(src/limo_visions) by extension 'ignore_ament_install'
[0.374s] Level 1:colcon.colcon_core.package_identification:_identify(src/limo_visions) by extensions ['colcon_pkg']
[0.374s] Level 1:colcon.colcon_core.package_identification:_identify(src/limo_visions) by extension 'colcon_pkg'
[0.374s] Level 1:colcon.colcon_core.package_identification:_identify(src/limo_visions) by extensions ['colcon_meta']
[0.374s] Level 1:colcon.colcon_core.package_identification:_identify(src/limo_visions) by extension 'colcon_meta'
[0.374s] Level 1:colcon.colcon_core.package_identification:_identify(src/limo_visions) by extensions ['ros']
[0.374s] Level 1:colcon.colcon_core.package_identification:_identify(src/limo_visions) by extension 'ros'
[0.375s] DEBUG:colcon.colcon_core.package_identification:Package 'src/limo_visions' with type 'ros.ament_cmake' and name 'limo_visions'
[0.375s] Level 1:colcon.colcon_core.package_identification:_identify(src/navigation2) by extensions ['ignore', 'ignore_ament_install']
[0.375s] Level 1:colcon.colcon_core.package_identification:_identify(src/navigation2) by extension 'ignore'
[0.375s] Level 1:colcon.colcon_core.package_identification:_identify(src/navigation2) by extension 'ignore_ament_install'
[0.375s] Level 1:colcon.colcon_core.package_identification:_identify(src/navigation2) by extensions ['colcon_pkg']
[0.375s] Level 1:colcon.colcon_core.package_identification:_identify(src/navigation2) by extension 'colcon_pkg'
[0.375s] Level 1:colcon.colcon_core.package_identification:_identify(src/navigation2) by extensions ['colcon_meta']
[0.375s] Level 1:colcon.colcon_core.package_identification:_identify(src/navigation2) by extension 'colcon_meta'
[0.375s] Level 1:colcon.colcon_core.package_identification:_identify(src/navigation2) by extensions ['ros']
[0.375s] Level 1:colcon.colcon_core.package_identification:_identify(src/navigation2) by extension 'ros'
[0.375s] Level 1:colcon.colcon_core.package_identification:_identify(src/navigation2) by extensions ['cmake', 'python']
[0.375s] Level 1:colcon.colcon_core.package_identification:_identify(src/navigation2) by extension 'cmake'
[0.375s] Level 1:colcon.colcon_core.package_identification:_identify(src/navigation2) by extension 'python'
[0.375s] Level 1:colcon.colcon_core.package_identification:_identify(src/navigation2) by extensions ['python_setup_py']
[0.375s] Level 1:colcon.colcon_core.package_identification:_identify(src/navigation2) by extension 'python_setup_py'
[0.376s] Level 1:colcon.colcon_core.package_identification:_identify(src/navigation2/doc) by extensions ['ignore', 'ignore_ament_install']
[0.376s] Level 1:colcon.colcon_core.package_identification:_identify(src/navigation2/doc) by extension 'ignore'
[0.376s] Level 1:colcon.colcon_core.package_identification:_identify(src/navigation2/doc) by extension 'ignore_ament_install'
[0.376s] Level 1:colcon.colcon_core.package_identification:_identify(src/navigation2/doc) by extensions ['colcon_pkg']
[0.376s] Level 1:colcon.colcon_core.package_identification:_identify(src/navigation2/doc) by extension 'colcon_pkg'
[0.376s] Level 1:colcon.colcon_core.package_identification:_identify(src/navigation2/doc) by extensions ['colcon_meta']
[0.376s] Level 1:colcon.colcon_core.package_identification:_identify(src/navigation2/doc) by extension 'colcon_meta'
[0.376s] Level 1:colcon.colcon_core.package_identification:_identify(src/navigation2/doc) by extensions ['ros']
[0.376s] Level 1:colcon.colcon_core.package_identification:_identify(src/navigation2/doc) by extension 'ros'
[0.376s] Level 1:colcon.colcon_core.package_identification:_identify(src/navigation2/doc) by extensions ['cmake', 'python']
[0.376s] Level 1:colcon.colcon_core.package_identification:_identify(src/navigation2/doc) by extension 'cmake'
[0.376s] Level 1:colcon.colcon_core.package_identification:_identify(src/navigation2/doc) by extension 'python'
[0.376s] Level 1:colcon.colcon_core.package_identification:_identify(src/navigation2/doc) by extensions ['python_setup_py']
[0.376s] Level 1:colcon.colcon_core.package_identification:_identify(src/navigation2/doc) by extension 'python_setup_py'
[0.376s] Level 1:colcon.colcon_core.package_identification:_identify(src/navigation2/doc/architecture) by extensions ['ignore', 'ignore_ament_install']
[0.376s] Level 1:colcon.colcon_core.package_identification:_identify(src/navigation2/doc/architecture) by extension 'ignore'
[0.376s] Level 1:colcon.colcon_core.package_identification:_identify(src/navigation2/doc/architecture) by extension 'ignore_ament_install'
[0.376s] Level 1:colcon.colcon_core.package_identification:_identify(src/navigation2/doc/architecture) by extensions ['colcon_pkg']
[0.376s] Level 1:colcon.colcon_core.package_identification:_identify(src/navigation2/doc/architecture) by extension 'colcon_pkg'
[0.376s] Level 1:colcon.colcon_core.package_identification:_identify(src/navigation2/doc/architecture) by extensions ['colcon_meta']
[0.376s] Level 1:colcon.colcon_core.package_identification:_identify(src/navigation2/doc/architecture) by extension 'colcon_meta'
[0.376s] Level 1:colcon.colcon_core.package_identification:_identify(src/navigation2/doc/architecture) by extensions ['ros']
[0.377s] Level 1:colcon.colcon_core.package_identification:_identify(src/navigation2/doc/architecture) by extension 'ros'
[0.377s] Level 1:colcon.colcon_core.package_identification:_identify(src/navigation2/doc/architecture) by extensions ['cmake', 'python']
[0.377s] Level 1:colcon.colcon_core.package_identification:_identify(src/navigation2/doc/architecture) by extension 'cmake'
[0.377s] Level 1:colcon.colcon_core.package_identification:_identify(src/navigation2/doc/architecture) by extension 'python'
[0.377s] Level 1:colcon.colcon_core.package_identification:_identify(src/navigation2/doc/architecture) by extensions ['python_setup_py']
[0.377s] Level 1:colcon.colcon_core.package_identification:_identify(src/navigation2/doc/architecture) by extension 'python_setup_py'
[0.377s] Level 1:colcon.colcon_core.package_identification:_identify(src/navigation2/doc/design) by extensions ['ignore', 'ignore_ament_install']
[0.377s] Level 1:colcon.colcon_core.package_identification:_identify(src/navigation2/doc/design) by extension 'ignore'
[0.377s] Level 1:colcon.colcon_core.package_identification:_identify(src/navigation2/doc/design) by extension 'ignore_ament_install'
[0.377s] Level 1:colcon.colcon_core.package_identification:_identify(src/navigation2/doc/design) by extensions ['colcon_pkg']
[0.377s] Level 1:colcon.colcon_core.package_identification:_identify(src/navigation2/doc/design) by extension 'colcon_pkg'
[0.377s] Level 1:colcon.colcon_core.package_identification:_identify(src/navigation2/doc/design) by extensions ['colcon_meta']
[0.377s] Level 1:colcon.colcon_core.package_identification:_identify(src/navigation2/doc/design) by extension 'colcon_meta'
[0.377s] Level 1:colcon.colcon_core.package_identification:_identify(src/navigation2/doc/design) by extensions ['ros']
[0.377s] Level 1:colcon.colcon_core.package_identification:_identify(src/navigation2/doc/design) by extension 'ros'
[0.377s] Level 1:colcon.colcon_core.package_identification:_identify(src/navigation2/doc/design) by extensions ['cmake', 'python']
[0.377s] Level 1:colcon.colcon_core.package_identification:_identify(src/navigation2/doc/design) by extension 'cmake'
[0.377s] Level 1:colcon.colcon_core.package_identification:_identify(src/navigation2/doc/design) by extension 'python'
[0.377s] Level 1:colcon.colcon_core.package_identification:_identify(src/navigation2/doc/design) by extensions ['python_setup_py']
[0.377s] Level 1:colcon.colcon_core.package_identification:_identify(src/navigation2/doc/design) by extension 'python_setup_py'
[0.378s] Level 1:colcon.colcon_core.package_identification:_identify(src/navigation2/doc/process) by extensions ['ignore', 'ignore_ament_install']
[0.378s] Level 1:colcon.colcon_core.package_identification:_identify(src/navigation2/doc/process) by extension 'ignore'
[0.378s] Level 1:colcon.colcon_core.package_identification:_identify(src/navigation2/doc/process) by extension 'ignore_ament_install'
[0.378s] Level 1:colcon.colcon_core.package_identification:_identify(src/navigation2/doc/process) by extensions ['colcon_pkg']
[0.378s] Level 1:colcon.colcon_core.package_identification:_identify(src/navigation2/doc/process) by extension 'colcon_pkg'
[0.378s] Level 1:colcon.colcon_core.package_identification:_identify(src/navigation2/doc/process) by extensions ['colcon_meta']
[0.378s] Level 1:colcon.colcon_core.package_identification:_identify(src/navigation2/doc/process) by extension 'colcon_meta'
[0.378s] Level 1:colcon.colcon_core.package_identification:_identify(src/navigation2/doc/process) by extensions ['ros']
[0.378s] Level 1:colcon.colcon_core.package_identification:_identify(src/navigation2/doc/process) by extension 'ros'
[0.378s] Level 1:colcon.colcon_core.package_identification:_identify(src/navigation2/doc/process) by extensions ['cmake', 'python']
[0.378s] Level 1:colcon.colcon_core.package_identification:_identify(src/navigation2/doc/process) by extension 'cmake'
[0.378s] Level 1:colcon.colcon_core.package_identification:_identify(src/navigation2/doc/process) by extension 'python'
[0.378s] Level 1:colcon.colcon_core.package_identification:_identify(src/navigation2/doc/process) by extensions ['python_setup_py']
[0.378s] Level 1:colcon.colcon_core.package_identification:_identify(src/navigation2/doc/process) by extension 'python_setup_py'
[0.378s] Level 1:colcon.colcon_core.package_identification:_identify(src/navigation2/doc/requirements) by extensions ['ignore', 'ignore_ament_install']
[0.378s] Level 1:colcon.colcon_core.package_identification:_identify(src/navigation2/doc/requirements) by extension 'ignore'
[0.378s] Level 1:colcon.colcon_core.package_identification:_identify(src/navigation2/doc/requirements) by extension 'ignore_ament_install'
[0.378s] Level 1:colcon.colcon_core.package_identification:_identify(src/navigation2/doc/requirements) by extensions ['colcon_pkg']
[0.378s] Level 1:colcon.colcon_core.package_identification:_identify(src/navigation2/doc/requirements) by extension 'colcon_pkg'
[0.378s] Level 1:colcon.colcon_core.package_identification:_identify(src/navigation2/doc/requirements) by extensions ['colcon_meta']
[0.378s] Level 1:colcon.colcon_core.package_identification:_identify(src/navigation2/doc/requirements) by extension 'colcon_meta'
[0.378s] Level 1:colcon.colcon_core.package_identification:_identify(src/navigation2/doc/requirements) by extensions ['ros']
[0.379s] Level 1:colcon.colcon_core.package_identification:_identify(src/navigation2/doc/requirements) by extension 'ros'
[0.379s] Level 1:colcon.colcon_core.package_identification:_identify(src/navigation2/doc/requirements) by extensions ['cmake', 'python']
[0.379s] Level 1:colcon.colcon_core.package_identification:_identify(src/navigation2/doc/requirements) by extension 'cmake'
[0.379s] Level 1:colcon.colcon_core.package_identification:_identify(src/navigation2/doc/requirements) by extension 'python'
[0.379s] Level 1:colcon.colcon_core.package_identification:_identify(src/navigation2/doc/requirements) by extensions ['python_setup_py']
[0.379s] Level 1:colcon.colcon_core.package_identification:_identify(src/navigation2/doc/requirements) by extension 'python_setup_py'
[0.379s] Level 1:colcon.colcon_core.package_identification:_identify(src/navigation2/doc/requirements/images) by extensions ['ignore', 'ignore_ament_install']
[0.379s] Level 1:colcon.colcon_core.package_identification:_identify(src/navigation2/doc/requirements/images) by extension 'ignore'
[0.379s] Level 1:colcon.colcon_core.package_identification:_identify(src/navigation2/doc/requirements/images) by extension 'ignore_ament_install'
[0.379s] Level 1:colcon.colcon_core.package_identification:_identify(src/navigation2/doc/requirements/images) by extensions ['colcon_pkg']
[0.379s] Level 1:colcon.colcon_core.package_identification:_identify(src/navigation2/doc/requirements/images) by extension 'colcon_pkg'
[0.379s] Level 1:colcon.colcon_core.package_identification:_identify(src/navigation2/doc/requirements/images) by extensions ['colcon_meta']
[0.379s] Level 1:colcon.colcon_core.package_identification:_identify(src/navigation2/doc/requirements/images) by extension 'colcon_meta'
[0.379s] Level 1:colcon.colcon_core.package_identification:_identify(src/navigation2/doc/requirements/images) by extensions ['ros']
[0.379s] Level 1:colcon.colcon_core.package_identification:_identify(src/navigation2/doc/requirements/images) by extension 'ros'
[0.379s] Level 1:colcon.colcon_core.package_identification:_identify(src/navigation2/doc/requirements/images) by extensions ['cmake', 'python']
[0.379s] Level 1:colcon.colcon_core.package_identification:_identify(src/navigation2/doc/requirements/images) by extension 'cmake'
[0.379s] Level 1:colcon.colcon_core.package_identification:_identify(src/navigation2/doc/requirements/images) by extension 'python'
[0.379s] Level 1:colcon.colcon_core.package_identification:_identify(src/navigation2/doc/requirements/images) by extensions ['python_setup_py']
[0.379s] Level 1:colcon.colcon_core.package_identification:_identify(src/navigation2/doc/requirements/images) by extension 'python_setup_py'
[0.379s] Level 1:colcon.colcon_core.package_identification:_identify(src/navigation2/doc/use_cases) by extensions ['ignore', 'ignore_ament_install']
[0.380s] Level 1:colcon.colcon_core.package_identification:_identify(src/navigation2/doc/use_cases) by extension 'ignore'
[0.380s] Level 1:colcon.colcon_core.package_identification:_identify(src/navigation2/doc/use_cases) by extension 'ignore_ament_install'
[0.380s] Level 1:colcon.colcon_core.package_identification:_identify(src/navigation2/doc/use_cases) by extensions ['colcon_pkg']
[0.380s] Level 1:colcon.colcon_core.package_identification:_identify(src/navigation2/doc/use_cases) by extension 'colcon_pkg'
[0.380s] Level 1:colcon.colcon_core.package_identification:_identify(src/navigation2/doc/use_cases) by extensions ['colcon_meta']
[0.380s] Level 1:colcon.colcon_core.package_identification:_identify(src/navigation2/doc/use_cases) by extension 'colcon_meta'
[0.380s] Level 1:colcon.colcon_core.package_identification:_identify(src/navigation2/doc/use_cases) by extensions ['ros']
[0.380s] Level 1:colcon.colcon_core.package_identification:_identify(src/navigation2/doc/use_cases) by extension 'ros'
[0.380s] Level 1:colcon.colcon_core.package_identification:_identify(src/navigation2/doc/use_cases) by extensions ['cmake', 'python']
[0.380s] Level 1:colcon.colcon_core.package_identification:_identify(src/navigation2/doc/use_cases) by extension 'cmake'
[0.380s] Level 1:colcon.colcon_core.package_identification:_identify(src/navigation2/doc/use_cases) by extension 'python'
[0.380s] Level 1:colcon.colcon_core.package_identification:_identify(src/navigation2/doc/use_cases) by extensions ['python_setup_py']
[0.380s] Level 1:colcon.colcon_core.package_identification:_identify(src/navigation2/doc/use_cases) by extension 'python_setup_py'
[0.380s] Level 1:colcon.colcon_core.package_identification:_identify(src/navigation2/nav2_amcl) by extensions ['ignore', 'ignore_ament_install']
[0.380s] Level 1:colcon.colcon_core.package_identification:_identify(src/navigation2/nav2_amcl) by extension 'ignore'
[0.380s] Level 1:colcon.colcon_core.package_identification:_identify(src/navigation2/nav2_amcl) by extension 'ignore_ament_install'
[0.380s] Level 1:colcon.colcon_core.package_identification:_identify(src/navigation2/nav2_amcl) by extensions ['colcon_pkg']
[0.380s] Level 1:colcon.colcon_core.package_identification:_identify(src/navigation2/nav2_amcl) by extension 'colcon_pkg'
[0.380s] Level 1:colcon.colcon_core.package_identification:_identify(src/navigation2/nav2_amcl) by extensions ['colcon_meta']
[0.380s] Level 1:colcon.colcon_core.package_identification:_identify(src/navigation2/nav2_amcl) by extension 'colcon_meta'
[0.380s] Level 1:colcon.colcon_core.package_identification:_identify(src/navigation2/nav2_amcl) by extensions ['ros']
[0.380s] Level 1:colcon.colcon_core.package_identification:_identify(src/navigation2/nav2_amcl) by extension 'ros'
[0.382s] DEBUG:colcon.colcon_core.package_identification:Package 'src/navigation2/nav2_amcl' with type 'ros.ament_cmake' and name 'nav2_amcl'
[0.382s] Level 1:colcon.colcon_core.package_identification:_identify(src/navigation2/nav2_behavior_tree) by extensions ['ignore', 'ignore_ament_install']
[0.382s] Level 1:colcon.colcon_core.package_identification:_identify(src/navigation2/nav2_behavior_tree) by extension 'ignore'
[0.382s] Level 1:colcon.colcon_core.package_identification:_identify(src/navigation2/nav2_behavior_tree) by extension 'ignore_ament_install'
[0.382s] Level 1:colcon.colcon_core.package_identification:_identify(src/navigation2/nav2_behavior_tree) by extensions ['colcon_pkg']
[0.382s] Level 1:colcon.colcon_core.package_identification:_identify(src/navigation2/nav2_behavior_tree) by extension 'colcon_pkg'
[0.382s] Level 1:colcon.colcon_core.package_identification:_identify(src/navigation2/nav2_behavior_tree) by extensions ['colcon_meta']
[0.382s] Level 1:colcon.colcon_core.package_identification:_identify(src/navigation2/nav2_behavior_tree) by extension 'colcon_meta'
[0.382s] Level 1:colcon.colcon_core.package_identification:_identify(src/navigation2/nav2_behavior_tree) by extensions ['ros']
[0.382s] Level 1:colcon.colcon_core.package_identification:_identify(src/navigation2/nav2_behavior_tree) by extension 'ros'
[0.383s] DEBUG:colcon.colcon_core.package_identification:Package 'src/navigation2/nav2_behavior_tree' with type 'ros.ament_cmake' and name 'nav2_behavior_tree'
[0.383s] Level 1:colcon.colcon_core.package_identification:_identify(src/navigation2/nav2_behaviors) by extensions ['ignore', 'ignore_ament_install']
[0.384s] Level 1:colcon.colcon_core.package_identification:_identify(src/navigation2/nav2_behaviors) by extension 'ignore'
[0.384s] Level 1:colcon.colcon_core.package_identification:_identify(src/navigation2/nav2_behaviors) by extension 'ignore_ament_install'
[0.384s] Level 1:colcon.colcon_core.package_identification:_identify(src/navigation2/nav2_behaviors) by extensions ['colcon_pkg']
[0.384s] Level 1:colcon.colcon_core.package_identification:_identify(src/navigation2/nav2_behaviors) by extension 'colcon_pkg'
[0.384s] Level 1:colcon.colcon_core.package_identification:_identify(src/navigation2/nav2_behaviors) by extensions ['colcon_meta']
[0.384s] Level 1:colcon.colcon_core.package_identification:_identify(src/navigation2/nav2_behaviors) by extension 'colcon_meta'
[0.384s] Level 1:colcon.colcon_core.package_identification:_identify(src/navigation2/nav2_behaviors) by extensions ['ros']
[0.384s] Level 1:colcon.colcon_core.package_identification:_identify(src/navigation2/nav2_behaviors) by extension 'ros'
[0.385s] DEBUG:colcon.colcon_core.package_identification:Package 'src/navigation2/nav2_behaviors' with type 'ros.ament_cmake' and name 'nav2_behaviors'
[0.385s] Level 1:colcon.colcon_core.package_identification:_identify(src/navigation2/nav2_bringup) by extensions ['ignore', 'ignore_ament_install']
[0.385s] Level 1:colcon.colcon_core.package_identification:_identify(src/navigation2/nav2_bringup) by extension 'ignore'
[0.385s] Level 1:colcon.colcon_core.package_identification:_identify(src/navigation2/nav2_bringup) by extension 'ignore_ament_install'
[0.385s] Level 1:colcon.colcon_core.package_identification:_identify(src/navigation2/nav2_bringup) by extensions ['colcon_pkg']
[0.385s] Level 1:colcon.colcon_core.package_identification:_identify(src/navigation2/nav2_bringup) by extension 'colcon_pkg'
[0.385s] Level 1:colcon.colcon_core.package_identification:_identify(src/navigation2/nav2_bringup) by extensions ['colcon_meta']
[0.385s] Level 1:colcon.colcon_core.package_identification:_identify(src/navigation2/nav2_bringup) by extension 'colcon_meta'
[0.385s] Level 1:colcon.colcon_core.package_identification:_identify(src/navigation2/nav2_bringup) by extensions ['ros']
[0.385s] Level 1:colcon.colcon_core.package_identification:_identify(src/navigation2/nav2_bringup) by extension 'ros'
[0.386s] DEBUG:colcon.colcon_core.package_identification:Package 'src/navigation2/nav2_bringup' with type 'ros.ament_cmake' and name 'nav2_bringup'
[0.386s] Level 1:colcon.colcon_core.package_identification:_identify(src/navigation2/nav2_bt_navigator) by extensions ['ignore', 'ignore_ament_install']
[0.386s] Level 1:colcon.colcon_core.package_identification:_identify(src/navigation2/nav2_bt_navigator) by extension 'ignore'
[0.386s] Level 1:colcon.colcon_core.package_identification:_identify(src/navigation2/nav2_bt_navigator) by extension 'ignore_ament_install'
[0.386s] Level 1:colcon.colcon_core.package_identification:_identify(src/navigation2/nav2_bt_navigator) by extensions ['colcon_pkg']
[0.386s] Level 1:colcon.colcon_core.package_identification:_identify(src/navigation2/nav2_bt_navigator) by extension 'colcon_pkg'
[0.386s] Level 1:colcon.colcon_core.package_identification:_identify(src/navigation2/nav2_bt_navigator) by extensions ['colcon_meta']
[0.386s] Level 1:colcon.colcon_core.package_identification:_identify(src/navigation2/nav2_bt_navigator) by extension 'colcon_meta'
[0.386s] Level 1:colcon.colcon_core.package_identification:_identify(src/navigation2/nav2_bt_navigator) by extensions ['ros']
[0.386s] Level 1:colcon.colcon_core.package_identification:_identify(src/navigation2/nav2_bt_navigator) by extension 'ros'
[0.387s] DEBUG:colcon.colcon_core.package_identification:Package 'src/navigation2/nav2_bt_navigator' with type 'ros.ament_cmake' and name 'nav2_bt_navigator'
[0.387s] Level 1:colcon.colcon_core.package_identification:_identify(src/navigation2/nav2_common) by extensions ['ignore', 'ignore_ament_install']
[0.387s] Level 1:colcon.colcon_core.package_identification:_identify(src/navigation2/nav2_common) by extension 'ignore'
[0.387s] Level 1:colcon.colcon_core.package_identification:_identify(src/navigation2/nav2_common) by extension 'ignore_ament_install'
[0.387s] Level 1:colcon.colcon_core.package_identification:_identify(src/navigation2/nav2_common) by extensions ['colcon_pkg']
[0.387s] Level 1:colcon.colcon_core.package_identification:_identify(src/navigation2/nav2_common) by extension 'colcon_pkg'
[0.387s] Level 1:colcon.colcon_core.package_identification:_identify(src/navigation2/nav2_common) by extensions ['colcon_meta']
[0.387s] Level 1:colcon.colcon_core.package_identification:_identify(src/navigation2/nav2_common) by extension 'colcon_meta'
[0.387s] Level 1:colcon.colcon_core.package_identification:_identify(src/navigation2/nav2_common) by extensions ['ros']
[0.387s] Level 1:colcon.colcon_core.package_identification:_identify(src/navigation2/nav2_common) by extension 'ros'
[0.388s] DEBUG:colcon.colcon_core.package_identification:Package 'src/navigation2/nav2_common' with type 'ros.ament_cmake' and name 'nav2_common'
[0.388s] Level 1:colcon.colcon_core.package_identification:_identify(src/navigation2/nav2_constrained_smoother) by extensions ['ignore', 'ignore_ament_install']
[0.388s] Level 1:colcon.colcon_core.package_identification:_identify(src/navigation2/nav2_constrained_smoother) by extension 'ignore'
[0.388s] Level 1:colcon.colcon_core.package_identification:_identify(src/navigation2/nav2_constrained_smoother) by extension 'ignore_ament_install'
[0.388s] Level 1:colcon.colcon_core.package_identification:_identify(src/navigation2/nav2_constrained_smoother) by extensions ['colcon_pkg']
[0.388s] Level 1:colcon.colcon_core.package_identification:_identify(src/navigation2/nav2_constrained_smoother) by extension 'colcon_pkg'
[0.388s] Level 1:colcon.colcon_core.package_identification:_identify(src/navigation2/nav2_constrained_smoother) by extensions ['colcon_meta']
[0.388s] Level 1:colcon.colcon_core.package_identification:_identify(src/navigation2/nav2_constrained_smoother) by extension 'colcon_meta'
[0.388s] Level 1:colcon.colcon_core.package_identification:_identify(src/navigation2/nav2_constrained_smoother) by extensions ['ros']
[0.388s] Level 1:colcon.colcon_core.package_identification:_identify(src/navigation2/nav2_constrained_smoother) by extension 'ros'
[0.390s] DEBUG:colcon.colcon_core.package_identification:Package 'src/navigation2/nav2_constrained_smoother' with type 'ros.ament_cmake' and name 'nav2_constrained_smoother'
[0.390s] Level 1:colcon.colcon_core.package_identification:_identify(src/navigation2/nav2_controller) by extensions ['ignore', 'ignore_ament_install']
[0.390s] Level 1:colcon.colcon_core.package_identification:_identify(src/navigation2/nav2_controller) by extension 'ignore'
[0.390s] Level 1:colcon.colcon_core.package_identification:_identify(src/navigation2/nav2_controller) by extension 'ignore_ament_install'
[0.390s] Level 1:colcon.colcon_core.package_identification:_identify(src/navigation2/nav2_controller) by extensions ['colcon_pkg']
[0.390s] Level 1:colcon.colcon_core.package_identification:_identify(src/navigation2/nav2_controller) by extension 'colcon_pkg'
[0.390s] Level 1:colcon.colcon_core.package_identification:_identify(src/navigation2/nav2_controller) by extensions ['colcon_meta']
[0.390s] Level 1:colcon.colcon_core.package_identification:_identify(src/navigation2/nav2_controller) by extension 'colcon_meta'
[0.390s] Level 1:colcon.colcon_core.package_identification:_identify(src/navigation2/nav2_controller) by extensions ['ros']
[0.390s] Level 1:colcon.colcon_core.package_identification:_identify(src/navigation2/nav2_controller) by extension 'ros'
[0.392s] DEBUG:colcon.colcon_core.package_identification:Package 'src/navigation2/nav2_controller' with type 'ros.ament_cmake' and name 'nav2_controller'
[0.392s] Level 1:colcon.colcon_core.package_identification:_identify(src/navigation2/nav2_core) by extensions ['ignore', 'ignore_ament_install']
[0.392s] Level 1:colcon.colcon_core.package_identification:_identify(src/navigation2/nav2_core) by extension 'ignore'
[0.392s] Level 1:colcon.colcon_core.package_identification:_identify(src/navigation2/nav2_core) by extension 'ignore_ament_install'
[0.392s] Level 1:colcon.colcon_core.package_identification:_identify(src/navigation2/nav2_core) by extensions ['colcon_pkg']
[0.392s] Level 1:colcon.colcon_core.package_identification:_identify(src/navigation2/nav2_core) by extension 'colcon_pkg'
[0.392s] Level 1:colcon.colcon_core.package_identification:_identify(src/navigation2/nav2_core) by extensions ['colcon_meta']
[0.392s] Level 1:colcon.colcon_core.package_identification:_identify(src/navigation2/nav2_core) by extension 'colcon_meta'
[0.392s] Level 1:colcon.colcon_core.package_identification:_identify(src/navigation2/nav2_core) by extensions ['ros']
[0.392s] Level 1:colcon.colcon_core.package_identification:_identify(src/navigation2/nav2_core) by extension 'ros'
[0.394s] DEBUG:colcon.colcon_core.package_identification:Package 'src/navigation2/nav2_core' with type 'ros.ament_cmake' and name 'nav2_core'
[0.394s] Level 1:colcon.colcon_core.package_identification:_identify(src/navigation2/nav2_costmap_2d) by extensions ['ignore', 'ignore_ament_install']
[0.394s] Level 1:colcon.colcon_core.package_identification:_identify(src/navigation2/nav2_costmap_2d) by extension 'ignore'
[0.394s] Level 1:colcon.colcon_core.package_identification:_identify(src/navigation2/nav2_costmap_2d) by extension 'ignore_ament_install'
[0.394s] Level 1:colcon.colcon_core.package_identification:_identify(src/navigation2/nav2_costmap_2d) by extensions ['colcon_pkg']
[0.394s] Level 1:colcon.colcon_core.package_identification:_identify(src/navigation2/nav2_costmap_2d) by extension 'colcon_pkg'
[0.394s] Level 1:colcon.colcon_core.package_identification:_identify(src/navigation2/nav2_costmap_2d) by extensions ['colcon_meta']
[0.394s] Level 1:colcon.colcon_core.package_identification:_identify(src/navigation2/nav2_costmap_2d) by extension 'colcon_meta'
[0.394s] Level 1:colcon.colcon_core.package_identification:_identify(src/navigation2/nav2_costmap_2d) by extensions ['ros']
[0.394s] Level 1:colcon.colcon_core.package_identification:_identify(src/navigation2/nav2_costmap_2d) by extension 'ros'
[0.397s] DEBUG:colcon.colcon_core.package_identification:Package 'src/navigation2/nav2_costmap_2d' with type 'ros.ament_cmake' and name 'nav2_costmap_2d'
[0.397s] Level 1:colcon.colcon_core.package_identification:_identify(src/navigation2/nav2_dwb_controller) by extensions ['ignore', 'ignore_ament_install']
[0.397s] Level 1:colcon.colcon_core.package_identification:_identify(src/navigation2/nav2_dwb_controller) by extension 'ignore'
[0.397s] Level 1:colcon.colcon_core.package_identification:_identify(src/navigation2/nav2_dwb_controller) by extension 'ignore_ament_install'
[0.397s] Level 1:colcon.colcon_core.package_identification:_identify(src/navigation2/nav2_dwb_controller) by extensions ['colcon_pkg']
[0.397s] Level 1:colcon.colcon_core.package_identification:_identify(src/navigation2/nav2_dwb_controller) by extension 'colcon_pkg'
[0.397s] Level 1:colcon.colcon_core.package_identification:_identify(src/navigation2/nav2_dwb_controller) by extensions ['colcon_meta']
[0.397s] Level 1:colcon.colcon_core.package_identification:_identify(src/navigation2/nav2_dwb_controller) by extension 'colcon_meta'
[0.397s] Level 1:colcon.colcon_core.package_identification:_identify(src/navigation2/nav2_dwb_controller) by extensions ['ros']
[0.397s] Level 1:colcon.colcon_core.package_identification:_identify(src/navigation2/nav2_dwb_controller) by extension 'ros'
[0.397s] Level 1:colcon.colcon_core.package_identification:_identify(src/navigation2/nav2_dwb_controller) by extensions ['cmake', 'python']
[0.397s] Level 1:colcon.colcon_core.package_identification:_identify(src/navigation2/nav2_dwb_controller) by extension 'cmake'
[0.397s] Level 1:colcon.colcon_core.package_identification:_identify(src/navigation2/nav2_dwb_controller) by extension 'python'
[0.397s] Level 1:colcon.colcon_core.package_identification:_identify(src/navigation2/nav2_dwb_controller) by extensions ['python_setup_py']
[0.397s] Level 1:colcon.colcon_core.package_identification:_identify(src/navigation2/nav2_dwb_controller) by extension 'python_setup_py'
[0.397s] Level 1:colcon.colcon_core.package_identification:_identify(src/navigation2/nav2_dwb_controller/costmap_queue) by extensions ['ignore', 'ignore_ament_install']
[0.397s] Level 1:colcon.colcon_core.package_identification:_identify(src/navigation2/nav2_dwb_controller/costmap_queue) by extension 'ignore'
[0.398s] Level 1:colcon.colcon_core.package_identification:_identify(src/navigation2/nav2_dwb_controller/costmap_queue) by extension 'ignore_ament_install'
[0.398s] Level 1:colcon.colcon_core.package_identification:_identify(src/navigation2/nav2_dwb_controller/costmap_queue) by extensions ['colcon_pkg']
[0.398s] Level 1:colcon.colcon_core.package_identification:_identify(src/navigation2/nav2_dwb_controller/costmap_queue) by extension 'colcon_pkg'
[0.398s] Level 1:colcon.colcon_core.package_identification:_identify(src/navigation2/nav2_dwb_controller/costmap_queue) by extensions ['colcon_meta']
[0.398s] Level 1:colcon.colcon_core.package_identification:_identify(src/navigation2/nav2_dwb_controller/costmap_queue) by extension 'colcon_meta'
[0.398s] Level 1:colcon.colcon_core.package_identification:_identify(src/navigation2/nav2_dwb_controller/costmap_queue) by extensions ['ros']
[0.398s] Level 1:colcon.colcon_core.package_identification:_identify(src/navigation2/nav2_dwb_controller/costmap_queue) by extension 'ros'
[0.398s] DEBUG:colcon.colcon_core.package_identification:Package 'src/navigation2/nav2_dwb_controller/costmap_queue' with type 'ros.ament_cmake' and name 'costmap_queue'
[0.398s] Level 1:colcon.colcon_core.package_identification:_identify(src/navigation2/nav2_dwb_controller/dwb_core) by extensions ['ignore', 'ignore_ament_install']
[0.398s] Level 1:colcon.colcon_core.package_identification:_identify(src/navigation2/nav2_dwb_controller/dwb_core) by extension 'ignore'
[0.398s] Level 1:colcon.colcon_core.package_identification:_identify(src/navigation2/nav2_dwb_controller/dwb_core) by extension 'ignore_ament_install'
[0.399s] Level 1:colcon.colcon_core.package_identification:_identify(src/navigation2/nav2_dwb_controller/dwb_core) by extensions ['colcon_pkg']
[0.399s] Level 1:colcon.colcon_core.package_identification:_identify(src/navigation2/nav2_dwb_controller/dwb_core) by extension 'colcon_pkg'
[0.399s] Level 1:colcon.colcon_core.package_identification:_identify(src/navigation2/nav2_dwb_controller/dwb_core) by extensions ['colcon_meta']
[0.399s] Level 1:colcon.colcon_core.package_identification:_identify(src/navigation2/nav2_dwb_controller/dwb_core) by extension 'colcon_meta'
[0.399s] Level 1:colcon.colcon_core.package_identification:_identify(src/navigation2/nav2_dwb_controller/dwb_core) by extensions ['ros']
[0.399s] Level 1:colcon.colcon_core.package_identification:_identify(src/navigation2/nav2_dwb_controller/dwb_core) by extension 'ros'
[0.399s] DEBUG:colcon.colcon_core.package_identification:Package 'src/navigation2/nav2_dwb_controller/dwb_core' with type 'ros.ament_cmake' and name 'dwb_core'
[0.400s] Level 1:colcon.colcon_core.package_identification:_identify(src/navigation2/nav2_dwb_controller/dwb_critics) by extensions ['ignore', 'ignore_ament_install']
[0.400s] Level 1:colcon.colcon_core.package_identification:_identify(src/navigation2/nav2_dwb_controller/dwb_critics) by extension 'ignore'
[0.400s] Level 1:colcon.colcon_core.package_identification:_identify(src/navigation2/nav2_dwb_controller/dwb_critics) by extension 'ignore_ament_install'
[0.400s] Level 1:colcon.colcon_core.package_identification:_identify(src/navigation2/nav2_dwb_controller/dwb_critics) by extensions ['colcon_pkg']
[0.400s] Level 1:colcon.colcon_core.package_identification:_identify(src/navigation2/nav2_dwb_controller/dwb_critics) by extension 'colcon_pkg'
[0.400s] Level 1:colcon.colcon_core.package_identification:_identify(src/navigation2/nav2_dwb_controller/dwb_critics) by extensions ['colcon_meta']
[0.400s] Level 1:colcon.colcon_core.package_identification:_identify(src/navigation2/nav2_dwb_controller/dwb_critics) by extension 'colcon_meta'
[0.400s] Level 1:colcon.colcon_core.package_identification:_identify(src/navigation2/nav2_dwb_controller/dwb_critics) by extensions ['ros']
[0.400s] Level 1:colcon.colcon_core.package_identification:_identify(src/navigation2/nav2_dwb_controller/dwb_critics) by extension 'ros'
[0.401s] DEBUG:colcon.colcon_core.package_identification:Package 'src/navigation2/nav2_dwb_controller/dwb_critics' with type 'ros.ament_cmake' and name 'dwb_critics'
[0.401s] Level 1:colcon.colcon_core.package_identification:_identify(src/navigation2/nav2_dwb_controller/dwb_msgs) by extensions ['ignore', 'ignore_ament_install']
[0.401s] Level 1:colcon.colcon_core.package_identification:_identify(src/navigation2/nav2_dwb_controller/dwb_msgs) by extension 'ignore'
[0.401s] Level 1:colcon.colcon_core.package_identification:_identify(src/navigation2/nav2_dwb_controller/dwb_msgs) by extension 'ignore_ament_install'
[0.402s] Level 1:colcon.colcon_core.package_identification:_identify(src/navigation2/nav2_dwb_controller/dwb_msgs) by extensions ['colcon_pkg']
[0.402s] Level 1:colcon.colcon_core.package_identification:_identify(src/navigation2/nav2_dwb_controller/dwb_msgs) by extension 'colcon_pkg'
[0.402s] Level 1:colcon.colcon_core.package_identification:_identify(src/navigation2/nav2_dwb_controller/dwb_msgs) by extensions ['colcon_meta']
[0.402s] Level 1:colcon.colcon_core.package_identification:_identify(src/navigation2/nav2_dwb_controller/dwb_msgs) by extension 'colcon_meta'
[0.402s] Level 1:colcon.colcon_core.package_identification:_identify(src/navigation2/nav2_dwb_controller/dwb_msgs) by extensions ['ros']
[0.402s] Level 1:colcon.colcon_core.package_identification:_identify(src/navigation2/nav2_dwb_controller/dwb_msgs) by extension 'ros'
[0.402s] DEBUG:colcon.colcon_core.package_identification:Package 'src/navigation2/nav2_dwb_controller/dwb_msgs' with type 'ros.ament_cmake' and name 'dwb_msgs'
[0.403s] Level 1:colcon.colcon_core.package_identification:_identify(src/navigation2/nav2_dwb_controller/dwb_plugins) by extensions ['ignore', 'ignore_ament_install']
[0.403s] Level 1:colcon.colcon_core.package_identification:_identify(src/navigation2/nav2_dwb_controller/dwb_plugins) by extension 'ignore'
[0.403s] Level 1:colcon.colcon_core.package_identification:_identify(src/navigation2/nav2_dwb_controller/dwb_plugins) by extension 'ignore_ament_install'
[0.403s] Level 1:colcon.colcon_core.package_identification:_identify(src/navigation2/nav2_dwb_controller/dwb_plugins) by extensions ['colcon_pkg']
[0.403s] Level 1:colcon.colcon_core.package_identification:_identify(src/navigation2/nav2_dwb_controller/dwb_plugins) by extension 'colcon_pkg'
[0.403s] Level 1:colcon.colcon_core.package_identification:_identify(src/navigation2/nav2_dwb_controller/dwb_plugins) by extensions ['colcon_meta']
[0.403s] Level 1:colcon.colcon_core.package_identification:_identify(src/navigation2/nav2_dwb_controller/dwb_plugins) by extension 'colcon_meta'
[0.403s] Level 1:colcon.colcon_core.package_identification:_identify(src/navigation2/nav2_dwb_controller/dwb_plugins) by extensions ['ros']
[0.403s] Level 1:colcon.colcon_core.package_identification:_identify(src/navigation2/nav2_dwb_controller/dwb_plugins) by extension 'ros'
[0.404s] DEBUG:colcon.colcon_core.package_identification:Package 'src/navigation2/nav2_dwb_controller/dwb_plugins' with type 'ros.ament_cmake' and name 'dwb_plugins'
[0.404s] Level 1:colcon.colcon_core.package_identification:_identify(src/navigation2/nav2_dwb_controller/images) by extensions ['ignore', 'ignore_ament_install']
[0.404s] Level 1:colcon.colcon_core.package_identification:_identify(src/navigation2/nav2_dwb_controller/images) by extension 'ignore'
[0.404s] Level 1:colcon.colcon_core.package_identification:_identify(src/navigation2/nav2_dwb_controller/images) by extension 'ignore_ament_install'
[0.404s] Level 1:colcon.colcon_core.package_identification:_identify(src/navigation2/nav2_dwb_controller/images) by extensions ['colcon_pkg']
[0.404s] Level 1:colcon.colcon_core.package_identification:_identify(src/navigation2/nav2_dwb_controller/images) by extension 'colcon_pkg'
[0.404s] Level 1:colcon.colcon_core.package_identification:_identify(src/navigation2/nav2_dwb_controller/images) by extensions ['colcon_meta']
[0.404s] Level 1:colcon.colcon_core.package_identification:_identify(src/navigation2/nav2_dwb_controller/images) by extension 'colcon_meta'
[0.404s] Level 1:colcon.colcon_core.package_identification:_identify(src/navigation2/nav2_dwb_controller/images) by extensions ['ros']
[0.404s] Level 1:colcon.colcon_core.package_identification:_identify(src/navigation2/nav2_dwb_controller/images) by extension 'ros'
[0.404s] Level 1:colcon.colcon_core.package_identification:_identify(src/navigation2/nav2_dwb_controller/images) by extensions ['cmake', 'python']
[0.404s] Level 1:colcon.colcon_core.package_identification:_identify(src/navigation2/nav2_dwb_controller/images) by extension 'cmake'
[0.404s] Level 1:colcon.colcon_core.package_identification:_identify(src/navigation2/nav2_dwb_controller/images) by extension 'python'
[0.404s] Level 1:colcon.colcon_core.package_identification:_identify(src/navigation2/nav2_dwb_controller/images) by extensions ['python_setup_py']
[0.404s] Level 1:colcon.colcon_core.package_identification:_identify(src/navigation2/nav2_dwb_controller/images) by extension 'python_setup_py'
[0.405s] Level 1:colcon.colcon_core.package_identification:_identify(src/navigation2/nav2_dwb_controller/nav2_dwb_controller) by extensions ['ignore', 'ignore_ament_install']
[0.405s] Level 1:colcon.colcon_core.package_identification:_identify(src/navigation2/nav2_dwb_controller/nav2_dwb_controller) by extension 'ignore'
[0.405s] Level 1:colcon.colcon_core.package_identification:_identify(src/navigation2/nav2_dwb_controller/nav2_dwb_controller) by extension 'ignore_ament_install'
[0.405s] Level 1:colcon.colcon_core.package_identification:_identify(src/navigation2/nav2_dwb_controller/nav2_dwb_controller) by extensions ['colcon_pkg']
[0.405s] Level 1:colcon.colcon_core.package_identification:_identify(src/navigation2/nav2_dwb_controller/nav2_dwb_controller) by extension 'colcon_pkg'
[0.405s] Level 1:colcon.colcon_core.package_identification:_identify(src/navigation2/nav2_dwb_controller/nav2_dwb_controller) by extensions ['colcon_meta']
[0.405s] Level 1:colcon.colcon_core.package_identification:_identify(src/navigation2/nav2_dwb_controller/nav2_dwb_controller) by extension 'colcon_meta'
[0.405s] Level 1:colcon.colcon_core.package_identification:_identify(src/navigation2/nav2_dwb_controller/nav2_dwb_controller) by extensions ['ros']
[0.405s] Level 1:colcon.colcon_core.package_identification:_identify(src/navigation2/nav2_dwb_controller/nav2_dwb_controller) by extension 'ros'
[0.406s] DEBUG:colcon.colcon_core.package_identification:Package 'src/navigation2/nav2_dwb_controller/nav2_dwb_controller' with type 'ros.ament_cmake' and name 'nav2_dwb_controller'
[0.406s] Level 1:colcon.colcon_core.package_identification:_identify(src/navigation2/nav2_dwb_controller/nav_2d_msgs) by extensions ['ignore', 'ignore_ament_install']
[0.406s] Level 1:colcon.colcon_core.package_identification:_identify(src/navigation2/nav2_dwb_controller/nav_2d_msgs) by extension 'ignore'
[0.406s] Level 1:colcon.colcon_core.package_identification:_identify(src/navigation2/nav2_dwb_controller/nav_2d_msgs) by extension 'ignore_ament_install'
[0.406s] Level 1:colcon.colcon_core.package_identification:_identify(src/navigation2/nav2_dwb_controller/nav_2d_msgs) by extensions ['colcon_pkg']
[0.406s] Level 1:colcon.colcon_core.package_identification:_identify(src/navigation2/nav2_dwb_controller/nav_2d_msgs) by extension 'colcon_pkg'
[0.406s] Level 1:colcon.colcon_core.package_identification:_identify(src/navigation2/nav2_dwb_controller/nav_2d_msgs) by extensions ['colcon_meta']
[0.406s] Level 1:colcon.colcon_core.package_identification:_identify(src/navigation2/nav2_dwb_controller/nav_2d_msgs) by extension 'colcon_meta'
[0.406s] Level 1:colcon.colcon_core.package_identification:_identify(src/navigation2/nav2_dwb_controller/nav_2d_msgs) by extensions ['ros']
[0.406s] Level 1:colcon.colcon_core.package_identification:_identify(src/navigation2/nav2_dwb_controller/nav_2d_msgs) by extension 'ros'
[0.407s] DEBUG:colcon.colcon_core.package_identification:Package 'src/navigation2/nav2_dwb_controller/nav_2d_msgs' with type 'ros.ament_cmake' and name 'nav_2d_msgs'
[0.407s] Level 1:colcon.colcon_core.package_identification:_identify(src/navigation2/nav2_dwb_controller/nav_2d_utils) by extensions ['ignore', 'ignore_ament_install']
[0.407s] Level 1:colcon.colcon_core.package_identification:_identify(src/navigation2/nav2_dwb_controller/nav_2d_utils) by extension 'ignore'
[0.407s] Level 1:colcon.colcon_core.package_identification:_identify(src/navigation2/nav2_dwb_controller/nav_2d_utils) by extension 'ignore_ament_install'
[0.407s] Level 1:colcon.colcon_core.package_identification:_identify(src/navigation2/nav2_dwb_controller/nav_2d_utils) by extensions ['colcon_pkg']
[0.407s] Level 1:colcon.colcon_core.package_identification:_identify(src/navigation2/nav2_dwb_controller/nav_2d_utils) by extension 'colcon_pkg'
[0.407s] Level 1:colcon.colcon_core.package_identification:_identify(src/navigation2/nav2_dwb_controller/nav_2d_utils) by extensions ['colcon_meta']
[0.407s] Level 1:colcon.colcon_core.package_identification:_identify(src/navigation2/nav2_dwb_controller/nav_2d_utils) by extension 'colcon_meta'
[0.407s] Level 1:colcon.colcon_core.package_identification:_identify(src/navigation2/nav2_dwb_controller/nav_2d_utils) by extensions ['ros']
[0.407s] Level 1:colcon.colcon_core.package_identification:_identify(src/navigation2/nav2_dwb_controller/nav_2d_utils) by extension 'ros'
[0.408s] DEBUG:colcon.colcon_core.package_identification:Package 'src/navigation2/nav2_dwb_controller/nav_2d_utils' with type 'ros.ament_cmake' and name 'nav_2d_utils'
[0.408s] Level 1:colcon.colcon_core.package_identification:_identify(src/navigation2/nav2_lifecycle_manager) by extensions ['ignore', 'ignore_ament_install']
[0.408s] Level 1:colcon.colcon_core.package_identification:_identify(src/navigation2/nav2_lifecycle_manager) by extension 'ignore'
[0.408s] Level 1:colcon.colcon_core.package_identification:_identify(src/navigation2/nav2_lifecycle_manager) by extension 'ignore_ament_install'
[0.408s] Level 1:colcon.colcon_core.package_identification:_identify(src/navigation2/nav2_lifecycle_manager) by extensions ['colcon_pkg']
[0.408s] Level 1:colcon.colcon_core.package_identification:_identify(src/navigation2/nav2_lifecycle_manager) by extension 'colcon_pkg'
[0.409s] Level 1:colcon.colcon_core.package_identification:_identify(src/navigation2/nav2_lifecycle_manager) by extensions ['colcon_meta']
[0.409s] Level 1:colcon.colcon_core.package_identification:_identify(src/navigation2/nav2_lifecycle_manager) by extension 'colcon_meta'
[0.409s] Level 1:colcon.colcon_core.package_identification:_identify(src/navigation2/nav2_lifecycle_manager) by extensions ['ros']
[0.409s] Level 1:colcon.colcon_core.package_identification:_identify(src/navigation2/nav2_lifecycle_manager) by extension 'ros'
[0.409s] DEBUG:colcon.colcon_core.package_identification:Package 'src/navigation2/nav2_lifecycle_manager' with type 'ros.ament_cmake' and name 'nav2_lifecycle_manager'
[0.410s] Level 1:colcon.colcon_core.package_identification:_identify(src/navigation2/nav2_map_server) by extensions ['ignore', 'ignore_ament_install']
[0.410s] Level 1:colcon.colcon_core.package_identification:_identify(src/navigation2/nav2_map_server) by extension 'ignore'
[0.410s] Level 1:colcon.colcon_core.package_identification:_identify(src/navigation2/nav2_map_server) by extension 'ignore_ament_install'
[0.410s] Level 1:colcon.colcon_core.package_identification:_identify(src/navigation2/nav2_map_server) by extensions ['colcon_pkg']
[0.410s] Level 1:colcon.colcon_core.package_identification:_identify(src/navigation2/nav2_map_server) by extension 'colcon_pkg'
[0.410s] Level 1:colcon.colcon_core.package_identification:_identify(src/navigation2/nav2_map_server) by extensions ['colcon_meta']
[0.410s] Level 1:colcon.colcon_core.package_identification:_identify(src/navigation2/nav2_map_server) by extension 'colcon_meta'
[0.410s] Level 1:colcon.colcon_core.package_identification:_identify(src/navigation2/nav2_map_server) by extensions ['ros']
[0.410s] Level 1:colcon.colcon_core.package_identification:_identify(src/navigation2/nav2_map_server) by extension 'ros'
[0.411s] DEBUG:colcon.colcon_core.package_identification:Package 'src/navigation2/nav2_map_server' with type 'ros.ament_cmake' and name 'nav2_map_server'
[0.411s] Level 1:colcon.colcon_core.package_identification:_identify(src/navigation2/nav2_msgs) by extensions ['ignore', 'ignore_ament_install']
[0.411s] Level 1:colcon.colcon_core.package_identification:_identify(src/navigation2/nav2_msgs) by extension 'ignore'
[0.411s] Level 1:colcon.colcon_core.package_identification:_identify(src/navigation2/nav2_msgs) by extension 'ignore_ament_install'
[0.411s] Level 1:colcon.colcon_core.package_identification:_identify(src/navigation2/nav2_msgs) by extensions ['colcon_pkg']
[0.411s] Level 1:colcon.colcon_core.package_identification:_identify(src/navigation2/nav2_msgs) by extension 'colcon_pkg'
[0.411s] Level 1:colcon.colcon_core.package_identification:_identify(src/navigation2/nav2_msgs) by extensions ['colcon_meta']
[0.411s] Level 1:colcon.colcon_core.package_identification:_identify(src/navigation2/nav2_msgs) by extension 'colcon_meta'
[0.412s] Level 1:colcon.colcon_core.package_identification:_identify(src/navigation2/nav2_msgs) by extensions ['ros']
[0.412s] Level 1:colcon.colcon_core.package_identification:_identify(src/navigation2/nav2_msgs) by extension 'ros'
[0.412s] DEBUG:colcon.colcon_core.package_identification:Package 'src/navigation2/nav2_msgs' with type 'ros.ament_cmake' and name 'nav2_msgs'
[0.413s] Level 1:colcon.colcon_core.package_identification:_identify(src/navigation2/nav2_navfn_planner) by extensions ['ignore', 'ignore_ament_install']
[0.413s] Level 1:colcon.colcon_core.package_identification:_identify(src/navigation2/nav2_navfn_planner) by extension 'ignore'
[0.413s] Level 1:colcon.colcon_core.package_identification:_identify(src/navigation2/nav2_navfn_planner) by extension 'ignore_ament_install'
[0.413s] Level 1:colcon.colcon_core.package_identification:_identify(src/navigation2/nav2_navfn_planner) by extensions ['colcon_pkg']
[0.413s] Level 1:colcon.colcon_core.package_identification:_identify(src/navigation2/nav2_navfn_planner) by extension 'colcon_pkg'
[0.413s] Level 1:colcon.colcon_core.package_identification:_identify(src/navigation2/nav2_navfn_planner) by extensions ['colcon_meta']
[0.413s] Level 1:colcon.colcon_core.package_identification:_identify(src/navigation2/nav2_navfn_planner) by extension 'colcon_meta'
[0.413s] Level 1:colcon.colcon_core.package_identification:_identify(src/navigation2/nav2_navfn_planner) by extensions ['ros']
[0.413s] Level 1:colcon.colcon_core.package_identification:_identify(src/navigation2/nav2_navfn_planner) by extension 'ros'
[0.414s] DEBUG:colcon.colcon_core.package_identification:Package 'src/navigation2/nav2_navfn_planner' with type 'ros.ament_cmake' and name 'nav2_navfn_planner'
[0.414s] Level 1:colcon.colcon_core.package_identification:_identify(src/navigation2/nav2_planner) by extensions ['ignore', 'ignore_ament_install']
[0.415s] Level 1:colcon.colcon_core.package_identification:_identify(src/navigation2/nav2_planner) by extension 'ignore'
[0.415s] Level 1:colcon.colcon_core.package_identification:_identify(src/navigation2/nav2_planner) by extension 'ignore_ament_install'
[0.415s] Level 1:colcon.colcon_core.package_identification:_identify(src/navigation2/nav2_planner) by extensions ['colcon_pkg']
[0.415s] Level 1:colcon.colcon_core.package_identification:_identify(src/navigation2/nav2_planner) by extension 'colcon_pkg'
[0.415s] Level 1:colcon.colcon_core.package_identification:_identify(src/navigation2/nav2_planner) by extensions ['colcon_meta']
[0.415s] Level 1:colcon.colcon_core.package_identification:_identify(src/navigation2/nav2_planner) by extension 'colcon_meta'
[0.415s] Level 1:colcon.colcon_core.package_identification:_identify(src/navigation2/nav2_planner) by extensions ['ros']
[0.415s] Level 1:colcon.colcon_core.package_identification:_identify(src/navigation2/nav2_planner) by extension 'ros'
[0.416s] DEBUG:colcon.colcon_core.package_identification:Package 'src/navigation2/nav2_planner' with type 'ros.ament_cmake' and name 'nav2_planner'
[0.416s] Level 1:colcon.colcon_core.package_identification:_identify(src/navigation2/nav2_regulated_pure_pursuit_controller) by extensions ['ignore', 'ignore_ament_install']
[0.416s] Level 1:colcon.colcon_core.package_identification:_identify(src/navigation2/nav2_regulated_pure_pursuit_controller) by extension 'ignore'
[0.416s] Level 1:colcon.colcon_core.package_identification:_identify(src/navigation2/nav2_regulated_pure_pursuit_controller) by extension 'ignore_ament_install'
[0.417s] Level 1:colcon.colcon_core.package_identification:_identify(src/navigation2/nav2_regulated_pure_pursuit_controller) by extensions ['colcon_pkg']
[0.417s] Level 1:colcon.colcon_core.package_identification:_identify(src/navigation2/nav2_regulated_pure_pursuit_controller) by extension 'colcon_pkg'
[0.417s] Level 1:colcon.colcon_core.package_identification:_identify(src/navigation2/nav2_regulated_pure_pursuit_controller) by extensions ['colcon_meta']
[0.417s] Level 1:colcon.colcon_core.package_identification:_identify(src/navigation2/nav2_regulated_pure_pursuit_controller) by extension 'colcon_meta'
[0.417s] Level 1:colcon.colcon_core.package_identification:_identify(src/navigation2/nav2_regulated_pure_pursuit_controller) by extensions ['ros']
[0.417s] Level 1:colcon.colcon_core.package_identification:_identify(src/navigation2/nav2_regulated_pure_pursuit_controller) by extension 'ros'
[0.418s] DEBUG:colcon.colcon_core.package_identification:Package 'src/navigation2/nav2_regulated_pure_pursuit_controller' with type 'ros.ament_cmake' and name 'nav2_regulated_pure_pursuit_controller'
[0.418s] Level 1:colcon.colcon_core.package_identification:_identify(src/navigation2/nav2_rotation_shim_controller) by extensions ['ignore', 'ignore_ament_install']
[0.418s] Level 1:colcon.colcon_core.package_identification:_identify(src/navigation2/nav2_rotation_shim_controller) by extension 'ignore'
[0.418s] Level 1:colcon.colcon_core.package_identification:_identify(src/navigation2/nav2_rotation_shim_controller) by extension 'ignore_ament_install'
[0.418s] Level 1:colcon.colcon_core.package_identification:_identify(src/navigation2/nav2_rotation_shim_controller) by extensions ['colcon_pkg']
[0.418s] Level 1:colcon.colcon_core.package_identification:_identify(src/navigation2/nav2_rotation_shim_controller) by extension 'colcon_pkg'
[0.418s] Level 1:colcon.colcon_core.package_identification:_identify(src/navigation2/nav2_rotation_shim_controller) by extensions ['colcon_meta']
[0.418s] Level 1:colcon.colcon_core.package_identification:_identify(src/navigation2/nav2_rotation_shim_controller) by extension 'colcon_meta'
[0.418s] Level 1:colcon.colcon_core.package_identification:_identify(src/navigation2/nav2_rotation_shim_controller) by extensions ['ros']
[0.418s] Level 1:colcon.colcon_core.package_identification:_identify(src/navigation2/nav2_rotation_shim_controller) by extension 'ros'
[0.419s] DEBUG:colcon.colcon_core.package_identification:Package 'src/navigation2/nav2_rotation_shim_controller' with type 'ros.ament_cmake' and name 'nav2_rotation_shim_controller'
[0.419s] Level 1:colcon.colcon_core.package_identification:_identify(src/navigation2/nav2_rviz_plugins) by extensions ['ignore', 'ignore_ament_install']
[0.420s] Level 1:colcon.colcon_core.package_identification:_identify(src/navigation2/nav2_rviz_plugins) by extension 'ignore'
[0.420s] Level 1:colcon.colcon_core.package_identification:_identify(src/navigation2/nav2_rviz_plugins) by extension 'ignore_ament_install'
[0.420s] Level 1:colcon.colcon_core.package_identification:_identify(src/navigation2/nav2_rviz_plugins) by extensions ['colcon_pkg']
[0.420s] Level 1:colcon.colcon_core.package_identification:_identify(src/navigation2/nav2_rviz_plugins) by extension 'colcon_pkg'
[0.420s] Level 1:colcon.colcon_core.package_identification:_identify(src/navigation2/nav2_rviz_plugins) by extensions ['colcon_meta']
[0.420s] Level 1:colcon.colcon_core.package_identification:_identify(src/navigation2/nav2_rviz_plugins) by extension 'colcon_meta'
[0.420s] Level 1:colcon.colcon_core.package_identification:_identify(src/navigation2/nav2_rviz_plugins) by extensions ['ros']
[0.420s] Level 1:colcon.colcon_core.package_identification:_identify(src/navigation2/nav2_rviz_plugins) by extension 'ros'
[0.422s] DEBUG:colcon.colcon_core.package_identification:Package 'src/navigation2/nav2_rviz_plugins' with type 'ros.ament_cmake' and name 'nav2_rviz_plugins'
[0.422s] Level 1:colcon.colcon_core.package_identification:_identify(src/navigation2/nav2_simple_commander) by extensions ['ignore', 'ignore_ament_install']
[0.422s] Level 1:colcon.colcon_core.package_identification:_identify(src/navigation2/nav2_simple_commander) by extension 'ignore'
[0.422s] Level 1:colcon.colcon_core.package_identification:_identify(src/navigation2/nav2_simple_commander) by extension 'ignore_ament_install'
[0.422s] Level 1:colcon.colcon_core.package_identification:_identify(src/navigation2/nav2_simple_commander) by extensions ['colcon_pkg']
[0.422s] Level 1:colcon.colcon_core.package_identification:_identify(src/navigation2/nav2_simple_commander) by extension 'colcon_pkg'
[0.422s] Level 1:colcon.colcon_core.package_identification:_identify(src/navigation2/nav2_simple_commander) by extensions ['colcon_meta']
[0.422s] Level 1:colcon.colcon_core.package_identification:_identify(src/navigation2/nav2_simple_commander) by extension 'colcon_meta'
[0.422s] Level 1:colcon.colcon_core.package_identification:_identify(src/navigation2/nav2_simple_commander) by extensions ['ros']
[0.422s] Level 1:colcon.colcon_core.package_identification:_identify(src/navigation2/nav2_simple_commander) by extension 'ros'
[0.422s] DEBUG:colcon.colcon_core.package_identification:Package 'src/navigation2/nav2_simple_commander' with type 'ros.ament_python' and name 'nav2_simple_commander'
[0.423s] Level 1:colcon.colcon_core.package_identification:_identify(src/navigation2/nav2_smac_planner) by extensions ['ignore', 'ignore_ament_install']
[0.423s] Level 1:colcon.colcon_core.package_identification:_identify(src/navigation2/nav2_smac_planner) by extension 'ignore'
[0.423s] Level 1:colcon.colcon_core.package_identification:_identify(src/navigation2/nav2_smac_planner) by extension 'ignore_ament_install'
[0.423s] Level 1:colcon.colcon_core.package_identification:_identify(src/navigation2/nav2_smac_planner) by extensions ['colcon_pkg']
[0.423s] Level 1:colcon.colcon_core.package_identification:_identify(src/navigation2/nav2_smac_planner) by extension 'colcon_pkg'
[0.423s] Level 1:colcon.colcon_core.package_identification:_identify(src/navigation2/nav2_smac_planner) by extensions ['colcon_meta']
[0.423s] Level 1:colcon.colcon_core.package_identification:_identify(src/navigation2/nav2_smac_planner) by extension 'colcon_meta'
[0.423s] Level 1:colcon.colcon_core.package_identification:_identify(src/navigation2/nav2_smac_planner) by extensions ['ros']
[0.423s] Level 1:colcon.colcon_core.package_identification:_identify(src/navigation2/nav2_smac_planner) by extension 'ros'
[0.425s] DEBUG:colcon.colcon_core.package_identification:Package 'src/navigation2/nav2_smac_planner' with type 'ros.ament_cmake' and name 'nav2_smac_planner'
[0.425s] Level 1:colcon.colcon_core.package_identification:_identify(src/navigation2/nav2_smoother) by extensions ['ignore', 'ignore_ament_install']
[0.425s] Level 1:colcon.colcon_core.package_identification:_identify(src/navigation2/nav2_smoother) by extension 'ignore'
[0.425s] Level 1:colcon.colcon_core.package_identification:_identify(src/navigation2/nav2_smoother) by extension 'ignore_ament_install'
[0.425s] Level 1:colcon.colcon_core.package_identification:_identify(src/navigation2/nav2_smoother) by extensions ['colcon_pkg']
[0.425s] Level 1:colcon.colcon_core.package_identification:_identify(src/navigation2/nav2_smoother) by extension 'colcon_pkg'
[0.425s] Level 1:colcon.colcon_core.package_identification:_identify(src/navigation2/nav2_smoother) by extensions ['colcon_meta']
[0.425s] Level 1:colcon.colcon_core.package_identification:_identify(src/navigation2/nav2_smoother) by extension 'colcon_meta'
[0.425s] Level 1:colcon.colcon_core.package_identification:_identify(src/navigation2/nav2_smoother) by extensions ['ros']
[0.425s] Level 1:colcon.colcon_core.package_identification:_identify(src/navigation2/nav2_smoother) by extension 'ros'
[0.426s] DEBUG:colcon.colcon_core.package_identification:Package 'src/navigation2/nav2_smoother' with type 'ros.ament_cmake' and name 'nav2_smoother'
[0.427s] Level 1:colcon.colcon_core.package_identification:_identify(src/navigation2/nav2_system_tests) by extensions ['ignore', 'ignore_ament_install']
[0.427s] Level 1:colcon.colcon_core.package_identification:_identify(src/navigation2/nav2_system_tests) by extension 'ignore'
[0.427s] Level 1:colcon.colcon_core.package_identification:_identify(src/navigation2/nav2_system_tests) by extension 'ignore_ament_install'
[0.427s] Level 1:colcon.colcon_core.package_identification:_identify(src/navigation2/nav2_system_tests) by extensions ['colcon_pkg']
[0.427s] Level 1:colcon.colcon_core.package_identification:_identify(src/navigation2/nav2_system_tests) by extension 'colcon_pkg'
[0.427s] Level 1:colcon.colcon_core.package_identification:_identify(src/navigation2/nav2_system_tests) by extensions ['colcon_meta']
[0.427s] Level 1:colcon.colcon_core.package_identification:_identify(src/navigation2/nav2_system_tests) by extension 'colcon_meta'
[0.427s] Level 1:colcon.colcon_core.package_identification:_identify(src/navigation2/nav2_system_tests) by extensions ['ros']
[0.427s] Level 1:colcon.colcon_core.package_identification:_identify(src/navigation2/nav2_system_tests) by extension 'ros'
[0.428s] DEBUG:colcon.colcon_core.package_identification:Package 'src/navigation2/nav2_system_tests' with type 'ros.ament_cmake' and name 'nav2_system_tests'
[0.428s] Level 1:colcon.colcon_core.package_identification:_identify(src/navigation2/nav2_theta_star_planner) by extensions ['ignore', 'ignore_ament_install']
[0.428s] Level 1:colcon.colcon_core.package_identification:_identify(src/navigation2/nav2_theta_star_planner) by extension 'ignore'
[0.428s] Level 1:colcon.colcon_core.package_identification:_identify(src/navigation2/nav2_theta_star_planner) by extension 'ignore_ament_install'
[0.428s] Level 1:colcon.colcon_core.package_identification:_identify(src/navigation2/nav2_theta_star_planner) by extensions ['colcon_pkg']
[0.428s] Level 1:colcon.colcon_core.package_identification:_identify(src/navigation2/nav2_theta_star_planner) by extension 'colcon_pkg'
[0.428s] Level 1:colcon.colcon_core.package_identification:_identify(src/navigation2/nav2_theta_star_planner) by extensions ['colcon_meta']
[0.428s] Level 1:colcon.colcon_core.package_identification:_identify(src/navigation2/nav2_theta_star_planner) by extension 'colcon_meta'
[0.428s] Level 1:colcon.colcon_core.package_identification:_identify(src/navigation2/nav2_theta_star_planner) by extensions ['ros']
[0.428s] Level 1:colcon.colcon_core.package_identification:_identify(src/navigation2/nav2_theta_star_planner) by extension 'ros'
[0.430s] DEBUG:colcon.colcon_core.package_identification:Package 'src/navigation2/nav2_theta_star_planner' with type 'ros.ament_cmake' and name 'nav2_theta_star_planner'
[0.430s] Level 1:colcon.colcon_core.package_identification:_identify(src/navigation2/nav2_util) by extensions ['ignore', 'ignore_ament_install']
[0.430s] Level 1:colcon.colcon_core.package_identification:_identify(src/navigation2/nav2_util) by extension 'ignore'
[0.430s] Level 1:colcon.colcon_core.package_identification:_identify(src/navigation2/nav2_util) by extension 'ignore_ament_install'
[0.430s] Level 1:colcon.colcon_core.package_identification:_identify(src/navigation2/nav2_util) by extensions ['colcon_pkg']
[0.430s] Level 1:colcon.colcon_core.package_identification:_identify(src/navigation2/nav2_util) by extension 'colcon_pkg'
[0.430s] Level 1:colcon.colcon_core.package_identification:_identify(src/navigation2/nav2_util) by extensions ['colcon_meta']
[0.430s] Level 1:colcon.colcon_core.package_identification:_identify(src/navigation2/nav2_util) by extension 'colcon_meta'
[0.430s] Level 1:colcon.colcon_core.package_identification:_identify(src/navigation2/nav2_util) by extensions ['ros']
[0.430s] Level 1:colcon.colcon_core.package_identification:_identify(src/navigation2/nav2_util) by extension 'ros'
[0.432s] DEBUG:colcon.colcon_core.package_identification:Package 'src/navigation2/nav2_util' with type 'ros.ament_cmake' and name 'nav2_util'
[0.432s] Level 1:colcon.colcon_core.package_identification:_identify(src/navigation2/nav2_voxel_grid) by extensions ['ignore', 'ignore_ament_install']
[0.432s] Level 1:colcon.colcon_core.package_identification:_identify(src/navigation2/nav2_voxel_grid) by extension 'ignore'
[0.432s] Level 1:colcon.colcon_core.package_identification:_identify(src/navigation2/nav2_voxel_grid) by extension 'ignore_ament_install'
[0.432s] Level 1:colcon.colcon_core.package_identification:_identify(src/navigation2/nav2_voxel_grid) by extensions ['colcon_pkg']
[0.432s] Level 1:colcon.colcon_core.package_identification:_identify(src/navigation2/nav2_voxel_grid) by extension 'colcon_pkg'
[0.432s] Level 1:colcon.colcon_core.package_identification:_identify(src/navigation2/nav2_voxel_grid) by extensions ['colcon_meta']
[0.432s] Level 1:colcon.colcon_core.package_identification:_identify(src/navigation2/nav2_voxel_grid) by extension 'colcon_meta'
[0.432s] Level 1:colcon.colcon_core.package_identification:_identify(src/navigation2/nav2_voxel_grid) by extensions ['ros']
[0.432s] Level 1:colcon.colcon_core.package_identification:_identify(src/navigation2/nav2_voxel_grid) by extension 'ros'
[0.433s] DEBUG:colcon.colcon_core.package_identification:Package 'src/navigation2/nav2_voxel_grid' with type 'ros.ament_cmake' and name 'nav2_voxel_grid'
[0.433s] Level 1:colcon.colcon_core.package_identification:_identify(src/navigation2/nav2_waypoint_follower) by extensions ['ignore', 'ignore_ament_install']
[0.433s] Level 1:colcon.colcon_core.package_identification:_identify(src/navigation2/nav2_waypoint_follower) by extension 'ignore'
[0.433s] Level 1:colcon.colcon_core.package_identification:_identify(src/navigation2/nav2_waypoint_follower) by extension 'ignore_ament_install'
[0.433s] Level 1:colcon.colcon_core.package_identification:_identify(src/navigation2/nav2_waypoint_follower) by extensions ['colcon_pkg']
[0.433s] Level 1:colcon.colcon_core.package_identification:_identify(src/navigation2/nav2_waypoint_follower) by extension 'colcon_pkg'
[0.433s] Level 1:colcon.colcon_core.package_identification:_identify(src/navigation2/nav2_waypoint_follower) by extensions ['colcon_meta']
[0.433s] Level 1:colcon.colcon_core.package_identification:_identify(src/navigation2/nav2_waypoint_follower) by extension 'colcon_meta'
[0.433s] Level 1:colcon.colcon_core.package_identification:_identify(src/navigation2/nav2_waypoint_follower) by extensions ['ros']
[0.433s] Level 1:colcon.colcon_core.package_identification:_identify(src/navigation2/nav2_waypoint_follower) by extension 'ros'
[0.435s] DEBUG:colcon.colcon_core.package_identification:Package 'src/navigation2/nav2_waypoint_follower' with type 'ros.ament_cmake' and name 'nav2_waypoint_follower'
[0.435s] Level 1:colcon.colcon_core.package_identification:_identify(src/navigation2/navigation2) by extensions ['ignore', 'ignore_ament_install']
[0.435s] Level 1:colcon.colcon_core.package_identification:_identify(src/navigation2/navigation2) by extension 'ignore'
[0.435s] Level 1:colcon.colcon_core.package_identification:_identify(src/navigation2/navigation2) by extension 'ignore_ament_install'
[0.435s] Level 1:colcon.colcon_core.package_identification:_identify(src/navigation2/navigation2) by extensions ['colcon_pkg']
[0.435s] Level 1:colcon.colcon_core.package_identification:_identify(src/navigation2/navigation2) by extension 'colcon_pkg'
[0.435s] Level 1:colcon.colcon_core.package_identification:_identify(src/navigation2/navigation2) by extensions ['colcon_meta']
[0.435s] Level 1:colcon.colcon_core.package_identification:_identify(src/navigation2/navigation2) by extension 'colcon_meta'
[0.435s] Level 1:colcon.colcon_core.package_identification:_identify(src/navigation2/navigation2) by extensions ['ros']
[0.435s] Level 1:colcon.colcon_core.package_identification:_identify(src/navigation2/navigation2) by extension 'ros'
[0.436s] DEBUG:colcon.colcon_core.package_identification:Package 'src/navigation2/navigation2' with type 'ros.ament_cmake' and name 'navigation2'
[0.436s] Level 1:colcon.colcon_core.package_identification:_identify(src/navigation2/tools) by extensions ['ignore', 'ignore_ament_install']
[0.436s] Level 1:colcon.colcon_core.package_identification:_identify(src/navigation2/tools) by extension 'ignore'
[0.436s] Level 1:colcon.colcon_core.package_identification:_identify(src/navigation2/tools) by extension 'ignore_ament_install'
[0.436s] Level 1:colcon.colcon_core.package_identification:_identify(src/navigation2/tools) by extensions ['colcon_pkg']
[0.436s] Level 1:colcon.colcon_core.package_identification:_identify(src/navigation2/tools) by extension 'colcon_pkg'
[0.436s] Level 1:colcon.colcon_core.package_identification:_identify(src/navigation2/tools) by extensions ['colcon_meta']
[0.436s] Level 1:colcon.colcon_core.package_identification:_identify(src/navigation2/tools) by extension 'colcon_meta'
[0.436s] Level 1:colcon.colcon_core.package_identification:_identify(src/navigation2/tools) by extensions ['ros']
[0.436s] Level 1:colcon.colcon_core.package_identification:_identify(src/navigation2/tools) by extension 'ros'
[0.436s] Level 1:colcon.colcon_core.package_identification:_identify(src/navigation2/tools) by extensions ['cmake', 'python']
[0.436s] Level 1:colcon.colcon_core.package_identification:_identify(src/navigation2/tools) by extension 'cmake'
[0.436s] Level 1:colcon.colcon_core.package_identification:_identify(src/navigation2/tools) by extension 'python'
[0.436s] Level 1:colcon.colcon_core.package_identification:_identify(src/navigation2/tools) by extensions ['python_setup_py']
[0.436s] Level 1:colcon.colcon_core.package_identification:_identify(src/navigation2/tools) by extension 'python_setup_py'
[0.437s] Level 1:colcon.colcon_core.package_identification:_identify(src/navigation2/tools/planner_benchmarking) by extensions ['ignore', 'ignore_ament_install']
[0.437s] Level 1:colcon.colcon_core.package_identification:_identify(src/navigation2/tools/planner_benchmarking) by extension 'ignore'
[0.437s] Level 1:colcon.colcon_core.package_identification:_identify(src/navigation2/tools/planner_benchmarking) by extension 'ignore_ament_install'
[0.437s] Level 1:colcon.colcon_core.package_identification:_identify(src/navigation2/tools/planner_benchmarking) by extensions ['colcon_pkg']
[0.437s] Level 1:colcon.colcon_core.package_identification:_identify(src/navigation2/tools/planner_benchmarking) by extension 'colcon_pkg'
[0.437s] Level 1:colcon.colcon_core.package_identification:_identify(src/navigation2/tools/planner_benchmarking) by extensions ['colcon_meta']
[0.437s] Level 1:colcon.colcon_core.package_identification:_identify(src/navigation2/tools/planner_benchmarking) by extension 'colcon_meta'
[0.437s] Level 1:colcon.colcon_core.package_identification:_identify(src/navigation2/tools/planner_benchmarking) by extensions ['ros']
[0.437s] Level 1:colcon.colcon_core.package_identification:_identify(src/navigation2/tools/planner_benchmarking) by extension 'ros'
[0.437s] Level 1:colcon.colcon_core.package_identification:_identify(src/navigation2/tools/planner_benchmarking) by extensions ['cmake', 'python']
[0.437s] Level 1:colcon.colcon_core.package_identification:_identify(src/navigation2/tools/planner_benchmarking) by extension 'cmake'
[0.437s] Level 1:colcon.colcon_core.package_identification:_identify(src/navigation2/tools/planner_benchmarking) by extension 'python'
[0.437s] Level 1:colcon.colcon_core.package_identification:_identify(src/navigation2/tools/planner_benchmarking) by extensions ['python_setup_py']
[0.437s] Level 1:colcon.colcon_core.package_identification:_identify(src/navigation2/tools/planner_benchmarking) by extension 'python_setup_py'
[0.437s] Level 1:colcon.colcon_core.package_identification:_identify(src/rf2o_laser_odometry) by extensions ['ignore', 'ignore_ament_install']
[0.437s] Level 1:colcon.colcon_core.package_identification:_identify(src/rf2o_laser_odometry) by extension 'ignore'
[0.437s] Level 1:colcon.colcon_core.package_identification:_identify(src/rf2o_laser_odometry) by extension 'ignore_ament_install'
[0.437s] Level 1:colcon.colcon_core.package_identification:_identify(src/rf2o_laser_odometry) by extensions ['colcon_pkg']
[0.437s] Level 1:colcon.colcon_core.package_identification:_identify(src/rf2o_laser_odometry) by extension 'colcon_pkg'
[0.437s] Level 1:colcon.colcon_core.package_identification:_identify(src/rf2o_laser_odometry) by extensions ['colcon_meta']
[0.438s] Level 1:colcon.colcon_core.package_identification:_identify(src/rf2o_laser_odometry) by extension 'colcon_meta'
[0.438s] Level 1:colcon.colcon_core.package_identification:_identify(src/rf2o_laser_odometry) by extensions ['ros']
[0.438s] Level 1:colcon.colcon_core.package_identification:_identify(src/rf2o_laser_odometry) by extension 'ros'
[0.439s] DEBUG:colcon.colcon_core.package_identification:Package 'src/rf2o_laser_odometry' with type 'ros.ament_cmake' and name 'rf2o_laser_odometry'
[0.439s] Level 1:colcon.colcon_core.package_identification:_identify(src/ros2_astra_camera) by extensions ['ignore', 'ignore_ament_install']
[0.439s] Level 1:colcon.colcon_core.package_identification:_identify(src/ros2_astra_camera) by extension 'ignore'
[0.439s] Level 1:colcon.colcon_core.package_identification:_identify(src/ros2_astra_camera) by extension 'ignore_ament_install'
[0.439s] Level 1:colcon.colcon_core.package_identification:_identify(src/ros2_astra_camera) by extensions ['colcon_pkg']
[0.439s] Level 1:colcon.colcon_core.package_identification:_identify(src/ros2_astra_camera) by extension 'colcon_pkg'
[0.439s] Level 1:colcon.colcon_core.package_identification:_identify(src/ros2_astra_camera) by extensions ['colcon_meta']
[0.439s] Level 1:colcon.colcon_core.package_identification:_identify(src/ros2_astra_camera) by extension 'colcon_meta'
[0.439s] Level 1:colcon.colcon_core.package_identification:_identify(src/ros2_astra_camera) by extensions ['ros']
[0.439s] Level 1:colcon.colcon_core.package_identification:_identify(src/ros2_astra_camera) by extension 'ros'
[0.439s] Level 1:colcon.colcon_core.package_identification:_identify(src/ros2_astra_camera) by extensions ['cmake', 'python']
[0.439s] Level 1:colcon.colcon_core.package_identification:_identify(src/ros2_astra_camera) by extension 'cmake'
[0.440s] Level 1:colcon.colcon_core.package_identification:_identify(src/ros2_astra_camera) by extension 'python'
[0.440s] Level 1:colcon.colcon_core.package_identification:_identify(src/ros2_astra_camera) by extensions ['python_setup_py']
[0.440s] Level 1:colcon.colcon_core.package_identification:_identify(src/ros2_astra_camera) by extension 'python_setup_py'
[0.440s] Level 1:colcon.colcon_core.package_identification:_identify(src/ros2_astra_camera/astra_camera) by extensions ['ignore', 'ignore_ament_install']
[0.440s] Level 1:colcon.colcon_core.package_identification:_identify(src/ros2_astra_camera/astra_camera) by extension 'ignore'
[0.440s] Level 1:colcon.colcon_core.package_identification:_identify(src/ros2_astra_camera/astra_camera) by extension 'ignore_ament_install'
[0.440s] Level 1:colcon.colcon_core.package_identification:_identify(src/ros2_astra_camera/astra_camera) by extensions ['colcon_pkg']
[0.440s] Level 1:colcon.colcon_core.package_identification:_identify(src/ros2_astra_camera/astra_camera) by extension 'colcon_pkg'
[0.440s] Level 1:colcon.colcon_core.package_identification:_identify(src/ros2_astra_camera/astra_camera) by extensions ['colcon_meta']
[0.440s] Level 1:colcon.colcon_core.package_identification:_identify(src/ros2_astra_camera/astra_camera) by extension 'colcon_meta'
[0.440s] Level 1:colcon.colcon_core.package_identification:_identify(src/ros2_astra_camera/astra_camera) by extensions ['ros']
[0.440s] Level 1:colcon.colcon_core.package_identification:_identify(src/ros2_astra_camera/astra_camera) by extension 'ros'
[0.442s] DEBUG:colcon.colcon_core.package_identification:Package 'src/ros2_astra_camera/astra_camera' with type 'ros.ament_cmake' and name 'astra_camera'
[0.442s] Level 1:colcon.colcon_core.package_identification:_identify(src/ros2_astra_camera/astra_camera_msgs) by extensions ['ignore', 'ignore_ament_install']
[0.442s] Level 1:colcon.colcon_core.package_identification:_identify(src/ros2_astra_camera/astra_camera_msgs) by extension 'ignore'
[0.442s] Level 1:colcon.colcon_core.package_identification:_identify(src/ros2_astra_camera/astra_camera_msgs) by extension 'ignore_ament_install'
[0.442s] Level 1:colcon.colcon_core.package_identification:_identify(src/ros2_astra_camera/astra_camera_msgs) by extensions ['colcon_pkg']
[0.442s] Level 1:colcon.colcon_core.package_identification:_identify(src/ros2_astra_camera/astra_camera_msgs) by extension 'colcon_pkg'
[0.442s] Level 1:colcon.colcon_core.package_identification:_identify(src/ros2_astra_camera/astra_camera_msgs) by extensions ['colcon_meta']
[0.442s] Level 1:colcon.colcon_core.package_identification:_identify(src/ros2_astra_camera/astra_camera_msgs) by extension 'colcon_meta'
[0.442s] Level 1:colcon.colcon_core.package_identification:_identify(src/ros2_astra_camera/astra_camera_msgs) by extensions ['ros']
[0.442s] Level 1:colcon.colcon_core.package_identification:_identify(src/ros2_astra_camera/astra_camera_msgs) by extension 'ros'
[0.443s] DEBUG:colcon.colcon_core.package_identification:Package 'src/ros2_astra_camera/astra_camera_msgs' with type 'ros.ament_cmake' and name 'astra_camera_msgs'
[0.443s] Level 1:colcon.colcon_core.package_identification:_identify(src/ros2_astra_camera/glog-0.6.0) by extensions ['ignore', 'ignore_ament_install']
[0.443s] Level 1:colcon.colcon_core.package_identification:_identify(src/ros2_astra_camera/glog-0.6.0) by extension 'ignore'
[0.443s] Level 1:colcon.colcon_core.package_identification:_identify(src/ros2_astra_camera/glog-0.6.0) by extension 'ignore_ament_install'
[0.443s] Level 1:colcon.colcon_core.package_identification:_identify(src/ros2_astra_camera/glog-0.6.0) by extensions ['colcon_pkg']
[0.443s] Level 1:colcon.colcon_core.package_identification:_identify(src/ros2_astra_camera/glog-0.6.0) by extension 'colcon_pkg'
[0.443s] Level 1:colcon.colcon_core.package_identification:_identify(src/ros2_astra_camera/glog-0.6.0) by extensions ['colcon_meta']
[0.443s] Level 1:colcon.colcon_core.package_identification:_identify(src/ros2_astra_camera/glog-0.6.0) by extension 'colcon_meta'
[0.443s] Level 1:colcon.colcon_core.package_identification:_identify(src/ros2_astra_camera/glog-0.6.0) by extensions ['ros']
[0.443s] Level 1:colcon.colcon_core.package_identification:_identify(src/ros2_astra_camera/glog-0.6.0) by extension 'ros'
[0.443s] Level 1:colcon.colcon_core.package_identification:_identify(src/ros2_astra_camera/glog-0.6.0) by extensions ['cmake', 'python']
[0.443s] Level 1:colcon.colcon_core.package_identification:_identify(src/ros2_astra_camera/glog-0.6.0) by extension 'cmake'
[0.457s] Level 1:colcon.colcon_core.package_identification:_identify(src/ros2_astra_camera/glog-0.6.0) by extension 'python'
[0.457s] DEBUG:colcon.colcon_core.package_identification:Package 'src/ros2_astra_camera/glog-0.6.0' with type 'cmake' and name 'glog'
[0.458s] Level 1:colcon.colcon_core.package_identification:_identify(src/ros2_astra_camera/libuvc) by extensions ['ignore', 'ignore_ament_install']
[0.458s] Level 1:colcon.colcon_core.package_identification:_identify(src/ros2_astra_camera/libuvc) by extension 'ignore'
[0.458s] Level 1:colcon.colcon_core.package_identification:_identify(src/ros2_astra_camera/libuvc) by extension 'ignore_ament_install'
[0.458s] Level 1:colcon.colcon_core.package_identification:_identify(src/ros2_astra_camera/libuvc) by extensions ['colcon_pkg']
[0.458s] Level 1:colcon.colcon_core.package_identification:_identify(src/ros2_astra_camera/libuvc) by extension 'colcon_pkg'
[0.458s] Level 1:colcon.colcon_core.package_identification:_identify(src/ros2_astra_camera/libuvc) by extensions ['colcon_meta']
[0.458s] Level 1:colcon.colcon_core.package_identification:_identify(src/ros2_astra_camera/libuvc) by extension 'colcon_meta'
[0.458s] Level 1:colcon.colcon_core.package_identification:_identify(src/ros2_astra_camera/libuvc) by extensions ['ros']
[0.458s] Level 1:colcon.colcon_core.package_identification:_identify(src/ros2_astra_camera/libuvc) by extension 'ros'
[0.458s] Level 1:colcon.colcon_core.package_identification:_identify(src/ros2_astra_camera/libuvc) by extensions ['cmake', 'python']
[0.458s] Level 1:colcon.colcon_core.package_identification:_identify(src/ros2_astra_camera/libuvc) by extension 'cmake'
[0.462s] Level 1:colcon.colcon_core.package_identification:_identify(src/ros2_astra_camera/libuvc) by extension 'python'
[0.462s] DEBUG:colcon.colcon_core.package_identification:Package 'src/ros2_astra_camera/libuvc' with type 'cmake' and name 'libuvc'
[0.463s] Level 1:colcon.colcon_core.package_identification:_identify(src/ros2_astra_camera/magic_enum-0.8.0) by extensions ['ignore', 'ignore_ament_install']
[0.463s] Level 1:colcon.colcon_core.package_identification:_identify(src/ros2_astra_camera/magic_enum-0.8.0) by extension 'ignore'
[0.463s] Level 1:colcon.colcon_core.package_identification:_identify(src/ros2_astra_camera/magic_enum-0.8.0) by extension 'ignore_ament_install'
[0.463s] Level 1:colcon.colcon_core.package_identification:_identify(src/ros2_astra_camera/magic_enum-0.8.0) by extensions ['colcon_pkg']
[0.463s] Level 1:colcon.colcon_core.package_identification:_identify(src/ros2_astra_camera/magic_enum-0.8.0) by extension 'colcon_pkg'
[0.463s] Level 1:colcon.colcon_core.package_identification:_identify(src/ros2_astra_camera/magic_enum-0.8.0) by extensions ['colcon_meta']
[0.463s] Level 1:colcon.colcon_core.package_identification:_identify(src/ros2_astra_camera/magic_enum-0.8.0) by extension 'colcon_meta'
[0.463s] Level 1:colcon.colcon_core.package_identification:_identify(src/ros2_astra_camera/magic_enum-0.8.0) by extensions ['ros']
[0.463s] Level 1:colcon.colcon_core.package_identification:_identify(src/ros2_astra_camera/magic_enum-0.8.0) by extension 'ros'
[0.463s] DEBUG:colcon.colcon_core.package_identification:Package 'src/ros2_astra_camera/magic_enum-0.8.0' with type 'ros.cmake' and name 'magic_enum'
[0.463s] Level 1:colcon.colcon_core.package_identification:_identify(src/teb_local_planner) by extensions ['ignore', 'ignore_ament_install']
[0.463s] Level 1:colcon.colcon_core.package_identification:_identify(src/teb_local_planner) by extension 'ignore'
[0.464s] Level 1:colcon.colcon_core.package_identification:_identify(src/teb_local_planner) by extension 'ignore_ament_install'
[0.464s] Level 1:colcon.colcon_core.package_identification:_identify(src/teb_local_planner) by extensions ['colcon_pkg']
[0.464s] Level 1:colcon.colcon_core.package_identification:_identify(src/teb_local_planner) by extension 'colcon_pkg'
[0.464s] Level 1:colcon.colcon_core.package_identification:_identify(src/teb_local_planner) by extensions ['colcon_meta']
[0.464s] Level 1:colcon.colcon_core.package_identification:_identify(src/teb_local_planner) by extension 'colcon_meta'
[0.464s] Level 1:colcon.colcon_core.package_identification:_identify(src/teb_local_planner) by extensions ['ros']
[0.464s] Level 1:colcon.colcon_core.package_identification:_identify(src/teb_local_planner) by extension 'ros'
[0.464s] Level 1:colcon.colcon_core.package_identification:_identify(src/teb_local_planner) by extensions ['cmake', 'python']
[0.464s] Level 1:colcon.colcon_core.package_identification:_identify(src/teb_local_planner) by extension 'cmake'
[0.464s] Level 1:colcon.colcon_core.package_identification:_identify(src/teb_local_planner) by extension 'python'
[0.464s] Level 1:colcon.colcon_core.package_identification:_identify(src/teb_local_planner) by extensions ['python_setup_py']
[0.464s] Level 1:colcon.colcon_core.package_identification:_identify(src/teb_local_planner) by extension 'python_setup_py'
[0.464s] Level 1:colcon.colcon_core.package_identification:_identify(src/teb_local_planner/teb_local_planner) by extensions ['ignore', 'ignore_ament_install']
[0.464s] Level 1:colcon.colcon_core.package_identification:_identify(src/teb_local_planner/teb_local_planner) by extension 'ignore'
[0.464s] Level 1:colcon.colcon_core.package_identification:_identify(src/teb_local_planner/teb_local_planner) by extension 'ignore_ament_install'
[0.464s] Level 1:colcon.colcon_core.package_identification:_identify(src/teb_local_planner/teb_local_planner) by extensions ['colcon_pkg']
[0.464s] Level 1:colcon.colcon_core.package_identification:_identify(src/teb_local_planner/teb_local_planner) by extension 'colcon_pkg'
[0.464s] Level 1:colcon.colcon_core.package_identification:_identify(src/teb_local_planner/teb_local_planner) by extensions ['colcon_meta']
[0.464s] Level 1:colcon.colcon_core.package_identification:_identify(src/teb_local_planner/teb_local_planner) by extension 'colcon_meta'
[0.464s] Level 1:colcon.colcon_core.package_identification:_identify(src/teb_local_planner/teb_local_planner) by extensions ['ros']
[0.464s] Level 1:colcon.colcon_core.package_identification:_identify(src/teb_local_planner/teb_local_planner) by extension 'ros'
[0.467s] DEBUG:colcon.colcon_core.package_identification:Package 'src/teb_local_planner/teb_local_planner' with type 'ros.ament_cmake' and name 'teb_local_planner'
[0.467s] Level 1:colcon.colcon_core.package_identification:_identify(src/teb_local_planner/teb_msgs) by extensions ['ignore', 'ignore_ament_install']
[0.467s] Level 1:colcon.colcon_core.package_identification:_identify(src/teb_local_planner/teb_msgs) by extension 'ignore'
[0.467s] Level 1:colcon.colcon_core.package_identification:_identify(src/teb_local_planner/teb_msgs) by extension 'ignore_ament_install'
[0.467s] Level 1:colcon.colcon_core.package_identification:_identify(src/teb_local_planner/teb_msgs) by extensions ['colcon_pkg']
[0.467s] Level 1:colcon.colcon_core.package_identification:_identify(src/teb_local_planner/teb_msgs) by extension 'colcon_pkg'
[0.467s] Level 1:colcon.colcon_core.package_identification:_identify(src/teb_local_planner/teb_msgs) by extensions ['colcon_meta']
[0.467s] Level 1:colcon.colcon_core.package_identification:_identify(src/teb_local_planner/teb_msgs) by extension 'colcon_meta'
[0.467s] Level 1:colcon.colcon_core.package_identification:_identify(src/teb_local_planner/teb_msgs) by extensions ['ros']
[0.467s] Level 1:colcon.colcon_core.package_identification:_identify(src/teb_local_planner/teb_msgs) by extension 'ros'
[0.468s] DEBUG:colcon.colcon_core.package_identification:Package 'src/teb_local_planner/teb_msgs' with type 'ros.ament_cmake' and name 'teb_msgs'
[0.468s] Level 1:colcon.colcon_core.package_identification:_identify(src/ydlidar_ros2_driver) by extensions ['ignore', 'ignore_ament_install']
[0.468s] Level 1:colcon.colcon_core.package_identification:_identify(src/ydlidar_ros2_driver) by extension 'ignore'
[0.468s] Level 1:colcon.colcon_core.package_identification:_identify(src/ydlidar_ros2_driver) by extension 'ignore_ament_install'
[0.468s] Level 1:colcon.colcon_core.package_identification:_identify(src/ydlidar_ros2_driver) by extensions ['colcon_pkg']
[0.468s] Level 1:colcon.colcon_core.package_identification:_identify(src/ydlidar_ros2_driver) by extension 'colcon_pkg'
[0.468s] Level 1:colcon.colcon_core.package_identification:_identify(src/ydlidar_ros2_driver) by extensions ['colcon_meta']
[0.468s] Level 1:colcon.colcon_core.package_identification:_identify(src/ydlidar_ros2_driver) by extension 'colcon_meta'
[0.468s] Level 1:colcon.colcon_core.package_identification:_identify(src/ydlidar_ros2_driver) by extensions ['ros']
[0.468s] Level 1:colcon.colcon_core.package_identification:_identify(src/ydlidar_ros2_driver) by extension 'ros'
[0.469s] DEBUG:colcon.colcon_core.package_identification:Package 'src/ydlidar_ros2_driver' with type 'ros.ament_cmake' and name 'ydlidar_ros2_driver'
[0.469s] Level 1:colcon.colcon_core.package_identification:_identify(src/yolov5_ros2) by extensions ['ignore', 'ignore_ament_install']
[0.469s] Level 1:colcon.colcon_core.package_identification:_identify(src/yolov5_ros2) by extension 'ignore'
[0.469s] Level 1:colcon.colcon_core.package_identification:_identify(src/yolov5_ros2) by extension 'ignore_ament_install'
[0.469s] Level 1:colcon.colcon_core.package_identification:_identify(src/yolov5_ros2) by extensions ['colcon_pkg']
[0.469s] Level 1:colcon.colcon_core.package_identification:_identify(src/yolov5_ros2) by extension 'colcon_pkg'
[0.469s] Level 1:colcon.colcon_core.package_identification:_identify(src/yolov5_ros2) by extensions ['colcon_meta']
[0.469s] Level 1:colcon.colcon_core.package_identification:_identify(src/yolov5_ros2) by extension 'colcon_meta'
[0.469s] Level 1:colcon.colcon_core.package_identification:_identify(src/yolov5_ros2) by extensions ['ros']
[0.469s] Level 1:colcon.colcon_core.package_identification:_identify(src/yolov5_ros2) by extension 'ros'
[0.470s] DEBUG:colcon.colcon_core.package_identification:Package 'src/yolov5_ros2' with type 'ros.ament_python' and name 'yolov5_ros2'
[0.470s] Level 1:colcon.colcon_core.package_discovery:discover_packages(recursive) using defaults
[0.470s] Level 1:colcon.colcon_core.package_discovery:discover_packages(ignore) discover
[0.470s] Level 1:colcon.colcon_core.package_discovery:discover_packages(ignore) using defaults
[0.470s] Level 1:colcon.colcon_core.package_discovery:discover_packages(path) discover
[0.470s] Level 1:colcon.colcon_core.package_discovery:discover_packages(path) using defaults
[0.498s] Level 1:colcon.colcon_core.package_discovery:discover_packages(prefix_path) check parameters
[0.498s] Level 1:colcon.colcon_core.package_discovery:discover_packages(prefix_path) discover
[0.501s] DEBUG:colcon.colcon_installed_package_information.package_discovery:Found 363 installed packages in /opt/ros/humble
[0.503s] Level 1:colcon.colcon_core.package_discovery:discover_packages(prefix_path) using defaults
[0.567s] WARNING:colcon.colcon_core.package_selection:Some selected packages are already built in one or more underlay workspaces:
	'nav2_bringup' is in: /opt/ros/humble
	'nav2_util' is in: /opt/ros/humble
	'nav2_costmap_2d' is in: /opt/ros/humble
	'nav2_msgs' is in: /opt/ros/humble
	'nav2_common' is in: /opt/ros/humble
	'nav2_map_server' is in: /opt/ros/humble
If a package in a merged underlay workspace is overridden and it installs headers, then all packages in the overlay must sort their include directories by workspace order. Failure to do so may result in build failures or undefined behavior at run time.
If the overridden package is used by another package in any underlay, then the overriding package in the overlay must be API and ABI compatible or undefined behavior at run time may occur.

If you understand the risks and want to override a package anyways, add the following to the command line:
	--allow-overriding nav2_bringup nav2_common nav2_costmap_2d nav2_map_server nav2_msgs nav2_util

This may be promoted to an error in a future release of colcon-override-check.
[0.568s] Level 5:colcon.colcon_core.verb:set package 'aruco' build argument 'cmake_args' from command line to 'None'
[0.568s] Level 5:colcon.colcon_core.verb:set package 'aruco' build argument 'cmake_target' from command line to 'None'
[0.568s] Level 5:colcon.colcon_core.verb:set package 'aruco' build argument 'cmake_target_skip_unavailable' from command line to 'False'
[0.568s] Level 5:colcon.colcon_core.verb:set package 'aruco' build argument 'cmake_clean_cache' from command line to 'False'
[0.568s] Level 5:colcon.colcon_core.verb:set package 'aruco' build argument 'cmake_clean_first' from command line to 'False'
[0.568s] Level 5:colcon.colcon_core.verb:set package 'aruco' build argument 'cmake_force_configure' from command line to 'False'
[0.568s] Level 5:colcon.colcon_core.verb:set package 'aruco' build argument 'ament_cmake_args' from command line to 'None'
[0.568s] Level 5:colcon.colcon_core.verb:set package 'aruco' build argument 'catkin_cmake_args' from command line to 'None'
[0.568s] Level 5:colcon.colcon_core.verb:set package 'aruco' build argument 'catkin_skip_building_tests' from command line to 'False'
[0.568s] DEBUG:colcon.colcon_core.verb:Building package 'aruco' with the following arguments: {'ament_cmake_args': None, 'build_base': '/home/agilex/agilex_ws/build/aruco', 'catkin_cmake_args': None, 'catkin_skip_building_tests': False, 'cmake_args': None, 'cmake_clean_cache': False, 'cmake_clean_first': False, 'cmake_force_configure': False, 'cmake_target': None, 'cmake_target_skip_unavailable': False, 'install_base': '/home/agilex/agilex_ws/install/aruco', 'merge_install': False, 'path': '/home/agilex/agilex_ws/src/aruco_ros/aruco', 'symlink_install': False, 'test_result_base': None}
[0.569s] Level 5:colcon.colcon_core.verb:set package 'aruco_msgs' build argument 'cmake_args' from command line to 'None'
[0.569s] Level 5:colcon.colcon_core.verb:set package 'aruco_msgs' build argument 'cmake_target' from command line to 'None'
[0.569s] Level 5:colcon.colcon_core.verb:set package 'aruco_msgs' build argument 'cmake_target_skip_unavailable' from command line to 'False'
[0.569s] Level 5:colcon.colcon_core.verb:set package 'aruco_msgs' build argument 'cmake_clean_cache' from command line to 'False'
[0.569s] Level 5:colcon.colcon_core.verb:set package 'aruco_msgs' build argument 'cmake_clean_first' from command line to 'False'
[0.569s] Level 5:colcon.colcon_core.verb:set package 'aruco_msgs' build argument 'cmake_force_configure' from command line to 'False'
[0.569s] Level 5:colcon.colcon_core.verb:set package 'aruco_msgs' build argument 'ament_cmake_args' from command line to 'None'
[0.569s] Level 5:colcon.colcon_core.verb:set package 'aruco_msgs' build argument 'catkin_cmake_args' from command line to 'None'
[0.569s] Level 5:colcon.colcon_core.verb:set package 'aruco_msgs' build argument 'catkin_skip_building_tests' from command line to 'False'
[0.569s] DEBUG:colcon.colcon_core.verb:Building package 'aruco_msgs' with the following arguments: {'ament_cmake_args': None, 'build_base': '/home/agilex/agilex_ws/build/aruco_msgs', 'catkin_cmake_args': None, 'catkin_skip_building_tests': False, 'cmake_args': None, 'cmake_clean_cache': False, 'cmake_clean_first': False, 'cmake_force_configure': False, 'cmake_target': None, 'cmake_target_skip_unavailable': False, 'install_base': '/home/agilex/agilex_ws/install/aruco_msgs', 'merge_install': False, 'path': '/home/agilex/agilex_ws/src/aruco_ros/aruco_msgs', 'symlink_install': False, 'test_result_base': None}
[0.570s] Level 5:colcon.colcon_core.verb:set package 'astra_camera_msgs' build argument 'cmake_args' from command line to 'None'
[0.570s] Level 5:colcon.colcon_core.verb:set package 'astra_camera_msgs' build argument 'cmake_target' from command line to 'None'
[0.570s] Level 5:colcon.colcon_core.verb:set package 'astra_camera_msgs' build argument 'cmake_target_skip_unavailable' from command line to 'False'
[0.570s] Level 5:colcon.colcon_core.verb:set package 'astra_camera_msgs' build argument 'cmake_clean_cache' from command line to 'False'
[0.570s] Level 5:colcon.colcon_core.verb:set package 'astra_camera_msgs' build argument 'cmake_clean_first' from command line to 'False'
[0.570s] Level 5:colcon.colcon_core.verb:set package 'astra_camera_msgs' build argument 'cmake_force_configure' from command line to 'False'
[0.570s] Level 5:colcon.colcon_core.verb:set package 'astra_camera_msgs' build argument 'ament_cmake_args' from command line to 'None'
[0.570s] Level 5:colcon.colcon_core.verb:set package 'astra_camera_msgs' build argument 'catkin_cmake_args' from command line to 'None'
[0.570s] Level 5:colcon.colcon_core.verb:set package 'astra_camera_msgs' build argument 'catkin_skip_building_tests' from command line to 'False'
[0.570s] DEBUG:colcon.colcon_core.verb:Building package 'astra_camera_msgs' with the following arguments: {'ament_cmake_args': None, 'build_base': '/home/agilex/agilex_ws/build/astra_camera_msgs', 'catkin_cmake_args': None, 'catkin_skip_building_tests': False, 'cmake_args': None, 'cmake_clean_cache': False, 'cmake_clean_first': False, 'cmake_force_configure': False, 'cmake_target': None, 'cmake_target_skip_unavailable': False, 'install_base': '/home/agilex/agilex_ws/install/astra_camera_msgs', 'merge_install': False, 'path': '/home/agilex/agilex_ws/src/ros2_astra_camera/astra_camera_msgs', 'symlink_install': False, 'test_result_base': None}
[0.571s] Level 5:colcon.colcon_core.verb:set package 'costmap_converter_msgs' build argument 'cmake_args' from command line to 'None'
[0.571s] Level 5:colcon.colcon_core.verb:set package 'costmap_converter_msgs' build argument 'cmake_target' from command line to 'None'
[0.571s] Level 5:colcon.colcon_core.verb:set package 'costmap_converter_msgs' build argument 'cmake_target_skip_unavailable' from command line to 'False'
[0.571s] Level 5:colcon.colcon_core.verb:set package 'costmap_converter_msgs' build argument 'cmake_clean_cache' from command line to 'False'
[0.571s] Level 5:colcon.colcon_core.verb:set package 'costmap_converter_msgs' build argument 'cmake_clean_first' from command line to 'False'
[0.571s] Level 5:colcon.colcon_core.verb:set package 'costmap_converter_msgs' build argument 'cmake_force_configure' from command line to 'False'
[0.571s] Level 5:colcon.colcon_core.verb:set package 'costmap_converter_msgs' build argument 'ament_cmake_args' from command line to 'None'
[0.571s] Level 5:colcon.colcon_core.verb:set package 'costmap_converter_msgs' build argument 'catkin_cmake_args' from command line to 'None'
[0.571s] Level 5:colcon.colcon_core.verb:set package 'costmap_converter_msgs' build argument 'catkin_skip_building_tests' from command line to 'False'
[0.572s] DEBUG:colcon.colcon_core.verb:Building package 'costmap_converter_msgs' with the following arguments: {'ament_cmake_args': None, 'build_base': '/home/agilex/agilex_ws/build/costmap_converter_msgs', 'catkin_cmake_args': None, 'catkin_skip_building_tests': False, 'cmake_args': None, 'cmake_clean_cache': False, 'cmake_clean_first': False, 'cmake_force_configure': False, 'cmake_target': None, 'cmake_target_skip_unavailable': False, 'install_base': '/home/agilex/agilex_ws/install/costmap_converter_msgs', 'merge_install': False, 'path': '/home/agilex/agilex_ws/src/costmap_converter/costmap_converter_msgs', 'symlink_install': False, 'test_result_base': None}
[0.572s] Level 5:colcon.colcon_core.verb:set package 'csm' build argument 'cmake_args' from command line to 'None'
[0.572s] Level 5:colcon.colcon_core.verb:set package 'csm' build argument 'cmake_target' from command line to 'None'
[0.572s] Level 5:colcon.colcon_core.verb:set package 'csm' build argument 'cmake_target_skip_unavailable' from command line to 'False'
[0.572s] Level 5:colcon.colcon_core.verb:set package 'csm' build argument 'cmake_clean_cache' from command line to 'False'
[0.572s] Level 5:colcon.colcon_core.verb:set package 'csm' build argument 'cmake_clean_first' from command line to 'False'
[0.572s] Level 5:colcon.colcon_core.verb:set package 'csm' build argument 'cmake_force_configure' from command line to 'False'
[0.573s] Level 5:colcon.colcon_core.verb:set package 'csm' build argument 'ament_cmake_args' from command line to 'None'
[0.573s] Level 5:colcon.colcon_core.verb:set package 'csm' build argument 'catkin_cmake_args' from command line to 'None'
[0.573s] Level 5:colcon.colcon_core.verb:set package 'csm' build argument 'catkin_skip_building_tests' from command line to 'False'
[0.573s] DEBUG:colcon.colcon_core.verb:Building package 'csm' with the following arguments: {'ament_cmake_args': None, 'build_base': '/home/agilex/agilex_ws/build/csm', 'catkin_cmake_args': None, 'catkin_skip_building_tests': False, 'cmake_args': None, 'cmake_clean_cache': False, 'cmake_clean_first': False, 'cmake_force_configure': False, 'cmake_target': None, 'cmake_target_skip_unavailable': False, 'install_base': '/home/agilex/agilex_ws/install/csm', 'merge_install': False, 'path': '/home/agilex/agilex_ws/src/csm', 'symlink_install': False, 'test_result_base': None}
[0.574s] Level 5:colcon.colcon_core.verb:set package 'glog' build argument 'cmake_args' from command line to 'None'
[0.574s] Level 5:colcon.colcon_core.verb:set package 'glog' build argument 'cmake_target' from command line to 'None'
[0.574s] Level 5:colcon.colcon_core.verb:set package 'glog' build argument 'cmake_target_skip_unavailable' from command line to 'False'
[0.574s] Level 5:colcon.colcon_core.verb:set package 'glog' build argument 'cmake_clean_cache' from command line to 'False'
[0.574s] Level 5:colcon.colcon_core.verb:set package 'glog' build argument 'cmake_clean_first' from command line to 'False'
[0.574s] Level 5:colcon.colcon_core.verb:set package 'glog' build argument 'cmake_force_configure' from command line to 'False'
[0.574s] Level 5:colcon.colcon_core.verb:set package 'glog' build argument 'ament_cmake_args' from command line to 'None'
[0.574s] Level 5:colcon.colcon_core.verb:set package 'glog' build argument 'catkin_cmake_args' from command line to 'None'
[0.574s] Level 5:colcon.colcon_core.verb:set package 'glog' build argument 'catkin_skip_building_tests' from command line to 'False'
[0.574s] DEBUG:colcon.colcon_core.verb:Building package 'glog' with the following arguments: {'ament_cmake_args': None, 'build_base': '/home/agilex/agilex_ws/build/glog', 'catkin_cmake_args': None, 'catkin_skip_building_tests': False, 'cmake_args': None, 'cmake_clean_cache': False, 'cmake_clean_first': False, 'cmake_force_configure': False, 'cmake_target': None, 'cmake_target_skip_unavailable': False, 'install_base': '/home/agilex/agilex_ws/install/glog', 'merge_install': False, 'path': '/home/agilex/agilex_ws/src/ros2_astra_camera/glog-0.6.0', 'symlink_install': False, 'test_result_base': None}
[0.575s] Level 5:colcon.colcon_core.verb:set package 'libuvc' build argument 'cmake_args' from command line to 'None'
[0.575s] Level 5:colcon.colcon_core.verb:set package 'libuvc' build argument 'cmake_target' from command line to 'None'
[0.575s] Level 5:colcon.colcon_core.verb:set package 'libuvc' build argument 'cmake_target_skip_unavailable' from command line to 'False'
[0.575s] Level 5:colcon.colcon_core.verb:set package 'libuvc' build argument 'cmake_clean_cache' from command line to 'False'
[0.575s] Level 5:colcon.colcon_core.verb:set package 'libuvc' build argument 'cmake_clean_first' from command line to 'False'
[0.575s] Level 5:colcon.colcon_core.verb:set package 'libuvc' build argument 'cmake_force_configure' from command line to 'False'
[0.575s] Level 5:colcon.colcon_core.verb:set package 'libuvc' build argument 'ament_cmake_args' from command line to 'None'
[0.575s] Level 5:colcon.colcon_core.verb:set package 'libuvc' build argument 'catkin_cmake_args' from command line to 'None'
[0.575s] Level 5:colcon.colcon_core.verb:set package 'libuvc' build argument 'catkin_skip_building_tests' from command line to 'False'
[0.575s] DEBUG:colcon.colcon_core.verb:Building package 'libuvc' with the following arguments: {'ament_cmake_args': None, 'build_base': '/home/agilex/agilex_ws/build/libuvc', 'catkin_cmake_args': None, 'catkin_skip_building_tests': False, 'cmake_args': None, 'cmake_clean_cache': False, 'cmake_clean_first': False, 'cmake_force_configure': False, 'cmake_target': None, 'cmake_target_skip_unavailable': False, 'install_base': '/home/agilex/agilex_ws/install/libuvc', 'merge_install': False, 'path': '/home/agilex/agilex_ws/src/ros2_astra_camera/libuvc', 'symlink_install': False, 'test_result_base': None}
[0.576s] Level 5:colcon.colcon_core.verb:set package 'limo_car' build argument 'cmake_args' from command line to 'None'
[0.577s] Level 5:colcon.colcon_core.verb:set package 'limo_car' build argument 'cmake_target' from command line to 'None'
[0.577s] Level 5:colcon.colcon_core.verb:set package 'limo_car' build argument 'cmake_target_skip_unavailable' from command line to 'False'
[0.577s] Level 5:colcon.colcon_core.verb:set package 'limo_car' build argument 'cmake_clean_cache' from command line to 'False'
[0.577s] Level 5:colcon.colcon_core.verb:set package 'limo_car' build argument 'cmake_clean_first' from command line to 'False'
[0.577s] Level 5:colcon.colcon_core.verb:set package 'limo_car' build argument 'cmake_force_configure' from command line to 'False'
[0.577s] Level 5:colcon.colcon_core.verb:set package 'limo_car' build argument 'ament_cmake_args' from command line to 'None'
[0.577s] Level 5:colcon.colcon_core.verb:set package 'limo_car' build argument 'catkin_cmake_args' from command line to 'None'
[0.577s] Level 5:colcon.colcon_core.verb:set package 'limo_car' build argument 'catkin_skip_building_tests' from command line to 'False'
[0.577s] DEBUG:colcon.colcon_core.verb:Building package 'limo_car' with the following arguments: {'ament_cmake_args': None, 'build_base': '/home/agilex/agilex_ws/build/limo_car', 'catkin_cmake_args': None, 'catkin_skip_building_tests': False, 'cmake_args': None, 'cmake_clean_cache': False, 'cmake_clean_first': False, 'cmake_force_configure': False, 'cmake_target': None, 'cmake_target_skip_unavailable': False, 'install_base': '/home/agilex/agilex_ws/install/limo_car', 'merge_install': False, 'path': '/home/agilex/agilex_ws/src/limo_car', 'symlink_install': False, 'test_result_base': None}
[0.578s] Level 5:colcon.colcon_core.verb:set package 'limo_description' build argument 'cmake_args' from command line to 'None'
[0.578s] Level 5:colcon.colcon_core.verb:set package 'limo_description' build argument 'cmake_target' from command line to 'None'
[0.578s] Level 5:colcon.colcon_core.verb:set package 'limo_description' build argument 'cmake_target_skip_unavailable' from command line to 'False'
[0.578s] Level 5:colcon.colcon_core.verb:set package 'limo_description' build argument 'cmake_clean_cache' from command line to 'False'
[0.578s] Level 5:colcon.colcon_core.verb:set package 'limo_description' build argument 'cmake_clean_first' from command line to 'False'
[0.578s] Level 5:colcon.colcon_core.verb:set package 'limo_description' build argument 'cmake_force_configure' from command line to 'False'
[0.578s] Level 5:colcon.colcon_core.verb:set package 'limo_description' build argument 'ament_cmake_args' from command line to 'None'
[0.578s] Level 5:colcon.colcon_core.verb:set package 'limo_description' build argument 'catkin_cmake_args' from command line to 'None'
[0.578s] Level 5:colcon.colcon_core.verb:set package 'limo_description' build argument 'catkin_skip_building_tests' from command line to 'False'
[0.578s] DEBUG:colcon.colcon_core.verb:Building package 'limo_description' with the following arguments: {'ament_cmake_args': None, 'build_base': '/home/agilex/agilex_ws/build/limo_description', 'catkin_cmake_args': None, 'catkin_skip_building_tests': False, 'cmake_args': None, 'cmake_clean_cache': False, 'cmake_clean_first': False, 'cmake_force_configure': False, 'cmake_target': None, 'cmake_target_skip_unavailable': False, 'install_base': '/home/agilex/agilex_ws/install/limo_description', 'merge_install': False, 'path': '/home/agilex/agilex_ws/src/limo_ros2/limo_description', 'symlink_install': False, 'test_result_base': None}
[0.580s] Level 5:colcon.colcon_core.verb:set package 'limo_msgs' build argument 'cmake_args' from command line to 'None'
[0.580s] Level 5:colcon.colcon_core.verb:set package 'limo_msgs' build argument 'cmake_target' from command line to 'None'
[0.580s] Level 5:colcon.colcon_core.verb:set package 'limo_msgs' build argument 'cmake_target_skip_unavailable' from command line to 'False'
[0.580s] Level 5:colcon.colcon_core.verb:set package 'limo_msgs' build argument 'cmake_clean_cache' from command line to 'False'
[0.580s] Level 5:colcon.colcon_core.verb:set package 'limo_msgs' build argument 'cmake_clean_first' from command line to 'False'
[0.580s] Level 5:colcon.colcon_core.verb:set package 'limo_msgs' build argument 'cmake_force_configure' from command line to 'False'
[0.580s] Level 5:colcon.colcon_core.verb:set package 'limo_msgs' build argument 'ament_cmake_args' from command line to 'None'
[0.580s] Level 5:colcon.colcon_core.verb:set package 'limo_msgs' build argument 'catkin_cmake_args' from command line to 'None'
[0.580s] Level 5:colcon.colcon_core.verb:set package 'limo_msgs' build argument 'catkin_skip_building_tests' from command line to 'False'
[0.580s] DEBUG:colcon.colcon_core.verb:Building package 'limo_msgs' with the following arguments: {'ament_cmake_args': None, 'build_base': '/home/agilex/agilex_ws/build/limo_msgs', 'catkin_cmake_args': None, 'catkin_skip_building_tests': False, 'cmake_args': None, 'cmake_clean_cache': False, 'cmake_clean_first': False, 'cmake_force_configure': False, 'cmake_target': None, 'cmake_target_skip_unavailable': False, 'install_base': '/home/agilex/agilex_ws/install/limo_msgs', 'merge_install': False, 'path': '/home/agilex/agilex_ws/src/limo_ros2/limo_msgs', 'symlink_install': False, 'test_result_base': None}
[0.581s] Level 5:colcon.colcon_core.verb:set package 'limo_visions' build argument 'cmake_args' from command line to 'None'
[0.581s] Level 5:colcon.colcon_core.verb:set package 'limo_visions' build argument 'cmake_target' from command line to 'None'
[0.581s] Level 5:colcon.colcon_core.verb:set package 'limo_visions' build argument 'cmake_target_skip_unavailable' from command line to 'False'
[0.581s] Level 5:colcon.colcon_core.verb:set package 'limo_visions' build argument 'cmake_clean_cache' from command line to 'False'
[0.581s] Level 5:colcon.colcon_core.verb:set package 'limo_visions' build argument 'cmake_clean_first' from command line to 'False'
[0.581s] Level 5:colcon.colcon_core.verb:set package 'limo_visions' build argument 'cmake_force_configure' from command line to 'False'
[0.581s] Level 5:colcon.colcon_core.verb:set package 'limo_visions' build argument 'ament_cmake_args' from command line to 'None'
[0.581s] Level 5:colcon.colcon_core.verb:set package 'limo_visions' build argument 'catkin_cmake_args' from command line to 'None'
[0.581s] Level 5:colcon.colcon_core.verb:set package 'limo_visions' build argument 'catkin_skip_building_tests' from command line to 'False'
[0.581s] DEBUG:colcon.colcon_core.verb:Building package 'limo_visions' with the following arguments: {'ament_cmake_args': None, 'build_base': '/home/agilex/agilex_ws/build/limo_visions', 'catkin_cmake_args': None, 'catkin_skip_building_tests': False, 'cmake_args': None, 'cmake_clean_cache': False, 'cmake_clean_first': False, 'cmake_force_configure': False, 'cmake_target': None, 'cmake_target_skip_unavailable': False, 'install_base': '/home/agilex/agilex_ws/install/limo_visions', 'merge_install': False, 'path': '/home/agilex/agilex_ws/src/limo_visions', 'symlink_install': False, 'test_result_base': None}
[0.582s] Level 5:colcon.colcon_core.verb:set package 'magic_enum' build argument 'cmake_args' from command line to 'None'
[0.582s] Level 5:colcon.colcon_core.verb:set package 'magic_enum' build argument 'cmake_target' from command line to 'None'
[0.582s] Level 5:colcon.colcon_core.verb:set package 'magic_enum' build argument 'cmake_target_skip_unavailable' from command line to 'False'
[0.582s] Level 5:colcon.colcon_core.verb:set package 'magic_enum' build argument 'cmake_clean_cache' from command line to 'False'
[0.582s] Level 5:colcon.colcon_core.verb:set package 'magic_enum' build argument 'cmake_clean_first' from command line to 'False'
[0.582s] Level 5:colcon.colcon_core.verb:set package 'magic_enum' build argument 'cmake_force_configure' from command line to 'False'
[0.582s] Level 5:colcon.colcon_core.verb:set package 'magic_enum' build argument 'ament_cmake_args' from command line to 'None'
[0.582s] Level 5:colcon.colcon_core.verb:set package 'magic_enum' build argument 'catkin_cmake_args' from command line to 'None'
[0.582s] Level 5:colcon.colcon_core.verb:set package 'magic_enum' build argument 'catkin_skip_building_tests' from command line to 'False'
[0.582s] DEBUG:colcon.colcon_core.verb:Building package 'magic_enum' with the following arguments: {'ament_cmake_args': None, 'build_base': '/home/agilex/agilex_ws/build/magic_enum', 'catkin_cmake_args': None, 'catkin_skip_building_tests': False, 'cmake_args': None, 'cmake_clean_cache': False, 'cmake_clean_first': False, 'cmake_force_configure': False, 'cmake_target': None, 'cmake_target_skip_unavailable': False, 'install_base': '/home/agilex/agilex_ws/install/magic_enum', 'merge_install': False, 'path': '/home/agilex/agilex_ws/src/ros2_astra_camera/magic_enum-0.8.0', 'symlink_install': False, 'test_result_base': None}
[0.583s] Level 5:colcon.colcon_core.verb:set package 'nav2_common' build argument 'cmake_args' from command line to 'None'
[0.583s] Level 5:colcon.colcon_core.verb:set package 'nav2_common' build argument 'cmake_target' from command line to 'None'
[0.583s] Level 5:colcon.colcon_core.verb:set package 'nav2_common' build argument 'cmake_target_skip_unavailable' from command line to 'False'
[0.583s] Level 5:colcon.colcon_core.verb:set package 'nav2_common' build argument 'cmake_clean_cache' from command line to 'False'
[0.583s] Level 5:colcon.colcon_core.verb:set package 'nav2_common' build argument 'cmake_clean_first' from command line to 'False'
[0.583s] Level 5:colcon.colcon_core.verb:set package 'nav2_common' build argument 'cmake_force_configure' from command line to 'False'
[0.583s] Level 5:colcon.colcon_core.verb:set package 'nav2_common' build argument 'ament_cmake_args' from command line to 'None'
[0.583s] Level 5:colcon.colcon_core.verb:set package 'nav2_common' build argument 'catkin_cmake_args' from command line to 'None'
[0.583s] Level 5:colcon.colcon_core.verb:set package 'nav2_common' build argument 'catkin_skip_building_tests' from command line to 'False'
[0.583s] DEBUG:colcon.colcon_core.verb:Building package 'nav2_common' with the following arguments: {'ament_cmake_args': None, 'build_base': '/home/agilex/agilex_ws/build/nav2_common', 'catkin_cmake_args': None, 'catkin_skip_building_tests': False, 'cmake_args': None, 'cmake_clean_cache': False, 'cmake_clean_first': False, 'cmake_force_configure': False, 'cmake_target': None, 'cmake_target_skip_unavailable': False, 'install_base': '/home/agilex/agilex_ws/install/nav2_common', 'merge_install': False, 'path': '/home/agilex/agilex_ws/src/navigation2/nav2_common', 'symlink_install': False, 'test_result_base': None}
[0.584s] Level 5:colcon.colcon_core.verb:set package 'nav_2d_msgs' build argument 'cmake_args' from command line to 'None'
[0.584s] Level 5:colcon.colcon_core.verb:set package 'nav_2d_msgs' build argument 'cmake_target' from command line to 'None'
[0.584s] Level 5:colcon.colcon_core.verb:set package 'nav_2d_msgs' build argument 'cmake_target_skip_unavailable' from command line to 'False'
[0.584s] Level 5:colcon.colcon_core.verb:set package 'nav_2d_msgs' build argument 'cmake_clean_cache' from command line to 'False'
[0.584s] Level 5:colcon.colcon_core.verb:set package 'nav_2d_msgs' build argument 'cmake_clean_first' from command line to 'False'
[0.584s] Level 5:colcon.colcon_core.verb:set package 'nav_2d_msgs' build argument 'cmake_force_configure' from command line to 'False'
[0.584s] Level 5:colcon.colcon_core.verb:set package 'nav_2d_msgs' build argument 'ament_cmake_args' from command line to 'None'
[0.584s] Level 5:colcon.colcon_core.verb:set package 'nav_2d_msgs' build argument 'catkin_cmake_args' from command line to 'None'
[0.585s] Level 5:colcon.colcon_core.verb:set package 'nav_2d_msgs' build argument 'catkin_skip_building_tests' from command line to 'False'
[0.585s] DEBUG:colcon.colcon_core.verb:Building package 'nav_2d_msgs' with the following arguments: {'ament_cmake_args': None, 'build_base': '/home/agilex/agilex_ws/build/nav_2d_msgs', 'catkin_cmake_args': None, 'catkin_skip_building_tests': False, 'cmake_args': None, 'cmake_clean_cache': False, 'cmake_clean_first': False, 'cmake_force_configure': False, 'cmake_target': None, 'cmake_target_skip_unavailable': False, 'install_base': '/home/agilex/agilex_ws/install/nav_2d_msgs', 'merge_install': False, 'path': '/home/agilex/agilex_ws/src/navigation2/nav2_dwb_controller/nav_2d_msgs', 'symlink_install': False, 'test_result_base': None}
[0.585s] Level 5:colcon.colcon_core.verb:set package 'rf2o_laser_odometry' build argument 'cmake_args' from command line to 'None'
[0.585s] Level 5:colcon.colcon_core.verb:set package 'rf2o_laser_odometry' build argument 'cmake_target' from command line to 'None'
[0.586s] Level 5:colcon.colcon_core.verb:set package 'rf2o_laser_odometry' build argument 'cmake_target_skip_unavailable' from command line to 'False'
[0.586s] Level 5:colcon.colcon_core.verb:set package 'rf2o_laser_odometry' build argument 'cmake_clean_cache' from command line to 'False'
[0.586s] Level 5:colcon.colcon_core.verb:set package 'rf2o_laser_odometry' build argument 'cmake_clean_first' from command line to 'False'
[0.586s] Level 5:colcon.colcon_core.verb:set package 'rf2o_laser_odometry' build argument 'cmake_force_configure' from command line to 'False'
[0.586s] Level 5:colcon.colcon_core.verb:set package 'rf2o_laser_odometry' build argument 'ament_cmake_args' from command line to 'None'
[0.586s] Level 5:colcon.colcon_core.verb:set package 'rf2o_laser_odometry' build argument 'catkin_cmake_args' from command line to 'None'
[0.586s] Level 5:colcon.colcon_core.verb:set package 'rf2o_laser_odometry' build argument 'catkin_skip_building_tests' from command line to 'False'
[0.586s] DEBUG:colcon.colcon_core.verb:Building package 'rf2o_laser_odometry' with the following arguments: {'ament_cmake_args': None, 'build_base': '/home/agilex/agilex_ws/build/rf2o_laser_odometry', 'catkin_cmake_args': None, 'catkin_skip_building_tests': False, 'cmake_args': None, 'cmake_clean_cache': False, 'cmake_clean_first': False, 'cmake_force_configure': False, 'cmake_target': None, 'cmake_target_skip_unavailable': False, 'install_base': '/home/agilex/agilex_ws/install/rf2o_laser_odometry', 'merge_install': False, 'path': '/home/agilex/agilex_ws/src/rf2o_laser_odometry', 'symlink_install': False, 'test_result_base': None}
[0.587s] Level 5:colcon.colcon_core.verb:set package 'ydlidar_ros2_driver' build argument 'cmake_args' from command line to 'None'
[0.587s] Level 5:colcon.colcon_core.verb:set package 'ydlidar_ros2_driver' build argument 'cmake_target' from command line to 'None'
[0.587s] Level 5:colcon.colcon_core.verb:set package 'ydlidar_ros2_driver' build argument 'cmake_target_skip_unavailable' from command line to 'False'
[0.587s] Level 5:colcon.colcon_core.verb:set package 'ydlidar_ros2_driver' build argument 'cmake_clean_cache' from command line to 'False'
[0.587s] Level 5:colcon.colcon_core.verb:set package 'ydlidar_ros2_driver' build argument 'cmake_clean_first' from command line to 'False'
[0.587s] Level 5:colcon.colcon_core.verb:set package 'ydlidar_ros2_driver' build argument 'cmake_force_configure' from command line to 'False'
[0.587s] Level 5:colcon.colcon_core.verb:set package 'ydlidar_ros2_driver' build argument 'ament_cmake_args' from command line to 'None'
[0.587s] Level 5:colcon.colcon_core.verb:set package 'ydlidar_ros2_driver' build argument 'catkin_cmake_args' from command line to 'None'
[0.587s] Level 5:colcon.colcon_core.verb:set package 'ydlidar_ros2_driver' build argument 'catkin_skip_building_tests' from command line to 'False'
[0.587s] DEBUG:colcon.colcon_core.verb:Building package 'ydlidar_ros2_driver' with the following arguments: {'ament_cmake_args': None, 'build_base': '/home/agilex/agilex_ws/build/ydlidar_ros2_driver', 'catkin_cmake_args': None, 'catkin_skip_building_tests': False, 'cmake_args': None, 'cmake_clean_cache': False, 'cmake_clean_first': False, 'cmake_force_configure': False, 'cmake_target': None, 'cmake_target_skip_unavailable': False, 'install_base': '/home/agilex/agilex_ws/install/ydlidar_ros2_driver', 'merge_install': False, 'path': '/home/agilex/agilex_ws/src/ydlidar_ros2_driver', 'symlink_install': False, 'test_result_base': None}
[0.588s] Level 5:colcon.colcon_core.verb:set package 'ydlidar_sdk' build argument 'cmake_args' from command line to 'None'
[0.588s] Level 5:colcon.colcon_core.verb:set package 'ydlidar_sdk' build argument 'cmake_target' from command line to 'None'
[0.588s] Level 5:colcon.colcon_core.verb:set package 'ydlidar_sdk' build argument 'cmake_target_skip_unavailable' from command line to 'False'
[0.588s] Level 5:colcon.colcon_core.verb:set package 'ydlidar_sdk' build argument 'cmake_clean_cache' from command line to 'False'
[0.588s] Level 5:colcon.colcon_core.verb:set package 'ydlidar_sdk' build argument 'cmake_clean_first' from command line to 'False'
[0.588s] Level 5:colcon.colcon_core.verb:set package 'ydlidar_sdk' build argument 'cmake_force_configure' from command line to 'False'
[0.588s] Level 5:colcon.colcon_core.verb:set package 'ydlidar_sdk' build argument 'ament_cmake_args' from command line to 'None'
[0.588s] Level 5:colcon.colcon_core.verb:set package 'ydlidar_sdk' build argument 'catkin_cmake_args' from command line to 'None'
[0.588s] Level 5:colcon.colcon_core.verb:set package 'ydlidar_sdk' build argument 'catkin_skip_building_tests' from command line to 'False'
[0.588s] DEBUG:colcon.colcon_core.verb:Building package 'ydlidar_sdk' with the following arguments: {'ament_cmake_args': None, 'build_base': '/home/agilex/agilex_ws/build/ydlidar_sdk', 'catkin_cmake_args': None, 'catkin_skip_building_tests': False, 'cmake_args': None, 'cmake_clean_cache': False, 'cmake_clean_first': False, 'cmake_force_configure': False, 'cmake_target': None, 'cmake_target_skip_unavailable': False, 'install_base': '/home/agilex/agilex_ws/install/ydlidar_sdk', 'merge_install': False, 'path': '/home/agilex/agilex_ws/src/YDLidar-SDK', 'symlink_install': False, 'test_result_base': None}
[0.589s] Level 5:colcon.colcon_core.verb:set package 'yolov5_ros2' build argument 'cmake_args' from command line to 'None'
[0.589s] Level 5:colcon.colcon_core.verb:set package 'yolov5_ros2' build argument 'cmake_target' from command line to 'None'
[0.589s] Level 5:colcon.colcon_core.verb:set package 'yolov5_ros2' build argument 'cmake_target_skip_unavailable' from command line to 'False'
[0.589s] Level 5:colcon.colcon_core.verb:set package 'yolov5_ros2' build argument 'cmake_clean_cache' from command line to 'False'
[0.589s] Level 5:colcon.colcon_core.verb:set package 'yolov5_ros2' build argument 'cmake_clean_first' from command line to 'False'
[0.589s] Level 5:colcon.colcon_core.verb:set package 'yolov5_ros2' build argument 'cmake_force_configure' from command line to 'False'
[0.589s] Level 5:colcon.colcon_core.verb:set package 'yolov5_ros2' build argument 'ament_cmake_args' from command line to 'None'
[0.589s] Level 5:colcon.colcon_core.verb:set package 'yolov5_ros2' build argument 'catkin_cmake_args' from command line to 'None'
[0.589s] Level 5:colcon.colcon_core.verb:set package 'yolov5_ros2' build argument 'catkin_skip_building_tests' from command line to 'False'
[0.589s] DEBUG:colcon.colcon_core.verb:Building package 'yolov5_ros2' with the following arguments: {'ament_cmake_args': None, 'build_base': '/home/agilex/agilex_ws/build/yolov5_ros2', 'catkin_cmake_args': None, 'catkin_skip_building_tests': False, 'cmake_args': None, 'cmake_clean_cache': False, 'cmake_clean_first': False, 'cmake_force_configure': False, 'cmake_target': None, 'cmake_target_skip_unavailable': False, 'install_base': '/home/agilex/agilex_ws/install/yolov5_ros2', 'merge_install': False, 'path': '/home/agilex/agilex_ws/src/yolov5_ros2', 'symlink_install': False, 'test_result_base': None}
[0.590s] Level 5:colcon.colcon_core.verb:set package 'aruco_ros' build argument 'cmake_args' from command line to 'None'
[0.590s] Level 5:colcon.colcon_core.verb:set package 'aruco_ros' build argument 'cmake_target' from command line to 'None'
[0.590s] Level 5:colcon.colcon_core.verb:set package 'aruco_ros' build argument 'cmake_target_skip_unavailable' from command line to 'False'
[0.590s] Level 5:colcon.colcon_core.verb:set package 'aruco_ros' build argument 'cmake_clean_cache' from command line to 'False'
[0.590s] Level 5:colcon.colcon_core.verb:set package 'aruco_ros' build argument 'cmake_clean_first' from command line to 'False'
[0.590s] Level 5:colcon.colcon_core.verb:set package 'aruco_ros' build argument 'cmake_force_configure' from command line to 'False'
[0.590s] Level 5:colcon.colcon_core.verb:set package 'aruco_ros' build argument 'ament_cmake_args' from command line to 'None'
[0.590s] Level 5:colcon.colcon_core.verb:set package 'aruco_ros' build argument 'catkin_cmake_args' from command line to 'None'
[0.590s] Level 5:colcon.colcon_core.verb:set package 'aruco_ros' build argument 'catkin_skip_building_tests' from command line to 'False'
[0.590s] DEBUG:colcon.colcon_core.verb:Building package 'aruco_ros' with the following arguments: {'ament_cmake_args': None, 'build_base': '/home/agilex/agilex_ws/build/aruco_ros', 'catkin_cmake_args': None, 'catkin_skip_building_tests': False, 'cmake_args': None, 'cmake_clean_cache': False, 'cmake_clean_first': False, 'cmake_force_configure': False, 'cmake_target': None, 'cmake_target_skip_unavailable': False, 'install_base': '/home/agilex/agilex_ws/install/aruco_ros', 'merge_install': False, 'path': '/home/agilex/agilex_ws/src/aruco_ros/aruco_ros', 'symlink_install': False, 'test_result_base': None}
[0.591s] Level 5:colcon.colcon_core.verb:set package 'astra_camera' build argument 'cmake_args' from command line to 'None'
[0.591s] Level 5:colcon.colcon_core.verb:set package 'astra_camera' build argument 'cmake_target' from command line to 'None'
[0.591s] Level 5:colcon.colcon_core.verb:set package 'astra_camera' build argument 'cmake_target_skip_unavailable' from command line to 'False'
[0.591s] Level 5:colcon.colcon_core.verb:set package 'astra_camera' build argument 'cmake_clean_cache' from command line to 'False'
[0.591s] Level 5:colcon.colcon_core.verb:set package 'astra_camera' build argument 'cmake_clean_first' from command line to 'False'
[0.591s] Level 5:colcon.colcon_core.verb:set package 'astra_camera' build argument 'cmake_force_configure' from command line to 'False'
[0.591s] Level 5:colcon.colcon_core.verb:set package 'astra_camera' build argument 'ament_cmake_args' from command line to 'None'
[0.591s] Level 5:colcon.colcon_core.verb:set package 'astra_camera' build argument 'catkin_cmake_args' from command line to 'None'
[0.591s] Level 5:colcon.colcon_core.verb:set package 'astra_camera' build argument 'catkin_skip_building_tests' from command line to 'False'
[0.591s] DEBUG:colcon.colcon_core.verb:Building package 'astra_camera' with the following arguments: {'ament_cmake_args': None, 'build_base': '/home/agilex/agilex_ws/build/astra_camera', 'catkin_cmake_args': None, 'catkin_skip_building_tests': False, 'cmake_args': None, 'cmake_clean_cache': False, 'cmake_clean_first': False, 'cmake_force_configure': False, 'cmake_target': None, 'cmake_target_skip_unavailable': False, 'install_base': '/home/agilex/agilex_ws/install/astra_camera', 'merge_install': False, 'path': '/home/agilex/agilex_ws/src/ros2_astra_camera/astra_camera', 'symlink_install': False, 'test_result_base': None}
[0.592s] Level 5:colcon.colcon_core.verb:set package 'dwb_msgs' build argument 'cmake_args' from command line to 'None'
[0.592s] Level 5:colcon.colcon_core.verb:set package 'dwb_msgs' build argument 'cmake_target' from command line to 'None'
[0.592s] Level 5:colcon.colcon_core.verb:set package 'dwb_msgs' build argument 'cmake_target_skip_unavailable' from command line to 'False'
[0.592s] Level 5:colcon.colcon_core.verb:set package 'dwb_msgs' build argument 'cmake_clean_cache' from command line to 'False'
[0.592s] Level 5:colcon.colcon_core.verb:set package 'dwb_msgs' build argument 'cmake_clean_first' from command line to 'False'
[0.592s] Level 5:colcon.colcon_core.verb:set package 'dwb_msgs' build argument 'cmake_force_configure' from command line to 'False'
[0.592s] Level 5:colcon.colcon_core.verb:set package 'dwb_msgs' build argument 'ament_cmake_args' from command line to 'None'
[0.592s] Level 5:colcon.colcon_core.verb:set package 'dwb_msgs' build argument 'catkin_cmake_args' from command line to 'None'
[0.592s] Level 5:colcon.colcon_core.verb:set package 'dwb_msgs' build argument 'catkin_skip_building_tests' from command line to 'False'
[0.593s] DEBUG:colcon.colcon_core.verb:Building package 'dwb_msgs' with the following arguments: {'ament_cmake_args': None, 'build_base': '/home/agilex/agilex_ws/build/dwb_msgs', 'catkin_cmake_args': None, 'catkin_skip_building_tests': False, 'cmake_args': None, 'cmake_clean_cache': False, 'cmake_clean_first': False, 'cmake_force_configure': False, 'cmake_target': None, 'cmake_target_skip_unavailable': False, 'install_base': '/home/agilex/agilex_ws/install/dwb_msgs', 'merge_install': False, 'path': '/home/agilex/agilex_ws/src/navigation2/nav2_dwb_controller/dwb_msgs', 'symlink_install': False, 'test_result_base': None}
[0.594s] Level 5:colcon.colcon_core.verb:set package 'limo_base' build argument 'cmake_args' from command line to 'None'
[0.594s] Level 5:colcon.colcon_core.verb:set package 'limo_base' build argument 'cmake_target' from command line to 'None'
[0.594s] Level 5:colcon.colcon_core.verb:set package 'limo_base' build argument 'cmake_target_skip_unavailable' from command line to 'False'
[0.594s] Level 5:colcon.colcon_core.verb:set package 'limo_base' build argument 'cmake_clean_cache' from command line to 'False'
[0.594s] Level 5:colcon.colcon_core.verb:set package 'limo_base' build argument 'cmake_clean_first' from command line to 'False'
[0.594s] Level 5:colcon.colcon_core.verb:set package 'limo_base' build argument 'cmake_force_configure' from command line to 'False'
[0.594s] Level 5:colcon.colcon_core.verb:set package 'limo_base' build argument 'ament_cmake_args' from command line to 'None'
[0.594s] Level 5:colcon.colcon_core.verb:set package 'limo_base' build argument 'catkin_cmake_args' from command line to 'None'
[0.594s] Level 5:colcon.colcon_core.verb:set package 'limo_base' build argument 'catkin_skip_building_tests' from command line to 'False'
[0.594s] DEBUG:colcon.colcon_core.verb:Building package 'limo_base' with the following arguments: {'ament_cmake_args': None, 'build_base': '/home/agilex/agilex_ws/build/limo_base', 'catkin_cmake_args': None, 'catkin_skip_building_tests': False, 'cmake_args': None, 'cmake_clean_cache': False, 'cmake_clean_first': False, 'cmake_force_configure': False, 'cmake_target': None, 'cmake_target_skip_unavailable': False, 'install_base': '/home/agilex/agilex_ws/install/limo_base', 'merge_install': False, 'path': '/home/agilex/agilex_ws/src/limo_ros2/limo_base', 'symlink_install': False, 'test_result_base': None}
[0.595s] Level 5:colcon.colcon_core.verb:set package 'nav2_msgs' build argument 'cmake_args' from command line to 'None'
[0.595s] Level 5:colcon.colcon_core.verb:set package 'nav2_msgs' build argument 'cmake_target' from command line to 'None'
[0.595s] Level 5:colcon.colcon_core.verb:set package 'nav2_msgs' build argument 'cmake_target_skip_unavailable' from command line to 'False'
[0.595s] Level 5:colcon.colcon_core.verb:set package 'nav2_msgs' build argument 'cmake_clean_cache' from command line to 'False'
[0.595s] Level 5:colcon.colcon_core.verb:set package 'nav2_msgs' build argument 'cmake_clean_first' from command line to 'False'
[0.595s] Level 5:colcon.colcon_core.verb:set package 'nav2_msgs' build argument 'cmake_force_configure' from command line to 'False'
[0.595s] Level 5:colcon.colcon_core.verb:set package 'nav2_msgs' build argument 'ament_cmake_args' from command line to 'None'
[0.595s] Level 5:colcon.colcon_core.verb:set package 'nav2_msgs' build argument 'catkin_cmake_args' from command line to 'None'
[0.595s] Level 5:colcon.colcon_core.verb:set package 'nav2_msgs' build argument 'catkin_skip_building_tests' from command line to 'False'
[0.595s] DEBUG:colcon.colcon_core.verb:Building package 'nav2_msgs' with the following arguments: {'ament_cmake_args': None, 'build_base': '/home/agilex/agilex_ws/build/nav2_msgs', 'catkin_cmake_args': None, 'catkin_skip_building_tests': False, 'cmake_args': None, 'cmake_clean_cache': False, 'cmake_clean_first': False, 'cmake_force_configure': False, 'cmake_target': None, 'cmake_target_skip_unavailable': False, 'install_base': '/home/agilex/agilex_ws/install/nav2_msgs', 'merge_install': False, 'path': '/home/agilex/agilex_ws/src/navigation2/nav2_msgs', 'symlink_install': False, 'test_result_base': None}
[0.596s] Level 5:colcon.colcon_core.verb:set package 'nav2_voxel_grid' build argument 'cmake_args' from command line to 'None'
[0.596s] Level 5:colcon.colcon_core.verb:set package 'nav2_voxel_grid' build argument 'cmake_target' from command line to 'None'
[0.596s] Level 5:colcon.colcon_core.verb:set package 'nav2_voxel_grid' build argument 'cmake_target_skip_unavailable' from command line to 'False'
[0.596s] Level 5:colcon.colcon_core.verb:set package 'nav2_voxel_grid' build argument 'cmake_clean_cache' from command line to 'False'
[0.596s] Level 5:colcon.colcon_core.verb:set package 'nav2_voxel_grid' build argument 'cmake_clean_first' from command line to 'False'
[0.596s] Level 5:colcon.colcon_core.verb:set package 'nav2_voxel_grid' build argument 'cmake_force_configure' from command line to 'False'
[0.596s] Level 5:colcon.colcon_core.verb:set package 'nav2_voxel_grid' build argument 'ament_cmake_args' from command line to 'None'
[0.596s] Level 5:colcon.colcon_core.verb:set package 'nav2_voxel_grid' build argument 'catkin_cmake_args' from command line to 'None'
[0.596s] Level 5:colcon.colcon_core.verb:set package 'nav2_voxel_grid' build argument 'catkin_skip_building_tests' from command line to 'False'
[0.596s] DEBUG:colcon.colcon_core.verb:Building package 'nav2_voxel_grid' with the following arguments: {'ament_cmake_args': None, 'build_base': '/home/agilex/agilex_ws/build/nav2_voxel_grid', 'catkin_cmake_args': None, 'catkin_skip_building_tests': False, 'cmake_args': None, 'cmake_clean_cache': False, 'cmake_clean_first': False, 'cmake_force_configure': False, 'cmake_target': None, 'cmake_target_skip_unavailable': False, 'install_base': '/home/agilex/agilex_ws/install/nav2_voxel_grid', 'merge_install': False, 'path': '/home/agilex/agilex_ws/src/navigation2/nav2_voxel_grid', 'symlink_install': False, 'test_result_base': None}
[0.597s] Level 5:colcon.colcon_core.verb:set package 'teb_msgs' build argument 'cmake_args' from command line to 'None'
[0.597s] Level 5:colcon.colcon_core.verb:set package 'teb_msgs' build argument 'cmake_target' from command line to 'None'
[0.597s] Level 5:colcon.colcon_core.verb:set package 'teb_msgs' build argument 'cmake_target_skip_unavailable' from command line to 'False'
[0.597s] Level 5:colcon.colcon_core.verb:set package 'teb_msgs' build argument 'cmake_clean_cache' from command line to 'False'
[0.597s] Level 5:colcon.colcon_core.verb:set package 'teb_msgs' build argument 'cmake_clean_first' from command line to 'False'
[0.597s] Level 5:colcon.colcon_core.verb:set package 'teb_msgs' build argument 'cmake_force_configure' from command line to 'False'
[0.597s] Level 5:colcon.colcon_core.verb:set package 'teb_msgs' build argument 'ament_cmake_args' from command line to 'None'
[0.597s] Level 5:colcon.colcon_core.verb:set package 'teb_msgs' build argument 'catkin_cmake_args' from command line to 'None'
[0.597s] Level 5:colcon.colcon_core.verb:set package 'teb_msgs' build argument 'catkin_skip_building_tests' from command line to 'False'
[0.597s] DEBUG:colcon.colcon_core.verb:Building package 'teb_msgs' with the following arguments: {'ament_cmake_args': None, 'build_base': '/home/agilex/agilex_ws/build/teb_msgs', 'catkin_cmake_args': None, 'catkin_skip_building_tests': False, 'cmake_args': None, 'cmake_clean_cache': False, 'cmake_clean_first': False, 'cmake_force_configure': False, 'cmake_target': None, 'cmake_target_skip_unavailable': False, 'install_base': '/home/agilex/agilex_ws/install/teb_msgs', 'merge_install': False, 'path': '/home/agilex/agilex_ws/src/teb_local_planner/teb_msgs', 'symlink_install': False, 'test_result_base': None}
[0.598s] Level 5:colcon.colcon_core.verb:set package 'nav2_simple_commander' build argument 'cmake_args' from command line to 'None'
[0.598s] Level 5:colcon.colcon_core.verb:set package 'nav2_simple_commander' build argument 'cmake_target' from command line to 'None'
[0.598s] Level 5:colcon.colcon_core.verb:set package 'nav2_simple_commander' build argument 'cmake_target_skip_unavailable' from command line to 'False'
[0.598s] Level 5:colcon.colcon_core.verb:set package 'nav2_simple_commander' build argument 'cmake_clean_cache' from command line to 'False'
[0.598s] Level 5:colcon.colcon_core.verb:set package 'nav2_simple_commander' build argument 'cmake_clean_first' from command line to 'False'
[0.598s] Level 5:colcon.colcon_core.verb:set package 'nav2_simple_commander' build argument 'cmake_force_configure' from command line to 'False'
[0.598s] Level 5:colcon.colcon_core.verb:set package 'nav2_simple_commander' build argument 'ament_cmake_args' from command line to 'None'
[0.599s] Level 5:colcon.colcon_core.verb:set package 'nav2_simple_commander' build argument 'catkin_cmake_args' from command line to 'None'
[0.599s] Level 5:colcon.colcon_core.verb:set package 'nav2_simple_commander' build argument 'catkin_skip_building_tests' from command line to 'False'
[0.599s] DEBUG:colcon.colcon_core.verb:Building package 'nav2_simple_commander' with the following arguments: {'ament_cmake_args': None, 'build_base': '/home/agilex/agilex_ws/build/nav2_simple_commander', 'catkin_cmake_args': None, 'catkin_skip_building_tests': False, 'cmake_args': None, 'cmake_clean_cache': False, 'cmake_clean_first': False, 'cmake_force_configure': False, 'cmake_target': None, 'cmake_target_skip_unavailable': False, 'install_base': '/home/agilex/agilex_ws/install/nav2_simple_commander', 'merge_install': False, 'path': '/home/agilex/agilex_ws/src/navigation2/nav2_simple_commander', 'symlink_install': False, 'test_result_base': None}
[0.599s] Level 5:colcon.colcon_core.verb:set package 'nav2_util' build argument 'cmake_args' from command line to 'None'
[0.599s] Level 5:colcon.colcon_core.verb:set package 'nav2_util' build argument 'cmake_target' from command line to 'None'
[0.599s] Level 5:colcon.colcon_core.verb:set package 'nav2_util' build argument 'cmake_target_skip_unavailable' from command line to 'False'
[0.599s] Level 5:colcon.colcon_core.verb:set package 'nav2_util' build argument 'cmake_clean_cache' from command line to 'False'
[0.600s] Level 5:colcon.colcon_core.verb:set package 'nav2_util' build argument 'cmake_clean_first' from command line to 'False'
[0.600s] Level 5:colcon.colcon_core.verb:set package 'nav2_util' build argument 'cmake_force_configure' from command line to 'False'
[0.600s] Level 5:colcon.colcon_core.verb:set package 'nav2_util' build argument 'ament_cmake_args' from command line to 'None'
[0.600s] Level 5:colcon.colcon_core.verb:set package 'nav2_util' build argument 'catkin_cmake_args' from command line to 'None'
[0.600s] Level 5:colcon.colcon_core.verb:set package 'nav2_util' build argument 'catkin_skip_building_tests' from command line to 'False'
[0.600s] DEBUG:colcon.colcon_core.verb:Building package 'nav2_util' with the following arguments: {'ament_cmake_args': None, 'build_base': '/home/agilex/agilex_ws/build/nav2_util', 'catkin_cmake_args': None, 'catkin_skip_building_tests': False, 'cmake_args': None, 'cmake_clean_cache': False, 'cmake_clean_first': False, 'cmake_force_configure': False, 'cmake_target': None, 'cmake_target_skip_unavailable': False, 'install_base': '/home/agilex/agilex_ws/install/nav2_util', 'merge_install': False, 'path': '/home/agilex/agilex_ws/src/navigation2/nav2_util', 'symlink_install': False, 'test_result_base': None}
[0.600s] Level 5:colcon.colcon_core.verb:set package 'nav2_amcl' build argument 'cmake_args' from command line to 'None'
[0.600s] Level 5:colcon.colcon_core.verb:set package 'nav2_amcl' build argument 'cmake_target' from command line to 'None'
[0.601s] Level 5:colcon.colcon_core.verb:set package 'nav2_amcl' build argument 'cmake_target_skip_unavailable' from command line to 'False'
[0.601s] Level 5:colcon.colcon_core.verb:set package 'nav2_amcl' build argument 'cmake_clean_cache' from command line to 'False'
[0.601s] Level 5:colcon.colcon_core.verb:set package 'nav2_amcl' build argument 'cmake_clean_first' from command line to 'False'
[0.601s] Level 5:colcon.colcon_core.verb:set package 'nav2_amcl' build argument 'cmake_force_configure' from command line to 'False'
[0.601s] Level 5:colcon.colcon_core.verb:set package 'nav2_amcl' build argument 'ament_cmake_args' from command line to 'None'
[0.601s] Level 5:colcon.colcon_core.verb:set package 'nav2_amcl' build argument 'catkin_cmake_args' from command line to 'None'
[0.601s] Level 5:colcon.colcon_core.verb:set package 'nav2_amcl' build argument 'catkin_skip_building_tests' from command line to 'False'
[0.601s] DEBUG:colcon.colcon_core.verb:Building package 'nav2_amcl' with the following arguments: {'ament_cmake_args': None, 'build_base': '/home/agilex/agilex_ws/build/nav2_amcl', 'catkin_cmake_args': None, 'catkin_skip_building_tests': False, 'cmake_args': None, 'cmake_clean_cache': False, 'cmake_clean_first': False, 'cmake_force_configure': False, 'cmake_target': None, 'cmake_target_skip_unavailable': False, 'install_base': '/home/agilex/agilex_ws/install/nav2_amcl', 'merge_install': False, 'path': '/home/agilex/agilex_ws/src/navigation2/nav2_amcl', 'symlink_install': False, 'test_result_base': None}
[0.602s] Level 5:colcon.colcon_core.verb:set package 'nav2_behavior_tree' build argument 'cmake_args' from command line to 'None'
[0.602s] Level 5:colcon.colcon_core.verb:set package 'nav2_behavior_tree' build argument 'cmake_target' from command line to 'None'
[0.602s] Level 5:colcon.colcon_core.verb:set package 'nav2_behavior_tree' build argument 'cmake_target_skip_unavailable' from command line to 'False'
[0.602s] Level 5:colcon.colcon_core.verb:set package 'nav2_behavior_tree' build argument 'cmake_clean_cache' from command line to 'False'
[0.602s] Level 5:colcon.colcon_core.verb:set package 'nav2_behavior_tree' build argument 'cmake_clean_first' from command line to 'False'
[0.602s] Level 5:colcon.colcon_core.verb:set package 'nav2_behavior_tree' build argument 'cmake_force_configure' from command line to 'False'
[0.602s] Level 5:colcon.colcon_core.verb:set package 'nav2_behavior_tree' build argument 'ament_cmake_args' from command line to 'None'
[0.602s] Level 5:colcon.colcon_core.verb:set package 'nav2_behavior_tree' build argument 'catkin_cmake_args' from command line to 'None'
[0.602s] Level 5:colcon.colcon_core.verb:set package 'nav2_behavior_tree' build argument 'catkin_skip_building_tests' from command line to 'False'
[0.602s] DEBUG:colcon.colcon_core.verb:Building package 'nav2_behavior_tree' with the following arguments: {'ament_cmake_args': None, 'build_base': '/home/agilex/agilex_ws/build/nav2_behavior_tree', 'catkin_cmake_args': None, 'catkin_skip_building_tests': False, 'cmake_args': None, 'cmake_clean_cache': False, 'cmake_clean_first': False, 'cmake_force_configure': False, 'cmake_target': None, 'cmake_target_skip_unavailable': False, 'install_base': '/home/agilex/agilex_ws/install/nav2_behavior_tree', 'merge_install': False, 'path': '/home/agilex/agilex_ws/src/navigation2/nav2_behavior_tree', 'symlink_install': False, 'test_result_base': None}
[0.603s] Level 5:colcon.colcon_core.verb:set package 'nav2_lifecycle_manager' build argument 'cmake_args' from command line to 'None'
[0.603s] Level 5:colcon.colcon_core.verb:set package 'nav2_lifecycle_manager' build argument 'cmake_target' from command line to 'None'
[0.603s] Level 5:colcon.colcon_core.verb:set package 'nav2_lifecycle_manager' build argument 'cmake_target_skip_unavailable' from command line to 'False'
[0.603s] Level 5:colcon.colcon_core.verb:set package 'nav2_lifecycle_manager' build argument 'cmake_clean_cache' from command line to 'False'
[0.603s] Level 5:colcon.colcon_core.verb:set package 'nav2_lifecycle_manager' build argument 'cmake_clean_first' from command line to 'False'
[0.603s] Level 5:colcon.colcon_core.verb:set package 'nav2_lifecycle_manager' build argument 'cmake_force_configure' from command line to 'False'
[0.603s] Level 5:colcon.colcon_core.verb:set package 'nav2_lifecycle_manager' build argument 'ament_cmake_args' from command line to 'None'
[0.603s] Level 5:colcon.colcon_core.verb:set package 'nav2_lifecycle_manager' build argument 'catkin_cmake_args' from command line to 'None'
[0.603s] Level 5:colcon.colcon_core.verb:set package 'nav2_lifecycle_manager' build argument 'catkin_skip_building_tests' from command line to 'False'
[0.603s] DEBUG:colcon.colcon_core.verb:Building package 'nav2_lifecycle_manager' with the following arguments: {'ament_cmake_args': None, 'build_base': '/home/agilex/agilex_ws/build/nav2_lifecycle_manager', 'catkin_cmake_args': None, 'catkin_skip_building_tests': False, 'cmake_args': None, 'cmake_clean_cache': False, 'cmake_clean_first': False, 'cmake_force_configure': False, 'cmake_target': None, 'cmake_target_skip_unavailable': False, 'install_base': '/home/agilex/agilex_ws/install/nav2_lifecycle_manager', 'merge_install': False, 'path': '/home/agilex/agilex_ws/src/navigation2/nav2_lifecycle_manager', 'symlink_install': False, 'test_result_base': None}
[0.604s] Level 5:colcon.colcon_core.verb:set package 'nav2_map_server' build argument 'cmake_args' from command line to 'None'
[0.604s] Level 5:colcon.colcon_core.verb:set package 'nav2_map_server' build argument 'cmake_target' from command line to 'None'
[0.604s] Level 5:colcon.colcon_core.verb:set package 'nav2_map_server' build argument 'cmake_target_skip_unavailable' from command line to 'False'
[0.604s] Level 5:colcon.colcon_core.verb:set package 'nav2_map_server' build argument 'cmake_clean_cache' from command line to 'False'
[0.604s] Level 5:colcon.colcon_core.verb:set package 'nav2_map_server' build argument 'cmake_clean_first' from command line to 'False'
[0.604s] Level 5:colcon.colcon_core.verb:set package 'nav2_map_server' build argument 'cmake_force_configure' from command line to 'False'
[0.604s] Level 5:colcon.colcon_core.verb:set package 'nav2_map_server' build argument 'ament_cmake_args' from command line to 'None'
[0.604s] Level 5:colcon.colcon_core.verb:set package 'nav2_map_server' build argument 'catkin_cmake_args' from command line to 'None'
[0.604s] Level 5:colcon.colcon_core.verb:set package 'nav2_map_server' build argument 'catkin_skip_building_tests' from command line to 'False'
[0.604s] DEBUG:colcon.colcon_core.verb:Building package 'nav2_map_server' with the following arguments: {'ament_cmake_args': None, 'build_base': '/home/agilex/agilex_ws/build/nav2_map_server', 'catkin_cmake_args': None, 'catkin_skip_building_tests': False, 'cmake_args': None, 'cmake_clean_cache': False, 'cmake_clean_first': False, 'cmake_force_configure': False, 'cmake_target': None, 'cmake_target_skip_unavailable': False, 'install_base': '/home/agilex/agilex_ws/install/nav2_map_server', 'merge_install': False, 'path': '/home/agilex/agilex_ws/src/navigation2/nav2_map_server', 'symlink_install': False, 'test_result_base': None}
[0.605s] Level 5:colcon.colcon_core.verb:set package 'nav_2d_utils' build argument 'cmake_args' from command line to 'None'
[0.605s] Level 5:colcon.colcon_core.verb:set package 'nav_2d_utils' build argument 'cmake_target' from command line to 'None'
[0.605s] Level 5:colcon.colcon_core.verb:set package 'nav_2d_utils' build argument 'cmake_target_skip_unavailable' from command line to 'False'
[0.605s] Level 5:colcon.colcon_core.verb:set package 'nav_2d_utils' build argument 'cmake_clean_cache' from command line to 'False'
[0.605s] Level 5:colcon.colcon_core.verb:set package 'nav_2d_utils' build argument 'cmake_clean_first' from command line to 'False'
[0.605s] Level 5:colcon.colcon_core.verb:set package 'nav_2d_utils' build argument 'cmake_force_configure' from command line to 'False'
[0.605s] Level 5:colcon.colcon_core.verb:set package 'nav_2d_utils' build argument 'ament_cmake_args' from command line to 'None'
[0.605s] Level 5:colcon.colcon_core.verb:set package 'nav_2d_utils' build argument 'catkin_cmake_args' from command line to 'None'
[0.605s] Level 5:colcon.colcon_core.verb:set package 'nav_2d_utils' build argument 'catkin_skip_building_tests' from command line to 'False'
[0.605s] DEBUG:colcon.colcon_core.verb:Building package 'nav_2d_utils' with the following arguments: {'ament_cmake_args': None, 'build_base': '/home/agilex/agilex_ws/build/nav_2d_utils', 'catkin_cmake_args': None, 'catkin_skip_building_tests': False, 'cmake_args': None, 'cmake_clean_cache': False, 'cmake_clean_first': False, 'cmake_force_configure': False, 'cmake_target': None, 'cmake_target_skip_unavailable': False, 'install_base': '/home/agilex/agilex_ws/install/nav_2d_utils', 'merge_install': False, 'path': '/home/agilex/agilex_ws/src/navigation2/nav2_dwb_controller/nav_2d_utils', 'symlink_install': False, 'test_result_base': None}
[0.606s] Level 5:colcon.colcon_core.verb:set package 'nav2_costmap_2d' build argument 'cmake_args' from command line to 'None'
[0.606s] Level 5:colcon.colcon_core.verb:set package 'nav2_costmap_2d' build argument 'cmake_target' from command line to 'None'
[0.606s] Level 5:colcon.colcon_core.verb:set package 'nav2_costmap_2d' build argument 'cmake_target_skip_unavailable' from command line to 'False'
[0.606s] Level 5:colcon.colcon_core.verb:set package 'nav2_costmap_2d' build argument 'cmake_clean_cache' from command line to 'False'
[0.606s] Level 5:colcon.colcon_core.verb:set package 'nav2_costmap_2d' build argument 'cmake_clean_first' from command line to 'False'
[0.606s] Level 5:colcon.colcon_core.verb:set package 'nav2_costmap_2d' build argument 'cmake_force_configure' from command line to 'False'
[0.606s] Level 5:colcon.colcon_core.verb:set package 'nav2_costmap_2d' build argument 'ament_cmake_args' from command line to 'None'
[0.606s] Level 5:colcon.colcon_core.verb:set package 'nav2_costmap_2d' build argument 'catkin_cmake_args' from command line to 'None'
[0.606s] Level 5:colcon.colcon_core.verb:set package 'nav2_costmap_2d' build argument 'catkin_skip_building_tests' from command line to 'False'
[0.606s] DEBUG:colcon.colcon_core.verb:Building package 'nav2_costmap_2d' with the following arguments: {'ament_cmake_args': None, 'build_base': '/home/agilex/agilex_ws/build/nav2_costmap_2d', 'catkin_cmake_args': None, 'catkin_skip_building_tests': False, 'cmake_args': None, 'cmake_clean_cache': False, 'cmake_clean_first': False, 'cmake_force_configure': False, 'cmake_target': None, 'cmake_target_skip_unavailable': False, 'install_base': '/home/agilex/agilex_ws/install/nav2_costmap_2d', 'merge_install': False, 'path': '/home/agilex/agilex_ws/src/navigation2/nav2_costmap_2d', 'symlink_install': False, 'test_result_base': None}
[0.607s] Level 5:colcon.colcon_core.verb:set package 'nav2_rviz_plugins' build argument 'cmake_args' from command line to 'None'
[0.607s] Level 5:colcon.colcon_core.verb:set package 'nav2_rviz_plugins' build argument 'cmake_target' from command line to 'None'
[0.607s] Level 5:colcon.colcon_core.verb:set package 'nav2_rviz_plugins' build argument 'cmake_target_skip_unavailable' from command line to 'False'
[0.607s] Level 5:colcon.colcon_core.verb:set package 'nav2_rviz_plugins' build argument 'cmake_clean_cache' from command line to 'False'
[0.607s] Level 5:colcon.colcon_core.verb:set package 'nav2_rviz_plugins' build argument 'cmake_clean_first' from command line to 'False'
[0.607s] Level 5:colcon.colcon_core.verb:set package 'nav2_rviz_plugins' build argument 'cmake_force_configure' from command line to 'False'
[0.607s] Level 5:colcon.colcon_core.verb:set package 'nav2_rviz_plugins' build argument 'ament_cmake_args' from command line to 'None'
[0.607s] Level 5:colcon.colcon_core.verb:set package 'nav2_rviz_plugins' build argument 'catkin_cmake_args' from command line to 'None'
[0.607s] Level 5:colcon.colcon_core.verb:set package 'nav2_rviz_plugins' build argument 'catkin_skip_building_tests' from command line to 'False'
[0.607s] DEBUG:colcon.colcon_core.verb:Building package 'nav2_rviz_plugins' with the following arguments: {'ament_cmake_args': None, 'build_base': '/home/agilex/agilex_ws/build/nav2_rviz_plugins', 'catkin_cmake_args': None, 'catkin_skip_building_tests': False, 'cmake_args': None, 'cmake_clean_cache': False, 'cmake_clean_first': False, 'cmake_force_configure': False, 'cmake_target': None, 'cmake_target_skip_unavailable': False, 'install_base': '/home/agilex/agilex_ws/install/nav2_rviz_plugins', 'merge_install': False, 'path': '/home/agilex/agilex_ws/src/navigation2/nav2_rviz_plugins', 'symlink_install': False, 'test_result_base': None}
[0.608s] Level 5:colcon.colcon_core.verb:set package 'costmap_converter' build argument 'cmake_args' from command line to 'None'
[0.608s] Level 5:colcon.colcon_core.verb:set package 'costmap_converter' build argument 'cmake_target' from command line to 'None'
[0.608s] Level 5:colcon.colcon_core.verb:set package 'costmap_converter' build argument 'cmake_target_skip_unavailable' from command line to 'False'
[0.608s] Level 5:colcon.colcon_core.verb:set package 'costmap_converter' build argument 'cmake_clean_cache' from command line to 'False'
[0.608s] Level 5:colcon.colcon_core.verb:set package 'costmap_converter' build argument 'cmake_clean_first' from command line to 'False'
[0.608s] Level 5:colcon.colcon_core.verb:set package 'costmap_converter' build argument 'cmake_force_configure' from command line to 'False'
[0.608s] Level 5:colcon.colcon_core.verb:set package 'costmap_converter' build argument 'ament_cmake_args' from command line to 'None'
[0.608s] Level 5:colcon.colcon_core.verb:set package 'costmap_converter' build argument 'catkin_cmake_args' from command line to 'None'
[0.609s] Level 5:colcon.colcon_core.verb:set package 'costmap_converter' build argument 'catkin_skip_building_tests' from command line to 'False'
[0.609s] DEBUG:colcon.colcon_core.verb:Building package 'costmap_converter' with the following arguments: {'ament_cmake_args': None, 'build_base': '/home/agilex/agilex_ws/build/costmap_converter', 'catkin_cmake_args': None, 'catkin_skip_building_tests': False, 'cmake_args': None, 'cmake_clean_cache': False, 'cmake_clean_first': False, 'cmake_force_configure': False, 'cmake_target': None, 'cmake_target_skip_unavailable': False, 'install_base': '/home/agilex/agilex_ws/install/costmap_converter', 'merge_install': False, 'path': '/home/agilex/agilex_ws/src/costmap_converter/costmap_converter', 'symlink_install': False, 'test_result_base': None}
[0.609s] Level 5:colcon.colcon_core.verb:set package 'costmap_queue' build argument 'cmake_args' from command line to 'None'
[0.610s] Level 5:colcon.colcon_core.verb:set package 'costmap_queue' build argument 'cmake_target' from command line to 'None'
[0.610s] Level 5:colcon.colcon_core.verb:set package 'costmap_queue' build argument 'cmake_target_skip_unavailable' from command line to 'False'
[0.610s] Level 5:colcon.colcon_core.verb:set package 'costmap_queue' build argument 'cmake_clean_cache' from command line to 'False'
[0.610s] Level 5:colcon.colcon_core.verb:set package 'costmap_queue' build argument 'cmake_clean_first' from command line to 'False'
[0.610s] Level 5:colcon.colcon_core.verb:set package 'costmap_queue' build argument 'cmake_force_configure' from command line to 'False'
[0.610s] Level 5:colcon.colcon_core.verb:set package 'costmap_queue' build argument 'ament_cmake_args' from command line to 'None'
[0.610s] Level 5:colcon.colcon_core.verb:set package 'costmap_queue' build argument 'catkin_cmake_args' from command line to 'None'
[0.610s] Level 5:colcon.colcon_core.verb:set package 'costmap_queue' build argument 'catkin_skip_building_tests' from command line to 'False'
[0.610s] DEBUG:colcon.colcon_core.verb:Building package 'costmap_queue' with the following arguments: {'ament_cmake_args': None, 'build_base': '/home/agilex/agilex_ws/build/costmap_queue', 'catkin_cmake_args': None, 'catkin_skip_building_tests': False, 'cmake_args': None, 'cmake_clean_cache': False, 'cmake_clean_first': False, 'cmake_force_configure': False, 'cmake_target': None, 'cmake_target_skip_unavailable': False, 'install_base': '/home/agilex/agilex_ws/install/costmap_queue', 'merge_install': False, 'path': '/home/agilex/agilex_ws/src/navigation2/nav2_dwb_controller/costmap_queue', 'symlink_install': False, 'test_result_base': None}
[0.611s] Level 5:colcon.colcon_core.verb:set package 'nav2_core' build argument 'cmake_args' from command line to 'None'
[0.611s] Level 5:colcon.colcon_core.verb:set package 'nav2_core' build argument 'cmake_target' from command line to 'None'
[0.611s] Level 5:colcon.colcon_core.verb:set package 'nav2_core' build argument 'cmake_target_skip_unavailable' from command line to 'False'
[0.611s] Level 5:colcon.colcon_core.verb:set package 'nav2_core' build argument 'cmake_clean_cache' from command line to 'False'
[0.611s] Level 5:colcon.colcon_core.verb:set package 'nav2_core' build argument 'cmake_clean_first' from command line to 'False'
[0.611s] Level 5:colcon.colcon_core.verb:set package 'nav2_core' build argument 'cmake_force_configure' from command line to 'False'
[0.611s] Level 5:colcon.colcon_core.verb:set package 'nav2_core' build argument 'ament_cmake_args' from command line to 'None'
[0.611s] Level 5:colcon.colcon_core.verb:set package 'nav2_core' build argument 'catkin_cmake_args' from command line to 'None'
[0.611s] Level 5:colcon.colcon_core.verb:set package 'nav2_core' build argument 'catkin_skip_building_tests' from command line to 'False'
[0.611s] DEBUG:colcon.colcon_core.verb:Building package 'nav2_core' with the following arguments: {'ament_cmake_args': None, 'build_base': '/home/agilex/agilex_ws/build/nav2_core', 'catkin_cmake_args': None, 'catkin_skip_building_tests': False, 'cmake_args': None, 'cmake_clean_cache': False, 'cmake_clean_first': False, 'cmake_force_configure': False, 'cmake_target': None, 'cmake_target_skip_unavailable': False, 'install_base': '/home/agilex/agilex_ws/install/nav2_core', 'merge_install': False, 'path': '/home/agilex/agilex_ws/src/navigation2/nav2_core', 'symlink_install': False, 'test_result_base': None}
[0.612s] Level 5:colcon.colcon_core.verb:set package 'dwb_core' build argument 'cmake_args' from command line to 'None'
[0.612s] Level 5:colcon.colcon_core.verb:set package 'dwb_core' build argument 'cmake_target' from command line to 'None'
[0.612s] Level 5:colcon.colcon_core.verb:set package 'dwb_core' build argument 'cmake_target_skip_unavailable' from command line to 'False'
[0.612s] Level 5:colcon.colcon_core.verb:set package 'dwb_core' build argument 'cmake_clean_cache' from command line to 'False'
[0.612s] Level 5:colcon.colcon_core.verb:set package 'dwb_core' build argument 'cmake_clean_first' from command line to 'False'
[0.612s] Level 5:colcon.colcon_core.verb:set package 'dwb_core' build argument 'cmake_force_configure' from command line to 'False'
[0.612s] Level 5:colcon.colcon_core.verb:set package 'dwb_core' build argument 'ament_cmake_args' from command line to 'None'
[0.612s] Level 5:colcon.colcon_core.verb:set package 'dwb_core' build argument 'catkin_cmake_args' from command line to 'None'
[0.612s] Level 5:colcon.colcon_core.verb:set package 'dwb_core' build argument 'catkin_skip_building_tests' from command line to 'False'
[0.612s] DEBUG:colcon.colcon_core.verb:Building package 'dwb_core' with the following arguments: {'ament_cmake_args': None, 'build_base': '/home/agilex/agilex_ws/build/dwb_core', 'catkin_cmake_args': None, 'catkin_skip_building_tests': False, 'cmake_args': None, 'cmake_clean_cache': False, 'cmake_clean_first': False, 'cmake_force_configure': False, 'cmake_target': None, 'cmake_target_skip_unavailable': False, 'install_base': '/home/agilex/agilex_ws/install/dwb_core', 'merge_install': False, 'path': '/home/agilex/agilex_ws/src/navigation2/nav2_dwb_controller/dwb_core', 'symlink_install': False, 'test_result_base': None}
[0.613s] Level 5:colcon.colcon_core.verb:set package 'nav2_behaviors' build argument 'cmake_args' from command line to 'None'
[0.613s] Level 5:colcon.colcon_core.verb:set package 'nav2_behaviors' build argument 'cmake_target' from command line to 'None'
[0.613s] Level 5:colcon.colcon_core.verb:set package 'nav2_behaviors' build argument 'cmake_target_skip_unavailable' from command line to 'False'
[0.613s] Level 5:colcon.colcon_core.verb:set package 'nav2_behaviors' build argument 'cmake_clean_cache' from command line to 'False'
[0.613s] Level 5:colcon.colcon_core.verb:set package 'nav2_behaviors' build argument 'cmake_clean_first' from command line to 'False'
[0.613s] Level 5:colcon.colcon_core.verb:set package 'nav2_behaviors' build argument 'cmake_force_configure' from command line to 'False'
[0.613s] Level 5:colcon.colcon_core.verb:set package 'nav2_behaviors' build argument 'ament_cmake_args' from command line to 'None'
[0.613s] Level 5:colcon.colcon_core.verb:set package 'nav2_behaviors' build argument 'catkin_cmake_args' from command line to 'None'
[0.613s] Level 5:colcon.colcon_core.verb:set package 'nav2_behaviors' build argument 'catkin_skip_building_tests' from command line to 'False'
[0.613s] DEBUG:colcon.colcon_core.verb:Building package 'nav2_behaviors' with the following arguments: {'ament_cmake_args': None, 'build_base': '/home/agilex/agilex_ws/build/nav2_behaviors', 'catkin_cmake_args': None, 'catkin_skip_building_tests': False, 'cmake_args': None, 'cmake_clean_cache': False, 'cmake_clean_first': False, 'cmake_force_configure': False, 'cmake_target': None, 'cmake_target_skip_unavailable': False, 'install_base': '/home/agilex/agilex_ws/install/nav2_behaviors', 'merge_install': False, 'path': '/home/agilex/agilex_ws/src/navigation2/nav2_behaviors', 'symlink_install': False, 'test_result_base': None}
[0.614s] Level 5:colcon.colcon_core.verb:set package 'nav2_bt_navigator' build argument 'cmake_args' from command line to 'None'
[0.614s] Level 5:colcon.colcon_core.verb:set package 'nav2_bt_navigator' build argument 'cmake_target' from command line to 'None'
[0.614s] Level 5:colcon.colcon_core.verb:set package 'nav2_bt_navigator' build argument 'cmake_target_skip_unavailable' from command line to 'False'
[0.614s] Level 5:colcon.colcon_core.verb:set package 'nav2_bt_navigator' build argument 'cmake_clean_cache' from command line to 'False'
[0.614s] Level 5:colcon.colcon_core.verb:set package 'nav2_bt_navigator' build argument 'cmake_clean_first' from command line to 'False'
[0.614s] Level 5:colcon.colcon_core.verb:set package 'nav2_bt_navigator' build argument 'cmake_force_configure' from command line to 'False'
[0.614s] Level 5:colcon.colcon_core.verb:set package 'nav2_bt_navigator' build argument 'ament_cmake_args' from command line to 'None'
[0.614s] Level 5:colcon.colcon_core.verb:set package 'nav2_bt_navigator' build argument 'catkin_cmake_args' from command line to 'None'
[0.614s] Level 5:colcon.colcon_core.verb:set package 'nav2_bt_navigator' build argument 'catkin_skip_building_tests' from command line to 'False'
[0.614s] DEBUG:colcon.colcon_core.verb:Building package 'nav2_bt_navigator' with the following arguments: {'ament_cmake_args': None, 'build_base': '/home/agilex/agilex_ws/build/nav2_bt_navigator', 'catkin_cmake_args': None, 'catkin_skip_building_tests': False, 'cmake_args': None, 'cmake_clean_cache': False, 'cmake_clean_first': False, 'cmake_force_configure': False, 'cmake_target': None, 'cmake_target_skip_unavailable': False, 'install_base': '/home/agilex/agilex_ws/install/nav2_bt_navigator', 'merge_install': False, 'path': '/home/agilex/agilex_ws/src/navigation2/nav2_bt_navigator', 'symlink_install': False, 'test_result_base': None}
[0.615s] Level 5:colcon.colcon_core.verb:set package 'nav2_constrained_smoother' build argument 'cmake_args' from command line to 'None'
[0.615s] Level 5:colcon.colcon_core.verb:set package 'nav2_constrained_smoother' build argument 'cmake_target' from command line to 'None'
[0.615s] Level 5:colcon.colcon_core.verb:set package 'nav2_constrained_smoother' build argument 'cmake_target_skip_unavailable' from command line to 'False'
[0.615s] Level 5:colcon.colcon_core.verb:set package 'nav2_constrained_smoother' build argument 'cmake_clean_cache' from command line to 'False'
[0.615s] Level 5:colcon.colcon_core.verb:set package 'nav2_constrained_smoother' build argument 'cmake_clean_first' from command line to 'False'
[0.615s] Level 5:colcon.colcon_core.verb:set package 'nav2_constrained_smoother' build argument 'cmake_force_configure' from command line to 'False'
[0.615s] Level 5:colcon.colcon_core.verb:set package 'nav2_constrained_smoother' build argument 'ament_cmake_args' from command line to 'None'
[0.615s] Level 5:colcon.colcon_core.verb:set package 'nav2_constrained_smoother' build argument 'catkin_cmake_args' from command line to 'None'
[0.615s] Level 5:colcon.colcon_core.verb:set package 'nav2_constrained_smoother' build argument 'catkin_skip_building_tests' from command line to 'False'
[0.615s] DEBUG:colcon.colcon_core.verb:Building package 'nav2_constrained_smoother' with the following arguments: {'ament_cmake_args': None, 'build_base': '/home/agilex/agilex_ws/build/nav2_constrained_smoother', 'catkin_cmake_args': None, 'catkin_skip_building_tests': False, 'cmake_args': None, 'cmake_clean_cache': False, 'cmake_clean_first': False, 'cmake_force_configure': False, 'cmake_target': None, 'cmake_target_skip_unavailable': False, 'install_base': '/home/agilex/agilex_ws/install/nav2_constrained_smoother', 'merge_install': False, 'path': '/home/agilex/agilex_ws/src/navigation2/nav2_constrained_smoother', 'symlink_install': False, 'test_result_base': None}
[0.616s] Level 5:colcon.colcon_core.verb:set package 'nav2_controller' build argument 'cmake_args' from command line to 'None'
[0.616s] Level 5:colcon.colcon_core.verb:set package 'nav2_controller' build argument 'cmake_target' from command line to 'None'
[0.616s] Level 5:colcon.colcon_core.verb:set package 'nav2_controller' build argument 'cmake_target_skip_unavailable' from command line to 'False'
[0.616s] Level 5:colcon.colcon_core.verb:set package 'nav2_controller' build argument 'cmake_clean_cache' from command line to 'False'
[0.616s] Level 5:colcon.colcon_core.verb:set package 'nav2_controller' build argument 'cmake_clean_first' from command line to 'False'
[0.616s] Level 5:colcon.colcon_core.verb:set package 'nav2_controller' build argument 'cmake_force_configure' from command line to 'False'
[0.616s] Level 5:colcon.colcon_core.verb:set package 'nav2_controller' build argument 'ament_cmake_args' from command line to 'None'
[0.616s] Level 5:colcon.colcon_core.verb:set package 'nav2_controller' build argument 'catkin_cmake_args' from command line to 'None'
[0.616s] Level 5:colcon.colcon_core.verb:set package 'nav2_controller' build argument 'catkin_skip_building_tests' from command line to 'False'
[0.616s] DEBUG:colcon.colcon_core.verb:Building package 'nav2_controller' with the following arguments: {'ament_cmake_args': None, 'build_base': '/home/agilex/agilex_ws/build/nav2_controller', 'catkin_cmake_args': None, 'catkin_skip_building_tests': False, 'cmake_args': None, 'cmake_clean_cache': False, 'cmake_clean_first': False, 'cmake_force_configure': False, 'cmake_target': None, 'cmake_target_skip_unavailable': False, 'install_base': '/home/agilex/agilex_ws/install/nav2_controller', 'merge_install': False, 'path': '/home/agilex/agilex_ws/src/navigation2/nav2_controller', 'symlink_install': False, 'test_result_base': None}
[0.617s] Level 5:colcon.colcon_core.verb:set package 'nav2_navfn_planner' build argument 'cmake_args' from command line to 'None'
[0.617s] Level 5:colcon.colcon_core.verb:set package 'nav2_navfn_planner' build argument 'cmake_target' from command line to 'None'
[0.617s] Level 5:colcon.colcon_core.verb:set package 'nav2_navfn_planner' build argument 'cmake_target_skip_unavailable' from command line to 'False'
[0.617s] Level 5:colcon.colcon_core.verb:set package 'nav2_navfn_planner' build argument 'cmake_clean_cache' from command line to 'False'
[0.617s] Level 5:colcon.colcon_core.verb:set package 'nav2_navfn_planner' build argument 'cmake_clean_first' from command line to 'False'
[0.617s] Level 5:colcon.colcon_core.verb:set package 'nav2_navfn_planner' build argument 'cmake_force_configure' from command line to 'False'
[0.617s] Level 5:colcon.colcon_core.verb:set package 'nav2_navfn_planner' build argument 'ament_cmake_args' from command line to 'None'
[0.617s] Level 5:colcon.colcon_core.verb:set package 'nav2_navfn_planner' build argument 'catkin_cmake_args' from command line to 'None'
[0.617s] Level 5:colcon.colcon_core.verb:set package 'nav2_navfn_planner' build argument 'catkin_skip_building_tests' from command line to 'False'
[0.617s] DEBUG:colcon.colcon_core.verb:Building package 'nav2_navfn_planner' with the following arguments: {'ament_cmake_args': None, 'build_base': '/home/agilex/agilex_ws/build/nav2_navfn_planner', 'catkin_cmake_args': None, 'catkin_skip_building_tests': False, 'cmake_args': None, 'cmake_clean_cache': False, 'cmake_clean_first': False, 'cmake_force_configure': False, 'cmake_target': None, 'cmake_target_skip_unavailable': False, 'install_base': '/home/agilex/agilex_ws/install/nav2_navfn_planner', 'merge_install': False, 'path': '/home/agilex/agilex_ws/src/navigation2/nav2_navfn_planner', 'symlink_install': False, 'test_result_base': None}
[0.618s] Level 5:colcon.colcon_core.verb:set package 'nav2_planner' build argument 'cmake_args' from command line to 'None'
[0.618s] Level 5:colcon.colcon_core.verb:set package 'nav2_planner' build argument 'cmake_target' from command line to 'None'
[0.618s] Level 5:colcon.colcon_core.verb:set package 'nav2_planner' build argument 'cmake_target_skip_unavailable' from command line to 'False'
[0.618s] Level 5:colcon.colcon_core.verb:set package 'nav2_planner' build argument 'cmake_clean_cache' from command line to 'False'
[0.618s] Level 5:colcon.colcon_core.verb:set package 'nav2_planner' build argument 'cmake_clean_first' from command line to 'False'
[0.618s] Level 5:colcon.colcon_core.verb:set package 'nav2_planner' build argument 'cmake_force_configure' from command line to 'False'
[0.618s] Level 5:colcon.colcon_core.verb:set package 'nav2_planner' build argument 'ament_cmake_args' from command line to 'None'
[0.618s] Level 5:colcon.colcon_core.verb:set package 'nav2_planner' build argument 'catkin_cmake_args' from command line to 'None'
[0.618s] Level 5:colcon.colcon_core.verb:set package 'nav2_planner' build argument 'catkin_skip_building_tests' from command line to 'False'
[0.618s] DEBUG:colcon.colcon_core.verb:Building package 'nav2_planner' with the following arguments: {'ament_cmake_args': None, 'build_base': '/home/agilex/agilex_ws/build/nav2_planner', 'catkin_cmake_args': None, 'catkin_skip_building_tests': False, 'cmake_args': None, 'cmake_clean_cache': False, 'cmake_clean_first': False, 'cmake_force_configure': False, 'cmake_target': None, 'cmake_target_skip_unavailable': False, 'install_base': '/home/agilex/agilex_ws/install/nav2_planner', 'merge_install': False, 'path': '/home/agilex/agilex_ws/src/navigation2/nav2_planner', 'symlink_install': False, 'test_result_base': None}
[0.619s] Level 5:colcon.colcon_core.verb:set package 'nav2_regulated_pure_pursuit_controller' build argument 'cmake_args' from command line to 'None'
[0.619s] Level 5:colcon.colcon_core.verb:set package 'nav2_regulated_pure_pursuit_controller' build argument 'cmake_target' from command line to 'None'
[0.619s] Level 5:colcon.colcon_core.verb:set package 'nav2_regulated_pure_pursuit_controller' build argument 'cmake_target_skip_unavailable' from command line to 'False'
[0.619s] Level 5:colcon.colcon_core.verb:set package 'nav2_regulated_pure_pursuit_controller' build argument 'cmake_clean_cache' from command line to 'False'
[0.619s] Level 5:colcon.colcon_core.verb:set package 'nav2_regulated_pure_pursuit_controller' build argument 'cmake_clean_first' from command line to 'False'
[0.619s] Level 5:colcon.colcon_core.verb:set package 'nav2_regulated_pure_pursuit_controller' build argument 'cmake_force_configure' from command line to 'False'
[0.619s] Level 5:colcon.colcon_core.verb:set package 'nav2_regulated_pure_pursuit_controller' build argument 'ament_cmake_args' from command line to 'None'
[0.619s] Level 5:colcon.colcon_core.verb:set package 'nav2_regulated_pure_pursuit_controller' build argument 'catkin_cmake_args' from command line to 'None'
[0.619s] Level 5:colcon.colcon_core.verb:set package 'nav2_regulated_pure_pursuit_controller' build argument 'catkin_skip_building_tests' from command line to 'False'
[0.619s] DEBUG:colcon.colcon_core.verb:Building package 'nav2_regulated_pure_pursuit_controller' with the following arguments: {'ament_cmake_args': None, 'build_base': '/home/agilex/agilex_ws/build/nav2_regulated_pure_pursuit_controller', 'catkin_cmake_args': None, 'catkin_skip_building_tests': False, 'cmake_args': None, 'cmake_clean_cache': False, 'cmake_clean_first': False, 'cmake_force_configure': False, 'cmake_target': None, 'cmake_target_skip_unavailable': False, 'install_base': '/home/agilex/agilex_ws/install/nav2_regulated_pure_pursuit_controller', 'merge_install': False, 'path': '/home/agilex/agilex_ws/src/navigation2/nav2_regulated_pure_pursuit_controller', 'symlink_install': False, 'test_result_base': None}
[0.620s] Level 5:colcon.colcon_core.verb:set package 'nav2_smac_planner' build argument 'cmake_args' from command line to 'None'
[0.620s] Level 5:colcon.colcon_core.verb:set package 'nav2_smac_planner' build argument 'cmake_target' from command line to 'None'
[0.620s] Level 5:colcon.colcon_core.verb:set package 'nav2_smac_planner' build argument 'cmake_target_skip_unavailable' from command line to 'False'
[0.620s] Level 5:colcon.colcon_core.verb:set package 'nav2_smac_planner' build argument 'cmake_clean_cache' from command line to 'False'
[0.620s] Level 5:colcon.colcon_core.verb:set package 'nav2_smac_planner' build argument 'cmake_clean_first' from command line to 'False'
[0.620s] Level 5:colcon.colcon_core.verb:set package 'nav2_smac_planner' build argument 'cmake_force_configure' from command line to 'False'
[0.620s] Level 5:colcon.colcon_core.verb:set package 'nav2_smac_planner' build argument 'ament_cmake_args' from command line to 'None'
[0.620s] Level 5:colcon.colcon_core.verb:set package 'nav2_smac_planner' build argument 'catkin_cmake_args' from command line to 'None'
[0.620s] Level 5:colcon.colcon_core.verb:set package 'nav2_smac_planner' build argument 'catkin_skip_building_tests' from command line to 'False'
[0.620s] DEBUG:colcon.colcon_core.verb:Building package 'nav2_smac_planner' with the following arguments: {'ament_cmake_args': None, 'build_base': '/home/agilex/agilex_ws/build/nav2_smac_planner', 'catkin_cmake_args': None, 'catkin_skip_building_tests': False, 'cmake_args': None, 'cmake_clean_cache': False, 'cmake_clean_first': False, 'cmake_force_configure': False, 'cmake_target': None, 'cmake_target_skip_unavailable': False, 'install_base': '/home/agilex/agilex_ws/install/nav2_smac_planner', 'merge_install': False, 'path': '/home/agilex/agilex_ws/src/navigation2/nav2_smac_planner', 'symlink_install': False, 'test_result_base': None}
[0.621s] Level 5:colcon.colcon_core.verb:set package 'nav2_smoother' build argument 'cmake_args' from command line to 'None'
[0.621s] Level 5:colcon.colcon_core.verb:set package 'nav2_smoother' build argument 'cmake_target' from command line to 'None'
[0.621s] Level 5:colcon.colcon_core.verb:set package 'nav2_smoother' build argument 'cmake_target_skip_unavailable' from command line to 'False'
[0.621s] Level 5:colcon.colcon_core.verb:set package 'nav2_smoother' build argument 'cmake_clean_cache' from command line to 'False'
[0.621s] Level 5:colcon.colcon_core.verb:set package 'nav2_smoother' build argument 'cmake_clean_first' from command line to 'False'
[0.621s] Level 5:colcon.colcon_core.verb:set package 'nav2_smoother' build argument 'cmake_force_configure' from command line to 'False'
[0.622s] Level 5:colcon.colcon_core.verb:set package 'nav2_smoother' build argument 'ament_cmake_args' from command line to 'None'
[0.622s] Level 5:colcon.colcon_core.verb:set package 'nav2_smoother' build argument 'catkin_cmake_args' from command line to 'None'
[0.622s] Level 5:colcon.colcon_core.verb:set package 'nav2_smoother' build argument 'catkin_skip_building_tests' from command line to 'False'
[0.622s] DEBUG:colcon.colcon_core.verb:Building package 'nav2_smoother' with the following arguments: {'ament_cmake_args': None, 'build_base': '/home/agilex/agilex_ws/build/nav2_smoother', 'catkin_cmake_args': None, 'catkin_skip_building_tests': False, 'cmake_args': None, 'cmake_clean_cache': False, 'cmake_clean_first': False, 'cmake_force_configure': False, 'cmake_target': None, 'cmake_target_skip_unavailable': False, 'install_base': '/home/agilex/agilex_ws/install/nav2_smoother', 'merge_install': False, 'path': '/home/agilex/agilex_ws/src/navigation2/nav2_smoother', 'symlink_install': False, 'test_result_base': None}
[0.622s] Level 5:colcon.colcon_core.verb:set package 'nav2_theta_star_planner' build argument 'cmake_args' from command line to 'None'
[0.622s] Level 5:colcon.colcon_core.verb:set package 'nav2_theta_star_planner' build argument 'cmake_target' from command line to 'None'
[0.622s] Level 5:colcon.colcon_core.verb:set package 'nav2_theta_star_planner' build argument 'cmake_target_skip_unavailable' from command line to 'False'
[0.622s] Level 5:colcon.colcon_core.verb:set package 'nav2_theta_star_planner' build argument 'cmake_clean_cache' from command line to 'False'
[0.623s] Level 5:colcon.colcon_core.verb:set package 'nav2_theta_star_planner' build argument 'cmake_clean_first' from command line to 'False'
[0.623s] Level 5:colcon.colcon_core.verb:set package 'nav2_theta_star_planner' build argument 'cmake_force_configure' from command line to 'False'
[0.623s] Level 5:colcon.colcon_core.verb:set package 'nav2_theta_star_planner' build argument 'ament_cmake_args' from command line to 'None'
[0.623s] Level 5:colcon.colcon_core.verb:set package 'nav2_theta_star_planner' build argument 'catkin_cmake_args' from command line to 'None'
[0.623s] Level 5:colcon.colcon_core.verb:set package 'nav2_theta_star_planner' build argument 'catkin_skip_building_tests' from command line to 'False'
[0.623s] DEBUG:colcon.colcon_core.verb:Building package 'nav2_theta_star_planner' with the following arguments: {'ament_cmake_args': None, 'build_base': '/home/agilex/agilex_ws/build/nav2_theta_star_planner', 'catkin_cmake_args': None, 'catkin_skip_building_tests': False, 'cmake_args': None, 'cmake_clean_cache': False, 'cmake_clean_first': False, 'cmake_force_configure': False, 'cmake_target': None, 'cmake_target_skip_unavailable': False, 'install_base': '/home/agilex/agilex_ws/install/nav2_theta_star_planner', 'merge_install': False, 'path': '/home/agilex/agilex_ws/src/navigation2/nav2_theta_star_planner', 'symlink_install': False, 'test_result_base': None}
[0.623s] Level 5:colcon.colcon_core.verb:set package 'nav2_waypoint_follower' build argument 'cmake_args' from command line to 'None'
[0.623s] Level 5:colcon.colcon_core.verb:set package 'nav2_waypoint_follower' build argument 'cmake_target' from command line to 'None'
[0.624s] Level 5:colcon.colcon_core.verb:set package 'nav2_waypoint_follower' build argument 'cmake_target_skip_unavailable' from command line to 'False'
[0.624s] Level 5:colcon.colcon_core.verb:set package 'nav2_waypoint_follower' build argument 'cmake_clean_cache' from command line to 'False'
[0.624s] Level 5:colcon.colcon_core.verb:set package 'nav2_waypoint_follower' build argument 'cmake_clean_first' from command line to 'False'
[0.624s] Level 5:colcon.colcon_core.verb:set package 'nav2_waypoint_follower' build argument 'cmake_force_configure' from command line to 'False'
[0.624s] Level 5:colcon.colcon_core.verb:set package 'nav2_waypoint_follower' build argument 'ament_cmake_args' from command line to 'None'
[0.624s] Level 5:colcon.colcon_core.verb:set package 'nav2_waypoint_follower' build argument 'catkin_cmake_args' from command line to 'None'
[0.624s] Level 5:colcon.colcon_core.verb:set package 'nav2_waypoint_follower' build argument 'catkin_skip_building_tests' from command line to 'False'
[0.624s] DEBUG:colcon.colcon_core.verb:Building package 'nav2_waypoint_follower' with the following arguments: {'ament_cmake_args': None, 'build_base': '/home/agilex/agilex_ws/build/nav2_waypoint_follower', 'catkin_cmake_args': None, 'catkin_skip_building_tests': False, 'cmake_args': None, 'cmake_clean_cache': False, 'cmake_clean_first': False, 'cmake_force_configure': False, 'cmake_target': None, 'cmake_target_skip_unavailable': False, 'install_base': '/home/agilex/agilex_ws/install/nav2_waypoint_follower', 'merge_install': False, 'path': '/home/agilex/agilex_ws/src/navigation2/nav2_waypoint_follower', 'symlink_install': False, 'test_result_base': None}
[0.625s] Level 5:colcon.colcon_core.verb:set package 'dwb_critics' build argument 'cmake_args' from command line to 'None'
[0.625s] Level 5:colcon.colcon_core.verb:set package 'dwb_critics' build argument 'cmake_target' from command line to 'None'
[0.625s] Level 5:colcon.colcon_core.verb:set package 'dwb_critics' build argument 'cmake_target_skip_unavailable' from command line to 'False'
[0.625s] Level 5:colcon.colcon_core.verb:set package 'dwb_critics' build argument 'cmake_clean_cache' from command line to 'False'
[0.625s] Level 5:colcon.colcon_core.verb:set package 'dwb_critics' build argument 'cmake_clean_first' from command line to 'False'
[0.625s] Level 5:colcon.colcon_core.verb:set package 'dwb_critics' build argument 'cmake_force_configure' from command line to 'False'
[0.625s] Level 5:colcon.colcon_core.verb:set package 'dwb_critics' build argument 'ament_cmake_args' from command line to 'None'
[0.625s] Level 5:colcon.colcon_core.verb:set package 'dwb_critics' build argument 'catkin_cmake_args' from command line to 'None'
[0.625s] Level 5:colcon.colcon_core.verb:set package 'dwb_critics' build argument 'catkin_skip_building_tests' from command line to 'False'
[0.625s] DEBUG:colcon.colcon_core.verb:Building package 'dwb_critics' with the following arguments: {'ament_cmake_args': None, 'build_base': '/home/agilex/agilex_ws/build/dwb_critics', 'catkin_cmake_args': None, 'catkin_skip_building_tests': False, 'cmake_args': None, 'cmake_clean_cache': False, 'cmake_clean_first': False, 'cmake_force_configure': False, 'cmake_target': None, 'cmake_target_skip_unavailable': False, 'install_base': '/home/agilex/agilex_ws/install/dwb_critics', 'merge_install': False, 'path': '/home/agilex/agilex_ws/src/navigation2/nav2_dwb_controller/dwb_critics', 'symlink_install': False, 'test_result_base': None}
[0.626s] Level 5:colcon.colcon_core.verb:set package 'dwb_plugins' build argument 'cmake_args' from command line to 'None'
[0.626s] Level 5:colcon.colcon_core.verb:set package 'dwb_plugins' build argument 'cmake_target' from command line to 'None'
[0.626s] Level 5:colcon.colcon_core.verb:set package 'dwb_plugins' build argument 'cmake_target_skip_unavailable' from command line to 'False'
[0.626s] Level 5:colcon.colcon_core.verb:set package 'dwb_plugins' build argument 'cmake_clean_cache' from command line to 'False'
[0.626s] Level 5:colcon.colcon_core.verb:set package 'dwb_plugins' build argument 'cmake_clean_first' from command line to 'False'
[0.626s] Level 5:colcon.colcon_core.verb:set package 'dwb_plugins' build argument 'cmake_force_configure' from command line to 'False'
[0.626s] Level 5:colcon.colcon_core.verb:set package 'dwb_plugins' build argument 'ament_cmake_args' from command line to 'None'
[0.626s] Level 5:colcon.colcon_core.verb:set package 'dwb_plugins' build argument 'catkin_cmake_args' from command line to 'None'
[0.626s] Level 5:colcon.colcon_core.verb:set package 'dwb_plugins' build argument 'catkin_skip_building_tests' from command line to 'False'
[0.626s] DEBUG:colcon.colcon_core.verb:Building package 'dwb_plugins' with the following arguments: {'ament_cmake_args': None, 'build_base': '/home/agilex/agilex_ws/build/dwb_plugins', 'catkin_cmake_args': None, 'catkin_skip_building_tests': False, 'cmake_args': None, 'cmake_clean_cache': False, 'cmake_clean_first': False, 'cmake_force_configure': False, 'cmake_target': None, 'cmake_target_skip_unavailable': False, 'install_base': '/home/agilex/agilex_ws/install/dwb_plugins', 'merge_install': False, 'path': '/home/agilex/agilex_ws/src/navigation2/nav2_dwb_controller/dwb_plugins', 'symlink_install': False, 'test_result_base': None}
[0.627s] Level 5:colcon.colcon_core.verb:set package 'limo_bringup' build argument 'cmake_args' from command line to 'None'
[0.627s] Level 5:colcon.colcon_core.verb:set package 'limo_bringup' build argument 'cmake_target' from command line to 'None'
[0.627s] Level 5:colcon.colcon_core.verb:set package 'limo_bringup' build argument 'cmake_target_skip_unavailable' from command line to 'False'
[0.627s] Level 5:colcon.colcon_core.verb:set package 'limo_bringup' build argument 'cmake_clean_cache' from command line to 'False'
[0.627s] Level 5:colcon.colcon_core.verb:set package 'limo_bringup' build argument 'cmake_clean_first' from command line to 'False'
[0.627s] Level 5:colcon.colcon_core.verb:set package 'limo_bringup' build argument 'cmake_force_configure' from command line to 'False'
[0.627s] Level 5:colcon.colcon_core.verb:set package 'limo_bringup' build argument 'ament_cmake_args' from command line to 'None'
[0.627s] Level 5:colcon.colcon_core.verb:set package 'limo_bringup' build argument 'catkin_cmake_args' from command line to 'None'
[0.627s] Level 5:colcon.colcon_core.verb:set package 'limo_bringup' build argument 'catkin_skip_building_tests' from command line to 'False'
[0.627s] DEBUG:colcon.colcon_core.verb:Building package 'limo_bringup' with the following arguments: {'ament_cmake_args': None, 'build_base': '/home/agilex/agilex_ws/build/limo_bringup', 'catkin_cmake_args': None, 'catkin_skip_building_tests': False, 'cmake_args': None, 'cmake_clean_cache': False, 'cmake_clean_first': False, 'cmake_force_configure': False, 'cmake_target': None, 'cmake_target_skip_unavailable': False, 'install_base': '/home/agilex/agilex_ws/install/limo_bringup', 'merge_install': False, 'path': '/home/agilex/agilex_ws/src/limo_ros2/limo_bringup', 'symlink_install': False, 'test_result_base': None}
[0.628s] Level 5:colcon.colcon_core.verb:set package 'nav2_rotation_shim_controller' build argument 'cmake_args' from command line to 'None'
[0.628s] Level 5:colcon.colcon_core.verb:set package 'nav2_rotation_shim_controller' build argument 'cmake_target' from command line to 'None'
[0.628s] Level 5:colcon.colcon_core.verb:set package 'nav2_rotation_shim_controller' build argument 'cmake_target_skip_unavailable' from command line to 'False'
[0.628s] Level 5:colcon.colcon_core.verb:set package 'nav2_rotation_shim_controller' build argument 'cmake_clean_cache' from command line to 'False'
[0.628s] Level 5:colcon.colcon_core.verb:set package 'nav2_rotation_shim_controller' build argument 'cmake_clean_first' from command line to 'False'
[0.628s] Level 5:colcon.colcon_core.verb:set package 'nav2_rotation_shim_controller' build argument 'cmake_force_configure' from command line to 'False'
[0.628s] Level 5:colcon.colcon_core.verb:set package 'nav2_rotation_shim_controller' build argument 'ament_cmake_args' from command line to 'None'
[0.628s] Level 5:colcon.colcon_core.verb:set package 'nav2_rotation_shim_controller' build argument 'catkin_cmake_args' from command line to 'None'
[0.628s] Level 5:colcon.colcon_core.verb:set package 'nav2_rotation_shim_controller' build argument 'catkin_skip_building_tests' from command line to 'False'
[0.628s] DEBUG:colcon.colcon_core.verb:Building package 'nav2_rotation_shim_controller' with the following arguments: {'ament_cmake_args': None, 'build_base': '/home/agilex/agilex_ws/build/nav2_rotation_shim_controller', 'catkin_cmake_args': None, 'catkin_skip_building_tests': False, 'cmake_args': None, 'cmake_clean_cache': False, 'cmake_clean_first': False, 'cmake_force_configure': False, 'cmake_target': None, 'cmake_target_skip_unavailable': False, 'install_base': '/home/agilex/agilex_ws/install/nav2_rotation_shim_controller', 'merge_install': False, 'path': '/home/agilex/agilex_ws/src/navigation2/nav2_rotation_shim_controller', 'symlink_install': False, 'test_result_base': None}
[0.629s] Level 5:colcon.colcon_core.verb:set package 'nav2_dwb_controller' build argument 'cmake_args' from command line to 'None'
[0.629s] Level 5:colcon.colcon_core.verb:set package 'nav2_dwb_controller' build argument 'cmake_target' from command line to 'None'
[0.629s] Level 5:colcon.colcon_core.verb:set package 'nav2_dwb_controller' build argument 'cmake_target_skip_unavailable' from command line to 'False'
[0.629s] Level 5:colcon.colcon_core.verb:set package 'nav2_dwb_controller' build argument 'cmake_clean_cache' from command line to 'False'
[0.629s] Level 5:colcon.colcon_core.verb:set package 'nav2_dwb_controller' build argument 'cmake_clean_first' from command line to 'False'
[0.629s] Level 5:colcon.colcon_core.verb:set package 'nav2_dwb_controller' build argument 'cmake_force_configure' from command line to 'False'
[0.629s] Level 5:colcon.colcon_core.verb:set package 'nav2_dwb_controller' build argument 'ament_cmake_args' from command line to 'None'
[0.629s] Level 5:colcon.colcon_core.verb:set package 'nav2_dwb_controller' build argument 'catkin_cmake_args' from command line to 'None'
[0.629s] Level 5:colcon.colcon_core.verb:set package 'nav2_dwb_controller' build argument 'catkin_skip_building_tests' from command line to 'False'
[0.629s] DEBUG:colcon.colcon_core.verb:Building package 'nav2_dwb_controller' with the following arguments: {'ament_cmake_args': None, 'build_base': '/home/agilex/agilex_ws/build/nav2_dwb_controller', 'catkin_cmake_args': None, 'catkin_skip_building_tests': False, 'cmake_args': None, 'cmake_clean_cache': False, 'cmake_clean_first': False, 'cmake_force_configure': False, 'cmake_target': None, 'cmake_target_skip_unavailable': False, 'install_base': '/home/agilex/agilex_ws/install/nav2_dwb_controller', 'merge_install': False, 'path': '/home/agilex/agilex_ws/src/navigation2/nav2_dwb_controller/nav2_dwb_controller', 'symlink_install': False, 'test_result_base': None}
[0.630s] Level 5:colcon.colcon_core.verb:set package 'navigation2' build argument 'cmake_args' from command line to 'None'
[0.630s] Level 5:colcon.colcon_core.verb:set package 'navigation2' build argument 'cmake_target' from command line to 'None'
[0.630s] Level 5:colcon.colcon_core.verb:set package 'navigation2' build argument 'cmake_target_skip_unavailable' from command line to 'False'
[0.630s] Level 5:colcon.colcon_core.verb:set package 'navigation2' build argument 'cmake_clean_cache' from command line to 'False'
[0.630s] Level 5:colcon.colcon_core.verb:set package 'navigation2' build argument 'cmake_clean_first' from command line to 'False'
[0.630s] Level 5:colcon.colcon_core.verb:set package 'navigation2' build argument 'cmake_force_configure' from command line to 'False'
[0.630s] Level 5:colcon.colcon_core.verb:set package 'navigation2' build argument 'ament_cmake_args' from command line to 'None'
[0.630s] Level 5:colcon.colcon_core.verb:set package 'navigation2' build argument 'catkin_cmake_args' from command line to 'None'
[0.630s] Level 5:colcon.colcon_core.verb:set package 'navigation2' build argument 'catkin_skip_building_tests' from command line to 'False'
[0.630s] DEBUG:colcon.colcon_core.verb:Building package 'navigation2' with the following arguments: {'ament_cmake_args': None, 'build_base': '/home/agilex/agilex_ws/build/navigation2', 'catkin_cmake_args': None, 'catkin_skip_building_tests': False, 'cmake_args': None, 'cmake_clean_cache': False, 'cmake_clean_first': False, 'cmake_force_configure': False, 'cmake_target': None, 'cmake_target_skip_unavailable': False, 'install_base': '/home/agilex/agilex_ws/install/navigation2', 'merge_install': False, 'path': '/home/agilex/agilex_ws/src/navigation2/navigation2', 'symlink_install': False, 'test_result_base': None}
[0.631s] Level 5:colcon.colcon_core.verb:set package 'nav2_bringup' build argument 'cmake_args' from command line to 'None'
[0.631s] Level 5:colcon.colcon_core.verb:set package 'nav2_bringup' build argument 'cmake_target' from command line to 'None'
[0.631s] Level 5:colcon.colcon_core.verb:set package 'nav2_bringup' build argument 'cmake_target_skip_unavailable' from command line to 'False'
[0.631s] Level 5:colcon.colcon_core.verb:set package 'nav2_bringup' build argument 'cmake_clean_cache' from command line to 'False'
[0.631s] Level 5:colcon.colcon_core.verb:set package 'nav2_bringup' build argument 'cmake_clean_first' from command line to 'False'
[0.631s] Level 5:colcon.colcon_core.verb:set package 'nav2_bringup' build argument 'cmake_force_configure' from command line to 'False'
[0.631s] Level 5:colcon.colcon_core.verb:set package 'nav2_bringup' build argument 'ament_cmake_args' from command line to 'None'
[0.631s] Level 5:colcon.colcon_core.verb:set package 'nav2_bringup' build argument 'catkin_cmake_args' from command line to 'None'
[0.631s] Level 5:colcon.colcon_core.verb:set package 'nav2_bringup' build argument 'catkin_skip_building_tests' from command line to 'False'
[0.631s] DEBUG:colcon.colcon_core.verb:Building package 'nav2_bringup' with the following arguments: {'ament_cmake_args': None, 'build_base': '/home/agilex/agilex_ws/build/nav2_bringup', 'catkin_cmake_args': None, 'catkin_skip_building_tests': False, 'cmake_args': None, 'cmake_clean_cache': False, 'cmake_clean_first': False, 'cmake_force_configure': False, 'cmake_target': None, 'cmake_target_skip_unavailable': False, 'install_base': '/home/agilex/agilex_ws/install/nav2_bringup', 'merge_install': False, 'path': '/home/agilex/agilex_ws/src/navigation2/nav2_bringup', 'symlink_install': False, 'test_result_base': None}
[0.632s] Level 5:colcon.colcon_core.verb:set package 'nav2_system_tests' build argument 'cmake_args' from command line to 'None'
[0.632s] Level 5:colcon.colcon_core.verb:set package 'nav2_system_tests' build argument 'cmake_target' from command line to 'None'
[0.632s] Level 5:colcon.colcon_core.verb:set package 'nav2_system_tests' build argument 'cmake_target_skip_unavailable' from command line to 'False'
[0.632s] Level 5:colcon.colcon_core.verb:set package 'nav2_system_tests' build argument 'cmake_clean_cache' from command line to 'False'
[0.632s] Level 5:colcon.colcon_core.verb:set package 'nav2_system_tests' build argument 'cmake_clean_first' from command line to 'False'
[0.632s] Level 5:colcon.colcon_core.verb:set package 'nav2_system_tests' build argument 'cmake_force_configure' from command line to 'False'
[0.632s] Level 5:colcon.colcon_core.verb:set package 'nav2_system_tests' build argument 'ament_cmake_args' from command line to 'None'
[0.632s] Level 5:colcon.colcon_core.verb:set package 'nav2_system_tests' build argument 'catkin_cmake_args' from command line to 'None'
[0.632s] Level 5:colcon.colcon_core.verb:set package 'nav2_system_tests' build argument 'catkin_skip_building_tests' from command line to 'False'
[0.632s] DEBUG:colcon.colcon_core.verb:Building package 'nav2_system_tests' with the following arguments: {'ament_cmake_args': None, 'build_base': '/home/agilex/agilex_ws/build/nav2_system_tests', 'catkin_cmake_args': None, 'catkin_skip_building_tests': False, 'cmake_args': None, 'cmake_clean_cache': False, 'cmake_clean_first': False, 'cmake_force_configure': False, 'cmake_target': None, 'cmake_target_skip_unavailable': False, 'install_base': '/home/agilex/agilex_ws/install/nav2_system_tests', 'merge_install': False, 'path': '/home/agilex/agilex_ws/src/navigation2/nav2_system_tests', 'symlink_install': False, 'test_result_base': None}
[0.633s] Level 5:colcon.colcon_core.verb:set package 'teb_local_planner' build argument 'cmake_args' from command line to 'None'
[0.633s] Level 5:colcon.colcon_core.verb:set package 'teb_local_planner' build argument 'cmake_target' from command line to 'None'
[0.633s] Level 5:colcon.colcon_core.verb:set package 'teb_local_planner' build argument 'cmake_target_skip_unavailable' from command line to 'False'
[0.633s] Level 5:colcon.colcon_core.verb:set package 'teb_local_planner' build argument 'cmake_clean_cache' from command line to 'False'
[0.633s] Level 5:colcon.colcon_core.verb:set package 'teb_local_planner' build argument 'cmake_clean_first' from command line to 'False'
[0.633s] Level 5:colcon.colcon_core.verb:set package 'teb_local_planner' build argument 'cmake_force_configure' from command line to 'False'
[0.633s] Level 5:colcon.colcon_core.verb:set package 'teb_local_planner' build argument 'ament_cmake_args' from command line to 'None'
[0.633s] Level 5:colcon.colcon_core.verb:set package 'teb_local_planner' build argument 'catkin_cmake_args' from command line to 'None'
[0.634s] Level 5:colcon.colcon_core.verb:set package 'teb_local_planner' build argument 'catkin_skip_building_tests' from command line to 'False'
[0.634s] DEBUG:colcon.colcon_core.verb:Building package 'teb_local_planner' with the following arguments: {'ament_cmake_args': None, 'build_base': '/home/agilex/agilex_ws/build/teb_local_planner', 'catkin_cmake_args': None, 'catkin_skip_building_tests': False, 'cmake_args': None, 'cmake_clean_cache': False, 'cmake_clean_first': False, 'cmake_force_configure': False, 'cmake_target': None, 'cmake_target_skip_unavailable': False, 'install_base': '/home/agilex/agilex_ws/install/teb_local_planner', 'merge_install': False, 'path': '/home/agilex/agilex_ws/src/teb_local_planner/teb_local_planner', 'symlink_install': False, 'test_result_base': None}
[0.634s] INFO:colcon.colcon_core.executor:Executing jobs using 'parallel' executor
[0.637s] DEBUG:colcon.colcon_parallel_executor.executor.parallel:run_until_complete
[0.638s] INFO:colcon.colcon_ros.task.ament_cmake.build:Building ROS package in '/home/agilex/agilex_ws/src/navigation2/nav2_common' with build type 'ament_cmake'
[0.638s] INFO:colcon.colcon_cmake.task.cmake.build:Building CMake package in '/home/agilex/agilex_ws/src/navigation2/nav2_common'
[0.642s] INFO:colcon.colcon_core.plugin_system:Skipping extension 'colcon_core.shell.bat': Not used on non-Windows systems
[0.642s] INFO:colcon.colcon_core.shell:Skip shell extension 'powershell' for command environment: Not usable outside of PowerShell
[0.642s] DEBUG:colcon.colcon_core.shell:Skip shell extension 'dsv' for command environment
[0.647s] INFO:colcon.colcon_ros.task.ament_cmake.build:Building ROS package in '/home/agilex/agilex_ws/src/navigation2/nav2_dwb_controller/nav_2d_msgs' with build type 'ament_cmake'
[0.647s] INFO:colcon.colcon_cmake.task.cmake.build:Building CMake package in '/home/agilex/agilex_ws/src/navigation2/nav2_dwb_controller/nav_2d_msgs'
[0.648s] INFO:colcon.colcon_core.shell:Skip shell extension 'powershell' for command environment: Not usable outside of PowerShell
[0.648s] DEBUG:colcon.colcon_core.shell:Skip shell extension 'dsv' for command environment
[0.651s] INFO:colcon.colcon_ros.task.ament_cmake.build:Building ROS package in '/home/agilex/agilex_ws/src/costmap_converter/costmap_converter_msgs' with build type 'ament_cmake'
[0.651s] INFO:colcon.colcon_cmake.task.cmake.build:Building CMake package in '/home/agilex/agilex_ws/src/costmap_converter/costmap_converter_msgs'
[0.653s] INFO:colcon.colcon_core.shell:Skip shell extension 'powershell' for command environment: Not usable outside of PowerShell
[0.653s] DEBUG:colcon.colcon_core.shell:Skip shell extension 'dsv' for command environment
[0.655s] INFO:colcon.colcon_ros.task.ament_cmake.build:Building ROS package in '/home/agilex/agilex_ws/src/limo_ros2/limo_msgs' with build type 'ament_cmake'
[0.655s] INFO:colcon.colcon_cmake.task.cmake.build:Building CMake package in '/home/agilex/agilex_ws/src/limo_ros2/limo_msgs'
[0.656s] INFO:colcon.colcon_core.shell:Skip shell extension 'powershell' for command environment: Not usable outside of PowerShell
[0.656s] DEBUG:colcon.colcon_core.shell:Skip shell extension 'dsv' for command environment
[0.660s] INFO:colcon.colcon_ros.task.ament_cmake.build:Building ROS package in '/home/agilex/agilex_ws/src/aruco_ros/aruco' with build type 'ament_cmake'
[0.660s] INFO:colcon.colcon_cmake.task.cmake.build:Building CMake package in '/home/agilex/agilex_ws/src/aruco_ros/aruco'
[0.661s] INFO:colcon.colcon_core.shell:Skip shell extension 'powershell' for command environment: Not usable outside of PowerShell
[0.661s] DEBUG:colcon.colcon_core.shell:Skip shell extension 'dsv' for command environment
[0.665s] INFO:colcon.colcon_ros.task.ament_cmake.build:Building ROS package in '/home/agilex/agilex_ws/src/aruco_ros/aruco_msgs' with build type 'ament_cmake'
[0.665s] INFO:colcon.colcon_cmake.task.cmake.build:Building CMake package in '/home/agilex/agilex_ws/src/aruco_ros/aruco_msgs'
[0.666s] INFO:colcon.colcon_core.shell:Skip shell extension 'powershell' for command environment: Not usable outside of PowerShell
[0.666s] DEBUG:colcon.colcon_core.shell:Skip shell extension 'dsv' for command environment
[0.669s] INFO:colcon.colcon_ros.task.ament_cmake.build:Building ROS package in '/home/agilex/agilex_ws/src/ros2_astra_camera/astra_camera_msgs' with build type 'ament_cmake'
[0.669s] INFO:colcon.colcon_cmake.task.cmake.build:Building CMake package in '/home/agilex/agilex_ws/src/ros2_astra_camera/astra_camera_msgs'
[0.670s] INFO:colcon.colcon_core.shell:Skip shell extension 'powershell' for command environment: Not usable outside of PowerShell
[0.670s] DEBUG:colcon.colcon_core.shell:Skip shell extension 'dsv' for command environment
[0.673s] INFO:colcon.colcon_ros.task.ament_cmake.build:Building ROS package in '/home/agilex/agilex_ws/src/csm' with build type 'ament_cmake'
[0.673s] INFO:colcon.colcon_cmake.task.cmake.build:Building CMake package in '/home/agilex/agilex_ws/src/csm'
[0.674s] INFO:colcon.colcon_core.shell:Skip shell extension 'powershell' for command environment: Not usable outside of PowerShell
[0.674s] DEBUG:colcon.colcon_core.shell:Skip shell extension 'dsv' for command environment
[0.683s] DEBUG:colcon.colcon_core.event_handler.log_command:Invoking command in '/home/agilex/agilex_ws/build/nav2_common': CMAKE_PREFIX_PATH=/opt/ros/humble /usr/bin/cmake /home/agilex/agilex_ws/src/navigation2/nav2_common -DCMAKE_INSTALL_PREFIX=/home/agilex/agilex_ws/install/nav2_common
[0.685s] DEBUG:colcon.colcon_core.event_handler.log_command:Invoking command in '/home/agilex/agilex_ws/build/nav_2d_msgs': CMAKE_PREFIX_PATH=/opt/ros/humble /usr/bin/cmake /home/agilex/agilex_ws/src/navigation2/nav2_dwb_controller/nav_2d_msgs -DCMAKE_INSTALL_PREFIX=/home/agilex/agilex_ws/install/nav_2d_msgs
[0.686s] DEBUG:colcon.colcon_core.event_handler.log_command:Invoking command in '/home/agilex/agilex_ws/build/costmap_converter_msgs': CMAKE_PREFIX_PATH=/opt/ros/humble /usr/bin/cmake /home/agilex/agilex_ws/src/costmap_converter/costmap_converter_msgs -DCMAKE_INSTALL_PREFIX=/home/agilex/agilex_ws/install/costmap_converter_msgs
[0.688s] DEBUG:colcon.colcon_core.event_handler.log_command:Invoking command in '/home/agilex/agilex_ws/build/limo_msgs': CMAKE_PREFIX_PATH=/opt/ros/humble /usr/bin/cmake /home/agilex/agilex_ws/src/limo_ros2/limo_msgs -DCMAKE_INSTALL_PREFIX=/home/agilex/agilex_ws/install/limo_msgs
[0.689s] DEBUG:colcon.colcon_core.event_handler.log_command:Invoking command in '/home/agilex/agilex_ws/build/aruco': CMAKE_PREFIX_PATH=/opt/ros/humble /usr/bin/cmake /home/agilex/agilex_ws/src/aruco_ros/aruco -DCMAKE_INSTALL_PREFIX=/home/agilex/agilex_ws/install/aruco
[0.692s] DEBUG:colcon.colcon_core.event_handler.log_command:Invoking command in '/home/agilex/agilex_ws/build/aruco_msgs': CMAKE_PREFIX_PATH=/opt/ros/humble /usr/bin/cmake /home/agilex/agilex_ws/src/aruco_ros/aruco_msgs -DCMAKE_INSTALL_PREFIX=/home/agilex/agilex_ws/install/aruco_msgs
[0.692s] DEBUG:colcon.colcon_core.event_handler.log_command:Invoking command in '/home/agilex/agilex_ws/build/astra_camera_msgs': CMAKE_PREFIX_PATH=/opt/ros/humble /usr/bin/cmake /home/agilex/agilex_ws/src/ros2_astra_camera/astra_camera_msgs -DCMAKE_INSTALL_PREFIX=/home/agilex/agilex_ws/install/astra_camera_msgs
[0.698s] DEBUG:colcon.colcon_core.event_handler.log_command:Invoking command in '/home/agilex/agilex_ws/build/csm': CMAKE_PREFIX_PATH=/opt/ros/humble /usr/bin/cmake /home/agilex/agilex_ws/src/csm -DCMAKE_INSTALL_PREFIX=/home/agilex/agilex_ws/install/csm
[1.107s] DEBUG:colcon.colcon_core.event_handler.log_command:Invoked command in '/home/agilex/agilex_ws/build/aruco' returned '0': CMAKE_PREFIX_PATH=/opt/ros/humble /usr/bin/cmake /home/agilex/agilex_ws/src/aruco_ros/aruco -DCMAKE_INSTALL_PREFIX=/home/agilex/agilex_ws/install/aruco
[1.107s] DEBUG:colcon.colcon_core.event_handler.log_command:Invoking command in '/home/agilex/agilex_ws/build/aruco': CMAKE_PREFIX_PATH=/opt/ros/humble /usr/bin/cmake --build /home/agilex/agilex_ws/build/aruco -- -j8 -l8
[1.183s] DEBUG:colcon.colcon_core.event_handler.log_command:Invoked command in '/home/agilex/agilex_ws/build/nav2_common' returned '0': CMAKE_PREFIX_PATH=/opt/ros/humble /usr/bin/cmake /home/agilex/agilex_ws/src/navigation2/nav2_common -DCMAKE_INSTALL_PREFIX=/home/agilex/agilex_ws/install/nav2_common
[1.183s] DEBUG:colcon.colcon_core.event_handler.log_command:Invoking command in '/home/agilex/agilex_ws/build/nav2_common': CMAKE_PREFIX_PATH=/opt/ros/humble /usr/bin/cmake --build /home/agilex/agilex_ws/build/nav2_common -- -j8 -l8
[2.883s] DEBUG:colcon.colcon_core.event_handler.log_command:Invoked command in '/home/agilex/agilex_ws/build/csm' returned '0': CMAKE_PREFIX_PATH=/opt/ros/humble /usr/bin/cmake /home/agilex/agilex_ws/src/csm -DCMAKE_INSTALL_PREFIX=/home/agilex/agilex_ws/install/csm
[2.883s] DEBUG:colcon.colcon_core.event_handler.log_command:Invoking command in '/home/agilex/agilex_ws/build/csm': CMAKE_PREFIX_PATH=/opt/ros/humble /usr/bin/cmake --build /home/agilex/agilex_ws/build/csm -- -j8 -l8
[3.316s] DEBUG:colcon.colcon_core.event_handler.log_command:Invoked command in '/home/agilex/agilex_ws/build/limo_msgs' returned '0': CMAKE_PREFIX_PATH=/opt/ros/humble /usr/bin/cmake /home/agilex/agilex_ws/src/limo_ros2/limo_msgs -DCMAKE_INSTALL_PREFIX=/home/agilex/agilex_ws/install/limo_msgs
[3.317s] DEBUG:colcon.colcon_core.event_handler.log_command:Invoking command in '/home/agilex/agilex_ws/build/limo_msgs': CMAKE_PREFIX_PATH=/opt/ros/humble /usr/bin/cmake --build /home/agilex/agilex_ws/build/limo_msgs -- -j8 -l8
[3.328s] DEBUG:colcon.colcon_core.event_handler.log_command:Invoked command in '/home/agilex/agilex_ws/build/nav2_common' returned '0': CMAKE_PREFIX_PATH=/opt/ros/humble /usr/bin/cmake --build /home/agilex/agilex_ws/build/nav2_common -- -j8 -l8
[3.613s] DEBUG:colcon.colcon_core.event_handler.log_command:Invoking command in '/home/agilex/agilex_ws/build/nav2_common': CMAKE_PREFIX_PATH=/opt/ros/humble /usr/bin/cmake --install /home/agilex/agilex_ws/build/nav2_common
[3.799s] DEBUG:colcon.colcon_core.event_handler.log_command:Invoked command in '/home/agilex/agilex_ws/build/nav_2d_msgs' returned '0': CMAKE_PREFIX_PATH=/opt/ros/humble /usr/bin/cmake /home/agilex/agilex_ws/src/navigation2/nav2_dwb_controller/nav_2d_msgs -DCMAKE_INSTALL_PREFIX=/home/agilex/agilex_ws/install/nav_2d_msgs
[3.799s] DEBUG:colcon.colcon_core.event_handler.log_command:Invoking command in '/home/agilex/agilex_ws/build/nav_2d_msgs': CMAKE_PREFIX_PATH=/opt/ros/humble /usr/bin/cmake --build /home/agilex/agilex_ws/build/nav_2d_msgs -- -j8 -l8
[3.960s] DEBUG:colcon.colcon_core.event_handler.log_command:Invoked command in '/home/agilex/agilex_ws/build/costmap_converter_msgs' returned '0': CMAKE_PREFIX_PATH=/opt/ros/humble /usr/bin/cmake /home/agilex/agilex_ws/src/costmap_converter/costmap_converter_msgs -DCMAKE_INSTALL_PREFIX=/home/agilex/agilex_ws/install/costmap_converter_msgs
[3.961s] DEBUG:colcon.colcon_core.event_handler.log_command:Invoking command in '/home/agilex/agilex_ws/build/costmap_converter_msgs': CMAKE_PREFIX_PATH=/opt/ros/humble /usr/bin/cmake --build /home/agilex/agilex_ws/build/costmap_converter_msgs -- -j8 -l8
[3.968s] Level 1:colcon.colcon_core.environment:create_environment_scripts_only(nav2_common)
[3.973s] Level 1:colcon.colcon_core.environment:checking '/home/agilex/agilex_ws/install/nav2_common' for CMake module files
[3.973s] Level 1:colcon.colcon_core.environment:checking '/home/agilex/agilex_ws/install/nav2_common' for CMake config files
[3.973s] Level 1:colcon.colcon_core.shell:create_environment_hook('nav2_common', 'cmake_prefix_path')
[3.975s] INFO:colcon.colcon_core.shell:Creating environment hook '/home/agilex/agilex_ws/install/nav2_common/share/nav2_common/hook/cmake_prefix_path.ps1'
[3.976s] INFO:colcon.colcon_core.shell:Creating environment descriptor '/home/agilex/agilex_ws/install/nav2_common/share/nav2_common/hook/cmake_prefix_path.dsv'
[3.977s] DEBUG:colcon.colcon_core.event_handler.log_command:Invoked command in '/home/agilex/agilex_ws/build/nav2_common' returned '0': CMAKE_PREFIX_PATH=/opt/ros/humble /usr/bin/cmake --install /home/agilex/agilex_ws/build/nav2_common
[3.977s] INFO:colcon.colcon_core.shell:Creating environment hook '/home/agilex/agilex_ws/install/nav2_common/share/nav2_common/hook/cmake_prefix_path.sh'
[3.978s] Level 1:colcon.colcon_core.environment:checking '/home/agilex/agilex_ws/install/nav2_common/bin'
[3.978s] Level 1:colcon.colcon_core.environment:checking '/home/agilex/agilex_ws/install/nav2_common/lib/pkgconfig/nav2_common.pc'
[3.978s] Level 1:colcon.colcon_core.environment:checking '/home/agilex/agilex_ws/install/nav2_common/lib/python3.10/site-packages'
[3.979s] Level 1:colcon.colcon_core.environment:checking '/home/agilex/agilex_ws/install/nav2_common/bin'
[3.981s] INFO:colcon.colcon_core.shell:Creating package script '/home/agilex/agilex_ws/install/nav2_common/share/nav2_common/package.ps1'
[3.988s] INFO:colcon.colcon_core.shell:Creating package descriptor '/home/agilex/agilex_ws/install/nav2_common/share/nav2_common/package.dsv'
[3.994s] INFO:colcon.colcon_core.shell:Creating package script '/home/agilex/agilex_ws/install/nav2_common/share/nav2_common/package.sh'
[3.999s] INFO:colcon.colcon_core.shell:Creating package script '/home/agilex/agilex_ws/install/nav2_common/share/nav2_common/package.bash'
[4.011s] INFO:colcon.colcon_core.shell:Creating package script '/home/agilex/agilex_ws/install/nav2_common/share/nav2_common/package.zsh'
[4.011s] Level 1:colcon.colcon_core.environment:create_file_with_runtime_dependencies(/home/agilex/agilex_ws/install/nav2_common/share/colcon-core/packages/nav2_common)
[4.120s] DEBUG:colcon.colcon_core.event_handler.log_command:Invoked command in '/home/agilex/agilex_ws/build/aruco_msgs' returned '0': CMAKE_PREFIX_PATH=/opt/ros/humble /usr/bin/cmake /home/agilex/agilex_ws/src/aruco_ros/aruco_msgs -DCMAKE_INSTALL_PREFIX=/home/agilex/agilex_ws/install/aruco_msgs
[4.120s] DEBUG:colcon.colcon_core.event_handler.log_command:Invoking command in '/home/agilex/agilex_ws/build/aruco_msgs': CMAKE_PREFIX_PATH=/opt/ros/humble /usr/bin/cmake --build /home/agilex/agilex_ws/build/aruco_msgs -- -j8 -l8
[4.224s] Level 1:colcon.colcon_core.environment:create_environment_scripts_only(nav2_common)
[4.226s] Level 1:colcon.colcon_core.environment:checking '/home/agilex/agilex_ws/install/nav2_common' for CMake module files
[4.226s] Level 1:colcon.colcon_core.environment:checking '/home/agilex/agilex_ws/install/nav2_common' for CMake config files
[4.226s] Level 1:colcon.colcon_core.shell:create_environment_hook('nav2_common', 'cmake_prefix_path')
[4.228s] INFO:colcon.colcon_core.shell:Creating environment hook '/home/agilex/agilex_ws/install/nav2_common/share/nav2_common/hook/cmake_prefix_path.ps1'
[4.229s] INFO:colcon.colcon_core.shell:Creating environment descriptor '/home/agilex/agilex_ws/install/nav2_common/share/nav2_common/hook/cmake_prefix_path.dsv'
[4.229s] INFO:colcon.colcon_core.shell:Creating environment hook '/home/agilex/agilex_ws/install/nav2_common/share/nav2_common/hook/cmake_prefix_path.sh'
[4.229s] Level 1:colcon.colcon_core.environment:checking '/home/agilex/agilex_ws/install/nav2_common/bin'
[4.230s] Level 1:colcon.colcon_core.environment:checking '/home/agilex/agilex_ws/install/nav2_common/lib/pkgconfig/nav2_common.pc'
[4.230s] Level 1:colcon.colcon_core.environment:checking '/home/agilex/agilex_ws/install/nav2_common/lib/python3.10/site-packages'
[4.230s] Level 1:colcon.colcon_core.environment:checking '/home/agilex/agilex_ws/install/nav2_common/bin'
[4.232s] INFO:colcon.colcon_core.shell:Creating package script '/home/agilex/agilex_ws/install/nav2_common/share/nav2_common/package.ps1'
[4.232s] INFO:colcon.colcon_core.shell:Creating package descriptor '/home/agilex/agilex_ws/install/nav2_common/share/nav2_common/package.dsv'
[4.233s] INFO:colcon.colcon_core.shell:Creating package script '/home/agilex/agilex_ws/install/nav2_common/share/nav2_common/package.sh'
[4.233s] INFO:colcon.colcon_core.shell:Creating package script '/home/agilex/agilex_ws/install/nav2_common/share/nav2_common/package.bash'
[4.238s] INFO:colcon.colcon_core.shell:Creating package script '/home/agilex/agilex_ws/install/nav2_common/share/nav2_common/package.zsh'
[4.238s] Level 1:colcon.colcon_core.environment:create_file_with_runtime_dependencies(/home/agilex/agilex_ws/install/nav2_common/share/colcon-core/packages/nav2_common)
[4.250s] INFO:colcon.colcon_ros.task.ament_cmake.build:Building ROS package in '/home/agilex/agilex_ws/src/navigation2/nav2_msgs' with build type 'ament_cmake'
[4.251s] INFO:colcon.colcon_cmake.task.cmake.build:Building CMake package in '/home/agilex/agilex_ws/src/navigation2/nav2_msgs'
[4.254s] INFO:colcon.colcon_core.shell:Skip shell extension 'powershell' for command environment: Not usable outside of PowerShell
[4.254s] DEBUG:colcon.colcon_core.shell:Skip shell extension 'dsv' for command environment
[4.339s] DEBUG:colcon.colcon_core.event_handler.log_command:Invoking command in '/home/agilex/agilex_ws/build/nav2_msgs': AMENT_PREFIX_PATH=/home/agilex/agilex_ws/install/nav2_common:${AMENT_PREFIX_PATH} CMAKE_PREFIX_PATH=/home/agilex/agilex_ws/install/nav2_common:/opt/ros/humble PYTHONPATH=/home/agilex/agilex_ws/install/nav2_common/local/lib/python3.10/dist-packages:${PYTHONPATH} /usr/bin/cmake /home/agilex/agilex_ws/src/navigation2/nav2_msgs -DCMAKE_INSTALL_PREFIX=/home/agilex/agilex_ws/install/nav2_msgs
[4.839s] DEBUG:colcon.colcon_core.event_handler.log_command:Invoked command in '/home/agilex/agilex_ws/build/astra_camera_msgs' returned '0': CMAKE_PREFIX_PATH=/opt/ros/humble /usr/bin/cmake /home/agilex/agilex_ws/src/ros2_astra_camera/astra_camera_msgs -DCMAKE_INSTALL_PREFIX=/home/agilex/agilex_ws/install/astra_camera_msgs
[4.840s] DEBUG:colcon.colcon_core.event_handler.log_command:Invoking command in '/home/agilex/agilex_ws/build/astra_camera_msgs': CMAKE_PREFIX_PATH=/opt/ros/humble /usr/bin/cmake --build /home/agilex/agilex_ws/build/astra_camera_msgs -- -j8 -l8
[13.722s] DEBUG:colcon.colcon_core.event_handler.log_command:Invoked command in '/home/agilex/agilex_ws/build/limo_msgs' returned '0': CMAKE_PREFIX_PATH=/opt/ros/humble /usr/bin/cmake --build /home/agilex/agilex_ws/build/limo_msgs -- -j8 -l8
[14.624s] DEBUG:colcon.colcon_core.event_handler.log_command:Invoking command in '/home/agilex/agilex_ws/build/limo_msgs': CMAKE_PREFIX_PATH=/opt/ros/humble /usr/bin/cmake --install /home/agilex/agilex_ws/build/limo_msgs
[14.719s] DEBUG:colcon.colcon_core.event_handler.log_command:Invoked command in '/home/agilex/agilex_ws/build/aruco_msgs' returned '0': CMAKE_PREFIX_PATH=/opt/ros/humble /usr/bin/cmake --build /home/agilex/agilex_ws/build/aruco_msgs -- -j8 -l8
[15.113s] DEBUG:colcon.colcon_core.event_handler.log_command:Invoked command in '/home/agilex/agilex_ws/build/nav2_msgs' returned '0': AMENT_PREFIX_PATH=/home/agilex/agilex_ws/install/nav2_common:${AMENT_PREFIX_PATH} CMAKE_PREFIX_PATH=/home/agilex/agilex_ws/install/nav2_common:/opt/ros/humble PYTHONPATH=/home/agilex/agilex_ws/install/nav2_common/local/lib/python3.10/dist-packages:${PYTHONPATH} /usr/bin/cmake /home/agilex/agilex_ws/src/navigation2/nav2_msgs -DCMAKE_INSTALL_PREFIX=/home/agilex/agilex_ws/install/nav2_msgs
[15.113s] DEBUG:colcon.colcon_core.event_handler.log_command:Invoking command in '/home/agilex/agilex_ws/build/nav2_msgs': AMENT_PREFIX_PATH=/home/agilex/agilex_ws/install/nav2_common:${AMENT_PREFIX_PATH} CMAKE_PREFIX_PATH=/home/agilex/agilex_ws/install/nav2_common:/opt/ros/humble PYTHONPATH=/home/agilex/agilex_ws/install/nav2_common/local/lib/python3.10/dist-packages:${PYTHONPATH} /usr/bin/cmake --build /home/agilex/agilex_ws/build/nav2_msgs -- -j8 -l8
[15.118s] Level 1:colcon.colcon_core.environment:create_environment_scripts_only(limo_msgs)
[15.120s] Level 1:colcon.colcon_core.environment:checking '/home/agilex/agilex_ws/install/limo_msgs' for CMake module files
[15.121s] Level 1:colcon.colcon_core.environment:checking '/home/agilex/agilex_ws/install/limo_msgs' for CMake config files
[15.121s] Level 1:colcon.colcon_core.shell:create_environment_hook('limo_msgs', 'cmake_prefix_path')
[15.123s] INFO:colcon.colcon_core.shell:Creating environment hook '/home/agilex/agilex_ws/install/limo_msgs/share/limo_msgs/hook/cmake_prefix_path.ps1'
[15.123s] INFO:colcon.colcon_core.shell:Creating environment descriptor '/home/agilex/agilex_ws/install/limo_msgs/share/limo_msgs/hook/cmake_prefix_path.dsv'
[15.123s] INFO:colcon.colcon_core.shell:Creating environment hook '/home/agilex/agilex_ws/install/limo_msgs/share/limo_msgs/hook/cmake_prefix_path.sh'
[15.124s] Level 1:colcon.colcon_core.environment:checking '/home/agilex/agilex_ws/install/limo_msgs/lib'
[15.124s] Level 1:colcon.colcon_core.shell:create_environment_hook('limo_msgs', 'ld_library_path_lib')
[15.126s] INFO:colcon.colcon_core.shell:Creating environment hook '/home/agilex/agilex_ws/install/limo_msgs/share/limo_msgs/hook/ld_library_path_lib.ps1'
[15.126s] INFO:colcon.colcon_core.shell:Creating environment descriptor '/home/agilex/agilex_ws/install/limo_msgs/share/limo_msgs/hook/ld_library_path_lib.dsv'
[15.127s] INFO:colcon.colcon_core.shell:Creating environment hook '/home/agilex/agilex_ws/install/limo_msgs/share/limo_msgs/hook/ld_library_path_lib.sh'
[15.127s] Level 1:colcon.colcon_core.environment:checking '/home/agilex/agilex_ws/install/limo_msgs/bin'
[15.127s] Level 1:colcon.colcon_core.environment:checking '/home/agilex/agilex_ws/install/limo_msgs/lib/pkgconfig/limo_msgs.pc'
[15.127s] Level 1:colcon.colcon_core.environment:checking '/home/agilex/agilex_ws/install/limo_msgs/lib/python3.10/site-packages'
[15.128s] Level 1:colcon.colcon_core.environment:checking '/home/agilex/agilex_ws/install/limo_msgs/bin'
[15.129s] INFO:colcon.colcon_core.shell:Creating package script '/home/agilex/agilex_ws/install/limo_msgs/share/limo_msgs/package.ps1'
[15.130s] DEBUG:colcon.colcon_core.event_handler.log_command:Invoked command in '/home/agilex/agilex_ws/build/limo_msgs' returned '0': CMAKE_PREFIX_PATH=/opt/ros/humble /usr/bin/cmake --install /home/agilex/agilex_ws/build/limo_msgs
[15.130s] INFO:colcon.colcon_core.shell:Creating package descriptor '/home/agilex/agilex_ws/install/limo_msgs/share/limo_msgs/package.dsv'
[15.131s] INFO:colcon.colcon_core.shell:Creating package script '/home/agilex/agilex_ws/install/limo_msgs/share/limo_msgs/package.sh'
[15.131s] INFO:colcon.colcon_core.shell:Creating package script '/home/agilex/agilex_ws/install/limo_msgs/share/limo_msgs/package.bash'
[15.134s] INFO:colcon.colcon_core.shell:Creating package script '/home/agilex/agilex_ws/install/limo_msgs/share/limo_msgs/package.zsh'
[15.134s] Level 1:colcon.colcon_core.environment:create_file_with_runtime_dependencies(/home/agilex/agilex_ws/install/limo_msgs/share/colcon-core/packages/limo_msgs)
[15.275s] DEBUG:colcon.colcon_core.event_handler.log_command:Invoked command in '/home/agilex/agilex_ws/build/costmap_converter_msgs' returned '0': CMAKE_PREFIX_PATH=/opt/ros/humble /usr/bin/cmake --build /home/agilex/agilex_ws/build/costmap_converter_msgs -- -j8 -l8
[15.567s] DEBUG:colcon.colcon_core.event_handler.log_command:Invoking command in '/home/agilex/agilex_ws/build/aruco_msgs': CMAKE_PREFIX_PATH=/opt/ros/humble /usr/bin/cmake --install /home/agilex/agilex_ws/build/aruco_msgs
[15.784s] Level 1:colcon.colcon_core.environment:create_environment_scripts_only(aruco_msgs)
[15.786s] Level 1:colcon.colcon_core.environment:checking '/home/agilex/agilex_ws/install/aruco_msgs' for CMake module files
[15.787s] Level 1:colcon.colcon_core.environment:checking '/home/agilex/agilex_ws/install/aruco_msgs' for CMake config files
[15.787s] Level 1:colcon.colcon_core.shell:create_environment_hook('aruco_msgs', 'cmake_prefix_path')
[15.789s] INFO:colcon.colcon_core.shell:Creating environment hook '/home/agilex/agilex_ws/install/aruco_msgs/share/aruco_msgs/hook/cmake_prefix_path.ps1'
[15.789s] INFO:colcon.colcon_core.shell:Creating environment descriptor '/home/agilex/agilex_ws/install/aruco_msgs/share/aruco_msgs/hook/cmake_prefix_path.dsv'
[15.790s] INFO:colcon.colcon_core.shell:Creating environment hook '/home/agilex/agilex_ws/install/aruco_msgs/share/aruco_msgs/hook/cmake_prefix_path.sh'
[15.791s] DEBUG:colcon.colcon_core.event_handler.log_command:Invoked command in '/home/agilex/agilex_ws/build/aruco_msgs' returned '0': CMAKE_PREFIX_PATH=/opt/ros/humble /usr/bin/cmake --install /home/agilex/agilex_ws/build/aruco_msgs
[15.791s] Level 1:colcon.colcon_core.environment:checking '/home/agilex/agilex_ws/install/aruco_msgs/lib'
[15.791s] Level 1:colcon.colcon_core.shell:create_environment_hook('aruco_msgs', 'ld_library_path_lib')
[15.793s] INFO:colcon.colcon_core.shell:Creating environment hook '/home/agilex/agilex_ws/install/aruco_msgs/share/aruco_msgs/hook/ld_library_path_lib.ps1'
[15.795s] INFO:colcon.colcon_core.shell:Creating environment descriptor '/home/agilex/agilex_ws/install/aruco_msgs/share/aruco_msgs/hook/ld_library_path_lib.dsv'
[15.795s] INFO:colcon.colcon_core.shell:Creating environment hook '/home/agilex/agilex_ws/install/aruco_msgs/share/aruco_msgs/hook/ld_library_path_lib.sh'
[15.796s] Level 1:colcon.colcon_core.environment:checking '/home/agilex/agilex_ws/install/aruco_msgs/bin'
[15.796s] Level 1:colcon.colcon_core.environment:checking '/home/agilex/agilex_ws/install/aruco_msgs/lib/pkgconfig/aruco_msgs.pc'
[15.797s] Level 1:colcon.colcon_core.environment:checking '/home/agilex/agilex_ws/install/aruco_msgs/lib/python3.10/site-packages'
[15.797s] Level 1:colcon.colcon_core.environment:checking '/home/agilex/agilex_ws/install/aruco_msgs/bin'
[15.799s] INFO:colcon.colcon_core.shell:Creating package script '/home/agilex/agilex_ws/install/aruco_msgs/share/aruco_msgs/package.ps1'
[15.800s] INFO:colcon.colcon_core.shell:Creating package descriptor '/home/agilex/agilex_ws/install/aruco_msgs/share/aruco_msgs/package.dsv'
[15.802s] INFO:colcon.colcon_core.shell:Creating package script '/home/agilex/agilex_ws/install/aruco_msgs/share/aruco_msgs/package.sh'
[15.802s] INFO:colcon.colcon_core.shell:Creating package script '/home/agilex/agilex_ws/install/aruco_msgs/share/aruco_msgs/package.bash'
[15.803s] INFO:colcon.colcon_core.shell:Creating package script '/home/agilex/agilex_ws/install/aruco_msgs/share/aruco_msgs/package.zsh'
[15.803s] Level 1:colcon.colcon_core.environment:create_file_with_runtime_dependencies(/home/agilex/agilex_ws/install/aruco_msgs/share/colcon-core/packages/aruco_msgs)
[15.912s] Level 1:colcon.colcon_core.environment:create_environment_scripts_only(limo_msgs)
[15.914s] Level 1:colcon.colcon_core.environment:checking '/home/agilex/agilex_ws/install/limo_msgs' for CMake module files
[15.915s] Level 1:colcon.colcon_core.environment:checking '/home/agilex/agilex_ws/install/limo_msgs' for CMake config files
[15.915s] Level 1:colcon.colcon_core.shell:create_environment_hook('limo_msgs', 'cmake_prefix_path')
[15.917s] INFO:colcon.colcon_core.shell:Creating environment hook '/home/agilex/agilex_ws/install/limo_msgs/share/limo_msgs/hook/cmake_prefix_path.ps1'
[15.917s] INFO:colcon.colcon_core.shell:Creating environment descriptor '/home/agilex/agilex_ws/install/limo_msgs/share/limo_msgs/hook/cmake_prefix_path.dsv'
[15.918s] INFO:colcon.colcon_core.shell:Creating environment hook '/home/agilex/agilex_ws/install/limo_msgs/share/limo_msgs/hook/cmake_prefix_path.sh'
[15.918s] Level 1:colcon.colcon_core.environment:checking '/home/agilex/agilex_ws/install/limo_msgs/lib'
[15.918s] Level 1:colcon.colcon_core.shell:create_environment_hook('limo_msgs', 'ld_library_path_lib')
[15.920s] INFO:colcon.colcon_core.shell:Creating environment hook '/home/agilex/agilex_ws/install/limo_msgs/share/limo_msgs/hook/ld_library_path_lib.ps1'
[15.920s] INFO:colcon.colcon_core.shell:Creating environment descriptor '/home/agilex/agilex_ws/install/limo_msgs/share/limo_msgs/hook/ld_library_path_lib.dsv'
[15.921s] INFO:colcon.colcon_core.shell:Creating environment hook '/home/agilex/agilex_ws/install/limo_msgs/share/limo_msgs/hook/ld_library_path_lib.sh'
[15.921s] Level 1:colcon.colcon_core.environment:checking '/home/agilex/agilex_ws/install/limo_msgs/bin'
[15.921s] Level 1:colcon.colcon_core.environment:checking '/home/agilex/agilex_ws/install/limo_msgs/lib/pkgconfig/limo_msgs.pc'
[15.921s] Level 1:colcon.colcon_core.environment:checking '/home/agilex/agilex_ws/install/limo_msgs/lib/python3.10/site-packages'
[15.922s] Level 1:colcon.colcon_core.environment:checking '/home/agilex/agilex_ws/install/limo_msgs/bin'
[15.928s] INFO:colcon.colcon_core.shell:Creating package script '/home/agilex/agilex_ws/install/limo_msgs/share/limo_msgs/package.ps1'
[15.933s] INFO:colcon.colcon_core.shell:Creating package descriptor '/home/agilex/agilex_ws/install/limo_msgs/share/limo_msgs/package.dsv'
[15.933s] INFO:colcon.colcon_core.shell:Creating package script '/home/agilex/agilex_ws/install/limo_msgs/share/limo_msgs/package.sh'
[15.934s] INFO:colcon.colcon_core.shell:Creating package script '/home/agilex/agilex_ws/install/limo_msgs/share/limo_msgs/package.bash'
[15.934s] INFO:colcon.colcon_core.shell:Creating package script '/home/agilex/agilex_ws/install/limo_msgs/share/limo_msgs/package.zsh'
[15.935s] Level 1:colcon.colcon_core.environment:create_file_with_runtime_dependencies(/home/agilex/agilex_ws/install/limo_msgs/share/colcon-core/packages/limo_msgs)
[15.938s] INFO:colcon.colcon_ros.task.ament_cmake.build:Building ROS package in '/home/agilex/agilex_ws/src/navigation2/nav2_voxel_grid' with build type 'ament_cmake'
[15.938s] INFO:colcon.colcon_cmake.task.cmake.build:Building CMake package in '/home/agilex/agilex_ws/src/navigation2/nav2_voxel_grid'
[15.939s] INFO:colcon.colcon_core.shell:Skip shell extension 'powershell' for command environment: Not usable outside of PowerShell
[15.939s] DEBUG:colcon.colcon_core.shell:Skip shell extension 'dsv' for command environment
[15.991s] DEBUG:colcon.colcon_core.event_handler.log_command:Invoking command in '/home/agilex/agilex_ws/build/costmap_converter_msgs': CMAKE_PREFIX_PATH=/opt/ros/humble /usr/bin/cmake --install /home/agilex/agilex_ws/build/costmap_converter_msgs
[16.053s] DEBUG:colcon.colcon_core.event_handler.log_command:Invoking command in '/home/agilex/agilex_ws/build/nav2_voxel_grid': AMENT_PREFIX_PATH=/home/agilex/agilex_ws/install/nav2_common:${AMENT_PREFIX_PATH} CMAKE_PREFIX_PATH=/home/agilex/agilex_ws/install/nav2_common:/opt/ros/humble PYTHONPATH=/home/agilex/agilex_ws/install/nav2_common/local/lib/python3.10/dist-packages:${PYTHONPATH} /usr/bin/cmake /home/agilex/agilex_ws/src/navigation2/nav2_voxel_grid -DCMAKE_INSTALL_PREFIX=/home/agilex/agilex_ws/install/nav2_voxel_grid
[16.287s] Level 1:colcon.colcon_core.environment:create_environment_scripts_only(costmap_converter_msgs)
[16.289s] Level 1:colcon.colcon_core.environment:checking '/home/agilex/agilex_ws/install/costmap_converter_msgs' for CMake module files
[16.290s] Level 1:colcon.colcon_core.environment:checking '/home/agilex/agilex_ws/install/costmap_converter_msgs' for CMake config files
[16.290s] Level 1:colcon.colcon_core.shell:create_environment_hook('costmap_converter_msgs', 'cmake_prefix_path')
[16.292s] INFO:colcon.colcon_core.shell:Creating environment hook '/home/agilex/agilex_ws/install/costmap_converter_msgs/share/costmap_converter_msgs/hook/cmake_prefix_path.ps1'
[16.292s] INFO:colcon.colcon_core.shell:Creating environment descriptor '/home/agilex/agilex_ws/install/costmap_converter_msgs/share/costmap_converter_msgs/hook/cmake_prefix_path.dsv'
[16.292s] INFO:colcon.colcon_core.shell:Creating environment hook '/home/agilex/agilex_ws/install/costmap_converter_msgs/share/costmap_converter_msgs/hook/cmake_prefix_path.sh'
[16.293s] Level 1:colcon.colcon_core.environment:checking '/home/agilex/agilex_ws/install/costmap_converter_msgs/lib'
[16.293s] Level 1:colcon.colcon_core.shell:create_environment_hook('costmap_converter_msgs', 'ld_library_path_lib')
[16.295s] INFO:colcon.colcon_core.shell:Creating environment hook '/home/agilex/agilex_ws/install/costmap_converter_msgs/share/costmap_converter_msgs/hook/ld_library_path_lib.ps1'
[16.295s] INFO:colcon.colcon_core.shell:Creating environment descriptor '/home/agilex/agilex_ws/install/costmap_converter_msgs/share/costmap_converter_msgs/hook/ld_library_path_lib.dsv'
[16.295s] INFO:colcon.colcon_core.shell:Creating environment hook '/home/agilex/agilex_ws/install/costmap_converter_msgs/share/costmap_converter_msgs/hook/ld_library_path_lib.sh'
[16.296s] DEBUG:colcon.colcon_core.event_handler.log_command:Invoked command in '/home/agilex/agilex_ws/build/costmap_converter_msgs' returned '0': CMAKE_PREFIX_PATH=/opt/ros/humble /usr/bin/cmake --install /home/agilex/agilex_ws/build/costmap_converter_msgs
[16.296s] Level 1:colcon.colcon_core.environment:checking '/home/agilex/agilex_ws/install/costmap_converter_msgs/bin'
[16.297s] Level 1:colcon.colcon_core.environment:checking '/home/agilex/agilex_ws/install/costmap_converter_msgs/lib/pkgconfig/costmap_converter_msgs.pc'
[16.297s] Level 1:colcon.colcon_core.environment:checking '/home/agilex/agilex_ws/install/costmap_converter_msgs/lib/python3.10/site-packages'
[16.297s] Level 1:colcon.colcon_core.environment:checking '/home/agilex/agilex_ws/install/costmap_converter_msgs/bin'
[16.299s] INFO:colcon.colcon_core.shell:Creating package script '/home/agilex/agilex_ws/install/costmap_converter_msgs/share/costmap_converter_msgs/package.ps1'
[16.299s] INFO:colcon.colcon_core.shell:Creating package descriptor '/home/agilex/agilex_ws/install/costmap_converter_msgs/share/costmap_converter_msgs/package.dsv'
[16.300s] INFO:colcon.colcon_core.shell:Creating package script '/home/agilex/agilex_ws/install/costmap_converter_msgs/share/costmap_converter_msgs/package.sh'
[16.300s] INFO:colcon.colcon_core.shell:Creating package script '/home/agilex/agilex_ws/install/costmap_converter_msgs/share/costmap_converter_msgs/package.bash'
[16.300s] INFO:colcon.colcon_core.shell:Creating package script '/home/agilex/agilex_ws/install/costmap_converter_msgs/share/costmap_converter_msgs/package.zsh'
[16.301s] Level 1:colcon.colcon_core.environment:create_file_with_runtime_dependencies(/home/agilex/agilex_ws/install/costmap_converter_msgs/share/colcon-core/packages/costmap_converter_msgs)
[16.587s] Level 1:colcon.colcon_core.environment:create_environment_scripts_only(aruco_msgs)
[16.592s] Level 1:colcon.colcon_core.environment:checking '/home/agilex/agilex_ws/install/aruco_msgs' for CMake module files
[16.593s] Level 1:colcon.colcon_core.environment:checking '/home/agilex/agilex_ws/install/aruco_msgs' for CMake config files
[16.593s] Level 1:colcon.colcon_core.shell:create_environment_hook('aruco_msgs', 'cmake_prefix_path')
[16.595s] INFO:colcon.colcon_core.shell:Creating environment hook '/home/agilex/agilex_ws/install/aruco_msgs/share/aruco_msgs/hook/cmake_prefix_path.ps1'
[16.595s] INFO:colcon.colcon_core.shell:Creating environment descriptor '/home/agilex/agilex_ws/install/aruco_msgs/share/aruco_msgs/hook/cmake_prefix_path.dsv'
[16.595s] INFO:colcon.colcon_core.shell:Creating environment hook '/home/agilex/agilex_ws/install/aruco_msgs/share/aruco_msgs/hook/cmake_prefix_path.sh'
[16.596s] Level 1:colcon.colcon_core.environment:checking '/home/agilex/agilex_ws/install/aruco_msgs/lib'
[16.596s] Level 1:colcon.colcon_core.shell:create_environment_hook('aruco_msgs', 'ld_library_path_lib')
[16.597s] INFO:colcon.colcon_core.shell:Creating environment hook '/home/agilex/agilex_ws/install/aruco_msgs/share/aruco_msgs/hook/ld_library_path_lib.ps1'
[16.598s] INFO:colcon.colcon_core.shell:Creating environment descriptor '/home/agilex/agilex_ws/install/aruco_msgs/share/aruco_msgs/hook/ld_library_path_lib.dsv'
[16.598s] INFO:colcon.colcon_core.shell:Creating environment hook '/home/agilex/agilex_ws/install/aruco_msgs/share/aruco_msgs/hook/ld_library_path_lib.sh'
[16.599s] Level 1:colcon.colcon_core.environment:checking '/home/agilex/agilex_ws/install/aruco_msgs/bin'
[16.599s] Level 1:colcon.colcon_core.environment:checking '/home/agilex/agilex_ws/install/aruco_msgs/lib/pkgconfig/aruco_msgs.pc'
[16.599s] Level 1:colcon.colcon_core.environment:checking '/home/agilex/agilex_ws/install/aruco_msgs/lib/python3.10/site-packages'
[16.599s] Level 1:colcon.colcon_core.environment:checking '/home/agilex/agilex_ws/install/aruco_msgs/bin'
[16.601s] INFO:colcon.colcon_core.shell:Creating package script '/home/agilex/agilex_ws/install/aruco_msgs/share/aruco_msgs/package.ps1'
[16.602s] INFO:colcon.colcon_core.shell:Creating package descriptor '/home/agilex/agilex_ws/install/aruco_msgs/share/aruco_msgs/package.dsv'
[16.603s] INFO:colcon.colcon_core.shell:Creating package script '/home/agilex/agilex_ws/install/aruco_msgs/share/aruco_msgs/package.sh'
[16.603s] INFO:colcon.colcon_core.shell:Creating package script '/home/agilex/agilex_ws/install/aruco_msgs/share/aruco_msgs/package.bash'
[16.604s] INFO:colcon.colcon_core.shell:Creating package script '/home/agilex/agilex_ws/install/aruco_msgs/share/aruco_msgs/package.zsh'
[16.604s] Level 1:colcon.colcon_core.environment:create_file_with_runtime_dependencies(/home/agilex/agilex_ws/install/aruco_msgs/share/colcon-core/packages/aruco_msgs)
[16.606s] INFO:colcon.colcon_cmake.task.cmake.build:Building CMake package in '/home/agilex/agilex_ws/src/ros2_astra_camera/glog-0.6.0'
[16.609s] INFO:colcon.colcon_core.shell:Skip shell extension 'powershell' for command environment: Not usable outside of PowerShell
[16.609s] DEBUG:colcon.colcon_core.shell:Skip shell extension 'dsv' for command environment
[16.665s] DEBUG:colcon.colcon_core.event_handler.log_command:Invoking command in '/home/agilex/agilex_ws/build/glog': /usr/bin/cmake /home/agilex/agilex_ws/src/ros2_astra_camera/glog-0.6.0 -DCMAKE_INSTALL_PREFIX=/home/agilex/agilex_ws/install/glog
[16.917s] Level 1:colcon.colcon_core.environment:create_environment_scripts_only(costmap_converter_msgs)
[16.919s] Level 1:colcon.colcon_core.environment:checking '/home/agilex/agilex_ws/install/costmap_converter_msgs' for CMake module files
[16.920s] Level 1:colcon.colcon_core.environment:checking '/home/agilex/agilex_ws/install/costmap_converter_msgs' for CMake config files
[16.920s] Level 1:colcon.colcon_core.shell:create_environment_hook('costmap_converter_msgs', 'cmake_prefix_path')
[16.922s] INFO:colcon.colcon_core.shell:Creating environment hook '/home/agilex/agilex_ws/install/costmap_converter_msgs/share/costmap_converter_msgs/hook/cmake_prefix_path.ps1'
[16.923s] INFO:colcon.colcon_core.shell:Creating environment descriptor '/home/agilex/agilex_ws/install/costmap_converter_msgs/share/costmap_converter_msgs/hook/cmake_prefix_path.dsv'
[16.923s] INFO:colcon.colcon_core.shell:Creating environment hook '/home/agilex/agilex_ws/install/costmap_converter_msgs/share/costmap_converter_msgs/hook/cmake_prefix_path.sh'
[16.924s] Level 1:colcon.colcon_core.environment:checking '/home/agilex/agilex_ws/install/costmap_converter_msgs/lib'
[16.924s] Level 1:colcon.colcon_core.shell:create_environment_hook('costmap_converter_msgs', 'ld_library_path_lib')
[16.925s] INFO:colcon.colcon_core.shell:Creating environment hook '/home/agilex/agilex_ws/install/costmap_converter_msgs/share/costmap_converter_msgs/hook/ld_library_path_lib.ps1'
[16.926s] INFO:colcon.colcon_core.shell:Creating environment descriptor '/home/agilex/agilex_ws/install/costmap_converter_msgs/share/costmap_converter_msgs/hook/ld_library_path_lib.dsv'
[16.926s] INFO:colcon.colcon_core.shell:Creating environment hook '/home/agilex/agilex_ws/install/costmap_converter_msgs/share/costmap_converter_msgs/hook/ld_library_path_lib.sh'
[16.927s] Level 1:colcon.colcon_core.environment:checking '/home/agilex/agilex_ws/install/costmap_converter_msgs/bin'
[16.927s] Level 1:colcon.colcon_core.environment:checking '/home/agilex/agilex_ws/install/costmap_converter_msgs/lib/pkgconfig/costmap_converter_msgs.pc'
[16.927s] Level 1:colcon.colcon_core.environment:checking '/home/agilex/agilex_ws/install/costmap_converter_msgs/lib/python3.10/site-packages'
[16.927s] Level 1:colcon.colcon_core.environment:checking '/home/agilex/agilex_ws/install/costmap_converter_msgs/bin'
[16.929s] INFO:colcon.colcon_core.shell:Creating package script '/home/agilex/agilex_ws/install/costmap_converter_msgs/share/costmap_converter_msgs/package.ps1'
[16.944s] INFO:colcon.colcon_core.shell:Creating package descriptor '/home/agilex/agilex_ws/install/costmap_converter_msgs/share/costmap_converter_msgs/package.dsv'
[16.946s] INFO:colcon.colcon_core.shell:Creating package script '/home/agilex/agilex_ws/install/costmap_converter_msgs/share/costmap_converter_msgs/package.sh'
[16.946s] INFO:colcon.colcon_core.shell:Creating package script '/home/agilex/agilex_ws/install/costmap_converter_msgs/share/costmap_converter_msgs/package.bash'
[16.946s] INFO:colcon.colcon_core.shell:Creating package script '/home/agilex/agilex_ws/install/costmap_converter_msgs/share/costmap_converter_msgs/package.zsh'
[16.952s] Level 1:colcon.colcon_core.environment:create_file_with_runtime_dependencies(/home/agilex/agilex_ws/install/costmap_converter_msgs/share/colcon-core/packages/costmap_converter_msgs)
[16.952s] INFO:colcon.colcon_ros.task.ament_cmake.build:Building ROS package in '/home/agilex/agilex_ws/src/teb_local_planner/teb_msgs' with build type 'ament_cmake'
[16.953s] INFO:colcon.colcon_cmake.task.cmake.build:Building CMake package in '/home/agilex/agilex_ws/src/teb_local_planner/teb_msgs'
[16.964s] INFO:colcon.colcon_core.shell:Skip shell extension 'powershell' for command environment: Not usable outside of PowerShell
[16.964s] DEBUG:colcon.colcon_core.shell:Skip shell extension 'dsv' for command environment
[17.057s] DEBUG:colcon.colcon_core.event_handler.log_command:Invoking command in '/home/agilex/agilex_ws/build/teb_msgs': AMENT_PREFIX_PATH=/home/agilex/agilex_ws/install/costmap_converter_msgs:${AMENT_PREFIX_PATH} CMAKE_PREFIX_PATH=/home/agilex/agilex_ws/install/costmap_converter_msgs:/opt/ros/humble LD_LIBRARY_PATH=/home/agilex/agilex_ws/install/costmap_converter_msgs/lib:${LD_LIBRARY_PATH} PYTHONPATH=/home/agilex/agilex_ws/install/costmap_converter_msgs/local/lib/python3.10/dist-packages:${PYTHONPATH} /usr/bin/cmake /home/agilex/agilex_ws/src/teb_local_planner/teb_msgs -DCMAKE_INSTALL_PREFIX=/home/agilex/agilex_ws/install/teb_msgs
[18.789s] DEBUG:colcon.colcon_core.event_handler.log_command:Invoked command in '/home/agilex/agilex_ws/build/nav2_voxel_grid' returned '0': AMENT_PREFIX_PATH=/home/agilex/agilex_ws/install/nav2_common:${AMENT_PREFIX_PATH} CMAKE_PREFIX_PATH=/home/agilex/agilex_ws/install/nav2_common:/opt/ros/humble PYTHONPATH=/home/agilex/agilex_ws/install/nav2_common/local/lib/python3.10/dist-packages:${PYTHONPATH} /usr/bin/cmake /home/agilex/agilex_ws/src/navigation2/nav2_voxel_grid -DCMAKE_INSTALL_PREFIX=/home/agilex/agilex_ws/install/nav2_voxel_grid
[18.789s] DEBUG:colcon.colcon_core.event_handler.log_command:Invoking command in '/home/agilex/agilex_ws/build/nav2_voxel_grid': AMENT_PREFIX_PATH=/home/agilex/agilex_ws/install/nav2_common:${AMENT_PREFIX_PATH} CMAKE_PREFIX_PATH=/home/agilex/agilex_ws/install/nav2_common:/opt/ros/humble PYTHONPATH=/home/agilex/agilex_ws/install/nav2_common/local/lib/python3.10/dist-packages:${PYTHONPATH} /usr/bin/cmake --build /home/agilex/agilex_ws/build/nav2_voxel_grid -- -j8 -l8
[19.690s] DEBUG:colcon.colcon_core.event_handler.log_command:Invoked command in '/home/agilex/agilex_ws/build/nav_2d_msgs' returned '0': CMAKE_PREFIX_PATH=/opt/ros/humble /usr/bin/cmake --build /home/agilex/agilex_ws/build/nav_2d_msgs -- -j8 -l8
[19.798s] DEBUG:colcon.colcon_core.event_handler.log_command:Invoked command in '/home/agilex/agilex_ws/build/aruco' returned '0': CMAKE_PREFIX_PATH=/opt/ros/humble /usr/bin/cmake --build /home/agilex/agilex_ws/build/aruco -- -j8 -l8
[19.880s] DEBUG:colcon.colcon_core.event_handler.log_command:Invoking command in '/home/agilex/agilex_ws/build/aruco': CMAKE_PREFIX_PATH=/opt/ros/humble /usr/bin/cmake --install /home/agilex/agilex_ws/build/aruco
[19.921s] DEBUG:colcon.colcon_core.event_handler.log_command:Invoking command in '/home/agilex/agilex_ws/build/nav_2d_msgs': CMAKE_PREFIX_PATH=/opt/ros/humble /usr/bin/cmake --install /home/agilex/agilex_ws/build/nav_2d_msgs
[20.121s] DEBUG:colcon.colcon_core.event_handler.log_command:Invoked command in '/home/agilex/agilex_ws/build/teb_msgs' returned '0': AMENT_PREFIX_PATH=/home/agilex/agilex_ws/install/costmap_converter_msgs:${AMENT_PREFIX_PATH} CMAKE_PREFIX_PATH=/home/agilex/agilex_ws/install/costmap_converter_msgs:/opt/ros/humble LD_LIBRARY_PATH=/home/agilex/agilex_ws/install/costmap_converter_msgs/lib:${LD_LIBRARY_PATH} PYTHONPATH=/home/agilex/agilex_ws/install/costmap_converter_msgs/local/lib/python3.10/dist-packages:${PYTHONPATH} /usr/bin/cmake /home/agilex/agilex_ws/src/teb_local_planner/teb_msgs -DCMAKE_INSTALL_PREFIX=/home/agilex/agilex_ws/install/teb_msgs
[20.121s] DEBUG:colcon.colcon_core.event_handler.log_command:Invoking command in '/home/agilex/agilex_ws/build/teb_msgs': AMENT_PREFIX_PATH=/home/agilex/agilex_ws/install/costmap_converter_msgs:${AMENT_PREFIX_PATH} CMAKE_PREFIX_PATH=/home/agilex/agilex_ws/install/costmap_converter_msgs:/opt/ros/humble LD_LIBRARY_PATH=/home/agilex/agilex_ws/install/costmap_converter_msgs/lib:${LD_LIBRARY_PATH} PYTHONPATH=/home/agilex/agilex_ws/install/costmap_converter_msgs/local/lib/python3.10/dist-packages:${PYTHONPATH} /usr/bin/cmake --build /home/agilex/agilex_ws/build/teb_msgs -- -j8 -l8
[20.136s] Level 1:colcon.colcon_core.environment:create_environment_scripts_only(aruco)
[20.139s] Level 1:colcon.colcon_core.environment:checking '/home/agilex/agilex_ws/install/aruco' for CMake module files
[20.139s] Level 1:colcon.colcon_core.environment:checking '/home/agilex/agilex_ws/install/aruco' for CMake config files
[20.139s] Level 1:colcon.colcon_core.shell:create_environment_hook('aruco', 'cmake_prefix_path')
[20.141s] INFO:colcon.colcon_core.shell:Creating environment hook '/home/agilex/agilex_ws/install/aruco/share/aruco/hook/cmake_prefix_path.ps1'
[20.141s] INFO:colcon.colcon_core.shell:Creating environment descriptor '/home/agilex/agilex_ws/install/aruco/share/aruco/hook/cmake_prefix_path.dsv'
[20.141s] INFO:colcon.colcon_core.shell:Creating environment hook '/home/agilex/agilex_ws/install/aruco/share/aruco/hook/cmake_prefix_path.sh'
[20.142s] Level 1:colcon.colcon_core.environment:checking '/home/agilex/agilex_ws/install/aruco/lib'
[20.142s] Level 1:colcon.colcon_core.shell:create_environment_hook('aruco', 'ld_library_path_lib')
[20.143s] INFO:colcon.colcon_core.shell:Creating environment hook '/home/agilex/agilex_ws/install/aruco/share/aruco/hook/ld_library_path_lib.ps1'
[20.143s] INFO:colcon.colcon_core.shell:Creating environment descriptor '/home/agilex/agilex_ws/install/aruco/share/aruco/hook/ld_library_path_lib.dsv'
[20.144s] INFO:colcon.colcon_core.shell:Creating environment hook '/home/agilex/agilex_ws/install/aruco/share/aruco/hook/ld_library_path_lib.sh'
[20.144s] Level 1:colcon.colcon_core.environment:checking '/home/agilex/agilex_ws/install/aruco/bin'
[20.144s] Level 1:colcon.colcon_core.environment:checking '/home/agilex/agilex_ws/install/aruco/lib/pkgconfig/aruco.pc'
[20.144s] Level 1:colcon.colcon_core.environment:checking '/home/agilex/agilex_ws/install/aruco/lib/python3.10/site-packages'
[20.145s] Level 1:colcon.colcon_core.environment:checking '/home/agilex/agilex_ws/install/aruco/bin'
[20.146s] INFO:colcon.colcon_core.shell:Creating package script '/home/agilex/agilex_ws/install/aruco/share/aruco/package.ps1'
[20.147s] DEBUG:colcon.colcon_core.event_handler.log_command:Invoked command in '/home/agilex/agilex_ws/build/aruco' returned '0': CMAKE_PREFIX_PATH=/opt/ros/humble /usr/bin/cmake --install /home/agilex/agilex_ws/build/aruco
[20.147s] INFO:colcon.colcon_core.shell:Creating package descriptor '/home/agilex/agilex_ws/install/aruco/share/aruco/package.dsv'
[20.148s] INFO:colcon.colcon_core.shell:Creating package script '/home/agilex/agilex_ws/install/aruco/share/aruco/package.sh'
[20.148s] INFO:colcon.colcon_core.shell:Creating package script '/home/agilex/agilex_ws/install/aruco/share/aruco/package.bash'
[20.149s] INFO:colcon.colcon_core.shell:Creating package script '/home/agilex/agilex_ws/install/aruco/share/aruco/package.zsh'
[20.149s] Level 1:colcon.colcon_core.environment:create_file_with_runtime_dependencies(/home/agilex/agilex_ws/install/aruco/share/colcon-core/packages/aruco)
[20.192s] Level 1:colcon.colcon_core.environment:create_environment_scripts_only(nav_2d_msgs)
[20.194s] Level 1:colcon.colcon_core.environment:checking '/home/agilex/agilex_ws/install/nav_2d_msgs' for CMake module files
[20.194s] Level 1:colcon.colcon_core.environment:checking '/home/agilex/agilex_ws/install/nav_2d_msgs' for CMake config files
[20.195s] DEBUG:colcon.colcon_core.event_handler.log_command:Invoked command in '/home/agilex/agilex_ws/build/nav_2d_msgs' returned '0': CMAKE_PREFIX_PATH=/opt/ros/humble /usr/bin/cmake --install /home/agilex/agilex_ws/build/nav_2d_msgs
[20.195s] Level 1:colcon.colcon_core.shell:create_environment_hook('nav_2d_msgs', 'cmake_prefix_path')
[20.196s] INFO:colcon.colcon_core.shell:Creating environment hook '/home/agilex/agilex_ws/install/nav_2d_msgs/share/nav_2d_msgs/hook/cmake_prefix_path.ps1'
[20.197s] INFO:colcon.colcon_core.shell:Creating environment descriptor '/home/agilex/agilex_ws/install/nav_2d_msgs/share/nav_2d_msgs/hook/cmake_prefix_path.dsv'
[20.197s] INFO:colcon.colcon_core.shell:Creating environment hook '/home/agilex/agilex_ws/install/nav_2d_msgs/share/nav_2d_msgs/hook/cmake_prefix_path.sh'
[20.197s] Level 1:colcon.colcon_core.environment:checking '/home/agilex/agilex_ws/install/nav_2d_msgs/lib'
[20.198s] Level 1:colcon.colcon_core.shell:create_environment_hook('nav_2d_msgs', 'ld_library_path_lib')
[20.199s] INFO:colcon.colcon_core.shell:Creating environment hook '/home/agilex/agilex_ws/install/nav_2d_msgs/share/nav_2d_msgs/hook/ld_library_path_lib.ps1'
[20.199s] INFO:colcon.colcon_core.shell:Creating environment descriptor '/home/agilex/agilex_ws/install/nav_2d_msgs/share/nav_2d_msgs/hook/ld_library_path_lib.dsv'
[20.200s] INFO:colcon.colcon_core.shell:Creating environment hook '/home/agilex/agilex_ws/install/nav_2d_msgs/share/nav_2d_msgs/hook/ld_library_path_lib.sh'
[20.200s] Level 1:colcon.colcon_core.environment:checking '/home/agilex/agilex_ws/install/nav_2d_msgs/bin'
[20.200s] Level 1:colcon.colcon_core.environment:checking '/home/agilex/agilex_ws/install/nav_2d_msgs/lib/pkgconfig/nav_2d_msgs.pc'
[20.201s] Level 1:colcon.colcon_core.environment:checking '/home/agilex/agilex_ws/install/nav_2d_msgs/lib/python3.10/site-packages'
[20.201s] Level 1:colcon.colcon_core.environment:checking '/home/agilex/agilex_ws/install/nav_2d_msgs/bin'
[20.203s] INFO:colcon.colcon_core.shell:Creating package script '/home/agilex/agilex_ws/install/nav_2d_msgs/share/nav_2d_msgs/package.ps1'
[20.203s] INFO:colcon.colcon_core.shell:Creating package descriptor '/home/agilex/agilex_ws/install/nav_2d_msgs/share/nav_2d_msgs/package.dsv'
[20.203s] INFO:colcon.colcon_core.shell:Creating package script '/home/agilex/agilex_ws/install/nav_2d_msgs/share/nav_2d_msgs/package.sh'
[20.204s] INFO:colcon.colcon_core.shell:Creating package script '/home/agilex/agilex_ws/install/nav_2d_msgs/share/nav_2d_msgs/package.bash'
[20.204s] INFO:colcon.colcon_core.shell:Creating package script '/home/agilex/agilex_ws/install/nav_2d_msgs/share/nav_2d_msgs/package.zsh'
[20.204s] Level 1:colcon.colcon_core.environment:create_file_with_runtime_dependencies(/home/agilex/agilex_ws/install/nav_2d_msgs/share/colcon-core/packages/nav_2d_msgs)
[20.215s] Level 1:colcon.colcon_core.environment:create_environment_scripts_only(aruco)
[20.218s] Level 1:colcon.colcon_core.environment:checking '/home/agilex/agilex_ws/install/aruco' for CMake module files
[20.218s] Level 1:colcon.colcon_core.environment:checking '/home/agilex/agilex_ws/install/aruco' for CMake config files
[20.219s] Level 1:colcon.colcon_core.shell:create_environment_hook('aruco', 'cmake_prefix_path')
[20.220s] INFO:colcon.colcon_core.shell:Creating environment hook '/home/agilex/agilex_ws/install/aruco/share/aruco/hook/cmake_prefix_path.ps1'
[20.221s] INFO:colcon.colcon_core.shell:Creating environment descriptor '/home/agilex/agilex_ws/install/aruco/share/aruco/hook/cmake_prefix_path.dsv'
[20.221s] INFO:colcon.colcon_core.shell:Creating environment hook '/home/agilex/agilex_ws/install/aruco/share/aruco/hook/cmake_prefix_path.sh'
[20.222s] Level 1:colcon.colcon_core.environment:checking '/home/agilex/agilex_ws/install/aruco/lib'
[20.222s] Level 1:colcon.colcon_core.shell:create_environment_hook('aruco', 'ld_library_path_lib')
[20.224s] INFO:colcon.colcon_core.shell:Creating environment hook '/home/agilex/agilex_ws/install/aruco/share/aruco/hook/ld_library_path_lib.ps1'
[20.225s] INFO:colcon.colcon_core.shell:Creating environment descriptor '/home/agilex/agilex_ws/install/aruco/share/aruco/hook/ld_library_path_lib.dsv'
[20.225s] INFO:colcon.colcon_core.shell:Creating environment hook '/home/agilex/agilex_ws/install/aruco/share/aruco/hook/ld_library_path_lib.sh'
[20.227s] Level 1:colcon.colcon_core.environment:checking '/home/agilex/agilex_ws/install/aruco/bin'
[20.227s] Level 1:colcon.colcon_core.environment:checking '/home/agilex/agilex_ws/install/aruco/lib/pkgconfig/aruco.pc'
[20.227s] Level 1:colcon.colcon_core.environment:checking '/home/agilex/agilex_ws/install/aruco/lib/python3.10/site-packages'
[20.227s] Level 1:colcon.colcon_core.environment:checking '/home/agilex/agilex_ws/install/aruco/bin'
[20.229s] INFO:colcon.colcon_core.shell:Creating package script '/home/agilex/agilex_ws/install/aruco/share/aruco/package.ps1'
[20.230s] INFO:colcon.colcon_core.shell:Creating package descriptor '/home/agilex/agilex_ws/install/aruco/share/aruco/package.dsv'
[20.230s] INFO:colcon.colcon_core.shell:Creating package script '/home/agilex/agilex_ws/install/aruco/share/aruco/package.sh'
[20.231s] INFO:colcon.colcon_core.shell:Creating package script '/home/agilex/agilex_ws/install/aruco/share/aruco/package.bash'
[20.231s] INFO:colcon.colcon_core.shell:Creating package script '/home/agilex/agilex_ws/install/aruco/share/aruco/package.zsh'
[20.232s] Level 1:colcon.colcon_core.environment:create_file_with_runtime_dependencies(/home/agilex/agilex_ws/install/aruco/share/colcon-core/packages/aruco)
[20.234s] INFO:colcon.colcon_cmake.task.cmake.build:Building CMake package in '/home/agilex/agilex_ws/src/ros2_astra_camera/libuvc'
[20.239s] INFO:colcon.colcon_core.shell:Skip shell extension 'powershell' for command environment: Not usable outside of PowerShell
[20.239s] DEBUG:colcon.colcon_core.shell:Skip shell extension 'dsv' for command environment
[20.248s] DEBUG:colcon.colcon_core.event_handler.log_command:Invoking command in '/home/agilex/agilex_ws/build/libuvc': /usr/bin/cmake /home/agilex/agilex_ws/src/ros2_astra_camera/libuvc -DCMAKE_INSTALL_PREFIX=/home/agilex/agilex_ws/install/libuvc
[20.444s] Level 1:colcon.colcon_core.environment:create_environment_scripts_only(nav_2d_msgs)
[20.446s] Level 1:colcon.colcon_core.environment:checking '/home/agilex/agilex_ws/install/nav_2d_msgs' for CMake module files
[20.447s] Level 1:colcon.colcon_core.environment:checking '/home/agilex/agilex_ws/install/nav_2d_msgs' for CMake config files
[20.447s] Level 1:colcon.colcon_core.shell:create_environment_hook('nav_2d_msgs', 'cmake_prefix_path')
[20.449s] INFO:colcon.colcon_core.shell:Creating environment hook '/home/agilex/agilex_ws/install/nav_2d_msgs/share/nav_2d_msgs/hook/cmake_prefix_path.ps1'
[20.449s] INFO:colcon.colcon_core.shell:Creating environment descriptor '/home/agilex/agilex_ws/install/nav_2d_msgs/share/nav_2d_msgs/hook/cmake_prefix_path.dsv'
[20.449s] INFO:colcon.colcon_core.shell:Creating environment hook '/home/agilex/agilex_ws/install/nav_2d_msgs/share/nav_2d_msgs/hook/cmake_prefix_path.sh'
[20.450s] Level 1:colcon.colcon_core.environment:checking '/home/agilex/agilex_ws/install/nav_2d_msgs/lib'
[20.450s] Level 1:colcon.colcon_core.shell:create_environment_hook('nav_2d_msgs', 'ld_library_path_lib')
[20.452s] INFO:colcon.colcon_core.shell:Creating environment hook '/home/agilex/agilex_ws/install/nav_2d_msgs/share/nav_2d_msgs/hook/ld_library_path_lib.ps1'
[20.452s] INFO:colcon.colcon_core.shell:Creating environment descriptor '/home/agilex/agilex_ws/install/nav_2d_msgs/share/nav_2d_msgs/hook/ld_library_path_lib.dsv'
[20.453s] INFO:colcon.colcon_core.shell:Creating environment hook '/home/agilex/agilex_ws/install/nav_2d_msgs/share/nav_2d_msgs/hook/ld_library_path_lib.sh'
[20.453s] Level 1:colcon.colcon_core.environment:checking '/home/agilex/agilex_ws/install/nav_2d_msgs/bin'
[20.453s] Level 1:colcon.colcon_core.environment:checking '/home/agilex/agilex_ws/install/nav_2d_msgs/lib/pkgconfig/nav_2d_msgs.pc'
[20.453s] Level 1:colcon.colcon_core.environment:checking '/home/agilex/agilex_ws/install/nav_2d_msgs/lib/python3.10/site-packages'
[20.454s] Level 1:colcon.colcon_core.environment:checking '/home/agilex/agilex_ws/install/nav_2d_msgs/bin'
[20.457s] INFO:colcon.colcon_core.shell:Creating package script '/home/agilex/agilex_ws/install/nav_2d_msgs/share/nav_2d_msgs/package.ps1'
[20.458s] INFO:colcon.colcon_core.shell:Creating package descriptor '/home/agilex/agilex_ws/install/nav_2d_msgs/share/nav_2d_msgs/package.dsv'
[20.460s] INFO:colcon.colcon_core.shell:Creating package script '/home/agilex/agilex_ws/install/nav_2d_msgs/share/nav_2d_msgs/package.sh'
[20.461s] INFO:colcon.colcon_core.shell:Creating package script '/home/agilex/agilex_ws/install/nav_2d_msgs/share/nav_2d_msgs/package.bash'
[20.462s] INFO:colcon.colcon_core.shell:Creating package script '/home/agilex/agilex_ws/install/nav_2d_msgs/share/nav_2d_msgs/package.zsh'
[20.462s] Level 1:colcon.colcon_core.environment:create_file_with_runtime_dependencies(/home/agilex/agilex_ws/install/nav_2d_msgs/share/colcon-core/packages/nav_2d_msgs)
[20.463s] INFO:colcon.colcon_ros.task.ament_cmake.build:Building ROS package in '/home/agilex/agilex_ws/src/navigation2/nav2_dwb_controller/dwb_msgs' with build type 'ament_cmake'
[20.463s] INFO:colcon.colcon_cmake.task.cmake.build:Building CMake package in '/home/agilex/agilex_ws/src/navigation2/nav2_dwb_controller/dwb_msgs'
[20.465s] INFO:colcon.colcon_core.shell:Skip shell extension 'powershell' for command environment: Not usable outside of PowerShell
[20.465s] DEBUG:colcon.colcon_core.shell:Skip shell extension 'dsv' for command environment
[20.486s] DEBUG:colcon.colcon_core.event_handler.log_command:Invoking command in '/home/agilex/agilex_ws/build/dwb_msgs': AMENT_PREFIX_PATH=/home/agilex/agilex_ws/install/nav_2d_msgs:${AMENT_PREFIX_PATH} CMAKE_PREFIX_PATH=/home/agilex/agilex_ws/install/nav_2d_msgs:/opt/ros/humble LD_LIBRARY_PATH=/home/agilex/agilex_ws/install/nav_2d_msgs/lib:${LD_LIBRARY_PATH} PYTHONPATH=/home/agilex/agilex_ws/install/nav_2d_msgs/local/lib/python3.10/dist-packages:${PYTHONPATH} /usr/bin/cmake /home/agilex/agilex_ws/src/navigation2/nav2_dwb_controller/dwb_msgs -DCMAKE_INSTALL_PREFIX=/home/agilex/agilex_ws/install/dwb_msgs
[22.252s] DEBUG:colcon.colcon_core.event_handler.log_command:Invoked command in '/home/agilex/agilex_ws/build/astra_camera_msgs' returned '0': CMAKE_PREFIX_PATH=/opt/ros/humble /usr/bin/cmake --build /home/agilex/agilex_ws/build/astra_camera_msgs -- -j8 -l8
[22.253s] DEBUG:colcon.colcon_core.event_handler.log_command:Invoked command in '/home/agilex/agilex_ws/build/libuvc' returned '0': /usr/bin/cmake /home/agilex/agilex_ws/src/ros2_astra_camera/libuvc -DCMAKE_INSTALL_PREFIX=/home/agilex/agilex_ws/install/libuvc
[22.253s] DEBUG:colcon.colcon_core.event_handler.log_command:Invoking command in '/home/agilex/agilex_ws/build/libuvc': /usr/bin/cmake --build /home/agilex/agilex_ws/build/libuvc -- -j8 -l8
[22.527s] DEBUG:colcon.colcon_core.event_handler.log_command:Invoking command in '/home/agilex/agilex_ws/build/astra_camera_msgs': CMAKE_PREFIX_PATH=/opt/ros/humble /usr/bin/cmake --install /home/agilex/agilex_ws/build/astra_camera_msgs
[22.953s] DEBUG:colcon.colcon_core.event_handler.log_command:Invoked command in '/home/agilex/agilex_ws/build/dwb_msgs' returned '0': AMENT_PREFIX_PATH=/home/agilex/agilex_ws/install/nav_2d_msgs:${AMENT_PREFIX_PATH} CMAKE_PREFIX_PATH=/home/agilex/agilex_ws/install/nav_2d_msgs:/opt/ros/humble LD_LIBRARY_PATH=/home/agilex/agilex_ws/install/nav_2d_msgs/lib:${LD_LIBRARY_PATH} PYTHONPATH=/home/agilex/agilex_ws/install/nav_2d_msgs/local/lib/python3.10/dist-packages:${PYTHONPATH} /usr/bin/cmake /home/agilex/agilex_ws/src/navigation2/nav2_dwb_controller/dwb_msgs -DCMAKE_INSTALL_PREFIX=/home/agilex/agilex_ws/install/dwb_msgs
[22.953s] DEBUG:colcon.colcon_core.event_handler.log_command:Invoking command in '/home/agilex/agilex_ws/build/dwb_msgs': AMENT_PREFIX_PATH=/home/agilex/agilex_ws/install/nav_2d_msgs:${AMENT_PREFIX_PATH} CMAKE_PREFIX_PATH=/home/agilex/agilex_ws/install/nav_2d_msgs:/opt/ros/humble LD_LIBRARY_PATH=/home/agilex/agilex_ws/install/nav_2d_msgs/lib:${LD_LIBRARY_PATH} PYTHONPATH=/home/agilex/agilex_ws/install/nav_2d_msgs/local/lib/python3.10/dist-packages:${PYTHONPATH} /usr/bin/cmake --build /home/agilex/agilex_ws/build/dwb_msgs -- -j8 -l8
[25.929s] DEBUG:colcon.colcon_core.event_handler.log_command:Invoked command in '/home/agilex/agilex_ws/build/libuvc' returned '0': /usr/bin/cmake --build /home/agilex/agilex_ws/build/libuvc -- -j8 -l8
[25.959s] DEBUG:colcon.colcon_core.event_handler.log_command:Invoking command in '/home/agilex/agilex_ws/build/libuvc': /usr/bin/cmake --install /home/agilex/agilex_ws/build/libuvc
[26.008s] Level 1:colcon.colcon_core.environment:create_environment_scripts_only(astra_camera_msgs)
[26.011s] Level 1:colcon.colcon_core.environment:checking '/home/agilex/agilex_ws/install/astra_camera_msgs' for CMake module files
[26.012s] Level 1:colcon.colcon_core.environment:checking '/home/agilex/agilex_ws/install/astra_camera_msgs' for CMake config files
[26.012s] DEBUG:colcon.colcon_core.event_handler.log_command:Invoked command in '/home/agilex/agilex_ws/build/astra_camera_msgs' returned '0': CMAKE_PREFIX_PATH=/opt/ros/humble /usr/bin/cmake --install /home/agilex/agilex_ws/build/astra_camera_msgs
[26.013s] Level 1:colcon.colcon_core.shell:create_environment_hook('astra_camera_msgs', 'cmake_prefix_path')
[26.014s] INFO:colcon.colcon_core.shell:Creating environment hook '/home/agilex/agilex_ws/install/astra_camera_msgs/share/astra_camera_msgs/hook/cmake_prefix_path.ps1'
[26.015s] INFO:colcon.colcon_core.shell:Creating environment descriptor '/home/agilex/agilex_ws/install/astra_camera_msgs/share/astra_camera_msgs/hook/cmake_prefix_path.dsv'
[26.015s] INFO:colcon.colcon_core.shell:Creating environment hook '/home/agilex/agilex_ws/install/astra_camera_msgs/share/astra_camera_msgs/hook/cmake_prefix_path.sh'
[26.016s] Level 1:colcon.colcon_core.environment:checking '/home/agilex/agilex_ws/install/astra_camera_msgs/lib'
[26.016s] Level 1:colcon.colcon_core.shell:create_environment_hook('astra_camera_msgs', 'ld_library_path_lib')
[26.018s] INFO:colcon.colcon_core.shell:Creating environment hook '/home/agilex/agilex_ws/install/astra_camera_msgs/share/astra_camera_msgs/hook/ld_library_path_lib.ps1'
[26.018s] INFO:colcon.colcon_core.shell:Creating environment descriptor '/home/agilex/agilex_ws/install/astra_camera_msgs/share/astra_camera_msgs/hook/ld_library_path_lib.dsv'
[26.018s] INFO:colcon.colcon_core.shell:Creating environment hook '/home/agilex/agilex_ws/install/astra_camera_msgs/share/astra_camera_msgs/hook/ld_library_path_lib.sh'
[26.019s] Level 1:colcon.colcon_core.environment:checking '/home/agilex/agilex_ws/install/astra_camera_msgs/bin'
[26.019s] Level 1:colcon.colcon_core.environment:checking '/home/agilex/agilex_ws/install/astra_camera_msgs/lib/pkgconfig/astra_camera_msgs.pc'
[26.019s] Level 1:colcon.colcon_core.environment:checking '/home/agilex/agilex_ws/install/astra_camera_msgs/lib/python3.10/site-packages'
[26.019s] Level 1:colcon.colcon_core.environment:checking '/home/agilex/agilex_ws/install/astra_camera_msgs/bin'
[26.021s] INFO:colcon.colcon_core.shell:Creating package script '/home/agilex/agilex_ws/install/astra_camera_msgs/share/astra_camera_msgs/package.ps1'
[26.022s] INFO:colcon.colcon_core.shell:Creating package descriptor '/home/agilex/agilex_ws/install/astra_camera_msgs/share/astra_camera_msgs/package.dsv'
[26.022s] INFO:colcon.colcon_core.shell:Creating package script '/home/agilex/agilex_ws/install/astra_camera_msgs/share/astra_camera_msgs/package.sh'
[26.023s] INFO:colcon.colcon_core.shell:Creating package script '/home/agilex/agilex_ws/install/astra_camera_msgs/share/astra_camera_msgs/package.bash'
[26.023s] INFO:colcon.colcon_core.shell:Creating package script '/home/agilex/agilex_ws/install/astra_camera_msgs/share/astra_camera_msgs/package.zsh'
[26.023s] Level 1:colcon.colcon_core.environment:create_file_with_runtime_dependencies(/home/agilex/agilex_ws/install/astra_camera_msgs/share/colcon-core/packages/astra_camera_msgs)
[26.205s] Level 1:colcon.colcon_core.environment:create_environment_scripts_only(astra_camera_msgs)
[26.207s] Level 1:colcon.colcon_core.environment:checking '/home/agilex/agilex_ws/install/astra_camera_msgs' for CMake module files
[26.208s] Level 1:colcon.colcon_core.environment:checking '/home/agilex/agilex_ws/install/astra_camera_msgs' for CMake config files
[26.208s] Level 1:colcon.colcon_core.shell:create_environment_hook('astra_camera_msgs', 'cmake_prefix_path')
[26.209s] INFO:colcon.colcon_core.shell:Creating environment hook '/home/agilex/agilex_ws/install/astra_camera_msgs/share/astra_camera_msgs/hook/cmake_prefix_path.ps1'
[26.210s] INFO:colcon.colcon_core.shell:Creating environment descriptor '/home/agilex/agilex_ws/install/astra_camera_msgs/share/astra_camera_msgs/hook/cmake_prefix_path.dsv'
[26.210s] INFO:colcon.colcon_core.shell:Creating environment hook '/home/agilex/agilex_ws/install/astra_camera_msgs/share/astra_camera_msgs/hook/cmake_prefix_path.sh'
[26.211s] Level 1:colcon.colcon_core.environment:checking '/home/agilex/agilex_ws/install/astra_camera_msgs/lib'
[26.211s] Level 1:colcon.colcon_core.shell:create_environment_hook('astra_camera_msgs', 'ld_library_path_lib')
[26.213s] INFO:colcon.colcon_core.shell:Creating environment hook '/home/agilex/agilex_ws/install/astra_camera_msgs/share/astra_camera_msgs/hook/ld_library_path_lib.ps1'
[26.214s] INFO:colcon.colcon_core.shell:Creating environment descriptor '/home/agilex/agilex_ws/install/astra_camera_msgs/share/astra_camera_msgs/hook/ld_library_path_lib.dsv'
[26.214s] INFO:colcon.colcon_core.shell:Creating environment hook '/home/agilex/agilex_ws/install/astra_camera_msgs/share/astra_camera_msgs/hook/ld_library_path_lib.sh'
[26.214s] Level 1:colcon.colcon_core.environment:checking '/home/agilex/agilex_ws/install/astra_camera_msgs/bin'
[26.214s] Level 1:colcon.colcon_core.environment:checking '/home/agilex/agilex_ws/install/astra_camera_msgs/lib/pkgconfig/astra_camera_msgs.pc'
[26.215s] Level 1:colcon.colcon_core.environment:checking '/home/agilex/agilex_ws/install/astra_camera_msgs/lib/python3.10/site-packages'
[26.215s] Level 1:colcon.colcon_core.environment:checking '/home/agilex/agilex_ws/install/astra_camera_msgs/bin'
[26.217s] INFO:colcon.colcon_core.shell:Creating package script '/home/agilex/agilex_ws/install/astra_camera_msgs/share/astra_camera_msgs/package.ps1'
[26.218s] INFO:colcon.colcon_core.shell:Creating package descriptor '/home/agilex/agilex_ws/install/astra_camera_msgs/share/astra_camera_msgs/package.dsv'
[26.218s] INFO:colcon.colcon_core.shell:Creating package script '/home/agilex/agilex_ws/install/astra_camera_msgs/share/astra_camera_msgs/package.sh'
[26.219s] INFO:colcon.colcon_core.shell:Creating package script '/home/agilex/agilex_ws/install/astra_camera_msgs/share/astra_camera_msgs/package.bash'
[26.219s] INFO:colcon.colcon_core.shell:Creating package script '/home/agilex/agilex_ws/install/astra_camera_msgs/share/astra_camera_msgs/package.zsh'
[26.220s] Level 1:colcon.colcon_core.environment:create_file_with_runtime_dependencies(/home/agilex/agilex_ws/install/astra_camera_msgs/share/colcon-core/packages/astra_camera_msgs)
[26.221s] INFO:colcon.colcon_ros.task.ament_cmake.build:Building ROS package in '/home/agilex/agilex_ws/src/limo_car' with build type 'ament_cmake'
[26.221s] INFO:colcon.colcon_cmake.task.cmake.build:Building CMake package in '/home/agilex/agilex_ws/src/limo_car'
[26.224s] INFO:colcon.colcon_core.shell:Skip shell extension 'powershell' for command environment: Not usable outside of PowerShell
[26.224s] DEBUG:colcon.colcon_core.shell:Skip shell extension 'dsv' for command environment
[26.231s] DEBUG:colcon.colcon_core.event_handler.log_command:Invoking command in '/home/agilex/agilex_ws/build/limo_car': CMAKE_PREFIX_PATH=/opt/ros/humble /usr/bin/cmake /home/agilex/agilex_ws/src/limo_car -DCMAKE_INSTALL_PREFIX=/home/agilex/agilex_ws/install/limo_car
[27.241s] Level 1:colcon.colcon_core.environment:create_environment_scripts_only(libuvc)
[27.244s] Level 1:colcon.colcon_core.environment:checking '/home/agilex/agilex_ws/install/libuvc' for CMake module files
[27.245s] Level 1:colcon.colcon_core.shell:create_environment_hook('libuvc', 'cmake_module_path')
[27.247s] INFO:colcon.colcon_core.shell:Creating environment hook '/home/agilex/agilex_ws/install/libuvc/share/libuvc/hook/cmake_module_path.ps1'
[27.248s] INFO:colcon.colcon_core.shell:Creating environment descriptor '/home/agilex/agilex_ws/install/libuvc/share/libuvc/hook/cmake_module_path.dsv'
[27.248s] INFO:colcon.colcon_core.shell:Creating environment hook '/home/agilex/agilex_ws/install/libuvc/share/libuvc/hook/cmake_module_path.sh'
[27.249s] DEBUG:colcon.colcon_core.event_handler.log_command:Invoked command in '/home/agilex/agilex_ws/build/glog' returned '0': /usr/bin/cmake /home/agilex/agilex_ws/src/ros2_astra_camera/glog-0.6.0 -DCMAKE_INSTALL_PREFIX=/home/agilex/agilex_ws/install/glog
[27.251s] DEBUG:colcon.colcon_core.event_handler.log_command:Invoking command in '/home/agilex/agilex_ws/build/glog': /usr/bin/cmake --build /home/agilex/agilex_ws/build/glog -- -j8 -l8
[27.251s] DEBUG:colcon.colcon_core.event_handler.log_command:Invoked command in '/home/agilex/agilex_ws/build/libuvc' returned '0': /usr/bin/cmake --install /home/agilex/agilex_ws/build/libuvc
[27.251s] Level 1:colcon.colcon_core.shell:create_environment_hook('libuvc', 'cmake_module_path1')
[27.253s] INFO:colcon.colcon_core.shell:Creating environment hook '/home/agilex/agilex_ws/install/libuvc/share/libuvc/hook/cmake_module_path1.ps1'
[27.253s] INFO:colcon.colcon_core.shell:Creating environment descriptor '/home/agilex/agilex_ws/install/libuvc/share/libuvc/hook/cmake_module_path1.dsv'
[27.254s] INFO:colcon.colcon_core.shell:Creating environment hook '/home/agilex/agilex_ws/install/libuvc/share/libuvc/hook/cmake_module_path1.sh'
[27.254s] Level 1:colcon.colcon_core.environment:checking '/home/agilex/agilex_ws/install/libuvc' for CMake config files
[27.254s] Level 1:colcon.colcon_core.shell:create_environment_hook('libuvc', 'cmake_prefix_path')
[27.256s] INFO:colcon.colcon_core.shell:Creating environment hook '/home/agilex/agilex_ws/install/libuvc/share/libuvc/hook/cmake_prefix_path.ps1'
[27.256s] INFO:colcon.colcon_core.shell:Creating environment descriptor '/home/agilex/agilex_ws/install/libuvc/share/libuvc/hook/cmake_prefix_path.dsv'
[27.256s] INFO:colcon.colcon_core.shell:Creating environment hook '/home/agilex/agilex_ws/install/libuvc/share/libuvc/hook/cmake_prefix_path.sh'
[27.257s] Level 1:colcon.colcon_core.environment:checking '/home/agilex/agilex_ws/install/libuvc/lib'
[27.257s] Level 1:colcon.colcon_core.shell:create_environment_hook('libuvc', 'ld_library_path_lib')
[27.259s] INFO:colcon.colcon_core.shell:Creating environment hook '/home/agilex/agilex_ws/install/libuvc/share/libuvc/hook/ld_library_path_lib.ps1'
[27.259s] INFO:colcon.colcon_core.shell:Creating environment descriptor '/home/agilex/agilex_ws/install/libuvc/share/libuvc/hook/ld_library_path_lib.dsv'
[27.259s] INFO:colcon.colcon_core.shell:Creating environment hook '/home/agilex/agilex_ws/install/libuvc/share/libuvc/hook/ld_library_path_lib.sh'
[27.260s] Level 1:colcon.colcon_core.environment:checking '/home/agilex/agilex_ws/install/libuvc/bin'
[27.260s] Level 1:colcon.colcon_core.environment:checking '/home/agilex/agilex_ws/install/libuvc/lib/pkgconfig/libuvc.pc'
[27.260s] Level 1:colcon.colcon_core.shell:create_environment_hook('libuvc', 'pkg_config')
[27.262s] INFO:colcon.colcon_core.shell:Creating environment hook '/home/agilex/agilex_ws/install/libuvc/share/libuvc/hook/pkg_config.ps1'
[27.262s] INFO:colcon.colcon_core.shell:Creating environment descriptor '/home/agilex/agilex_ws/install/libuvc/share/libuvc/hook/pkg_config.dsv'
[27.263s] INFO:colcon.colcon_core.shell:Creating environment hook '/home/agilex/agilex_ws/install/libuvc/share/libuvc/hook/pkg_config.sh'
[27.263s] Level 1:colcon.colcon_core.environment:checking '/home/agilex/agilex_ws/install/libuvc/lib/python3.10/site-packages'
[27.263s] Level 1:colcon.colcon_core.environment:checking '/home/agilex/agilex_ws/install/libuvc/bin'
[27.265s] INFO:colcon.colcon_core.shell:Creating package script '/home/agilex/agilex_ws/install/libuvc/share/libuvc/package.ps1'
[27.266s] INFO:colcon.colcon_core.shell:Creating package descriptor '/home/agilex/agilex_ws/install/libuvc/share/libuvc/package.dsv'
[27.266s] INFO:colcon.colcon_core.shell:Creating package script '/home/agilex/agilex_ws/install/libuvc/share/libuvc/package.sh'
[27.267s] INFO:colcon.colcon_core.shell:Creating package script '/home/agilex/agilex_ws/install/libuvc/share/libuvc/package.bash'
[27.267s] INFO:colcon.colcon_core.shell:Creating package script '/home/agilex/agilex_ws/install/libuvc/share/libuvc/package.zsh'
[27.267s] Level 1:colcon.colcon_core.environment:create_file_with_runtime_dependencies(/home/agilex/agilex_ws/install/libuvc/share/colcon-core/packages/libuvc)
[27.269s] DEBUG:colcon.colcon_core.event_handler.log_command:Invoked command in '/home/agilex/agilex_ws/build/limo_car' returned '0': CMAKE_PREFIX_PATH=/opt/ros/humble /usr/bin/cmake /home/agilex/agilex_ws/src/limo_car -DCMAKE_INSTALL_PREFIX=/home/agilex/agilex_ws/install/limo_car
[27.269s] DEBUG:colcon.colcon_core.event_handler.log_command:Invoking command in '/home/agilex/agilex_ws/build/limo_car': CMAKE_PREFIX_PATH=/opt/ros/humble /usr/bin/cmake --build /home/agilex/agilex_ws/build/limo_car -- -j8 -l8
[27.271s] INFO:colcon.colcon_ros.task.ament_cmake.build:Building ROS package in '/home/agilex/agilex_ws/src/limo_ros2/limo_description' with build type 'ament_cmake'
[27.271s] INFO:colcon.colcon_cmake.task.cmake.build:Building CMake package in '/home/agilex/agilex_ws/src/limo_ros2/limo_description'
[27.272s] INFO:colcon.colcon_core.shell:Skip shell extension 'powershell' for command environment: Not usable outside of PowerShell
[27.272s] DEBUG:colcon.colcon_core.shell:Skip shell extension 'dsv' for command environment
[27.281s] DEBUG:colcon.colcon_core.event_handler.log_command:Invoking command in '/home/agilex/agilex_ws/build/limo_description': CMAKE_PREFIX_PATH=/opt/ros/humble /usr/bin/cmake /home/agilex/agilex_ws/src/limo_ros2/limo_description -DCMAKE_INSTALL_PREFIX=/home/agilex/agilex_ws/install/limo_description
[30.497s] DEBUG:colcon.colcon_core.event_handler.log_command:Invoked command in '/home/agilex/agilex_ws/build/csm' returned '0': CMAKE_PREFIX_PATH=/opt/ros/humble /usr/bin/cmake --build /home/agilex/agilex_ws/build/csm -- -j8 -l8
[30.498s] DEBUG:colcon.colcon_core.event_handler.log_command:Invoked command in '/home/agilex/agilex_ws/build/limo_car' returned '0': CMAKE_PREFIX_PATH=/opt/ros/humble /usr/bin/cmake --build /home/agilex/agilex_ws/build/limo_car -- -j8 -l8
[30.500s] DEBUG:colcon.colcon_core.event_handler.log_command:Invoked command in '/home/agilex/agilex_ws/build/limo_description' returned '0': CMAKE_PREFIX_PATH=/opt/ros/humble /usr/bin/cmake /home/agilex/agilex_ws/src/limo_ros2/limo_description -DCMAKE_INSTALL_PREFIX=/home/agilex/agilex_ws/install/limo_description
[30.500s] DEBUG:colcon.colcon_core.event_handler.log_command:Invoking command in '/home/agilex/agilex_ws/build/limo_description': CMAKE_PREFIX_PATH=/opt/ros/humble /usr/bin/cmake --build /home/agilex/agilex_ws/build/limo_description -- -j8 -l8
[30.532s] DEBUG:colcon.colcon_core.event_handler.log_command:Invoking command in '/home/agilex/agilex_ws/build/limo_car': CMAKE_PREFIX_PATH=/opt/ros/humble /usr/bin/cmake --install /home/agilex/agilex_ws/build/limo_car
[30.535s] DEBUG:colcon.colcon_core.event_handler.log_command:Invoked command in '/home/agilex/agilex_ws/build/limo_description' returned '0': CMAKE_PREFIX_PATH=/opt/ros/humble /usr/bin/cmake --build /home/agilex/agilex_ws/build/limo_description -- -j8 -l8
[30.544s] Level 1:colcon.colcon_core.environment:create_environment_scripts_only(limo_car)
[30.547s] Level 1:colcon.colcon_core.environment:checking '/home/agilex/agilex_ws/install/limo_car' for CMake module files
[30.547s] Level 1:colcon.colcon_core.environment:checking '/home/agilex/agilex_ws/install/limo_car' for CMake config files
[30.548s] Level 1:colcon.colcon_core.shell:create_environment_hook('limo_car', 'cmake_prefix_path')
[30.549s] INFO:colcon.colcon_core.shell:Creating environment hook '/home/agilex/agilex_ws/install/limo_car/share/limo_car/hook/cmake_prefix_path.ps1'
[30.550s] INFO:colcon.colcon_core.shell:Creating environment descriptor '/home/agilex/agilex_ws/install/limo_car/share/limo_car/hook/cmake_prefix_path.dsv'
[30.550s] INFO:colcon.colcon_core.shell:Creating environment hook '/home/agilex/agilex_ws/install/limo_car/share/limo_car/hook/cmake_prefix_path.sh'
[30.551s] Level 1:colcon.colcon_core.environment:checking '/home/agilex/agilex_ws/install/limo_car/bin'
[30.551s] Level 1:colcon.colcon_core.environment:checking '/home/agilex/agilex_ws/install/limo_car/lib/pkgconfig/limo_car.pc'
[30.551s] Level 1:colcon.colcon_core.environment:checking '/home/agilex/agilex_ws/install/limo_car/lib/python3.10/site-packages'
[30.551s] Level 1:colcon.colcon_core.environment:checking '/home/agilex/agilex_ws/install/limo_car/bin'
[30.553s] INFO:colcon.colcon_core.shell:Creating package script '/home/agilex/agilex_ws/install/limo_car/share/limo_car/package.ps1'
[30.553s] DEBUG:colcon.colcon_core.event_handler.log_command:Invoked command in '/home/agilex/agilex_ws/build/limo_car' returned '0': CMAKE_PREFIX_PATH=/opt/ros/humble /usr/bin/cmake --install /home/agilex/agilex_ws/build/limo_car
[30.554s] INFO:colcon.colcon_core.shell:Creating package descriptor '/home/agilex/agilex_ws/install/limo_car/share/limo_car/package.dsv'
[30.554s] INFO:colcon.colcon_core.shell:Creating package script '/home/agilex/agilex_ws/install/limo_car/share/limo_car/package.sh'
[30.555s] INFO:colcon.colcon_core.shell:Creating package script '/home/agilex/agilex_ws/install/limo_car/share/limo_car/package.bash'
[30.555s] INFO:colcon.colcon_core.shell:Creating package script '/home/agilex/agilex_ws/install/limo_car/share/limo_car/package.zsh'
[30.555s] Level 1:colcon.colcon_core.environment:create_file_with_runtime_dependencies(/home/agilex/agilex_ws/install/limo_car/share/colcon-core/packages/limo_car)
[30.569s] DEBUG:colcon.colcon_core.event_handler.log_command:Invoking command in '/home/agilex/agilex_ws/build/limo_description': CMAKE_PREFIX_PATH=/opt/ros/humble /usr/bin/cmake --install /home/agilex/agilex_ws/build/limo_description
[30.572s] DEBUG:colcon.colcon_core.event_handler.log_command:Invoking command in '/home/agilex/agilex_ws/build/csm': CMAKE_PREFIX_PATH=/opt/ros/humble /usr/bin/cmake --install /home/agilex/agilex_ws/build/csm
[30.582s] Level 1:colcon.colcon_core.environment:create_environment_scripts_only(limo_description)
[30.584s] Level 1:colcon.colcon_core.environment:checking '/home/agilex/agilex_ws/install/limo_description' for CMake module files
[30.585s] Level 1:colcon.colcon_core.environment:checking '/home/agilex/agilex_ws/install/limo_description' for CMake config files
[30.586s] DEBUG:colcon.colcon_core.event_handler.log_command:Invoked command in '/home/agilex/agilex_ws/build/limo_description' returned '0': CMAKE_PREFIX_PATH=/opt/ros/humble /usr/bin/cmake --install /home/agilex/agilex_ws/build/limo_description
[30.586s] Level 1:colcon.colcon_core.shell:create_environment_hook('limo_description', 'cmake_prefix_path')
[30.587s] INFO:colcon.colcon_core.shell:Creating environment hook '/home/agilex/agilex_ws/install/limo_description/share/limo_description/hook/cmake_prefix_path.ps1'
[30.588s] INFO:colcon.colcon_core.shell:Creating environment descriptor '/home/agilex/agilex_ws/install/limo_description/share/limo_description/hook/cmake_prefix_path.dsv'
[30.588s] INFO:colcon.colcon_core.shell:Creating environment hook '/home/agilex/agilex_ws/install/limo_description/share/limo_description/hook/cmake_prefix_path.sh'
[30.589s] Level 1:colcon.colcon_core.environment:checking '/home/agilex/agilex_ws/install/limo_description/bin'
[30.589s] Level 1:colcon.colcon_core.environment:checking '/home/agilex/agilex_ws/install/limo_description/lib/pkgconfig/limo_description.pc'
[30.590s] Level 1:colcon.colcon_core.environment:checking '/home/agilex/agilex_ws/install/limo_description/lib/python3.10/site-packages'
[30.590s] Level 1:colcon.colcon_core.environment:checking '/home/agilex/agilex_ws/install/limo_description/bin'
[30.592s] INFO:colcon.colcon_core.shell:Creating package script '/home/agilex/agilex_ws/install/limo_description/share/limo_description/package.ps1'
[30.593s] INFO:colcon.colcon_core.shell:Creating package descriptor '/home/agilex/agilex_ws/install/limo_description/share/limo_description/package.dsv'
[30.594s] INFO:colcon.colcon_core.shell:Creating package script '/home/agilex/agilex_ws/install/limo_description/share/limo_description/package.sh'
[30.595s] INFO:colcon.colcon_core.shell:Creating package script '/home/agilex/agilex_ws/install/limo_description/share/limo_description/package.bash'
[30.595s] INFO:colcon.colcon_core.shell:Creating package script '/home/agilex/agilex_ws/install/limo_description/share/limo_description/package.zsh'
[30.597s] Level 1:colcon.colcon_core.environment:create_file_with_runtime_dependencies(/home/agilex/agilex_ws/install/limo_description/share/colcon-core/packages/limo_description)
[30.599s] Level 1:colcon.colcon_core.environment:create_environment_scripts_only(csm)
[30.603s] Level 1:colcon.colcon_core.environment:checking '/home/agilex/agilex_ws/install/csm' for CMake module files
[30.603s] DEBUG:colcon.colcon_core.event_handler.log_command:Invoked command in '/home/agilex/agilex_ws/build/csm' returned '0': CMAKE_PREFIX_PATH=/opt/ros/humble /usr/bin/cmake --install /home/agilex/agilex_ws/build/csm
[30.604s] Level 1:colcon.colcon_core.environment:checking '/home/agilex/agilex_ws/install/csm' for CMake config files
[30.604s] Level 1:colcon.colcon_core.shell:create_environment_hook('csm', 'cmake_prefix_path')
[30.606s] INFO:colcon.colcon_core.shell:Creating environment hook '/home/agilex/agilex_ws/install/csm/share/csm/hook/cmake_prefix_path.ps1'
[30.606s] INFO:colcon.colcon_core.shell:Creating environment descriptor '/home/agilex/agilex_ws/install/csm/share/csm/hook/cmake_prefix_path.dsv'
[30.607s] INFO:colcon.colcon_core.shell:Creating environment hook '/home/agilex/agilex_ws/install/csm/share/csm/hook/cmake_prefix_path.sh'
[30.607s] Level 1:colcon.colcon_core.environment:checking '/home/agilex/agilex_ws/install/csm/lib'
[30.607s] Level 1:colcon.colcon_core.shell:create_environment_hook('csm', 'ld_library_path_lib')
[30.609s] INFO:colcon.colcon_core.shell:Creating environment hook '/home/agilex/agilex_ws/install/csm/share/csm/hook/ld_library_path_lib.ps1'
[30.609s] INFO:colcon.colcon_core.shell:Creating environment descriptor '/home/agilex/agilex_ws/install/csm/share/csm/hook/ld_library_path_lib.dsv'
[30.609s] INFO:colcon.colcon_core.shell:Creating environment hook '/home/agilex/agilex_ws/install/csm/share/csm/hook/ld_library_path_lib.sh'
[30.610s] Level 1:colcon.colcon_core.environment:checking '/home/agilex/agilex_ws/install/csm/bin'
[30.610s] Level 1:colcon.colcon_core.environment:checking '/home/agilex/agilex_ws/install/csm/lib/pkgconfig/csm.pc'
[30.610s] Level 1:colcon.colcon_core.environment:checking '/home/agilex/agilex_ws/install/csm/lib/python3.10/site-packages'
[30.610s] Level 1:colcon.colcon_core.environment:checking '/home/agilex/agilex_ws/install/csm/bin'
[30.612s] INFO:colcon.colcon_core.shell:Creating package script '/home/agilex/agilex_ws/install/csm/share/csm/package.ps1'
[30.613s] INFO:colcon.colcon_core.shell:Creating package descriptor '/home/agilex/agilex_ws/install/csm/share/csm/package.dsv'
[30.614s] INFO:colcon.colcon_core.shell:Creating package script '/home/agilex/agilex_ws/install/csm/share/csm/package.sh'
[30.614s] INFO:colcon.colcon_core.shell:Creating package script '/home/agilex/agilex_ws/install/csm/share/csm/package.bash'
[30.615s] INFO:colcon.colcon_core.shell:Creating package script '/home/agilex/agilex_ws/install/csm/share/csm/package.zsh'
[30.615s] Level 1:colcon.colcon_core.environment:create_file_with_runtime_dependencies(/home/agilex/agilex_ws/install/csm/share/colcon-core/packages/csm)
[30.617s] Level 1:colcon.colcon_core.environment:create_environment_scripts_only(limo_car)
[30.620s] Level 1:colcon.colcon_core.environment:checking '/home/agilex/agilex_ws/install/limo_car' for CMake module files
[30.620s] Level 1:colcon.colcon_core.environment:checking '/home/agilex/agilex_ws/install/limo_car' for CMake config files
[30.621s] Level 1:colcon.colcon_core.shell:create_environment_hook('limo_car', 'cmake_prefix_path')
[30.623s] INFO:colcon.colcon_core.shell:Creating environment hook '/home/agilex/agilex_ws/install/limo_car/share/limo_car/hook/cmake_prefix_path.ps1'
[30.623s] INFO:colcon.colcon_core.shell:Creating environment descriptor '/home/agilex/agilex_ws/install/limo_car/share/limo_car/hook/cmake_prefix_path.dsv'
[30.623s] INFO:colcon.colcon_core.shell:Creating environment hook '/home/agilex/agilex_ws/install/limo_car/share/limo_car/hook/cmake_prefix_path.sh'
[30.624s] Level 1:colcon.colcon_core.environment:checking '/home/agilex/agilex_ws/install/limo_car/bin'
[30.624s] Level 1:colcon.colcon_core.environment:checking '/home/agilex/agilex_ws/install/limo_car/lib/pkgconfig/limo_car.pc'
[30.624s] Level 1:colcon.colcon_core.environment:checking '/home/agilex/agilex_ws/install/limo_car/lib/python3.10/site-packages'
[30.625s] Level 1:colcon.colcon_core.environment:checking '/home/agilex/agilex_ws/install/limo_car/bin'
[30.626s] INFO:colcon.colcon_core.shell:Creating package script '/home/agilex/agilex_ws/install/limo_car/share/limo_car/package.ps1'
[30.627s] INFO:colcon.colcon_core.shell:Creating package descriptor '/home/agilex/agilex_ws/install/limo_car/share/limo_car/package.dsv'
[30.628s] INFO:colcon.colcon_core.shell:Creating package script '/home/agilex/agilex_ws/install/limo_car/share/limo_car/package.sh'
[30.628s] INFO:colcon.colcon_core.shell:Creating package script '/home/agilex/agilex_ws/install/limo_car/share/limo_car/package.bash'
[30.629s] INFO:colcon.colcon_core.shell:Creating package script '/home/agilex/agilex_ws/install/limo_car/share/limo_car/package.zsh'
[30.629s] Level 1:colcon.colcon_core.environment:create_file_with_runtime_dependencies(/home/agilex/agilex_ws/install/limo_car/share/colcon-core/packages/limo_car)
[30.631s] INFO:colcon.colcon_ros.task.ament_cmake.build:Building ROS package in '/home/agilex/agilex_ws/src/limo_visions' with build type 'ament_cmake'
[30.631s] INFO:colcon.colcon_cmake.task.cmake.build:Building CMake package in '/home/agilex/agilex_ws/src/limo_visions'
[30.632s] INFO:colcon.colcon_core.shell:Skip shell extension 'powershell' for command environment: Not usable outside of PowerShell
[30.633s] DEBUG:colcon.colcon_core.shell:Skip shell extension 'dsv' for command environment
[30.638s] Level 1:colcon.colcon_core.environment:create_environment_scripts_only(limo_description)
[30.640s] Level 1:colcon.colcon_core.environment:checking '/home/agilex/agilex_ws/install/limo_description' for CMake module files
[30.641s] Level 1:colcon.colcon_core.environment:checking '/home/agilex/agilex_ws/install/limo_description' for CMake config files
[30.641s] Level 1:colcon.colcon_core.shell:create_environment_hook('limo_description', 'cmake_prefix_path')
[30.643s] INFO:colcon.colcon_core.shell:Creating environment hook '/home/agilex/agilex_ws/install/limo_description/share/limo_description/hook/cmake_prefix_path.ps1'
[30.643s] INFO:colcon.colcon_core.shell:Creating environment descriptor '/home/agilex/agilex_ws/install/limo_description/share/limo_description/hook/cmake_prefix_path.dsv'
[30.644s] INFO:colcon.colcon_core.shell:Creating environment hook '/home/agilex/agilex_ws/install/limo_description/share/limo_description/hook/cmake_prefix_path.sh'
[30.644s] Level 1:colcon.colcon_core.environment:checking '/home/agilex/agilex_ws/install/limo_description/bin'
[30.644s] Level 1:colcon.colcon_core.environment:checking '/home/agilex/agilex_ws/install/limo_description/lib/pkgconfig/limo_description.pc'
[30.645s] Level 1:colcon.colcon_core.environment:checking '/home/agilex/agilex_ws/install/limo_description/lib/python3.10/site-packages'
[30.645s] Level 1:colcon.colcon_core.environment:checking '/home/agilex/agilex_ws/install/limo_description/bin'
[30.647s] INFO:colcon.colcon_core.shell:Creating package script '/home/agilex/agilex_ws/install/limo_description/share/limo_description/package.ps1'
[30.647s] INFO:colcon.colcon_core.shell:Creating package descriptor '/home/agilex/agilex_ws/install/limo_description/share/limo_description/package.dsv'
[30.648s] INFO:colcon.colcon_core.shell:Creating package script '/home/agilex/agilex_ws/install/limo_description/share/limo_description/package.sh'
[30.648s] INFO:colcon.colcon_core.shell:Creating package script '/home/agilex/agilex_ws/install/limo_description/share/limo_description/package.bash'
[30.649s] INFO:colcon.colcon_core.shell:Creating package script '/home/agilex/agilex_ws/install/limo_description/share/limo_description/package.zsh'
[30.649s] Level 1:colcon.colcon_core.environment:create_file_with_runtime_dependencies(/home/agilex/agilex_ws/install/limo_description/share/colcon-core/packages/limo_description)
[30.651s] INFO:colcon.colcon_ros.task.cmake.build:Building ROS package in '/home/agilex/agilex_ws/src/ros2_astra_camera/magic_enum-0.8.0' with build type 'cmake'
[30.651s] INFO:colcon.colcon_cmake.task.cmake.build:Building CMake package in '/home/agilex/agilex_ws/src/ros2_astra_camera/magic_enum-0.8.0'
[30.652s] INFO:colcon.colcon_core.shell:Skip shell extension 'powershell' for command environment: Not usable outside of PowerShell
[30.652s] DEBUG:colcon.colcon_core.shell:Skip shell extension 'dsv' for command environment
[30.658s] DEBUG:colcon.colcon_core.event_handler.log_command:Invoking command in '/home/agilex/agilex_ws/build/limo_visions': CMAKE_PREFIX_PATH=/opt/ros/humble /usr/bin/cmake /home/agilex/agilex_ws/src/limo_visions -DCMAKE_INSTALL_PREFIX=/home/agilex/agilex_ws/install/limo_visions
[30.666s] DEBUG:colcon.colcon_core.event_handler.log_command:Invoking command in '/home/agilex/agilex_ws/build/magic_enum': CMAKE_PREFIX_PATH=/opt/ros/humble /usr/bin/cmake /home/agilex/agilex_ws/src/ros2_astra_camera/magic_enum-0.8.0 -DCMAKE_INSTALL_PREFIX=/home/agilex/agilex_ws/install/magic_enum
[30.703s] Level 1:colcon.colcon_core.environment:create_environment_scripts_only(csm)
[30.706s] Level 1:colcon.colcon_core.environment:checking '/home/agilex/agilex_ws/install/csm' for CMake module files
[30.707s] Level 1:colcon.colcon_core.environment:checking '/home/agilex/agilex_ws/install/csm' for CMake config files
[30.707s] Level 1:colcon.colcon_core.shell:create_environment_hook('csm', 'cmake_prefix_path')
[30.709s] INFO:colcon.colcon_core.shell:Creating environment hook '/home/agilex/agilex_ws/install/csm/share/csm/hook/cmake_prefix_path.ps1'
[30.710s] INFO:colcon.colcon_core.shell:Creating environment descriptor '/home/agilex/agilex_ws/install/csm/share/csm/hook/cmake_prefix_path.dsv'
[30.710s] INFO:colcon.colcon_core.shell:Creating environment hook '/home/agilex/agilex_ws/install/csm/share/csm/hook/cmake_prefix_path.sh'
[30.711s] Level 1:colcon.colcon_core.environment:checking '/home/agilex/agilex_ws/install/csm/lib'
[30.711s] Level 1:colcon.colcon_core.shell:create_environment_hook('csm', 'ld_library_path_lib')
[30.712s] INFO:colcon.colcon_core.shell:Creating environment hook '/home/agilex/agilex_ws/install/csm/share/csm/hook/ld_library_path_lib.ps1'
[30.714s] INFO:colcon.colcon_core.shell:Creating environment descriptor '/home/agilex/agilex_ws/install/csm/share/csm/hook/ld_library_path_lib.dsv'
[30.715s] INFO:colcon.colcon_core.shell:Creating environment hook '/home/agilex/agilex_ws/install/csm/share/csm/hook/ld_library_path_lib.sh'
[30.715s] Level 1:colcon.colcon_core.environment:checking '/home/agilex/agilex_ws/install/csm/bin'
[30.715s] Level 1:colcon.colcon_core.environment:checking '/home/agilex/agilex_ws/install/csm/lib/pkgconfig/csm.pc'
[30.715s] Level 1:colcon.colcon_core.environment:checking '/home/agilex/agilex_ws/install/csm/lib/python3.10/site-packages'
[30.716s] Level 1:colcon.colcon_core.environment:checking '/home/agilex/agilex_ws/install/csm/bin'
[30.721s] INFO:colcon.colcon_core.shell:Creating package script '/home/agilex/agilex_ws/install/csm/share/csm/package.ps1'
[30.722s] INFO:colcon.colcon_core.shell:Creating package descriptor '/home/agilex/agilex_ws/install/csm/share/csm/package.dsv'
[30.722s] INFO:colcon.colcon_core.shell:Creating package script '/home/agilex/agilex_ws/install/csm/share/csm/package.sh'
[30.726s] INFO:colcon.colcon_core.shell:Creating package script '/home/agilex/agilex_ws/install/csm/share/csm/package.bash'
[30.726s] INFO:colcon.colcon_core.shell:Creating package script '/home/agilex/agilex_ws/install/csm/share/csm/package.zsh'
[30.726s] Level 1:colcon.colcon_core.environment:create_file_with_runtime_dependencies(/home/agilex/agilex_ws/install/csm/share/colcon-core/packages/csm)
[30.727s] INFO:colcon.colcon_ros.task.ament_cmake.build:Building ROS package in '/home/agilex/agilex_ws/src/rf2o_laser_odometry' with build type 'ament_cmake'
[30.728s] INFO:colcon.colcon_cmake.task.cmake.build:Building CMake package in '/home/agilex/agilex_ws/src/rf2o_laser_odometry'
[30.729s] INFO:colcon.colcon_core.shell:Skip shell extension 'powershell' for command environment: Not usable outside of PowerShell
[30.730s] DEBUG:colcon.colcon_core.shell:Skip shell extension 'dsv' for command environment
[30.761s] DEBUG:colcon.colcon_core.event_handler.log_command:Invoking command in '/home/agilex/agilex_ws/build/rf2o_laser_odometry': CMAKE_PREFIX_PATH=/opt/ros/humble /usr/bin/cmake /home/agilex/agilex_ws/src/rf2o_laser_odometry -DCMAKE_INSTALL_PREFIX=/home/agilex/agilex_ws/install/rf2o_laser_odometry
[32.042s] DEBUG:colcon.colcon_core.event_handler.log_command:Invoked command in '/home/agilex/agilex_ws/build/teb_msgs' returned '0': AMENT_PREFIX_PATH=/home/agilex/agilex_ws/install/costmap_converter_msgs:${AMENT_PREFIX_PATH} CMAKE_PREFIX_PATH=/home/agilex/agilex_ws/install/costmap_converter_msgs:/opt/ros/humble LD_LIBRARY_PATH=/home/agilex/agilex_ws/install/costmap_converter_msgs/lib:${LD_LIBRARY_PATH} PYTHONPATH=/home/agilex/agilex_ws/install/costmap_converter_msgs/local/lib/python3.10/dist-packages:${PYTHONPATH} /usr/bin/cmake --build /home/agilex/agilex_ws/build/teb_msgs -- -j8 -l8
[32.043s] DEBUG:colcon.colcon_core.event_handler.log_command:Invoked command in '/home/agilex/agilex_ws/build/magic_enum' returned '0': CMAKE_PREFIX_PATH=/opt/ros/humble /usr/bin/cmake /home/agilex/agilex_ws/src/ros2_astra_camera/magic_enum-0.8.0 -DCMAKE_INSTALL_PREFIX=/home/agilex/agilex_ws/install/magic_enum
[32.043s] DEBUG:colcon.colcon_core.event_handler.log_command:Invoking command in '/home/agilex/agilex_ws/build/magic_enum': CMAKE_PREFIX_PATH=/opt/ros/humble /usr/bin/cmake --build /home/agilex/agilex_ws/build/magic_enum -- -j8 -l8
[32.118s] DEBUG:colcon.colcon_core.event_handler.log_command:Invoking command in '/home/agilex/agilex_ws/build/teb_msgs': AMENT_PREFIX_PATH=/home/agilex/agilex_ws/install/costmap_converter_msgs:${AMENT_PREFIX_PATH} CMAKE_PREFIX_PATH=/home/agilex/agilex_ws/install/costmap_converter_msgs:/opt/ros/humble LD_LIBRARY_PATH=/home/agilex/agilex_ws/install/costmap_converter_msgs/lib:${LD_LIBRARY_PATH} PYTHONPATH=/home/agilex/agilex_ws/install/costmap_converter_msgs/local/lib/python3.10/dist-packages:${PYTHONPATH} /usr/bin/cmake --install /home/agilex/agilex_ws/build/teb_msgs
[32.364s] DEBUG:colcon.colcon_core.event_handler.log_command:Invoked command in '/home/agilex/agilex_ws/build/limo_visions' returned '0': CMAKE_PREFIX_PATH=/opt/ros/humble /usr/bin/cmake /home/agilex/agilex_ws/src/limo_visions -DCMAKE_INSTALL_PREFIX=/home/agilex/agilex_ws/install/limo_visions
[32.366s] DEBUG:colcon.colcon_core.event_handler.log_command:Invoking command in '/home/agilex/agilex_ws/build/limo_visions': CMAKE_PREFIX_PATH=/opt/ros/humble /usr/bin/cmake --build /home/agilex/agilex_ws/build/limo_visions -- -j8 -l8
[33.092s] DEBUG:colcon.colcon_core.event_handler.log_command:Invoked command in '/home/agilex/agilex_ws/build/rf2o_laser_odometry' returned '0': CMAKE_PREFIX_PATH=/opt/ros/humble /usr/bin/cmake /home/agilex/agilex_ws/src/rf2o_laser_odometry -DCMAKE_INSTALL_PREFIX=/home/agilex/agilex_ws/install/rf2o_laser_odometry
[33.093s] DEBUG:colcon.colcon_core.event_handler.log_command:Invoking command in '/home/agilex/agilex_ws/build/rf2o_laser_odometry': CMAKE_PREFIX_PATH=/opt/ros/humble /usr/bin/cmake --build /home/agilex/agilex_ws/build/rf2o_laser_odometry -- -j8 -l8
[33.102s] Level 1:colcon.colcon_core.environment:create_environment_scripts_only(teb_msgs)
[33.104s] Level 1:colcon.colcon_core.environment:checking '/home/agilex/agilex_ws/install/teb_msgs' for CMake module files
[33.105s] Level 1:colcon.colcon_core.environment:checking '/home/agilex/agilex_ws/install/teb_msgs' for CMake config files
[33.105s] Level 1:colcon.colcon_core.shell:create_environment_hook('teb_msgs', 'cmake_prefix_path')
[33.107s] INFO:colcon.colcon_core.shell:Creating environment hook '/home/agilex/agilex_ws/install/teb_msgs/share/teb_msgs/hook/cmake_prefix_path.ps1'
[33.107s] INFO:colcon.colcon_core.shell:Creating environment descriptor '/home/agilex/agilex_ws/install/teb_msgs/share/teb_msgs/hook/cmake_prefix_path.dsv'
[33.107s] INFO:colcon.colcon_core.shell:Creating environment hook '/home/agilex/agilex_ws/install/teb_msgs/share/teb_msgs/hook/cmake_prefix_path.sh'
[33.108s] Level 1:colcon.colcon_core.environment:checking '/home/agilex/agilex_ws/install/teb_msgs/lib'
[33.108s] Level 1:colcon.colcon_core.shell:create_environment_hook('teb_msgs', 'ld_library_path_lib')
[33.110s] INFO:colcon.colcon_core.shell:Creating environment hook '/home/agilex/agilex_ws/install/teb_msgs/share/teb_msgs/hook/ld_library_path_lib.ps1'
[33.110s] DEBUG:colcon.colcon_core.event_handler.log_command:Invoked command in '/home/agilex/agilex_ws/build/teb_msgs' returned '0': AMENT_PREFIX_PATH=/home/agilex/agilex_ws/install/costmap_converter_msgs:${AMENT_PREFIX_PATH} CMAKE_PREFIX_PATH=/home/agilex/agilex_ws/install/costmap_converter_msgs:/opt/ros/humble LD_LIBRARY_PATH=/home/agilex/agilex_ws/install/costmap_converter_msgs/lib:${LD_LIBRARY_PATH} PYTHONPATH=/home/agilex/agilex_ws/install/costmap_converter_msgs/local/lib/python3.10/dist-packages:${PYTHONPATH} /usr/bin/cmake --install /home/agilex/agilex_ws/build/teb_msgs
[33.111s] INFO:colcon.colcon_core.shell:Creating environment descriptor '/home/agilex/agilex_ws/install/teb_msgs/share/teb_msgs/hook/ld_library_path_lib.dsv'
[33.111s] INFO:colcon.colcon_core.shell:Creating environment hook '/home/agilex/agilex_ws/install/teb_msgs/share/teb_msgs/hook/ld_library_path_lib.sh'
[33.111s] Level 1:colcon.colcon_core.environment:checking '/home/agilex/agilex_ws/install/teb_msgs/bin'
[33.111s] Level 1:colcon.colcon_core.environment:checking '/home/agilex/agilex_ws/install/teb_msgs/lib/pkgconfig/teb_msgs.pc'
[33.112s] Level 1:colcon.colcon_core.environment:checking '/home/agilex/agilex_ws/install/teb_msgs/lib/python3.10/site-packages'
[33.112s] Level 1:colcon.colcon_core.environment:checking '/home/agilex/agilex_ws/install/teb_msgs/bin'
[33.114s] INFO:colcon.colcon_core.shell:Creating package script '/home/agilex/agilex_ws/install/teb_msgs/share/teb_msgs/package.ps1'
[33.114s] INFO:colcon.colcon_core.shell:Creating package descriptor '/home/agilex/agilex_ws/install/teb_msgs/share/teb_msgs/package.dsv'
[33.115s] INFO:colcon.colcon_core.shell:Creating package script '/home/agilex/agilex_ws/install/teb_msgs/share/teb_msgs/package.sh'
[33.115s] INFO:colcon.colcon_core.shell:Creating package script '/home/agilex/agilex_ws/install/teb_msgs/share/teb_msgs/package.bash'
[33.115s] INFO:colcon.colcon_core.shell:Creating package script '/home/agilex/agilex_ws/install/teb_msgs/share/teb_msgs/package.zsh'
[33.116s] Level 1:colcon.colcon_core.environment:create_file_with_runtime_dependencies(/home/agilex/agilex_ws/install/teb_msgs/share/colcon-core/packages/teb_msgs)
[33.187s] Level 1:colcon.colcon_core.environment:create_environment_scripts_only(teb_msgs)
[33.189s] Level 1:colcon.colcon_core.environment:checking '/home/agilex/agilex_ws/install/teb_msgs' for CMake module files
[33.190s] Level 1:colcon.colcon_core.environment:checking '/home/agilex/agilex_ws/install/teb_msgs' for CMake config files
[33.190s] Level 1:colcon.colcon_core.shell:create_environment_hook('teb_msgs', 'cmake_prefix_path')
[33.191s] INFO:colcon.colcon_core.shell:Creating environment hook '/home/agilex/agilex_ws/install/teb_msgs/share/teb_msgs/hook/cmake_prefix_path.ps1'
[33.192s] INFO:colcon.colcon_core.shell:Creating environment descriptor '/home/agilex/agilex_ws/install/teb_msgs/share/teb_msgs/hook/cmake_prefix_path.dsv'
[33.192s] INFO:colcon.colcon_core.shell:Creating environment hook '/home/agilex/agilex_ws/install/teb_msgs/share/teb_msgs/hook/cmake_prefix_path.sh'
[33.192s] Level 1:colcon.colcon_core.environment:checking '/home/agilex/agilex_ws/install/teb_msgs/lib'
[33.192s] Level 1:colcon.colcon_core.shell:create_environment_hook('teb_msgs', 'ld_library_path_lib')
[33.194s] INFO:colcon.colcon_core.shell:Creating environment hook '/home/agilex/agilex_ws/install/teb_msgs/share/teb_msgs/hook/ld_library_path_lib.ps1'
[33.194s] INFO:colcon.colcon_core.shell:Creating environment descriptor '/home/agilex/agilex_ws/install/teb_msgs/share/teb_msgs/hook/ld_library_path_lib.dsv'
[33.195s] INFO:colcon.colcon_core.shell:Creating environment hook '/home/agilex/agilex_ws/install/teb_msgs/share/teb_msgs/hook/ld_library_path_lib.sh'
[33.195s] Level 1:colcon.colcon_core.environment:checking '/home/agilex/agilex_ws/install/teb_msgs/bin'
[33.195s] Level 1:colcon.colcon_core.environment:checking '/home/agilex/agilex_ws/install/teb_msgs/lib/pkgconfig/teb_msgs.pc'
[33.195s] Level 1:colcon.colcon_core.environment:checking '/home/agilex/agilex_ws/install/teb_msgs/lib/python3.10/site-packages'
[33.195s] Level 1:colcon.colcon_core.environment:checking '/home/agilex/agilex_ws/install/teb_msgs/bin'
[33.197s] INFO:colcon.colcon_core.shell:Creating package script '/home/agilex/agilex_ws/install/teb_msgs/share/teb_msgs/package.ps1'
[33.198s] INFO:colcon.colcon_core.shell:Creating package descriptor '/home/agilex/agilex_ws/install/teb_msgs/share/teb_msgs/package.dsv'
[33.198s] INFO:colcon.colcon_core.shell:Creating package script '/home/agilex/agilex_ws/install/teb_msgs/share/teb_msgs/package.sh'
[33.201s] INFO:colcon.colcon_core.shell:Creating package script '/home/agilex/agilex_ws/install/teb_msgs/share/teb_msgs/package.bash'
[33.202s] INFO:colcon.colcon_core.shell:Creating package script '/home/agilex/agilex_ws/install/teb_msgs/share/teb_msgs/package.zsh'
[33.202s] Level 1:colcon.colcon_core.environment:create_file_with_runtime_dependencies(/home/agilex/agilex_ws/install/teb_msgs/share/colcon-core/packages/teb_msgs)
[33.203s] INFO:colcon.colcon_ros.task.ament_cmake.build:Building ROS package in '/home/agilex/agilex_ws/src/ydlidar_ros2_driver' with build type 'ament_cmake'
[33.203s] INFO:colcon.colcon_cmake.task.cmake.build:Building CMake package in '/home/agilex/agilex_ws/src/ydlidar_ros2_driver'
[33.205s] INFO:colcon.colcon_core.shell:Skip shell extension 'powershell' for command environment: Not usable outside of PowerShell
[33.205s] DEBUG:colcon.colcon_core.shell:Skip shell extension 'dsv' for command environment
[33.229s] DEBUG:colcon.colcon_core.event_handler.log_command:Invoking command in '/home/agilex/agilex_ws/build/ydlidar_ros2_driver': CMAKE_PREFIX_PATH=/opt/ros/humble /usr/bin/cmake /home/agilex/agilex_ws/src/ydlidar_ros2_driver -DCMAKE_INSTALL_PREFIX=/home/agilex/agilex_ws/install/ydlidar_ros2_driver
[39.847s] DEBUG:colcon.colcon_core.event_handler.log_command:Invoked command in '/home/agilex/agilex_ws/build/nav2_voxel_grid' returned '0': AMENT_PREFIX_PATH=/home/agilex/agilex_ws/install/nav2_common:${AMENT_PREFIX_PATH} CMAKE_PREFIX_PATH=/home/agilex/agilex_ws/install/nav2_common:/opt/ros/humble PYTHONPATH=/home/agilex/agilex_ws/install/nav2_common/local/lib/python3.10/dist-packages:${PYTHONPATH} /usr/bin/cmake --build /home/agilex/agilex_ws/build/nav2_voxel_grid -- -j8 -l8
[39.868s] DEBUG:colcon.colcon_core.event_handler.log_command:Invoking command in '/home/agilex/agilex_ws/build/nav2_voxel_grid': AMENT_PREFIX_PATH=/home/agilex/agilex_ws/install/nav2_common:${AMENT_PREFIX_PATH} CMAKE_PREFIX_PATH=/home/agilex/agilex_ws/install/nav2_common:/opt/ros/humble PYTHONPATH=/home/agilex/agilex_ws/install/nav2_common/local/lib/python3.10/dist-packages:${PYTHONPATH} /usr/bin/cmake --install /home/agilex/agilex_ws/build/nav2_voxel_grid
[44.786s] DEBUG:colcon.colcon_core.event_handler.log_command:Invoked command in '/home/agilex/agilex_ws/build/glog' returned '0': /usr/bin/cmake --build /home/agilex/agilex_ws/build/glog -- -j8 -l8
[44.789s] DEBUG:colcon.colcon_core.event_handler.log_command:Invoked command in '/home/agilex/agilex_ws/build/ydlidar_ros2_driver' returned '0': CMAKE_PREFIX_PATH=/opt/ros/humble /usr/bin/cmake /home/agilex/agilex_ws/src/ydlidar_ros2_driver -DCMAKE_INSTALL_PREFIX=/home/agilex/agilex_ws/install/ydlidar_ros2_driver
[44.790s] DEBUG:colcon.colcon_core.event_handler.log_command:Invoking command in '/home/agilex/agilex_ws/build/ydlidar_ros2_driver': CMAKE_PREFIX_PATH=/opt/ros/humble /usr/bin/cmake --build /home/agilex/agilex_ws/build/ydlidar_ros2_driver -- -j8 -l8
[44.790s] Level 1:colcon.colcon_core.environment:create_environment_scripts_only(nav2_voxel_grid)
[44.793s] Level 1:colcon.colcon_core.environment:checking '/home/agilex/agilex_ws/install/nav2_voxel_grid' for CMake module files
[44.794s] DEBUG:colcon.colcon_core.event_handler.log_command:Invoked command in '/home/agilex/agilex_ws/build/nav2_voxel_grid' returned '0': AMENT_PREFIX_PATH=/home/agilex/agilex_ws/install/nav2_common:${AMENT_PREFIX_PATH} CMAKE_PREFIX_PATH=/home/agilex/agilex_ws/install/nav2_common:/opt/ros/humble PYTHONPATH=/home/agilex/agilex_ws/install/nav2_common/local/lib/python3.10/dist-packages:${PYTHONPATH} /usr/bin/cmake --install /home/agilex/agilex_ws/build/nav2_voxel_grid
[44.794s] Level 1:colcon.colcon_core.environment:checking '/home/agilex/agilex_ws/install/nav2_voxel_grid' for CMake config files
[44.794s] Level 1:colcon.colcon_core.shell:create_environment_hook('nav2_voxel_grid', 'cmake_prefix_path')
[44.796s] INFO:colcon.colcon_core.shell:Creating environment hook '/home/agilex/agilex_ws/install/nav2_voxel_grid/share/nav2_voxel_grid/hook/cmake_prefix_path.ps1'
[44.796s] INFO:colcon.colcon_core.shell:Creating environment descriptor '/home/agilex/agilex_ws/install/nav2_voxel_grid/share/nav2_voxel_grid/hook/cmake_prefix_path.dsv'
[44.797s] INFO:colcon.colcon_core.shell:Creating environment hook '/home/agilex/agilex_ws/install/nav2_voxel_grid/share/nav2_voxel_grid/hook/cmake_prefix_path.sh'
[44.798s] Level 1:colcon.colcon_core.environment:checking '/home/agilex/agilex_ws/install/nav2_voxel_grid/lib'
[44.798s] Level 1:colcon.colcon_core.shell:create_environment_hook('nav2_voxel_grid', 'ld_library_path_lib')
[44.799s] INFO:colcon.colcon_core.shell:Creating environment hook '/home/agilex/agilex_ws/install/nav2_voxel_grid/share/nav2_voxel_grid/hook/ld_library_path_lib.ps1'
[44.800s] INFO:colcon.colcon_core.shell:Creating environment descriptor '/home/agilex/agilex_ws/install/nav2_voxel_grid/share/nav2_voxel_grid/hook/ld_library_path_lib.dsv'
[44.800s] INFO:colcon.colcon_core.shell:Creating environment hook '/home/agilex/agilex_ws/install/nav2_voxel_grid/share/nav2_voxel_grid/hook/ld_library_path_lib.sh'
[44.801s] Level 1:colcon.colcon_core.environment:checking '/home/agilex/agilex_ws/install/nav2_voxel_grid/bin'
[44.801s] Level 1:colcon.colcon_core.environment:checking '/home/agilex/agilex_ws/install/nav2_voxel_grid/lib/pkgconfig/nav2_voxel_grid.pc'
[44.801s] Level 1:colcon.colcon_core.environment:checking '/home/agilex/agilex_ws/install/nav2_voxel_grid/lib/python3.10/site-packages'
[44.801s] Level 1:colcon.colcon_core.environment:checking '/home/agilex/agilex_ws/install/nav2_voxel_grid/bin'
[44.803s] INFO:colcon.colcon_core.shell:Creating package script '/home/agilex/agilex_ws/install/nav2_voxel_grid/share/nav2_voxel_grid/package.ps1'
[44.803s] INFO:colcon.colcon_core.shell:Creating package descriptor '/home/agilex/agilex_ws/install/nav2_voxel_grid/share/nav2_voxel_grid/package.dsv'
[44.804s] INFO:colcon.colcon_core.shell:Creating package script '/home/agilex/agilex_ws/install/nav2_voxel_grid/share/nav2_voxel_grid/package.sh'
[44.804s] INFO:colcon.colcon_core.shell:Creating package script '/home/agilex/agilex_ws/install/nav2_voxel_grid/share/nav2_voxel_grid/package.bash'
[44.804s] INFO:colcon.colcon_core.shell:Creating package script '/home/agilex/agilex_ws/install/nav2_voxel_grid/share/nav2_voxel_grid/package.zsh'
[44.805s] Level 1:colcon.colcon_core.environment:create_file_with_runtime_dependencies(/home/agilex/agilex_ws/install/nav2_voxel_grid/share/colcon-core/packages/nav2_voxel_grid)
[44.830s] Level 1:colcon.colcon_core.environment:create_environment_scripts_only(nav2_voxel_grid)
[44.833s] Level 1:colcon.colcon_core.environment:checking '/home/agilex/agilex_ws/install/nav2_voxel_grid' for CMake module files
[44.834s] Level 1:colcon.colcon_core.environment:checking '/home/agilex/agilex_ws/install/nav2_voxel_grid' for CMake config files
[44.834s] Level 1:colcon.colcon_core.shell:create_environment_hook('nav2_voxel_grid', 'cmake_prefix_path')
[44.835s] INFO:colcon.colcon_core.shell:Creating environment hook '/home/agilex/agilex_ws/install/nav2_voxel_grid/share/nav2_voxel_grid/hook/cmake_prefix_path.ps1'
[44.836s] INFO:colcon.colcon_core.shell:Creating environment descriptor '/home/agilex/agilex_ws/install/nav2_voxel_grid/share/nav2_voxel_grid/hook/cmake_prefix_path.dsv'
[44.836s] INFO:colcon.colcon_core.shell:Creating environment hook '/home/agilex/agilex_ws/install/nav2_voxel_grid/share/nav2_voxel_grid/hook/cmake_prefix_path.sh'
[44.836s] Level 1:colcon.colcon_core.environment:checking '/home/agilex/agilex_ws/install/nav2_voxel_grid/lib'
[44.837s] Level 1:colcon.colcon_core.shell:create_environment_hook('nav2_voxel_grid', 'ld_library_path_lib')
[44.838s] INFO:colcon.colcon_core.shell:Creating environment hook '/home/agilex/agilex_ws/install/nav2_voxel_grid/share/nav2_voxel_grid/hook/ld_library_path_lib.ps1'
[44.838s] INFO:colcon.colcon_core.shell:Creating environment descriptor '/home/agilex/agilex_ws/install/nav2_voxel_grid/share/nav2_voxel_grid/hook/ld_library_path_lib.dsv'
[44.839s] INFO:colcon.colcon_core.shell:Creating environment hook '/home/agilex/agilex_ws/install/nav2_voxel_grid/share/nav2_voxel_grid/hook/ld_library_path_lib.sh'
[44.839s] Level 1:colcon.colcon_core.environment:checking '/home/agilex/agilex_ws/install/nav2_voxel_grid/bin'
[44.839s] Level 1:colcon.colcon_core.environment:checking '/home/agilex/agilex_ws/install/nav2_voxel_grid/lib/pkgconfig/nav2_voxel_grid.pc'
[44.839s] Level 1:colcon.colcon_core.environment:checking '/home/agilex/agilex_ws/install/nav2_voxel_grid/lib/python3.10/site-packages'
[44.840s] Level 1:colcon.colcon_core.environment:checking '/home/agilex/agilex_ws/install/nav2_voxel_grid/bin'
[44.841s] INFO:colcon.colcon_core.shell:Creating package script '/home/agilex/agilex_ws/install/nav2_voxel_grid/share/nav2_voxel_grid/package.ps1'
[44.843s] INFO:colcon.colcon_core.shell:Creating package descriptor '/home/agilex/agilex_ws/install/nav2_voxel_grid/share/nav2_voxel_grid/package.dsv'
[44.844s] INFO:colcon.colcon_core.shell:Creating package script '/home/agilex/agilex_ws/install/nav2_voxel_grid/share/nav2_voxel_grid/package.sh'
[44.844s] INFO:colcon.colcon_core.shell:Creating package script '/home/agilex/agilex_ws/install/nav2_voxel_grid/share/nav2_voxel_grid/package.bash'
[44.844s] INFO:colcon.colcon_core.shell:Creating package script '/home/agilex/agilex_ws/install/nav2_voxel_grid/share/nav2_voxel_grid/package.zsh'
[44.845s] Level 1:colcon.colcon_core.environment:create_file_with_runtime_dependencies(/home/agilex/agilex_ws/install/nav2_voxel_grid/share/colcon-core/packages/nav2_voxel_grid)
[44.848s] INFO:colcon.colcon_cmake.task.cmake.build:Building CMake package in '/home/agilex/agilex_ws/src/YDLidar-SDK'
[44.850s] INFO:colcon.colcon_core.shell:Skip shell extension 'powershell' for command environment: Not usable outside of PowerShell
[44.850s] DEBUG:colcon.colcon_core.shell:Skip shell extension 'dsv' for command environment
[44.859s] DEBUG:colcon.colcon_core.event_handler.log_command:Invoking command in '/home/agilex/agilex_ws/build/ydlidar_sdk': /usr/bin/cmake /home/agilex/agilex_ws/src/YDLidar-SDK -DCMAKE_INSTALL_PREFIX=/home/agilex/agilex_ws/install/ydlidar_sdk
[44.929s] DEBUG:colcon.colcon_core.event_handler.log_command:Invoking command in '/home/agilex/agilex_ws/build/glog': /usr/bin/cmake --install /home/agilex/agilex_ws/build/glog
[51.326s] DEBUG:colcon.colcon_core.event_handler.log_command:Invoked command in '/home/agilex/agilex_ws/build/dwb_msgs' returned '0': AMENT_PREFIX_PATH=/home/agilex/agilex_ws/install/nav_2d_msgs:${AMENT_PREFIX_PATH} CMAKE_PREFIX_PATH=/home/agilex/agilex_ws/install/nav_2d_msgs:/opt/ros/humble LD_LIBRARY_PATH=/home/agilex/agilex_ws/install/nav_2d_msgs/lib:${LD_LIBRARY_PATH} PYTHONPATH=/home/agilex/agilex_ws/install/nav_2d_msgs/local/lib/python3.10/dist-packages:${PYTHONPATH} /usr/bin/cmake --build /home/agilex/agilex_ws/build/dwb_msgs -- -j8 -l8
[51.328s] DEBUG:colcon.colcon_core.event_handler.log_command:Invoked command in '/home/agilex/agilex_ws/build/ydlidar_sdk' returned '0': /usr/bin/cmake /home/agilex/agilex_ws/src/YDLidar-SDK -DCMAKE_INSTALL_PREFIX=/home/agilex/agilex_ws/install/ydlidar_sdk
[51.329s] DEBUG:colcon.colcon_core.event_handler.log_command:Invoking command in '/home/agilex/agilex_ws/build/ydlidar_sdk': /usr/bin/cmake --build /home/agilex/agilex_ws/build/ydlidar_sdk -- -j8 -l8
[51.337s] Level 1:colcon.colcon_core.environment:create_environment_scripts_only(glog)
[51.340s] Level 1:colcon.colcon_core.environment:checking '/home/agilex/agilex_ws/install/glog' for CMake module files
[51.341s] Level 1:colcon.colcon_core.shell:create_environment_hook('glog', 'cmake_module_path')
[51.342s] INFO:colcon.colcon_core.shell:Creating environment hook '/home/agilex/agilex_ws/install/glog/share/glog/hook/cmake_module_path.ps1'
[51.343s] INFO:colcon.colcon_core.shell:Creating environment descriptor '/home/agilex/agilex_ws/install/glog/share/glog/hook/cmake_module_path.dsv'
[51.343s] INFO:colcon.colcon_core.shell:Creating environment hook '/home/agilex/agilex_ws/install/glog/share/glog/hook/cmake_module_path.sh'
[51.344s] Level 1:colcon.colcon_core.environment:checking '/home/agilex/agilex_ws/install/glog' for CMake config files
[51.344s] DEBUG:colcon.colcon_core.event_handler.log_command:Invoked command in '/home/agilex/agilex_ws/build/glog' returned '0': /usr/bin/cmake --install /home/agilex/agilex_ws/build/glog
[51.344s] Level 1:colcon.colcon_core.shell:create_environment_hook('glog', 'cmake_prefix_path')
[51.346s] INFO:colcon.colcon_core.shell:Creating environment hook '/home/agilex/agilex_ws/install/glog/share/glog/hook/cmake_prefix_path.ps1'
[51.347s] INFO:colcon.colcon_core.shell:Creating environment descriptor '/home/agilex/agilex_ws/install/glog/share/glog/hook/cmake_prefix_path.dsv'
[51.347s] INFO:colcon.colcon_core.shell:Creating environment hook '/home/agilex/agilex_ws/install/glog/share/glog/hook/cmake_prefix_path.sh'
[51.348s] Level 1:colcon.colcon_core.environment:checking '/home/agilex/agilex_ws/install/glog/lib'
[51.348s] Level 1:colcon.colcon_core.shell:create_environment_hook('glog', 'ld_library_path_lib')
[51.350s] INFO:colcon.colcon_core.shell:Creating environment hook '/home/agilex/agilex_ws/install/glog/share/glog/hook/ld_library_path_lib.ps1'
[51.350s] INFO:colcon.colcon_core.shell:Creating environment descriptor '/home/agilex/agilex_ws/install/glog/share/glog/hook/ld_library_path_lib.dsv'
[51.350s] INFO:colcon.colcon_core.shell:Creating environment hook '/home/agilex/agilex_ws/install/glog/share/glog/hook/ld_library_path_lib.sh'
[51.351s] Level 1:colcon.colcon_core.environment:checking '/home/agilex/agilex_ws/install/glog/bin'
[51.351s] Level 1:colcon.colcon_core.environment:checking '/home/agilex/agilex_ws/install/glog/lib/pkgconfig/glog.pc'
[51.351s] Level 1:colcon.colcon_core.environment:checking '/home/agilex/agilex_ws/install/glog/lib/python3.10/site-packages'
[51.352s] Level 1:colcon.colcon_core.environment:checking '/home/agilex/agilex_ws/install/glog/bin'
[51.354s] INFO:colcon.colcon_core.shell:Creating package script '/home/agilex/agilex_ws/install/glog/share/glog/package.ps1'
[51.354s] INFO:colcon.colcon_core.shell:Creating package descriptor '/home/agilex/agilex_ws/install/glog/share/glog/package.dsv'
[51.355s] INFO:colcon.colcon_core.shell:Creating package script '/home/agilex/agilex_ws/install/glog/share/glog/package.sh'
[51.355s] INFO:colcon.colcon_core.shell:Creating package script '/home/agilex/agilex_ws/install/glog/share/glog/package.bash'
[51.356s] INFO:colcon.colcon_core.shell:Creating package script '/home/agilex/agilex_ws/install/glog/share/glog/package.zsh'
[51.356s] Level 1:colcon.colcon_core.environment:create_file_with_runtime_dependencies(/home/agilex/agilex_ws/install/glog/share/colcon-core/packages/glog)
[51.358s] INFO:colcon.colcon_ros.task.ament_python.build:Building ROS package in '/home/agilex/agilex_ws/src/yolov5_ros2' with build type 'ament_python'
[51.359s] Level 1:colcon.colcon_core.shell:create_environment_hook('yolov5_ros2', 'ament_prefix_path')
[51.360s] INFO:colcon.colcon_core.shell:Creating environment hook '/home/agilex/agilex_ws/install/yolov5_ros2/share/yolov5_ros2/hook/ament_prefix_path.ps1'
[51.361s] INFO:colcon.colcon_core.shell:Creating environment descriptor '/home/agilex/agilex_ws/install/yolov5_ros2/share/yolov5_ros2/hook/ament_prefix_path.dsv'
[51.361s] INFO:colcon.colcon_core.shell:Creating environment hook '/home/agilex/agilex_ws/install/yolov5_ros2/share/yolov5_ros2/hook/ament_prefix_path.sh'
[51.364s] INFO:colcon.colcon_core.shell:Skip shell extension 'powershell' for command environment: Not usable outside of PowerShell
[51.364s] DEBUG:colcon.colcon_core.shell:Skip shell extension 'dsv' for command environment
[51.752s] WARNING:colcon.colcon_ros.task.ament_python.build:Package 'yolov5_ros2' doesn't explicitly install a marker in the package index (colcon-ros currently does it implicitly but that fallback will be removed in the future)
[51.752s] INFO:colcon.colcon_core.task.python.build:Building Python package in '/home/agilex/agilex_ws/src/yolov5_ros2'
[51.754s] INFO:colcon.colcon_core.shell:Skip shell extension 'powershell' for command environment: Not usable outside of PowerShell
[51.754s] DEBUG:colcon.colcon_core.shell:Skip shell extension 'dsv' for command environment
[51.759s] DEBUG:colcon.colcon_core.event_handler.log_command:Invoking command in '/home/agilex/agilex_ws/build/dwb_msgs': AMENT_PREFIX_PATH=/home/agilex/agilex_ws/install/nav_2d_msgs:${AMENT_PREFIX_PATH} CMAKE_PREFIX_PATH=/home/agilex/agilex_ws/install/nav_2d_msgs:/opt/ros/humble LD_LIBRARY_PATH=/home/agilex/agilex_ws/install/nav_2d_msgs/lib:${LD_LIBRARY_PATH} PYTHONPATH=/home/agilex/agilex_ws/install/nav_2d_msgs/local/lib/python3.10/dist-packages:${PYTHONPATH} /usr/bin/cmake --install /home/agilex/agilex_ws/build/dwb_msgs
[52.127s] DEBUG:colcon.colcon_core.event_handler.log_command:Invoking command in '/home/agilex/agilex_ws/src/yolov5_ros2': PYTHONPATH=/home/agilex/agilex_ws/build/yolov5_ros2/prefix_override:/home/agilex/agilex_ws/install/yolov5_ros2/lib/python3.10/site-packages:${PYTHONPATH} /usr/bin/python3 setup.py egg_info --egg-base ../../build/yolov5_ros2 build --build-base /home/agilex/agilex_ws/build/yolov5_ros2/build install --record /home/agilex/agilex_ws/build/yolov5_ros2/install.log --single-version-externally-managed
[57.004s] DEBUG:colcon.colcon_core.event_handler.log_command:Invoked command in '/home/agilex/agilex_ws/build/limo_visions' returned '0': CMAKE_PREFIX_PATH=/opt/ros/humble /usr/bin/cmake --build /home/agilex/agilex_ws/build/limo_visions -- -j8 -l8
[57.149s] Level 1:colcon.colcon_core.environment:checking '/home/agilex/agilex_ws/install/yolov5_ros2' for CMake module files
[57.150s] Level 1:colcon.colcon_core.environment:checking '/home/agilex/agilex_ws/install/yolov5_ros2' for CMake config files
[57.150s] Level 1:colcon.colcon_core.environment:checking '/home/agilex/agilex_ws/install/yolov5_ros2/lib'
[57.150s] Level 1:colcon.colcon_core.environment:checking '/home/agilex/agilex_ws/install/yolov5_ros2/bin'
[57.150s] Level 1:colcon.colcon_core.environment:checking '/home/agilex/agilex_ws/install/yolov5_ros2/lib/pkgconfig/yolov5_ros2.pc'
[57.151s] Level 1:colcon.colcon_core.environment:checking '/home/agilex/agilex_ws/install/yolov5_ros2/lib/python3.10/site-packages'
[57.151s] Level 1:colcon.colcon_core.shell:create_environment_hook('yolov5_ros2', 'pythonpath')
[57.152s] INFO:colcon.colcon_core.shell:Creating environment hook '/home/agilex/agilex_ws/install/yolov5_ros2/share/yolov5_ros2/hook/pythonpath.ps1'
[57.153s] INFO:colcon.colcon_core.shell:Creating environment descriptor '/home/agilex/agilex_ws/install/yolov5_ros2/share/yolov5_ros2/hook/pythonpath.dsv'
[57.153s] INFO:colcon.colcon_core.shell:Creating environment hook '/home/agilex/agilex_ws/install/yolov5_ros2/share/yolov5_ros2/hook/pythonpath.sh'
[57.157s] Level 1:colcon.colcon_core.environment:checking '/home/agilex/agilex_ws/install/yolov5_ros2/bin'
[57.157s] Level 1:colcon.colcon_core.environment:create_environment_scripts_only(yolov5_ros2)
[57.159s] INFO:colcon.colcon_core.shell:Creating package script '/home/agilex/agilex_ws/install/yolov5_ros2/share/yolov5_ros2/package.ps1'
[57.157s] DEBUG:colcon.colcon_core.event_handler.log_command:Invoked command in '/home/agilex/agilex_ws/src/yolov5_ros2' returned '0': PYTHONPATH=/home/agilex/agilex_ws/build/yolov5_ros2/prefix_override:/home/agilex/agilex_ws/install/yolov5_ros2/lib/python3.10/site-packages:${PYTHONPATH} /usr/bin/python3 setup.py egg_info --egg-base ../../build/yolov5_ros2 build --build-base /home/agilex/agilex_ws/build/yolov5_ros2/build install --record /home/agilex/agilex_ws/build/yolov5_ros2/install.log --single-version-externally-managed
[57.165s] INFO:colcon.colcon_core.shell:Creating package descriptor '/home/agilex/agilex_ws/install/yolov5_ros2/share/yolov5_ros2/package.dsv'
[57.166s] INFO:colcon.colcon_core.shell:Creating package script '/home/agilex/agilex_ws/install/yolov5_ros2/share/yolov5_ros2/package.sh'
[57.166s] INFO:colcon.colcon_core.shell:Creating package script '/home/agilex/agilex_ws/install/yolov5_ros2/share/yolov5_ros2/package.bash'
[57.166s] INFO:colcon.colcon_core.shell:Creating package script '/home/agilex/agilex_ws/install/yolov5_ros2/share/yolov5_ros2/package.zsh'
[57.167s] Level 1:colcon.colcon_core.environment:create_file_with_runtime_dependencies(/home/agilex/agilex_ws/install/yolov5_ros2/share/colcon-core/packages/yolov5_ros2)
[57.168s] INFO:colcon.colcon_ros.task.ament_cmake.build:Building ROS package in '/home/agilex/agilex_ws/src/aruco_ros/aruco_ros' with build type 'ament_cmake'
[57.169s] INFO:colcon.colcon_cmake.task.cmake.build:Building CMake package in '/home/agilex/agilex_ws/src/aruco_ros/aruco_ros'
[57.170s] INFO:colcon.colcon_core.shell:Skip shell extension 'powershell' for command environment: Not usable outside of PowerShell
[57.170s] DEBUG:colcon.colcon_core.shell:Skip shell extension 'dsv' for command environment
[57.198s] Level 1:colcon.colcon_core.environment:create_environment_scripts_only(dwb_msgs)
[57.201s] Level 1:colcon.colcon_core.environment:checking '/home/agilex/agilex_ws/install/dwb_msgs' for CMake module files
[57.202s] DEBUG:colcon.colcon_core.event_handler.log_command:Invoked command in '/home/agilex/agilex_ws/build/dwb_msgs' returned '0': AMENT_PREFIX_PATH=/home/agilex/agilex_ws/install/nav_2d_msgs:${AMENT_PREFIX_PATH} CMAKE_PREFIX_PATH=/home/agilex/agilex_ws/install/nav_2d_msgs:/opt/ros/humble LD_LIBRARY_PATH=/home/agilex/agilex_ws/install/nav_2d_msgs/lib:${LD_LIBRARY_PATH} PYTHONPATH=/home/agilex/agilex_ws/install/nav_2d_msgs/local/lib/python3.10/dist-packages:${PYTHONPATH} /usr/bin/cmake --install /home/agilex/agilex_ws/build/dwb_msgs
[57.203s] Level 1:colcon.colcon_core.environment:checking '/home/agilex/agilex_ws/install/dwb_msgs' for CMake config files
[57.203s] Level 1:colcon.colcon_core.shell:create_environment_hook('dwb_msgs', 'cmake_prefix_path')
[57.205s] INFO:colcon.colcon_core.shell:Creating environment hook '/home/agilex/agilex_ws/install/dwb_msgs/share/dwb_msgs/hook/cmake_prefix_path.ps1'
[57.205s] INFO:colcon.colcon_core.shell:Creating environment descriptor '/home/agilex/agilex_ws/install/dwb_msgs/share/dwb_msgs/hook/cmake_prefix_path.dsv'
[57.205s] INFO:colcon.colcon_core.shell:Creating environment hook '/home/agilex/agilex_ws/install/dwb_msgs/share/dwb_msgs/hook/cmake_prefix_path.sh'
[57.206s] Level 1:colcon.colcon_core.environment:checking '/home/agilex/agilex_ws/install/dwb_msgs/lib'
[57.206s] Level 1:colcon.colcon_core.shell:create_environment_hook('dwb_msgs', 'ld_library_path_lib')
[57.208s] INFO:colcon.colcon_core.shell:Creating environment hook '/home/agilex/agilex_ws/install/dwb_msgs/share/dwb_msgs/hook/ld_library_path_lib.ps1'
[57.208s] INFO:colcon.colcon_core.shell:Creating environment descriptor '/home/agilex/agilex_ws/install/dwb_msgs/share/dwb_msgs/hook/ld_library_path_lib.dsv'
[57.208s] INFO:colcon.colcon_core.shell:Creating environment hook '/home/agilex/agilex_ws/install/dwb_msgs/share/dwb_msgs/hook/ld_library_path_lib.sh'
[57.209s] Level 1:colcon.colcon_core.environment:checking '/home/agilex/agilex_ws/install/dwb_msgs/bin'
[57.209s] Level 1:colcon.colcon_core.environment:checking '/home/agilex/agilex_ws/install/dwb_msgs/lib/pkgconfig/dwb_msgs.pc'
[57.209s] Level 1:colcon.colcon_core.environment:checking '/home/agilex/agilex_ws/install/dwb_msgs/lib/python3.10/site-packages'
[57.209s] Level 1:colcon.colcon_core.environment:checking '/home/agilex/agilex_ws/install/dwb_msgs/bin'
[57.211s] INFO:colcon.colcon_core.shell:Creating package script '/home/agilex/agilex_ws/install/dwb_msgs/share/dwb_msgs/package.ps1'
[57.211s] INFO:colcon.colcon_core.shell:Creating package descriptor '/home/agilex/agilex_ws/install/dwb_msgs/share/dwb_msgs/package.dsv'
[57.212s] INFO:colcon.colcon_core.shell:Creating package script '/home/agilex/agilex_ws/install/dwb_msgs/share/dwb_msgs/package.sh'
[57.212s] INFO:colcon.colcon_core.shell:Creating package script '/home/agilex/agilex_ws/install/dwb_msgs/share/dwb_msgs/package.bash'
[57.212s] INFO:colcon.colcon_core.shell:Creating package script '/home/agilex/agilex_ws/install/dwb_msgs/share/dwb_msgs/package.zsh'
[57.213s] Level 1:colcon.colcon_core.environment:create_file_with_runtime_dependencies(/home/agilex/agilex_ws/install/dwb_msgs/share/colcon-core/packages/dwb_msgs)
[57.279s] DEBUG:colcon.colcon_core.event_handler.log_command:Invoking command in '/home/agilex/agilex_ws/build/aruco_ros': AMENT_PREFIX_PATH=/home/agilex/agilex_ws/install/aruco_msgs:/home/agilex/agilex_ws/install/aruco:${AMENT_PREFIX_PATH} CMAKE_PREFIX_PATH=/home/agilex/agilex_ws/install/aruco_msgs:/home/agilex/agilex_ws/install/aruco:/opt/ros/humble LD_LIBRARY_PATH=/home/agilex/agilex_ws/install/aruco_msgs/lib:/home/agilex/agilex_ws/install/aruco/lib:${LD_LIBRARY_PATH} PYTHONPATH=/home/agilex/agilex_ws/install/aruco_msgs/local/lib/python3.10/dist-packages:${PYTHONPATH} /usr/bin/cmake /home/agilex/agilex_ws/src/aruco_ros/aruco_ros -DCMAKE_INSTALL_PREFIX=/home/agilex/agilex_ws/install/aruco_ros
[57.312s] DEBUG:colcon.colcon_core.event_handler.log_command:Invoking command in '/home/agilex/agilex_ws/build/limo_visions': CMAKE_PREFIX_PATH=/opt/ros/humble /usr/bin/cmake --install /home/agilex/agilex_ws/build/limo_visions
[58.280s] Level 1:colcon.colcon_core.environment:create_environment_scripts_only(dwb_msgs)
[58.282s] Level 1:colcon.colcon_core.environment:checking '/home/agilex/agilex_ws/install/dwb_msgs' for CMake module files
[58.283s] Level 1:colcon.colcon_core.environment:checking '/home/agilex/agilex_ws/install/dwb_msgs' for CMake config files
[58.283s] Level 1:colcon.colcon_core.shell:create_environment_hook('dwb_msgs', 'cmake_prefix_path')
[58.285s] INFO:colcon.colcon_core.shell:Creating environment hook '/home/agilex/agilex_ws/install/dwb_msgs/share/dwb_msgs/hook/cmake_prefix_path.ps1'
[58.287s] INFO:colcon.colcon_core.shell:Creating environment descriptor '/home/agilex/agilex_ws/install/dwb_msgs/share/dwb_msgs/hook/cmake_prefix_path.dsv'
[58.287s] INFO:colcon.colcon_core.shell:Creating environment hook '/home/agilex/agilex_ws/install/dwb_msgs/share/dwb_msgs/hook/cmake_prefix_path.sh'
[58.288s] Level 1:colcon.colcon_core.environment:checking '/home/agilex/agilex_ws/install/dwb_msgs/lib'
[58.288s] Level 1:colcon.colcon_core.shell:create_environment_hook('dwb_msgs', 'ld_library_path_lib')
[58.289s] INFO:colcon.colcon_core.shell:Creating environment hook '/home/agilex/agilex_ws/install/dwb_msgs/share/dwb_msgs/hook/ld_library_path_lib.ps1'
[58.289s] INFO:colcon.colcon_core.shell:Creating environment descriptor '/home/agilex/agilex_ws/install/dwb_msgs/share/dwb_msgs/hook/ld_library_path_lib.dsv'
[58.290s] INFO:colcon.colcon_core.shell:Creating environment hook '/home/agilex/agilex_ws/install/dwb_msgs/share/dwb_msgs/hook/ld_library_path_lib.sh'
[58.290s] Level 1:colcon.colcon_core.environment:checking '/home/agilex/agilex_ws/install/dwb_msgs/bin'
[58.290s] Level 1:colcon.colcon_core.environment:checking '/home/agilex/agilex_ws/install/dwb_msgs/lib/pkgconfig/dwb_msgs.pc'
[58.290s] Level 1:colcon.colcon_core.environment:checking '/home/agilex/agilex_ws/install/dwb_msgs/lib/python3.10/site-packages'
[58.291s] Level 1:colcon.colcon_core.environment:checking '/home/agilex/agilex_ws/install/dwb_msgs/bin'
[58.292s] INFO:colcon.colcon_core.shell:Creating package script '/home/agilex/agilex_ws/install/dwb_msgs/share/dwb_msgs/package.ps1'
[58.293s] INFO:colcon.colcon_core.shell:Creating package descriptor '/home/agilex/agilex_ws/install/dwb_msgs/share/dwb_msgs/package.dsv'
[58.293s] INFO:colcon.colcon_core.shell:Creating package script '/home/agilex/agilex_ws/install/dwb_msgs/share/dwb_msgs/package.sh'
[58.294s] INFO:colcon.colcon_core.shell:Creating package script '/home/agilex/agilex_ws/install/dwb_msgs/share/dwb_msgs/package.bash'
[58.295s] INFO:colcon.colcon_core.shell:Creating package script '/home/agilex/agilex_ws/install/dwb_msgs/share/dwb_msgs/package.zsh'
[58.295s] Level 1:colcon.colcon_core.environment:create_file_with_runtime_dependencies(/home/agilex/agilex_ws/install/dwb_msgs/share/colcon-core/packages/dwb_msgs)
[58.296s] INFO:colcon.colcon_ros.task.ament_cmake.build:Building ROS package in '/home/agilex/agilex_ws/src/ros2_astra_camera/astra_camera' with build type 'ament_cmake'
[58.296s] INFO:colcon.colcon_cmake.task.cmake.build:Building CMake package in '/home/agilex/agilex_ws/src/ros2_astra_camera/astra_camera'
[58.298s] INFO:colcon.colcon_core.shell:Skip shell extension 'powershell' for command environment: Not usable outside of PowerShell
[58.298s] DEBUG:colcon.colcon_core.shell:Skip shell extension 'dsv' for command environment
[58.316s] DEBUG:colcon.colcon_core.event_handler.log_command:Invoking command in '/home/agilex/agilex_ws/build/astra_camera': AMENT_PREFIX_PATH=/home/agilex/agilex_ws/install/astra_camera_msgs:${AMENT_PREFIX_PATH} CMAKE_PREFIX_PATH=/home/agilex/agilex_ws/install/astra_camera_msgs:/opt/ros/humble LD_LIBRARY_PATH=/home/agilex/agilex_ws/install/astra_camera_msgs/lib:${LD_LIBRARY_PATH} PYTHONPATH=/home/agilex/agilex_ws/install/astra_camera_msgs/local/lib/python3.10/dist-packages:${PYTHONPATH} /usr/bin/cmake /home/agilex/agilex_ws/src/ros2_astra_camera/astra_camera -DCMAKE_INSTALL_PREFIX=/home/agilex/agilex_ws/install/astra_camera
[59.366s] DEBUG:colcon.colcon_core.event_handler.log_command:Invoked command in '/home/agilex/agilex_ws/build/ydlidar_sdk' returned '0': /usr/bin/cmake --build /home/agilex/agilex_ws/build/ydlidar_sdk -- -j8 -l8
[59.378s] Level 1:colcon.colcon_core.environment:create_environment_scripts_only(limo_visions)
[59.380s] Level 1:colcon.colcon_core.environment:checking '/home/agilex/agilex_ws/install/limo_visions' for CMake module files
[59.381s] Level 1:colcon.colcon_core.environment:checking '/home/agilex/agilex_ws/install/limo_visions' for CMake config files
[59.381s] Level 1:colcon.colcon_core.shell:create_environment_hook('limo_visions', 'cmake_prefix_path')
[59.383s] INFO:colcon.colcon_core.shell:Creating environment hook '/home/agilex/agilex_ws/install/limo_visions/share/limo_visions/hook/cmake_prefix_path.ps1'
[59.383s] DEBUG:colcon.colcon_core.event_handler.log_command:Invoked command in '/home/agilex/agilex_ws/build/limo_visions' returned '0': CMAKE_PREFIX_PATH=/opt/ros/humble /usr/bin/cmake --install /home/agilex/agilex_ws/build/limo_visions
[59.384s] INFO:colcon.colcon_core.shell:Creating environment descriptor '/home/agilex/agilex_ws/install/limo_visions/share/limo_visions/hook/cmake_prefix_path.dsv'
[59.384s] INFO:colcon.colcon_core.shell:Creating environment hook '/home/agilex/agilex_ws/install/limo_visions/share/limo_visions/hook/cmake_prefix_path.sh'
[59.385s] Level 1:colcon.colcon_core.environment:checking '/home/agilex/agilex_ws/install/limo_visions/lib'
[59.385s] Level 1:colcon.colcon_core.environment:checking '/home/agilex/agilex_ws/install/limo_visions/bin'
[59.385s] Level 1:colcon.colcon_core.environment:checking '/home/agilex/agilex_ws/install/limo_visions/lib/pkgconfig/limo_visions.pc'
[59.385s] Level 1:colcon.colcon_core.environment:checking '/home/agilex/agilex_ws/install/limo_visions/lib/python3.10/site-packages'
[59.386s] Level 1:colcon.colcon_core.environment:checking '/home/agilex/agilex_ws/install/limo_visions/bin'
[59.387s] INFO:colcon.colcon_core.shell:Creating package script '/home/agilex/agilex_ws/install/limo_visions/share/limo_visions/package.ps1'
[59.388s] INFO:colcon.colcon_core.shell:Creating package descriptor '/home/agilex/agilex_ws/install/limo_visions/share/limo_visions/package.dsv'
[59.388s] INFO:colcon.colcon_core.shell:Creating package script '/home/agilex/agilex_ws/install/limo_visions/share/limo_visions/package.sh'
[59.389s] INFO:colcon.colcon_core.shell:Creating package script '/home/agilex/agilex_ws/install/limo_visions/share/limo_visions/package.bash'
[59.389s] INFO:colcon.colcon_core.shell:Creating package script '/home/agilex/agilex_ws/install/limo_visions/share/limo_visions/package.zsh'
[59.389s] Level 1:colcon.colcon_core.environment:create_file_with_runtime_dependencies(/home/agilex/agilex_ws/install/limo_visions/share/colcon-core/packages/limo_visions)
[59.429s] Level 1:colcon.colcon_core.environment:create_environment_scripts_only(limo_visions)
[59.432s] Level 1:colcon.colcon_core.environment:checking '/home/agilex/agilex_ws/install/limo_visions' for CMake module files
[59.432s] Level 1:colcon.colcon_core.environment:checking '/home/agilex/agilex_ws/install/limo_visions' for CMake config files
[59.432s] Level 1:colcon.colcon_core.shell:create_environment_hook('limo_visions', 'cmake_prefix_path')
[59.434s] INFO:colcon.colcon_core.shell:Creating environment hook '/home/agilex/agilex_ws/install/limo_visions/share/limo_visions/hook/cmake_prefix_path.ps1'
[59.434s] INFO:colcon.colcon_core.shell:Creating environment descriptor '/home/agilex/agilex_ws/install/limo_visions/share/limo_visions/hook/cmake_prefix_path.dsv'
[59.435s] INFO:colcon.colcon_core.shell:Creating environment hook '/home/agilex/agilex_ws/install/limo_visions/share/limo_visions/hook/cmake_prefix_path.sh'
[59.435s] Level 1:colcon.colcon_core.environment:checking '/home/agilex/agilex_ws/install/limo_visions/lib'
[59.435s] Level 1:colcon.colcon_core.environment:checking '/home/agilex/agilex_ws/install/limo_visions/bin'
[59.435s] Level 1:colcon.colcon_core.environment:checking '/home/agilex/agilex_ws/install/limo_visions/lib/pkgconfig/limo_visions.pc'
[59.436s] Level 1:colcon.colcon_core.environment:checking '/home/agilex/agilex_ws/install/limo_visions/lib/python3.10/site-packages'
[59.436s] Level 1:colcon.colcon_core.environment:checking '/home/agilex/agilex_ws/install/limo_visions/bin'
[59.438s] INFO:colcon.colcon_core.shell:Creating package script '/home/agilex/agilex_ws/install/limo_visions/share/limo_visions/package.ps1'
[59.439s] INFO:colcon.colcon_core.shell:Creating package descriptor '/home/agilex/agilex_ws/install/limo_visions/share/limo_visions/package.dsv'
[59.439s] INFO:colcon.colcon_core.shell:Creating package script '/home/agilex/agilex_ws/install/limo_visions/share/limo_visions/package.sh'
[59.440s] INFO:colcon.colcon_core.shell:Creating package script '/home/agilex/agilex_ws/install/limo_visions/share/limo_visions/package.bash'
[59.440s] INFO:colcon.colcon_core.shell:Creating package script '/home/agilex/agilex_ws/install/limo_visions/share/limo_visions/package.zsh'
[59.440s] Level 1:colcon.colcon_core.environment:create_file_with_runtime_dependencies(/home/agilex/agilex_ws/install/limo_visions/share/colcon-core/packages/limo_visions)
[59.442s] INFO:colcon.colcon_ros.task.ament_cmake.build:Building ROS package in '/home/agilex/agilex_ws/src/limo_ros2/limo_base' with build type 'ament_cmake'
[59.442s] INFO:colcon.colcon_cmake.task.cmake.build:Building CMake package in '/home/agilex/agilex_ws/src/limo_ros2/limo_base'
[59.444s] INFO:colcon.colcon_core.shell:Skip shell extension 'powershell' for command environment: Not usable outside of PowerShell
[59.444s] DEBUG:colcon.colcon_core.shell:Skip shell extension 'dsv' for command environment
[59.456s] DEBUG:colcon.colcon_core.event_handler.log_command:Invoking command in '/home/agilex/agilex_ws/build/limo_base': AMENT_PREFIX_PATH=/home/agilex/agilex_ws/install/limo_msgs:${AMENT_PREFIX_PATH} CMAKE_PREFIX_PATH=/home/agilex/agilex_ws/install/limo_msgs:/opt/ros/humble LD_LIBRARY_PATH=/home/agilex/agilex_ws/install/limo_msgs/lib:${LD_LIBRARY_PATH} PYTHONPATH=/home/agilex/agilex_ws/install/limo_msgs/local/lib/python3.10/dist-packages:${PYTHONPATH} /usr/bin/cmake /home/agilex/agilex_ws/src/limo_ros2/limo_base -DCMAKE_INSTALL_PREFIX=/home/agilex/agilex_ws/install/limo_base
[59.510s] DEBUG:colcon.colcon_core.event_handler.log_command:Invoking command in '/home/agilex/agilex_ws/build/ydlidar_sdk': /usr/bin/cmake --install /home/agilex/agilex_ws/build/ydlidar_sdk
[59.731s] DEBUG:colcon.colcon_core.event_handler.log_command:Invoked command in '/home/agilex/agilex_ws/build/ydlidar_ros2_driver' returned '0': CMAKE_PREFIX_PATH=/opt/ros/humble /usr/bin/cmake --build /home/agilex/agilex_ws/build/ydlidar_ros2_driver -- -j8 -l8
[59.776s] DEBUG:colcon.colcon_core.event_handler.log_command:Invoking command in '/home/agilex/agilex_ws/build/ydlidar_ros2_driver': CMAKE_PREFIX_PATH=/opt/ros/humble /usr/bin/cmake --install /home/agilex/agilex_ws/build/ydlidar_ros2_driver
[60.309s] Level 1:colcon.colcon_core.environment:create_environment_scripts_only(ydlidar_ros2_driver)
[60.313s] Level 1:colcon.colcon_core.environment:checking '/home/agilex/agilex_ws/install/ydlidar_ros2_driver' for CMake module files
[60.314s] Level 1:colcon.colcon_core.environment:checking '/home/agilex/agilex_ws/install/ydlidar_ros2_driver' for CMake config files
[60.314s] Level 1:colcon.colcon_core.shell:create_environment_hook('ydlidar_ros2_driver', 'cmake_prefix_path')
[60.315s] INFO:colcon.colcon_core.shell:Creating environment hook '/home/agilex/agilex_ws/install/ydlidar_ros2_driver/share/ydlidar_ros2_driver/hook/cmake_prefix_path.ps1'
[60.324s] INFO:colcon.colcon_core.shell:Creating environment descriptor '/home/agilex/agilex_ws/install/ydlidar_ros2_driver/share/ydlidar_ros2_driver/hook/cmake_prefix_path.dsv'
[60.334s] INFO:colcon.colcon_core.shell:Creating environment hook '/home/agilex/agilex_ws/install/ydlidar_ros2_driver/share/ydlidar_ros2_driver/hook/cmake_prefix_path.sh'
[60.340s] Level 1:colcon.colcon_core.environment:checking '/home/agilex/agilex_ws/install/ydlidar_ros2_driver/lib'
[60.340s] Level 1:colcon.colcon_core.environment:checking '/home/agilex/agilex_ws/install/ydlidar_ros2_driver/bin'
[60.340s] Level 1:colcon.colcon_core.environment:checking '/home/agilex/agilex_ws/install/ydlidar_ros2_driver/lib/pkgconfig/ydlidar_ros2_driver.pc'
[60.340s] Level 1:colcon.colcon_core.environment:checking '/home/agilex/agilex_ws/install/ydlidar_ros2_driver/lib/python3.10/site-packages'
[60.340s] Level 1:colcon.colcon_core.environment:checking '/home/agilex/agilex_ws/install/ydlidar_ros2_driver/bin'
[60.343s] INFO:colcon.colcon_core.shell:Creating package script '/home/agilex/agilex_ws/install/ydlidar_ros2_driver/share/ydlidar_ros2_driver/package.ps1'
[60.343s] INFO:colcon.colcon_core.shell:Creating package descriptor '/home/agilex/agilex_ws/install/ydlidar_ros2_driver/share/ydlidar_ros2_driver/package.dsv'
[60.344s] INFO:colcon.colcon_core.shell:Creating package script '/home/agilex/agilex_ws/install/ydlidar_ros2_driver/share/ydlidar_ros2_driver/package.sh'
[60.344s] INFO:colcon.colcon_core.shell:Creating package script '/home/agilex/agilex_ws/install/ydlidar_ros2_driver/share/ydlidar_ros2_driver/package.bash'
[60.344s] INFO:colcon.colcon_core.shell:Creating package script '/home/agilex/agilex_ws/install/ydlidar_ros2_driver/share/ydlidar_ros2_driver/package.zsh'
[60.345s] Level 1:colcon.colcon_core.environment:create_file_with_runtime_dependencies(/home/agilex/agilex_ws/install/ydlidar_ros2_driver/share/colcon-core/packages/ydlidar_ros2_driver)
[60.345s] Level 1:colcon.colcon_core.environment:create_environment_scripts_only(ydlidar_sdk)
[60.348s] Level 1:colcon.colcon_core.environment:checking '/home/agilex/agilex_ws/install/ydlidar_sdk' for CMake module files
[60.348s] Level 1:colcon.colcon_core.environment:checking '/home/agilex/agilex_ws/install/ydlidar_sdk' for CMake config files
[60.351s] Level 1:colcon.colcon_core.shell:create_environment_hook('ydlidar_sdk', 'cmake_prefix_path')
[60.353s] INFO:colcon.colcon_core.shell:Creating environment hook '/home/agilex/agilex_ws/install/ydlidar_sdk/share/ydlidar_sdk/hook/cmake_prefix_path.ps1'
[60.353s] INFO:colcon.colcon_core.shell:Creating environment descriptor '/home/agilex/agilex_ws/install/ydlidar_sdk/share/ydlidar_sdk/hook/cmake_prefix_path.dsv'
[60.354s] INFO:colcon.colcon_core.shell:Creating environment hook '/home/agilex/agilex_ws/install/ydlidar_sdk/share/ydlidar_sdk/hook/cmake_prefix_path.sh'
[60.354s] Level 1:colcon.colcon_core.environment:checking '/home/agilex/agilex_ws/install/ydlidar_sdk/lib'
[60.354s] Level 1:colcon.colcon_core.environment:checking '/home/agilex/agilex_ws/install/ydlidar_sdk/bin'
[60.354s] Level 1:colcon.colcon_core.shell:create_environment_hook('ydlidar_sdk', 'path')
[60.356s] INFO:colcon.colcon_core.shell:Creating environment hook '/home/agilex/agilex_ws/install/ydlidar_sdk/share/ydlidar_sdk/hook/path.ps1'
[60.358s] INFO:colcon.colcon_core.shell:Creating environment descriptor '/home/agilex/agilex_ws/install/ydlidar_sdk/share/ydlidar_sdk/hook/path.dsv'
[60.364s] INFO:colcon.colcon_core.shell:Creating environment hook '/home/agilex/agilex_ws/install/ydlidar_sdk/share/ydlidar_sdk/hook/path.sh'
[60.364s] Level 1:colcon.colcon_core.environment:checking '/home/agilex/agilex_ws/install/ydlidar_sdk/lib/pkgconfig/ydlidar_sdk.pc'
[60.365s] Level 1:colcon.colcon_core.environment:checking '/home/agilex/agilex_ws/install/ydlidar_sdk/lib/python3.10/site-packages'
[60.365s] Level 1:colcon.colcon_core.environment:checking '/home/agilex/agilex_ws/install/ydlidar_sdk/bin'
[60.366s] Level 1:colcon.colcon_core.shell:create_environment_hook('ydlidar_sdk', 'pythonscriptspath')
[60.367s] INFO:colcon.colcon_core.shell:Creating environment hook '/home/agilex/agilex_ws/install/ydlidar_sdk/share/ydlidar_sdk/hook/pythonscriptspath.ps1'
[60.368s] INFO:colcon.colcon_core.shell:Creating environment descriptor '/home/agilex/agilex_ws/install/ydlidar_sdk/share/ydlidar_sdk/hook/pythonscriptspath.dsv'
[60.369s] INFO:colcon.colcon_core.shell:Creating environment hook '/home/agilex/agilex_ws/install/ydlidar_sdk/share/ydlidar_sdk/hook/pythonscriptspath.sh'
[60.374s] INFO:colcon.colcon_core.shell:Creating package script '/home/agilex/agilex_ws/install/ydlidar_sdk/share/ydlidar_sdk/package.ps1'
[60.375s] INFO:colcon.colcon_core.shell:Creating package descriptor '/home/agilex/agilex_ws/install/ydlidar_sdk/share/ydlidar_sdk/package.dsv'
[60.375s] INFO:colcon.colcon_core.shell:Creating package script '/home/agilex/agilex_ws/install/ydlidar_sdk/share/ydlidar_sdk/package.sh'
[60.376s] INFO:colcon.colcon_core.shell:Creating package script '/home/agilex/agilex_ws/install/ydlidar_sdk/share/ydlidar_sdk/package.bash'
[60.376s] INFO:colcon.colcon_core.shell:Creating package script '/home/agilex/agilex_ws/install/ydlidar_sdk/share/ydlidar_sdk/package.zsh'
[60.378s] DEBUG:colcon.colcon_core.event_handler.log_command:Invoked command in '/home/agilex/agilex_ws/build/aruco_ros' returned '0': AMENT_PREFIX_PATH=/home/agilex/agilex_ws/install/aruco_msgs:/home/agilex/agilex_ws/install/aruco:${AMENT_PREFIX_PATH} CMAKE_PREFIX_PATH=/home/agilex/agilex_ws/install/aruco_msgs:/home/agilex/agilex_ws/install/aruco:/opt/ros/humble LD_LIBRARY_PATH=/home/agilex/agilex_ws/install/aruco_msgs/lib:/home/agilex/agilex_ws/install/aruco/lib:${LD_LIBRARY_PATH} PYTHONPATH=/home/agilex/agilex_ws/install/aruco_msgs/local/lib/python3.10/dist-packages:${PYTHONPATH} /usr/bin/cmake /home/agilex/agilex_ws/src/aruco_ros/aruco_ros -DCMAKE_INSTALL_PREFIX=/home/agilex/agilex_ws/install/aruco_ros
[60.378s] Level 1:colcon.colcon_core.environment:create_file_with_runtime_dependencies(/home/agilex/agilex_ws/install/ydlidar_sdk/share/colcon-core/packages/ydlidar_sdk)
[60.382s] Level 1:colcon.colcon_core.environment:create_environment_scripts_only(ydlidar_ros2_driver)
[60.385s] Level 1:colcon.colcon_core.environment:checking '/home/agilex/agilex_ws/install/ydlidar_ros2_driver' for CMake module files
[60.391s] DEBUG:colcon.colcon_core.event_handler.log_command:Invoking command in '/home/agilex/agilex_ws/build/aruco_ros': AMENT_PREFIX_PATH=/home/agilex/agilex_ws/install/aruco_msgs:/home/agilex/agilex_ws/install/aruco:${AMENT_PREFIX_PATH} CMAKE_PREFIX_PATH=/home/agilex/agilex_ws/install/aruco_msgs:/home/agilex/agilex_ws/install/aruco:/opt/ros/humble LD_LIBRARY_PATH=/home/agilex/agilex_ws/install/aruco_msgs/lib:/home/agilex/agilex_ws/install/aruco/lib:${LD_LIBRARY_PATH} PYTHONPATH=/home/agilex/agilex_ws/install/aruco_msgs/local/lib/python3.10/dist-packages:${PYTHONPATH} /usr/bin/cmake --build /home/agilex/agilex_ws/build/aruco_ros -- -j8 -l8
[60.391s] DEBUG:colcon.colcon_core.event_handler.log_command:Invoked command in '/home/agilex/agilex_ws/build/ydlidar_ros2_driver' returned '0': CMAKE_PREFIX_PATH=/opt/ros/humble /usr/bin/cmake --install /home/agilex/agilex_ws/build/ydlidar_ros2_driver
[60.392s] DEBUG:colcon.colcon_core.event_handler.log_command:Invoked command in '/home/agilex/agilex_ws/build/ydlidar_sdk' returned '0': /usr/bin/cmake --install /home/agilex/agilex_ws/build/ydlidar_sdk
[60.393s] Level 1:colcon.colcon_core.environment:checking '/home/agilex/agilex_ws/install/ydlidar_ros2_driver' for CMake config files
[60.393s] Level 1:colcon.colcon_core.shell:create_environment_hook('ydlidar_ros2_driver', 'cmake_prefix_path')
[60.395s] INFO:colcon.colcon_core.shell:Creating environment hook '/home/agilex/agilex_ws/install/ydlidar_ros2_driver/share/ydlidar_ros2_driver/hook/cmake_prefix_path.ps1'
[60.395s] INFO:colcon.colcon_core.shell:Creating environment descriptor '/home/agilex/agilex_ws/install/ydlidar_ros2_driver/share/ydlidar_ros2_driver/hook/cmake_prefix_path.dsv'
[60.396s] INFO:colcon.colcon_core.shell:Creating environment hook '/home/agilex/agilex_ws/install/ydlidar_ros2_driver/share/ydlidar_ros2_driver/hook/cmake_prefix_path.sh'
[60.396s] Level 1:colcon.colcon_core.environment:checking '/home/agilex/agilex_ws/install/ydlidar_ros2_driver/lib'
[60.396s] Level 1:colcon.colcon_core.environment:checking '/home/agilex/agilex_ws/install/ydlidar_ros2_driver/bin'
[60.396s] Level 1:colcon.colcon_core.environment:checking '/home/agilex/agilex_ws/install/ydlidar_ros2_driver/lib/pkgconfig/ydlidar_ros2_driver.pc'
[60.396s] Level 1:colcon.colcon_core.environment:checking '/home/agilex/agilex_ws/install/ydlidar_ros2_driver/lib/python3.10/site-packages'
[60.397s] Level 1:colcon.colcon_core.environment:checking '/home/agilex/agilex_ws/install/ydlidar_ros2_driver/bin'
[60.398s] INFO:colcon.colcon_core.shell:Creating package script '/home/agilex/agilex_ws/install/ydlidar_ros2_driver/share/ydlidar_ros2_driver/package.ps1'
[60.399s] INFO:colcon.colcon_core.shell:Creating package descriptor '/home/agilex/agilex_ws/install/ydlidar_ros2_driver/share/ydlidar_ros2_driver/package.dsv'
[60.400s] INFO:colcon.colcon_core.shell:Creating package script '/home/agilex/agilex_ws/install/ydlidar_ros2_driver/share/ydlidar_ros2_driver/package.sh'
[60.400s] INFO:colcon.colcon_core.shell:Creating package script '/home/agilex/agilex_ws/install/ydlidar_ros2_driver/share/ydlidar_ros2_driver/package.bash'
[60.400s] INFO:colcon.colcon_core.shell:Creating package script '/home/agilex/agilex_ws/install/ydlidar_ros2_driver/share/ydlidar_ros2_driver/package.zsh'
[60.401s] Level 1:colcon.colcon_core.environment:create_file_with_runtime_dependencies(/home/agilex/agilex_ws/install/ydlidar_ros2_driver/share/colcon-core/packages/ydlidar_ros2_driver)
[61.326s] DEBUG:colcon.colcon_core.event_handler.log_command:Invoked command in '/home/agilex/agilex_ws/build/astra_camera' returned '0': AMENT_PREFIX_PATH=/home/agilex/agilex_ws/install/astra_camera_msgs:${AMENT_PREFIX_PATH} CMAKE_PREFIX_PATH=/home/agilex/agilex_ws/install/astra_camera_msgs:/opt/ros/humble LD_LIBRARY_PATH=/home/agilex/agilex_ws/install/astra_camera_msgs/lib:${LD_LIBRARY_PATH} PYTHONPATH=/home/agilex/agilex_ws/install/astra_camera_msgs/local/lib/python3.10/dist-packages:${PYTHONPATH} /usr/bin/cmake /home/agilex/agilex_ws/src/ros2_astra_camera/astra_camera -DCMAKE_INSTALL_PREFIX=/home/agilex/agilex_ws/install/astra_camera
[61.326s] DEBUG:colcon.colcon_core.event_handler.log_command:Invoking command in '/home/agilex/agilex_ws/build/astra_camera': AMENT_PREFIX_PATH=/home/agilex/agilex_ws/install/astra_camera_msgs:${AMENT_PREFIX_PATH} CMAKE_PREFIX_PATH=/home/agilex/agilex_ws/install/astra_camera_msgs:/opt/ros/humble LD_LIBRARY_PATH=/home/agilex/agilex_ws/install/astra_camera_msgs/lib:${LD_LIBRARY_PATH} PYTHONPATH=/home/agilex/agilex_ws/install/astra_camera_msgs/local/lib/python3.10/dist-packages:${PYTHONPATH} /usr/bin/cmake --build /home/agilex/agilex_ws/build/astra_camera -- -j8 -l8
[61.860s] DEBUG:colcon.colcon_core.event_handler.log_command:Invoked command in '/home/agilex/agilex_ws/build/limo_base' returned '0': AMENT_PREFIX_PATH=/home/agilex/agilex_ws/install/limo_msgs:${AMENT_PREFIX_PATH} CMAKE_PREFIX_PATH=/home/agilex/agilex_ws/install/limo_msgs:/opt/ros/humble LD_LIBRARY_PATH=/home/agilex/agilex_ws/install/limo_msgs/lib:${LD_LIBRARY_PATH} PYTHONPATH=/home/agilex/agilex_ws/install/limo_msgs/local/lib/python3.10/dist-packages:${PYTHONPATH} /usr/bin/cmake /home/agilex/agilex_ws/src/limo_ros2/limo_base -DCMAKE_INSTALL_PREFIX=/home/agilex/agilex_ws/install/limo_base
[61.862s] DEBUG:colcon.colcon_core.event_handler.log_command:Invoking command in '/home/agilex/agilex_ws/build/limo_base': AMENT_PREFIX_PATH=/home/agilex/agilex_ws/install/limo_msgs:${AMENT_PREFIX_PATH} CMAKE_PREFIX_PATH=/home/agilex/agilex_ws/install/limo_msgs:/opt/ros/humble LD_LIBRARY_PATH=/home/agilex/agilex_ws/install/limo_msgs/lib:${LD_LIBRARY_PATH} PYTHONPATH=/home/agilex/agilex_ws/install/limo_msgs/local/lib/python3.10/dist-packages:${PYTHONPATH} /usr/bin/cmake --build /home/agilex/agilex_ws/build/limo_base -- -j8 -l8
[80.891s] DEBUG:colcon.colcon_core.event_handler.log_command:Invoked command in '/home/agilex/agilex_ws/build/limo_base' returned '0': AMENT_PREFIX_PATH=/home/agilex/agilex_ws/install/limo_msgs:${AMENT_PREFIX_PATH} CMAKE_PREFIX_PATH=/home/agilex/agilex_ws/install/limo_msgs:/opt/ros/humble LD_LIBRARY_PATH=/home/agilex/agilex_ws/install/limo_msgs/lib:${LD_LIBRARY_PATH} PYTHONPATH=/home/agilex/agilex_ws/install/limo_msgs/local/lib/python3.10/dist-packages:${PYTHONPATH} /usr/bin/cmake --build /home/agilex/agilex_ws/build/limo_base -- -j8 -l8
[80.922s] DEBUG:colcon.colcon_core.event_handler.log_command:Invoking command in '/home/agilex/agilex_ws/build/limo_base': AMENT_PREFIX_PATH=/home/agilex/agilex_ws/install/limo_msgs:${AMENT_PREFIX_PATH} CMAKE_PREFIX_PATH=/home/agilex/agilex_ws/install/limo_msgs:/opt/ros/humble LD_LIBRARY_PATH=/home/agilex/agilex_ws/install/limo_msgs/lib:${LD_LIBRARY_PATH} PYTHONPATH=/home/agilex/agilex_ws/install/limo_msgs/local/lib/python3.10/dist-packages:${PYTHONPATH} /usr/bin/cmake --install /home/agilex/agilex_ws/build/limo_base
[80.940s] Level 1:colcon.colcon_core.environment:create_environment_scripts_only(limo_base)
[80.943s] Level 1:colcon.colcon_core.environment:checking '/home/agilex/agilex_ws/install/limo_base' for CMake module files
[80.943s] DEBUG:colcon.colcon_core.event_handler.log_command:Invoked command in '/home/agilex/agilex_ws/build/limo_base' returned '0': AMENT_PREFIX_PATH=/home/agilex/agilex_ws/install/limo_msgs:${AMENT_PREFIX_PATH} CMAKE_PREFIX_PATH=/home/agilex/agilex_ws/install/limo_msgs:/opt/ros/humble LD_LIBRARY_PATH=/home/agilex/agilex_ws/install/limo_msgs/lib:${LD_LIBRARY_PATH} PYTHONPATH=/home/agilex/agilex_ws/install/limo_msgs/local/lib/python3.10/dist-packages:${PYTHONPATH} /usr/bin/cmake --install /home/agilex/agilex_ws/build/limo_base
[80.943s] Level 1:colcon.colcon_core.environment:checking '/home/agilex/agilex_ws/install/limo_base' for CMake config files
[80.944s] Level 1:colcon.colcon_core.shell:create_environment_hook('limo_base', 'cmake_prefix_path')
[80.945s] INFO:colcon.colcon_core.shell:Creating environment hook '/home/agilex/agilex_ws/install/limo_base/share/limo_base/hook/cmake_prefix_path.ps1'
[80.945s] INFO:colcon.colcon_core.shell:Creating environment descriptor '/home/agilex/agilex_ws/install/limo_base/share/limo_base/hook/cmake_prefix_path.dsv'
[80.946s] INFO:colcon.colcon_core.shell:Creating environment hook '/home/agilex/agilex_ws/install/limo_base/share/limo_base/hook/cmake_prefix_path.sh'
[80.946s] Level 1:colcon.colcon_core.environment:checking '/home/agilex/agilex_ws/install/limo_base/lib'
[80.946s] Level 1:colcon.colcon_core.environment:checking '/home/agilex/agilex_ws/install/limo_base/bin'
[80.946s] Level 1:colcon.colcon_core.environment:checking '/home/agilex/agilex_ws/install/limo_base/lib/pkgconfig/limo_base.pc'
[80.947s] Level 1:colcon.colcon_core.environment:checking '/home/agilex/agilex_ws/install/limo_base/lib/python3.10/site-packages'
[80.947s] Level 1:colcon.colcon_core.environment:checking '/home/agilex/agilex_ws/install/limo_base/bin'
[80.949s] INFO:colcon.colcon_core.shell:Creating package script '/home/agilex/agilex_ws/install/limo_base/share/limo_base/package.ps1'
[80.949s] INFO:colcon.colcon_core.shell:Creating package descriptor '/home/agilex/agilex_ws/install/limo_base/share/limo_base/package.dsv'
[80.949s] INFO:colcon.colcon_core.shell:Creating package script '/home/agilex/agilex_ws/install/limo_base/share/limo_base/package.sh'
[80.950s] INFO:colcon.colcon_core.shell:Creating package script '/home/agilex/agilex_ws/install/limo_base/share/limo_base/package.bash'
[80.950s] INFO:colcon.colcon_core.shell:Creating package script '/home/agilex/agilex_ws/install/limo_base/share/limo_base/package.zsh'
[80.950s] Level 1:colcon.colcon_core.environment:create_file_with_runtime_dependencies(/home/agilex/agilex_ws/install/limo_base/share/colcon-core/packages/limo_base)
[80.981s] Level 1:colcon.colcon_core.environment:create_environment_scripts_only(limo_base)
[80.984s] Level 1:colcon.colcon_core.environment:checking '/home/agilex/agilex_ws/install/limo_base' for CMake module files
[80.984s] Level 1:colcon.colcon_core.environment:checking '/home/agilex/agilex_ws/install/limo_base' for CMake config files
[80.984s] Level 1:colcon.colcon_core.shell:create_environment_hook('limo_base', 'cmake_prefix_path')
[80.986s] INFO:colcon.colcon_core.shell:Creating environment hook '/home/agilex/agilex_ws/install/limo_base/share/limo_base/hook/cmake_prefix_path.ps1'
[80.987s] INFO:colcon.colcon_core.shell:Creating environment descriptor '/home/agilex/agilex_ws/install/limo_base/share/limo_base/hook/cmake_prefix_path.dsv'
[80.987s] INFO:colcon.colcon_core.shell:Creating environment hook '/home/agilex/agilex_ws/install/limo_base/share/limo_base/hook/cmake_prefix_path.sh'
[80.987s] Level 1:colcon.colcon_core.environment:checking '/home/agilex/agilex_ws/install/limo_base/lib'
[80.988s] Level 1:colcon.colcon_core.environment:checking '/home/agilex/agilex_ws/install/limo_base/bin'
[80.988s] Level 1:colcon.colcon_core.environment:checking '/home/agilex/agilex_ws/install/limo_base/lib/pkgconfig/limo_base.pc'
[80.988s] Level 1:colcon.colcon_core.environment:checking '/home/agilex/agilex_ws/install/limo_base/lib/python3.10/site-packages'
[80.988s] Level 1:colcon.colcon_core.environment:checking '/home/agilex/agilex_ws/install/limo_base/bin'
[80.990s] INFO:colcon.colcon_core.shell:Creating package script '/home/agilex/agilex_ws/install/limo_base/share/limo_base/package.ps1'
[80.990s] INFO:colcon.colcon_core.shell:Creating package descriptor '/home/agilex/agilex_ws/install/limo_base/share/limo_base/package.dsv'
[80.991s] INFO:colcon.colcon_core.shell:Creating package script '/home/agilex/agilex_ws/install/limo_base/share/limo_base/package.sh'
[80.991s] INFO:colcon.colcon_core.shell:Creating package script '/home/agilex/agilex_ws/install/limo_base/share/limo_base/package.bash'
[80.991s] INFO:colcon.colcon_core.shell:Creating package script '/home/agilex/agilex_ws/install/limo_base/share/limo_base/package.zsh'
[80.992s] Level 1:colcon.colcon_core.environment:create_file_with_runtime_dependencies(/home/agilex/agilex_ws/install/limo_base/share/colcon-core/packages/limo_base)
[86.662s] DEBUG:colcon.colcon_core.event_handler.log_command:Invoked command in '/home/agilex/agilex_ws/build/magic_enum' returned '0': CMAKE_PREFIX_PATH=/opt/ros/humble /usr/bin/cmake --build /home/agilex/agilex_ws/build/magic_enum -- -j8 -l8
[86.979s] DEBUG:colcon.colcon_core.event_handler.log_command:Invoking command in '/home/agilex/agilex_ws/build/magic_enum': CMAKE_PREFIX_PATH=/opt/ros/humble /usr/bin/cmake --install /home/agilex/agilex_ws/build/magic_enum
[87.026s] DEBUG:colcon.colcon_core.event_handler.log_command:Invoked command in '/home/agilex/agilex_ws/build/magic_enum' returned '0': CMAKE_PREFIX_PATH=/opt/ros/humble /usr/bin/cmake --install /home/agilex/agilex_ws/build/magic_enum
[87.329s] Level 1:colcon.colcon_core.shell:create_environment_hook('magic_enum', 'pkg_config_path')
[87.331s] INFO:colcon.colcon_core.shell:Creating environment hook '/home/agilex/agilex_ws/install/magic_enum/share/magic_enum/hook/pkg_config_path.ps1'
[87.331s] INFO:colcon.colcon_core.shell:Creating environment descriptor '/home/agilex/agilex_ws/install/magic_enum/share/magic_enum/hook/pkg_config_path.dsv'
[87.332s] INFO:colcon.colcon_core.shell:Creating environment hook '/home/agilex/agilex_ws/install/magic_enum/share/magic_enum/hook/pkg_config_path.sh'
[87.345s] Level 1:colcon.colcon_core.shell:create_environment_hook('magic_enum', 'pkg_config_path_multiarch')
[87.346s] INFO:colcon.colcon_core.shell:Creating environment hook '/home/agilex/agilex_ws/install/magic_enum/share/magic_enum/hook/pkg_config_path_multiarch.ps1'
[87.347s] INFO:colcon.colcon_core.shell:Creating environment descriptor '/home/agilex/agilex_ws/install/magic_enum/share/magic_enum/hook/pkg_config_path_multiarch.dsv'
[87.347s] INFO:colcon.colcon_core.shell:Creating environment hook '/home/agilex/agilex_ws/install/magic_enum/share/magic_enum/hook/pkg_config_path_multiarch.sh'
[87.348s] Level 1:colcon.colcon_core.environment:create_environment_scripts_only(magic_enum)
[87.350s] Level 1:colcon.colcon_core.environment:checking '/home/agilex/agilex_ws/install/magic_enum' for CMake module files
[87.350s] Level 1:colcon.colcon_core.environment:checking '/home/agilex/agilex_ws/install/magic_enum' for CMake config files
[87.350s] Level 1:colcon.colcon_core.shell:create_environment_hook('magic_enum', 'cmake_prefix_path')
[87.352s] INFO:colcon.colcon_core.shell:Creating environment hook '/home/agilex/agilex_ws/install/magic_enum/share/magic_enum/hook/cmake_prefix_path.ps1'
[87.352s] INFO:colcon.colcon_core.shell:Creating environment descriptor '/home/agilex/agilex_ws/install/magic_enum/share/magic_enum/hook/cmake_prefix_path.dsv'
[87.353s] INFO:colcon.colcon_core.shell:Creating environment hook '/home/agilex/agilex_ws/install/magic_enum/share/magic_enum/hook/cmake_prefix_path.sh'
[87.354s] Level 1:colcon.colcon_core.environment:checking '/home/agilex/agilex_ws/install/magic_enum/lib'
[87.354s] Level 1:colcon.colcon_core.environment:checking '/home/agilex/agilex_ws/install/magic_enum/bin'
[87.354s] Level 1:colcon.colcon_core.environment:checking '/home/agilex/agilex_ws/install/magic_enum/lib/pkgconfig/magic_enum.pc'
[87.354s] Level 1:colcon.colcon_core.environment:checking '/home/agilex/agilex_ws/install/magic_enum/lib/python3.10/site-packages'
[87.354s] Level 1:colcon.colcon_core.environment:checking '/home/agilex/agilex_ws/install/magic_enum/bin'
[87.356s] INFO:colcon.colcon_core.shell:Creating package script '/home/agilex/agilex_ws/install/magic_enum/share/magic_enum/package.ps1'
[87.357s] INFO:colcon.colcon_core.shell:Creating package descriptor '/home/agilex/agilex_ws/install/magic_enum/share/magic_enum/package.dsv'
[87.358s] INFO:colcon.colcon_core.shell:Creating package script '/home/agilex/agilex_ws/install/magic_enum/share/magic_enum/package.sh'
[87.358s] INFO:colcon.colcon_core.shell:Creating package script '/home/agilex/agilex_ws/install/magic_enum/share/magic_enum/package.bash'
[87.360s] INFO:colcon.colcon_core.shell:Creating package script '/home/agilex/agilex_ws/install/magic_enum/share/magic_enum/package.zsh'
[87.361s] Level 1:colcon.colcon_core.environment:create_file_with_runtime_dependencies(/home/agilex/agilex_ws/install/magic_enum/share/colcon-core/packages/magic_enum)
[94.986s] DEBUG:colcon.colcon_core.event_handler.log_command:Invoked command in '/home/agilex/agilex_ws/build/rf2o_laser_odometry' returned '0': CMAKE_PREFIX_PATH=/opt/ros/humble /usr/bin/cmake --build /home/agilex/agilex_ws/build/rf2o_laser_odometry -- -j8 -l8
[95.008s] DEBUG:colcon.colcon_core.event_handler.log_command:Invoking command in '/home/agilex/agilex_ws/build/rf2o_laser_odometry': CMAKE_PREFIX_PATH=/opt/ros/humble /usr/bin/cmake --install /home/agilex/agilex_ws/build/rf2o_laser_odometry
[95.017s] Level 1:colcon.colcon_core.environment:create_environment_scripts_only(rf2o_laser_odometry)
[95.019s] Level 1:colcon.colcon_core.environment:checking '/home/agilex/agilex_ws/install/rf2o_laser_odometry' for CMake module files
[95.020s] Level 1:colcon.colcon_core.environment:checking '/home/agilex/agilex_ws/install/rf2o_laser_odometry' for CMake config files
[95.020s] DEBUG:colcon.colcon_core.event_handler.log_command:Invoked command in '/home/agilex/agilex_ws/build/rf2o_laser_odometry' returned '0': CMAKE_PREFIX_PATH=/opt/ros/humble /usr/bin/cmake --install /home/agilex/agilex_ws/build/rf2o_laser_odometry
[95.021s] Level 1:colcon.colcon_core.shell:create_environment_hook('rf2o_laser_odometry', 'cmake_prefix_path')
[95.022s] INFO:colcon.colcon_core.shell:Creating environment hook '/home/agilex/agilex_ws/install/rf2o_laser_odometry/share/rf2o_laser_odometry/hook/cmake_prefix_path.ps1'
[95.022s] INFO:colcon.colcon_core.shell:Creating environment descriptor '/home/agilex/agilex_ws/install/rf2o_laser_odometry/share/rf2o_laser_odometry/hook/cmake_prefix_path.dsv'
[95.023s] INFO:colcon.colcon_core.shell:Creating environment hook '/home/agilex/agilex_ws/install/rf2o_laser_odometry/share/rf2o_laser_odometry/hook/cmake_prefix_path.sh'
[95.023s] Level 1:colcon.colcon_core.environment:checking '/home/agilex/agilex_ws/install/rf2o_laser_odometry/lib'
[95.023s] Level 1:colcon.colcon_core.environment:checking '/home/agilex/agilex_ws/install/rf2o_laser_odometry/bin'
[95.023s] Level 1:colcon.colcon_core.environment:checking '/home/agilex/agilex_ws/install/rf2o_laser_odometry/lib/pkgconfig/rf2o_laser_odometry.pc'
[95.024s] Level 1:colcon.colcon_core.environment:checking '/home/agilex/agilex_ws/install/rf2o_laser_odometry/lib/python3.10/site-packages'
[95.024s] Level 1:colcon.colcon_core.environment:checking '/home/agilex/agilex_ws/install/rf2o_laser_odometry/bin'
[95.026s] INFO:colcon.colcon_core.shell:Creating package script '/home/agilex/agilex_ws/install/rf2o_laser_odometry/share/rf2o_laser_odometry/package.ps1'
[95.026s] INFO:colcon.colcon_core.shell:Creating package descriptor '/home/agilex/agilex_ws/install/rf2o_laser_odometry/share/rf2o_laser_odometry/package.dsv'
[95.026s] INFO:colcon.colcon_core.shell:Creating package script '/home/agilex/agilex_ws/install/rf2o_laser_odometry/share/rf2o_laser_odometry/package.sh'
[95.027s] INFO:colcon.colcon_core.shell:Creating package script '/home/agilex/agilex_ws/install/rf2o_laser_odometry/share/rf2o_laser_odometry/package.bash'
[95.027s] INFO:colcon.colcon_core.shell:Creating package script '/home/agilex/agilex_ws/install/rf2o_laser_odometry/share/rf2o_laser_odometry/package.zsh'
[95.028s] Level 1:colcon.colcon_core.environment:create_file_with_runtime_dependencies(/home/agilex/agilex_ws/install/rf2o_laser_odometry/share/colcon-core/packages/rf2o_laser_odometry)
[95.051s] Level 1:colcon.colcon_core.environment:create_environment_scripts_only(rf2o_laser_odometry)
[95.053s] Level 1:colcon.colcon_core.environment:checking '/home/agilex/agilex_ws/install/rf2o_laser_odometry' for CMake module files
[95.054s] Level 1:colcon.colcon_core.environment:checking '/home/agilex/agilex_ws/install/rf2o_laser_odometry' for CMake config files
[95.054s] Level 1:colcon.colcon_core.shell:create_environment_hook('rf2o_laser_odometry', 'cmake_prefix_path')
[95.056s] INFO:colcon.colcon_core.shell:Creating environment hook '/home/agilex/agilex_ws/install/rf2o_laser_odometry/share/rf2o_laser_odometry/hook/cmake_prefix_path.ps1'
[95.056s] INFO:colcon.colcon_core.shell:Creating environment descriptor '/home/agilex/agilex_ws/install/rf2o_laser_odometry/share/rf2o_laser_odometry/hook/cmake_prefix_path.dsv'
[95.057s] INFO:colcon.colcon_core.shell:Creating environment hook '/home/agilex/agilex_ws/install/rf2o_laser_odometry/share/rf2o_laser_odometry/hook/cmake_prefix_path.sh'
[95.058s] Level 1:colcon.colcon_core.environment:checking '/home/agilex/agilex_ws/install/rf2o_laser_odometry/lib'
[95.058s] Level 1:colcon.colcon_core.environment:checking '/home/agilex/agilex_ws/install/rf2o_laser_odometry/bin'
[95.058s] Level 1:colcon.colcon_core.environment:checking '/home/agilex/agilex_ws/install/rf2o_laser_odometry/lib/pkgconfig/rf2o_laser_odometry.pc'
[95.059s] Level 1:colcon.colcon_core.environment:checking '/home/agilex/agilex_ws/install/rf2o_laser_odometry/lib/python3.10/site-packages'
[95.059s] Level 1:colcon.colcon_core.environment:checking '/home/agilex/agilex_ws/install/rf2o_laser_odometry/bin'
[95.060s] INFO:colcon.colcon_core.shell:Creating package script '/home/agilex/agilex_ws/install/rf2o_laser_odometry/share/rf2o_laser_odometry/package.ps1'
[95.061s] INFO:colcon.colcon_core.shell:Creating package descriptor '/home/agilex/agilex_ws/install/rf2o_laser_odometry/share/rf2o_laser_odometry/package.dsv'
[95.061s] INFO:colcon.colcon_core.shell:Creating package script '/home/agilex/agilex_ws/install/rf2o_laser_odometry/share/rf2o_laser_odometry/package.sh'
[95.061s] INFO:colcon.colcon_core.shell:Creating package script '/home/agilex/agilex_ws/install/rf2o_laser_odometry/share/rf2o_laser_odometry/package.bash'
[95.062s] INFO:colcon.colcon_core.shell:Creating package script '/home/agilex/agilex_ws/install/rf2o_laser_odometry/share/rf2o_laser_odometry/package.zsh'
[95.062s] Level 1:colcon.colcon_core.environment:create_file_with_runtime_dependencies(/home/agilex/agilex_ws/install/rf2o_laser_odometry/share/colcon-core/packages/rf2o_laser_odometry)
[106.178s] DEBUG:colcon.colcon_core.event_handler.log_command:Invoked command in '/home/agilex/agilex_ws/build/aruco_ros' returned '0': AMENT_PREFIX_PATH=/home/agilex/agilex_ws/install/aruco_msgs:/home/agilex/agilex_ws/install/aruco:${AMENT_PREFIX_PATH} CMAKE_PREFIX_PATH=/home/agilex/agilex_ws/install/aruco_msgs:/home/agilex/agilex_ws/install/aruco:/opt/ros/humble LD_LIBRARY_PATH=/home/agilex/agilex_ws/install/aruco_msgs/lib:/home/agilex/agilex_ws/install/aruco/lib:${LD_LIBRARY_PATH} PYTHONPATH=/home/agilex/agilex_ws/install/aruco_msgs/local/lib/python3.10/dist-packages:${PYTHONPATH} /usr/bin/cmake --build /home/agilex/agilex_ws/build/aruco_ros -- -j8 -l8
[106.202s] DEBUG:colcon.colcon_core.event_handler.log_command:Invoking command in '/home/agilex/agilex_ws/build/aruco_ros': AMENT_PREFIX_PATH=/home/agilex/agilex_ws/install/aruco_msgs:/home/agilex/agilex_ws/install/aruco:${AMENT_PREFIX_PATH} CMAKE_PREFIX_PATH=/home/agilex/agilex_ws/install/aruco_msgs:/home/agilex/agilex_ws/install/aruco:/opt/ros/humble LD_LIBRARY_PATH=/home/agilex/agilex_ws/install/aruco_msgs/lib:/home/agilex/agilex_ws/install/aruco/lib:${LD_LIBRARY_PATH} PYTHONPATH=/home/agilex/agilex_ws/install/aruco_msgs/local/lib/python3.10/dist-packages:${PYTHONPATH} /usr/bin/cmake --install /home/agilex/agilex_ws/build/aruco_ros
[106.232s] Level 1:colcon.colcon_core.environment:create_environment_scripts_only(aruco_ros)
[106.234s] Level 1:colcon.colcon_core.environment:checking '/home/agilex/agilex_ws/install/aruco_ros' for CMake module files
[106.234s] DEBUG:colcon.colcon_core.event_handler.log_command:Invoked command in '/home/agilex/agilex_ws/build/aruco_ros' returned '0': AMENT_PREFIX_PATH=/home/agilex/agilex_ws/install/aruco_msgs:/home/agilex/agilex_ws/install/aruco:${AMENT_PREFIX_PATH} CMAKE_PREFIX_PATH=/home/agilex/agilex_ws/install/aruco_msgs:/home/agilex/agilex_ws/install/aruco:/opt/ros/humble LD_LIBRARY_PATH=/home/agilex/agilex_ws/install/aruco_msgs/lib:/home/agilex/agilex_ws/install/aruco/lib:${LD_LIBRARY_PATH} PYTHONPATH=/home/agilex/agilex_ws/install/aruco_msgs/local/lib/python3.10/dist-packages:${PYTHONPATH} /usr/bin/cmake --install /home/agilex/agilex_ws/build/aruco_ros
[106.235s] Level 1:colcon.colcon_core.environment:checking '/home/agilex/agilex_ws/install/aruco_ros' for CMake config files
[106.235s] Level 1:colcon.colcon_core.shell:create_environment_hook('aruco_ros', 'cmake_prefix_path')
[106.237s] INFO:colcon.colcon_core.shell:Creating environment hook '/home/agilex/agilex_ws/install/aruco_ros/share/aruco_ros/hook/cmake_prefix_path.ps1'
[106.237s] INFO:colcon.colcon_core.shell:Creating environment descriptor '/home/agilex/agilex_ws/install/aruco_ros/share/aruco_ros/hook/cmake_prefix_path.dsv'
[106.237s] INFO:colcon.colcon_core.shell:Creating environment hook '/home/agilex/agilex_ws/install/aruco_ros/share/aruco_ros/hook/cmake_prefix_path.sh'
[106.238s] Level 1:colcon.colcon_core.environment:checking '/home/agilex/agilex_ws/install/aruco_ros/lib'
[106.238s] Level 1:colcon.colcon_core.shell:create_environment_hook('aruco_ros', 'ld_library_path_lib')
[106.240s] INFO:colcon.colcon_core.shell:Creating environment hook '/home/agilex/agilex_ws/install/aruco_ros/share/aruco_ros/hook/ld_library_path_lib.ps1'
[106.240s] INFO:colcon.colcon_core.shell:Creating environment descriptor '/home/agilex/agilex_ws/install/aruco_ros/share/aruco_ros/hook/ld_library_path_lib.dsv'
[106.241s] INFO:colcon.colcon_core.shell:Creating environment hook '/home/agilex/agilex_ws/install/aruco_ros/share/aruco_ros/hook/ld_library_path_lib.sh'
[106.241s] Level 1:colcon.colcon_core.environment:checking '/home/agilex/agilex_ws/install/aruco_ros/bin'
[106.241s] Level 1:colcon.colcon_core.environment:checking '/home/agilex/agilex_ws/install/aruco_ros/lib/pkgconfig/aruco_ros.pc'
[106.242s] Level 1:colcon.colcon_core.environment:checking '/home/agilex/agilex_ws/install/aruco_ros/lib/python3.10/site-packages'
[106.242s] Level 1:colcon.colcon_core.environment:checking '/home/agilex/agilex_ws/install/aruco_ros/bin'
[106.244s] INFO:colcon.colcon_core.shell:Creating package script '/home/agilex/agilex_ws/install/aruco_ros/share/aruco_ros/package.ps1'
[106.244s] INFO:colcon.colcon_core.shell:Creating package descriptor '/home/agilex/agilex_ws/install/aruco_ros/share/aruco_ros/package.dsv'
[106.245s] INFO:colcon.colcon_core.shell:Creating package script '/home/agilex/agilex_ws/install/aruco_ros/share/aruco_ros/package.sh'
[106.245s] INFO:colcon.colcon_core.shell:Creating package script '/home/agilex/agilex_ws/install/aruco_ros/share/aruco_ros/package.bash'
[106.245s] INFO:colcon.colcon_core.shell:Creating package script '/home/agilex/agilex_ws/install/aruco_ros/share/aruco_ros/package.zsh'
[106.249s] Level 1:colcon.colcon_core.environment:create_file_with_runtime_dependencies(/home/agilex/agilex_ws/install/aruco_ros/share/colcon-core/packages/aruco_ros)
[106.285s] Level 1:colcon.colcon_core.environment:create_environment_scripts_only(aruco_ros)
[106.287s] Level 1:colcon.colcon_core.environment:checking '/home/agilex/agilex_ws/install/aruco_ros' for CMake module files
[106.288s] Level 1:colcon.colcon_core.environment:checking '/home/agilex/agilex_ws/install/aruco_ros' for CMake config files
[106.288s] Level 1:colcon.colcon_core.shell:create_environment_hook('aruco_ros', 'cmake_prefix_path')
[106.290s] INFO:colcon.colcon_core.shell:Creating environment hook '/home/agilex/agilex_ws/install/aruco_ros/share/aruco_ros/hook/cmake_prefix_path.ps1'
[106.290s] INFO:colcon.colcon_core.shell:Creating environment descriptor '/home/agilex/agilex_ws/install/aruco_ros/share/aruco_ros/hook/cmake_prefix_path.dsv'
[106.291s] INFO:colcon.colcon_core.shell:Creating environment hook '/home/agilex/agilex_ws/install/aruco_ros/share/aruco_ros/hook/cmake_prefix_path.sh'
[106.291s] Level 1:colcon.colcon_core.environment:checking '/home/agilex/agilex_ws/install/aruco_ros/lib'
[106.291s] Level 1:colcon.colcon_core.shell:create_environment_hook('aruco_ros', 'ld_library_path_lib')
[106.293s] INFO:colcon.colcon_core.shell:Creating environment hook '/home/agilex/agilex_ws/install/aruco_ros/share/aruco_ros/hook/ld_library_path_lib.ps1'
[106.293s] INFO:colcon.colcon_core.shell:Creating environment descriptor '/home/agilex/agilex_ws/install/aruco_ros/share/aruco_ros/hook/ld_library_path_lib.dsv'
[106.293s] INFO:colcon.colcon_core.shell:Creating environment hook '/home/agilex/agilex_ws/install/aruco_ros/share/aruco_ros/hook/ld_library_path_lib.sh'
[106.294s] Level 1:colcon.colcon_core.environment:checking '/home/agilex/agilex_ws/install/aruco_ros/bin'
[106.294s] Level 1:colcon.colcon_core.environment:checking '/home/agilex/agilex_ws/install/aruco_ros/lib/pkgconfig/aruco_ros.pc'
[106.294s] Level 1:colcon.colcon_core.environment:checking '/home/agilex/agilex_ws/install/aruco_ros/lib/python3.10/site-packages'
[106.294s] Level 1:colcon.colcon_core.environment:checking '/home/agilex/agilex_ws/install/aruco_ros/bin'
[106.296s] INFO:colcon.colcon_core.shell:Creating package script '/home/agilex/agilex_ws/install/aruco_ros/share/aruco_ros/package.ps1'
[106.297s] INFO:colcon.colcon_core.shell:Creating package descriptor '/home/agilex/agilex_ws/install/aruco_ros/share/aruco_ros/package.dsv'
[106.297s] INFO:colcon.colcon_core.shell:Creating package script '/home/agilex/agilex_ws/install/aruco_ros/share/aruco_ros/package.sh'
[106.298s] INFO:colcon.colcon_core.shell:Creating package script '/home/agilex/agilex_ws/install/aruco_ros/share/aruco_ros/package.bash'
[106.298s] INFO:colcon.colcon_core.shell:Creating package script '/home/agilex/agilex_ws/install/aruco_ros/share/aruco_ros/package.zsh'
[106.298s] Level 1:colcon.colcon_core.environment:create_file_with_runtime_dependencies(/home/agilex/agilex_ws/install/aruco_ros/share/colcon-core/packages/aruco_ros)
[119.901s] DEBUG:colcon.colcon_core.event_handler.log_command:Invoked command in '/home/agilex/agilex_ws/build/nav2_msgs' returned '0': AMENT_PREFIX_PATH=/home/agilex/agilex_ws/install/nav2_common:${AMENT_PREFIX_PATH} CMAKE_PREFIX_PATH=/home/agilex/agilex_ws/install/nav2_common:/opt/ros/humble PYTHONPATH=/home/agilex/agilex_ws/install/nav2_common/local/lib/python3.10/dist-packages:${PYTHONPATH} /usr/bin/cmake --build /home/agilex/agilex_ws/build/nav2_msgs -- -j8 -l8
[120.276s] DEBUG:colcon.colcon_core.event_handler.log_command:Invoking command in '/home/agilex/agilex_ws/build/nav2_msgs': AMENT_PREFIX_PATH=/home/agilex/agilex_ws/install/nav2_common:${AMENT_PREFIX_PATH} CMAKE_PREFIX_PATH=/home/agilex/agilex_ws/install/nav2_common:/opt/ros/humble PYTHONPATH=/home/agilex/agilex_ws/install/nav2_common/local/lib/python3.10/dist-packages:${PYTHONPATH} /usr/bin/cmake --install /home/agilex/agilex_ws/build/nav2_msgs
[120.534s] Level 1:colcon.colcon_core.environment:create_environment_scripts_only(nav2_msgs)
[120.536s] Level 1:colcon.colcon_core.environment:checking '/home/agilex/agilex_ws/install/nav2_msgs' for CMake module files
[120.537s] DEBUG:colcon.colcon_core.event_handler.log_command:Invoked command in '/home/agilex/agilex_ws/build/nav2_msgs' returned '0': AMENT_PREFIX_PATH=/home/agilex/agilex_ws/install/nav2_common:${AMENT_PREFIX_PATH} CMAKE_PREFIX_PATH=/home/agilex/agilex_ws/install/nav2_common:/opt/ros/humble PYTHONPATH=/home/agilex/agilex_ws/install/nav2_common/local/lib/python3.10/dist-packages:${PYTHONPATH} /usr/bin/cmake --install /home/agilex/agilex_ws/build/nav2_msgs
[120.538s] Level 1:colcon.colcon_core.environment:checking '/home/agilex/agilex_ws/install/nav2_msgs' for CMake config files
[120.538s] Level 1:colcon.colcon_core.shell:create_environment_hook('nav2_msgs', 'cmake_prefix_path')
[120.539s] INFO:colcon.colcon_core.shell:Creating environment hook '/home/agilex/agilex_ws/install/nav2_msgs/share/nav2_msgs/hook/cmake_prefix_path.ps1'
[120.539s] INFO:colcon.colcon_core.shell:Creating environment descriptor '/home/agilex/agilex_ws/install/nav2_msgs/share/nav2_msgs/hook/cmake_prefix_path.dsv'
[120.540s] INFO:colcon.colcon_core.shell:Creating environment hook '/home/agilex/agilex_ws/install/nav2_msgs/share/nav2_msgs/hook/cmake_prefix_path.sh'
[120.540s] Level 1:colcon.colcon_core.environment:checking '/home/agilex/agilex_ws/install/nav2_msgs/lib'
[120.540s] Level 1:colcon.colcon_core.shell:create_environment_hook('nav2_msgs', 'ld_library_path_lib')
[120.542s] INFO:colcon.colcon_core.shell:Creating environment hook '/home/agilex/agilex_ws/install/nav2_msgs/share/nav2_msgs/hook/ld_library_path_lib.ps1'
[120.542s] INFO:colcon.colcon_core.shell:Creating environment descriptor '/home/agilex/agilex_ws/install/nav2_msgs/share/nav2_msgs/hook/ld_library_path_lib.dsv'
[120.542s] INFO:colcon.colcon_core.shell:Creating environment hook '/home/agilex/agilex_ws/install/nav2_msgs/share/nav2_msgs/hook/ld_library_path_lib.sh'
[120.543s] Level 1:colcon.colcon_core.environment:checking '/home/agilex/agilex_ws/install/nav2_msgs/bin'
[120.543s] Level 1:colcon.colcon_core.environment:checking '/home/agilex/agilex_ws/install/nav2_msgs/lib/pkgconfig/nav2_msgs.pc'
[120.543s] Level 1:colcon.colcon_core.environment:checking '/home/agilex/agilex_ws/install/nav2_msgs/lib/python3.10/site-packages'
[120.543s] Level 1:colcon.colcon_core.environment:checking '/home/agilex/agilex_ws/install/nav2_msgs/bin'
[120.545s] INFO:colcon.colcon_core.shell:Creating package script '/home/agilex/agilex_ws/install/nav2_msgs/share/nav2_msgs/package.ps1'
[120.545s] INFO:colcon.colcon_core.shell:Creating package descriptor '/home/agilex/agilex_ws/install/nav2_msgs/share/nav2_msgs/package.dsv'
[120.546s] INFO:colcon.colcon_core.shell:Creating package script '/home/agilex/agilex_ws/install/nav2_msgs/share/nav2_msgs/package.sh'
[120.546s] INFO:colcon.colcon_core.shell:Creating package script '/home/agilex/agilex_ws/install/nav2_msgs/share/nav2_msgs/package.bash'
[120.547s] INFO:colcon.colcon_core.shell:Creating package script '/home/agilex/agilex_ws/install/nav2_msgs/share/nav2_msgs/package.zsh'
[120.547s] Level 1:colcon.colcon_core.environment:create_file_with_runtime_dependencies(/home/agilex/agilex_ws/install/nav2_msgs/share/colcon-core/packages/nav2_msgs)
[120.915s] Level 1:colcon.colcon_core.environment:create_environment_scripts_only(nav2_msgs)
[120.918s] Level 1:colcon.colcon_core.environment:checking '/home/agilex/agilex_ws/install/nav2_msgs' for CMake module files
[120.918s] Level 1:colcon.colcon_core.environment:checking '/home/agilex/agilex_ws/install/nav2_msgs' for CMake config files
[120.919s] Level 1:colcon.colcon_core.shell:create_environment_hook('nav2_msgs', 'cmake_prefix_path')
[120.920s] INFO:colcon.colcon_core.shell:Creating environment hook '/home/agilex/agilex_ws/install/nav2_msgs/share/nav2_msgs/hook/cmake_prefix_path.ps1'
[120.920s] INFO:colcon.colcon_core.shell:Creating environment descriptor '/home/agilex/agilex_ws/install/nav2_msgs/share/nav2_msgs/hook/cmake_prefix_path.dsv'
[120.921s] INFO:colcon.colcon_core.shell:Creating environment hook '/home/agilex/agilex_ws/install/nav2_msgs/share/nav2_msgs/hook/cmake_prefix_path.sh'
[120.921s] Level 1:colcon.colcon_core.environment:checking '/home/agilex/agilex_ws/install/nav2_msgs/lib'
[120.921s] Level 1:colcon.colcon_core.shell:create_environment_hook('nav2_msgs', 'ld_library_path_lib')
[120.923s] INFO:colcon.colcon_core.shell:Creating environment hook '/home/agilex/agilex_ws/install/nav2_msgs/share/nav2_msgs/hook/ld_library_path_lib.ps1'
[120.923s] INFO:colcon.colcon_core.shell:Creating environment descriptor '/home/agilex/agilex_ws/install/nav2_msgs/share/nav2_msgs/hook/ld_library_path_lib.dsv'
[120.923s] INFO:colcon.colcon_core.shell:Creating environment hook '/home/agilex/agilex_ws/install/nav2_msgs/share/nav2_msgs/hook/ld_library_path_lib.sh'
[120.925s] Level 1:colcon.colcon_core.environment:checking '/home/agilex/agilex_ws/install/nav2_msgs/bin'
[120.925s] Level 1:colcon.colcon_core.environment:checking '/home/agilex/agilex_ws/install/nav2_msgs/lib/pkgconfig/nav2_msgs.pc'
[120.925s] Level 1:colcon.colcon_core.environment:checking '/home/agilex/agilex_ws/install/nav2_msgs/lib/python3.10/site-packages'
[120.925s] Level 1:colcon.colcon_core.environment:checking '/home/agilex/agilex_ws/install/nav2_msgs/bin'
[120.927s] INFO:colcon.colcon_core.shell:Creating package script '/home/agilex/agilex_ws/install/nav2_msgs/share/nav2_msgs/package.ps1'
[120.927s] INFO:colcon.colcon_core.shell:Creating package descriptor '/home/agilex/agilex_ws/install/nav2_msgs/share/nav2_msgs/package.dsv'
[120.928s] INFO:colcon.colcon_core.shell:Creating package script '/home/agilex/agilex_ws/install/nav2_msgs/share/nav2_msgs/package.sh'
[120.928s] INFO:colcon.colcon_core.shell:Creating package script '/home/agilex/agilex_ws/install/nav2_msgs/share/nav2_msgs/package.bash'
[120.928s] INFO:colcon.colcon_core.shell:Creating package script '/home/agilex/agilex_ws/install/nav2_msgs/share/nav2_msgs/package.zsh'
[120.929s] Level 1:colcon.colcon_core.environment:create_file_with_runtime_dependencies(/home/agilex/agilex_ws/install/nav2_msgs/share/colcon-core/packages/nav2_msgs)
[120.933s] INFO:colcon.colcon_ros.task.ament_cmake.build:Building ROS package in '/home/agilex/agilex_ws/src/navigation2/nav2_util' with build type 'ament_cmake'
[120.933s] INFO:colcon.colcon_cmake.task.cmake.build:Building CMake package in '/home/agilex/agilex_ws/src/navigation2/nav2_util'
[120.935s] INFO:colcon.colcon_core.shell:Skip shell extension 'powershell' for command environment: Not usable outside of PowerShell
[120.935s] DEBUG:colcon.colcon_core.shell:Skip shell extension 'dsv' for command environment
[120.940s] INFO:colcon.colcon_ros.task.ament_python.build:Building ROS package in '/home/agilex/agilex_ws/src/navigation2/nav2_simple_commander' with build type 'ament_python'
[120.941s] Level 1:colcon.colcon_core.shell:create_environment_hook('nav2_simple_commander', 'ament_prefix_path')
[120.943s] INFO:colcon.colcon_core.shell:Creating environment hook '/home/agilex/agilex_ws/install/nav2_simple_commander/share/nav2_simple_commander/hook/ament_prefix_path.ps1'
[120.944s] INFO:colcon.colcon_core.shell:Creating environment descriptor '/home/agilex/agilex_ws/install/nav2_simple_commander/share/nav2_simple_commander/hook/ament_prefix_path.dsv'
[120.944s] INFO:colcon.colcon_core.shell:Creating environment hook '/home/agilex/agilex_ws/install/nav2_simple_commander/share/nav2_simple_commander/hook/ament_prefix_path.sh'
[120.946s] INFO:colcon.colcon_core.shell:Skip shell extension 'powershell' for command environment: Not usable outside of PowerShell
[120.946s] DEBUG:colcon.colcon_core.shell:Skip shell extension 'dsv' for command environment
[120.952s] DEBUG:colcon.colcon_core.event_handler.log_command:Invoking command in '/home/agilex/agilex_ws/build/nav2_util': AMENT_PREFIX_PATH=/home/agilex/agilex_ws/install/nav2_msgs:/home/agilex/agilex_ws/install/nav2_common:${AMENT_PREFIX_PATH} CMAKE_PREFIX_PATH=/home/agilex/agilex_ws/install/nav2_msgs:/home/agilex/agilex_ws/install/nav2_common:/opt/ros/humble LD_LIBRARY_PATH=/home/agilex/agilex_ws/install/nav2_msgs/lib:${LD_LIBRARY_PATH} PYTHONPATH=/home/agilex/agilex_ws/install/nav2_msgs/local/lib/python3.10/dist-packages:/home/agilex/agilex_ws/install/nav2_common/local/lib/python3.10/dist-packages:${PYTHONPATH} /usr/bin/cmake /home/agilex/agilex_ws/src/navigation2/nav2_util -DCMAKE_INSTALL_PREFIX=/home/agilex/agilex_ws/install/nav2_util
[121.396s] INFO:colcon.colcon_core.task.python.build:Building Python package in '/home/agilex/agilex_ws/src/navigation2/nav2_simple_commander'
[121.397s] INFO:colcon.colcon_core.shell:Skip shell extension 'powershell' for command environment: Not usable outside of PowerShell
[121.397s] DEBUG:colcon.colcon_core.shell:Skip shell extension 'dsv' for command environment
[121.785s] DEBUG:colcon.colcon_core.event_handler.log_command:Invoking command in '/home/agilex/agilex_ws/src/navigation2/nav2_simple_commander': AMENT_PREFIX_PATH=/home/agilex/agilex_ws/install/nav2_msgs:${AMENT_PREFIX_PATH} CMAKE_PREFIX_PATH=/home/agilex/agilex_ws/install/nav2_msgs LD_LIBRARY_PATH=/home/agilex/agilex_ws/install/nav2_msgs/lib:${LD_LIBRARY_PATH} PYTHONPATH=/home/agilex/agilex_ws/build/nav2_simple_commander/prefix_override:/home/agilex/agilex_ws/install/nav2_simple_commander/lib/python3.10/site-packages:/home/agilex/agilex_ws/install/nav2_msgs/local/lib/python3.10/dist-packages:${PYTHONPATH} /usr/bin/python3 setup.py egg_info --egg-base ../../../build/nav2_simple_commander build --build-base /home/agilex/agilex_ws/build/nav2_simple_commander/build install --record /home/agilex/agilex_ws/build/nav2_simple_commander/install.log --single-version-externally-managed
[122.125s] Level 1:colcon.colcon_core.environment:checking '/home/agilex/agilex_ws/install/nav2_simple_commander' for CMake module files
[122.125s] DEBUG:colcon.colcon_core.event_handler.log_command:Invoked command in '/home/agilex/agilex_ws/src/navigation2/nav2_simple_commander' returned '0': AMENT_PREFIX_PATH=/home/agilex/agilex_ws/install/nav2_msgs:${AMENT_PREFIX_PATH} CMAKE_PREFIX_PATH=/home/agilex/agilex_ws/install/nav2_msgs LD_LIBRARY_PATH=/home/agilex/agilex_ws/install/nav2_msgs/lib:${LD_LIBRARY_PATH} PYTHONPATH=/home/agilex/agilex_ws/build/nav2_simple_commander/prefix_override:/home/agilex/agilex_ws/install/nav2_simple_commander/lib/python3.10/site-packages:/home/agilex/agilex_ws/install/nav2_msgs/local/lib/python3.10/dist-packages:${PYTHONPATH} /usr/bin/python3 setup.py egg_info --egg-base ../../../build/nav2_simple_commander build --build-base /home/agilex/agilex_ws/build/nav2_simple_commander/build install --record /home/agilex/agilex_ws/build/nav2_simple_commander/install.log --single-version-externally-managed
[122.126s] Level 1:colcon.colcon_core.environment:checking '/home/agilex/agilex_ws/install/nav2_simple_commander' for CMake config files
[122.126s] Level 1:colcon.colcon_core.environment:checking '/home/agilex/agilex_ws/install/nav2_simple_commander/lib'
[122.126s] Level 1:colcon.colcon_core.environment:checking '/home/agilex/agilex_ws/install/nav2_simple_commander/bin'
[122.126s] Level 1:colcon.colcon_core.environment:checking '/home/agilex/agilex_ws/install/nav2_simple_commander/lib/pkgconfig/nav2_simple_commander.pc'
[122.127s] Level 1:colcon.colcon_core.environment:checking '/home/agilex/agilex_ws/install/nav2_simple_commander/lib/python3.10/site-packages'
[122.127s] Level 1:colcon.colcon_core.shell:create_environment_hook('nav2_simple_commander', 'pythonpath')
[122.129s] INFO:colcon.colcon_core.shell:Creating environment hook '/home/agilex/agilex_ws/install/nav2_simple_commander/share/nav2_simple_commander/hook/pythonpath.ps1'
[122.129s] INFO:colcon.colcon_core.shell:Creating environment descriptor '/home/agilex/agilex_ws/install/nav2_simple_commander/share/nav2_simple_commander/hook/pythonpath.dsv'
[122.129s] INFO:colcon.colcon_core.shell:Creating environment hook '/home/agilex/agilex_ws/install/nav2_simple_commander/share/nav2_simple_commander/hook/pythonpath.sh'
[122.130s] Level 1:colcon.colcon_core.environment:checking '/home/agilex/agilex_ws/install/nav2_simple_commander/bin'
[122.130s] Level 1:colcon.colcon_core.environment:create_environment_scripts_only(nav2_simple_commander)
[122.131s] INFO:colcon.colcon_core.shell:Creating package script '/home/agilex/agilex_ws/install/nav2_simple_commander/share/nav2_simple_commander/package.ps1'
[122.132s] INFO:colcon.colcon_core.shell:Creating package descriptor '/home/agilex/agilex_ws/install/nav2_simple_commander/share/nav2_simple_commander/package.dsv'
[122.132s] INFO:colcon.colcon_core.shell:Creating package script '/home/agilex/agilex_ws/install/nav2_simple_commander/share/nav2_simple_commander/package.sh'
[122.133s] INFO:colcon.colcon_core.shell:Creating package script '/home/agilex/agilex_ws/install/nav2_simple_commander/share/nav2_simple_commander/package.bash'
[122.133s] INFO:colcon.colcon_core.shell:Creating package script '/home/agilex/agilex_ws/install/nav2_simple_commander/share/nav2_simple_commander/package.zsh'
[122.133s] Level 1:colcon.colcon_core.environment:create_file_with_runtime_dependencies(/home/agilex/agilex_ws/install/nav2_simple_commander/share/colcon-core/packages/nav2_simple_commander)
[123.702s] DEBUG:colcon.colcon_core.event_handler.log_command:Invoked command in '/home/agilex/agilex_ws/build/nav2_util' returned '0': AMENT_PREFIX_PATH=/home/agilex/agilex_ws/install/nav2_msgs:/home/agilex/agilex_ws/install/nav2_common:${AMENT_PREFIX_PATH} CMAKE_PREFIX_PATH=/home/agilex/agilex_ws/install/nav2_msgs:/home/agilex/agilex_ws/install/nav2_common:/opt/ros/humble LD_LIBRARY_PATH=/home/agilex/agilex_ws/install/nav2_msgs/lib:${LD_LIBRARY_PATH} PYTHONPATH=/home/agilex/agilex_ws/install/nav2_msgs/local/lib/python3.10/dist-packages:/home/agilex/agilex_ws/install/nav2_common/local/lib/python3.10/dist-packages:${PYTHONPATH} /usr/bin/cmake /home/agilex/agilex_ws/src/navigation2/nav2_util -DCMAKE_INSTALL_PREFIX=/home/agilex/agilex_ws/install/nav2_util
[123.704s] DEBUG:colcon.colcon_core.event_handler.log_command:Invoking command in '/home/agilex/agilex_ws/build/nav2_util': AMENT_PREFIX_PATH=/home/agilex/agilex_ws/install/nav2_msgs:/home/agilex/agilex_ws/install/nav2_common:${AMENT_PREFIX_PATH} CMAKE_PREFIX_PATH=/home/agilex/agilex_ws/install/nav2_msgs:/home/agilex/agilex_ws/install/nav2_common:/opt/ros/humble LD_LIBRARY_PATH=/home/agilex/agilex_ws/install/nav2_msgs/lib:${LD_LIBRARY_PATH} PYTHONPATH=/home/agilex/agilex_ws/install/nav2_msgs/local/lib/python3.10/dist-packages:/home/agilex/agilex_ws/install/nav2_common/local/lib/python3.10/dist-packages:${PYTHONPATH} /usr/bin/cmake --build /home/agilex/agilex_ws/build/nav2_util -- -j8 -l8
[134.884s] DEBUG:colcon.colcon_core.event_handler.log_command:Invoked command in '/home/agilex/agilex_ws/build/astra_camera' returned '0': AMENT_PREFIX_PATH=/home/agilex/agilex_ws/install/astra_camera_msgs:${AMENT_PREFIX_PATH} CMAKE_PREFIX_PATH=/home/agilex/agilex_ws/install/astra_camera_msgs:/opt/ros/humble LD_LIBRARY_PATH=/home/agilex/agilex_ws/install/astra_camera_msgs/lib:${LD_LIBRARY_PATH} PYTHONPATH=/home/agilex/agilex_ws/install/astra_camera_msgs/local/lib/python3.10/dist-packages:${PYTHONPATH} /usr/bin/cmake --build /home/agilex/agilex_ws/build/astra_camera -- -j8 -l8
[134.924s] DEBUG:colcon.colcon_core.event_handler.log_command:Invoking command in '/home/agilex/agilex_ws/build/astra_camera': AMENT_PREFIX_PATH=/home/agilex/agilex_ws/install/astra_camera_msgs:${AMENT_PREFIX_PATH} CMAKE_PREFIX_PATH=/home/agilex/agilex_ws/install/astra_camera_msgs:/opt/ros/humble LD_LIBRARY_PATH=/home/agilex/agilex_ws/install/astra_camera_msgs/lib:${LD_LIBRARY_PATH} PYTHONPATH=/home/agilex/agilex_ws/install/astra_camera_msgs/local/lib/python3.10/dist-packages:${PYTHONPATH} /usr/bin/cmake --install /home/agilex/agilex_ws/build/astra_camera
[134.955s] Level 1:colcon.colcon_core.environment:create_environment_scripts_only(astra_camera)
[134.957s] Level 1:colcon.colcon_core.environment:checking '/home/agilex/agilex_ws/install/astra_camera' for CMake module files
[134.957s] DEBUG:colcon.colcon_core.event_handler.log_command:Invoked command in '/home/agilex/agilex_ws/build/astra_camera' returned '0': AMENT_PREFIX_PATH=/home/agilex/agilex_ws/install/astra_camera_msgs:${AMENT_PREFIX_PATH} CMAKE_PREFIX_PATH=/home/agilex/agilex_ws/install/astra_camera_msgs:/opt/ros/humble LD_LIBRARY_PATH=/home/agilex/agilex_ws/install/astra_camera_msgs/lib:${LD_LIBRARY_PATH} PYTHONPATH=/home/agilex/agilex_ws/install/astra_camera_msgs/local/lib/python3.10/dist-packages:${PYTHONPATH} /usr/bin/cmake --install /home/agilex/agilex_ws/build/astra_camera
[134.958s] Level 1:colcon.colcon_core.environment:checking '/home/agilex/agilex_ws/install/astra_camera' for CMake config files
[134.959s] Level 1:colcon.colcon_core.shell:create_environment_hook('astra_camera', 'cmake_prefix_path')
[134.960s] INFO:colcon.colcon_core.shell:Creating environment hook '/home/agilex/agilex_ws/install/astra_camera/share/astra_camera/hook/cmake_prefix_path.ps1'
[134.961s] INFO:colcon.colcon_core.shell:Creating environment descriptor '/home/agilex/agilex_ws/install/astra_camera/share/astra_camera/hook/cmake_prefix_path.dsv'
[134.962s] INFO:colcon.colcon_core.shell:Creating environment hook '/home/agilex/agilex_ws/install/astra_camera/share/astra_camera/hook/cmake_prefix_path.sh'
[134.962s] Level 1:colcon.colcon_core.environment:checking '/home/agilex/agilex_ws/install/astra_camera/lib'
[134.962s] Level 1:colcon.colcon_core.shell:create_environment_hook('astra_camera', 'ld_library_path_lib')
[134.964s] INFO:colcon.colcon_core.shell:Creating environment hook '/home/agilex/agilex_ws/install/astra_camera/share/astra_camera/hook/ld_library_path_lib.ps1'
[134.964s] INFO:colcon.colcon_core.shell:Creating environment descriptor '/home/agilex/agilex_ws/install/astra_camera/share/astra_camera/hook/ld_library_path_lib.dsv'
[134.964s] INFO:colcon.colcon_core.shell:Creating environment hook '/home/agilex/agilex_ws/install/astra_camera/share/astra_camera/hook/ld_library_path_lib.sh'
[134.964s] Level 1:colcon.colcon_core.environment:checking '/home/agilex/agilex_ws/install/astra_camera/bin'
[134.965s] Level 1:colcon.colcon_core.environment:checking '/home/agilex/agilex_ws/install/astra_camera/lib/pkgconfig/astra_camera.pc'
[134.965s] Level 1:colcon.colcon_core.environment:checking '/home/agilex/agilex_ws/install/astra_camera/lib/python3.10/site-packages'
[134.965s] Level 1:colcon.colcon_core.environment:checking '/home/agilex/agilex_ws/install/astra_camera/bin'
[134.967s] INFO:colcon.colcon_core.shell:Creating package script '/home/agilex/agilex_ws/install/astra_camera/share/astra_camera/package.ps1'
[134.967s] INFO:colcon.colcon_core.shell:Creating package descriptor '/home/agilex/agilex_ws/install/astra_camera/share/astra_camera/package.dsv'
[134.967s] INFO:colcon.colcon_core.shell:Creating package script '/home/agilex/agilex_ws/install/astra_camera/share/astra_camera/package.sh'
[134.971s] INFO:colcon.colcon_core.shell:Creating package script '/home/agilex/agilex_ws/install/astra_camera/share/astra_camera/package.bash'
[134.972s] INFO:colcon.colcon_core.shell:Creating package script '/home/agilex/agilex_ws/install/astra_camera/share/astra_camera/package.zsh'
[134.972s] Level 1:colcon.colcon_core.environment:create_file_with_runtime_dependencies(/home/agilex/agilex_ws/install/astra_camera/share/colcon-core/packages/astra_camera)
[135.010s] Level 1:colcon.colcon_core.environment:create_environment_scripts_only(astra_camera)
[135.012s] Level 1:colcon.colcon_core.environment:checking '/home/agilex/agilex_ws/install/astra_camera' for CMake module files
[135.013s] Level 1:colcon.colcon_core.environment:checking '/home/agilex/agilex_ws/install/astra_camera' for CMake config files
[135.014s] Level 1:colcon.colcon_core.shell:create_environment_hook('astra_camera', 'cmake_prefix_path')
[135.015s] INFO:colcon.colcon_core.shell:Creating environment hook '/home/agilex/agilex_ws/install/astra_camera/share/astra_camera/hook/cmake_prefix_path.ps1'
[135.015s] INFO:colcon.colcon_core.shell:Creating environment descriptor '/home/agilex/agilex_ws/install/astra_camera/share/astra_camera/hook/cmake_prefix_path.dsv'
[135.016s] INFO:colcon.colcon_core.shell:Creating environment hook '/home/agilex/agilex_ws/install/astra_camera/share/astra_camera/hook/cmake_prefix_path.sh'
[135.016s] Level 1:colcon.colcon_core.environment:checking '/home/agilex/agilex_ws/install/astra_camera/lib'
[135.016s] Level 1:colcon.colcon_core.shell:create_environment_hook('astra_camera', 'ld_library_path_lib')
[135.019s] INFO:colcon.colcon_core.shell:Creating environment hook '/home/agilex/agilex_ws/install/astra_camera/share/astra_camera/hook/ld_library_path_lib.ps1'
[135.019s] INFO:colcon.colcon_core.shell:Creating environment descriptor '/home/agilex/agilex_ws/install/astra_camera/share/astra_camera/hook/ld_library_path_lib.dsv'
[135.019s] INFO:colcon.colcon_core.shell:Creating environment hook '/home/agilex/agilex_ws/install/astra_camera/share/astra_camera/hook/ld_library_path_lib.sh'
[135.020s] Level 1:colcon.colcon_core.environment:checking '/home/agilex/agilex_ws/install/astra_camera/bin'
[135.020s] Level 1:colcon.colcon_core.environment:checking '/home/agilex/agilex_ws/install/astra_camera/lib/pkgconfig/astra_camera.pc'
[135.020s] Level 1:colcon.colcon_core.environment:checking '/home/agilex/agilex_ws/install/astra_camera/lib/python3.10/site-packages'
[135.020s] Level 1:colcon.colcon_core.environment:checking '/home/agilex/agilex_ws/install/astra_camera/bin'
[135.022s] INFO:colcon.colcon_core.shell:Creating package script '/home/agilex/agilex_ws/install/astra_camera/share/astra_camera/package.ps1'
[135.022s] INFO:colcon.colcon_core.shell:Creating package descriptor '/home/agilex/agilex_ws/install/astra_camera/share/astra_camera/package.dsv'
[135.023s] INFO:colcon.colcon_core.shell:Creating package script '/home/agilex/agilex_ws/install/astra_camera/share/astra_camera/package.sh'
[135.023s] INFO:colcon.colcon_core.shell:Creating package script '/home/agilex/agilex_ws/install/astra_camera/share/astra_camera/package.bash'
[135.023s] INFO:colcon.colcon_core.shell:Creating package script '/home/agilex/agilex_ws/install/astra_camera/share/astra_camera/package.zsh'
[135.024s] Level 1:colcon.colcon_core.environment:create_file_with_runtime_dependencies(/home/agilex/agilex_ws/install/astra_camera/share/colcon-core/packages/astra_camera)
[156.555s] DEBUG:colcon.colcon_core.event_handler.log_command:Invoked command in '/home/agilex/agilex_ws/build/nav2_util' returned '0': AMENT_PREFIX_PATH=/home/agilex/agilex_ws/install/nav2_msgs:/home/agilex/agilex_ws/install/nav2_common:${AMENT_PREFIX_PATH} CMAKE_PREFIX_PATH=/home/agilex/agilex_ws/install/nav2_msgs:/home/agilex/agilex_ws/install/nav2_common:/opt/ros/humble LD_LIBRARY_PATH=/home/agilex/agilex_ws/install/nav2_msgs/lib:${LD_LIBRARY_PATH} PYTHONPATH=/home/agilex/agilex_ws/install/nav2_msgs/local/lib/python3.10/dist-packages:/home/agilex/agilex_ws/install/nav2_common/local/lib/python3.10/dist-packages:${PYTHONPATH} /usr/bin/cmake --build /home/agilex/agilex_ws/build/nav2_util -- -j8 -l8
[156.575s] DEBUG:colcon.colcon_core.event_handler.log_command:Invoking command in '/home/agilex/agilex_ws/build/nav2_util': AMENT_PREFIX_PATH=/home/agilex/agilex_ws/install/nav2_msgs:/home/agilex/agilex_ws/install/nav2_common:${AMENT_PREFIX_PATH} CMAKE_PREFIX_PATH=/home/agilex/agilex_ws/install/nav2_msgs:/home/agilex/agilex_ws/install/nav2_common:/opt/ros/humble LD_LIBRARY_PATH=/home/agilex/agilex_ws/install/nav2_msgs/lib:${LD_LIBRARY_PATH} PYTHONPATH=/home/agilex/agilex_ws/install/nav2_msgs/local/lib/python3.10/dist-packages:/home/agilex/agilex_ws/install/nav2_common/local/lib/python3.10/dist-packages:${PYTHONPATH} /usr/bin/cmake --install /home/agilex/agilex_ws/build/nav2_util
[156.587s] Level 1:colcon.colcon_core.environment:create_environment_scripts_only(nav2_util)
[156.590s] Level 1:colcon.colcon_core.environment:checking '/home/agilex/agilex_ws/install/nav2_util' for CMake module files
[156.591s] DEBUG:colcon.colcon_core.event_handler.log_command:Invoked command in '/home/agilex/agilex_ws/build/nav2_util' returned '0': AMENT_PREFIX_PATH=/home/agilex/agilex_ws/install/nav2_msgs:/home/agilex/agilex_ws/install/nav2_common:${AMENT_PREFIX_PATH} CMAKE_PREFIX_PATH=/home/agilex/agilex_ws/install/nav2_msgs:/home/agilex/agilex_ws/install/nav2_common:/opt/ros/humble LD_LIBRARY_PATH=/home/agilex/agilex_ws/install/nav2_msgs/lib:${LD_LIBRARY_PATH} PYTHONPATH=/home/agilex/agilex_ws/install/nav2_msgs/local/lib/python3.10/dist-packages:/home/agilex/agilex_ws/install/nav2_common/local/lib/python3.10/dist-packages:${PYTHONPATH} /usr/bin/cmake --install /home/agilex/agilex_ws/build/nav2_util
[156.592s] Level 1:colcon.colcon_core.environment:checking '/home/agilex/agilex_ws/install/nav2_util' for CMake config files
[156.592s] Level 1:colcon.colcon_core.shell:create_environment_hook('nav2_util', 'cmake_prefix_path')
[156.594s] INFO:colcon.colcon_core.shell:Creating environment hook '/home/agilex/agilex_ws/install/nav2_util/share/nav2_util/hook/cmake_prefix_path.ps1'
[156.595s] INFO:colcon.colcon_core.shell:Creating environment descriptor '/home/agilex/agilex_ws/install/nav2_util/share/nav2_util/hook/cmake_prefix_path.dsv'
[156.595s] INFO:colcon.colcon_core.shell:Creating environment hook '/home/agilex/agilex_ws/install/nav2_util/share/nav2_util/hook/cmake_prefix_path.sh'
[156.597s] Level 1:colcon.colcon_core.environment:checking '/home/agilex/agilex_ws/install/nav2_util/lib'
[156.597s] Level 1:colcon.colcon_core.shell:create_environment_hook('nav2_util', 'ld_library_path_lib')
[156.599s] INFO:colcon.colcon_core.shell:Creating environment hook '/home/agilex/agilex_ws/install/nav2_util/share/nav2_util/hook/ld_library_path_lib.ps1'
[156.599s] INFO:colcon.colcon_core.shell:Creating environment descriptor '/home/agilex/agilex_ws/install/nav2_util/share/nav2_util/hook/ld_library_path_lib.dsv'
[156.600s] INFO:colcon.colcon_core.shell:Creating environment hook '/home/agilex/agilex_ws/install/nav2_util/share/nav2_util/hook/ld_library_path_lib.sh'
[156.600s] Level 1:colcon.colcon_core.environment:checking '/home/agilex/agilex_ws/install/nav2_util/bin'
[156.600s] Level 1:colcon.colcon_core.environment:checking '/home/agilex/agilex_ws/install/nav2_util/lib/pkgconfig/nav2_util.pc'
[156.601s] Level 1:colcon.colcon_core.environment:checking '/home/agilex/agilex_ws/install/nav2_util/lib/python3.10/site-packages'
[156.601s] Level 1:colcon.colcon_core.environment:checking '/home/agilex/agilex_ws/install/nav2_util/bin'
[156.603s] INFO:colcon.colcon_core.shell:Creating package script '/home/agilex/agilex_ws/install/nav2_util/share/nav2_util/package.ps1'
[156.604s] INFO:colcon.colcon_core.shell:Creating package descriptor '/home/agilex/agilex_ws/install/nav2_util/share/nav2_util/package.dsv'
[156.604s] INFO:colcon.colcon_core.shell:Creating package script '/home/agilex/agilex_ws/install/nav2_util/share/nav2_util/package.sh'
[156.605s] INFO:colcon.colcon_core.shell:Creating package script '/home/agilex/agilex_ws/install/nav2_util/share/nav2_util/package.bash'
[156.605s] INFO:colcon.colcon_core.shell:Creating package script '/home/agilex/agilex_ws/install/nav2_util/share/nav2_util/package.zsh'
[156.605s] Level 1:colcon.colcon_core.environment:create_file_with_runtime_dependencies(/home/agilex/agilex_ws/install/nav2_util/share/colcon-core/packages/nav2_util)
[156.631s] Level 1:colcon.colcon_core.environment:create_environment_scripts_only(nav2_util)
[156.634s] Level 1:colcon.colcon_core.environment:checking '/home/agilex/agilex_ws/install/nav2_util' for CMake module files
[156.634s] Level 1:colcon.colcon_core.environment:checking '/home/agilex/agilex_ws/install/nav2_util' for CMake config files
[156.634s] Level 1:colcon.colcon_core.shell:create_environment_hook('nav2_util', 'cmake_prefix_path')
[156.636s] INFO:colcon.colcon_core.shell:Creating environment hook '/home/agilex/agilex_ws/install/nav2_util/share/nav2_util/hook/cmake_prefix_path.ps1'
[156.636s] INFO:colcon.colcon_core.shell:Creating environment descriptor '/home/agilex/agilex_ws/install/nav2_util/share/nav2_util/hook/cmake_prefix_path.dsv'
[156.636s] INFO:colcon.colcon_core.shell:Creating environment hook '/home/agilex/agilex_ws/install/nav2_util/share/nav2_util/hook/cmake_prefix_path.sh'
[156.637s] Level 1:colcon.colcon_core.environment:checking '/home/agilex/agilex_ws/install/nav2_util/lib'
[156.637s] Level 1:colcon.colcon_core.shell:create_environment_hook('nav2_util', 'ld_library_path_lib')
[156.638s] INFO:colcon.colcon_core.shell:Creating environment hook '/home/agilex/agilex_ws/install/nav2_util/share/nav2_util/hook/ld_library_path_lib.ps1'
[156.639s] INFO:colcon.colcon_core.shell:Creating environment descriptor '/home/agilex/agilex_ws/install/nav2_util/share/nav2_util/hook/ld_library_path_lib.dsv'
[156.639s] INFO:colcon.colcon_core.shell:Creating environment hook '/home/agilex/agilex_ws/install/nav2_util/share/nav2_util/hook/ld_library_path_lib.sh'
[156.639s] Level 1:colcon.colcon_core.environment:checking '/home/agilex/agilex_ws/install/nav2_util/bin'
[156.640s] Level 1:colcon.colcon_core.environment:checking '/home/agilex/agilex_ws/install/nav2_util/lib/pkgconfig/nav2_util.pc'
[156.640s] Level 1:colcon.colcon_core.environment:checking '/home/agilex/agilex_ws/install/nav2_util/lib/python3.10/site-packages'
[156.640s] Level 1:colcon.colcon_core.environment:checking '/home/agilex/agilex_ws/install/nav2_util/bin'
[156.642s] INFO:colcon.colcon_core.shell:Creating package script '/home/agilex/agilex_ws/install/nav2_util/share/nav2_util/package.ps1'
[156.642s] INFO:colcon.colcon_core.shell:Creating package descriptor '/home/agilex/agilex_ws/install/nav2_util/share/nav2_util/package.dsv'
[156.643s] INFO:colcon.colcon_core.shell:Creating package script '/home/agilex/agilex_ws/install/nav2_util/share/nav2_util/package.sh'
[156.643s] INFO:colcon.colcon_core.shell:Creating package script '/home/agilex/agilex_ws/install/nav2_util/share/nav2_util/package.bash'
[156.644s] INFO:colcon.colcon_core.shell:Creating package script '/home/agilex/agilex_ws/install/nav2_util/share/nav2_util/package.zsh'
[156.645s] Level 1:colcon.colcon_core.environment:create_file_with_runtime_dependencies(/home/agilex/agilex_ws/install/nav2_util/share/colcon-core/packages/nav2_util)
[156.645s] INFO:colcon.colcon_ros.task.ament_cmake.build:Building ROS package in '/home/agilex/agilex_ws/src/navigation2/nav2_dwb_controller/nav_2d_utils' with build type 'ament_cmake'
[156.645s] INFO:colcon.colcon_cmake.task.cmake.build:Building CMake package in '/home/agilex/agilex_ws/src/navigation2/nav2_dwb_controller/nav_2d_utils'
[156.647s] INFO:colcon.colcon_core.shell:Skip shell extension 'powershell' for command environment: Not usable outside of PowerShell
[156.647s] DEBUG:colcon.colcon_core.shell:Skip shell extension 'dsv' for command environment
[156.653s] INFO:colcon.colcon_ros.task.ament_cmake.build:Building ROS package in '/home/agilex/agilex_ws/src/navigation2/nav2_behavior_tree' with build type 'ament_cmake'
[156.653s] INFO:colcon.colcon_cmake.task.cmake.build:Building CMake package in '/home/agilex/agilex_ws/src/navigation2/nav2_behavior_tree'
[156.655s] INFO:colcon.colcon_core.shell:Skip shell extension 'powershell' for command environment: Not usable outside of PowerShell
[156.655s] DEBUG:colcon.colcon_core.shell:Skip shell extension 'dsv' for command environment
[156.659s] INFO:colcon.colcon_ros.task.ament_cmake.build:Building ROS package in '/home/agilex/agilex_ws/src/navigation2/nav2_lifecycle_manager' with build type 'ament_cmake'
[156.659s] INFO:colcon.colcon_cmake.task.cmake.build:Building CMake package in '/home/agilex/agilex_ws/src/navigation2/nav2_lifecycle_manager'
[156.661s] INFO:colcon.colcon_core.shell:Skip shell extension 'powershell' for command environment: Not usable outside of PowerShell
[156.661s] DEBUG:colcon.colcon_core.shell:Skip shell extension 'dsv' for command environment
[156.665s] INFO:colcon.colcon_ros.task.ament_cmake.build:Building ROS package in '/home/agilex/agilex_ws/src/navigation2/nav2_map_server' with build type 'ament_cmake'
[156.665s] INFO:colcon.colcon_cmake.task.cmake.build:Building CMake package in '/home/agilex/agilex_ws/src/navigation2/nav2_map_server'
[156.667s] INFO:colcon.colcon_core.shell:Skip shell extension 'powershell' for command environment: Not usable outside of PowerShell
[156.668s] DEBUG:colcon.colcon_core.shell:Skip shell extension 'dsv' for command environment
[156.672s] INFO:colcon.colcon_ros.task.ament_cmake.build:Building ROS package in '/home/agilex/agilex_ws/src/navigation2/nav2_amcl' with build type 'ament_cmake'
[156.672s] INFO:colcon.colcon_cmake.task.cmake.build:Building CMake package in '/home/agilex/agilex_ws/src/navigation2/nav2_amcl'
[156.674s] INFO:colcon.colcon_core.shell:Skip shell extension 'powershell' for command environment: Not usable outside of PowerShell
[156.674s] DEBUG:colcon.colcon_core.shell:Skip shell extension 'dsv' for command environment
[156.683s] DEBUG:colcon.colcon_core.event_handler.log_command:Invoking command in '/home/agilex/agilex_ws/build/nav_2d_utils': AMENT_PREFIX_PATH=/home/agilex/agilex_ws/install/nav2_util:/home/agilex/agilex_ws/install/nav2_msgs:/home/agilex/agilex_ws/install/nav_2d_msgs:/home/agilex/agilex_ws/install/nav2_common:${AMENT_PREFIX_PATH} CMAKE_PREFIX_PATH=/home/agilex/agilex_ws/install/nav2_util:/home/agilex/agilex_ws/install/nav2_msgs:/home/agilex/agilex_ws/install/nav_2d_msgs:/home/agilex/agilex_ws/install/nav2_common:/opt/ros/humble LD_LIBRARY_PATH=/home/agilex/agilex_ws/install/nav2_util/lib:/home/agilex/agilex_ws/install/nav2_msgs/lib:/home/agilex/agilex_ws/install/nav_2d_msgs/lib:${LD_LIBRARY_PATH} PYTHONPATH=/home/agilex/agilex_ws/install/nav2_msgs/local/lib/python3.10/dist-packages:/home/agilex/agilex_ws/install/nav_2d_msgs/local/lib/python3.10/dist-packages:/home/agilex/agilex_ws/install/nav2_common/local/lib/python3.10/dist-packages:${PYTHONPATH} /usr/bin/cmake /home/agilex/agilex_ws/src/navigation2/nav2_dwb_controller/nav_2d_utils -DCMAKE_INSTALL_PREFIX=/home/agilex/agilex_ws/install/nav_2d_utils
[156.685s] DEBUG:colcon.colcon_core.event_handler.log_command:Invoking command in '/home/agilex/agilex_ws/build/nav2_behavior_tree': AMENT_PREFIX_PATH=/home/agilex/agilex_ws/install/nav2_util:/home/agilex/agilex_ws/install/nav2_msgs:/home/agilex/agilex_ws/install/nav2_common:${AMENT_PREFIX_PATH} CMAKE_PREFIX_PATH=/home/agilex/agilex_ws/install/nav2_util:/home/agilex/agilex_ws/install/nav2_msgs:/home/agilex/agilex_ws/install/nav2_common:/opt/ros/humble LD_LIBRARY_PATH=/home/agilex/agilex_ws/install/nav2_util/lib:/home/agilex/agilex_ws/install/nav2_msgs/lib:${LD_LIBRARY_PATH} PYTHONPATH=/home/agilex/agilex_ws/install/nav2_msgs/local/lib/python3.10/dist-packages:/home/agilex/agilex_ws/install/nav2_common/local/lib/python3.10/dist-packages:${PYTHONPATH} /usr/bin/cmake /home/agilex/agilex_ws/src/navigation2/nav2_behavior_tree -DCMAKE_INSTALL_PREFIX=/home/agilex/agilex_ws/install/nav2_behavior_tree
[156.688s] DEBUG:colcon.colcon_core.event_handler.log_command:Invoking command in '/home/agilex/agilex_ws/build/nav2_lifecycle_manager': AMENT_PREFIX_PATH=/home/agilex/agilex_ws/install/nav2_util:/home/agilex/agilex_ws/install/nav2_msgs:/home/agilex/agilex_ws/install/nav2_common:${AMENT_PREFIX_PATH} CMAKE_PREFIX_PATH=/home/agilex/agilex_ws/install/nav2_util:/home/agilex/agilex_ws/install/nav2_msgs:/home/agilex/agilex_ws/install/nav2_common:/opt/ros/humble LD_LIBRARY_PATH=/home/agilex/agilex_ws/install/nav2_util/lib:/home/agilex/agilex_ws/install/nav2_msgs/lib:${LD_LIBRARY_PATH} PYTHONPATH=/home/agilex/agilex_ws/install/nav2_msgs/local/lib/python3.10/dist-packages:/home/agilex/agilex_ws/install/nav2_common/local/lib/python3.10/dist-packages:${PYTHONPATH} /usr/bin/cmake /home/agilex/agilex_ws/src/navigation2/nav2_lifecycle_manager -DCMAKE_INSTALL_PREFIX=/home/agilex/agilex_ws/install/nav2_lifecycle_manager
[156.689s] DEBUG:colcon.colcon_core.event_handler.log_command:Invoking command in '/home/agilex/agilex_ws/build/nav2_map_server': AMENT_PREFIX_PATH=/home/agilex/agilex_ws/install/nav2_util:/home/agilex/agilex_ws/install/nav2_msgs:/home/agilex/agilex_ws/install/nav2_common:${AMENT_PREFIX_PATH} CMAKE_PREFIX_PATH=/home/agilex/agilex_ws/install/nav2_util:/home/agilex/agilex_ws/install/nav2_msgs:/home/agilex/agilex_ws/install/nav2_common:/opt/ros/humble LD_LIBRARY_PATH=/home/agilex/agilex_ws/install/nav2_util/lib:/home/agilex/agilex_ws/install/nav2_msgs/lib:${LD_LIBRARY_PATH} PYTHONPATH=/home/agilex/agilex_ws/install/nav2_msgs/local/lib/python3.10/dist-packages:/home/agilex/agilex_ws/install/nav2_common/local/lib/python3.10/dist-packages:${PYTHONPATH} /usr/bin/cmake /home/agilex/agilex_ws/src/navigation2/nav2_map_server -DCMAKE_INSTALL_PREFIX=/home/agilex/agilex_ws/install/nav2_map_server
[156.690s] DEBUG:colcon.colcon_core.event_handler.log_command:Invoking command in '/home/agilex/agilex_ws/build/nav2_amcl': AMENT_PREFIX_PATH=/home/agilex/agilex_ws/install/nav2_util:/home/agilex/agilex_ws/install/nav2_msgs:/home/agilex/agilex_ws/install/nav2_common:${AMENT_PREFIX_PATH} CMAKE_PREFIX_PATH=/home/agilex/agilex_ws/install/nav2_util:/home/agilex/agilex_ws/install/nav2_msgs:/home/agilex/agilex_ws/install/nav2_common:/opt/ros/humble LD_LIBRARY_PATH=/home/agilex/agilex_ws/install/nav2_util/lib:/home/agilex/agilex_ws/install/nav2_msgs/lib:${LD_LIBRARY_PATH} PYTHONPATH=/home/agilex/agilex_ws/install/nav2_msgs/local/lib/python3.10/dist-packages:/home/agilex/agilex_ws/install/nav2_common/local/lib/python3.10/dist-packages:${PYTHONPATH} /usr/bin/cmake /home/agilex/agilex_ws/src/navigation2/nav2_amcl -DCMAKE_INSTALL_PREFIX=/home/agilex/agilex_ws/install/nav2_amcl
[160.260s] DEBUG:colcon.colcon_core.event_handler.log_command:Invoked command in '/home/agilex/agilex_ws/build/nav_2d_utils' returned '0': AMENT_PREFIX_PATH=/home/agilex/agilex_ws/install/nav2_util:/home/agilex/agilex_ws/install/nav2_msgs:/home/agilex/agilex_ws/install/nav_2d_msgs:/home/agilex/agilex_ws/install/nav2_common:${AMENT_PREFIX_PATH} CMAKE_PREFIX_PATH=/home/agilex/agilex_ws/install/nav2_util:/home/agilex/agilex_ws/install/nav2_msgs:/home/agilex/agilex_ws/install/nav_2d_msgs:/home/agilex/agilex_ws/install/nav2_common:/opt/ros/humble LD_LIBRARY_PATH=/home/agilex/agilex_ws/install/nav2_util/lib:/home/agilex/agilex_ws/install/nav2_msgs/lib:/home/agilex/agilex_ws/install/nav_2d_msgs/lib:${LD_LIBRARY_PATH} PYTHONPATH=/home/agilex/agilex_ws/install/nav2_msgs/local/lib/python3.10/dist-packages:/home/agilex/agilex_ws/install/nav_2d_msgs/local/lib/python3.10/dist-packages:/home/agilex/agilex_ws/install/nav2_common/local/lib/python3.10/dist-packages:${PYTHONPATH} /usr/bin/cmake /home/agilex/agilex_ws/src/navigation2/nav2_dwb_controller/nav_2d_utils -DCMAKE_INSTALL_PREFIX=/home/agilex/agilex_ws/install/nav_2d_utils
[160.262s] DEBUG:colcon.colcon_core.event_handler.log_command:Invoking command in '/home/agilex/agilex_ws/build/nav_2d_utils': AMENT_PREFIX_PATH=/home/agilex/agilex_ws/install/nav2_util:/home/agilex/agilex_ws/install/nav2_msgs:/home/agilex/agilex_ws/install/nav_2d_msgs:/home/agilex/agilex_ws/install/nav2_common:${AMENT_PREFIX_PATH} CMAKE_PREFIX_PATH=/home/agilex/agilex_ws/install/nav2_util:/home/agilex/agilex_ws/install/nav2_msgs:/home/agilex/agilex_ws/install/nav_2d_msgs:/home/agilex/agilex_ws/install/nav2_common:/opt/ros/humble LD_LIBRARY_PATH=/home/agilex/agilex_ws/install/nav2_util/lib:/home/agilex/agilex_ws/install/nav2_msgs/lib:/home/agilex/agilex_ws/install/nav_2d_msgs/lib:${LD_LIBRARY_PATH} PYTHONPATH=/home/agilex/agilex_ws/install/nav2_msgs/local/lib/python3.10/dist-packages:/home/agilex/agilex_ws/install/nav_2d_msgs/local/lib/python3.10/dist-packages:/home/agilex/agilex_ws/install/nav2_common/local/lib/python3.10/dist-packages:${PYTHONPATH} /usr/bin/cmake --build /home/agilex/agilex_ws/build/nav_2d_utils -- -j8 -l8
[161.585s] DEBUG:colcon.colcon_core.event_handler.log_command:Invoked command in '/home/agilex/agilex_ws/build/nav2_lifecycle_manager' returned '0': AMENT_PREFIX_PATH=/home/agilex/agilex_ws/install/nav2_util:/home/agilex/agilex_ws/install/nav2_msgs:/home/agilex/agilex_ws/install/nav2_common:${AMENT_PREFIX_PATH} CMAKE_PREFIX_PATH=/home/agilex/agilex_ws/install/nav2_util:/home/agilex/agilex_ws/install/nav2_msgs:/home/agilex/agilex_ws/install/nav2_common:/opt/ros/humble LD_LIBRARY_PATH=/home/agilex/agilex_ws/install/nav2_util/lib:/home/agilex/agilex_ws/install/nav2_msgs/lib:${LD_LIBRARY_PATH} PYTHONPATH=/home/agilex/agilex_ws/install/nav2_msgs/local/lib/python3.10/dist-packages:/home/agilex/agilex_ws/install/nav2_common/local/lib/python3.10/dist-packages:${PYTHONPATH} /usr/bin/cmake /home/agilex/agilex_ws/src/navigation2/nav2_lifecycle_manager -DCMAKE_INSTALL_PREFIX=/home/agilex/agilex_ws/install/nav2_lifecycle_manager
[161.586s] DEBUG:colcon.colcon_core.event_handler.log_command:Invoking command in '/home/agilex/agilex_ws/build/nav2_lifecycle_manager': AMENT_PREFIX_PATH=/home/agilex/agilex_ws/install/nav2_util:/home/agilex/agilex_ws/install/nav2_msgs:/home/agilex/agilex_ws/install/nav2_common:${AMENT_PREFIX_PATH} CMAKE_PREFIX_PATH=/home/agilex/agilex_ws/install/nav2_util:/home/agilex/agilex_ws/install/nav2_msgs:/home/agilex/agilex_ws/install/nav2_common:/opt/ros/humble LD_LIBRARY_PATH=/home/agilex/agilex_ws/install/nav2_util/lib:/home/agilex/agilex_ws/install/nav2_msgs/lib:${LD_LIBRARY_PATH} PYTHONPATH=/home/agilex/agilex_ws/install/nav2_msgs/local/lib/python3.10/dist-packages:/home/agilex/agilex_ws/install/nav2_common/local/lib/python3.10/dist-packages:${PYTHONPATH} /usr/bin/cmake --build /home/agilex/agilex_ws/build/nav2_lifecycle_manager -- -j8 -l8
[162.242s] DEBUG:colcon.colcon_core.event_handler.log_command:Invoked command in '/home/agilex/agilex_ws/build/nav2_amcl' returned '0': AMENT_PREFIX_PATH=/home/agilex/agilex_ws/install/nav2_util:/home/agilex/agilex_ws/install/nav2_msgs:/home/agilex/agilex_ws/install/nav2_common:${AMENT_PREFIX_PATH} CMAKE_PREFIX_PATH=/home/agilex/agilex_ws/install/nav2_util:/home/agilex/agilex_ws/install/nav2_msgs:/home/agilex/agilex_ws/install/nav2_common:/opt/ros/humble LD_LIBRARY_PATH=/home/agilex/agilex_ws/install/nav2_util/lib:/home/agilex/agilex_ws/install/nav2_msgs/lib:${LD_LIBRARY_PATH} PYTHONPATH=/home/agilex/agilex_ws/install/nav2_msgs/local/lib/python3.10/dist-packages:/home/agilex/agilex_ws/install/nav2_common/local/lib/python3.10/dist-packages:${PYTHONPATH} /usr/bin/cmake /home/agilex/agilex_ws/src/navigation2/nav2_amcl -DCMAKE_INSTALL_PREFIX=/home/agilex/agilex_ws/install/nav2_amcl
[162.256s] DEBUG:colcon.colcon_core.event_handler.log_command:Invoking command in '/home/agilex/agilex_ws/build/nav2_amcl': AMENT_PREFIX_PATH=/home/agilex/agilex_ws/install/nav2_util:/home/agilex/agilex_ws/install/nav2_msgs:/home/agilex/agilex_ws/install/nav2_common:${AMENT_PREFIX_PATH} CMAKE_PREFIX_PATH=/home/agilex/agilex_ws/install/nav2_util:/home/agilex/agilex_ws/install/nav2_msgs:/home/agilex/agilex_ws/install/nav2_common:/opt/ros/humble LD_LIBRARY_PATH=/home/agilex/agilex_ws/install/nav2_util/lib:/home/agilex/agilex_ws/install/nav2_msgs/lib:${LD_LIBRARY_PATH} PYTHONPATH=/home/agilex/agilex_ws/install/nav2_msgs/local/lib/python3.10/dist-packages:/home/agilex/agilex_ws/install/nav2_common/local/lib/python3.10/dist-packages:${PYTHONPATH} /usr/bin/cmake --build /home/agilex/agilex_ws/build/nav2_amcl -- -j8 -l8
[162.330s] DEBUG:colcon.colcon_core.event_handler.log_command:Invoked command in '/home/agilex/agilex_ws/build/nav2_map_server' returned '0': AMENT_PREFIX_PATH=/home/agilex/agilex_ws/install/nav2_util:/home/agilex/agilex_ws/install/nav2_msgs:/home/agilex/agilex_ws/install/nav2_common:${AMENT_PREFIX_PATH} CMAKE_PREFIX_PATH=/home/agilex/agilex_ws/install/nav2_util:/home/agilex/agilex_ws/install/nav2_msgs:/home/agilex/agilex_ws/install/nav2_common:/opt/ros/humble LD_LIBRARY_PATH=/home/agilex/agilex_ws/install/nav2_util/lib:/home/agilex/agilex_ws/install/nav2_msgs/lib:${LD_LIBRARY_PATH} PYTHONPATH=/home/agilex/agilex_ws/install/nav2_msgs/local/lib/python3.10/dist-packages:/home/agilex/agilex_ws/install/nav2_common/local/lib/python3.10/dist-packages:${PYTHONPATH} /usr/bin/cmake /home/agilex/agilex_ws/src/navigation2/nav2_map_server -DCMAKE_INSTALL_PREFIX=/home/agilex/agilex_ws/install/nav2_map_server
[162.336s] DEBUG:colcon.colcon_core.event_handler.log_command:Invoking command in '/home/agilex/agilex_ws/build/nav2_map_server': AMENT_PREFIX_PATH=/home/agilex/agilex_ws/install/nav2_util:/home/agilex/agilex_ws/install/nav2_msgs:/home/agilex/agilex_ws/install/nav2_common:${AMENT_PREFIX_PATH} CMAKE_PREFIX_PATH=/home/agilex/agilex_ws/install/nav2_util:/home/agilex/agilex_ws/install/nav2_msgs:/home/agilex/agilex_ws/install/nav2_common:/opt/ros/humble LD_LIBRARY_PATH=/home/agilex/agilex_ws/install/nav2_util/lib:/home/agilex/agilex_ws/install/nav2_msgs/lib:${LD_LIBRARY_PATH} PYTHONPATH=/home/agilex/agilex_ws/install/nav2_msgs/local/lib/python3.10/dist-packages:/home/agilex/agilex_ws/install/nav2_common/local/lib/python3.10/dist-packages:${PYTHONPATH} /usr/bin/cmake --build /home/agilex/agilex_ws/build/nav2_map_server -- -j8 -l8
[179.345s] DEBUG:colcon.colcon_core.event_handler.log_command:Invoked command in '/home/agilex/agilex_ws/build/nav_2d_utils' returned '0': AMENT_PREFIX_PATH=/home/agilex/agilex_ws/install/nav2_util:/home/agilex/agilex_ws/install/nav2_msgs:/home/agilex/agilex_ws/install/nav_2d_msgs:/home/agilex/agilex_ws/install/nav2_common:${AMENT_PREFIX_PATH} CMAKE_PREFIX_PATH=/home/agilex/agilex_ws/install/nav2_util:/home/agilex/agilex_ws/install/nav2_msgs:/home/agilex/agilex_ws/install/nav_2d_msgs:/home/agilex/agilex_ws/install/nav2_common:/opt/ros/humble LD_LIBRARY_PATH=/home/agilex/agilex_ws/install/nav2_util/lib:/home/agilex/agilex_ws/install/nav2_msgs/lib:/home/agilex/agilex_ws/install/nav_2d_msgs/lib:${LD_LIBRARY_PATH} PYTHONPATH=/home/agilex/agilex_ws/install/nav2_msgs/local/lib/python3.10/dist-packages:/home/agilex/agilex_ws/install/nav_2d_msgs/local/lib/python3.10/dist-packages:/home/agilex/agilex_ws/install/nav2_common/local/lib/python3.10/dist-packages:${PYTHONPATH} /usr/bin/cmake --build /home/agilex/agilex_ws/build/nav_2d_utils -- -j8 -l8
[179.377s] DEBUG:colcon.colcon_core.event_handler.log_command:Invoking command in '/home/agilex/agilex_ws/build/nav_2d_utils': AMENT_PREFIX_PATH=/home/agilex/agilex_ws/install/nav2_util:/home/agilex/agilex_ws/install/nav2_msgs:/home/agilex/agilex_ws/install/nav_2d_msgs:/home/agilex/agilex_ws/install/nav2_common:${AMENT_PREFIX_PATH} CMAKE_PREFIX_PATH=/home/agilex/agilex_ws/install/nav2_util:/home/agilex/agilex_ws/install/nav2_msgs:/home/agilex/agilex_ws/install/nav_2d_msgs:/home/agilex/agilex_ws/install/nav2_common:/opt/ros/humble LD_LIBRARY_PATH=/home/agilex/agilex_ws/install/nav2_util/lib:/home/agilex/agilex_ws/install/nav2_msgs/lib:/home/agilex/agilex_ws/install/nav_2d_msgs/lib:${LD_LIBRARY_PATH} PYTHONPATH=/home/agilex/agilex_ws/install/nav2_msgs/local/lib/python3.10/dist-packages:/home/agilex/agilex_ws/install/nav_2d_msgs/local/lib/python3.10/dist-packages:/home/agilex/agilex_ws/install/nav2_common/local/lib/python3.10/dist-packages:${PYTHONPATH} /usr/bin/cmake --install /home/agilex/agilex_ws/build/nav_2d_utils
[179.396s] Level 1:colcon.colcon_core.environment:create_environment_scripts_only(nav_2d_utils)
[179.399s] Level 1:colcon.colcon_core.environment:checking '/home/agilex/agilex_ws/install/nav_2d_utils' for CMake module files
[179.399s] Level 1:colcon.colcon_core.environment:checking '/home/agilex/agilex_ws/install/nav_2d_utils' for CMake config files
[179.400s] Level 1:colcon.colcon_core.shell:create_environment_hook('nav_2d_utils', 'cmake_prefix_path')
[179.401s] INFO:colcon.colcon_core.shell:Creating environment hook '/home/agilex/agilex_ws/install/nav_2d_utils/share/nav_2d_utils/hook/cmake_prefix_path.ps1'
[179.402s] DEBUG:colcon.colcon_core.event_handler.log_command:Invoked command in '/home/agilex/agilex_ws/build/nav_2d_utils' returned '0': AMENT_PREFIX_PATH=/home/agilex/agilex_ws/install/nav2_util:/home/agilex/agilex_ws/install/nav2_msgs:/home/agilex/agilex_ws/install/nav_2d_msgs:/home/agilex/agilex_ws/install/nav2_common:${AMENT_PREFIX_PATH} CMAKE_PREFIX_PATH=/home/agilex/agilex_ws/install/nav2_util:/home/agilex/agilex_ws/install/nav2_msgs:/home/agilex/agilex_ws/install/nav_2d_msgs:/home/agilex/agilex_ws/install/nav2_common:/opt/ros/humble LD_LIBRARY_PATH=/home/agilex/agilex_ws/install/nav2_util/lib:/home/agilex/agilex_ws/install/nav2_msgs/lib:/home/agilex/agilex_ws/install/nav_2d_msgs/lib:${LD_LIBRARY_PATH} PYTHONPATH=/home/agilex/agilex_ws/install/nav2_msgs/local/lib/python3.10/dist-packages:/home/agilex/agilex_ws/install/nav_2d_msgs/local/lib/python3.10/dist-packages:/home/agilex/agilex_ws/install/nav2_common/local/lib/python3.10/dist-packages:${PYTHONPATH} /usr/bin/cmake --install /home/agilex/agilex_ws/build/nav_2d_utils
[179.402s] INFO:colcon.colcon_core.shell:Creating environment descriptor '/home/agilex/agilex_ws/install/nav_2d_utils/share/nav_2d_utils/hook/cmake_prefix_path.dsv'
[179.403s] INFO:colcon.colcon_core.shell:Creating environment hook '/home/agilex/agilex_ws/install/nav_2d_utils/share/nav_2d_utils/hook/cmake_prefix_path.sh'
[179.403s] Level 1:colcon.colcon_core.environment:checking '/home/agilex/agilex_ws/install/nav_2d_utils/lib'
[179.403s] Level 1:colcon.colcon_core.shell:create_environment_hook('nav_2d_utils', 'ld_library_path_lib')
[179.405s] INFO:colcon.colcon_core.shell:Creating environment hook '/home/agilex/agilex_ws/install/nav_2d_utils/share/nav_2d_utils/hook/ld_library_path_lib.ps1'
[179.406s] INFO:colcon.colcon_core.shell:Creating environment descriptor '/home/agilex/agilex_ws/install/nav_2d_utils/share/nav_2d_utils/hook/ld_library_path_lib.dsv'
[179.406s] INFO:colcon.colcon_core.shell:Creating environment hook '/home/agilex/agilex_ws/install/nav_2d_utils/share/nav_2d_utils/hook/ld_library_path_lib.sh'
[179.406s] Level 1:colcon.colcon_core.environment:checking '/home/agilex/agilex_ws/install/nav_2d_utils/bin'
[179.406s] Level 1:colcon.colcon_core.environment:checking '/home/agilex/agilex_ws/install/nav_2d_utils/lib/pkgconfig/nav_2d_utils.pc'
[179.407s] Level 1:colcon.colcon_core.environment:checking '/home/agilex/agilex_ws/install/nav_2d_utils/lib/python3.10/site-packages'
[179.407s] Level 1:colcon.colcon_core.environment:checking '/home/agilex/agilex_ws/install/nav_2d_utils/bin'
[179.408s] INFO:colcon.colcon_core.shell:Creating package script '/home/agilex/agilex_ws/install/nav_2d_utils/share/nav_2d_utils/package.ps1'
[179.409s] INFO:colcon.colcon_core.shell:Creating package descriptor '/home/agilex/agilex_ws/install/nav_2d_utils/share/nav_2d_utils/package.dsv'
[179.409s] INFO:colcon.colcon_core.shell:Creating package script '/home/agilex/agilex_ws/install/nav_2d_utils/share/nav_2d_utils/package.sh'
[179.410s] INFO:colcon.colcon_core.shell:Creating package script '/home/agilex/agilex_ws/install/nav_2d_utils/share/nav_2d_utils/package.bash'
[179.410s] INFO:colcon.colcon_core.shell:Creating package script '/home/agilex/agilex_ws/install/nav_2d_utils/share/nav_2d_utils/package.zsh'
[179.410s] Level 1:colcon.colcon_core.environment:create_file_with_runtime_dependencies(/home/agilex/agilex_ws/install/nav_2d_utils/share/colcon-core/packages/nav_2d_utils)
[179.444s] Level 1:colcon.colcon_core.environment:create_environment_scripts_only(nav_2d_utils)
[179.447s] Level 1:colcon.colcon_core.environment:checking '/home/agilex/agilex_ws/install/nav_2d_utils' for CMake module files
[179.447s] Level 1:colcon.colcon_core.environment:checking '/home/agilex/agilex_ws/install/nav_2d_utils' for CMake config files
[179.448s] Level 1:colcon.colcon_core.shell:create_environment_hook('nav_2d_utils', 'cmake_prefix_path')
[179.449s] INFO:colcon.colcon_core.shell:Creating environment hook '/home/agilex/agilex_ws/install/nav_2d_utils/share/nav_2d_utils/hook/cmake_prefix_path.ps1'
[179.450s] INFO:colcon.colcon_core.shell:Creating environment descriptor '/home/agilex/agilex_ws/install/nav_2d_utils/share/nav_2d_utils/hook/cmake_prefix_path.dsv'
[179.450s] INFO:colcon.colcon_core.shell:Creating environment hook '/home/agilex/agilex_ws/install/nav_2d_utils/share/nav_2d_utils/hook/cmake_prefix_path.sh'
[179.451s] Level 1:colcon.colcon_core.environment:checking '/home/agilex/agilex_ws/install/nav_2d_utils/lib'
[179.451s] Level 1:colcon.colcon_core.shell:create_environment_hook('nav_2d_utils', 'ld_library_path_lib')
[179.452s] INFO:colcon.colcon_core.shell:Creating environment hook '/home/agilex/agilex_ws/install/nav_2d_utils/share/nav_2d_utils/hook/ld_library_path_lib.ps1'
[179.453s] INFO:colcon.colcon_core.shell:Creating environment descriptor '/home/agilex/agilex_ws/install/nav_2d_utils/share/nav_2d_utils/hook/ld_library_path_lib.dsv'
[179.453s] INFO:colcon.colcon_core.shell:Creating environment hook '/home/agilex/agilex_ws/install/nav_2d_utils/share/nav_2d_utils/hook/ld_library_path_lib.sh'
[179.453s] Level 1:colcon.colcon_core.environment:checking '/home/agilex/agilex_ws/install/nav_2d_utils/bin'
[179.453s] Level 1:colcon.colcon_core.environment:checking '/home/agilex/agilex_ws/install/nav_2d_utils/lib/pkgconfig/nav_2d_utils.pc'
[179.454s] Level 1:colcon.colcon_core.environment:checking '/home/agilex/agilex_ws/install/nav_2d_utils/lib/python3.10/site-packages'
[179.454s] Level 1:colcon.colcon_core.environment:checking '/home/agilex/agilex_ws/install/nav_2d_utils/bin'
[179.456s] INFO:colcon.colcon_core.shell:Creating package script '/home/agilex/agilex_ws/install/nav_2d_utils/share/nav_2d_utils/package.ps1'
[179.456s] INFO:colcon.colcon_core.shell:Creating package descriptor '/home/agilex/agilex_ws/install/nav_2d_utils/share/nav_2d_utils/package.dsv'
[179.457s] INFO:colcon.colcon_core.shell:Creating package script '/home/agilex/agilex_ws/install/nav_2d_utils/share/nav_2d_utils/package.sh'
[179.458s] INFO:colcon.colcon_core.shell:Creating package script '/home/agilex/agilex_ws/install/nav_2d_utils/share/nav_2d_utils/package.bash'
[179.458s] INFO:colcon.colcon_core.shell:Creating package script '/home/agilex/agilex_ws/install/nav_2d_utils/share/nav_2d_utils/package.zsh'
[179.459s] Level 1:colcon.colcon_core.environment:create_file_with_runtime_dependencies(/home/agilex/agilex_ws/install/nav_2d_utils/share/colcon-core/packages/nav_2d_utils)
[192.460s] DEBUG:colcon.colcon_core.event_handler.log_command:Invoked command in '/home/agilex/agilex_ws/build/nav2_lifecycle_manager' returned '0': AMENT_PREFIX_PATH=/home/agilex/agilex_ws/install/nav2_util:/home/agilex/agilex_ws/install/nav2_msgs:/home/agilex/agilex_ws/install/nav2_common:${AMENT_PREFIX_PATH} CMAKE_PREFIX_PATH=/home/agilex/agilex_ws/install/nav2_util:/home/agilex/agilex_ws/install/nav2_msgs:/home/agilex/agilex_ws/install/nav2_common:/opt/ros/humble LD_LIBRARY_PATH=/home/agilex/agilex_ws/install/nav2_util/lib:/home/agilex/agilex_ws/install/nav2_msgs/lib:${LD_LIBRARY_PATH} PYTHONPATH=/home/agilex/agilex_ws/install/nav2_msgs/local/lib/python3.10/dist-packages:/home/agilex/agilex_ws/install/nav2_common/local/lib/python3.10/dist-packages:${PYTHONPATH} /usr/bin/cmake --build /home/agilex/agilex_ws/build/nav2_lifecycle_manager -- -j8 -l8
[192.486s] DEBUG:colcon.colcon_core.event_handler.log_command:Invoking command in '/home/agilex/agilex_ws/build/nav2_lifecycle_manager': AMENT_PREFIX_PATH=/home/agilex/agilex_ws/install/nav2_util:/home/agilex/agilex_ws/install/nav2_msgs:/home/agilex/agilex_ws/install/nav2_common:${AMENT_PREFIX_PATH} CMAKE_PREFIX_PATH=/home/agilex/agilex_ws/install/nav2_util:/home/agilex/agilex_ws/install/nav2_msgs:/home/agilex/agilex_ws/install/nav2_common:/opt/ros/humble LD_LIBRARY_PATH=/home/agilex/agilex_ws/install/nav2_util/lib:/home/agilex/agilex_ws/install/nav2_msgs/lib:${LD_LIBRARY_PATH} PYTHONPATH=/home/agilex/agilex_ws/install/nav2_msgs/local/lib/python3.10/dist-packages:/home/agilex/agilex_ws/install/nav2_common/local/lib/python3.10/dist-packages:${PYTHONPATH} /usr/bin/cmake --install /home/agilex/agilex_ws/build/nav2_lifecycle_manager
[192.500s] Level 1:colcon.colcon_core.environment:create_environment_scripts_only(nav2_lifecycle_manager)
[192.502s] Level 1:colcon.colcon_core.environment:checking '/home/agilex/agilex_ws/install/nav2_lifecycle_manager' for CMake module files
[192.503s] DEBUG:colcon.colcon_core.event_handler.log_command:Invoked command in '/home/agilex/agilex_ws/build/nav2_lifecycle_manager' returned '0': AMENT_PREFIX_PATH=/home/agilex/agilex_ws/install/nav2_util:/home/agilex/agilex_ws/install/nav2_msgs:/home/agilex/agilex_ws/install/nav2_common:${AMENT_PREFIX_PATH} CMAKE_PREFIX_PATH=/home/agilex/agilex_ws/install/nav2_util:/home/agilex/agilex_ws/install/nav2_msgs:/home/agilex/agilex_ws/install/nav2_common:/opt/ros/humble LD_LIBRARY_PATH=/home/agilex/agilex_ws/install/nav2_util/lib:/home/agilex/agilex_ws/install/nav2_msgs/lib:${LD_LIBRARY_PATH} PYTHONPATH=/home/agilex/agilex_ws/install/nav2_msgs/local/lib/python3.10/dist-packages:/home/agilex/agilex_ws/install/nav2_common/local/lib/python3.10/dist-packages:${PYTHONPATH} /usr/bin/cmake --install /home/agilex/agilex_ws/build/nav2_lifecycle_manager
[192.503s] Level 1:colcon.colcon_core.environment:checking '/home/agilex/agilex_ws/install/nav2_lifecycle_manager' for CMake config files
[192.503s] Level 1:colcon.colcon_core.shell:create_environment_hook('nav2_lifecycle_manager', 'cmake_prefix_path')
[192.505s] INFO:colcon.colcon_core.shell:Creating environment hook '/home/agilex/agilex_ws/install/nav2_lifecycle_manager/share/nav2_lifecycle_manager/hook/cmake_prefix_path.ps1'
[192.505s] INFO:colcon.colcon_core.shell:Creating environment descriptor '/home/agilex/agilex_ws/install/nav2_lifecycle_manager/share/nav2_lifecycle_manager/hook/cmake_prefix_path.dsv'
[192.506s] INFO:colcon.colcon_core.shell:Creating environment hook '/home/agilex/agilex_ws/install/nav2_lifecycle_manager/share/nav2_lifecycle_manager/hook/cmake_prefix_path.sh'
[192.506s] Level 1:colcon.colcon_core.environment:checking '/home/agilex/agilex_ws/install/nav2_lifecycle_manager/lib'
[192.506s] Level 1:colcon.colcon_core.shell:create_environment_hook('nav2_lifecycle_manager', 'ld_library_path_lib')
[192.508s] INFO:colcon.colcon_core.shell:Creating environment hook '/home/agilex/agilex_ws/install/nav2_lifecycle_manager/share/nav2_lifecycle_manager/hook/ld_library_path_lib.ps1'
[192.508s] INFO:colcon.colcon_core.shell:Creating environment descriptor '/home/agilex/agilex_ws/install/nav2_lifecycle_manager/share/nav2_lifecycle_manager/hook/ld_library_path_lib.dsv'
[192.508s] INFO:colcon.colcon_core.shell:Creating environment hook '/home/agilex/agilex_ws/install/nav2_lifecycle_manager/share/nav2_lifecycle_manager/hook/ld_library_path_lib.sh'
[192.508s] Level 1:colcon.colcon_core.environment:checking '/home/agilex/agilex_ws/install/nav2_lifecycle_manager/bin'
[192.509s] Level 1:colcon.colcon_core.environment:checking '/home/agilex/agilex_ws/install/nav2_lifecycle_manager/lib/pkgconfig/nav2_lifecycle_manager.pc'
[192.509s] Level 1:colcon.colcon_core.environment:checking '/home/agilex/agilex_ws/install/nav2_lifecycle_manager/lib/python3.10/site-packages'
[192.509s] Level 1:colcon.colcon_core.environment:checking '/home/agilex/agilex_ws/install/nav2_lifecycle_manager/bin'
[192.510s] INFO:colcon.colcon_core.shell:Creating package script '/home/agilex/agilex_ws/install/nav2_lifecycle_manager/share/nav2_lifecycle_manager/package.ps1'
[192.511s] INFO:colcon.colcon_core.shell:Creating package descriptor '/home/agilex/agilex_ws/install/nav2_lifecycle_manager/share/nav2_lifecycle_manager/package.dsv'
[192.511s] INFO:colcon.colcon_core.shell:Creating package script '/home/agilex/agilex_ws/install/nav2_lifecycle_manager/share/nav2_lifecycle_manager/package.sh'
[192.512s] INFO:colcon.colcon_core.shell:Creating package script '/home/agilex/agilex_ws/install/nav2_lifecycle_manager/share/nav2_lifecycle_manager/package.bash'
[192.512s] INFO:colcon.colcon_core.shell:Creating package script '/home/agilex/agilex_ws/install/nav2_lifecycle_manager/share/nav2_lifecycle_manager/package.zsh'
[192.512s] Level 1:colcon.colcon_core.environment:create_file_with_runtime_dependencies(/home/agilex/agilex_ws/install/nav2_lifecycle_manager/share/colcon-core/packages/nav2_lifecycle_manager)
[192.538s] Level 1:colcon.colcon_core.environment:create_environment_scripts_only(nav2_lifecycle_manager)
[192.540s] Level 1:colcon.colcon_core.environment:checking '/home/agilex/agilex_ws/install/nav2_lifecycle_manager' for CMake module files
[192.541s] Level 1:colcon.colcon_core.environment:checking '/home/agilex/agilex_ws/install/nav2_lifecycle_manager' for CMake config files
[192.541s] Level 1:colcon.colcon_core.shell:create_environment_hook('nav2_lifecycle_manager', 'cmake_prefix_path')
[192.542s] INFO:colcon.colcon_core.shell:Creating environment hook '/home/agilex/agilex_ws/install/nav2_lifecycle_manager/share/nav2_lifecycle_manager/hook/cmake_prefix_path.ps1'
[192.543s] INFO:colcon.colcon_core.shell:Creating environment descriptor '/home/agilex/agilex_ws/install/nav2_lifecycle_manager/share/nav2_lifecycle_manager/hook/cmake_prefix_path.dsv'
[192.543s] INFO:colcon.colcon_core.shell:Creating environment hook '/home/agilex/agilex_ws/install/nav2_lifecycle_manager/share/nav2_lifecycle_manager/hook/cmake_prefix_path.sh'
[192.543s] Level 1:colcon.colcon_core.environment:checking '/home/agilex/agilex_ws/install/nav2_lifecycle_manager/lib'
[192.543s] Level 1:colcon.colcon_core.shell:create_environment_hook('nav2_lifecycle_manager', 'ld_library_path_lib')
[192.545s] INFO:colcon.colcon_core.shell:Creating environment hook '/home/agilex/agilex_ws/install/nav2_lifecycle_manager/share/nav2_lifecycle_manager/hook/ld_library_path_lib.ps1'
[192.545s] INFO:colcon.colcon_core.shell:Creating environment descriptor '/home/agilex/agilex_ws/install/nav2_lifecycle_manager/share/nav2_lifecycle_manager/hook/ld_library_path_lib.dsv'
[192.546s] INFO:colcon.colcon_core.shell:Creating environment hook '/home/agilex/agilex_ws/install/nav2_lifecycle_manager/share/nav2_lifecycle_manager/hook/ld_library_path_lib.sh'
[192.546s] Level 1:colcon.colcon_core.environment:checking '/home/agilex/agilex_ws/install/nav2_lifecycle_manager/bin'
[192.546s] Level 1:colcon.colcon_core.environment:checking '/home/agilex/agilex_ws/install/nav2_lifecycle_manager/lib/pkgconfig/nav2_lifecycle_manager.pc'
[192.547s] Level 1:colcon.colcon_core.environment:checking '/home/agilex/agilex_ws/install/nav2_lifecycle_manager/lib/python3.10/site-packages'
[192.547s] Level 1:colcon.colcon_core.environment:checking '/home/agilex/agilex_ws/install/nav2_lifecycle_manager/bin'
[192.548s] INFO:colcon.colcon_core.shell:Creating package script '/home/agilex/agilex_ws/install/nav2_lifecycle_manager/share/nav2_lifecycle_manager/package.ps1'
[192.549s] INFO:colcon.colcon_core.shell:Creating package descriptor '/home/agilex/agilex_ws/install/nav2_lifecycle_manager/share/nav2_lifecycle_manager/package.dsv'
[192.550s] INFO:colcon.colcon_core.shell:Creating package script '/home/agilex/agilex_ws/install/nav2_lifecycle_manager/share/nav2_lifecycle_manager/package.sh'
[192.550s] INFO:colcon.colcon_core.shell:Creating package script '/home/agilex/agilex_ws/install/nav2_lifecycle_manager/share/nav2_lifecycle_manager/package.bash'
[192.551s] INFO:colcon.colcon_core.shell:Creating package script '/home/agilex/agilex_ws/install/nav2_lifecycle_manager/share/nav2_lifecycle_manager/package.zsh'
[192.551s] Level 1:colcon.colcon_core.environment:create_file_with_runtime_dependencies(/home/agilex/agilex_ws/install/nav2_lifecycle_manager/share/colcon-core/packages/nav2_lifecycle_manager)
[192.552s] INFO:colcon.colcon_ros.task.ament_cmake.build:Building ROS package in '/home/agilex/agilex_ws/src/navigation2/nav2_rviz_plugins' with build type 'ament_cmake'
[192.552s] INFO:colcon.colcon_cmake.task.cmake.build:Building CMake package in '/home/agilex/agilex_ws/src/navigation2/nav2_rviz_plugins'
[192.554s] INFO:colcon.colcon_core.shell:Skip shell extension 'powershell' for command environment: Not usable outside of PowerShell
[192.554s] DEBUG:colcon.colcon_core.shell:Skip shell extension 'dsv' for command environment
[192.566s] DEBUG:colcon.colcon_core.event_handler.log_command:Invoking command in '/home/agilex/agilex_ws/build/nav2_rviz_plugins': AMENT_PREFIX_PATH=/home/agilex/agilex_ws/install/nav2_lifecycle_manager:/home/agilex/agilex_ws/install/nav2_util:/home/agilex/agilex_ws/install/nav2_msgs:/home/agilex/agilex_ws/install/nav2_common:${AMENT_PREFIX_PATH} CMAKE_PREFIX_PATH=/home/agilex/agilex_ws/install/nav2_lifecycle_manager:/home/agilex/agilex_ws/install/nav2_util:/home/agilex/agilex_ws/install/nav2_msgs:/home/agilex/agilex_ws/install/nav2_common:/opt/ros/humble LD_LIBRARY_PATH=/home/agilex/agilex_ws/install/nav2_lifecycle_manager/lib:/home/agilex/agilex_ws/install/nav2_util/lib:/home/agilex/agilex_ws/install/nav2_msgs/lib:${LD_LIBRARY_PATH} PYTHONPATH=/home/agilex/agilex_ws/install/nav2_msgs/local/lib/python3.10/dist-packages:/home/agilex/agilex_ws/install/nav2_common/local/lib/python3.10/dist-packages:${PYTHONPATH} /usr/bin/cmake /home/agilex/agilex_ws/src/navigation2/nav2_rviz_plugins -DCMAKE_INSTALL_PREFIX=/home/agilex/agilex_ws/install/nav2_rviz_plugins
[199.451s] DEBUG:colcon.colcon_core.event_handler.log_command:Invoked command in '/home/agilex/agilex_ws/build/nav2_rviz_plugins' returned '0': AMENT_PREFIX_PATH=/home/agilex/agilex_ws/install/nav2_lifecycle_manager:/home/agilex/agilex_ws/install/nav2_util:/home/agilex/agilex_ws/install/nav2_msgs:/home/agilex/agilex_ws/install/nav2_common:${AMENT_PREFIX_PATH} CMAKE_PREFIX_PATH=/home/agilex/agilex_ws/install/nav2_lifecycle_manager:/home/agilex/agilex_ws/install/nav2_util:/home/agilex/agilex_ws/install/nav2_msgs:/home/agilex/agilex_ws/install/nav2_common:/opt/ros/humble LD_LIBRARY_PATH=/home/agilex/agilex_ws/install/nav2_lifecycle_manager/lib:/home/agilex/agilex_ws/install/nav2_util/lib:/home/agilex/agilex_ws/install/nav2_msgs/lib:${LD_LIBRARY_PATH} PYTHONPATH=/home/agilex/agilex_ws/install/nav2_msgs/local/lib/python3.10/dist-packages:/home/agilex/agilex_ws/install/nav2_common/local/lib/python3.10/dist-packages:${PYTHONPATH} /usr/bin/cmake /home/agilex/agilex_ws/src/navigation2/nav2_rviz_plugins -DCMAKE_INSTALL_PREFIX=/home/agilex/agilex_ws/install/nav2_rviz_plugins
[199.453s] DEBUG:colcon.colcon_core.event_handler.log_command:Invoking command in '/home/agilex/agilex_ws/build/nav2_rviz_plugins': AMENT_PREFIX_PATH=/home/agilex/agilex_ws/install/nav2_lifecycle_manager:/home/agilex/agilex_ws/install/nav2_util:/home/agilex/agilex_ws/install/nav2_msgs:/home/agilex/agilex_ws/install/nav2_common:${AMENT_PREFIX_PATH} CMAKE_PREFIX_PATH=/home/agilex/agilex_ws/install/nav2_lifecycle_manager:/home/agilex/agilex_ws/install/nav2_util:/home/agilex/agilex_ws/install/nav2_msgs:/home/agilex/agilex_ws/install/nav2_common:/opt/ros/humble LD_LIBRARY_PATH=/home/agilex/agilex_ws/install/nav2_lifecycle_manager/lib:/home/agilex/agilex_ws/install/nav2_util/lib:/home/agilex/agilex_ws/install/nav2_msgs/lib:${LD_LIBRARY_PATH} PYTHONPATH=/home/agilex/agilex_ws/install/nav2_msgs/local/lib/python3.10/dist-packages:/home/agilex/agilex_ws/install/nav2_common/local/lib/python3.10/dist-packages:${PYTHONPATH} /usr/bin/cmake --build /home/agilex/agilex_ws/build/nav2_rviz_plugins -- -j8 -l8
[205.242s] DEBUG:colcon.colcon_core.event_handler.log_command:Invoked command in '/home/agilex/agilex_ws/build/nav2_amcl' returned '0': AMENT_PREFIX_PATH=/home/agilex/agilex_ws/install/nav2_util:/home/agilex/agilex_ws/install/nav2_msgs:/home/agilex/agilex_ws/install/nav2_common:${AMENT_PREFIX_PATH} CMAKE_PREFIX_PATH=/home/agilex/agilex_ws/install/nav2_util:/home/agilex/agilex_ws/install/nav2_msgs:/home/agilex/agilex_ws/install/nav2_common:/opt/ros/humble LD_LIBRARY_PATH=/home/agilex/agilex_ws/install/nav2_util/lib:/home/agilex/agilex_ws/install/nav2_msgs/lib:${LD_LIBRARY_PATH} PYTHONPATH=/home/agilex/agilex_ws/install/nav2_msgs/local/lib/python3.10/dist-packages:/home/agilex/agilex_ws/install/nav2_common/local/lib/python3.10/dist-packages:${PYTHONPATH} /usr/bin/cmake --build /home/agilex/agilex_ws/build/nav2_amcl -- -j8 -l8
[205.268s] DEBUG:colcon.colcon_core.event_handler.log_command:Invoking command in '/home/agilex/agilex_ws/build/nav2_amcl': AMENT_PREFIX_PATH=/home/agilex/agilex_ws/install/nav2_util:/home/agilex/agilex_ws/install/nav2_msgs:/home/agilex/agilex_ws/install/nav2_common:${AMENT_PREFIX_PATH} CMAKE_PREFIX_PATH=/home/agilex/agilex_ws/install/nav2_util:/home/agilex/agilex_ws/install/nav2_msgs:/home/agilex/agilex_ws/install/nav2_common:/opt/ros/humble LD_LIBRARY_PATH=/home/agilex/agilex_ws/install/nav2_util/lib:/home/agilex/agilex_ws/install/nav2_msgs/lib:${LD_LIBRARY_PATH} PYTHONPATH=/home/agilex/agilex_ws/install/nav2_msgs/local/lib/python3.10/dist-packages:/home/agilex/agilex_ws/install/nav2_common/local/lib/python3.10/dist-packages:${PYTHONPATH} /usr/bin/cmake --install /home/agilex/agilex_ws/build/nav2_amcl
[205.290s] Level 1:colcon.colcon_core.environment:create_environment_scripts_only(nav2_amcl)
[205.292s] Level 1:colcon.colcon_core.environment:checking '/home/agilex/agilex_ws/install/nav2_amcl' for CMake module files
[205.293s] Level 1:colcon.colcon_core.environment:checking '/home/agilex/agilex_ws/install/nav2_amcl' for CMake config files
[205.294s] Level 1:colcon.colcon_core.shell:create_environment_hook('nav2_amcl', 'cmake_prefix_path')
[205.295s] INFO:colcon.colcon_core.shell:Creating environment hook '/home/agilex/agilex_ws/install/nav2_amcl/share/nav2_amcl/hook/cmake_prefix_path.ps1'
[205.296s] DEBUG:colcon.colcon_core.event_handler.log_command:Invoked command in '/home/agilex/agilex_ws/build/nav2_amcl' returned '0': AMENT_PREFIX_PATH=/home/agilex/agilex_ws/install/nav2_util:/home/agilex/agilex_ws/install/nav2_msgs:/home/agilex/agilex_ws/install/nav2_common:${AMENT_PREFIX_PATH} CMAKE_PREFIX_PATH=/home/agilex/agilex_ws/install/nav2_util:/home/agilex/agilex_ws/install/nav2_msgs:/home/agilex/agilex_ws/install/nav2_common:/opt/ros/humble LD_LIBRARY_PATH=/home/agilex/agilex_ws/install/nav2_util/lib:/home/agilex/agilex_ws/install/nav2_msgs/lib:${LD_LIBRARY_PATH} PYTHONPATH=/home/agilex/agilex_ws/install/nav2_msgs/local/lib/python3.10/dist-packages:/home/agilex/agilex_ws/install/nav2_common/local/lib/python3.10/dist-packages:${PYTHONPATH} /usr/bin/cmake --install /home/agilex/agilex_ws/build/nav2_amcl
[205.296s] INFO:colcon.colcon_core.shell:Creating environment descriptor '/home/agilex/agilex_ws/install/nav2_amcl/share/nav2_amcl/hook/cmake_prefix_path.dsv'
[205.297s] INFO:colcon.colcon_core.shell:Creating environment hook '/home/agilex/agilex_ws/install/nav2_amcl/share/nav2_amcl/hook/cmake_prefix_path.sh'
[205.298s] Level 1:colcon.colcon_core.environment:checking '/home/agilex/agilex_ws/install/nav2_amcl/lib'
[205.298s] Level 1:colcon.colcon_core.shell:create_environment_hook('nav2_amcl', 'ld_library_path_lib')
[205.302s] INFO:colcon.colcon_core.shell:Creating environment hook '/home/agilex/agilex_ws/install/nav2_amcl/share/nav2_amcl/hook/ld_library_path_lib.ps1'
[205.302s] INFO:colcon.colcon_core.shell:Creating environment descriptor '/home/agilex/agilex_ws/install/nav2_amcl/share/nav2_amcl/hook/ld_library_path_lib.dsv'
[205.302s] INFO:colcon.colcon_core.shell:Creating environment hook '/home/agilex/agilex_ws/install/nav2_amcl/share/nav2_amcl/hook/ld_library_path_lib.sh'
[205.303s] Level 1:colcon.colcon_core.environment:checking '/home/agilex/agilex_ws/install/nav2_amcl/bin'
[205.303s] Level 1:colcon.colcon_core.environment:checking '/home/agilex/agilex_ws/install/nav2_amcl/lib/pkgconfig/nav2_amcl.pc'
[205.304s] Level 1:colcon.colcon_core.environment:checking '/home/agilex/agilex_ws/install/nav2_amcl/lib/python3.10/site-packages'
[205.304s] Level 1:colcon.colcon_core.environment:checking '/home/agilex/agilex_ws/install/nav2_amcl/bin'
[205.306s] INFO:colcon.colcon_core.shell:Creating package script '/home/agilex/agilex_ws/install/nav2_amcl/share/nav2_amcl/package.ps1'
[205.306s] INFO:colcon.colcon_core.shell:Creating package descriptor '/home/agilex/agilex_ws/install/nav2_amcl/share/nav2_amcl/package.dsv'
[205.307s] INFO:colcon.colcon_core.shell:Creating package script '/home/agilex/agilex_ws/install/nav2_amcl/share/nav2_amcl/package.sh'
[205.307s] INFO:colcon.colcon_core.shell:Creating package script '/home/agilex/agilex_ws/install/nav2_amcl/share/nav2_amcl/package.bash'
[205.308s] INFO:colcon.colcon_core.shell:Creating package script '/home/agilex/agilex_ws/install/nav2_amcl/share/nav2_amcl/package.zsh'
[205.308s] Level 1:colcon.colcon_core.environment:create_file_with_runtime_dependencies(/home/agilex/agilex_ws/install/nav2_amcl/share/colcon-core/packages/nav2_amcl)
[205.336s] Level 1:colcon.colcon_core.environment:create_environment_scripts_only(nav2_amcl)
[205.338s] Level 1:colcon.colcon_core.environment:checking '/home/agilex/agilex_ws/install/nav2_amcl' for CMake module files
[205.339s] Level 1:colcon.colcon_core.environment:checking '/home/agilex/agilex_ws/install/nav2_amcl' for CMake config files
[205.339s] Level 1:colcon.colcon_core.shell:create_environment_hook('nav2_amcl', 'cmake_prefix_path')
[205.341s] INFO:colcon.colcon_core.shell:Creating environment hook '/home/agilex/agilex_ws/install/nav2_amcl/share/nav2_amcl/hook/cmake_prefix_path.ps1'
[205.341s] INFO:colcon.colcon_core.shell:Creating environment descriptor '/home/agilex/agilex_ws/install/nav2_amcl/share/nav2_amcl/hook/cmake_prefix_path.dsv'
[205.341s] INFO:colcon.colcon_core.shell:Creating environment hook '/home/agilex/agilex_ws/install/nav2_amcl/share/nav2_amcl/hook/cmake_prefix_path.sh'
[205.342s] Level 1:colcon.colcon_core.environment:checking '/home/agilex/agilex_ws/install/nav2_amcl/lib'
[205.342s] Level 1:colcon.colcon_core.shell:create_environment_hook('nav2_amcl', 'ld_library_path_lib')
[205.343s] INFO:colcon.colcon_core.shell:Creating environment hook '/home/agilex/agilex_ws/install/nav2_amcl/share/nav2_amcl/hook/ld_library_path_lib.ps1'
[205.344s] INFO:colcon.colcon_core.shell:Creating environment descriptor '/home/agilex/agilex_ws/install/nav2_amcl/share/nav2_amcl/hook/ld_library_path_lib.dsv'
[205.344s] INFO:colcon.colcon_core.shell:Creating environment hook '/home/agilex/agilex_ws/install/nav2_amcl/share/nav2_amcl/hook/ld_library_path_lib.sh'
[205.345s] Level 1:colcon.colcon_core.environment:checking '/home/agilex/agilex_ws/install/nav2_amcl/bin'
[205.345s] Level 1:colcon.colcon_core.environment:checking '/home/agilex/agilex_ws/install/nav2_amcl/lib/pkgconfig/nav2_amcl.pc'
[205.345s] Level 1:colcon.colcon_core.environment:checking '/home/agilex/agilex_ws/install/nav2_amcl/lib/python3.10/site-packages'
[205.345s] Level 1:colcon.colcon_core.environment:checking '/home/agilex/agilex_ws/install/nav2_amcl/bin'
[205.347s] INFO:colcon.colcon_core.shell:Creating package script '/home/agilex/agilex_ws/install/nav2_amcl/share/nav2_amcl/package.ps1'
[205.348s] INFO:colcon.colcon_core.shell:Creating package descriptor '/home/agilex/agilex_ws/install/nav2_amcl/share/nav2_amcl/package.dsv'
[205.349s] INFO:colcon.colcon_core.shell:Creating package script '/home/agilex/agilex_ws/install/nav2_amcl/share/nav2_amcl/package.sh'
[205.350s] INFO:colcon.colcon_core.shell:Creating package script '/home/agilex/agilex_ws/install/nav2_amcl/share/nav2_amcl/package.bash'
[205.350s] INFO:colcon.colcon_core.shell:Creating package script '/home/agilex/agilex_ws/install/nav2_amcl/share/nav2_amcl/package.zsh'
[205.351s] Level 1:colcon.colcon_core.environment:create_file_with_runtime_dependencies(/home/agilex/agilex_ws/install/nav2_amcl/share/colcon-core/packages/nav2_amcl)
[207.409s] DEBUG:colcon.colcon_core.event_handler.log_command:Invoked command in '/home/agilex/agilex_ws/build/nav2_map_server' returned '0': AMENT_PREFIX_PATH=/home/agilex/agilex_ws/install/nav2_util:/home/agilex/agilex_ws/install/nav2_msgs:/home/agilex/agilex_ws/install/nav2_common:${AMENT_PREFIX_PATH} CMAKE_PREFIX_PATH=/home/agilex/agilex_ws/install/nav2_util:/home/agilex/agilex_ws/install/nav2_msgs:/home/agilex/agilex_ws/install/nav2_common:/opt/ros/humble LD_LIBRARY_PATH=/home/agilex/agilex_ws/install/nav2_util/lib:/home/agilex/agilex_ws/install/nav2_msgs/lib:${LD_LIBRARY_PATH} PYTHONPATH=/home/agilex/agilex_ws/install/nav2_msgs/local/lib/python3.10/dist-packages:/home/agilex/agilex_ws/install/nav2_common/local/lib/python3.10/dist-packages:${PYTHONPATH} /usr/bin/cmake --build /home/agilex/agilex_ws/build/nav2_map_server -- -j8 -l8
[207.537s] DEBUG:colcon.colcon_core.event_handler.log_command:Invoking command in '/home/agilex/agilex_ws/build/nav2_map_server': AMENT_PREFIX_PATH=/home/agilex/agilex_ws/install/nav2_util:/home/agilex/agilex_ws/install/nav2_msgs:/home/agilex/agilex_ws/install/nav2_common:${AMENT_PREFIX_PATH} CMAKE_PREFIX_PATH=/home/agilex/agilex_ws/install/nav2_util:/home/agilex/agilex_ws/install/nav2_msgs:/home/agilex/agilex_ws/install/nav2_common:/opt/ros/humble LD_LIBRARY_PATH=/home/agilex/agilex_ws/install/nav2_util/lib:/home/agilex/agilex_ws/install/nav2_msgs/lib:${LD_LIBRARY_PATH} PYTHONPATH=/home/agilex/agilex_ws/install/nav2_msgs/local/lib/python3.10/dist-packages:/home/agilex/agilex_ws/install/nav2_common/local/lib/python3.10/dist-packages:${PYTHONPATH} /usr/bin/cmake --install /home/agilex/agilex_ws/build/nav2_map_server
[207.559s] Level 1:colcon.colcon_core.environment:create_environment_scripts_only(nav2_map_server)
[207.561s] Level 1:colcon.colcon_core.environment:checking '/home/agilex/agilex_ws/install/nav2_map_server' for CMake module files
[207.562s] Level 1:colcon.colcon_core.environment:checking '/home/agilex/agilex_ws/install/nav2_map_server' for CMake config files
[207.562s] Level 1:colcon.colcon_core.shell:create_environment_hook('nav2_map_server', 'cmake_prefix_path')
[207.563s] INFO:colcon.colcon_core.shell:Creating environment hook '/home/agilex/agilex_ws/install/nav2_map_server/share/nav2_map_server/hook/cmake_prefix_path.ps1'
[207.564s] INFO:colcon.colcon_core.shell:Creating environment descriptor '/home/agilex/agilex_ws/install/nav2_map_server/share/nav2_map_server/hook/cmake_prefix_path.dsv'
[207.564s] INFO:colcon.colcon_core.shell:Creating environment hook '/home/agilex/agilex_ws/install/nav2_map_server/share/nav2_map_server/hook/cmake_prefix_path.sh'
[207.565s] Level 1:colcon.colcon_core.environment:checking '/home/agilex/agilex_ws/install/nav2_map_server/lib'
[207.565s] Level 1:colcon.colcon_core.shell:create_environment_hook('nav2_map_server', 'ld_library_path_lib')
[207.567s] INFO:colcon.colcon_core.shell:Creating environment hook '/home/agilex/agilex_ws/install/nav2_map_server/share/nav2_map_server/hook/ld_library_path_lib.ps1'
[207.567s] INFO:colcon.colcon_core.shell:Creating environment descriptor '/home/agilex/agilex_ws/install/nav2_map_server/share/nav2_map_server/hook/ld_library_path_lib.dsv'
[207.567s] INFO:colcon.colcon_core.shell:Creating environment hook '/home/agilex/agilex_ws/install/nav2_map_server/share/nav2_map_server/hook/ld_library_path_lib.sh'
[207.568s] Level 1:colcon.colcon_core.environment:checking '/home/agilex/agilex_ws/install/nav2_map_server/bin'
[207.568s] Level 1:colcon.colcon_core.environment:checking '/home/agilex/agilex_ws/install/nav2_map_server/lib/pkgconfig/nav2_map_server.pc'
[207.568s] Level 1:colcon.colcon_core.environment:checking '/home/agilex/agilex_ws/install/nav2_map_server/lib/python3.10/site-packages'
[207.568s] Level 1:colcon.colcon_core.environment:checking '/home/agilex/agilex_ws/install/nav2_map_server/bin'
[207.569s] DEBUG:colcon.colcon_core.event_handler.log_command:Invoked command in '/home/agilex/agilex_ws/build/nav2_map_server' returned '0': AMENT_PREFIX_PATH=/home/agilex/agilex_ws/install/nav2_util:/home/agilex/agilex_ws/install/nav2_msgs:/home/agilex/agilex_ws/install/nav2_common:${AMENT_PREFIX_PATH} CMAKE_PREFIX_PATH=/home/agilex/agilex_ws/install/nav2_util:/home/agilex/agilex_ws/install/nav2_msgs:/home/agilex/agilex_ws/install/nav2_common:/opt/ros/humble LD_LIBRARY_PATH=/home/agilex/agilex_ws/install/nav2_util/lib:/home/agilex/agilex_ws/install/nav2_msgs/lib:${LD_LIBRARY_PATH} PYTHONPATH=/home/agilex/agilex_ws/install/nav2_msgs/local/lib/python3.10/dist-packages:/home/agilex/agilex_ws/install/nav2_common/local/lib/python3.10/dist-packages:${PYTHONPATH} /usr/bin/cmake --install /home/agilex/agilex_ws/build/nav2_map_server
[207.571s] INFO:colcon.colcon_core.shell:Creating package script '/home/agilex/agilex_ws/install/nav2_map_server/share/nav2_map_server/package.ps1'
[207.572s] INFO:colcon.colcon_core.shell:Creating package descriptor '/home/agilex/agilex_ws/install/nav2_map_server/share/nav2_map_server/package.dsv'
[207.572s] INFO:colcon.colcon_core.shell:Creating package script '/home/agilex/agilex_ws/install/nav2_map_server/share/nav2_map_server/package.sh'
[207.572s] INFO:colcon.colcon_core.shell:Creating package script '/home/agilex/agilex_ws/install/nav2_map_server/share/nav2_map_server/package.bash'
[207.573s] INFO:colcon.colcon_core.shell:Creating package script '/home/agilex/agilex_ws/install/nav2_map_server/share/nav2_map_server/package.zsh'
[207.574s] Level 1:colcon.colcon_core.environment:create_file_with_runtime_dependencies(/home/agilex/agilex_ws/install/nav2_map_server/share/colcon-core/packages/nav2_map_server)
[207.616s] Level 1:colcon.colcon_core.environment:create_environment_scripts_only(nav2_map_server)
[207.619s] Level 1:colcon.colcon_core.environment:checking '/home/agilex/agilex_ws/install/nav2_map_server' for CMake module files
[207.619s] Level 1:colcon.colcon_core.environment:checking '/home/agilex/agilex_ws/install/nav2_map_server' for CMake config files
[207.619s] Level 1:colcon.colcon_core.shell:create_environment_hook('nav2_map_server', 'cmake_prefix_path')
[207.621s] INFO:colcon.colcon_core.shell:Creating environment hook '/home/agilex/agilex_ws/install/nav2_map_server/share/nav2_map_server/hook/cmake_prefix_path.ps1'
[207.621s] INFO:colcon.colcon_core.shell:Creating environment descriptor '/home/agilex/agilex_ws/install/nav2_map_server/share/nav2_map_server/hook/cmake_prefix_path.dsv'
[207.621s] INFO:colcon.colcon_core.shell:Creating environment hook '/home/agilex/agilex_ws/install/nav2_map_server/share/nav2_map_server/hook/cmake_prefix_path.sh'
[207.622s] Level 1:colcon.colcon_core.environment:checking '/home/agilex/agilex_ws/install/nav2_map_server/lib'
[207.622s] Level 1:colcon.colcon_core.shell:create_environment_hook('nav2_map_server', 'ld_library_path_lib')
[207.623s] INFO:colcon.colcon_core.shell:Creating environment hook '/home/agilex/agilex_ws/install/nav2_map_server/share/nav2_map_server/hook/ld_library_path_lib.ps1'
[207.624s] INFO:colcon.colcon_core.shell:Creating environment descriptor '/home/agilex/agilex_ws/install/nav2_map_server/share/nav2_map_server/hook/ld_library_path_lib.dsv'
[207.624s] INFO:colcon.colcon_core.shell:Creating environment hook '/home/agilex/agilex_ws/install/nav2_map_server/share/nav2_map_server/hook/ld_library_path_lib.sh'
[207.624s] Level 1:colcon.colcon_core.environment:checking '/home/agilex/agilex_ws/install/nav2_map_server/bin'
[207.624s] Level 1:colcon.colcon_core.environment:checking '/home/agilex/agilex_ws/install/nav2_map_server/lib/pkgconfig/nav2_map_server.pc'
[207.625s] Level 1:colcon.colcon_core.environment:checking '/home/agilex/agilex_ws/install/nav2_map_server/lib/python3.10/site-packages'
[207.625s] Level 1:colcon.colcon_core.environment:checking '/home/agilex/agilex_ws/install/nav2_map_server/bin'
[207.627s] INFO:colcon.colcon_core.shell:Creating package script '/home/agilex/agilex_ws/install/nav2_map_server/share/nav2_map_server/package.ps1'
[207.627s] INFO:colcon.colcon_core.shell:Creating package descriptor '/home/agilex/agilex_ws/install/nav2_map_server/share/nav2_map_server/package.dsv'
[207.628s] INFO:colcon.colcon_core.shell:Creating package script '/home/agilex/agilex_ws/install/nav2_map_server/share/nav2_map_server/package.sh'
[207.628s] INFO:colcon.colcon_core.shell:Creating package script '/home/agilex/agilex_ws/install/nav2_map_server/share/nav2_map_server/package.bash'
[207.629s] INFO:colcon.colcon_core.shell:Creating package script '/home/agilex/agilex_ws/install/nav2_map_server/share/nav2_map_server/package.zsh'
[207.629s] Level 1:colcon.colcon_core.environment:create_file_with_runtime_dependencies(/home/agilex/agilex_ws/install/nav2_map_server/share/colcon-core/packages/nav2_map_server)
[207.630s] INFO:colcon.colcon_ros.task.ament_cmake.build:Building ROS package in '/home/agilex/agilex_ws/src/navigation2/nav2_costmap_2d' with build type 'ament_cmake'
[207.630s] INFO:colcon.colcon_cmake.task.cmake.build:Building CMake package in '/home/agilex/agilex_ws/src/navigation2/nav2_costmap_2d'
[207.631s] INFO:colcon.colcon_core.shell:Skip shell extension 'powershell' for command environment: Not usable outside of PowerShell
[207.632s] DEBUG:colcon.colcon_core.shell:Skip shell extension 'dsv' for command environment
[207.650s] DEBUG:colcon.colcon_core.event_handler.log_command:Invoking command in '/home/agilex/agilex_ws/build/nav2_costmap_2d': AMENT_PREFIX_PATH=/home/agilex/agilex_ws/install/nav2_map_server:/home/agilex/agilex_ws/install/nav2_lifecycle_manager:/home/agilex/agilex_ws/install/nav2_util:/home/agilex/agilex_ws/install/nav2_voxel_grid:/home/agilex/agilex_ws/install/nav2_msgs:/home/agilex/agilex_ws/install/nav2_common:${AMENT_PREFIX_PATH} CMAKE_PREFIX_PATH=/home/agilex/agilex_ws/install/nav2_map_server:/home/agilex/agilex_ws/install/nav2_lifecycle_manager:/home/agilex/agilex_ws/install/nav2_util:/home/agilex/agilex_ws/install/nav2_voxel_grid:/home/agilex/agilex_ws/install/nav2_msgs:/home/agilex/agilex_ws/install/nav2_common:/opt/ros/humble LD_LIBRARY_PATH=/home/agilex/agilex_ws/install/nav2_map_server/lib:/home/agilex/agilex_ws/install/nav2_lifecycle_manager/lib:/home/agilex/agilex_ws/install/nav2_util/lib:/home/agilex/agilex_ws/install/nav2_voxel_grid/lib:/home/agilex/agilex_ws/install/nav2_msgs/lib:${LD_LIBRARY_PATH} PYTHONPATH=/home/agilex/agilex_ws/install/nav2_msgs/local/lib/python3.10/dist-packages:/home/agilex/agilex_ws/install/nav2_common/local/lib/python3.10/dist-packages:${PYTHONPATH} /usr/bin/cmake /home/agilex/agilex_ws/src/navigation2/nav2_costmap_2d -DCMAKE_INSTALL_PREFIX=/home/agilex/agilex_ws/install/nav2_costmap_2d
[217.148s] DEBUG:colcon.colcon_core.event_handler.log_command:Invoked command in '/home/agilex/agilex_ws/build/nav2_behavior_tree' returned '0': AMENT_PREFIX_PATH=/home/agilex/agilex_ws/install/nav2_util:/home/agilex/agilex_ws/install/nav2_msgs:/home/agilex/agilex_ws/install/nav2_common:${AMENT_PREFIX_PATH} CMAKE_PREFIX_PATH=/home/agilex/agilex_ws/install/nav2_util:/home/agilex/agilex_ws/install/nav2_msgs:/home/agilex/agilex_ws/install/nav2_common:/opt/ros/humble LD_LIBRARY_PATH=/home/agilex/agilex_ws/install/nav2_util/lib:/home/agilex/agilex_ws/install/nav2_msgs/lib:${LD_LIBRARY_PATH} PYTHONPATH=/home/agilex/agilex_ws/install/nav2_msgs/local/lib/python3.10/dist-packages:/home/agilex/agilex_ws/install/nav2_common/local/lib/python3.10/dist-packages:${PYTHONPATH} /usr/bin/cmake /home/agilex/agilex_ws/src/navigation2/nav2_behavior_tree -DCMAKE_INSTALL_PREFIX=/home/agilex/agilex_ws/install/nav2_behavior_tree
[217.149s] DEBUG:colcon.colcon_core.event_handler.log_command:Invoking command in '/home/agilex/agilex_ws/build/nav2_behavior_tree': AMENT_PREFIX_PATH=/home/agilex/agilex_ws/install/nav2_util:/home/agilex/agilex_ws/install/nav2_msgs:/home/agilex/agilex_ws/install/nav2_common:${AMENT_PREFIX_PATH} CMAKE_PREFIX_PATH=/home/agilex/agilex_ws/install/nav2_util:/home/agilex/agilex_ws/install/nav2_msgs:/home/agilex/agilex_ws/install/nav2_common:/opt/ros/humble LD_LIBRARY_PATH=/home/agilex/agilex_ws/install/nav2_util/lib:/home/agilex/agilex_ws/install/nav2_msgs/lib:${LD_LIBRARY_PATH} PYTHONPATH=/home/agilex/agilex_ws/install/nav2_msgs/local/lib/python3.10/dist-packages:/home/agilex/agilex_ws/install/nav2_common/local/lib/python3.10/dist-packages:${PYTHONPATH} /usr/bin/cmake --build /home/agilex/agilex_ws/build/nav2_behavior_tree -- -j8 -l8
[219.882s] DEBUG:colcon.colcon_core.event_handler.log_command:Invoked command in '/home/agilex/agilex_ws/build/nav2_costmap_2d' returned '0': AMENT_PREFIX_PATH=/home/agilex/agilex_ws/install/nav2_map_server:/home/agilex/agilex_ws/install/nav2_lifecycle_manager:/home/agilex/agilex_ws/install/nav2_util:/home/agilex/agilex_ws/install/nav2_voxel_grid:/home/agilex/agilex_ws/install/nav2_msgs:/home/agilex/agilex_ws/install/nav2_common:${AMENT_PREFIX_PATH} CMAKE_PREFIX_PATH=/home/agilex/agilex_ws/install/nav2_map_server:/home/agilex/agilex_ws/install/nav2_lifecycle_manager:/home/agilex/agilex_ws/install/nav2_util:/home/agilex/agilex_ws/install/nav2_voxel_grid:/home/agilex/agilex_ws/install/nav2_msgs:/home/agilex/agilex_ws/install/nav2_common:/opt/ros/humble LD_LIBRARY_PATH=/home/agilex/agilex_ws/install/nav2_map_server/lib:/home/agilex/agilex_ws/install/nav2_lifecycle_manager/lib:/home/agilex/agilex_ws/install/nav2_util/lib:/home/agilex/agilex_ws/install/nav2_voxel_grid/lib:/home/agilex/agilex_ws/install/nav2_msgs/lib:${LD_LIBRARY_PATH} PYTHONPATH=/home/agilex/agilex_ws/install/nav2_msgs/local/lib/python3.10/dist-packages:/home/agilex/agilex_ws/install/nav2_common/local/lib/python3.10/dist-packages:${PYTHONPATH} /usr/bin/cmake /home/agilex/agilex_ws/src/navigation2/nav2_costmap_2d -DCMAKE_INSTALL_PREFIX=/home/agilex/agilex_ws/install/nav2_costmap_2d
[219.883s] DEBUG:colcon.colcon_core.event_handler.log_command:Invoking command in '/home/agilex/agilex_ws/build/nav2_costmap_2d': AMENT_PREFIX_PATH=/home/agilex/agilex_ws/install/nav2_map_server:/home/agilex/agilex_ws/install/nav2_lifecycle_manager:/home/agilex/agilex_ws/install/nav2_util:/home/agilex/agilex_ws/install/nav2_voxel_grid:/home/agilex/agilex_ws/install/nav2_msgs:/home/agilex/agilex_ws/install/nav2_common:${AMENT_PREFIX_PATH} CMAKE_PREFIX_PATH=/home/agilex/agilex_ws/install/nav2_map_server:/home/agilex/agilex_ws/install/nav2_lifecycle_manager:/home/agilex/agilex_ws/install/nav2_util:/home/agilex/agilex_ws/install/nav2_voxel_grid:/home/agilex/agilex_ws/install/nav2_msgs:/home/agilex/agilex_ws/install/nav2_common:/opt/ros/humble LD_LIBRARY_PATH=/home/agilex/agilex_ws/install/nav2_map_server/lib:/home/agilex/agilex_ws/install/nav2_lifecycle_manager/lib:/home/agilex/agilex_ws/install/nav2_util/lib:/home/agilex/agilex_ws/install/nav2_voxel_grid/lib:/home/agilex/agilex_ws/install/nav2_msgs/lib:${LD_LIBRARY_PATH} PYTHONPATH=/home/agilex/agilex_ws/install/nav2_msgs/local/lib/python3.10/dist-packages:/home/agilex/agilex_ws/install/nav2_common/local/lib/python3.10/dist-packages:${PYTHONPATH} /usr/bin/cmake --build /home/agilex/agilex_ws/build/nav2_costmap_2d -- -j8 -l8
[235.253s] DEBUG:colcon.colcon_core.event_handler.log_command:Invoked command in '/home/agilex/agilex_ws/build/nav2_rviz_plugins' returned '0': AMENT_PREFIX_PATH=/home/agilex/agilex_ws/install/nav2_lifecycle_manager:/home/agilex/agilex_ws/install/nav2_util:/home/agilex/agilex_ws/install/nav2_msgs:/home/agilex/agilex_ws/install/nav2_common:${AMENT_PREFIX_PATH} CMAKE_PREFIX_PATH=/home/agilex/agilex_ws/install/nav2_lifecycle_manager:/home/agilex/agilex_ws/install/nav2_util:/home/agilex/agilex_ws/install/nav2_msgs:/home/agilex/agilex_ws/install/nav2_common:/opt/ros/humble LD_LIBRARY_PATH=/home/agilex/agilex_ws/install/nav2_lifecycle_manager/lib:/home/agilex/agilex_ws/install/nav2_util/lib:/home/agilex/agilex_ws/install/nav2_msgs/lib:${LD_LIBRARY_PATH} PYTHONPATH=/home/agilex/agilex_ws/install/nav2_msgs/local/lib/python3.10/dist-packages:/home/agilex/agilex_ws/install/nav2_common/local/lib/python3.10/dist-packages:${PYTHONPATH} /usr/bin/cmake --build /home/agilex/agilex_ws/build/nav2_rviz_plugins -- -j8 -l8
[235.276s] DEBUG:colcon.colcon_core.event_handler.log_command:Invoking command in '/home/agilex/agilex_ws/build/nav2_rviz_plugins': AMENT_PREFIX_PATH=/home/agilex/agilex_ws/install/nav2_lifecycle_manager:/home/agilex/agilex_ws/install/nav2_util:/home/agilex/agilex_ws/install/nav2_msgs:/home/agilex/agilex_ws/install/nav2_common:${AMENT_PREFIX_PATH} CMAKE_PREFIX_PATH=/home/agilex/agilex_ws/install/nav2_lifecycle_manager:/home/agilex/agilex_ws/install/nav2_util:/home/agilex/agilex_ws/install/nav2_msgs:/home/agilex/agilex_ws/install/nav2_common:/opt/ros/humble LD_LIBRARY_PATH=/home/agilex/agilex_ws/install/nav2_lifecycle_manager/lib:/home/agilex/agilex_ws/install/nav2_util/lib:/home/agilex/agilex_ws/install/nav2_msgs/lib:${LD_LIBRARY_PATH} PYTHONPATH=/home/agilex/agilex_ws/install/nav2_msgs/local/lib/python3.10/dist-packages:/home/agilex/agilex_ws/install/nav2_common/local/lib/python3.10/dist-packages:${PYTHONPATH} /usr/bin/cmake --install /home/agilex/agilex_ws/build/nav2_rviz_plugins
[235.301s] Level 1:colcon.colcon_core.environment:create_environment_scripts_only(nav2_rviz_plugins)
[235.303s] Level 1:colcon.colcon_core.environment:checking '/home/agilex/agilex_ws/install/nav2_rviz_plugins' for CMake module files
[235.304s] DEBUG:colcon.colcon_core.event_handler.log_command:Invoked command in '/home/agilex/agilex_ws/build/nav2_rviz_plugins' returned '0': AMENT_PREFIX_PATH=/home/agilex/agilex_ws/install/nav2_lifecycle_manager:/home/agilex/agilex_ws/install/nav2_util:/home/agilex/agilex_ws/install/nav2_msgs:/home/agilex/agilex_ws/install/nav2_common:${AMENT_PREFIX_PATH} CMAKE_PREFIX_PATH=/home/agilex/agilex_ws/install/nav2_lifecycle_manager:/home/agilex/agilex_ws/install/nav2_util:/home/agilex/agilex_ws/install/nav2_msgs:/home/agilex/agilex_ws/install/nav2_common:/opt/ros/humble LD_LIBRARY_PATH=/home/agilex/agilex_ws/install/nav2_lifecycle_manager/lib:/home/agilex/agilex_ws/install/nav2_util/lib:/home/agilex/agilex_ws/install/nav2_msgs/lib:${LD_LIBRARY_PATH} PYTHONPATH=/home/agilex/agilex_ws/install/nav2_msgs/local/lib/python3.10/dist-packages:/home/agilex/agilex_ws/install/nav2_common/local/lib/python3.10/dist-packages:${PYTHONPATH} /usr/bin/cmake --install /home/agilex/agilex_ws/build/nav2_rviz_plugins
[235.304s] Level 1:colcon.colcon_core.environment:checking '/home/agilex/agilex_ws/install/nav2_rviz_plugins' for CMake config files
[235.304s] Level 1:colcon.colcon_core.shell:create_environment_hook('nav2_rviz_plugins', 'cmake_prefix_path')
[235.305s] INFO:colcon.colcon_core.shell:Creating environment hook '/home/agilex/agilex_ws/install/nav2_rviz_plugins/share/nav2_rviz_plugins/hook/cmake_prefix_path.ps1'
[235.306s] INFO:colcon.colcon_core.shell:Creating environment descriptor '/home/agilex/agilex_ws/install/nav2_rviz_plugins/share/nav2_rviz_plugins/hook/cmake_prefix_path.dsv'
[235.307s] INFO:colcon.colcon_core.shell:Creating environment hook '/home/agilex/agilex_ws/install/nav2_rviz_plugins/share/nav2_rviz_plugins/hook/cmake_prefix_path.sh'
[235.308s] Level 1:colcon.colcon_core.environment:checking '/home/agilex/agilex_ws/install/nav2_rviz_plugins/lib'
[235.308s] Level 1:colcon.colcon_core.shell:create_environment_hook('nav2_rviz_plugins', 'ld_library_path_lib')
[235.309s] INFO:colcon.colcon_core.shell:Creating environment hook '/home/agilex/agilex_ws/install/nav2_rviz_plugins/share/nav2_rviz_plugins/hook/ld_library_path_lib.ps1'
[235.309s] INFO:colcon.colcon_core.shell:Creating environment descriptor '/home/agilex/agilex_ws/install/nav2_rviz_plugins/share/nav2_rviz_plugins/hook/ld_library_path_lib.dsv'
[235.309s] INFO:colcon.colcon_core.shell:Creating environment hook '/home/agilex/agilex_ws/install/nav2_rviz_plugins/share/nav2_rviz_plugins/hook/ld_library_path_lib.sh'
[235.310s] Level 1:colcon.colcon_core.environment:checking '/home/agilex/agilex_ws/install/nav2_rviz_plugins/bin'
[235.310s] Level 1:colcon.colcon_core.environment:checking '/home/agilex/agilex_ws/install/nav2_rviz_plugins/lib/pkgconfig/nav2_rviz_plugins.pc'
[235.310s] Level 1:colcon.colcon_core.environment:checking '/home/agilex/agilex_ws/install/nav2_rviz_plugins/lib/python3.10/site-packages'
[235.310s] Level 1:colcon.colcon_core.environment:checking '/home/agilex/agilex_ws/install/nav2_rviz_plugins/bin'
[235.311s] INFO:colcon.colcon_core.shell:Creating package script '/home/agilex/agilex_ws/install/nav2_rviz_plugins/share/nav2_rviz_plugins/package.ps1'
[235.312s] INFO:colcon.colcon_core.shell:Creating package descriptor '/home/agilex/agilex_ws/install/nav2_rviz_plugins/share/nav2_rviz_plugins/package.dsv'
[235.312s] INFO:colcon.colcon_core.shell:Creating package script '/home/agilex/agilex_ws/install/nav2_rviz_plugins/share/nav2_rviz_plugins/package.sh'
[235.313s] INFO:colcon.colcon_core.shell:Creating package script '/home/agilex/agilex_ws/install/nav2_rviz_plugins/share/nav2_rviz_plugins/package.bash'
[235.313s] INFO:colcon.colcon_core.shell:Creating package script '/home/agilex/agilex_ws/install/nav2_rviz_plugins/share/nav2_rviz_plugins/package.zsh'
[235.313s] Level 1:colcon.colcon_core.environment:create_file_with_runtime_dependencies(/home/agilex/agilex_ws/install/nav2_rviz_plugins/share/colcon-core/packages/nav2_rviz_plugins)
[235.340s] Level 1:colcon.colcon_core.environment:create_environment_scripts_only(nav2_rviz_plugins)
[235.342s] Level 1:colcon.colcon_core.environment:checking '/home/agilex/agilex_ws/install/nav2_rviz_plugins' for CMake module files
[235.342s] Level 1:colcon.colcon_core.environment:checking '/home/agilex/agilex_ws/install/nav2_rviz_plugins' for CMake config files
[235.343s] Level 1:colcon.colcon_core.shell:create_environment_hook('nav2_rviz_plugins', 'cmake_prefix_path')
[235.344s] INFO:colcon.colcon_core.shell:Creating environment hook '/home/agilex/agilex_ws/install/nav2_rviz_plugins/share/nav2_rviz_plugins/hook/cmake_prefix_path.ps1'
[235.344s] INFO:colcon.colcon_core.shell:Creating environment descriptor '/home/agilex/agilex_ws/install/nav2_rviz_plugins/share/nav2_rviz_plugins/hook/cmake_prefix_path.dsv'
[235.344s] INFO:colcon.colcon_core.shell:Creating environment hook '/home/agilex/agilex_ws/install/nav2_rviz_plugins/share/nav2_rviz_plugins/hook/cmake_prefix_path.sh'
[235.345s] Level 1:colcon.colcon_core.environment:checking '/home/agilex/agilex_ws/install/nav2_rviz_plugins/lib'
[235.345s] Level 1:colcon.colcon_core.shell:create_environment_hook('nav2_rviz_plugins', 'ld_library_path_lib')
[235.346s] INFO:colcon.colcon_core.shell:Creating environment hook '/home/agilex/agilex_ws/install/nav2_rviz_plugins/share/nav2_rviz_plugins/hook/ld_library_path_lib.ps1'
[235.346s] INFO:colcon.colcon_core.shell:Creating environment descriptor '/home/agilex/agilex_ws/install/nav2_rviz_plugins/share/nav2_rviz_plugins/hook/ld_library_path_lib.dsv'
[235.346s] INFO:colcon.colcon_core.shell:Creating environment hook '/home/agilex/agilex_ws/install/nav2_rviz_plugins/share/nav2_rviz_plugins/hook/ld_library_path_lib.sh'
[235.347s] Level 1:colcon.colcon_core.environment:checking '/home/agilex/agilex_ws/install/nav2_rviz_plugins/bin'
[235.347s] Level 1:colcon.colcon_core.environment:checking '/home/agilex/agilex_ws/install/nav2_rviz_plugins/lib/pkgconfig/nav2_rviz_plugins.pc'
[235.347s] Level 1:colcon.colcon_core.environment:checking '/home/agilex/agilex_ws/install/nav2_rviz_plugins/lib/python3.10/site-packages'
[235.347s] Level 1:colcon.colcon_core.environment:checking '/home/agilex/agilex_ws/install/nav2_rviz_plugins/bin'
[235.348s] INFO:colcon.colcon_core.shell:Creating package script '/home/agilex/agilex_ws/install/nav2_rviz_plugins/share/nav2_rviz_plugins/package.ps1'
[235.349s] INFO:colcon.colcon_core.shell:Creating package descriptor '/home/agilex/agilex_ws/install/nav2_rviz_plugins/share/nav2_rviz_plugins/package.dsv'
[235.350s] INFO:colcon.colcon_core.shell:Creating package script '/home/agilex/agilex_ws/install/nav2_rviz_plugins/share/nav2_rviz_plugins/package.sh'
[235.350s] INFO:colcon.colcon_core.shell:Creating package script '/home/agilex/agilex_ws/install/nav2_rviz_plugins/share/nav2_rviz_plugins/package.bash'
[235.350s] INFO:colcon.colcon_core.shell:Creating package script '/home/agilex/agilex_ws/install/nav2_rviz_plugins/share/nav2_rviz_plugins/package.zsh'
[235.351s] Level 1:colcon.colcon_core.environment:create_file_with_runtime_dependencies(/home/agilex/agilex_ws/install/nav2_rviz_plugins/share/colcon-core/packages/nav2_rviz_plugins)
[410.142s] DEBUG:colcon.colcon_core.event_handler.log_command:Invoked command in '/home/agilex/agilex_ws/build/nav2_costmap_2d' returned '0': AMENT_PREFIX_PATH=/home/agilex/agilex_ws/install/nav2_map_server:/home/agilex/agilex_ws/install/nav2_lifecycle_manager:/home/agilex/agilex_ws/install/nav2_util:/home/agilex/agilex_ws/install/nav2_voxel_grid:/home/agilex/agilex_ws/install/nav2_msgs:/home/agilex/agilex_ws/install/nav2_common:${AMENT_PREFIX_PATH} CMAKE_PREFIX_PATH=/home/agilex/agilex_ws/install/nav2_map_server:/home/agilex/agilex_ws/install/nav2_lifecycle_manager:/home/agilex/agilex_ws/install/nav2_util:/home/agilex/agilex_ws/install/nav2_voxel_grid:/home/agilex/agilex_ws/install/nav2_msgs:/home/agilex/agilex_ws/install/nav2_common:/opt/ros/humble LD_LIBRARY_PATH=/home/agilex/agilex_ws/install/nav2_map_server/lib:/home/agilex/agilex_ws/install/nav2_lifecycle_manager/lib:/home/agilex/agilex_ws/install/nav2_util/lib:/home/agilex/agilex_ws/install/nav2_voxel_grid/lib:/home/agilex/agilex_ws/install/nav2_msgs/lib:${LD_LIBRARY_PATH} PYTHONPATH=/home/agilex/agilex_ws/install/nav2_msgs/local/lib/python3.10/dist-packages:/home/agilex/agilex_ws/install/nav2_common/local/lib/python3.10/dist-packages:${PYTHONPATH} /usr/bin/cmake --build /home/agilex/agilex_ws/build/nav2_costmap_2d -- -j8 -l8
[410.200s] DEBUG:colcon.colcon_core.event_handler.log_command:Invoking command in '/home/agilex/agilex_ws/build/nav2_costmap_2d': AMENT_PREFIX_PATH=/home/agilex/agilex_ws/install/nav2_map_server:/home/agilex/agilex_ws/install/nav2_lifecycle_manager:/home/agilex/agilex_ws/install/nav2_util:/home/agilex/agilex_ws/install/nav2_voxel_grid:/home/agilex/agilex_ws/install/nav2_msgs:/home/agilex/agilex_ws/install/nav2_common:${AMENT_PREFIX_PATH} CMAKE_PREFIX_PATH=/home/agilex/agilex_ws/install/nav2_map_server:/home/agilex/agilex_ws/install/nav2_lifecycle_manager:/home/agilex/agilex_ws/install/nav2_util:/home/agilex/agilex_ws/install/nav2_voxel_grid:/home/agilex/agilex_ws/install/nav2_msgs:/home/agilex/agilex_ws/install/nav2_common:/opt/ros/humble LD_LIBRARY_PATH=/home/agilex/agilex_ws/install/nav2_map_server/lib:/home/agilex/agilex_ws/install/nav2_lifecycle_manager/lib:/home/agilex/agilex_ws/install/nav2_util/lib:/home/agilex/agilex_ws/install/nav2_voxel_grid/lib:/home/agilex/agilex_ws/install/nav2_msgs/lib:${LD_LIBRARY_PATH} PYTHONPATH=/home/agilex/agilex_ws/install/nav2_msgs/local/lib/python3.10/dist-packages:/home/agilex/agilex_ws/install/nav2_common/local/lib/python3.10/dist-packages:${PYTHONPATH} /usr/bin/cmake --install /home/agilex/agilex_ws/build/nav2_costmap_2d
[410.223s] Level 1:colcon.colcon_core.environment:create_environment_scripts_only(nav2_costmap_2d)
[410.225s] Level 1:colcon.colcon_core.environment:checking '/home/agilex/agilex_ws/install/nav2_costmap_2d' for CMake module files
[410.226s] DEBUG:colcon.colcon_core.event_handler.log_command:Invoked command in '/home/agilex/agilex_ws/build/nav2_costmap_2d' returned '0': AMENT_PREFIX_PATH=/home/agilex/agilex_ws/install/nav2_map_server:/home/agilex/agilex_ws/install/nav2_lifecycle_manager:/home/agilex/agilex_ws/install/nav2_util:/home/agilex/agilex_ws/install/nav2_voxel_grid:/home/agilex/agilex_ws/install/nav2_msgs:/home/agilex/agilex_ws/install/nav2_common:${AMENT_PREFIX_PATH} CMAKE_PREFIX_PATH=/home/agilex/agilex_ws/install/nav2_map_server:/home/agilex/agilex_ws/install/nav2_lifecycle_manager:/home/agilex/agilex_ws/install/nav2_util:/home/agilex/agilex_ws/install/nav2_voxel_grid:/home/agilex/agilex_ws/install/nav2_msgs:/home/agilex/agilex_ws/install/nav2_common:/opt/ros/humble LD_LIBRARY_PATH=/home/agilex/agilex_ws/install/nav2_map_server/lib:/home/agilex/agilex_ws/install/nav2_lifecycle_manager/lib:/home/agilex/agilex_ws/install/nav2_util/lib:/home/agilex/agilex_ws/install/nav2_voxel_grid/lib:/home/agilex/agilex_ws/install/nav2_msgs/lib:${LD_LIBRARY_PATH} PYTHONPATH=/home/agilex/agilex_ws/install/nav2_msgs/local/lib/python3.10/dist-packages:/home/agilex/agilex_ws/install/nav2_common/local/lib/python3.10/dist-packages:${PYTHONPATH} /usr/bin/cmake --install /home/agilex/agilex_ws/build/nav2_costmap_2d
[410.226s] Level 1:colcon.colcon_core.environment:checking '/home/agilex/agilex_ws/install/nav2_costmap_2d' for CMake config files
[410.226s] Level 1:colcon.colcon_core.shell:create_environment_hook('nav2_costmap_2d', 'cmake_prefix_path')
[410.227s] INFO:colcon.colcon_core.shell:Creating environment hook '/home/agilex/agilex_ws/install/nav2_costmap_2d/share/nav2_costmap_2d/hook/cmake_prefix_path.ps1'
[410.228s] INFO:colcon.colcon_core.shell:Creating environment descriptor '/home/agilex/agilex_ws/install/nav2_costmap_2d/share/nav2_costmap_2d/hook/cmake_prefix_path.dsv'
[410.228s] INFO:colcon.colcon_core.shell:Creating environment hook '/home/agilex/agilex_ws/install/nav2_costmap_2d/share/nav2_costmap_2d/hook/cmake_prefix_path.sh'
[410.229s] Level 1:colcon.colcon_core.environment:checking '/home/agilex/agilex_ws/install/nav2_costmap_2d/lib'
[410.229s] Level 1:colcon.colcon_core.shell:create_environment_hook('nav2_costmap_2d', 'ld_library_path_lib')
[410.231s] INFO:colcon.colcon_core.shell:Creating environment hook '/home/agilex/agilex_ws/install/nav2_costmap_2d/share/nav2_costmap_2d/hook/ld_library_path_lib.ps1'
[410.231s] INFO:colcon.colcon_core.shell:Creating environment descriptor '/home/agilex/agilex_ws/install/nav2_costmap_2d/share/nav2_costmap_2d/hook/ld_library_path_lib.dsv'
[410.231s] INFO:colcon.colcon_core.shell:Creating environment hook '/home/agilex/agilex_ws/install/nav2_costmap_2d/share/nav2_costmap_2d/hook/ld_library_path_lib.sh'
[410.232s] Level 1:colcon.colcon_core.environment:checking '/home/agilex/agilex_ws/install/nav2_costmap_2d/bin'
[410.232s] Level 1:colcon.colcon_core.environment:checking '/home/agilex/agilex_ws/install/nav2_costmap_2d/lib/pkgconfig/nav2_costmap_2d.pc'
[410.232s] Level 1:colcon.colcon_core.environment:checking '/home/agilex/agilex_ws/install/nav2_costmap_2d/lib/python3.10/site-packages'
[410.232s] Level 1:colcon.colcon_core.environment:checking '/home/agilex/agilex_ws/install/nav2_costmap_2d/bin'
[410.233s] INFO:colcon.colcon_core.shell:Creating package script '/home/agilex/agilex_ws/install/nav2_costmap_2d/share/nav2_costmap_2d/package.ps1'
[410.234s] INFO:colcon.colcon_core.shell:Creating package descriptor '/home/agilex/agilex_ws/install/nav2_costmap_2d/share/nav2_costmap_2d/package.dsv'
[410.234s] INFO:colcon.colcon_core.shell:Creating package script '/home/agilex/agilex_ws/install/nav2_costmap_2d/share/nav2_costmap_2d/package.sh'
[410.235s] INFO:colcon.colcon_core.shell:Creating package script '/home/agilex/agilex_ws/install/nav2_costmap_2d/share/nav2_costmap_2d/package.bash'
[410.235s] INFO:colcon.colcon_core.shell:Creating package script '/home/agilex/agilex_ws/install/nav2_costmap_2d/share/nav2_costmap_2d/package.zsh'
[410.235s] Level 1:colcon.colcon_core.environment:create_file_with_runtime_dependencies(/home/agilex/agilex_ws/install/nav2_costmap_2d/share/colcon-core/packages/nav2_costmap_2d)
[410.296s] Level 1:colcon.colcon_core.environment:create_environment_scripts_only(nav2_costmap_2d)
[410.298s] Level 1:colcon.colcon_core.environment:checking '/home/agilex/agilex_ws/install/nav2_costmap_2d' for CMake module files
[410.298s] Level 1:colcon.colcon_core.environment:checking '/home/agilex/agilex_ws/install/nav2_costmap_2d' for CMake config files
[410.299s] Level 1:colcon.colcon_core.shell:create_environment_hook('nav2_costmap_2d', 'cmake_prefix_path')
[410.300s] INFO:colcon.colcon_core.shell:Creating environment hook '/home/agilex/agilex_ws/install/nav2_costmap_2d/share/nav2_costmap_2d/hook/cmake_prefix_path.ps1'
[410.300s] INFO:colcon.colcon_core.shell:Creating environment descriptor '/home/agilex/agilex_ws/install/nav2_costmap_2d/share/nav2_costmap_2d/hook/cmake_prefix_path.dsv'
[410.300s] INFO:colcon.colcon_core.shell:Creating environment hook '/home/agilex/agilex_ws/install/nav2_costmap_2d/share/nav2_costmap_2d/hook/cmake_prefix_path.sh'
[410.301s] Level 1:colcon.colcon_core.environment:checking '/home/agilex/agilex_ws/install/nav2_costmap_2d/lib'
[410.301s] Level 1:colcon.colcon_core.shell:create_environment_hook('nav2_costmap_2d', 'ld_library_path_lib')
[410.302s] INFO:colcon.colcon_core.shell:Creating environment hook '/home/agilex/agilex_ws/install/nav2_costmap_2d/share/nav2_costmap_2d/hook/ld_library_path_lib.ps1'
[410.302s] INFO:colcon.colcon_core.shell:Creating environment descriptor '/home/agilex/agilex_ws/install/nav2_costmap_2d/share/nav2_costmap_2d/hook/ld_library_path_lib.dsv'
[410.302s] INFO:colcon.colcon_core.shell:Creating environment hook '/home/agilex/agilex_ws/install/nav2_costmap_2d/share/nav2_costmap_2d/hook/ld_library_path_lib.sh'
[410.303s] Level 1:colcon.colcon_core.environment:checking '/home/agilex/agilex_ws/install/nav2_costmap_2d/bin'
[410.303s] Level 1:colcon.colcon_core.environment:checking '/home/agilex/agilex_ws/install/nav2_costmap_2d/lib/pkgconfig/nav2_costmap_2d.pc'
[410.303s] Level 1:colcon.colcon_core.environment:checking '/home/agilex/agilex_ws/install/nav2_costmap_2d/lib/python3.10/site-packages'
[410.303s] Level 1:colcon.colcon_core.environment:checking '/home/agilex/agilex_ws/install/nav2_costmap_2d/bin'
[410.305s] INFO:colcon.colcon_core.shell:Creating package script '/home/agilex/agilex_ws/install/nav2_costmap_2d/share/nav2_costmap_2d/package.ps1'
[410.306s] INFO:colcon.colcon_core.shell:Creating package descriptor '/home/agilex/agilex_ws/install/nav2_costmap_2d/share/nav2_costmap_2d/package.dsv'
[410.307s] INFO:colcon.colcon_core.shell:Creating package script '/home/agilex/agilex_ws/install/nav2_costmap_2d/share/nav2_costmap_2d/package.sh'
[410.307s] INFO:colcon.colcon_core.shell:Creating package script '/home/agilex/agilex_ws/install/nav2_costmap_2d/share/nav2_costmap_2d/package.bash'
[410.307s] INFO:colcon.colcon_core.shell:Creating package script '/home/agilex/agilex_ws/install/nav2_costmap_2d/share/nav2_costmap_2d/package.zsh'
[410.308s] Level 1:colcon.colcon_core.environment:create_file_with_runtime_dependencies(/home/agilex/agilex_ws/install/nav2_costmap_2d/share/colcon-core/packages/nav2_costmap_2d)
[410.308s] INFO:colcon.colcon_ros.task.ament_cmake.build:Building ROS package in '/home/agilex/agilex_ws/src/navigation2/nav2_core' with build type 'ament_cmake'
[410.308s] INFO:colcon.colcon_cmake.task.cmake.build:Building CMake package in '/home/agilex/agilex_ws/src/navigation2/nav2_core'
[410.310s] INFO:colcon.colcon_core.shell:Skip shell extension 'powershell' for command environment: Not usable outside of PowerShell
[410.310s] DEBUG:colcon.colcon_core.shell:Skip shell extension 'dsv' for command environment
[410.316s] INFO:colcon.colcon_ros.task.ament_cmake.build:Building ROS package in '/home/agilex/agilex_ws/src/navigation2/nav2_dwb_controller/costmap_queue' with build type 'ament_cmake'
[410.316s] INFO:colcon.colcon_cmake.task.cmake.build:Building CMake package in '/home/agilex/agilex_ws/src/navigation2/nav2_dwb_controller/costmap_queue'
[410.318s] INFO:colcon.colcon_core.shell:Skip shell extension 'powershell' for command environment: Not usable outside of PowerShell
[410.318s] DEBUG:colcon.colcon_core.shell:Skip shell extension 'dsv' for command environment
[410.323s] INFO:colcon.colcon_ros.task.ament_cmake.build:Building ROS package in '/home/agilex/agilex_ws/src/costmap_converter/costmap_converter' with build type 'ament_cmake'
[410.323s] INFO:colcon.colcon_cmake.task.cmake.build:Building CMake package in '/home/agilex/agilex_ws/src/costmap_converter/costmap_converter'
[410.325s] INFO:colcon.colcon_core.shell:Skip shell extension 'powershell' for command environment: Not usable outside of PowerShell
[410.325s] DEBUG:colcon.colcon_core.shell:Skip shell extension 'dsv' for command environment
[410.333s] DEBUG:colcon.colcon_core.event_handler.log_command:Invoking command in '/home/agilex/agilex_ws/build/nav2_core': AMENT_PREFIX_PATH=/home/agilex/agilex_ws/install/nav2_costmap_2d:/home/agilex/agilex_ws/install/nav2_util:/home/agilex/agilex_ws/install/nav2_voxel_grid:/home/agilex/agilex_ws/install/nav2_msgs:/home/agilex/agilex_ws/install/nav2_common:${AMENT_PREFIX_PATH} CMAKE_PREFIX_PATH=/home/agilex/agilex_ws/install/nav2_costmap_2d:/home/agilex/agilex_ws/install/nav2_util:/home/agilex/agilex_ws/install/nav2_voxel_grid:/home/agilex/agilex_ws/install/nav2_msgs:/home/agilex/agilex_ws/install/nav2_common:/opt/ros/humble LD_LIBRARY_PATH=/home/agilex/agilex_ws/install/nav2_costmap_2d/lib:/home/agilex/agilex_ws/install/nav2_util/lib:/home/agilex/agilex_ws/install/nav2_voxel_grid/lib:/home/agilex/agilex_ws/install/nav2_msgs/lib:${LD_LIBRARY_PATH} PYTHONPATH=/home/agilex/agilex_ws/install/nav2_msgs/local/lib/python3.10/dist-packages:/home/agilex/agilex_ws/install/nav2_common/local/lib/python3.10/dist-packages:${PYTHONPATH} /usr/bin/cmake /home/agilex/agilex_ws/src/navigation2/nav2_core -DCMAKE_INSTALL_PREFIX=/home/agilex/agilex_ws/install/nav2_core
[410.336s] DEBUG:colcon.colcon_core.event_handler.log_command:Invoking command in '/home/agilex/agilex_ws/build/costmap_queue': AMENT_PREFIX_PATH=/home/agilex/agilex_ws/install/nav2_costmap_2d:/home/agilex/agilex_ws/install/nav2_util:/home/agilex/agilex_ws/install/nav2_voxel_grid:/home/agilex/agilex_ws/install/nav2_msgs:/home/agilex/agilex_ws/install/nav2_common:${AMENT_PREFIX_PATH} CMAKE_PREFIX_PATH=/home/agilex/agilex_ws/install/nav2_costmap_2d:/home/agilex/agilex_ws/install/nav2_util:/home/agilex/agilex_ws/install/nav2_voxel_grid:/home/agilex/agilex_ws/install/nav2_msgs:/home/agilex/agilex_ws/install/nav2_common:/opt/ros/humble LD_LIBRARY_PATH=/home/agilex/agilex_ws/install/nav2_costmap_2d/lib:/home/agilex/agilex_ws/install/nav2_util/lib:/home/agilex/agilex_ws/install/nav2_voxel_grid/lib:/home/agilex/agilex_ws/install/nav2_msgs/lib:${LD_LIBRARY_PATH} PYTHONPATH=/home/agilex/agilex_ws/install/nav2_msgs/local/lib/python3.10/dist-packages:/home/agilex/agilex_ws/install/nav2_common/local/lib/python3.10/dist-packages:${PYTHONPATH} /usr/bin/cmake /home/agilex/agilex_ws/src/navigation2/nav2_dwb_controller/costmap_queue -DCMAKE_INSTALL_PREFIX=/home/agilex/agilex_ws/install/costmap_queue
[410.345s] DEBUG:colcon.colcon_core.event_handler.log_command:Invoking command in '/home/agilex/agilex_ws/build/costmap_converter': AMENT_PREFIX_PATH=/home/agilex/agilex_ws/install/nav2_costmap_2d:/home/agilex/agilex_ws/install/nav2_util:/home/agilex/agilex_ws/install/nav2_voxel_grid:/home/agilex/agilex_ws/install/nav2_msgs:/home/agilex/agilex_ws/install/nav2_common:/home/agilex/agilex_ws/install/costmap_converter_msgs:${AMENT_PREFIX_PATH} CMAKE_PREFIX_PATH=/home/agilex/agilex_ws/install/nav2_costmap_2d:/home/agilex/agilex_ws/install/nav2_util:/home/agilex/agilex_ws/install/nav2_voxel_grid:/home/agilex/agilex_ws/install/nav2_msgs:/home/agilex/agilex_ws/install/nav2_common:/home/agilex/agilex_ws/install/costmap_converter_msgs:/opt/ros/humble LD_LIBRARY_PATH=/home/agilex/agilex_ws/install/nav2_costmap_2d/lib:/home/agilex/agilex_ws/install/nav2_util/lib:/home/agilex/agilex_ws/install/nav2_voxel_grid/lib:/home/agilex/agilex_ws/install/nav2_msgs/lib:/home/agilex/agilex_ws/install/costmap_converter_msgs/lib:${LD_LIBRARY_PATH} PYTHONPATH=/home/agilex/agilex_ws/install/nav2_msgs/local/lib/python3.10/dist-packages:/home/agilex/agilex_ws/install/nav2_common/local/lib/python3.10/dist-packages:/home/agilex/agilex_ws/install/costmap_converter_msgs/local/lib/python3.10/dist-packages:${PYTHONPATH} /usr/bin/cmake /home/agilex/agilex_ws/src/costmap_converter/costmap_converter -DCMAKE_INSTALL_PREFIX=/home/agilex/agilex_ws/install/costmap_converter
[414.083s] DEBUG:colcon.colcon_core.event_handler.log_command:Invoked command in '/home/agilex/agilex_ws/build/nav2_core' returned '0': AMENT_PREFIX_PATH=/home/agilex/agilex_ws/install/nav2_costmap_2d:/home/agilex/agilex_ws/install/nav2_util:/home/agilex/agilex_ws/install/nav2_voxel_grid:/home/agilex/agilex_ws/install/nav2_msgs:/home/agilex/agilex_ws/install/nav2_common:${AMENT_PREFIX_PATH} CMAKE_PREFIX_PATH=/home/agilex/agilex_ws/install/nav2_costmap_2d:/home/agilex/agilex_ws/install/nav2_util:/home/agilex/agilex_ws/install/nav2_voxel_grid:/home/agilex/agilex_ws/install/nav2_msgs:/home/agilex/agilex_ws/install/nav2_common:/opt/ros/humble LD_LIBRARY_PATH=/home/agilex/agilex_ws/install/nav2_costmap_2d/lib:/home/agilex/agilex_ws/install/nav2_util/lib:/home/agilex/agilex_ws/install/nav2_voxel_grid/lib:/home/agilex/agilex_ws/install/nav2_msgs/lib:${LD_LIBRARY_PATH} PYTHONPATH=/home/agilex/agilex_ws/install/nav2_msgs/local/lib/python3.10/dist-packages:/home/agilex/agilex_ws/install/nav2_common/local/lib/python3.10/dist-packages:${PYTHONPATH} /usr/bin/cmake /home/agilex/agilex_ws/src/navigation2/nav2_core -DCMAKE_INSTALL_PREFIX=/home/agilex/agilex_ws/install/nav2_core
[414.085s] DEBUG:colcon.colcon_core.event_handler.log_command:Invoking command in '/home/agilex/agilex_ws/build/nav2_core': AMENT_PREFIX_PATH=/home/agilex/agilex_ws/install/nav2_costmap_2d:/home/agilex/agilex_ws/install/nav2_util:/home/agilex/agilex_ws/install/nav2_voxel_grid:/home/agilex/agilex_ws/install/nav2_msgs:/home/agilex/agilex_ws/install/nav2_common:${AMENT_PREFIX_PATH} CMAKE_PREFIX_PATH=/home/agilex/agilex_ws/install/nav2_costmap_2d:/home/agilex/agilex_ws/install/nav2_util:/home/agilex/agilex_ws/install/nav2_voxel_grid:/home/agilex/agilex_ws/install/nav2_msgs:/home/agilex/agilex_ws/install/nav2_common:/opt/ros/humble LD_LIBRARY_PATH=/home/agilex/agilex_ws/install/nav2_costmap_2d/lib:/home/agilex/agilex_ws/install/nav2_util/lib:/home/agilex/agilex_ws/install/nav2_voxel_grid/lib:/home/agilex/agilex_ws/install/nav2_msgs/lib:${LD_LIBRARY_PATH} PYTHONPATH=/home/agilex/agilex_ws/install/nav2_msgs/local/lib/python3.10/dist-packages:/home/agilex/agilex_ws/install/nav2_common/local/lib/python3.10/dist-packages:${PYTHONPATH} /usr/bin/cmake --build /home/agilex/agilex_ws/build/nav2_core -- -j8 -l8
[414.126s] DEBUG:colcon.colcon_core.event_handler.log_command:Invoked command in '/home/agilex/agilex_ws/build/nav2_core' returned '0': AMENT_PREFIX_PATH=/home/agilex/agilex_ws/install/nav2_costmap_2d:/home/agilex/agilex_ws/install/nav2_util:/home/agilex/agilex_ws/install/nav2_voxel_grid:/home/agilex/agilex_ws/install/nav2_msgs:/home/agilex/agilex_ws/install/nav2_common:${AMENT_PREFIX_PATH} CMAKE_PREFIX_PATH=/home/agilex/agilex_ws/install/nav2_costmap_2d:/home/agilex/agilex_ws/install/nav2_util:/home/agilex/agilex_ws/install/nav2_voxel_grid:/home/agilex/agilex_ws/install/nav2_msgs:/home/agilex/agilex_ws/install/nav2_common:/opt/ros/humble LD_LIBRARY_PATH=/home/agilex/agilex_ws/install/nav2_costmap_2d/lib:/home/agilex/agilex_ws/install/nav2_util/lib:/home/agilex/agilex_ws/install/nav2_voxel_grid/lib:/home/agilex/agilex_ws/install/nav2_msgs/lib:${LD_LIBRARY_PATH} PYTHONPATH=/home/agilex/agilex_ws/install/nav2_msgs/local/lib/python3.10/dist-packages:/home/agilex/agilex_ws/install/nav2_common/local/lib/python3.10/dist-packages:${PYTHONPATH} /usr/bin/cmake --build /home/agilex/agilex_ws/build/nav2_core -- -j8 -l8
[414.146s] DEBUG:colcon.colcon_core.event_handler.log_command:Invoking command in '/home/agilex/agilex_ws/build/nav2_core': AMENT_PREFIX_PATH=/home/agilex/agilex_ws/install/nav2_costmap_2d:/home/agilex/agilex_ws/install/nav2_util:/home/agilex/agilex_ws/install/nav2_voxel_grid:/home/agilex/agilex_ws/install/nav2_msgs:/home/agilex/agilex_ws/install/nav2_common:${AMENT_PREFIX_PATH} CMAKE_PREFIX_PATH=/home/agilex/agilex_ws/install/nav2_costmap_2d:/home/agilex/agilex_ws/install/nav2_util:/home/agilex/agilex_ws/install/nav2_voxel_grid:/home/agilex/agilex_ws/install/nav2_msgs:/home/agilex/agilex_ws/install/nav2_common:/opt/ros/humble LD_LIBRARY_PATH=/home/agilex/agilex_ws/install/nav2_costmap_2d/lib:/home/agilex/agilex_ws/install/nav2_util/lib:/home/agilex/agilex_ws/install/nav2_voxel_grid/lib:/home/agilex/agilex_ws/install/nav2_msgs/lib:${LD_LIBRARY_PATH} PYTHONPATH=/home/agilex/agilex_ws/install/nav2_msgs/local/lib/python3.10/dist-packages:/home/agilex/agilex_ws/install/nav2_common/local/lib/python3.10/dist-packages:${PYTHONPATH} /usr/bin/cmake --install /home/agilex/agilex_ws/build/nav2_core
[414.158s] Level 1:colcon.colcon_core.environment:create_environment_scripts_only(nav2_core)
[414.160s] Level 1:colcon.colcon_core.environment:checking '/home/agilex/agilex_ws/install/nav2_core' for CMake module files
[414.160s] DEBUG:colcon.colcon_core.event_handler.log_command:Invoked command in '/home/agilex/agilex_ws/build/nav2_core' returned '0': AMENT_PREFIX_PATH=/home/agilex/agilex_ws/install/nav2_costmap_2d:/home/agilex/agilex_ws/install/nav2_util:/home/agilex/agilex_ws/install/nav2_voxel_grid:/home/agilex/agilex_ws/install/nav2_msgs:/home/agilex/agilex_ws/install/nav2_common:${AMENT_PREFIX_PATH} CMAKE_PREFIX_PATH=/home/agilex/agilex_ws/install/nav2_costmap_2d:/home/agilex/agilex_ws/install/nav2_util:/home/agilex/agilex_ws/install/nav2_voxel_grid:/home/agilex/agilex_ws/install/nav2_msgs:/home/agilex/agilex_ws/install/nav2_common:/opt/ros/humble LD_LIBRARY_PATH=/home/agilex/agilex_ws/install/nav2_costmap_2d/lib:/home/agilex/agilex_ws/install/nav2_util/lib:/home/agilex/agilex_ws/install/nav2_voxel_grid/lib:/home/agilex/agilex_ws/install/nav2_msgs/lib:${LD_LIBRARY_PATH} PYTHONPATH=/home/agilex/agilex_ws/install/nav2_msgs/local/lib/python3.10/dist-packages:/home/agilex/agilex_ws/install/nav2_common/local/lib/python3.10/dist-packages:${PYTHONPATH} /usr/bin/cmake --install /home/agilex/agilex_ws/build/nav2_core
[414.161s] Level 1:colcon.colcon_core.environment:checking '/home/agilex/agilex_ws/install/nav2_core' for CMake config files
[414.161s] Level 1:colcon.colcon_core.shell:create_environment_hook('nav2_core', 'cmake_prefix_path')
[414.162s] INFO:colcon.colcon_core.shell:Creating environment hook '/home/agilex/agilex_ws/install/nav2_core/share/nav2_core/hook/cmake_prefix_path.ps1'
[414.163s] INFO:colcon.colcon_core.shell:Creating environment descriptor '/home/agilex/agilex_ws/install/nav2_core/share/nav2_core/hook/cmake_prefix_path.dsv'
[414.163s] INFO:colcon.colcon_core.shell:Creating environment hook '/home/agilex/agilex_ws/install/nav2_core/share/nav2_core/hook/cmake_prefix_path.sh'
[414.163s] Level 1:colcon.colcon_core.environment:checking '/home/agilex/agilex_ws/install/nav2_core/bin'
[414.163s] Level 1:colcon.colcon_core.environment:checking '/home/agilex/agilex_ws/install/nav2_core/lib/pkgconfig/nav2_core.pc'
[414.164s] Level 1:colcon.colcon_core.environment:checking '/home/agilex/agilex_ws/install/nav2_core/lib/python3.10/site-packages'
[414.164s] Level 1:colcon.colcon_core.environment:checking '/home/agilex/agilex_ws/install/nav2_core/bin'
[414.165s] INFO:colcon.colcon_core.shell:Creating package script '/home/agilex/agilex_ws/install/nav2_core/share/nav2_core/package.ps1'
[414.166s] INFO:colcon.colcon_core.shell:Creating package descriptor '/home/agilex/agilex_ws/install/nav2_core/share/nav2_core/package.dsv'
[414.166s] INFO:colcon.colcon_core.shell:Creating package script '/home/agilex/agilex_ws/install/nav2_core/share/nav2_core/package.sh'
[414.166s] INFO:colcon.colcon_core.shell:Creating package script '/home/agilex/agilex_ws/install/nav2_core/share/nav2_core/package.bash'
[414.167s] INFO:colcon.colcon_core.shell:Creating package script '/home/agilex/agilex_ws/install/nav2_core/share/nav2_core/package.zsh'
[414.167s] Level 1:colcon.colcon_core.environment:create_file_with_runtime_dependencies(/home/agilex/agilex_ws/install/nav2_core/share/colcon-core/packages/nav2_core)
[414.187s] Level 1:colcon.colcon_core.environment:create_environment_scripts_only(nav2_core)
[414.190s] Level 1:colcon.colcon_core.environment:checking '/home/agilex/agilex_ws/install/nav2_core' for CMake module files
[414.190s] Level 1:colcon.colcon_core.environment:checking '/home/agilex/agilex_ws/install/nav2_core' for CMake config files
[414.191s] Level 1:colcon.colcon_core.shell:create_environment_hook('nav2_core', 'cmake_prefix_path')
[414.192s] INFO:colcon.colcon_core.shell:Creating environment hook '/home/agilex/agilex_ws/install/nav2_core/share/nav2_core/hook/cmake_prefix_path.ps1'
[414.193s] INFO:colcon.colcon_core.shell:Creating environment descriptor '/home/agilex/agilex_ws/install/nav2_core/share/nav2_core/hook/cmake_prefix_path.dsv'
[414.193s] INFO:colcon.colcon_core.shell:Creating environment hook '/home/agilex/agilex_ws/install/nav2_core/share/nav2_core/hook/cmake_prefix_path.sh'
[414.193s] Level 1:colcon.colcon_core.environment:checking '/home/agilex/agilex_ws/install/nav2_core/bin'
[414.194s] Level 1:colcon.colcon_core.environment:checking '/home/agilex/agilex_ws/install/nav2_core/lib/pkgconfig/nav2_core.pc'
[414.194s] Level 1:colcon.colcon_core.environment:checking '/home/agilex/agilex_ws/install/nav2_core/lib/python3.10/site-packages'
[414.194s] Level 1:colcon.colcon_core.environment:checking '/home/agilex/agilex_ws/install/nav2_core/bin'
[414.196s] INFO:colcon.colcon_core.shell:Creating package script '/home/agilex/agilex_ws/install/nav2_core/share/nav2_core/package.ps1'
[414.197s] INFO:colcon.colcon_core.shell:Creating package descriptor '/home/agilex/agilex_ws/install/nav2_core/share/nav2_core/package.dsv'
[414.197s] INFO:colcon.colcon_core.shell:Creating package script '/home/agilex/agilex_ws/install/nav2_core/share/nav2_core/package.sh'
[414.198s] INFO:colcon.colcon_core.shell:Creating package script '/home/agilex/agilex_ws/install/nav2_core/share/nav2_core/package.bash'
[414.198s] INFO:colcon.colcon_core.shell:Creating package script '/home/agilex/agilex_ws/install/nav2_core/share/nav2_core/package.zsh'
[414.199s] Level 1:colcon.colcon_core.environment:create_file_with_runtime_dependencies(/home/agilex/agilex_ws/install/nav2_core/share/colcon-core/packages/nav2_core)
[414.199s] INFO:colcon.colcon_ros.task.ament_cmake.build:Building ROS package in '/home/agilex/agilex_ws/src/navigation2/nav2_dwb_controller/dwb_core' with build type 'ament_cmake'
[414.200s] INFO:colcon.colcon_cmake.task.cmake.build:Building CMake package in '/home/agilex/agilex_ws/src/navigation2/nav2_dwb_controller/dwb_core'
[414.202s] INFO:colcon.colcon_core.shell:Skip shell extension 'powershell' for command environment: Not usable outside of PowerShell
[414.202s] DEBUG:colcon.colcon_core.shell:Skip shell extension 'dsv' for command environment
[414.212s] INFO:colcon.colcon_ros.task.ament_cmake.build:Building ROS package in '/home/agilex/agilex_ws/src/navigation2/nav2_controller' with build type 'ament_cmake'
[414.212s] INFO:colcon.colcon_cmake.task.cmake.build:Building CMake package in '/home/agilex/agilex_ws/src/navigation2/nav2_controller'
[414.215s] INFO:colcon.colcon_core.shell:Skip shell extension 'powershell' for command environment: Not usable outside of PowerShell
[414.215s] DEBUG:colcon.colcon_core.shell:Skip shell extension 'dsv' for command environment
[414.219s] INFO:colcon.colcon_ros.task.ament_cmake.build:Building ROS package in '/home/agilex/agilex_ws/src/navigation2/nav2_planner' with build type 'ament_cmake'
[414.219s] INFO:colcon.colcon_cmake.task.cmake.build:Building CMake package in '/home/agilex/agilex_ws/src/navigation2/nav2_planner'
[414.221s] INFO:colcon.colcon_core.shell:Skip shell extension 'powershell' for command environment: Not usable outside of PowerShell
[414.221s] DEBUG:colcon.colcon_core.shell:Skip shell extension 'dsv' for command environment
[414.228s] INFO:colcon.colcon_ros.task.ament_cmake.build:Building ROS package in '/home/agilex/agilex_ws/src/navigation2/nav2_regulated_pure_pursuit_controller' with build type 'ament_cmake'
[414.228s] INFO:colcon.colcon_cmake.task.cmake.build:Building CMake package in '/home/agilex/agilex_ws/src/navigation2/nav2_regulated_pure_pursuit_controller'
[414.230s] INFO:colcon.colcon_core.shell:Skip shell extension 'powershell' for command environment: Not usable outside of PowerShell
[414.230s] DEBUG:colcon.colcon_core.shell:Skip shell extension 'dsv' for command environment
[414.236s] INFO:colcon.colcon_ros.task.ament_cmake.build:Building ROS package in '/home/agilex/agilex_ws/src/navigation2/nav2_waypoint_follower' with build type 'ament_cmake'
[414.236s] INFO:colcon.colcon_cmake.task.cmake.build:Building CMake package in '/home/agilex/agilex_ws/src/navigation2/nav2_waypoint_follower'
[414.237s] INFO:colcon.colcon_core.shell:Skip shell extension 'powershell' for command environment: Not usable outside of PowerShell
[414.237s] DEBUG:colcon.colcon_core.shell:Skip shell extension 'dsv' for command environment
[414.246s] DEBUG:colcon.colcon_core.event_handler.log_command:Invoking command in '/home/agilex/agilex_ws/build/dwb_core': AMENT_PREFIX_PATH=/home/agilex/agilex_ws/install/nav2_core:/home/agilex/agilex_ws/install/nav2_costmap_2d:/home/agilex/agilex_ws/install/nav_2d_utils:/home/agilex/agilex_ws/install/nav2_util:/home/agilex/agilex_ws/install/nav2_voxel_grid:/home/agilex/agilex_ws/install/nav2_msgs:/home/agilex/agilex_ws/install/dwb_msgs:/home/agilex/agilex_ws/install/nav_2d_msgs:/home/agilex/agilex_ws/install/nav2_common:${AMENT_PREFIX_PATH} CMAKE_PREFIX_PATH=/home/agilex/agilex_ws/install/nav2_core:/home/agilex/agilex_ws/install/nav2_costmap_2d:/home/agilex/agilex_ws/install/nav_2d_utils:/home/agilex/agilex_ws/install/nav2_util:/home/agilex/agilex_ws/install/nav2_voxel_grid:/home/agilex/agilex_ws/install/nav2_msgs:/home/agilex/agilex_ws/install/dwb_msgs:/home/agilex/agilex_ws/install/nav_2d_msgs:/home/agilex/agilex_ws/install/nav2_common:/opt/ros/humble LD_LIBRARY_PATH=/home/agilex/agilex_ws/install/nav2_costmap_2d/lib:/home/agilex/agilex_ws/install/nav_2d_utils/lib:/home/agilex/agilex_ws/install/nav2_util/lib:/home/agilex/agilex_ws/install/nav2_voxel_grid/lib:/home/agilex/agilex_ws/install/nav2_msgs/lib:/home/agilex/agilex_ws/install/dwb_msgs/lib:/home/agilex/agilex_ws/install/nav_2d_msgs/lib:${LD_LIBRARY_PATH} PYTHONPATH=/home/agilex/agilex_ws/install/nav2_msgs/local/lib/python3.10/dist-packages:/home/agilex/agilex_ws/install/dwb_msgs/local/lib/python3.10/dist-packages:/home/agilex/agilex_ws/install/nav_2d_msgs/local/lib/python3.10/dist-packages:/home/agilex/agilex_ws/install/nav2_common/local/lib/python3.10/dist-packages:${PYTHONPATH} /usr/bin/cmake /home/agilex/agilex_ws/src/navigation2/nav2_dwb_controller/dwb_core -DCMAKE_INSTALL_PREFIX=/home/agilex/agilex_ws/install/dwb_core
[414.249s] DEBUG:colcon.colcon_core.event_handler.log_command:Invoking command in '/home/agilex/agilex_ws/build/nav2_controller': AMENT_PREFIX_PATH=/home/agilex/agilex_ws/install/nav2_core:/home/agilex/agilex_ws/install/nav2_costmap_2d:/home/agilex/agilex_ws/install/nav_2d_utils:/home/agilex/agilex_ws/install/nav2_util:/home/agilex/agilex_ws/install/nav2_voxel_grid:/home/agilex/agilex_ws/install/nav2_msgs:/home/agilex/agilex_ws/install/nav_2d_msgs:/home/agilex/agilex_ws/install/nav2_common:${AMENT_PREFIX_PATH} CMAKE_PREFIX_PATH=/home/agilex/agilex_ws/install/nav2_core:/home/agilex/agilex_ws/install/nav2_costmap_2d:/home/agilex/agilex_ws/install/nav_2d_utils:/home/agilex/agilex_ws/install/nav2_util:/home/agilex/agilex_ws/install/nav2_voxel_grid:/home/agilex/agilex_ws/install/nav2_msgs:/home/agilex/agilex_ws/install/nav_2d_msgs:/home/agilex/agilex_ws/install/nav2_common:/opt/ros/humble LD_LIBRARY_PATH=/home/agilex/agilex_ws/install/nav2_costmap_2d/lib:/home/agilex/agilex_ws/install/nav_2d_utils/lib:/home/agilex/agilex_ws/install/nav2_util/lib:/home/agilex/agilex_ws/install/nav2_voxel_grid/lib:/home/agilex/agilex_ws/install/nav2_msgs/lib:/home/agilex/agilex_ws/install/nav_2d_msgs/lib:${LD_LIBRARY_PATH} PYTHONPATH=/home/agilex/agilex_ws/install/nav2_msgs/local/lib/python3.10/dist-packages:/home/agilex/agilex_ws/install/nav_2d_msgs/local/lib/python3.10/dist-packages:/home/agilex/agilex_ws/install/nav2_common/local/lib/python3.10/dist-packages:${PYTHONPATH} /usr/bin/cmake /home/agilex/agilex_ws/src/navigation2/nav2_controller -DCMAKE_INSTALL_PREFIX=/home/agilex/agilex_ws/install/nav2_controller
[414.257s] DEBUG:colcon.colcon_core.event_handler.log_command:Invoking command in '/home/agilex/agilex_ws/build/nav2_planner': AMENT_PREFIX_PATH=/home/agilex/agilex_ws/install/nav2_core:/home/agilex/agilex_ws/install/nav2_costmap_2d:/home/agilex/agilex_ws/install/nav2_util:/home/agilex/agilex_ws/install/nav2_voxel_grid:/home/agilex/agilex_ws/install/nav2_msgs:/home/agilex/agilex_ws/install/nav2_common:${AMENT_PREFIX_PATH} CMAKE_PREFIX_PATH=/home/agilex/agilex_ws/install/nav2_core:/home/agilex/agilex_ws/install/nav2_costmap_2d:/home/agilex/agilex_ws/install/nav2_util:/home/agilex/agilex_ws/install/nav2_voxel_grid:/home/agilex/agilex_ws/install/nav2_msgs:/home/agilex/agilex_ws/install/nav2_common:/opt/ros/humble LD_LIBRARY_PATH=/home/agilex/agilex_ws/install/nav2_costmap_2d/lib:/home/agilex/agilex_ws/install/nav2_util/lib:/home/agilex/agilex_ws/install/nav2_voxel_grid/lib:/home/agilex/agilex_ws/install/nav2_msgs/lib:${LD_LIBRARY_PATH} PYTHONPATH=/home/agilex/agilex_ws/install/nav2_msgs/local/lib/python3.10/dist-packages:/home/agilex/agilex_ws/install/nav2_common/local/lib/python3.10/dist-packages:${PYTHONPATH} /usr/bin/cmake /home/agilex/agilex_ws/src/navigation2/nav2_planner -DCMAKE_INSTALL_PREFIX=/home/agilex/agilex_ws/install/nav2_planner
[414.284s] DEBUG:colcon.colcon_core.event_handler.log_command:Invoking command in '/home/agilex/agilex_ws/build/nav2_waypoint_follower': AMENT_PREFIX_PATH=/home/agilex/agilex_ws/install/nav2_core:/home/agilex/agilex_ws/install/nav2_costmap_2d:/home/agilex/agilex_ws/install/nav2_util:/home/agilex/agilex_ws/install/nav2_voxel_grid:/home/agilex/agilex_ws/install/nav2_msgs:/home/agilex/agilex_ws/install/nav2_common:${AMENT_PREFIX_PATH} CMAKE_PREFIX_PATH=/home/agilex/agilex_ws/install/nav2_core:/home/agilex/agilex_ws/install/nav2_costmap_2d:/home/agilex/agilex_ws/install/nav2_util:/home/agilex/agilex_ws/install/nav2_voxel_grid:/home/agilex/agilex_ws/install/nav2_msgs:/home/agilex/agilex_ws/install/nav2_common:/opt/ros/humble LD_LIBRARY_PATH=/home/agilex/agilex_ws/install/nav2_costmap_2d/lib:/home/agilex/agilex_ws/install/nav2_util/lib:/home/agilex/agilex_ws/install/nav2_voxel_grid/lib:/home/agilex/agilex_ws/install/nav2_msgs/lib:${LD_LIBRARY_PATH} PYTHONPATH=/home/agilex/agilex_ws/install/nav2_msgs/local/lib/python3.10/dist-packages:/home/agilex/agilex_ws/install/nav2_common/local/lib/python3.10/dist-packages:${PYTHONPATH} /usr/bin/cmake /home/agilex/agilex_ws/src/navigation2/nav2_waypoint_follower -DCMAKE_INSTALL_PREFIX=/home/agilex/agilex_ws/install/nav2_waypoint_follower
[414.298s] DEBUG:colcon.colcon_core.event_handler.log_command:Invoking command in '/home/agilex/agilex_ws/build/nav2_regulated_pure_pursuit_controller': AMENT_PREFIX_PATH=/home/agilex/agilex_ws/install/nav2_core:/home/agilex/agilex_ws/install/nav2_costmap_2d:/home/agilex/agilex_ws/install/nav2_util:/home/agilex/agilex_ws/install/nav2_voxel_grid:/home/agilex/agilex_ws/install/nav2_msgs:/home/agilex/agilex_ws/install/nav2_common:${AMENT_PREFIX_PATH} CMAKE_PREFIX_PATH=/home/agilex/agilex_ws/install/nav2_core:/home/agilex/agilex_ws/install/nav2_costmap_2d:/home/agilex/agilex_ws/install/nav2_util:/home/agilex/agilex_ws/install/nav2_voxel_grid:/home/agilex/agilex_ws/install/nav2_msgs:/home/agilex/agilex_ws/install/nav2_common:/opt/ros/humble LD_LIBRARY_PATH=/home/agilex/agilex_ws/install/nav2_costmap_2d/lib:/home/agilex/agilex_ws/install/nav2_util/lib:/home/agilex/agilex_ws/install/nav2_voxel_grid/lib:/home/agilex/agilex_ws/install/nav2_msgs/lib:${LD_LIBRARY_PATH} PYTHONPATH=/home/agilex/agilex_ws/install/nav2_msgs/local/lib/python3.10/dist-packages:/home/agilex/agilex_ws/install/nav2_common/local/lib/python3.10/dist-packages:${PYTHONPATH} /usr/bin/cmake /home/agilex/agilex_ws/src/navigation2/nav2_regulated_pure_pursuit_controller -DCMAKE_INSTALL_PREFIX=/home/agilex/agilex_ws/install/nav2_regulated_pure_pursuit_controller
[416.736s] DEBUG:colcon.colcon_core.event_handler.log_command:Invoked command in '/home/agilex/agilex_ws/build/costmap_converter' returned '0': AMENT_PREFIX_PATH=/home/agilex/agilex_ws/install/nav2_costmap_2d:/home/agilex/agilex_ws/install/nav2_util:/home/agilex/agilex_ws/install/nav2_voxel_grid:/home/agilex/agilex_ws/install/nav2_msgs:/home/agilex/agilex_ws/install/nav2_common:/home/agilex/agilex_ws/install/costmap_converter_msgs:${AMENT_PREFIX_PATH} CMAKE_PREFIX_PATH=/home/agilex/agilex_ws/install/nav2_costmap_2d:/home/agilex/agilex_ws/install/nav2_util:/home/agilex/agilex_ws/install/nav2_voxel_grid:/home/agilex/agilex_ws/install/nav2_msgs:/home/agilex/agilex_ws/install/nav2_common:/home/agilex/agilex_ws/install/costmap_converter_msgs:/opt/ros/humble LD_LIBRARY_PATH=/home/agilex/agilex_ws/install/nav2_costmap_2d/lib:/home/agilex/agilex_ws/install/nav2_util/lib:/home/agilex/agilex_ws/install/nav2_voxel_grid/lib:/home/agilex/agilex_ws/install/nav2_msgs/lib:/home/agilex/agilex_ws/install/costmap_converter_msgs/lib:${LD_LIBRARY_PATH} PYTHONPATH=/home/agilex/agilex_ws/install/nav2_msgs/local/lib/python3.10/dist-packages:/home/agilex/agilex_ws/install/nav2_common/local/lib/python3.10/dist-packages:/home/agilex/agilex_ws/install/costmap_converter_msgs/local/lib/python3.10/dist-packages:${PYTHONPATH} /usr/bin/cmake /home/agilex/agilex_ws/src/costmap_converter/costmap_converter -DCMAKE_INSTALL_PREFIX=/home/agilex/agilex_ws/install/costmap_converter
[416.737s] DEBUG:colcon.colcon_core.event_handler.log_command:Invoking command in '/home/agilex/agilex_ws/build/costmap_converter': AMENT_PREFIX_PATH=/home/agilex/agilex_ws/install/nav2_costmap_2d:/home/agilex/agilex_ws/install/nav2_util:/home/agilex/agilex_ws/install/nav2_voxel_grid:/home/agilex/agilex_ws/install/nav2_msgs:/home/agilex/agilex_ws/install/nav2_common:/home/agilex/agilex_ws/install/costmap_converter_msgs:${AMENT_PREFIX_PATH} CMAKE_PREFIX_PATH=/home/agilex/agilex_ws/install/nav2_costmap_2d:/home/agilex/agilex_ws/install/nav2_util:/home/agilex/agilex_ws/install/nav2_voxel_grid:/home/agilex/agilex_ws/install/nav2_msgs:/home/agilex/agilex_ws/install/nav2_common:/home/agilex/agilex_ws/install/costmap_converter_msgs:/opt/ros/humble LD_LIBRARY_PATH=/home/agilex/agilex_ws/install/nav2_costmap_2d/lib:/home/agilex/agilex_ws/install/nav2_util/lib:/home/agilex/agilex_ws/install/nav2_voxel_grid/lib:/home/agilex/agilex_ws/install/nav2_msgs/lib:/home/agilex/agilex_ws/install/costmap_converter_msgs/lib:${LD_LIBRARY_PATH} PYTHONPATH=/home/agilex/agilex_ws/install/nav2_msgs/local/lib/python3.10/dist-packages:/home/agilex/agilex_ws/install/nav2_common/local/lib/python3.10/dist-packages:/home/agilex/agilex_ws/install/costmap_converter_msgs/local/lib/python3.10/dist-packages:${PYTHONPATH} /usr/bin/cmake --build /home/agilex/agilex_ws/build/costmap_converter -- -j8 -l8
[416.758s] DEBUG:colcon.colcon_core.event_handler.log_command:Invoked command in '/home/agilex/agilex_ws/build/costmap_queue' returned '0': AMENT_PREFIX_PATH=/home/agilex/agilex_ws/install/nav2_costmap_2d:/home/agilex/agilex_ws/install/nav2_util:/home/agilex/agilex_ws/install/nav2_voxel_grid:/home/agilex/agilex_ws/install/nav2_msgs:/home/agilex/agilex_ws/install/nav2_common:${AMENT_PREFIX_PATH} CMAKE_PREFIX_PATH=/home/agilex/agilex_ws/install/nav2_costmap_2d:/home/agilex/agilex_ws/install/nav2_util:/home/agilex/agilex_ws/install/nav2_voxel_grid:/home/agilex/agilex_ws/install/nav2_msgs:/home/agilex/agilex_ws/install/nav2_common:/opt/ros/humble LD_LIBRARY_PATH=/home/agilex/agilex_ws/install/nav2_costmap_2d/lib:/home/agilex/agilex_ws/install/nav2_util/lib:/home/agilex/agilex_ws/install/nav2_voxel_grid/lib:/home/agilex/agilex_ws/install/nav2_msgs/lib:${LD_LIBRARY_PATH} PYTHONPATH=/home/agilex/agilex_ws/install/nav2_msgs/local/lib/python3.10/dist-packages:/home/agilex/agilex_ws/install/nav2_common/local/lib/python3.10/dist-packages:${PYTHONPATH} /usr/bin/cmake /home/agilex/agilex_ws/src/navigation2/nav2_dwb_controller/costmap_queue -DCMAKE_INSTALL_PREFIX=/home/agilex/agilex_ws/install/costmap_queue
[416.758s] DEBUG:colcon.colcon_core.event_handler.log_command:Invoking command in '/home/agilex/agilex_ws/build/costmap_queue': AMENT_PREFIX_PATH=/home/agilex/agilex_ws/install/nav2_costmap_2d:/home/agilex/agilex_ws/install/nav2_util:/home/agilex/agilex_ws/install/nav2_voxel_grid:/home/agilex/agilex_ws/install/nav2_msgs:/home/agilex/agilex_ws/install/nav2_common:${AMENT_PREFIX_PATH} CMAKE_PREFIX_PATH=/home/agilex/agilex_ws/install/nav2_costmap_2d:/home/agilex/agilex_ws/install/nav2_util:/home/agilex/agilex_ws/install/nav2_voxel_grid:/home/agilex/agilex_ws/install/nav2_msgs:/home/agilex/agilex_ws/install/nav2_common:/opt/ros/humble LD_LIBRARY_PATH=/home/agilex/agilex_ws/install/nav2_costmap_2d/lib:/home/agilex/agilex_ws/install/nav2_util/lib:/home/agilex/agilex_ws/install/nav2_voxel_grid/lib:/home/agilex/agilex_ws/install/nav2_msgs/lib:${LD_LIBRARY_PATH} PYTHONPATH=/home/agilex/agilex_ws/install/nav2_msgs/local/lib/python3.10/dist-packages:/home/agilex/agilex_ws/install/nav2_common/local/lib/python3.10/dist-packages:${PYTHONPATH} /usr/bin/cmake --build /home/agilex/agilex_ws/build/costmap_queue -- -j8 -l8
[434.415s] DEBUG:colcon.colcon_core.event_handler.log_command:Invoked command in '/home/agilex/agilex_ws/build/dwb_core' returned '0': AMENT_PREFIX_PATH=/home/agilex/agilex_ws/install/nav2_core:/home/agilex/agilex_ws/install/nav2_costmap_2d:/home/agilex/agilex_ws/install/nav_2d_utils:/home/agilex/agilex_ws/install/nav2_util:/home/agilex/agilex_ws/install/nav2_voxel_grid:/home/agilex/agilex_ws/install/nav2_msgs:/home/agilex/agilex_ws/install/dwb_msgs:/home/agilex/agilex_ws/install/nav_2d_msgs:/home/agilex/agilex_ws/install/nav2_common:${AMENT_PREFIX_PATH} CMAKE_PREFIX_PATH=/home/agilex/agilex_ws/install/nav2_core:/home/agilex/agilex_ws/install/nav2_costmap_2d:/home/agilex/agilex_ws/install/nav_2d_utils:/home/agilex/agilex_ws/install/nav2_util:/home/agilex/agilex_ws/install/nav2_voxel_grid:/home/agilex/agilex_ws/install/nav2_msgs:/home/agilex/agilex_ws/install/dwb_msgs:/home/agilex/agilex_ws/install/nav_2d_msgs:/home/agilex/agilex_ws/install/nav2_common:/opt/ros/humble LD_LIBRARY_PATH=/home/agilex/agilex_ws/install/nav2_costmap_2d/lib:/home/agilex/agilex_ws/install/nav_2d_utils/lib:/home/agilex/agilex_ws/install/nav2_util/lib:/home/agilex/agilex_ws/install/nav2_voxel_grid/lib:/home/agilex/agilex_ws/install/nav2_msgs/lib:/home/agilex/agilex_ws/install/dwb_msgs/lib:/home/agilex/agilex_ws/install/nav_2d_msgs/lib:${LD_LIBRARY_PATH} PYTHONPATH=/home/agilex/agilex_ws/install/nav2_msgs/local/lib/python3.10/dist-packages:/home/agilex/agilex_ws/install/dwb_msgs/local/lib/python3.10/dist-packages:/home/agilex/agilex_ws/install/nav_2d_msgs/local/lib/python3.10/dist-packages:/home/agilex/agilex_ws/install/nav2_common/local/lib/python3.10/dist-packages:${PYTHONPATH} /usr/bin/cmake /home/agilex/agilex_ws/src/navigation2/nav2_dwb_controller/dwb_core -DCMAKE_INSTALL_PREFIX=/home/agilex/agilex_ws/install/dwb_core
[434.415s] DEBUG:colcon.colcon_core.event_handler.log_command:Invoking command in '/home/agilex/agilex_ws/build/dwb_core': AMENT_PREFIX_PATH=/home/agilex/agilex_ws/install/nav2_core:/home/agilex/agilex_ws/install/nav2_costmap_2d:/home/agilex/agilex_ws/install/nav_2d_utils:/home/agilex/agilex_ws/install/nav2_util:/home/agilex/agilex_ws/install/nav2_voxel_grid:/home/agilex/agilex_ws/install/nav2_msgs:/home/agilex/agilex_ws/install/dwb_msgs:/home/agilex/agilex_ws/install/nav_2d_msgs:/home/agilex/agilex_ws/install/nav2_common:${AMENT_PREFIX_PATH} CMAKE_PREFIX_PATH=/home/agilex/agilex_ws/install/nav2_core:/home/agilex/agilex_ws/install/nav2_costmap_2d:/home/agilex/agilex_ws/install/nav_2d_utils:/home/agilex/agilex_ws/install/nav2_util:/home/agilex/agilex_ws/install/nav2_voxel_grid:/home/agilex/agilex_ws/install/nav2_msgs:/home/agilex/agilex_ws/install/dwb_msgs:/home/agilex/agilex_ws/install/nav_2d_msgs:/home/agilex/agilex_ws/install/nav2_common:/opt/ros/humble LD_LIBRARY_PATH=/home/agilex/agilex_ws/install/nav2_costmap_2d/lib:/home/agilex/agilex_ws/install/nav_2d_utils/lib:/home/agilex/agilex_ws/install/nav2_util/lib:/home/agilex/agilex_ws/install/nav2_voxel_grid/lib:/home/agilex/agilex_ws/install/nav2_msgs/lib:/home/agilex/agilex_ws/install/dwb_msgs/lib:/home/agilex/agilex_ws/install/nav_2d_msgs/lib:${LD_LIBRARY_PATH} PYTHONPATH=/home/agilex/agilex_ws/install/nav2_msgs/local/lib/python3.10/dist-packages:/home/agilex/agilex_ws/install/dwb_msgs/local/lib/python3.10/dist-packages:/home/agilex/agilex_ws/install/nav_2d_msgs/local/lib/python3.10/dist-packages:/home/agilex/agilex_ws/install/nav2_common/local/lib/python3.10/dist-packages:${PYTHONPATH} /usr/bin/cmake --build /home/agilex/agilex_ws/build/dwb_core -- -j8 -l8
[437.133s] DEBUG:colcon.colcon_core.event_handler.log_command:Invoked command in '/home/agilex/agilex_ws/build/nav2_regulated_pure_pursuit_controller' returned '0': AMENT_PREFIX_PATH=/home/agilex/agilex_ws/install/nav2_core:/home/agilex/agilex_ws/install/nav2_costmap_2d:/home/agilex/agilex_ws/install/nav2_util:/home/agilex/agilex_ws/install/nav2_voxel_grid:/home/agilex/agilex_ws/install/nav2_msgs:/home/agilex/agilex_ws/install/nav2_common:${AMENT_PREFIX_PATH} CMAKE_PREFIX_PATH=/home/agilex/agilex_ws/install/nav2_core:/home/agilex/agilex_ws/install/nav2_costmap_2d:/home/agilex/agilex_ws/install/nav2_util:/home/agilex/agilex_ws/install/nav2_voxel_grid:/home/agilex/agilex_ws/install/nav2_msgs:/home/agilex/agilex_ws/install/nav2_common:/opt/ros/humble LD_LIBRARY_PATH=/home/agilex/agilex_ws/install/nav2_costmap_2d/lib:/home/agilex/agilex_ws/install/nav2_util/lib:/home/agilex/agilex_ws/install/nav2_voxel_grid/lib:/home/agilex/agilex_ws/install/nav2_msgs/lib:${LD_LIBRARY_PATH} PYTHONPATH=/home/agilex/agilex_ws/install/nav2_msgs/local/lib/python3.10/dist-packages:/home/agilex/agilex_ws/install/nav2_common/local/lib/python3.10/dist-packages:${PYTHONPATH} /usr/bin/cmake /home/agilex/agilex_ws/src/navigation2/nav2_regulated_pure_pursuit_controller -DCMAKE_INSTALL_PREFIX=/home/agilex/agilex_ws/install/nav2_regulated_pure_pursuit_controller
[437.133s] DEBUG:colcon.colcon_core.event_handler.log_command:Invoking command in '/home/agilex/agilex_ws/build/nav2_regulated_pure_pursuit_controller': AMENT_PREFIX_PATH=/home/agilex/agilex_ws/install/nav2_core:/home/agilex/agilex_ws/install/nav2_costmap_2d:/home/agilex/agilex_ws/install/nav2_util:/home/agilex/agilex_ws/install/nav2_voxel_grid:/home/agilex/agilex_ws/install/nav2_msgs:/home/agilex/agilex_ws/install/nav2_common:${AMENT_PREFIX_PATH} CMAKE_PREFIX_PATH=/home/agilex/agilex_ws/install/nav2_core:/home/agilex/agilex_ws/install/nav2_costmap_2d:/home/agilex/agilex_ws/install/nav2_util:/home/agilex/agilex_ws/install/nav2_voxel_grid:/home/agilex/agilex_ws/install/nav2_msgs:/home/agilex/agilex_ws/install/nav2_common:/opt/ros/humble LD_LIBRARY_PATH=/home/agilex/agilex_ws/install/nav2_costmap_2d/lib:/home/agilex/agilex_ws/install/nav2_util/lib:/home/agilex/agilex_ws/install/nav2_voxel_grid/lib:/home/agilex/agilex_ws/install/nav2_msgs/lib:${LD_LIBRARY_PATH} PYTHONPATH=/home/agilex/agilex_ws/install/nav2_msgs/local/lib/python3.10/dist-packages:/home/agilex/agilex_ws/install/nav2_common/local/lib/python3.10/dist-packages:${PYTHONPATH} /usr/bin/cmake --build /home/agilex/agilex_ws/build/nav2_regulated_pure_pursuit_controller -- -j8 -l8
[439.393s] DEBUG:colcon.colcon_core.event_handler.log_command:Invoked command in '/home/agilex/agilex_ws/build/costmap_queue' returned '0': AMENT_PREFIX_PATH=/home/agilex/agilex_ws/install/nav2_costmap_2d:/home/agilex/agilex_ws/install/nav2_util:/home/agilex/agilex_ws/install/nav2_voxel_grid:/home/agilex/agilex_ws/install/nav2_msgs:/home/agilex/agilex_ws/install/nav2_common:${AMENT_PREFIX_PATH} CMAKE_PREFIX_PATH=/home/agilex/agilex_ws/install/nav2_costmap_2d:/home/agilex/agilex_ws/install/nav2_util:/home/agilex/agilex_ws/install/nav2_voxel_grid:/home/agilex/agilex_ws/install/nav2_msgs:/home/agilex/agilex_ws/install/nav2_common:/opt/ros/humble LD_LIBRARY_PATH=/home/agilex/agilex_ws/install/nav2_costmap_2d/lib:/home/agilex/agilex_ws/install/nav2_util/lib:/home/agilex/agilex_ws/install/nav2_voxel_grid/lib:/home/agilex/agilex_ws/install/nav2_msgs/lib:${LD_LIBRARY_PATH} PYTHONPATH=/home/agilex/agilex_ws/install/nav2_msgs/local/lib/python3.10/dist-packages:/home/agilex/agilex_ws/install/nav2_common/local/lib/python3.10/dist-packages:${PYTHONPATH} /usr/bin/cmake --build /home/agilex/agilex_ws/build/costmap_queue -- -j8 -l8
[439.617s] DEBUG:colcon.colcon_core.event_handler.log_command:Invoking command in '/home/agilex/agilex_ws/build/costmap_queue': AMENT_PREFIX_PATH=/home/agilex/agilex_ws/install/nav2_costmap_2d:/home/agilex/agilex_ws/install/nav2_util:/home/agilex/agilex_ws/install/nav2_voxel_grid:/home/agilex/agilex_ws/install/nav2_msgs:/home/agilex/agilex_ws/install/nav2_common:${AMENT_PREFIX_PATH} CMAKE_PREFIX_PATH=/home/agilex/agilex_ws/install/nav2_costmap_2d:/home/agilex/agilex_ws/install/nav2_util:/home/agilex/agilex_ws/install/nav2_voxel_grid:/home/agilex/agilex_ws/install/nav2_msgs:/home/agilex/agilex_ws/install/nav2_common:/opt/ros/humble LD_LIBRARY_PATH=/home/agilex/agilex_ws/install/nav2_costmap_2d/lib:/home/agilex/agilex_ws/install/nav2_util/lib:/home/agilex/agilex_ws/install/nav2_voxel_grid/lib:/home/agilex/agilex_ws/install/nav2_msgs/lib:${LD_LIBRARY_PATH} PYTHONPATH=/home/agilex/agilex_ws/install/nav2_msgs/local/lib/python3.10/dist-packages:/home/agilex/agilex_ws/install/nav2_common/local/lib/python3.10/dist-packages:${PYTHONPATH} /usr/bin/cmake --install /home/agilex/agilex_ws/build/costmap_queue
[441.076s] DEBUG:colcon.colcon_core.event_handler.log_command:Invoked command in '/home/agilex/agilex_ws/build/nav2_waypoint_follower' returned '0': AMENT_PREFIX_PATH=/home/agilex/agilex_ws/install/nav2_core:/home/agilex/agilex_ws/install/nav2_costmap_2d:/home/agilex/agilex_ws/install/nav2_util:/home/agilex/agilex_ws/install/nav2_voxel_grid:/home/agilex/agilex_ws/install/nav2_msgs:/home/agilex/agilex_ws/install/nav2_common:${AMENT_PREFIX_PATH} CMAKE_PREFIX_PATH=/home/agilex/agilex_ws/install/nav2_core:/home/agilex/agilex_ws/install/nav2_costmap_2d:/home/agilex/agilex_ws/install/nav2_util:/home/agilex/agilex_ws/install/nav2_voxel_grid:/home/agilex/agilex_ws/install/nav2_msgs:/home/agilex/agilex_ws/install/nav2_common:/opt/ros/humble LD_LIBRARY_PATH=/home/agilex/agilex_ws/install/nav2_costmap_2d/lib:/home/agilex/agilex_ws/install/nav2_util/lib:/home/agilex/agilex_ws/install/nav2_voxel_grid/lib:/home/agilex/agilex_ws/install/nav2_msgs/lib:${LD_LIBRARY_PATH} PYTHONPATH=/home/agilex/agilex_ws/install/nav2_msgs/local/lib/python3.10/dist-packages:/home/agilex/agilex_ws/install/nav2_common/local/lib/python3.10/dist-packages:${PYTHONPATH} /usr/bin/cmake /home/agilex/agilex_ws/src/navigation2/nav2_waypoint_follower -DCMAKE_INSTALL_PREFIX=/home/agilex/agilex_ws/install/nav2_waypoint_follower
[441.077s] DEBUG:colcon.colcon_core.event_handler.log_command:Invoking command in '/home/agilex/agilex_ws/build/nav2_waypoint_follower': AMENT_PREFIX_PATH=/home/agilex/agilex_ws/install/nav2_core:/home/agilex/agilex_ws/install/nav2_costmap_2d:/home/agilex/agilex_ws/install/nav2_util:/home/agilex/agilex_ws/install/nav2_voxel_grid:/home/agilex/agilex_ws/install/nav2_msgs:/home/agilex/agilex_ws/install/nav2_common:${AMENT_PREFIX_PATH} CMAKE_PREFIX_PATH=/home/agilex/agilex_ws/install/nav2_core:/home/agilex/agilex_ws/install/nav2_costmap_2d:/home/agilex/agilex_ws/install/nav2_util:/home/agilex/agilex_ws/install/nav2_voxel_grid:/home/agilex/agilex_ws/install/nav2_msgs:/home/agilex/agilex_ws/install/nav2_common:/opt/ros/humble LD_LIBRARY_PATH=/home/agilex/agilex_ws/install/nav2_costmap_2d/lib:/home/agilex/agilex_ws/install/nav2_util/lib:/home/agilex/agilex_ws/install/nav2_voxel_grid/lib:/home/agilex/agilex_ws/install/nav2_msgs/lib:${LD_LIBRARY_PATH} PYTHONPATH=/home/agilex/agilex_ws/install/nav2_msgs/local/lib/python3.10/dist-packages:/home/agilex/agilex_ws/install/nav2_common/local/lib/python3.10/dist-packages:${PYTHONPATH} /usr/bin/cmake --build /home/agilex/agilex_ws/build/nav2_waypoint_follower -- -j8 -l8
[444.891s] DEBUG:colcon.colcon_core.event_handler.log_command:Invoked command in '/home/agilex/agilex_ws/build/nav2_behavior_tree' returned '0': AMENT_PREFIX_PATH=/home/agilex/agilex_ws/install/nav2_util:/home/agilex/agilex_ws/install/nav2_msgs:/home/agilex/agilex_ws/install/nav2_common:${AMENT_PREFIX_PATH} CMAKE_PREFIX_PATH=/home/agilex/agilex_ws/install/nav2_util:/home/agilex/agilex_ws/install/nav2_msgs:/home/agilex/agilex_ws/install/nav2_common:/opt/ros/humble LD_LIBRARY_PATH=/home/agilex/agilex_ws/install/nav2_util/lib:/home/agilex/agilex_ws/install/nav2_msgs/lib:${LD_LIBRARY_PATH} PYTHONPATH=/home/agilex/agilex_ws/install/nav2_msgs/local/lib/python3.10/dist-packages:/home/agilex/agilex_ws/install/nav2_common/local/lib/python3.10/dist-packages:${PYTHONPATH} /usr/bin/cmake --build /home/agilex/agilex_ws/build/nav2_behavior_tree -- -j8 -l8
[444.891s] Level 1:colcon.colcon_core.environment:create_environment_scripts_only(costmap_queue)
[444.894s] Level 1:colcon.colcon_core.environment:checking '/home/agilex/agilex_ws/install/costmap_queue' for CMake module files
[444.895s] Level 1:colcon.colcon_core.environment:checking '/home/agilex/agilex_ws/install/costmap_queue' for CMake config files
[444.895s] Level 1:colcon.colcon_core.shell:create_environment_hook('costmap_queue', 'cmake_prefix_path')
[444.897s] INFO:colcon.colcon_core.shell:Creating environment hook '/home/agilex/agilex_ws/install/costmap_queue/share/costmap_queue/hook/cmake_prefix_path.ps1'
[444.898s] DEBUG:colcon.colcon_core.event_handler.log_command:Invoked command in '/home/agilex/agilex_ws/build/costmap_queue' returned '0': AMENT_PREFIX_PATH=/home/agilex/agilex_ws/install/nav2_costmap_2d:/home/agilex/agilex_ws/install/nav2_util:/home/agilex/agilex_ws/install/nav2_voxel_grid:/home/agilex/agilex_ws/install/nav2_msgs:/home/agilex/agilex_ws/install/nav2_common:${AMENT_PREFIX_PATH} CMAKE_PREFIX_PATH=/home/agilex/agilex_ws/install/nav2_costmap_2d:/home/agilex/agilex_ws/install/nav2_util:/home/agilex/agilex_ws/install/nav2_voxel_grid:/home/agilex/agilex_ws/install/nav2_msgs:/home/agilex/agilex_ws/install/nav2_common:/opt/ros/humble LD_LIBRARY_PATH=/home/agilex/agilex_ws/install/nav2_costmap_2d/lib:/home/agilex/agilex_ws/install/nav2_util/lib:/home/agilex/agilex_ws/install/nav2_voxel_grid/lib:/home/agilex/agilex_ws/install/nav2_msgs/lib:${LD_LIBRARY_PATH} PYTHONPATH=/home/agilex/agilex_ws/install/nav2_msgs/local/lib/python3.10/dist-packages:/home/agilex/agilex_ws/install/nav2_common/local/lib/python3.10/dist-packages:${PYTHONPATH} /usr/bin/cmake --install /home/agilex/agilex_ws/build/costmap_queue
[444.898s] INFO:colcon.colcon_core.shell:Creating environment descriptor '/home/agilex/agilex_ws/install/costmap_queue/share/costmap_queue/hook/cmake_prefix_path.dsv'
[444.898s] INFO:colcon.colcon_core.shell:Creating environment hook '/home/agilex/agilex_ws/install/costmap_queue/share/costmap_queue/hook/cmake_prefix_path.sh'
[444.899s] Level 1:colcon.colcon_core.environment:checking '/home/agilex/agilex_ws/install/costmap_queue/lib'
[444.899s] Level 1:colcon.colcon_core.environment:checking '/home/agilex/agilex_ws/install/costmap_queue/bin'
[444.900s] Level 1:colcon.colcon_core.environment:checking '/home/agilex/agilex_ws/install/costmap_queue/lib/pkgconfig/costmap_queue.pc'
[444.900s] Level 1:colcon.colcon_core.environment:checking '/home/agilex/agilex_ws/install/costmap_queue/lib/python3.10/site-packages'
[444.900s] Level 1:colcon.colcon_core.environment:checking '/home/agilex/agilex_ws/install/costmap_queue/bin'
[444.902s] INFO:colcon.colcon_core.shell:Creating package script '/home/agilex/agilex_ws/install/costmap_queue/share/costmap_queue/package.ps1'
[444.903s] INFO:colcon.colcon_core.shell:Creating package descriptor '/home/agilex/agilex_ws/install/costmap_queue/share/costmap_queue/package.dsv'
[444.903s] INFO:colcon.colcon_core.shell:Creating package script '/home/agilex/agilex_ws/install/costmap_queue/share/costmap_queue/package.sh'
[444.904s] INFO:colcon.colcon_core.shell:Creating package script '/home/agilex/agilex_ws/install/costmap_queue/share/costmap_queue/package.bash'
[444.904s] INFO:colcon.colcon_core.shell:Creating package script '/home/agilex/agilex_ws/install/costmap_queue/share/costmap_queue/package.zsh'
[444.904s] Level 1:colcon.colcon_core.environment:create_file_with_runtime_dependencies(/home/agilex/agilex_ws/install/costmap_queue/share/colcon-core/packages/costmap_queue)
[444.940s] Level 1:colcon.colcon_core.environment:create_environment_scripts_only(costmap_queue)
[444.943s] Level 1:colcon.colcon_core.environment:checking '/home/agilex/agilex_ws/install/costmap_queue' for CMake module files
[444.944s] Level 1:colcon.colcon_core.environment:checking '/home/agilex/agilex_ws/install/costmap_queue' for CMake config files
[444.944s] Level 1:colcon.colcon_core.shell:create_environment_hook('costmap_queue', 'cmake_prefix_path')
[444.946s] INFO:colcon.colcon_core.shell:Creating environment hook '/home/agilex/agilex_ws/install/costmap_queue/share/costmap_queue/hook/cmake_prefix_path.ps1'
[444.947s] INFO:colcon.colcon_core.shell:Creating environment descriptor '/home/agilex/agilex_ws/install/costmap_queue/share/costmap_queue/hook/cmake_prefix_path.dsv'
[444.947s] INFO:colcon.colcon_core.shell:Creating environment hook '/home/agilex/agilex_ws/install/costmap_queue/share/costmap_queue/hook/cmake_prefix_path.sh'
[444.948s] Level 1:colcon.colcon_core.environment:checking '/home/agilex/agilex_ws/install/costmap_queue/lib'
[444.948s] Level 1:colcon.colcon_core.environment:checking '/home/agilex/agilex_ws/install/costmap_queue/bin'
[444.948s] Level 1:colcon.colcon_core.environment:checking '/home/agilex/agilex_ws/install/costmap_queue/lib/pkgconfig/costmap_queue.pc'
[444.949s] Level 1:colcon.colcon_core.environment:checking '/home/agilex/agilex_ws/install/costmap_queue/lib/python3.10/site-packages'
[444.949s] Level 1:colcon.colcon_core.environment:checking '/home/agilex/agilex_ws/install/costmap_queue/bin'
[444.951s] INFO:colcon.colcon_core.shell:Creating package script '/home/agilex/agilex_ws/install/costmap_queue/share/costmap_queue/package.ps1'
[444.952s] INFO:colcon.colcon_core.shell:Creating package descriptor '/home/agilex/agilex_ws/install/costmap_queue/share/costmap_queue/package.dsv'
[444.953s] INFO:colcon.colcon_core.shell:Creating package script '/home/agilex/agilex_ws/install/costmap_queue/share/costmap_queue/package.sh'
[444.954s] INFO:colcon.colcon_core.shell:Creating package script '/home/agilex/agilex_ws/install/costmap_queue/share/costmap_queue/package.bash'
[444.954s] INFO:colcon.colcon_core.shell:Creating package script '/home/agilex/agilex_ws/install/costmap_queue/share/costmap_queue/package.zsh'
[444.955s] Level 1:colcon.colcon_core.environment:create_file_with_runtime_dependencies(/home/agilex/agilex_ws/install/costmap_queue/share/colcon-core/packages/costmap_queue)
[444.956s] INFO:colcon.colcon_ros.task.ament_cmake.build:Building ROS package in '/home/agilex/agilex_ws/src/navigation2/nav2_navfn_planner' with build type 'ament_cmake'
[444.956s] INFO:colcon.colcon_cmake.task.cmake.build:Building CMake package in '/home/agilex/agilex_ws/src/navigation2/nav2_navfn_planner'
[444.958s] INFO:colcon.colcon_core.shell:Skip shell extension 'powershell' for command environment: Not usable outside of PowerShell
[444.959s] DEBUG:colcon.colcon_core.shell:Skip shell extension 'dsv' for command environment
[444.978s] DEBUG:colcon.colcon_core.event_handler.log_command:Invoking command in '/home/agilex/agilex_ws/build/nav2_navfn_planner': AMENT_PREFIX_PATH=/home/agilex/agilex_ws/install/nav2_core:/home/agilex/agilex_ws/install/nav2_costmap_2d:/home/agilex/agilex_ws/install/nav2_util:/home/agilex/agilex_ws/install/nav2_voxel_grid:/home/agilex/agilex_ws/install/nav2_msgs:/home/agilex/agilex_ws/install/nav2_common:${AMENT_PREFIX_PATH} CMAKE_PREFIX_PATH=/home/agilex/agilex_ws/install/nav2_core:/home/agilex/agilex_ws/install/nav2_costmap_2d:/home/agilex/agilex_ws/install/nav2_util:/home/agilex/agilex_ws/install/nav2_voxel_grid:/home/agilex/agilex_ws/install/nav2_msgs:/home/agilex/agilex_ws/install/nav2_common:/opt/ros/humble LD_LIBRARY_PATH=/home/agilex/agilex_ws/install/nav2_costmap_2d/lib:/home/agilex/agilex_ws/install/nav2_util/lib:/home/agilex/agilex_ws/install/nav2_voxel_grid/lib:/home/agilex/agilex_ws/install/nav2_msgs/lib:${LD_LIBRARY_PATH} PYTHONPATH=/home/agilex/agilex_ws/install/nav2_msgs/local/lib/python3.10/dist-packages:/home/agilex/agilex_ws/install/nav2_common/local/lib/python3.10/dist-packages:${PYTHONPATH} /usr/bin/cmake /home/agilex/agilex_ws/src/navigation2/nav2_navfn_planner -DCMAKE_INSTALL_PREFIX=/home/agilex/agilex_ws/install/nav2_navfn_planner
[445.081s] DEBUG:colcon.colcon_core.event_handler.log_command:Invoking command in '/home/agilex/agilex_ws/build/nav2_behavior_tree': AMENT_PREFIX_PATH=/home/agilex/agilex_ws/install/nav2_util:/home/agilex/agilex_ws/install/nav2_msgs:/home/agilex/agilex_ws/install/nav2_common:${AMENT_PREFIX_PATH} CMAKE_PREFIX_PATH=/home/agilex/agilex_ws/install/nav2_util:/home/agilex/agilex_ws/install/nav2_msgs:/home/agilex/agilex_ws/install/nav2_common:/opt/ros/humble LD_LIBRARY_PATH=/home/agilex/agilex_ws/install/nav2_util/lib:/home/agilex/agilex_ws/install/nav2_msgs/lib:${LD_LIBRARY_PATH} PYTHONPATH=/home/agilex/agilex_ws/install/nav2_msgs/local/lib/python3.10/dist-packages:/home/agilex/agilex_ws/install/nav2_common/local/lib/python3.10/dist-packages:${PYTHONPATH} /usr/bin/cmake --install /home/agilex/agilex_ws/build/nav2_behavior_tree
[445.185s] DEBUG:colcon.colcon_core.event_handler.log_command:Invoked command in '/home/agilex/agilex_ws/build/nav2_planner' returned '0': AMENT_PREFIX_PATH=/home/agilex/agilex_ws/install/nav2_core:/home/agilex/agilex_ws/install/nav2_costmap_2d:/home/agilex/agilex_ws/install/nav2_util:/home/agilex/agilex_ws/install/nav2_voxel_grid:/home/agilex/agilex_ws/install/nav2_msgs:/home/agilex/agilex_ws/install/nav2_common:${AMENT_PREFIX_PATH} CMAKE_PREFIX_PATH=/home/agilex/agilex_ws/install/nav2_core:/home/agilex/agilex_ws/install/nav2_costmap_2d:/home/agilex/agilex_ws/install/nav2_util:/home/agilex/agilex_ws/install/nav2_voxel_grid:/home/agilex/agilex_ws/install/nav2_msgs:/home/agilex/agilex_ws/install/nav2_common:/opt/ros/humble LD_LIBRARY_PATH=/home/agilex/agilex_ws/install/nav2_costmap_2d/lib:/home/agilex/agilex_ws/install/nav2_util/lib:/home/agilex/agilex_ws/install/nav2_voxel_grid/lib:/home/agilex/agilex_ws/install/nav2_msgs/lib:${LD_LIBRARY_PATH} PYTHONPATH=/home/agilex/agilex_ws/install/nav2_msgs/local/lib/python3.10/dist-packages:/home/agilex/agilex_ws/install/nav2_common/local/lib/python3.10/dist-packages:${PYTHONPATH} /usr/bin/cmake /home/agilex/agilex_ws/src/navigation2/nav2_planner -DCMAKE_INSTALL_PREFIX=/home/agilex/agilex_ws/install/nav2_planner
[445.186s] DEBUG:colcon.colcon_core.event_handler.log_command:Invoking command in '/home/agilex/agilex_ws/build/nav2_planner': AMENT_PREFIX_PATH=/home/agilex/agilex_ws/install/nav2_core:/home/agilex/agilex_ws/install/nav2_costmap_2d:/home/agilex/agilex_ws/install/nav2_util:/home/agilex/agilex_ws/install/nav2_voxel_grid:/home/agilex/agilex_ws/install/nav2_msgs:/home/agilex/agilex_ws/install/nav2_common:${AMENT_PREFIX_PATH} CMAKE_PREFIX_PATH=/home/agilex/agilex_ws/install/nav2_core:/home/agilex/agilex_ws/install/nav2_costmap_2d:/home/agilex/agilex_ws/install/nav2_util:/home/agilex/agilex_ws/install/nav2_voxel_grid:/home/agilex/agilex_ws/install/nav2_msgs:/home/agilex/agilex_ws/install/nav2_common:/opt/ros/humble LD_LIBRARY_PATH=/home/agilex/agilex_ws/install/nav2_costmap_2d/lib:/home/agilex/agilex_ws/install/nav2_util/lib:/home/agilex/agilex_ws/install/nav2_voxel_grid/lib:/home/agilex/agilex_ws/install/nav2_msgs/lib:${LD_LIBRARY_PATH} PYTHONPATH=/home/agilex/agilex_ws/install/nav2_msgs/local/lib/python3.10/dist-packages:/home/agilex/agilex_ws/install/nav2_common/local/lib/python3.10/dist-packages:${PYTHONPATH} /usr/bin/cmake --build /home/agilex/agilex_ws/build/nav2_planner -- -j8 -l8
[458.592s] DEBUG:colcon.colcon_core.event_handler.log_command:Invoked command in '/home/agilex/agilex_ws/build/nav2_controller' returned '0': AMENT_PREFIX_PATH=/home/agilex/agilex_ws/install/nav2_core:/home/agilex/agilex_ws/install/nav2_costmap_2d:/home/agilex/agilex_ws/install/nav_2d_utils:/home/agilex/agilex_ws/install/nav2_util:/home/agilex/agilex_ws/install/nav2_voxel_grid:/home/agilex/agilex_ws/install/nav2_msgs:/home/agilex/agilex_ws/install/nav_2d_msgs:/home/agilex/agilex_ws/install/nav2_common:${AMENT_PREFIX_PATH} CMAKE_PREFIX_PATH=/home/agilex/agilex_ws/install/nav2_core:/home/agilex/agilex_ws/install/nav2_costmap_2d:/home/agilex/agilex_ws/install/nav_2d_utils:/home/agilex/agilex_ws/install/nav2_util:/home/agilex/agilex_ws/install/nav2_voxel_grid:/home/agilex/agilex_ws/install/nav2_msgs:/home/agilex/agilex_ws/install/nav_2d_msgs:/home/agilex/agilex_ws/install/nav2_common:/opt/ros/humble LD_LIBRARY_PATH=/home/agilex/agilex_ws/install/nav2_costmap_2d/lib:/home/agilex/agilex_ws/install/nav_2d_utils/lib:/home/agilex/agilex_ws/install/nav2_util/lib:/home/agilex/agilex_ws/install/nav2_voxel_grid/lib:/home/agilex/agilex_ws/install/nav2_msgs/lib:/home/agilex/agilex_ws/install/nav_2d_msgs/lib:${LD_LIBRARY_PATH} PYTHONPATH=/home/agilex/agilex_ws/install/nav2_msgs/local/lib/python3.10/dist-packages:/home/agilex/agilex_ws/install/nav_2d_msgs/local/lib/python3.10/dist-packages:/home/agilex/agilex_ws/install/nav2_common/local/lib/python3.10/dist-packages:${PYTHONPATH} /usr/bin/cmake /home/agilex/agilex_ws/src/navigation2/nav2_controller -DCMAKE_INSTALL_PREFIX=/home/agilex/agilex_ws/install/nav2_controller
[458.592s] DEBUG:colcon.colcon_core.event_handler.log_command:Invoking command in '/home/agilex/agilex_ws/build/nav2_controller': AMENT_PREFIX_PATH=/home/agilex/agilex_ws/install/nav2_core:/home/agilex/agilex_ws/install/nav2_costmap_2d:/home/agilex/agilex_ws/install/nav_2d_utils:/home/agilex/agilex_ws/install/nav2_util:/home/agilex/agilex_ws/install/nav2_voxel_grid:/home/agilex/agilex_ws/install/nav2_msgs:/home/agilex/agilex_ws/install/nav_2d_msgs:/home/agilex/agilex_ws/install/nav2_common:${AMENT_PREFIX_PATH} CMAKE_PREFIX_PATH=/home/agilex/agilex_ws/install/nav2_core:/home/agilex/agilex_ws/install/nav2_costmap_2d:/home/agilex/agilex_ws/install/nav_2d_utils:/home/agilex/agilex_ws/install/nav2_util:/home/agilex/agilex_ws/install/nav2_voxel_grid:/home/agilex/agilex_ws/install/nav2_msgs:/home/agilex/agilex_ws/install/nav_2d_msgs:/home/agilex/agilex_ws/install/nav2_common:/opt/ros/humble LD_LIBRARY_PATH=/home/agilex/agilex_ws/install/nav2_costmap_2d/lib:/home/agilex/agilex_ws/install/nav_2d_utils/lib:/home/agilex/agilex_ws/install/nav2_util/lib:/home/agilex/agilex_ws/install/nav2_voxel_grid/lib:/home/agilex/agilex_ws/install/nav2_msgs/lib:/home/agilex/agilex_ws/install/nav_2d_msgs/lib:${LD_LIBRARY_PATH} PYTHONPATH=/home/agilex/agilex_ws/install/nav2_msgs/local/lib/python3.10/dist-packages:/home/agilex/agilex_ws/install/nav_2d_msgs/local/lib/python3.10/dist-packages:/home/agilex/agilex_ws/install/nav2_common/local/lib/python3.10/dist-packages:${PYTHONPATH} /usr/bin/cmake --build /home/agilex/agilex_ws/build/nav2_controller -- -j8 -l8
[458.622s] Level 1:colcon.colcon_core.environment:create_environment_scripts_only(nav2_behavior_tree)
[458.624s] Level 1:colcon.colcon_core.environment:checking '/home/agilex/agilex_ws/install/nav2_behavior_tree' for CMake module files
[458.625s] Level 1:colcon.colcon_core.environment:checking '/home/agilex/agilex_ws/install/nav2_behavior_tree' for CMake config files
[458.625s] Level 1:colcon.colcon_core.shell:create_environment_hook('nav2_behavior_tree', 'cmake_prefix_path')
[458.627s] INFO:colcon.colcon_core.shell:Creating environment hook '/home/agilex/agilex_ws/install/nav2_behavior_tree/share/nav2_behavior_tree/hook/cmake_prefix_path.ps1'
[458.627s] DEBUG:colcon.colcon_core.event_handler.log_command:Invoked command in '/home/agilex/agilex_ws/build/nav2_behavior_tree' returned '0': AMENT_PREFIX_PATH=/home/agilex/agilex_ws/install/nav2_util:/home/agilex/agilex_ws/install/nav2_msgs:/home/agilex/agilex_ws/install/nav2_common:${AMENT_PREFIX_PATH} CMAKE_PREFIX_PATH=/home/agilex/agilex_ws/install/nav2_util:/home/agilex/agilex_ws/install/nav2_msgs:/home/agilex/agilex_ws/install/nav2_common:/opt/ros/humble LD_LIBRARY_PATH=/home/agilex/agilex_ws/install/nav2_util/lib:/home/agilex/agilex_ws/install/nav2_msgs/lib:${LD_LIBRARY_PATH} PYTHONPATH=/home/agilex/agilex_ws/install/nav2_msgs/local/lib/python3.10/dist-packages:/home/agilex/agilex_ws/install/nav2_common/local/lib/python3.10/dist-packages:${PYTHONPATH} /usr/bin/cmake --install /home/agilex/agilex_ws/build/nav2_behavior_tree
[458.628s] INFO:colcon.colcon_core.shell:Creating environment descriptor '/home/agilex/agilex_ws/install/nav2_behavior_tree/share/nav2_behavior_tree/hook/cmake_prefix_path.dsv'
[458.628s] INFO:colcon.colcon_core.shell:Creating environment hook '/home/agilex/agilex_ws/install/nav2_behavior_tree/share/nav2_behavior_tree/hook/cmake_prefix_path.sh'
[458.628s] Level 1:colcon.colcon_core.environment:checking '/home/agilex/agilex_ws/install/nav2_behavior_tree/lib'
[458.628s] Level 1:colcon.colcon_core.shell:create_environment_hook('nav2_behavior_tree', 'ld_library_path_lib')
[458.630s] INFO:colcon.colcon_core.shell:Creating environment hook '/home/agilex/agilex_ws/install/nav2_behavior_tree/share/nav2_behavior_tree/hook/ld_library_path_lib.ps1'
[458.630s] INFO:colcon.colcon_core.shell:Creating environment descriptor '/home/agilex/agilex_ws/install/nav2_behavior_tree/share/nav2_behavior_tree/hook/ld_library_path_lib.dsv'
[458.631s] INFO:colcon.colcon_core.shell:Creating environment hook '/home/agilex/agilex_ws/install/nav2_behavior_tree/share/nav2_behavior_tree/hook/ld_library_path_lib.sh'
[458.631s] Level 1:colcon.colcon_core.environment:checking '/home/agilex/agilex_ws/install/nav2_behavior_tree/bin'
[458.631s] Level 1:colcon.colcon_core.environment:checking '/home/agilex/agilex_ws/install/nav2_behavior_tree/lib/pkgconfig/nav2_behavior_tree.pc'
[458.631s] Level 1:colcon.colcon_core.environment:checking '/home/agilex/agilex_ws/install/nav2_behavior_tree/lib/python3.10/site-packages'
[458.632s] Level 1:colcon.colcon_core.environment:checking '/home/agilex/agilex_ws/install/nav2_behavior_tree/bin'
[458.633s] INFO:colcon.colcon_core.shell:Creating package script '/home/agilex/agilex_ws/install/nav2_behavior_tree/share/nav2_behavior_tree/package.ps1'
[458.634s] INFO:colcon.colcon_core.shell:Creating package descriptor '/home/agilex/agilex_ws/install/nav2_behavior_tree/share/nav2_behavior_tree/package.dsv'
[458.634s] INFO:colcon.colcon_core.shell:Creating package script '/home/agilex/agilex_ws/install/nav2_behavior_tree/share/nav2_behavior_tree/package.sh'
[458.635s] INFO:colcon.colcon_core.shell:Creating package script '/home/agilex/agilex_ws/install/nav2_behavior_tree/share/nav2_behavior_tree/package.bash'
[458.636s] INFO:colcon.colcon_core.shell:Creating package script '/home/agilex/agilex_ws/install/nav2_behavior_tree/share/nav2_behavior_tree/package.zsh'
[458.636s] Level 1:colcon.colcon_core.environment:create_file_with_runtime_dependencies(/home/agilex/agilex_ws/install/nav2_behavior_tree/share/colcon-core/packages/nav2_behavior_tree)
[458.819s] Level 1:colcon.colcon_core.environment:create_environment_scripts_only(nav2_behavior_tree)
[458.821s] Level 1:colcon.colcon_core.environment:checking '/home/agilex/agilex_ws/install/nav2_behavior_tree' for CMake module files
[458.821s] Level 1:colcon.colcon_core.environment:checking '/home/agilex/agilex_ws/install/nav2_behavior_tree' for CMake config files
[458.822s] Level 1:colcon.colcon_core.shell:create_environment_hook('nav2_behavior_tree', 'cmake_prefix_path')
[458.823s] INFO:colcon.colcon_core.shell:Creating environment hook '/home/agilex/agilex_ws/install/nav2_behavior_tree/share/nav2_behavior_tree/hook/cmake_prefix_path.ps1'
[458.825s] INFO:colcon.colcon_core.shell:Creating environment descriptor '/home/agilex/agilex_ws/install/nav2_behavior_tree/share/nav2_behavior_tree/hook/cmake_prefix_path.dsv'
[458.826s] INFO:colcon.colcon_core.shell:Creating environment hook '/home/agilex/agilex_ws/install/nav2_behavior_tree/share/nav2_behavior_tree/hook/cmake_prefix_path.sh'
[458.826s] Level 1:colcon.colcon_core.environment:checking '/home/agilex/agilex_ws/install/nav2_behavior_tree/lib'
[458.826s] Level 1:colcon.colcon_core.shell:create_environment_hook('nav2_behavior_tree', 'ld_library_path_lib')
[458.828s] INFO:colcon.colcon_core.shell:Creating environment hook '/home/agilex/agilex_ws/install/nav2_behavior_tree/share/nav2_behavior_tree/hook/ld_library_path_lib.ps1'
[458.828s] INFO:colcon.colcon_core.shell:Creating environment descriptor '/home/agilex/agilex_ws/install/nav2_behavior_tree/share/nav2_behavior_tree/hook/ld_library_path_lib.dsv'
[458.828s] INFO:colcon.colcon_core.shell:Creating environment hook '/home/agilex/agilex_ws/install/nav2_behavior_tree/share/nav2_behavior_tree/hook/ld_library_path_lib.sh'
[458.829s] Level 1:colcon.colcon_core.environment:checking '/home/agilex/agilex_ws/install/nav2_behavior_tree/bin'
[458.829s] Level 1:colcon.colcon_core.environment:checking '/home/agilex/agilex_ws/install/nav2_behavior_tree/lib/pkgconfig/nav2_behavior_tree.pc'
[458.829s] Level 1:colcon.colcon_core.environment:checking '/home/agilex/agilex_ws/install/nav2_behavior_tree/lib/python3.10/site-packages'
[458.830s] Level 1:colcon.colcon_core.environment:checking '/home/agilex/agilex_ws/install/nav2_behavior_tree/bin'
[458.831s] INFO:colcon.colcon_core.shell:Creating package script '/home/agilex/agilex_ws/install/nav2_behavior_tree/share/nav2_behavior_tree/package.ps1'
[458.832s] INFO:colcon.colcon_core.shell:Creating package descriptor '/home/agilex/agilex_ws/install/nav2_behavior_tree/share/nav2_behavior_tree/package.dsv'
[458.832s] INFO:colcon.colcon_core.shell:Creating package script '/home/agilex/agilex_ws/install/nav2_behavior_tree/share/nav2_behavior_tree/package.sh'
[458.833s] INFO:colcon.colcon_core.shell:Creating package script '/home/agilex/agilex_ws/install/nav2_behavior_tree/share/nav2_behavior_tree/package.bash'
[458.833s] INFO:colcon.colcon_core.shell:Creating package script '/home/agilex/agilex_ws/install/nav2_behavior_tree/share/nav2_behavior_tree/package.zsh'
[458.834s] Level 1:colcon.colcon_core.environment:create_file_with_runtime_dependencies(/home/agilex/agilex_ws/install/nav2_behavior_tree/share/colcon-core/packages/nav2_behavior_tree)
[458.835s] INFO:colcon.colcon_ros.task.ament_cmake.build:Building ROS package in '/home/agilex/agilex_ws/src/navigation2/nav2_bt_navigator' with build type 'ament_cmake'
[458.835s] INFO:colcon.colcon_cmake.task.cmake.build:Building CMake package in '/home/agilex/agilex_ws/src/navigation2/nav2_bt_navigator'
[458.837s] INFO:colcon.colcon_core.shell:Skip shell extension 'powershell' for command environment: Not usable outside of PowerShell
[458.837s] DEBUG:colcon.colcon_core.shell:Skip shell extension 'dsv' for command environment
[458.855s] DEBUG:colcon.colcon_core.event_handler.log_command:Invoking command in '/home/agilex/agilex_ws/build/nav2_bt_navigator': AMENT_PREFIX_PATH=/home/agilex/agilex_ws/install/nav2_core:/home/agilex/agilex_ws/install/nav2_costmap_2d:/home/agilex/agilex_ws/install/nav2_behavior_tree:/home/agilex/agilex_ws/install/nav2_util:/home/agilex/agilex_ws/install/nav2_voxel_grid:/home/agilex/agilex_ws/install/nav2_msgs:/home/agilex/agilex_ws/install/nav2_common:${AMENT_PREFIX_PATH} CMAKE_PREFIX_PATH=/home/agilex/agilex_ws/install/nav2_core:/home/agilex/agilex_ws/install/nav2_costmap_2d:/home/agilex/agilex_ws/install/nav2_behavior_tree:/home/agilex/agilex_ws/install/nav2_util:/home/agilex/agilex_ws/install/nav2_voxel_grid:/home/agilex/agilex_ws/install/nav2_msgs:/home/agilex/agilex_ws/install/nav2_common:/opt/ros/humble LD_LIBRARY_PATH=/home/agilex/agilex_ws/install/nav2_costmap_2d/lib:/home/agilex/agilex_ws/install/nav2_behavior_tree/lib:/home/agilex/agilex_ws/install/nav2_util/lib:/home/agilex/agilex_ws/install/nav2_voxel_grid/lib:/home/agilex/agilex_ws/install/nav2_msgs/lib:${LD_LIBRARY_PATH} PYTHONPATH=/home/agilex/agilex_ws/install/nav2_msgs/local/lib/python3.10/dist-packages:/home/agilex/agilex_ws/install/nav2_common/local/lib/python3.10/dist-packages:${PYTHONPATH} /usr/bin/cmake /home/agilex/agilex_ws/src/navigation2/nav2_bt_navigator -DCMAKE_INSTALL_PREFIX=/home/agilex/agilex_ws/install/nav2_bt_navigator
[462.032s] DEBUG:colcon.colcon_core.event_handler.log_command:Invoked command in '/home/agilex/agilex_ws/build/nav2_navfn_planner' returned '0': AMENT_PREFIX_PATH=/home/agilex/agilex_ws/install/nav2_core:/home/agilex/agilex_ws/install/nav2_costmap_2d:/home/agilex/agilex_ws/install/nav2_util:/home/agilex/agilex_ws/install/nav2_voxel_grid:/home/agilex/agilex_ws/install/nav2_msgs:/home/agilex/agilex_ws/install/nav2_common:${AMENT_PREFIX_PATH} CMAKE_PREFIX_PATH=/home/agilex/agilex_ws/install/nav2_core:/home/agilex/agilex_ws/install/nav2_costmap_2d:/home/agilex/agilex_ws/install/nav2_util:/home/agilex/agilex_ws/install/nav2_voxel_grid:/home/agilex/agilex_ws/install/nav2_msgs:/home/agilex/agilex_ws/install/nav2_common:/opt/ros/humble LD_LIBRARY_PATH=/home/agilex/agilex_ws/install/nav2_costmap_2d/lib:/home/agilex/agilex_ws/install/nav2_util/lib:/home/agilex/agilex_ws/install/nav2_voxel_grid/lib:/home/agilex/agilex_ws/install/nav2_msgs/lib:${LD_LIBRARY_PATH} PYTHONPATH=/home/agilex/agilex_ws/install/nav2_msgs/local/lib/python3.10/dist-packages:/home/agilex/agilex_ws/install/nav2_common/local/lib/python3.10/dist-packages:${PYTHONPATH} /usr/bin/cmake /home/agilex/agilex_ws/src/navigation2/nav2_navfn_planner -DCMAKE_INSTALL_PREFIX=/home/agilex/agilex_ws/install/nav2_navfn_planner
[462.043s] DEBUG:colcon.colcon_core.event_handler.log_command:Invoking command in '/home/agilex/agilex_ws/build/nav2_navfn_planner': AMENT_PREFIX_PATH=/home/agilex/agilex_ws/install/nav2_core:/home/agilex/agilex_ws/install/nav2_costmap_2d:/home/agilex/agilex_ws/install/nav2_util:/home/agilex/agilex_ws/install/nav2_voxel_grid:/home/agilex/agilex_ws/install/nav2_msgs:/home/agilex/agilex_ws/install/nav2_common:${AMENT_PREFIX_PATH} CMAKE_PREFIX_PATH=/home/agilex/agilex_ws/install/nav2_core:/home/agilex/agilex_ws/install/nav2_costmap_2d:/home/agilex/agilex_ws/install/nav2_util:/home/agilex/agilex_ws/install/nav2_voxel_grid:/home/agilex/agilex_ws/install/nav2_msgs:/home/agilex/agilex_ws/install/nav2_common:/opt/ros/humble LD_LIBRARY_PATH=/home/agilex/agilex_ws/install/nav2_costmap_2d/lib:/home/agilex/agilex_ws/install/nav2_util/lib:/home/agilex/agilex_ws/install/nav2_voxel_grid/lib:/home/agilex/agilex_ws/install/nav2_msgs/lib:${LD_LIBRARY_PATH} PYTHONPATH=/home/agilex/agilex_ws/install/nav2_msgs/local/lib/python3.10/dist-packages:/home/agilex/agilex_ws/install/nav2_common/local/lib/python3.10/dist-packages:${PYTHONPATH} /usr/bin/cmake --build /home/agilex/agilex_ws/build/nav2_navfn_planner -- -j8 -l8
[481.654s] DEBUG:colcon.colcon_core.event_handler.log_command:Invoked command in '/home/agilex/agilex_ws/build/nav2_regulated_pure_pursuit_controller' returned '0': AMENT_PREFIX_PATH=/home/agilex/agilex_ws/install/nav2_core:/home/agilex/agilex_ws/install/nav2_costmap_2d:/home/agilex/agilex_ws/install/nav2_util:/home/agilex/agilex_ws/install/nav2_voxel_grid:/home/agilex/agilex_ws/install/nav2_msgs:/home/agilex/agilex_ws/install/nav2_common:${AMENT_PREFIX_PATH} CMAKE_PREFIX_PATH=/home/agilex/agilex_ws/install/nav2_core:/home/agilex/agilex_ws/install/nav2_costmap_2d:/home/agilex/agilex_ws/install/nav2_util:/home/agilex/agilex_ws/install/nav2_voxel_grid:/home/agilex/agilex_ws/install/nav2_msgs:/home/agilex/agilex_ws/install/nav2_common:/opt/ros/humble LD_LIBRARY_PATH=/home/agilex/agilex_ws/install/nav2_costmap_2d/lib:/home/agilex/agilex_ws/install/nav2_util/lib:/home/agilex/agilex_ws/install/nav2_voxel_grid/lib:/home/agilex/agilex_ws/install/nav2_msgs/lib:${LD_LIBRARY_PATH} PYTHONPATH=/home/agilex/agilex_ws/install/nav2_msgs/local/lib/python3.10/dist-packages:/home/agilex/agilex_ws/install/nav2_common/local/lib/python3.10/dist-packages:${PYTHONPATH} /usr/bin/cmake --build /home/agilex/agilex_ws/build/nav2_regulated_pure_pursuit_controller -- -j8 -l8
[481.665s] DEBUG:colcon.colcon_core.event_handler.log_command:Invoked command in '/home/agilex/agilex_ws/build/nav2_bt_navigator' returned '0': AMENT_PREFIX_PATH=/home/agilex/agilex_ws/install/nav2_core:/home/agilex/agilex_ws/install/nav2_costmap_2d:/home/agilex/agilex_ws/install/nav2_behavior_tree:/home/agilex/agilex_ws/install/nav2_util:/home/agilex/agilex_ws/install/nav2_voxel_grid:/home/agilex/agilex_ws/install/nav2_msgs:/home/agilex/agilex_ws/install/nav2_common:${AMENT_PREFIX_PATH} CMAKE_PREFIX_PATH=/home/agilex/agilex_ws/install/nav2_core:/home/agilex/agilex_ws/install/nav2_costmap_2d:/home/agilex/agilex_ws/install/nav2_behavior_tree:/home/agilex/agilex_ws/install/nav2_util:/home/agilex/agilex_ws/install/nav2_voxel_grid:/home/agilex/agilex_ws/install/nav2_msgs:/home/agilex/agilex_ws/install/nav2_common:/opt/ros/humble LD_LIBRARY_PATH=/home/agilex/agilex_ws/install/nav2_costmap_2d/lib:/home/agilex/agilex_ws/install/nav2_behavior_tree/lib:/home/agilex/agilex_ws/install/nav2_util/lib:/home/agilex/agilex_ws/install/nav2_voxel_grid/lib:/home/agilex/agilex_ws/install/nav2_msgs/lib:${LD_LIBRARY_PATH} PYTHONPATH=/home/agilex/agilex_ws/install/nav2_msgs/local/lib/python3.10/dist-packages:/home/agilex/agilex_ws/install/nav2_common/local/lib/python3.10/dist-packages:${PYTHONPATH} /usr/bin/cmake /home/agilex/agilex_ws/src/navigation2/nav2_bt_navigator -DCMAKE_INSTALL_PREFIX=/home/agilex/agilex_ws/install/nav2_bt_navigator
[481.665s] DEBUG:colcon.colcon_core.event_handler.log_command:Invoking command in '/home/agilex/agilex_ws/build/nav2_bt_navigator': AMENT_PREFIX_PATH=/home/agilex/agilex_ws/install/nav2_core:/home/agilex/agilex_ws/install/nav2_costmap_2d:/home/agilex/agilex_ws/install/nav2_behavior_tree:/home/agilex/agilex_ws/install/nav2_util:/home/agilex/agilex_ws/install/nav2_voxel_grid:/home/agilex/agilex_ws/install/nav2_msgs:/home/agilex/agilex_ws/install/nav2_common:${AMENT_PREFIX_PATH} CMAKE_PREFIX_PATH=/home/agilex/agilex_ws/install/nav2_core:/home/agilex/agilex_ws/install/nav2_costmap_2d:/home/agilex/agilex_ws/install/nav2_behavior_tree:/home/agilex/agilex_ws/install/nav2_util:/home/agilex/agilex_ws/install/nav2_voxel_grid:/home/agilex/agilex_ws/install/nav2_msgs:/home/agilex/agilex_ws/install/nav2_common:/opt/ros/humble LD_LIBRARY_PATH=/home/agilex/agilex_ws/install/nav2_costmap_2d/lib:/home/agilex/agilex_ws/install/nav2_behavior_tree/lib:/home/agilex/agilex_ws/install/nav2_util/lib:/home/agilex/agilex_ws/install/nav2_voxel_grid/lib:/home/agilex/agilex_ws/install/nav2_msgs/lib:${LD_LIBRARY_PATH} PYTHONPATH=/home/agilex/agilex_ws/install/nav2_msgs/local/lib/python3.10/dist-packages:/home/agilex/agilex_ws/install/nav2_common/local/lib/python3.10/dist-packages:${PYTHONPATH} /usr/bin/cmake --build /home/agilex/agilex_ws/build/nav2_bt_navigator -- -j8 -l8
[481.696s] DEBUG:colcon.colcon_core.event_handler.log_command:Invoking command in '/home/agilex/agilex_ws/build/nav2_regulated_pure_pursuit_controller': AMENT_PREFIX_PATH=/home/agilex/agilex_ws/install/nav2_core:/home/agilex/agilex_ws/install/nav2_costmap_2d:/home/agilex/agilex_ws/install/nav2_util:/home/agilex/agilex_ws/install/nav2_voxel_grid:/home/agilex/agilex_ws/install/nav2_msgs:/home/agilex/agilex_ws/install/nav2_common:${AMENT_PREFIX_PATH} CMAKE_PREFIX_PATH=/home/agilex/agilex_ws/install/nav2_core:/home/agilex/agilex_ws/install/nav2_costmap_2d:/home/agilex/agilex_ws/install/nav2_util:/home/agilex/agilex_ws/install/nav2_voxel_grid:/home/agilex/agilex_ws/install/nav2_msgs:/home/agilex/agilex_ws/install/nav2_common:/opt/ros/humble LD_LIBRARY_PATH=/home/agilex/agilex_ws/install/nav2_costmap_2d/lib:/home/agilex/agilex_ws/install/nav2_util/lib:/home/agilex/agilex_ws/install/nav2_voxel_grid/lib:/home/agilex/agilex_ws/install/nav2_msgs/lib:${LD_LIBRARY_PATH} PYTHONPATH=/home/agilex/agilex_ws/install/nav2_msgs/local/lib/python3.10/dist-packages:/home/agilex/agilex_ws/install/nav2_common/local/lib/python3.10/dist-packages:${PYTHONPATH} /usr/bin/cmake --install /home/agilex/agilex_ws/build/nav2_regulated_pure_pursuit_controller
[482.697s] DEBUG:colcon.colcon_core.event_handler.log_command:Invoked command in '/home/agilex/agilex_ws/build/dwb_core' returned '0': AMENT_PREFIX_PATH=/home/agilex/agilex_ws/install/nav2_core:/home/agilex/agilex_ws/install/nav2_costmap_2d:/home/agilex/agilex_ws/install/nav_2d_utils:/home/agilex/agilex_ws/install/nav2_util:/home/agilex/agilex_ws/install/nav2_voxel_grid:/home/agilex/agilex_ws/install/nav2_msgs:/home/agilex/agilex_ws/install/dwb_msgs:/home/agilex/agilex_ws/install/nav_2d_msgs:/home/agilex/agilex_ws/install/nav2_common:${AMENT_PREFIX_PATH} CMAKE_PREFIX_PATH=/home/agilex/agilex_ws/install/nav2_core:/home/agilex/agilex_ws/install/nav2_costmap_2d:/home/agilex/agilex_ws/install/nav_2d_utils:/home/agilex/agilex_ws/install/nav2_util:/home/agilex/agilex_ws/install/nav2_voxel_grid:/home/agilex/agilex_ws/install/nav2_msgs:/home/agilex/agilex_ws/install/dwb_msgs:/home/agilex/agilex_ws/install/nav_2d_msgs:/home/agilex/agilex_ws/install/nav2_common:/opt/ros/humble LD_LIBRARY_PATH=/home/agilex/agilex_ws/install/nav2_costmap_2d/lib:/home/agilex/agilex_ws/install/nav_2d_utils/lib:/home/agilex/agilex_ws/install/nav2_util/lib:/home/agilex/agilex_ws/install/nav2_voxel_grid/lib:/home/agilex/agilex_ws/install/nav2_msgs/lib:/home/agilex/agilex_ws/install/dwb_msgs/lib:/home/agilex/agilex_ws/install/nav_2d_msgs/lib:${LD_LIBRARY_PATH} PYTHONPATH=/home/agilex/agilex_ws/install/nav2_msgs/local/lib/python3.10/dist-packages:/home/agilex/agilex_ws/install/dwb_msgs/local/lib/python3.10/dist-packages:/home/agilex/agilex_ws/install/nav_2d_msgs/local/lib/python3.10/dist-packages:/home/agilex/agilex_ws/install/nav2_common/local/lib/python3.10/dist-packages:${PYTHONPATH} /usr/bin/cmake --build /home/agilex/agilex_ws/build/dwb_core -- -j8 -l8
[482.734s] DEBUG:colcon.colcon_core.event_handler.log_command:Invoking command in '/home/agilex/agilex_ws/build/dwb_core': AMENT_PREFIX_PATH=/home/agilex/agilex_ws/install/nav2_core:/home/agilex/agilex_ws/install/nav2_costmap_2d:/home/agilex/agilex_ws/install/nav_2d_utils:/home/agilex/agilex_ws/install/nav2_util:/home/agilex/agilex_ws/install/nav2_voxel_grid:/home/agilex/agilex_ws/install/nav2_msgs:/home/agilex/agilex_ws/install/dwb_msgs:/home/agilex/agilex_ws/install/nav_2d_msgs:/home/agilex/agilex_ws/install/nav2_common:${AMENT_PREFIX_PATH} CMAKE_PREFIX_PATH=/home/agilex/agilex_ws/install/nav2_core:/home/agilex/agilex_ws/install/nav2_costmap_2d:/home/agilex/agilex_ws/install/nav_2d_utils:/home/agilex/agilex_ws/install/nav2_util:/home/agilex/agilex_ws/install/nav2_voxel_grid:/home/agilex/agilex_ws/install/nav2_msgs:/home/agilex/agilex_ws/install/dwb_msgs:/home/agilex/agilex_ws/install/nav_2d_msgs:/home/agilex/agilex_ws/install/nav2_common:/opt/ros/humble LD_LIBRARY_PATH=/home/agilex/agilex_ws/install/nav2_costmap_2d/lib:/home/agilex/agilex_ws/install/nav_2d_utils/lib:/home/agilex/agilex_ws/install/nav2_util/lib:/home/agilex/agilex_ws/install/nav2_voxel_grid/lib:/home/agilex/agilex_ws/install/nav2_msgs/lib:/home/agilex/agilex_ws/install/dwb_msgs/lib:/home/agilex/agilex_ws/install/nav_2d_msgs/lib:${LD_LIBRARY_PATH} PYTHONPATH=/home/agilex/agilex_ws/install/nav2_msgs/local/lib/python3.10/dist-packages:/home/agilex/agilex_ws/install/dwb_msgs/local/lib/python3.10/dist-packages:/home/agilex/agilex_ws/install/nav_2d_msgs/local/lib/python3.10/dist-packages:/home/agilex/agilex_ws/install/nav2_common/local/lib/python3.10/dist-packages:${PYTHONPATH} /usr/bin/cmake --install /home/agilex/agilex_ws/build/dwb_core
[491.030s] DEBUG:colcon.colcon_core.event_handler.log_command:Invoked command in '/home/agilex/agilex_ws/build/nav2_navfn_planner' returned '0': AMENT_PREFIX_PATH=/home/agilex/agilex_ws/install/nav2_core:/home/agilex/agilex_ws/install/nav2_costmap_2d:/home/agilex/agilex_ws/install/nav2_util:/home/agilex/agilex_ws/install/nav2_voxel_grid:/home/agilex/agilex_ws/install/nav2_msgs:/home/agilex/agilex_ws/install/nav2_common:${AMENT_PREFIX_PATH} CMAKE_PREFIX_PATH=/home/agilex/agilex_ws/install/nav2_core:/home/agilex/agilex_ws/install/nav2_costmap_2d:/home/agilex/agilex_ws/install/nav2_util:/home/agilex/agilex_ws/install/nav2_voxel_grid:/home/agilex/agilex_ws/install/nav2_msgs:/home/agilex/agilex_ws/install/nav2_common:/opt/ros/humble LD_LIBRARY_PATH=/home/agilex/agilex_ws/install/nav2_costmap_2d/lib:/home/agilex/agilex_ws/install/nav2_util/lib:/home/agilex/agilex_ws/install/nav2_voxel_grid/lib:/home/agilex/agilex_ws/install/nav2_msgs/lib:${LD_LIBRARY_PATH} PYTHONPATH=/home/agilex/agilex_ws/install/nav2_msgs/local/lib/python3.10/dist-packages:/home/agilex/agilex_ws/install/nav2_common/local/lib/python3.10/dist-packages:${PYTHONPATH} /usr/bin/cmake --build /home/agilex/agilex_ws/build/nav2_navfn_planner -- -j8 -l8
[491.033s] Level 1:colcon.colcon_core.environment:create_environment_scripts_only(nav2_regulated_pure_pursuit_controller)
[491.035s] Level 1:colcon.colcon_core.environment:checking '/home/agilex/agilex_ws/install/nav2_regulated_pure_pursuit_controller' for CMake module files
[491.036s] DEBUG:colcon.colcon_core.event_handler.log_command:Invoked command in '/home/agilex/agilex_ws/build/nav2_regulated_pure_pursuit_controller' returned '0': AMENT_PREFIX_PATH=/home/agilex/agilex_ws/install/nav2_core:/home/agilex/agilex_ws/install/nav2_costmap_2d:/home/agilex/agilex_ws/install/nav2_util:/home/agilex/agilex_ws/install/nav2_voxel_grid:/home/agilex/agilex_ws/install/nav2_msgs:/home/agilex/agilex_ws/install/nav2_common:${AMENT_PREFIX_PATH} CMAKE_PREFIX_PATH=/home/agilex/agilex_ws/install/nav2_core:/home/agilex/agilex_ws/install/nav2_costmap_2d:/home/agilex/agilex_ws/install/nav2_util:/home/agilex/agilex_ws/install/nav2_voxel_grid:/home/agilex/agilex_ws/install/nav2_msgs:/home/agilex/agilex_ws/install/nav2_common:/opt/ros/humble LD_LIBRARY_PATH=/home/agilex/agilex_ws/install/nav2_costmap_2d/lib:/home/agilex/agilex_ws/install/nav2_util/lib:/home/agilex/agilex_ws/install/nav2_voxel_grid/lib:/home/agilex/agilex_ws/install/nav2_msgs/lib:${LD_LIBRARY_PATH} PYTHONPATH=/home/agilex/agilex_ws/install/nav2_msgs/local/lib/python3.10/dist-packages:/home/agilex/agilex_ws/install/nav2_common/local/lib/python3.10/dist-packages:${PYTHONPATH} /usr/bin/cmake --install /home/agilex/agilex_ws/build/nav2_regulated_pure_pursuit_controller
[491.037s] Level 1:colcon.colcon_core.environment:checking '/home/agilex/agilex_ws/install/nav2_regulated_pure_pursuit_controller' for CMake config files
[491.037s] Level 1:colcon.colcon_core.shell:create_environment_hook('nav2_regulated_pure_pursuit_controller', 'cmake_prefix_path')
[491.039s] INFO:colcon.colcon_core.shell:Creating environment hook '/home/agilex/agilex_ws/install/nav2_regulated_pure_pursuit_controller/share/nav2_regulated_pure_pursuit_controller/hook/cmake_prefix_path.ps1'
[491.039s] INFO:colcon.colcon_core.shell:Creating environment descriptor '/home/agilex/agilex_ws/install/nav2_regulated_pure_pursuit_controller/share/nav2_regulated_pure_pursuit_controller/hook/cmake_prefix_path.dsv'
[491.039s] INFO:colcon.colcon_core.shell:Creating environment hook '/home/agilex/agilex_ws/install/nav2_regulated_pure_pursuit_controller/share/nav2_regulated_pure_pursuit_controller/hook/cmake_prefix_path.sh'
[491.040s] Level 1:colcon.colcon_core.environment:checking '/home/agilex/agilex_ws/install/nav2_regulated_pure_pursuit_controller/lib'
[491.040s] Level 1:colcon.colcon_core.shell:create_environment_hook('nav2_regulated_pure_pursuit_controller', 'ld_library_path_lib')
[491.041s] INFO:colcon.colcon_core.shell:Creating environment hook '/home/agilex/agilex_ws/install/nav2_regulated_pure_pursuit_controller/share/nav2_regulated_pure_pursuit_controller/hook/ld_library_path_lib.ps1'
[491.042s] INFO:colcon.colcon_core.shell:Creating environment descriptor '/home/agilex/agilex_ws/install/nav2_regulated_pure_pursuit_controller/share/nav2_regulated_pure_pursuit_controller/hook/ld_library_path_lib.dsv'
[491.042s] INFO:colcon.colcon_core.shell:Creating environment hook '/home/agilex/agilex_ws/install/nav2_regulated_pure_pursuit_controller/share/nav2_regulated_pure_pursuit_controller/hook/ld_library_path_lib.sh'
[491.043s] Level 1:colcon.colcon_core.environment:checking '/home/agilex/agilex_ws/install/nav2_regulated_pure_pursuit_controller/bin'
[491.043s] Level 1:colcon.colcon_core.environment:checking '/home/agilex/agilex_ws/install/nav2_regulated_pure_pursuit_controller/lib/pkgconfig/nav2_regulated_pure_pursuit_controller.pc'
[491.043s] Level 1:colcon.colcon_core.environment:checking '/home/agilex/agilex_ws/install/nav2_regulated_pure_pursuit_controller/lib/python3.10/site-packages'
[491.043s] Level 1:colcon.colcon_core.environment:checking '/home/agilex/agilex_ws/install/nav2_regulated_pure_pursuit_controller/bin'
[491.045s] INFO:colcon.colcon_core.shell:Creating package script '/home/agilex/agilex_ws/install/nav2_regulated_pure_pursuit_controller/share/nav2_regulated_pure_pursuit_controller/package.ps1'
[491.046s] INFO:colcon.colcon_core.shell:Creating package descriptor '/home/agilex/agilex_ws/install/nav2_regulated_pure_pursuit_controller/share/nav2_regulated_pure_pursuit_controller/package.dsv'
[491.046s] INFO:colcon.colcon_core.shell:Creating package script '/home/agilex/agilex_ws/install/nav2_regulated_pure_pursuit_controller/share/nav2_regulated_pure_pursuit_controller/package.sh'
[491.047s] INFO:colcon.colcon_core.shell:Creating package script '/home/agilex/agilex_ws/install/nav2_regulated_pure_pursuit_controller/share/nav2_regulated_pure_pursuit_controller/package.bash'
[491.047s] INFO:colcon.colcon_core.shell:Creating package script '/home/agilex/agilex_ws/install/nav2_regulated_pure_pursuit_controller/share/nav2_regulated_pure_pursuit_controller/package.zsh'
[491.047s] Level 1:colcon.colcon_core.environment:create_file_with_runtime_dependencies(/home/agilex/agilex_ws/install/nav2_regulated_pure_pursuit_controller/share/colcon-core/packages/nav2_regulated_pure_pursuit_controller)
[491.049s] Level 1:colcon.colcon_core.environment:create_environment_scripts_only(dwb_core)
[491.053s] Level 1:colcon.colcon_core.environment:checking '/home/agilex/agilex_ws/install/dwb_core' for CMake module files
[491.054s] DEBUG:colcon.colcon_core.event_handler.log_command:Invoked command in '/home/agilex/agilex_ws/build/dwb_core' returned '0': AMENT_PREFIX_PATH=/home/agilex/agilex_ws/install/nav2_core:/home/agilex/agilex_ws/install/nav2_costmap_2d:/home/agilex/agilex_ws/install/nav_2d_utils:/home/agilex/agilex_ws/install/nav2_util:/home/agilex/agilex_ws/install/nav2_voxel_grid:/home/agilex/agilex_ws/install/nav2_msgs:/home/agilex/agilex_ws/install/dwb_msgs:/home/agilex/agilex_ws/install/nav_2d_msgs:/home/agilex/agilex_ws/install/nav2_common:${AMENT_PREFIX_PATH} CMAKE_PREFIX_PATH=/home/agilex/agilex_ws/install/nav2_core:/home/agilex/agilex_ws/install/nav2_costmap_2d:/home/agilex/agilex_ws/install/nav_2d_utils:/home/agilex/agilex_ws/install/nav2_util:/home/agilex/agilex_ws/install/nav2_voxel_grid:/home/agilex/agilex_ws/install/nav2_msgs:/home/agilex/agilex_ws/install/dwb_msgs:/home/agilex/agilex_ws/install/nav_2d_msgs:/home/agilex/agilex_ws/install/nav2_common:/opt/ros/humble LD_LIBRARY_PATH=/home/agilex/agilex_ws/install/nav2_costmap_2d/lib:/home/agilex/agilex_ws/install/nav_2d_utils/lib:/home/agilex/agilex_ws/install/nav2_util/lib:/home/agilex/agilex_ws/install/nav2_voxel_grid/lib:/home/agilex/agilex_ws/install/nav2_msgs/lib:/home/agilex/agilex_ws/install/dwb_msgs/lib:/home/agilex/agilex_ws/install/nav_2d_msgs/lib:${LD_LIBRARY_PATH} PYTHONPATH=/home/agilex/agilex_ws/install/nav2_msgs/local/lib/python3.10/dist-packages:/home/agilex/agilex_ws/install/dwb_msgs/local/lib/python3.10/dist-packages:/home/agilex/agilex_ws/install/nav_2d_msgs/local/lib/python3.10/dist-packages:/home/agilex/agilex_ws/install/nav2_common/local/lib/python3.10/dist-packages:${PYTHONPATH} /usr/bin/cmake --install /home/agilex/agilex_ws/build/dwb_core
[491.054s] Level 1:colcon.colcon_core.environment:checking '/home/agilex/agilex_ws/install/dwb_core' for CMake config files
[491.055s] Level 1:colcon.colcon_core.shell:create_environment_hook('dwb_core', 'cmake_prefix_path')
[491.056s] INFO:colcon.colcon_core.shell:Creating environment hook '/home/agilex/agilex_ws/install/dwb_core/share/dwb_core/hook/cmake_prefix_path.ps1'
[491.057s] INFO:colcon.colcon_core.shell:Creating environment descriptor '/home/agilex/agilex_ws/install/dwb_core/share/dwb_core/hook/cmake_prefix_path.dsv'
[491.057s] INFO:colcon.colcon_core.shell:Creating environment hook '/home/agilex/agilex_ws/install/dwb_core/share/dwb_core/hook/cmake_prefix_path.sh'
[491.058s] Level 1:colcon.colcon_core.environment:checking '/home/agilex/agilex_ws/install/dwb_core/lib'
[491.058s] Level 1:colcon.colcon_core.shell:create_environment_hook('dwb_core', 'ld_library_path_lib')
[491.059s] INFO:colcon.colcon_core.shell:Creating environment hook '/home/agilex/agilex_ws/install/dwb_core/share/dwb_core/hook/ld_library_path_lib.ps1'
[491.060s] INFO:colcon.colcon_core.shell:Creating environment descriptor '/home/agilex/agilex_ws/install/dwb_core/share/dwb_core/hook/ld_library_path_lib.dsv'
[491.060s] INFO:colcon.colcon_core.shell:Creating environment hook '/home/agilex/agilex_ws/install/dwb_core/share/dwb_core/hook/ld_library_path_lib.sh'
[491.060s] Level 1:colcon.colcon_core.environment:checking '/home/agilex/agilex_ws/install/dwb_core/bin'
[491.060s] Level 1:colcon.colcon_core.environment:checking '/home/agilex/agilex_ws/install/dwb_core/lib/pkgconfig/dwb_core.pc'
[491.061s] Level 1:colcon.colcon_core.environment:checking '/home/agilex/agilex_ws/install/dwb_core/lib/python3.10/site-packages'
[491.061s] Level 1:colcon.colcon_core.environment:checking '/home/agilex/agilex_ws/install/dwb_core/bin'
[491.062s] INFO:colcon.colcon_core.shell:Creating package script '/home/agilex/agilex_ws/install/dwb_core/share/dwb_core/package.ps1'
[491.063s] INFO:colcon.colcon_core.shell:Creating package descriptor '/home/agilex/agilex_ws/install/dwb_core/share/dwb_core/package.dsv'
[491.063s] INFO:colcon.colcon_core.shell:Creating package script '/home/agilex/agilex_ws/install/dwb_core/share/dwb_core/package.sh'
[491.064s] INFO:colcon.colcon_core.shell:Creating package script '/home/agilex/agilex_ws/install/dwb_core/share/dwb_core/package.bash'
[491.064s] INFO:colcon.colcon_core.shell:Creating package script '/home/agilex/agilex_ws/install/dwb_core/share/dwb_core/package.zsh'
[491.064s] Level 1:colcon.colcon_core.environment:create_file_with_runtime_dependencies(/home/agilex/agilex_ws/install/dwb_core/share/colcon-core/packages/dwb_core)
[491.068s] DEBUG:colcon.colcon_core.event_handler.log_command:Invoking command in '/home/agilex/agilex_ws/build/nav2_navfn_planner': AMENT_PREFIX_PATH=/home/agilex/agilex_ws/install/nav2_core:/home/agilex/agilex_ws/install/nav2_costmap_2d:/home/agilex/agilex_ws/install/nav2_util:/home/agilex/agilex_ws/install/nav2_voxel_grid:/home/agilex/agilex_ws/install/nav2_msgs:/home/agilex/agilex_ws/install/nav2_common:${AMENT_PREFIX_PATH} CMAKE_PREFIX_PATH=/home/agilex/agilex_ws/install/nav2_core:/home/agilex/agilex_ws/install/nav2_costmap_2d:/home/agilex/agilex_ws/install/nav2_util:/home/agilex/agilex_ws/install/nav2_voxel_grid:/home/agilex/agilex_ws/install/nav2_msgs:/home/agilex/agilex_ws/install/nav2_common:/opt/ros/humble LD_LIBRARY_PATH=/home/agilex/agilex_ws/install/nav2_costmap_2d/lib:/home/agilex/agilex_ws/install/nav2_util/lib:/home/agilex/agilex_ws/install/nav2_voxel_grid/lib:/home/agilex/agilex_ws/install/nav2_msgs/lib:${LD_LIBRARY_PATH} PYTHONPATH=/home/agilex/agilex_ws/install/nav2_msgs/local/lib/python3.10/dist-packages:/home/agilex/agilex_ws/install/nav2_common/local/lib/python3.10/dist-packages:${PYTHONPATH} /usr/bin/cmake --install /home/agilex/agilex_ws/build/nav2_navfn_planner
[491.070s] Level 1:colcon.colcon_core.environment:create_environment_scripts_only(nav2_regulated_pure_pursuit_controller)
[491.073s] Level 1:colcon.colcon_core.environment:checking '/home/agilex/agilex_ws/install/nav2_regulated_pure_pursuit_controller' for CMake module files
[491.073s] Level 1:colcon.colcon_core.environment:checking '/home/agilex/agilex_ws/install/nav2_regulated_pure_pursuit_controller' for CMake config files
[491.074s] Level 1:colcon.colcon_core.shell:create_environment_hook('nav2_regulated_pure_pursuit_controller', 'cmake_prefix_path')
[491.075s] INFO:colcon.colcon_core.shell:Creating environment hook '/home/agilex/agilex_ws/install/nav2_regulated_pure_pursuit_controller/share/nav2_regulated_pure_pursuit_controller/hook/cmake_prefix_path.ps1'
[491.076s] INFO:colcon.colcon_core.shell:Creating environment descriptor '/home/agilex/agilex_ws/install/nav2_regulated_pure_pursuit_controller/share/nav2_regulated_pure_pursuit_controller/hook/cmake_prefix_path.dsv'
[491.076s] INFO:colcon.colcon_core.shell:Creating environment hook '/home/agilex/agilex_ws/install/nav2_regulated_pure_pursuit_controller/share/nav2_regulated_pure_pursuit_controller/hook/cmake_prefix_path.sh'
[491.080s] Level 1:colcon.colcon_core.environment:checking '/home/agilex/agilex_ws/install/nav2_regulated_pure_pursuit_controller/lib'
[491.080s] Level 1:colcon.colcon_core.shell:create_environment_hook('nav2_regulated_pure_pursuit_controller', 'ld_library_path_lib')
[491.082s] INFO:colcon.colcon_core.shell:Creating environment hook '/home/agilex/agilex_ws/install/nav2_regulated_pure_pursuit_controller/share/nav2_regulated_pure_pursuit_controller/hook/ld_library_path_lib.ps1'
[491.082s] INFO:colcon.colcon_core.shell:Creating environment descriptor '/home/agilex/agilex_ws/install/nav2_regulated_pure_pursuit_controller/share/nav2_regulated_pure_pursuit_controller/hook/ld_library_path_lib.dsv'
[491.083s] INFO:colcon.colcon_core.shell:Creating environment hook '/home/agilex/agilex_ws/install/nav2_regulated_pure_pursuit_controller/share/nav2_regulated_pure_pursuit_controller/hook/ld_library_path_lib.sh'
[491.084s] Level 1:colcon.colcon_core.environment:checking '/home/agilex/agilex_ws/install/nav2_regulated_pure_pursuit_controller/bin'
[491.084s] Level 1:colcon.colcon_core.environment:checking '/home/agilex/agilex_ws/install/nav2_regulated_pure_pursuit_controller/lib/pkgconfig/nav2_regulated_pure_pursuit_controller.pc'
[491.084s] Level 1:colcon.colcon_core.environment:checking '/home/agilex/agilex_ws/install/nav2_regulated_pure_pursuit_controller/lib/python3.10/site-packages'
[491.084s] Level 1:colcon.colcon_core.environment:checking '/home/agilex/agilex_ws/install/nav2_regulated_pure_pursuit_controller/bin'
[491.086s] INFO:colcon.colcon_core.shell:Creating package script '/home/agilex/agilex_ws/install/nav2_regulated_pure_pursuit_controller/share/nav2_regulated_pure_pursuit_controller/package.ps1'
[491.087s] INFO:colcon.colcon_core.shell:Creating package descriptor '/home/agilex/agilex_ws/install/nav2_regulated_pure_pursuit_controller/share/nav2_regulated_pure_pursuit_controller/package.dsv'
[491.088s] INFO:colcon.colcon_core.shell:Creating package script '/home/agilex/agilex_ws/install/nav2_regulated_pure_pursuit_controller/share/nav2_regulated_pure_pursuit_controller/package.sh'
[491.088s] INFO:colcon.colcon_core.shell:Creating package script '/home/agilex/agilex_ws/install/nav2_regulated_pure_pursuit_controller/share/nav2_regulated_pure_pursuit_controller/package.bash'
[491.089s] INFO:colcon.colcon_core.shell:Creating package script '/home/agilex/agilex_ws/install/nav2_regulated_pure_pursuit_controller/share/nav2_regulated_pure_pursuit_controller/package.zsh'
[491.089s] Level 1:colcon.colcon_core.environment:create_file_with_runtime_dependencies(/home/agilex/agilex_ws/install/nav2_regulated_pure_pursuit_controller/share/colcon-core/packages/nav2_regulated_pure_pursuit_controller)
[491.090s] INFO:colcon.colcon_ros.task.ament_cmake.build:Building ROS package in '/home/agilex/agilex_ws/src/navigation2/nav2_behaviors' with build type 'ament_cmake'
[491.091s] INFO:colcon.colcon_cmake.task.cmake.build:Building CMake package in '/home/agilex/agilex_ws/src/navigation2/nav2_behaviors'
[491.093s] INFO:colcon.colcon_core.shell:Skip shell extension 'powershell' for command environment: Not usable outside of PowerShell
[491.093s] DEBUG:colcon.colcon_core.shell:Skip shell extension 'dsv' for command environment
[491.098s] Level 1:colcon.colcon_core.environment:create_environment_scripts_only(nav2_navfn_planner)
[491.098s] DEBUG:colcon.colcon_core.event_handler.log_command:Invoked command in '/home/agilex/agilex_ws/build/nav2_navfn_planner' returned '0': AMENT_PREFIX_PATH=/home/agilex/agilex_ws/install/nav2_core:/home/agilex/agilex_ws/install/nav2_costmap_2d:/home/agilex/agilex_ws/install/nav2_util:/home/agilex/agilex_ws/install/nav2_voxel_grid:/home/agilex/agilex_ws/install/nav2_msgs:/home/agilex/agilex_ws/install/nav2_common:${AMENT_PREFIX_PATH} CMAKE_PREFIX_PATH=/home/agilex/agilex_ws/install/nav2_core:/home/agilex/agilex_ws/install/nav2_costmap_2d:/home/agilex/agilex_ws/install/nav2_util:/home/agilex/agilex_ws/install/nav2_voxel_grid:/home/agilex/agilex_ws/install/nav2_msgs:/home/agilex/agilex_ws/install/nav2_common:/opt/ros/humble LD_LIBRARY_PATH=/home/agilex/agilex_ws/install/nav2_costmap_2d/lib:/home/agilex/agilex_ws/install/nav2_util/lib:/home/agilex/agilex_ws/install/nav2_voxel_grid/lib:/home/agilex/agilex_ws/install/nav2_msgs/lib:${LD_LIBRARY_PATH} PYTHONPATH=/home/agilex/agilex_ws/install/nav2_msgs/local/lib/python3.10/dist-packages:/home/agilex/agilex_ws/install/nav2_common/local/lib/python3.10/dist-packages:${PYTHONPATH} /usr/bin/cmake --install /home/agilex/agilex_ws/build/nav2_navfn_planner
[491.102s] Level 1:colcon.colcon_core.environment:checking '/home/agilex/agilex_ws/install/nav2_navfn_planner' for CMake module files
[491.103s] Level 1:colcon.colcon_core.environment:checking '/home/agilex/agilex_ws/install/nav2_navfn_planner' for CMake config files
[491.103s] Level 1:colcon.colcon_core.shell:create_environment_hook('nav2_navfn_planner', 'cmake_prefix_path')
[491.105s] INFO:colcon.colcon_core.shell:Creating environment hook '/home/agilex/agilex_ws/install/nav2_navfn_planner/share/nav2_navfn_planner/hook/cmake_prefix_path.ps1'
[491.105s] INFO:colcon.colcon_core.shell:Creating environment descriptor '/home/agilex/agilex_ws/install/nav2_navfn_planner/share/nav2_navfn_planner/hook/cmake_prefix_path.dsv'
[491.106s] INFO:colcon.colcon_core.shell:Creating environment hook '/home/agilex/agilex_ws/install/nav2_navfn_planner/share/nav2_navfn_planner/hook/cmake_prefix_path.sh'
[491.107s] Level 1:colcon.colcon_core.environment:checking '/home/agilex/agilex_ws/install/nav2_navfn_planner/lib'
[491.107s] Level 1:colcon.colcon_core.shell:create_environment_hook('nav2_navfn_planner', 'ld_library_path_lib')
[491.108s] INFO:colcon.colcon_core.shell:Creating environment hook '/home/agilex/agilex_ws/install/nav2_navfn_planner/share/nav2_navfn_planner/hook/ld_library_path_lib.ps1'
[491.109s] INFO:colcon.colcon_core.shell:Creating environment descriptor '/home/agilex/agilex_ws/install/nav2_navfn_planner/share/nav2_navfn_planner/hook/ld_library_path_lib.dsv'
[491.109s] INFO:colcon.colcon_core.shell:Creating environment hook '/home/agilex/agilex_ws/install/nav2_navfn_planner/share/nav2_navfn_planner/hook/ld_library_path_lib.sh'
[491.109s] Level 1:colcon.colcon_core.environment:checking '/home/agilex/agilex_ws/install/nav2_navfn_planner/bin'
[491.110s] Level 1:colcon.colcon_core.environment:checking '/home/agilex/agilex_ws/install/nav2_navfn_planner/lib/pkgconfig/nav2_navfn_planner.pc'
[491.110s] Level 1:colcon.colcon_core.environment:checking '/home/agilex/agilex_ws/install/nav2_navfn_planner/lib/python3.10/site-packages'
[491.110s] Level 1:colcon.colcon_core.environment:checking '/home/agilex/agilex_ws/install/nav2_navfn_planner/bin'
[491.112s] INFO:colcon.colcon_core.shell:Creating package script '/home/agilex/agilex_ws/install/nav2_navfn_planner/share/nav2_navfn_planner/package.ps1'
[491.112s] INFO:colcon.colcon_core.shell:Creating package descriptor '/home/agilex/agilex_ws/install/nav2_navfn_planner/share/nav2_navfn_planner/package.dsv'
[491.113s] INFO:colcon.colcon_core.shell:Creating package script '/home/agilex/agilex_ws/install/nav2_navfn_planner/share/nav2_navfn_planner/package.sh'
[491.113s] INFO:colcon.colcon_core.shell:Creating package script '/home/agilex/agilex_ws/install/nav2_navfn_planner/share/nav2_navfn_planner/package.bash'
[491.113s] INFO:colcon.colcon_core.shell:Creating package script '/home/agilex/agilex_ws/install/nav2_navfn_planner/share/nav2_navfn_planner/package.zsh'
[491.113s] Level 1:colcon.colcon_core.environment:create_file_with_runtime_dependencies(/home/agilex/agilex_ws/install/nav2_navfn_planner/share/colcon-core/packages/nav2_navfn_planner)
[491.117s] Level 1:colcon.colcon_core.environment:create_environment_scripts_only(dwb_core)
[491.120s] Level 1:colcon.colcon_core.environment:checking '/home/agilex/agilex_ws/install/dwb_core' for CMake module files
[491.120s] Level 1:colcon.colcon_core.environment:checking '/home/agilex/agilex_ws/install/dwb_core' for CMake config files
[491.120s] Level 1:colcon.colcon_core.shell:create_environment_hook('dwb_core', 'cmake_prefix_path')
[491.122s] INFO:colcon.colcon_core.shell:Creating environment hook '/home/agilex/agilex_ws/install/dwb_core/share/dwb_core/hook/cmake_prefix_path.ps1'
[491.122s] INFO:colcon.colcon_core.shell:Creating environment descriptor '/home/agilex/agilex_ws/install/dwb_core/share/dwb_core/hook/cmake_prefix_path.dsv'
[491.123s] INFO:colcon.colcon_core.shell:Creating environment hook '/home/agilex/agilex_ws/install/dwb_core/share/dwb_core/hook/cmake_prefix_path.sh'
[491.123s] Level 1:colcon.colcon_core.environment:checking '/home/agilex/agilex_ws/install/dwb_core/lib'
[491.123s] Level 1:colcon.colcon_core.shell:create_environment_hook('dwb_core', 'ld_library_path_lib')
[491.125s] INFO:colcon.colcon_core.shell:Creating environment hook '/home/agilex/agilex_ws/install/dwb_core/share/dwb_core/hook/ld_library_path_lib.ps1'
[491.125s] INFO:colcon.colcon_core.shell:Creating environment descriptor '/home/agilex/agilex_ws/install/dwb_core/share/dwb_core/hook/ld_library_path_lib.dsv'
[491.126s] INFO:colcon.colcon_core.shell:Creating environment hook '/home/agilex/agilex_ws/install/dwb_core/share/dwb_core/hook/ld_library_path_lib.sh'
[491.126s] Level 1:colcon.colcon_core.environment:checking '/home/agilex/agilex_ws/install/dwb_core/bin'
[491.126s] Level 1:colcon.colcon_core.environment:checking '/home/agilex/agilex_ws/install/dwb_core/lib/pkgconfig/dwb_core.pc'
[491.127s] Level 1:colcon.colcon_core.environment:checking '/home/agilex/agilex_ws/install/dwb_core/lib/python3.10/site-packages'
[491.127s] Level 1:colcon.colcon_core.environment:checking '/home/agilex/agilex_ws/install/dwb_core/bin'
[491.129s] INFO:colcon.colcon_core.shell:Creating package script '/home/agilex/agilex_ws/install/dwb_core/share/dwb_core/package.ps1'
[491.130s] INFO:colcon.colcon_core.shell:Creating package descriptor '/home/agilex/agilex_ws/install/dwb_core/share/dwb_core/package.dsv'
[491.130s] INFO:colcon.colcon_core.shell:Creating package script '/home/agilex/agilex_ws/install/dwb_core/share/dwb_core/package.sh'
[491.131s] INFO:colcon.colcon_core.shell:Creating package script '/home/agilex/agilex_ws/install/dwb_core/share/dwb_core/package.bash'
[491.132s] INFO:colcon.colcon_core.shell:Creating package script '/home/agilex/agilex_ws/install/dwb_core/share/dwb_core/package.zsh'
[491.132s] Level 1:colcon.colcon_core.environment:create_file_with_runtime_dependencies(/home/agilex/agilex_ws/install/dwb_core/share/colcon-core/packages/dwb_core)
[491.134s] INFO:colcon.colcon_ros.task.ament_cmake.build:Building ROS package in '/home/agilex/agilex_ws/src/navigation2/nav2_dwb_controller/dwb_critics' with build type 'ament_cmake'
[491.134s] INFO:colcon.colcon_cmake.task.cmake.build:Building CMake package in '/home/agilex/agilex_ws/src/navigation2/nav2_dwb_controller/dwb_critics'
[491.136s] INFO:colcon.colcon_core.shell:Skip shell extension 'powershell' for command environment: Not usable outside of PowerShell
[491.136s] DEBUG:colcon.colcon_core.shell:Skip shell extension 'dsv' for command environment
[491.144s] DEBUG:colcon.colcon_core.event_handler.log_command:Invoking command in '/home/agilex/agilex_ws/build/nav2_behaviors': AMENT_PREFIX_PATH=/home/agilex/agilex_ws/install/nav2_core:/home/agilex/agilex_ws/install/nav2_costmap_2d:/home/agilex/agilex_ws/install/nav2_behavior_tree:/home/agilex/agilex_ws/install/nav2_util:/home/agilex/agilex_ws/install/nav2_voxel_grid:/home/agilex/agilex_ws/install/nav2_msgs:/home/agilex/agilex_ws/install/nav2_common:${AMENT_PREFIX_PATH} CMAKE_PREFIX_PATH=/home/agilex/agilex_ws/install/nav2_core:/home/agilex/agilex_ws/install/nav2_costmap_2d:/home/agilex/agilex_ws/install/nav2_behavior_tree:/home/agilex/agilex_ws/install/nav2_util:/home/agilex/agilex_ws/install/nav2_voxel_grid:/home/agilex/agilex_ws/install/nav2_msgs:/home/agilex/agilex_ws/install/nav2_common:/opt/ros/humble LD_LIBRARY_PATH=/home/agilex/agilex_ws/install/nav2_costmap_2d/lib:/home/agilex/agilex_ws/install/nav2_behavior_tree/lib:/home/agilex/agilex_ws/install/nav2_util/lib:/home/agilex/agilex_ws/install/nav2_voxel_grid/lib:/home/agilex/agilex_ws/install/nav2_msgs/lib:${LD_LIBRARY_PATH} PYTHONPATH=/home/agilex/agilex_ws/install/nav2_msgs/local/lib/python3.10/dist-packages:/home/agilex/agilex_ws/install/nav2_common/local/lib/python3.10/dist-packages:${PYTHONPATH} /usr/bin/cmake /home/agilex/agilex_ws/src/navigation2/nav2_behaviors -DCMAKE_INSTALL_PREFIX=/home/agilex/agilex_ws/install/nav2_behaviors
[491.148s] Level 1:colcon.colcon_core.environment:create_environment_scripts_only(nav2_navfn_planner)
[491.150s] Level 1:colcon.colcon_core.environment:checking '/home/agilex/agilex_ws/install/nav2_navfn_planner' for CMake module files
[491.151s] Level 1:colcon.colcon_core.environment:checking '/home/agilex/agilex_ws/install/nav2_navfn_planner' for CMake config files
[491.151s] Level 1:colcon.colcon_core.shell:create_environment_hook('nav2_navfn_planner', 'cmake_prefix_path')
[491.152s] INFO:colcon.colcon_core.shell:Creating environment hook '/home/agilex/agilex_ws/install/nav2_navfn_planner/share/nav2_navfn_planner/hook/cmake_prefix_path.ps1'
[491.153s] INFO:colcon.colcon_core.shell:Creating environment descriptor '/home/agilex/agilex_ws/install/nav2_navfn_planner/share/nav2_navfn_planner/hook/cmake_prefix_path.dsv'
[491.153s] INFO:colcon.colcon_core.shell:Creating environment hook '/home/agilex/agilex_ws/install/nav2_navfn_planner/share/nav2_navfn_planner/hook/cmake_prefix_path.sh'
[491.154s] Level 1:colcon.colcon_core.environment:checking '/home/agilex/agilex_ws/install/nav2_navfn_planner/lib'
[491.154s] Level 1:colcon.colcon_core.shell:create_environment_hook('nav2_navfn_planner', 'ld_library_path_lib')
[491.155s] INFO:colcon.colcon_core.shell:Creating environment hook '/home/agilex/agilex_ws/install/nav2_navfn_planner/share/nav2_navfn_planner/hook/ld_library_path_lib.ps1'
[491.156s] INFO:colcon.colcon_core.shell:Creating environment descriptor '/home/agilex/agilex_ws/install/nav2_navfn_planner/share/nav2_navfn_planner/hook/ld_library_path_lib.dsv'
[491.156s] INFO:colcon.colcon_core.shell:Creating environment hook '/home/agilex/agilex_ws/install/nav2_navfn_planner/share/nav2_navfn_planner/hook/ld_library_path_lib.sh'
[491.156s] Level 1:colcon.colcon_core.environment:checking '/home/agilex/agilex_ws/install/nav2_navfn_planner/bin'
[491.156s] Level 1:colcon.colcon_core.environment:checking '/home/agilex/agilex_ws/install/nav2_navfn_planner/lib/pkgconfig/nav2_navfn_planner.pc'
[491.157s] Level 1:colcon.colcon_core.environment:checking '/home/agilex/agilex_ws/install/nav2_navfn_planner/lib/python3.10/site-packages'
[491.157s] Level 1:colcon.colcon_core.environment:checking '/home/agilex/agilex_ws/install/nav2_navfn_planner/bin'
[491.159s] INFO:colcon.colcon_core.shell:Creating package script '/home/agilex/agilex_ws/install/nav2_navfn_planner/share/nav2_navfn_planner/package.ps1'
[491.160s] INFO:colcon.colcon_core.shell:Creating package descriptor '/home/agilex/agilex_ws/install/nav2_navfn_planner/share/nav2_navfn_planner/package.dsv'
[491.160s] INFO:colcon.colcon_core.shell:Creating package script '/home/agilex/agilex_ws/install/nav2_navfn_planner/share/nav2_navfn_planner/package.sh'
[491.161s] INFO:colcon.colcon_core.shell:Creating package script '/home/agilex/agilex_ws/install/nav2_navfn_planner/share/nav2_navfn_planner/package.bash'
[491.161s] INFO:colcon.colcon_core.shell:Creating package script '/home/agilex/agilex_ws/install/nav2_navfn_planner/share/nav2_navfn_planner/package.zsh'
[491.162s] Level 1:colcon.colcon_core.environment:create_file_with_runtime_dependencies(/home/agilex/agilex_ws/install/nav2_navfn_planner/share/colcon-core/packages/nav2_navfn_planner)
[491.163s] INFO:colcon.colcon_ros.task.ament_cmake.build:Building ROS package in '/home/agilex/agilex_ws/src/navigation2/nav2_dwb_controller/dwb_plugins' with build type 'ament_cmake'
[491.163s] INFO:colcon.colcon_cmake.task.cmake.build:Building CMake package in '/home/agilex/agilex_ws/src/navigation2/nav2_dwb_controller/dwb_plugins'
[491.164s] INFO:colcon.colcon_core.shell:Skip shell extension 'powershell' for command environment: Not usable outside of PowerShell
[491.165s] DEBUG:colcon.colcon_core.shell:Skip shell extension 'dsv' for command environment
[491.178s] DEBUG:colcon.colcon_core.event_handler.log_command:Invoking command in '/home/agilex/agilex_ws/build/dwb_critics': AMENT_PREFIX_PATH=/home/agilex/agilex_ws/install/dwb_core:/home/agilex/agilex_ws/install/nav2_core:/home/agilex/agilex_ws/install/costmap_queue:/home/agilex/agilex_ws/install/nav2_costmap_2d:/home/agilex/agilex_ws/install/nav_2d_utils:/home/agilex/agilex_ws/install/nav2_util:/home/agilex/agilex_ws/install/nav2_voxel_grid:/home/agilex/agilex_ws/install/nav2_msgs:/home/agilex/agilex_ws/install/dwb_msgs:/home/agilex/agilex_ws/install/nav_2d_msgs:/home/agilex/agilex_ws/install/nav2_common:${AMENT_PREFIX_PATH} CMAKE_PREFIX_PATH=/home/agilex/agilex_ws/install/dwb_core:/home/agilex/agilex_ws/install/nav2_core:/home/agilex/agilex_ws/install/costmap_queue:/home/agilex/agilex_ws/install/nav2_costmap_2d:/home/agilex/agilex_ws/install/nav_2d_utils:/home/agilex/agilex_ws/install/nav2_util:/home/agilex/agilex_ws/install/nav2_voxel_grid:/home/agilex/agilex_ws/install/nav2_msgs:/home/agilex/agilex_ws/install/dwb_msgs:/home/agilex/agilex_ws/install/nav_2d_msgs:/home/agilex/agilex_ws/install/nav2_common:/opt/ros/humble LD_LIBRARY_PATH=/home/agilex/agilex_ws/install/dwb_core/lib:/home/agilex/agilex_ws/install/costmap_queue/lib:/home/agilex/agilex_ws/install/nav2_costmap_2d/lib:/home/agilex/agilex_ws/install/nav_2d_utils/lib:/home/agilex/agilex_ws/install/nav2_util/lib:/home/agilex/agilex_ws/install/nav2_voxel_grid/lib:/home/agilex/agilex_ws/install/nav2_msgs/lib:/home/agilex/agilex_ws/install/dwb_msgs/lib:/home/agilex/agilex_ws/install/nav_2d_msgs/lib:${LD_LIBRARY_PATH} PYTHONPATH=/home/agilex/agilex_ws/install/nav2_msgs/local/lib/python3.10/dist-packages:/home/agilex/agilex_ws/install/dwb_msgs/local/lib/python3.10/dist-packages:/home/agilex/agilex_ws/install/nav_2d_msgs/local/lib/python3.10/dist-packages:/home/agilex/agilex_ws/install/nav2_common/local/lib/python3.10/dist-packages:${PYTHONPATH} /usr/bin/cmake /home/agilex/agilex_ws/src/navigation2/nav2_dwb_controller/dwb_critics -DCMAKE_INSTALL_PREFIX=/home/agilex/agilex_ws/install/dwb_critics
[491.218s] DEBUG:colcon.colcon_core.event_handler.log_command:Invoking command in '/home/agilex/agilex_ws/build/dwb_plugins': AMENT_PREFIX_PATH=/home/agilex/agilex_ws/install/dwb_core:/home/agilex/agilex_ws/install/nav2_core:/home/agilex/agilex_ws/install/nav2_costmap_2d:/home/agilex/agilex_ws/install/nav_2d_utils:/home/agilex/agilex_ws/install/nav2_util:/home/agilex/agilex_ws/install/nav2_voxel_grid:/home/agilex/agilex_ws/install/nav2_msgs:/home/agilex/agilex_ws/install/dwb_msgs:/home/agilex/agilex_ws/install/nav_2d_msgs:/home/agilex/agilex_ws/install/nav2_common:${AMENT_PREFIX_PATH} CMAKE_PREFIX_PATH=/home/agilex/agilex_ws/install/dwb_core:/home/agilex/agilex_ws/install/nav2_core:/home/agilex/agilex_ws/install/nav2_costmap_2d:/home/agilex/agilex_ws/install/nav_2d_utils:/home/agilex/agilex_ws/install/nav2_util:/home/agilex/agilex_ws/install/nav2_voxel_grid:/home/agilex/agilex_ws/install/nav2_msgs:/home/agilex/agilex_ws/install/dwb_msgs:/home/agilex/agilex_ws/install/nav_2d_msgs:/home/agilex/agilex_ws/install/nav2_common:/opt/ros/humble LD_LIBRARY_PATH=/home/agilex/agilex_ws/install/dwb_core/lib:/home/agilex/agilex_ws/install/nav2_costmap_2d/lib:/home/agilex/agilex_ws/install/nav_2d_utils/lib:/home/agilex/agilex_ws/install/nav2_util/lib:/home/agilex/agilex_ws/install/nav2_voxel_grid/lib:/home/agilex/agilex_ws/install/nav2_msgs/lib:/home/agilex/agilex_ws/install/dwb_msgs/lib:/home/agilex/agilex_ws/install/nav_2d_msgs/lib:${LD_LIBRARY_PATH} PYTHONPATH=/home/agilex/agilex_ws/install/nav2_msgs/local/lib/python3.10/dist-packages:/home/agilex/agilex_ws/install/dwb_msgs/local/lib/python3.10/dist-packages:/home/agilex/agilex_ws/install/nav_2d_msgs/local/lib/python3.10/dist-packages:/home/agilex/agilex_ws/install/nav2_common/local/lib/python3.10/dist-packages:${PYTHONPATH} /usr/bin/cmake /home/agilex/agilex_ws/src/navigation2/nav2_dwb_controller/dwb_plugins -DCMAKE_INSTALL_PREFIX=/home/agilex/agilex_ws/install/dwb_plugins
[491.514s] DEBUG:colcon.colcon_core.event_handler.log_command:Invoked command in '/home/agilex/agilex_ws/build/nav2_planner' returned '0': AMENT_PREFIX_PATH=/home/agilex/agilex_ws/install/nav2_core:/home/agilex/agilex_ws/install/nav2_costmap_2d:/home/agilex/agilex_ws/install/nav2_util:/home/agilex/agilex_ws/install/nav2_voxel_grid:/home/agilex/agilex_ws/install/nav2_msgs:/home/agilex/agilex_ws/install/nav2_common:${AMENT_PREFIX_PATH} CMAKE_PREFIX_PATH=/home/agilex/agilex_ws/install/nav2_core:/home/agilex/agilex_ws/install/nav2_costmap_2d:/home/agilex/agilex_ws/install/nav2_util:/home/agilex/agilex_ws/install/nav2_voxel_grid:/home/agilex/agilex_ws/install/nav2_msgs:/home/agilex/agilex_ws/install/nav2_common:/opt/ros/humble LD_LIBRARY_PATH=/home/agilex/agilex_ws/install/nav2_costmap_2d/lib:/home/agilex/agilex_ws/install/nav2_util/lib:/home/agilex/agilex_ws/install/nav2_voxel_grid/lib:/home/agilex/agilex_ws/install/nav2_msgs/lib:${LD_LIBRARY_PATH} PYTHONPATH=/home/agilex/agilex_ws/install/nav2_msgs/local/lib/python3.10/dist-packages:/home/agilex/agilex_ws/install/nav2_common/local/lib/python3.10/dist-packages:${PYTHONPATH} /usr/bin/cmake --build /home/agilex/agilex_ws/build/nav2_planner -- -j8 -l8
[491.555s] DEBUG:colcon.colcon_core.event_handler.log_command:Invoking command in '/home/agilex/agilex_ws/build/nav2_planner': AMENT_PREFIX_PATH=/home/agilex/agilex_ws/install/nav2_core:/home/agilex/agilex_ws/install/nav2_costmap_2d:/home/agilex/agilex_ws/install/nav2_util:/home/agilex/agilex_ws/install/nav2_voxel_grid:/home/agilex/agilex_ws/install/nav2_msgs:/home/agilex/agilex_ws/install/nav2_common:${AMENT_PREFIX_PATH} CMAKE_PREFIX_PATH=/home/agilex/agilex_ws/install/nav2_core:/home/agilex/agilex_ws/install/nav2_costmap_2d:/home/agilex/agilex_ws/install/nav2_util:/home/agilex/agilex_ws/install/nav2_voxel_grid:/home/agilex/agilex_ws/install/nav2_msgs:/home/agilex/agilex_ws/install/nav2_common:/opt/ros/humble LD_LIBRARY_PATH=/home/agilex/agilex_ws/install/nav2_costmap_2d/lib:/home/agilex/agilex_ws/install/nav2_util/lib:/home/agilex/agilex_ws/install/nav2_voxel_grid/lib:/home/agilex/agilex_ws/install/nav2_msgs/lib:${LD_LIBRARY_PATH} PYTHONPATH=/home/agilex/agilex_ws/install/nav2_msgs/local/lib/python3.10/dist-packages:/home/agilex/agilex_ws/install/nav2_common/local/lib/python3.10/dist-packages:${PYTHONPATH} /usr/bin/cmake --install /home/agilex/agilex_ws/build/nav2_planner
[497.579s] DEBUG:colcon.colcon_core.event_handler.log_command:Invoked command in '/home/agilex/agilex_ws/build/costmap_converter' returned '0': AMENT_PREFIX_PATH=/home/agilex/agilex_ws/install/nav2_costmap_2d:/home/agilex/agilex_ws/install/nav2_util:/home/agilex/agilex_ws/install/nav2_voxel_grid:/home/agilex/agilex_ws/install/nav2_msgs:/home/agilex/agilex_ws/install/nav2_common:/home/agilex/agilex_ws/install/costmap_converter_msgs:${AMENT_PREFIX_PATH} CMAKE_PREFIX_PATH=/home/agilex/agilex_ws/install/nav2_costmap_2d:/home/agilex/agilex_ws/install/nav2_util:/home/agilex/agilex_ws/install/nav2_voxel_grid:/home/agilex/agilex_ws/install/nav2_msgs:/home/agilex/agilex_ws/install/nav2_common:/home/agilex/agilex_ws/install/costmap_converter_msgs:/opt/ros/humble LD_LIBRARY_PATH=/home/agilex/agilex_ws/install/nav2_costmap_2d/lib:/home/agilex/agilex_ws/install/nav2_util/lib:/home/agilex/agilex_ws/install/nav2_voxel_grid/lib:/home/agilex/agilex_ws/install/nav2_msgs/lib:/home/agilex/agilex_ws/install/costmap_converter_msgs/lib:${LD_LIBRARY_PATH} PYTHONPATH=/home/agilex/agilex_ws/install/nav2_msgs/local/lib/python3.10/dist-packages:/home/agilex/agilex_ws/install/nav2_common/local/lib/python3.10/dist-packages:/home/agilex/agilex_ws/install/costmap_converter_msgs/local/lib/python3.10/dist-packages:${PYTHONPATH} /usr/bin/cmake --build /home/agilex/agilex_ws/build/costmap_converter -- -j8 -l8
[497.622s] DEBUG:colcon.colcon_core.event_handler.log_command:Invoking command in '/home/agilex/agilex_ws/build/costmap_converter': AMENT_PREFIX_PATH=/home/agilex/agilex_ws/install/nav2_costmap_2d:/home/agilex/agilex_ws/install/nav2_util:/home/agilex/agilex_ws/install/nav2_voxel_grid:/home/agilex/agilex_ws/install/nav2_msgs:/home/agilex/agilex_ws/install/nav2_common:/home/agilex/agilex_ws/install/costmap_converter_msgs:${AMENT_PREFIX_PATH} CMAKE_PREFIX_PATH=/home/agilex/agilex_ws/install/nav2_costmap_2d:/home/agilex/agilex_ws/install/nav2_util:/home/agilex/agilex_ws/install/nav2_voxel_grid:/home/agilex/agilex_ws/install/nav2_msgs:/home/agilex/agilex_ws/install/nav2_common:/home/agilex/agilex_ws/install/costmap_converter_msgs:/opt/ros/humble LD_LIBRARY_PATH=/home/agilex/agilex_ws/install/nav2_costmap_2d/lib:/home/agilex/agilex_ws/install/nav2_util/lib:/home/agilex/agilex_ws/install/nav2_voxel_grid/lib:/home/agilex/agilex_ws/install/nav2_msgs/lib:/home/agilex/agilex_ws/install/costmap_converter_msgs/lib:${LD_LIBRARY_PATH} PYTHONPATH=/home/agilex/agilex_ws/install/nav2_msgs/local/lib/python3.10/dist-packages:/home/agilex/agilex_ws/install/nav2_common/local/lib/python3.10/dist-packages:/home/agilex/agilex_ws/install/costmap_converter_msgs/local/lib/python3.10/dist-packages:${PYTHONPATH} /usr/bin/cmake --install /home/agilex/agilex_ws/build/costmap_converter
[505.835s] DEBUG:colcon.colcon_core.event_handler.log_command:Invoked command in '/home/agilex/agilex_ws/build/dwb_plugins' returned '0': AMENT_PREFIX_PATH=/home/agilex/agilex_ws/install/dwb_core:/home/agilex/agilex_ws/install/nav2_core:/home/agilex/agilex_ws/install/nav2_costmap_2d:/home/agilex/agilex_ws/install/nav_2d_utils:/home/agilex/agilex_ws/install/nav2_util:/home/agilex/agilex_ws/install/nav2_voxel_grid:/home/agilex/agilex_ws/install/nav2_msgs:/home/agilex/agilex_ws/install/dwb_msgs:/home/agilex/agilex_ws/install/nav_2d_msgs:/home/agilex/agilex_ws/install/nav2_common:${AMENT_PREFIX_PATH} CMAKE_PREFIX_PATH=/home/agilex/agilex_ws/install/dwb_core:/home/agilex/agilex_ws/install/nav2_core:/home/agilex/agilex_ws/install/nav2_costmap_2d:/home/agilex/agilex_ws/install/nav_2d_utils:/home/agilex/agilex_ws/install/nav2_util:/home/agilex/agilex_ws/install/nav2_voxel_grid:/home/agilex/agilex_ws/install/nav2_msgs:/home/agilex/agilex_ws/install/dwb_msgs:/home/agilex/agilex_ws/install/nav_2d_msgs:/home/agilex/agilex_ws/install/nav2_common:/opt/ros/humble LD_LIBRARY_PATH=/home/agilex/agilex_ws/install/dwb_core/lib:/home/agilex/agilex_ws/install/nav2_costmap_2d/lib:/home/agilex/agilex_ws/install/nav_2d_utils/lib:/home/agilex/agilex_ws/install/nav2_util/lib:/home/agilex/agilex_ws/install/nav2_voxel_grid/lib:/home/agilex/agilex_ws/install/nav2_msgs/lib:/home/agilex/agilex_ws/install/dwb_msgs/lib:/home/agilex/agilex_ws/install/nav_2d_msgs/lib:${LD_LIBRARY_PATH} PYTHONPATH=/home/agilex/agilex_ws/install/nav2_msgs/local/lib/python3.10/dist-packages:/home/agilex/agilex_ws/install/dwb_msgs/local/lib/python3.10/dist-packages:/home/agilex/agilex_ws/install/nav_2d_msgs/local/lib/python3.10/dist-packages:/home/agilex/agilex_ws/install/nav2_common/local/lib/python3.10/dist-packages:${PYTHONPATH} /usr/bin/cmake /home/agilex/agilex_ws/src/navigation2/nav2_dwb_controller/dwb_plugins -DCMAKE_INSTALL_PREFIX=/home/agilex/agilex_ws/install/dwb_plugins
[505.844s] DEBUG:colcon.colcon_core.event_handler.log_command:Invoking command in '/home/agilex/agilex_ws/build/dwb_plugins': AMENT_PREFIX_PATH=/home/agilex/agilex_ws/install/dwb_core:/home/agilex/agilex_ws/install/nav2_core:/home/agilex/agilex_ws/install/nav2_costmap_2d:/home/agilex/agilex_ws/install/nav_2d_utils:/home/agilex/agilex_ws/install/nav2_util:/home/agilex/agilex_ws/install/nav2_voxel_grid:/home/agilex/agilex_ws/install/nav2_msgs:/home/agilex/agilex_ws/install/dwb_msgs:/home/agilex/agilex_ws/install/nav_2d_msgs:/home/agilex/agilex_ws/install/nav2_common:${AMENT_PREFIX_PATH} CMAKE_PREFIX_PATH=/home/agilex/agilex_ws/install/dwb_core:/home/agilex/agilex_ws/install/nav2_core:/home/agilex/agilex_ws/install/nav2_costmap_2d:/home/agilex/agilex_ws/install/nav_2d_utils:/home/agilex/agilex_ws/install/nav2_util:/home/agilex/agilex_ws/install/nav2_voxel_grid:/home/agilex/agilex_ws/install/nav2_msgs:/home/agilex/agilex_ws/install/dwb_msgs:/home/agilex/agilex_ws/install/nav_2d_msgs:/home/agilex/agilex_ws/install/nav2_common:/opt/ros/humble LD_LIBRARY_PATH=/home/agilex/agilex_ws/install/dwb_core/lib:/home/agilex/agilex_ws/install/nav2_costmap_2d/lib:/home/agilex/agilex_ws/install/nav_2d_utils/lib:/home/agilex/agilex_ws/install/nav2_util/lib:/home/agilex/agilex_ws/install/nav2_voxel_grid/lib:/home/agilex/agilex_ws/install/nav2_msgs/lib:/home/agilex/agilex_ws/install/dwb_msgs/lib:/home/agilex/agilex_ws/install/nav_2d_msgs/lib:${LD_LIBRARY_PATH} PYTHONPATH=/home/agilex/agilex_ws/install/nav2_msgs/local/lib/python3.10/dist-packages:/home/agilex/agilex_ws/install/dwb_msgs/local/lib/python3.10/dist-packages:/home/agilex/agilex_ws/install/nav_2d_msgs/local/lib/python3.10/dist-packages:/home/agilex/agilex_ws/install/nav2_common/local/lib/python3.10/dist-packages:${PYTHONPATH} /usr/bin/cmake --build /home/agilex/agilex_ws/build/dwb_plugins -- -j8 -l8
[505.844s] Level 1:colcon.colcon_core.environment:create_environment_scripts_only(nav2_planner)
[505.847s] Level 1:colcon.colcon_core.environment:checking '/home/agilex/agilex_ws/install/nav2_planner' for CMake module files
[505.848s] DEBUG:colcon.colcon_core.event_handler.log_command:Invoked command in '/home/agilex/agilex_ws/build/nav2_planner' returned '0': AMENT_PREFIX_PATH=/home/agilex/agilex_ws/install/nav2_core:/home/agilex/agilex_ws/install/nav2_costmap_2d:/home/agilex/agilex_ws/install/nav2_util:/home/agilex/agilex_ws/install/nav2_voxel_grid:/home/agilex/agilex_ws/install/nav2_msgs:/home/agilex/agilex_ws/install/nav2_common:${AMENT_PREFIX_PATH} CMAKE_PREFIX_PATH=/home/agilex/agilex_ws/install/nav2_core:/home/agilex/agilex_ws/install/nav2_costmap_2d:/home/agilex/agilex_ws/install/nav2_util:/home/agilex/agilex_ws/install/nav2_voxel_grid:/home/agilex/agilex_ws/install/nav2_msgs:/home/agilex/agilex_ws/install/nav2_common:/opt/ros/humble LD_LIBRARY_PATH=/home/agilex/agilex_ws/install/nav2_costmap_2d/lib:/home/agilex/agilex_ws/install/nav2_util/lib:/home/agilex/agilex_ws/install/nav2_voxel_grid/lib:/home/agilex/agilex_ws/install/nav2_msgs/lib:${LD_LIBRARY_PATH} PYTHONPATH=/home/agilex/agilex_ws/install/nav2_msgs/local/lib/python3.10/dist-packages:/home/agilex/agilex_ws/install/nav2_common/local/lib/python3.10/dist-packages:${PYTHONPATH} /usr/bin/cmake --install /home/agilex/agilex_ws/build/nav2_planner
[505.848s] Level 1:colcon.colcon_core.environment:checking '/home/agilex/agilex_ws/install/nav2_planner' for CMake config files
[505.849s] Level 1:colcon.colcon_core.shell:create_environment_hook('nav2_planner', 'cmake_prefix_path')
[505.850s] INFO:colcon.colcon_core.shell:Creating environment hook '/home/agilex/agilex_ws/install/nav2_planner/share/nav2_planner/hook/cmake_prefix_path.ps1'
[505.851s] INFO:colcon.colcon_core.shell:Creating environment descriptor '/home/agilex/agilex_ws/install/nav2_planner/share/nav2_planner/hook/cmake_prefix_path.dsv'
[505.851s] INFO:colcon.colcon_core.shell:Creating environment hook '/home/agilex/agilex_ws/install/nav2_planner/share/nav2_planner/hook/cmake_prefix_path.sh'
[505.852s] Level 1:colcon.colcon_core.environment:checking '/home/agilex/agilex_ws/install/nav2_planner/lib'
[505.852s] Level 1:colcon.colcon_core.shell:create_environment_hook('nav2_planner', 'ld_library_path_lib')
[505.854s] INFO:colcon.colcon_core.shell:Creating environment hook '/home/agilex/agilex_ws/install/nav2_planner/share/nav2_planner/hook/ld_library_path_lib.ps1'
[505.854s] INFO:colcon.colcon_core.shell:Creating environment descriptor '/home/agilex/agilex_ws/install/nav2_planner/share/nav2_planner/hook/ld_library_path_lib.dsv'
[505.854s] INFO:colcon.colcon_core.shell:Creating environment hook '/home/agilex/agilex_ws/install/nav2_planner/share/nav2_planner/hook/ld_library_path_lib.sh'
[505.855s] Level 1:colcon.colcon_core.environment:checking '/home/agilex/agilex_ws/install/nav2_planner/bin'
[505.855s] Level 1:colcon.colcon_core.environment:checking '/home/agilex/agilex_ws/install/nav2_planner/lib/pkgconfig/nav2_planner.pc'
[505.855s] Level 1:colcon.colcon_core.environment:checking '/home/agilex/agilex_ws/install/nav2_planner/lib/python3.10/site-packages'
[505.856s] Level 1:colcon.colcon_core.environment:checking '/home/agilex/agilex_ws/install/nav2_planner/bin'
[505.857s] INFO:colcon.colcon_core.shell:Creating package script '/home/agilex/agilex_ws/install/nav2_planner/share/nav2_planner/package.ps1'
[505.858s] INFO:colcon.colcon_core.shell:Creating package descriptor '/home/agilex/agilex_ws/install/nav2_planner/share/nav2_planner/package.dsv'
[505.859s] INFO:colcon.colcon_core.shell:Creating package script '/home/agilex/agilex_ws/install/nav2_planner/share/nav2_planner/package.sh'
[505.859s] INFO:colcon.colcon_core.shell:Creating package script '/home/agilex/agilex_ws/install/nav2_planner/share/nav2_planner/package.bash'
[505.860s] INFO:colcon.colcon_core.shell:Creating package script '/home/agilex/agilex_ws/install/nav2_planner/share/nav2_planner/package.zsh'
[505.860s] Level 1:colcon.colcon_core.environment:create_file_with_runtime_dependencies(/home/agilex/agilex_ws/install/nav2_planner/share/colcon-core/packages/nav2_planner)
[505.861s] Level 1:colcon.colcon_core.environment:create_environment_scripts_only(costmap_converter)
[505.865s] Level 1:colcon.colcon_core.environment:checking '/home/agilex/agilex_ws/install/costmap_converter' for CMake module files
[505.865s] Level 1:colcon.colcon_core.environment:checking '/home/agilex/agilex_ws/install/costmap_converter' for CMake config files
[505.866s] Level 1:colcon.colcon_core.shell:create_environment_hook('costmap_converter', 'cmake_prefix_path')
[505.867s] INFO:colcon.colcon_core.shell:Creating environment hook '/home/agilex/agilex_ws/install/costmap_converter/share/costmap_converter/hook/cmake_prefix_path.ps1'
[505.868s] DEBUG:colcon.colcon_core.event_handler.log_command:Invoked command in '/home/agilex/agilex_ws/build/costmap_converter' returned '0': AMENT_PREFIX_PATH=/home/agilex/agilex_ws/install/nav2_costmap_2d:/home/agilex/agilex_ws/install/nav2_util:/home/agilex/agilex_ws/install/nav2_voxel_grid:/home/agilex/agilex_ws/install/nav2_msgs:/home/agilex/agilex_ws/install/nav2_common:/home/agilex/agilex_ws/install/costmap_converter_msgs:${AMENT_PREFIX_PATH} CMAKE_PREFIX_PATH=/home/agilex/agilex_ws/install/nav2_costmap_2d:/home/agilex/agilex_ws/install/nav2_util:/home/agilex/agilex_ws/install/nav2_voxel_grid:/home/agilex/agilex_ws/install/nav2_msgs:/home/agilex/agilex_ws/install/nav2_common:/home/agilex/agilex_ws/install/costmap_converter_msgs:/opt/ros/humble LD_LIBRARY_PATH=/home/agilex/agilex_ws/install/nav2_costmap_2d/lib:/home/agilex/agilex_ws/install/nav2_util/lib:/home/agilex/agilex_ws/install/nav2_voxel_grid/lib:/home/agilex/agilex_ws/install/nav2_msgs/lib:/home/agilex/agilex_ws/install/costmap_converter_msgs/lib:${LD_LIBRARY_PATH} PYTHONPATH=/home/agilex/agilex_ws/install/nav2_msgs/local/lib/python3.10/dist-packages:/home/agilex/agilex_ws/install/nav2_common/local/lib/python3.10/dist-packages:/home/agilex/agilex_ws/install/costmap_converter_msgs/local/lib/python3.10/dist-packages:${PYTHONPATH} /usr/bin/cmake --install /home/agilex/agilex_ws/build/costmap_converter
[505.868s] INFO:colcon.colcon_core.shell:Creating environment descriptor '/home/agilex/agilex_ws/install/costmap_converter/share/costmap_converter/hook/cmake_prefix_path.dsv'
[505.869s] INFO:colcon.colcon_core.shell:Creating environment hook '/home/agilex/agilex_ws/install/costmap_converter/share/costmap_converter/hook/cmake_prefix_path.sh'
[505.869s] Level 1:colcon.colcon_core.environment:checking '/home/agilex/agilex_ws/install/costmap_converter/lib'
[505.869s] Level 1:colcon.colcon_core.shell:create_environment_hook('costmap_converter', 'ld_library_path_lib')
[505.871s] INFO:colcon.colcon_core.shell:Creating environment hook '/home/agilex/agilex_ws/install/costmap_converter/share/costmap_converter/hook/ld_library_path_lib.ps1'
[505.872s] INFO:colcon.colcon_core.shell:Creating environment descriptor '/home/agilex/agilex_ws/install/costmap_converter/share/costmap_converter/hook/ld_library_path_lib.dsv'
[505.872s] INFO:colcon.colcon_core.shell:Creating environment hook '/home/agilex/agilex_ws/install/costmap_converter/share/costmap_converter/hook/ld_library_path_lib.sh'
[505.872s] Level 1:colcon.colcon_core.environment:checking '/home/agilex/agilex_ws/install/costmap_converter/bin'
[505.872s] Level 1:colcon.colcon_core.shell:create_environment_hook('costmap_converter', 'path')
[505.875s] INFO:colcon.colcon_core.shell:Creating environment hook '/home/agilex/agilex_ws/install/costmap_converter/share/costmap_converter/hook/path.ps1'
[505.875s] INFO:colcon.colcon_core.shell:Creating environment descriptor '/home/agilex/agilex_ws/install/costmap_converter/share/costmap_converter/hook/path.dsv'
[505.875s] INFO:colcon.colcon_core.shell:Creating environment hook '/home/agilex/agilex_ws/install/costmap_converter/share/costmap_converter/hook/path.sh'
[505.876s] Level 1:colcon.colcon_core.environment:checking '/home/agilex/agilex_ws/install/costmap_converter/lib/pkgconfig/costmap_converter.pc'
[505.876s] Level 1:colcon.colcon_core.environment:checking '/home/agilex/agilex_ws/install/costmap_converter/lib/python3.10/site-packages'
[505.877s] Level 1:colcon.colcon_core.environment:checking '/home/agilex/agilex_ws/install/costmap_converter/bin'
[505.877s] Level 1:colcon.colcon_core.shell:create_environment_hook('costmap_converter', 'pythonscriptspath')
[505.879s] INFO:colcon.colcon_core.shell:Creating environment hook '/home/agilex/agilex_ws/install/costmap_converter/share/costmap_converter/hook/pythonscriptspath.ps1'
[505.879s] INFO:colcon.colcon_core.shell:Creating environment descriptor '/home/agilex/agilex_ws/install/costmap_converter/share/costmap_converter/hook/pythonscriptspath.dsv'
[505.881s] INFO:colcon.colcon_core.shell:Creating environment hook '/home/agilex/agilex_ws/install/costmap_converter/share/costmap_converter/hook/pythonscriptspath.sh'
[505.884s] INFO:colcon.colcon_core.shell:Creating package script '/home/agilex/agilex_ws/install/costmap_converter/share/costmap_converter/package.ps1'
[505.885s] INFO:colcon.colcon_core.shell:Creating package descriptor '/home/agilex/agilex_ws/install/costmap_converter/share/costmap_converter/package.dsv'
[505.885s] INFO:colcon.colcon_core.shell:Creating package script '/home/agilex/agilex_ws/install/costmap_converter/share/costmap_converter/package.sh'
[505.886s] INFO:colcon.colcon_core.shell:Creating package script '/home/agilex/agilex_ws/install/costmap_converter/share/costmap_converter/package.bash'
[505.886s] INFO:colcon.colcon_core.shell:Creating package script '/home/agilex/agilex_ws/install/costmap_converter/share/costmap_converter/package.zsh'
[505.886s] Level 1:colcon.colcon_core.environment:create_file_with_runtime_dependencies(/home/agilex/agilex_ws/install/costmap_converter/share/colcon-core/packages/costmap_converter)
[505.906s] Level 1:colcon.colcon_core.environment:create_environment_scripts_only(nav2_planner)
[505.909s] Level 1:colcon.colcon_core.environment:checking '/home/agilex/agilex_ws/install/nav2_planner' for CMake module files
[505.910s] Level 1:colcon.colcon_core.environment:checking '/home/agilex/agilex_ws/install/nav2_planner' for CMake config files
[505.910s] Level 1:colcon.colcon_core.shell:create_environment_hook('nav2_planner', 'cmake_prefix_path')
[505.912s] INFO:colcon.colcon_core.shell:Creating environment hook '/home/agilex/agilex_ws/install/nav2_planner/share/nav2_planner/hook/cmake_prefix_path.ps1'
[505.912s] INFO:colcon.colcon_core.shell:Creating environment descriptor '/home/agilex/agilex_ws/install/nav2_planner/share/nav2_planner/hook/cmake_prefix_path.dsv'
[505.913s] INFO:colcon.colcon_core.shell:Creating environment hook '/home/agilex/agilex_ws/install/nav2_planner/share/nav2_planner/hook/cmake_prefix_path.sh'
[505.916s] Level 1:colcon.colcon_core.environment:checking '/home/agilex/agilex_ws/install/nav2_planner/lib'
[505.916s] Level 1:colcon.colcon_core.shell:create_environment_hook('nav2_planner', 'ld_library_path_lib')
[505.918s] INFO:colcon.colcon_core.shell:Creating environment hook '/home/agilex/agilex_ws/install/nav2_planner/share/nav2_planner/hook/ld_library_path_lib.ps1'
[505.918s] INFO:colcon.colcon_core.shell:Creating environment descriptor '/home/agilex/agilex_ws/install/nav2_planner/share/nav2_planner/hook/ld_library_path_lib.dsv'
[505.919s] INFO:colcon.colcon_core.shell:Creating environment hook '/home/agilex/agilex_ws/install/nav2_planner/share/nav2_planner/hook/ld_library_path_lib.sh'
[505.919s] Level 1:colcon.colcon_core.environment:checking '/home/agilex/agilex_ws/install/nav2_planner/bin'
[505.920s] Level 1:colcon.colcon_core.environment:checking '/home/agilex/agilex_ws/install/nav2_planner/lib/pkgconfig/nav2_planner.pc'
[505.920s] Level 1:colcon.colcon_core.environment:checking '/home/agilex/agilex_ws/install/nav2_planner/lib/python3.10/site-packages'
[505.920s] Level 1:colcon.colcon_core.environment:checking '/home/agilex/agilex_ws/install/nav2_planner/bin'
[505.922s] INFO:colcon.colcon_core.shell:Creating package script '/home/agilex/agilex_ws/install/nav2_planner/share/nav2_planner/package.ps1'
[505.923s] INFO:colcon.colcon_core.shell:Creating package descriptor '/home/agilex/agilex_ws/install/nav2_planner/share/nav2_planner/package.dsv'
[505.924s] INFO:colcon.colcon_core.shell:Creating package script '/home/agilex/agilex_ws/install/nav2_planner/share/nav2_planner/package.sh'
[505.924s] INFO:colcon.colcon_core.shell:Creating package script '/home/agilex/agilex_ws/install/nav2_planner/share/nav2_planner/package.bash'
[505.925s] INFO:colcon.colcon_core.shell:Creating package script '/home/agilex/agilex_ws/install/nav2_planner/share/nav2_planner/package.zsh'
[505.926s] Level 1:colcon.colcon_core.environment:create_file_with_runtime_dependencies(/home/agilex/agilex_ws/install/nav2_planner/share/colcon-core/packages/nav2_planner)
[505.927s] INFO:colcon.colcon_ros.task.ament_cmake.build:Building ROS package in '/home/agilex/agilex_ws/src/navigation2/nav2_smac_planner' with build type 'ament_cmake'
[505.927s] INFO:colcon.colcon_cmake.task.cmake.build:Building CMake package in '/home/agilex/agilex_ws/src/navigation2/nav2_smac_planner'
[505.929s] INFO:colcon.colcon_core.shell:Skip shell extension 'powershell' for command environment: Not usable outside of PowerShell
[505.929s] DEBUG:colcon.colcon_core.shell:Skip shell extension 'dsv' for command environment
[505.937s] Level 1:colcon.colcon_core.environment:create_environment_scripts_only(costmap_converter)
[505.940s] Level 1:colcon.colcon_core.environment:checking '/home/agilex/agilex_ws/install/costmap_converter' for CMake module files
[505.941s] Level 1:colcon.colcon_core.environment:checking '/home/agilex/agilex_ws/install/costmap_converter' for CMake config files
[505.941s] Level 1:colcon.colcon_core.shell:create_environment_hook('costmap_converter', 'cmake_prefix_path')
[505.947s] INFO:colcon.colcon_core.shell:Creating environment hook '/home/agilex/agilex_ws/install/costmap_converter/share/costmap_converter/hook/cmake_prefix_path.ps1'
[505.948s] INFO:colcon.colcon_core.shell:Creating environment descriptor '/home/agilex/agilex_ws/install/costmap_converter/share/costmap_converter/hook/cmake_prefix_path.dsv'
[505.949s] INFO:colcon.colcon_core.shell:Creating environment hook '/home/agilex/agilex_ws/install/costmap_converter/share/costmap_converter/hook/cmake_prefix_path.sh'
[505.949s] Level 1:colcon.colcon_core.environment:checking '/home/agilex/agilex_ws/install/costmap_converter/lib'
[505.949s] Level 1:colcon.colcon_core.shell:create_environment_hook('costmap_converter', 'ld_library_path_lib')
[505.951s] INFO:colcon.colcon_core.shell:Creating environment hook '/home/agilex/agilex_ws/install/costmap_converter/share/costmap_converter/hook/ld_library_path_lib.ps1'
[505.952s] INFO:colcon.colcon_core.shell:Creating environment descriptor '/home/agilex/agilex_ws/install/costmap_converter/share/costmap_converter/hook/ld_library_path_lib.dsv'
[505.952s] INFO:colcon.colcon_core.shell:Creating environment hook '/home/agilex/agilex_ws/install/costmap_converter/share/costmap_converter/hook/ld_library_path_lib.sh'
[505.953s] Level 1:colcon.colcon_core.environment:checking '/home/agilex/agilex_ws/install/costmap_converter/bin'
[505.953s] Level 1:colcon.colcon_core.shell:create_environment_hook('costmap_converter', 'path')
[505.954s] INFO:colcon.colcon_core.shell:Creating environment hook '/home/agilex/agilex_ws/install/costmap_converter/share/costmap_converter/hook/path.ps1'
[505.955s] INFO:colcon.colcon_core.shell:Creating environment descriptor '/home/agilex/agilex_ws/install/costmap_converter/share/costmap_converter/hook/path.dsv'
[505.955s] INFO:colcon.colcon_core.shell:Creating environment hook '/home/agilex/agilex_ws/install/costmap_converter/share/costmap_converter/hook/path.sh'
[505.956s] Level 1:colcon.colcon_core.environment:checking '/home/agilex/agilex_ws/install/costmap_converter/lib/pkgconfig/costmap_converter.pc'
[505.956s] Level 1:colcon.colcon_core.environment:checking '/home/agilex/agilex_ws/install/costmap_converter/lib/python3.10/site-packages'
[505.956s] Level 1:colcon.colcon_core.environment:checking '/home/agilex/agilex_ws/install/costmap_converter/bin'
[505.956s] Level 1:colcon.colcon_core.shell:create_environment_hook('costmap_converter', 'pythonscriptspath')
[505.958s] INFO:colcon.colcon_core.shell:Creating environment hook '/home/agilex/agilex_ws/install/costmap_converter/share/costmap_converter/hook/pythonscriptspath.ps1'
[505.959s] INFO:colcon.colcon_core.shell:Creating environment descriptor '/home/agilex/agilex_ws/install/costmap_converter/share/costmap_converter/hook/pythonscriptspath.dsv'
[505.959s] INFO:colcon.colcon_core.shell:Creating environment hook '/home/agilex/agilex_ws/install/costmap_converter/share/costmap_converter/hook/pythonscriptspath.sh'
[505.966s] INFO:colcon.colcon_core.shell:Creating package script '/home/agilex/agilex_ws/install/costmap_converter/share/costmap_converter/package.ps1'
[505.968s] INFO:colcon.colcon_core.shell:Creating package descriptor '/home/agilex/agilex_ws/install/costmap_converter/share/costmap_converter/package.dsv'
[505.969s] INFO:colcon.colcon_core.shell:Creating package script '/home/agilex/agilex_ws/install/costmap_converter/share/costmap_converter/package.sh'
[505.970s] INFO:colcon.colcon_core.shell:Creating package script '/home/agilex/agilex_ws/install/costmap_converter/share/costmap_converter/package.bash'
[505.970s] INFO:colcon.colcon_core.shell:Creating package script '/home/agilex/agilex_ws/install/costmap_converter/share/costmap_converter/package.zsh'
[505.971s] Level 1:colcon.colcon_core.environment:create_file_with_runtime_dependencies(/home/agilex/agilex_ws/install/costmap_converter/share/colcon-core/packages/costmap_converter)
[505.986s] INFO:colcon.colcon_ros.task.ament_cmake.build:Building ROS package in '/home/agilex/agilex_ws/src/navigation2/nav2_smoother' with build type 'ament_cmake'
[505.986s] INFO:colcon.colcon_cmake.task.cmake.build:Building CMake package in '/home/agilex/agilex_ws/src/navigation2/nav2_smoother'
[505.988s] INFO:colcon.colcon_core.shell:Skip shell extension 'powershell' for command environment: Not usable outside of PowerShell
[505.988s] DEBUG:colcon.colcon_core.shell:Skip shell extension 'dsv' for command environment
[505.995s] DEBUG:colcon.colcon_core.event_handler.log_command:Invoking command in '/home/agilex/agilex_ws/build/nav2_smac_planner': AMENT_PREFIX_PATH=/home/agilex/agilex_ws/install/nav2_core:/home/agilex/agilex_ws/install/nav2_costmap_2d:/home/agilex/agilex_ws/install/nav2_util:/home/agilex/agilex_ws/install/nav2_voxel_grid:/home/agilex/agilex_ws/install/nav2_msgs:/home/agilex/agilex_ws/install/nav2_common:${AMENT_PREFIX_PATH} CMAKE_PREFIX_PATH=/home/agilex/agilex_ws/install/nav2_core:/home/agilex/agilex_ws/install/nav2_costmap_2d:/home/agilex/agilex_ws/install/nav2_util:/home/agilex/agilex_ws/install/nav2_voxel_grid:/home/agilex/agilex_ws/install/nav2_msgs:/home/agilex/agilex_ws/install/nav2_common:/opt/ros/humble LD_LIBRARY_PATH=/home/agilex/agilex_ws/install/nav2_costmap_2d/lib:/home/agilex/agilex_ws/install/nav2_util/lib:/home/agilex/agilex_ws/install/nav2_voxel_grid/lib:/home/agilex/agilex_ws/install/nav2_msgs/lib:${LD_LIBRARY_PATH} PYTHONPATH=/home/agilex/agilex_ws/install/nav2_msgs/local/lib/python3.10/dist-packages:/home/agilex/agilex_ws/install/nav2_common/local/lib/python3.10/dist-packages:${PYTHONPATH} /usr/bin/cmake /home/agilex/agilex_ws/src/navigation2/nav2_smac_planner -DCMAKE_INSTALL_PREFIX=/home/agilex/agilex_ws/install/nav2_smac_planner
[506.035s] DEBUG:colcon.colcon_core.event_handler.log_command:Invoking command in '/home/agilex/agilex_ws/build/nav2_smoother': AMENT_PREFIX_PATH=/home/agilex/agilex_ws/install/nav2_core:/home/agilex/agilex_ws/install/nav2_costmap_2d:/home/agilex/agilex_ws/install/nav_2d_utils:/home/agilex/agilex_ws/install/nav2_util:/home/agilex/agilex_ws/install/nav2_voxel_grid:/home/agilex/agilex_ws/install/nav2_msgs:/home/agilex/agilex_ws/install/nav_2d_msgs:/home/agilex/agilex_ws/install/nav2_common:${AMENT_PREFIX_PATH} CMAKE_PREFIX_PATH=/home/agilex/agilex_ws/install/nav2_core:/home/agilex/agilex_ws/install/nav2_costmap_2d:/home/agilex/agilex_ws/install/nav_2d_utils:/home/agilex/agilex_ws/install/nav2_util:/home/agilex/agilex_ws/install/nav2_voxel_grid:/home/agilex/agilex_ws/install/nav2_msgs:/home/agilex/agilex_ws/install/nav_2d_msgs:/home/agilex/agilex_ws/install/nav2_common:/opt/ros/humble LD_LIBRARY_PATH=/home/agilex/agilex_ws/install/nav2_costmap_2d/lib:/home/agilex/agilex_ws/install/nav_2d_utils/lib:/home/agilex/agilex_ws/install/nav2_util/lib:/home/agilex/agilex_ws/install/nav2_voxel_grid/lib:/home/agilex/agilex_ws/install/nav2_msgs/lib:/home/agilex/agilex_ws/install/nav_2d_msgs/lib:${LD_LIBRARY_PATH} PYTHONPATH=/home/agilex/agilex_ws/install/nav2_msgs/local/lib/python3.10/dist-packages:/home/agilex/agilex_ws/install/nav_2d_msgs/local/lib/python3.10/dist-packages:/home/agilex/agilex_ws/install/nav2_common/local/lib/python3.10/dist-packages:${PYTHONPATH} /usr/bin/cmake /home/agilex/agilex_ws/src/navigation2/nav2_smoother -DCMAKE_INSTALL_PREFIX=/home/agilex/agilex_ws/install/nav2_smoother
[512.395s] DEBUG:colcon.colcon_core.event_handler.log_command:Invoked command in '/home/agilex/agilex_ws/build/dwb_critics' returned '0': AMENT_PREFIX_PATH=/home/agilex/agilex_ws/install/dwb_core:/home/agilex/agilex_ws/install/nav2_core:/home/agilex/agilex_ws/install/costmap_queue:/home/agilex/agilex_ws/install/nav2_costmap_2d:/home/agilex/agilex_ws/install/nav_2d_utils:/home/agilex/agilex_ws/install/nav2_util:/home/agilex/agilex_ws/install/nav2_voxel_grid:/home/agilex/agilex_ws/install/nav2_msgs:/home/agilex/agilex_ws/install/dwb_msgs:/home/agilex/agilex_ws/install/nav_2d_msgs:/home/agilex/agilex_ws/install/nav2_common:${AMENT_PREFIX_PATH} CMAKE_PREFIX_PATH=/home/agilex/agilex_ws/install/dwb_core:/home/agilex/agilex_ws/install/nav2_core:/home/agilex/agilex_ws/install/costmap_queue:/home/agilex/agilex_ws/install/nav2_costmap_2d:/home/agilex/agilex_ws/install/nav_2d_utils:/home/agilex/agilex_ws/install/nav2_util:/home/agilex/agilex_ws/install/nav2_voxel_grid:/home/agilex/agilex_ws/install/nav2_msgs:/home/agilex/agilex_ws/install/dwb_msgs:/home/agilex/agilex_ws/install/nav_2d_msgs:/home/agilex/agilex_ws/install/nav2_common:/opt/ros/humble LD_LIBRARY_PATH=/home/agilex/agilex_ws/install/dwb_core/lib:/home/agilex/agilex_ws/install/costmap_queue/lib:/home/agilex/agilex_ws/install/nav2_costmap_2d/lib:/home/agilex/agilex_ws/install/nav_2d_utils/lib:/home/agilex/agilex_ws/install/nav2_util/lib:/home/agilex/agilex_ws/install/nav2_voxel_grid/lib:/home/agilex/agilex_ws/install/nav2_msgs/lib:/home/agilex/agilex_ws/install/dwb_msgs/lib:/home/agilex/agilex_ws/install/nav_2d_msgs/lib:${LD_LIBRARY_PATH} PYTHONPATH=/home/agilex/agilex_ws/install/nav2_msgs/local/lib/python3.10/dist-packages:/home/agilex/agilex_ws/install/dwb_msgs/local/lib/python3.10/dist-packages:/home/agilex/agilex_ws/install/nav_2d_msgs/local/lib/python3.10/dist-packages:/home/agilex/agilex_ws/install/nav2_common/local/lib/python3.10/dist-packages:${PYTHONPATH} /usr/bin/cmake /home/agilex/agilex_ws/src/navigation2/nav2_dwb_controller/dwb_critics -DCMAKE_INSTALL_PREFIX=/home/agilex/agilex_ws/install/dwb_critics
[512.396s] DEBUG:colcon.colcon_core.event_handler.log_command:Invoking command in '/home/agilex/agilex_ws/build/dwb_critics': AMENT_PREFIX_PATH=/home/agilex/agilex_ws/install/dwb_core:/home/agilex/agilex_ws/install/nav2_core:/home/agilex/agilex_ws/install/costmap_queue:/home/agilex/agilex_ws/install/nav2_costmap_2d:/home/agilex/agilex_ws/install/nav_2d_utils:/home/agilex/agilex_ws/install/nav2_util:/home/agilex/agilex_ws/install/nav2_voxel_grid:/home/agilex/agilex_ws/install/nav2_msgs:/home/agilex/agilex_ws/install/dwb_msgs:/home/agilex/agilex_ws/install/nav_2d_msgs:/home/agilex/agilex_ws/install/nav2_common:${AMENT_PREFIX_PATH} CMAKE_PREFIX_PATH=/home/agilex/agilex_ws/install/dwb_core:/home/agilex/agilex_ws/install/nav2_core:/home/agilex/agilex_ws/install/costmap_queue:/home/agilex/agilex_ws/install/nav2_costmap_2d:/home/agilex/agilex_ws/install/nav_2d_utils:/home/agilex/agilex_ws/install/nav2_util:/home/agilex/agilex_ws/install/nav2_voxel_grid:/home/agilex/agilex_ws/install/nav2_msgs:/home/agilex/agilex_ws/install/dwb_msgs:/home/agilex/agilex_ws/install/nav_2d_msgs:/home/agilex/agilex_ws/install/nav2_common:/opt/ros/humble LD_LIBRARY_PATH=/home/agilex/agilex_ws/install/dwb_core/lib:/home/agilex/agilex_ws/install/costmap_queue/lib:/home/agilex/agilex_ws/install/nav2_costmap_2d/lib:/home/agilex/agilex_ws/install/nav_2d_utils/lib:/home/agilex/agilex_ws/install/nav2_util/lib:/home/agilex/agilex_ws/install/nav2_voxel_grid/lib:/home/agilex/agilex_ws/install/nav2_msgs/lib:/home/agilex/agilex_ws/install/dwb_msgs/lib:/home/agilex/agilex_ws/install/nav_2d_msgs/lib:${LD_LIBRARY_PATH} PYTHONPATH=/home/agilex/agilex_ws/install/nav2_msgs/local/lib/python3.10/dist-packages:/home/agilex/agilex_ws/install/dwb_msgs/local/lib/python3.10/dist-packages:/home/agilex/agilex_ws/install/nav_2d_msgs/local/lib/python3.10/dist-packages:/home/agilex/agilex_ws/install/nav2_common/local/lib/python3.10/dist-packages:${PYTHONPATH} /usr/bin/cmake --build /home/agilex/agilex_ws/build/dwb_critics -- -j8 -l8
[522.164s] DEBUG:colcon.colcon_core.event_handler.log_command:Invoked command in '/home/agilex/agilex_ws/build/nav2_waypoint_follower' returned '0': AMENT_PREFIX_PATH=/home/agilex/agilex_ws/install/nav2_core:/home/agilex/agilex_ws/install/nav2_costmap_2d:/home/agilex/agilex_ws/install/nav2_util:/home/agilex/agilex_ws/install/nav2_voxel_grid:/home/agilex/agilex_ws/install/nav2_msgs:/home/agilex/agilex_ws/install/nav2_common:${AMENT_PREFIX_PATH} CMAKE_PREFIX_PATH=/home/agilex/agilex_ws/install/nav2_core:/home/agilex/agilex_ws/install/nav2_costmap_2d:/home/agilex/agilex_ws/install/nav2_util:/home/agilex/agilex_ws/install/nav2_voxel_grid:/home/agilex/agilex_ws/install/nav2_msgs:/home/agilex/agilex_ws/install/nav2_common:/opt/ros/humble LD_LIBRARY_PATH=/home/agilex/agilex_ws/install/nav2_costmap_2d/lib:/home/agilex/agilex_ws/install/nav2_util/lib:/home/agilex/agilex_ws/install/nav2_voxel_grid/lib:/home/agilex/agilex_ws/install/nav2_msgs/lib:${LD_LIBRARY_PATH} PYTHONPATH=/home/agilex/agilex_ws/install/nav2_msgs/local/lib/python3.10/dist-packages:/home/agilex/agilex_ws/install/nav2_common/local/lib/python3.10/dist-packages:${PYTHONPATH} /usr/bin/cmake --build /home/agilex/agilex_ws/build/nav2_waypoint_follower -- -j8 -l8
[522.209s] DEBUG:colcon.colcon_core.event_handler.log_command:Invoking command in '/home/agilex/agilex_ws/build/nav2_waypoint_follower': AMENT_PREFIX_PATH=/home/agilex/agilex_ws/install/nav2_core:/home/agilex/agilex_ws/install/nav2_costmap_2d:/home/agilex/agilex_ws/install/nav2_util:/home/agilex/agilex_ws/install/nav2_voxel_grid:/home/agilex/agilex_ws/install/nav2_msgs:/home/agilex/agilex_ws/install/nav2_common:${AMENT_PREFIX_PATH} CMAKE_PREFIX_PATH=/home/agilex/agilex_ws/install/nav2_core:/home/agilex/agilex_ws/install/nav2_costmap_2d:/home/agilex/agilex_ws/install/nav2_util:/home/agilex/agilex_ws/install/nav2_voxel_grid:/home/agilex/agilex_ws/install/nav2_msgs:/home/agilex/agilex_ws/install/nav2_common:/opt/ros/humble LD_LIBRARY_PATH=/home/agilex/agilex_ws/install/nav2_costmap_2d/lib:/home/agilex/agilex_ws/install/nav2_util/lib:/home/agilex/agilex_ws/install/nav2_voxel_grid/lib:/home/agilex/agilex_ws/install/nav2_msgs/lib:${LD_LIBRARY_PATH} PYTHONPATH=/home/agilex/agilex_ws/install/nav2_msgs/local/lib/python3.10/dist-packages:/home/agilex/agilex_ws/install/nav2_common/local/lib/python3.10/dist-packages:${PYTHONPATH} /usr/bin/cmake --install /home/agilex/agilex_ws/build/nav2_waypoint_follower
[538.358s] DEBUG:colcon.colcon_core.event_handler.log_command:Invoked command in '/home/agilex/agilex_ws/build/nav2_smoother' returned '0': AMENT_PREFIX_PATH=/home/agilex/agilex_ws/install/nav2_core:/home/agilex/agilex_ws/install/nav2_costmap_2d:/home/agilex/agilex_ws/install/nav_2d_utils:/home/agilex/agilex_ws/install/nav2_util:/home/agilex/agilex_ws/install/nav2_voxel_grid:/home/agilex/agilex_ws/install/nav2_msgs:/home/agilex/agilex_ws/install/nav_2d_msgs:/home/agilex/agilex_ws/install/nav2_common:${AMENT_PREFIX_PATH} CMAKE_PREFIX_PATH=/home/agilex/agilex_ws/install/nav2_core:/home/agilex/agilex_ws/install/nav2_costmap_2d:/home/agilex/agilex_ws/install/nav_2d_utils:/home/agilex/agilex_ws/install/nav2_util:/home/agilex/agilex_ws/install/nav2_voxel_grid:/home/agilex/agilex_ws/install/nav2_msgs:/home/agilex/agilex_ws/install/nav_2d_msgs:/home/agilex/agilex_ws/install/nav2_common:/opt/ros/humble LD_LIBRARY_PATH=/home/agilex/agilex_ws/install/nav2_costmap_2d/lib:/home/agilex/agilex_ws/install/nav_2d_utils/lib:/home/agilex/agilex_ws/install/nav2_util/lib:/home/agilex/agilex_ws/install/nav2_voxel_grid/lib:/home/agilex/agilex_ws/install/nav2_msgs/lib:/home/agilex/agilex_ws/install/nav_2d_msgs/lib:${LD_LIBRARY_PATH} PYTHONPATH=/home/agilex/agilex_ws/install/nav2_msgs/local/lib/python3.10/dist-packages:/home/agilex/agilex_ws/install/nav_2d_msgs/local/lib/python3.10/dist-packages:/home/agilex/agilex_ws/install/nav2_common/local/lib/python3.10/dist-packages:${PYTHONPATH} /usr/bin/cmake /home/agilex/agilex_ws/src/navigation2/nav2_smoother -DCMAKE_INSTALL_PREFIX=/home/agilex/agilex_ws/install/nav2_smoother
[538.359s] DEBUG:colcon.colcon_core.event_handler.log_command:Invoking command in '/home/agilex/agilex_ws/build/nav2_smoother': AMENT_PREFIX_PATH=/home/agilex/agilex_ws/install/nav2_core:/home/agilex/agilex_ws/install/nav2_costmap_2d:/home/agilex/agilex_ws/install/nav_2d_utils:/home/agilex/agilex_ws/install/nav2_util:/home/agilex/agilex_ws/install/nav2_voxel_grid:/home/agilex/agilex_ws/install/nav2_msgs:/home/agilex/agilex_ws/install/nav_2d_msgs:/home/agilex/agilex_ws/install/nav2_common:${AMENT_PREFIX_PATH} CMAKE_PREFIX_PATH=/home/agilex/agilex_ws/install/nav2_core:/home/agilex/agilex_ws/install/nav2_costmap_2d:/home/agilex/agilex_ws/install/nav_2d_utils:/home/agilex/agilex_ws/install/nav2_util:/home/agilex/agilex_ws/install/nav2_voxel_grid:/home/agilex/agilex_ws/install/nav2_msgs:/home/agilex/agilex_ws/install/nav_2d_msgs:/home/agilex/agilex_ws/install/nav2_common:/opt/ros/humble LD_LIBRARY_PATH=/home/agilex/agilex_ws/install/nav2_costmap_2d/lib:/home/agilex/agilex_ws/install/nav_2d_utils/lib:/home/agilex/agilex_ws/install/nav2_util/lib:/home/agilex/agilex_ws/install/nav2_voxel_grid/lib:/home/agilex/agilex_ws/install/nav2_msgs/lib:/home/agilex/agilex_ws/install/nav_2d_msgs/lib:${LD_LIBRARY_PATH} PYTHONPATH=/home/agilex/agilex_ws/install/nav2_msgs/local/lib/python3.10/dist-packages:/home/agilex/agilex_ws/install/nav_2d_msgs/local/lib/python3.10/dist-packages:/home/agilex/agilex_ws/install/nav2_common/local/lib/python3.10/dist-packages:${PYTHONPATH} /usr/bin/cmake --build /home/agilex/agilex_ws/build/nav2_smoother -- -j8 -l8
[540.832s] DEBUG:colcon.colcon_core.event_handler.log_command:Invoked command in '/home/agilex/agilex_ws/build/nav2_bt_navigator' returned '0': AMENT_PREFIX_PATH=/home/agilex/agilex_ws/install/nav2_core:/home/agilex/agilex_ws/install/nav2_costmap_2d:/home/agilex/agilex_ws/install/nav2_behavior_tree:/home/agilex/agilex_ws/install/nav2_util:/home/agilex/agilex_ws/install/nav2_voxel_grid:/home/agilex/agilex_ws/install/nav2_msgs:/home/agilex/agilex_ws/install/nav2_common:${AMENT_PREFIX_PATH} CMAKE_PREFIX_PATH=/home/agilex/agilex_ws/install/nav2_core:/home/agilex/agilex_ws/install/nav2_costmap_2d:/home/agilex/agilex_ws/install/nav2_behavior_tree:/home/agilex/agilex_ws/install/nav2_util:/home/agilex/agilex_ws/install/nav2_voxel_grid:/home/agilex/agilex_ws/install/nav2_msgs:/home/agilex/agilex_ws/install/nav2_common:/opt/ros/humble LD_LIBRARY_PATH=/home/agilex/agilex_ws/install/nav2_costmap_2d/lib:/home/agilex/agilex_ws/install/nav2_behavior_tree/lib:/home/agilex/agilex_ws/install/nav2_util/lib:/home/agilex/agilex_ws/install/nav2_voxel_grid/lib:/home/agilex/agilex_ws/install/nav2_msgs/lib:${LD_LIBRARY_PATH} PYTHONPATH=/home/agilex/agilex_ws/install/nav2_msgs/local/lib/python3.10/dist-packages:/home/agilex/agilex_ws/install/nav2_common/local/lib/python3.10/dist-packages:${PYTHONPATH} /usr/bin/cmake --build /home/agilex/agilex_ws/build/nav2_bt_navigator -- -j8 -l8
[540.837s] Level 1:colcon.colcon_core.environment:create_environment_scripts_only(nav2_waypoint_follower)
[540.839s] Level 1:colcon.colcon_core.environment:checking '/home/agilex/agilex_ws/install/nav2_waypoint_follower' for CMake module files
[540.840s] Level 1:colcon.colcon_core.environment:checking '/home/agilex/agilex_ws/install/nav2_waypoint_follower' for CMake config files
[540.840s] Level 1:colcon.colcon_core.shell:create_environment_hook('nav2_waypoint_follower', 'cmake_prefix_path')
[540.842s] INFO:colcon.colcon_core.shell:Creating environment hook '/home/agilex/agilex_ws/install/nav2_waypoint_follower/share/nav2_waypoint_follower/hook/cmake_prefix_path.ps1'
[540.842s] INFO:colcon.colcon_core.shell:Creating environment descriptor '/home/agilex/agilex_ws/install/nav2_waypoint_follower/share/nav2_waypoint_follower/hook/cmake_prefix_path.dsv'
[540.843s] INFO:colcon.colcon_core.shell:Creating environment hook '/home/agilex/agilex_ws/install/nav2_waypoint_follower/share/nav2_waypoint_follower/hook/cmake_prefix_path.sh'
[540.843s] Level 1:colcon.colcon_core.environment:checking '/home/agilex/agilex_ws/install/nav2_waypoint_follower/lib'
[540.843s] Level 1:colcon.colcon_core.shell:create_environment_hook('nav2_waypoint_follower', 'ld_library_path_lib')
[540.845s] INFO:colcon.colcon_core.shell:Creating environment hook '/home/agilex/agilex_ws/install/nav2_waypoint_follower/share/nav2_waypoint_follower/hook/ld_library_path_lib.ps1'
[540.845s] DEBUG:colcon.colcon_core.event_handler.log_command:Invoked command in '/home/agilex/agilex_ws/build/nav2_waypoint_follower' returned '0': AMENT_PREFIX_PATH=/home/agilex/agilex_ws/install/nav2_core:/home/agilex/agilex_ws/install/nav2_costmap_2d:/home/agilex/agilex_ws/install/nav2_util:/home/agilex/agilex_ws/install/nav2_voxel_grid:/home/agilex/agilex_ws/install/nav2_msgs:/home/agilex/agilex_ws/install/nav2_common:${AMENT_PREFIX_PATH} CMAKE_PREFIX_PATH=/home/agilex/agilex_ws/install/nav2_core:/home/agilex/agilex_ws/install/nav2_costmap_2d:/home/agilex/agilex_ws/install/nav2_util:/home/agilex/agilex_ws/install/nav2_voxel_grid:/home/agilex/agilex_ws/install/nav2_msgs:/home/agilex/agilex_ws/install/nav2_common:/opt/ros/humble LD_LIBRARY_PATH=/home/agilex/agilex_ws/install/nav2_costmap_2d/lib:/home/agilex/agilex_ws/install/nav2_util/lib:/home/agilex/agilex_ws/install/nav2_voxel_grid/lib:/home/agilex/agilex_ws/install/nav2_msgs/lib:${LD_LIBRARY_PATH} PYTHONPATH=/home/agilex/agilex_ws/install/nav2_msgs/local/lib/python3.10/dist-packages:/home/agilex/agilex_ws/install/nav2_common/local/lib/python3.10/dist-packages:${PYTHONPATH} /usr/bin/cmake --install /home/agilex/agilex_ws/build/nav2_waypoint_follower
[540.846s] INFO:colcon.colcon_core.shell:Creating environment descriptor '/home/agilex/agilex_ws/install/nav2_waypoint_follower/share/nav2_waypoint_follower/hook/ld_library_path_lib.dsv'
[540.846s] INFO:colcon.colcon_core.shell:Creating environment hook '/home/agilex/agilex_ws/install/nav2_waypoint_follower/share/nav2_waypoint_follower/hook/ld_library_path_lib.sh'
[540.847s] Level 1:colcon.colcon_core.environment:checking '/home/agilex/agilex_ws/install/nav2_waypoint_follower/bin'
[540.847s] Level 1:colcon.colcon_core.environment:checking '/home/agilex/agilex_ws/install/nav2_waypoint_follower/lib/pkgconfig/nav2_waypoint_follower.pc'
[540.847s] Level 1:colcon.colcon_core.environment:checking '/home/agilex/agilex_ws/install/nav2_waypoint_follower/lib/python3.10/site-packages'
[540.848s] Level 1:colcon.colcon_core.environment:checking '/home/agilex/agilex_ws/install/nav2_waypoint_follower/bin'
[540.849s] INFO:colcon.colcon_core.shell:Creating package script '/home/agilex/agilex_ws/install/nav2_waypoint_follower/share/nav2_waypoint_follower/package.ps1'
[540.850s] INFO:colcon.colcon_core.shell:Creating package descriptor '/home/agilex/agilex_ws/install/nav2_waypoint_follower/share/nav2_waypoint_follower/package.dsv'
[540.850s] INFO:colcon.colcon_core.shell:Creating package script '/home/agilex/agilex_ws/install/nav2_waypoint_follower/share/nav2_waypoint_follower/package.sh'
[540.851s] INFO:colcon.colcon_core.shell:Creating package script '/home/agilex/agilex_ws/install/nav2_waypoint_follower/share/nav2_waypoint_follower/package.bash'
[540.851s] INFO:colcon.colcon_core.shell:Creating package script '/home/agilex/agilex_ws/install/nav2_waypoint_follower/share/nav2_waypoint_follower/package.zsh'
[540.851s] Level 1:colcon.colcon_core.environment:create_file_with_runtime_dependencies(/home/agilex/agilex_ws/install/nav2_waypoint_follower/share/colcon-core/packages/nav2_waypoint_follower)
[540.871s] DEBUG:colcon.colcon_core.event_handler.log_command:Invoking command in '/home/agilex/agilex_ws/build/nav2_bt_navigator': AMENT_PREFIX_PATH=/home/agilex/agilex_ws/install/nav2_core:/home/agilex/agilex_ws/install/nav2_costmap_2d:/home/agilex/agilex_ws/install/nav2_behavior_tree:/home/agilex/agilex_ws/install/nav2_util:/home/agilex/agilex_ws/install/nav2_voxel_grid:/home/agilex/agilex_ws/install/nav2_msgs:/home/agilex/agilex_ws/install/nav2_common:${AMENT_PREFIX_PATH} CMAKE_PREFIX_PATH=/home/agilex/agilex_ws/install/nav2_core:/home/agilex/agilex_ws/install/nav2_costmap_2d:/home/agilex/agilex_ws/install/nav2_behavior_tree:/home/agilex/agilex_ws/install/nav2_util:/home/agilex/agilex_ws/install/nav2_voxel_grid:/home/agilex/agilex_ws/install/nav2_msgs:/home/agilex/agilex_ws/install/nav2_common:/opt/ros/humble LD_LIBRARY_PATH=/home/agilex/agilex_ws/install/nav2_costmap_2d/lib:/home/agilex/agilex_ws/install/nav2_behavior_tree/lib:/home/agilex/agilex_ws/install/nav2_util/lib:/home/agilex/agilex_ws/install/nav2_voxel_grid/lib:/home/agilex/agilex_ws/install/nav2_msgs/lib:${LD_LIBRARY_PATH} PYTHONPATH=/home/agilex/agilex_ws/install/nav2_msgs/local/lib/python3.10/dist-packages:/home/agilex/agilex_ws/install/nav2_common/local/lib/python3.10/dist-packages:${PYTHONPATH} /usr/bin/cmake --install /home/agilex/agilex_ws/build/nav2_bt_navigator
[540.884s] Level 1:colcon.colcon_core.environment:create_environment_scripts_only(nav2_waypoint_follower)
[540.886s] Level 1:colcon.colcon_core.environment:checking '/home/agilex/agilex_ws/install/nav2_waypoint_follower' for CMake module files
[540.888s] Level 1:colcon.colcon_core.environment:checking '/home/agilex/agilex_ws/install/nav2_waypoint_follower' for CMake config files
[540.888s] Level 1:colcon.colcon_core.shell:create_environment_hook('nav2_waypoint_follower', 'cmake_prefix_path')
[540.890s] INFO:colcon.colcon_core.shell:Creating environment hook '/home/agilex/agilex_ws/install/nav2_waypoint_follower/share/nav2_waypoint_follower/hook/cmake_prefix_path.ps1'
[540.891s] INFO:colcon.colcon_core.shell:Creating environment descriptor '/home/agilex/agilex_ws/install/nav2_waypoint_follower/share/nav2_waypoint_follower/hook/cmake_prefix_path.dsv'
[540.891s] INFO:colcon.colcon_core.shell:Creating environment hook '/home/agilex/agilex_ws/install/nav2_waypoint_follower/share/nav2_waypoint_follower/hook/cmake_prefix_path.sh'
[540.893s] Level 1:colcon.colcon_core.environment:checking '/home/agilex/agilex_ws/install/nav2_waypoint_follower/lib'
[540.894s] Level 1:colcon.colcon_core.shell:create_environment_hook('nav2_waypoint_follower', 'ld_library_path_lib')
[540.896s] INFO:colcon.colcon_core.shell:Creating environment hook '/home/agilex/agilex_ws/install/nav2_waypoint_follower/share/nav2_waypoint_follower/hook/ld_library_path_lib.ps1'
[540.897s] INFO:colcon.colcon_core.shell:Creating environment descriptor '/home/agilex/agilex_ws/install/nav2_waypoint_follower/share/nav2_waypoint_follower/hook/ld_library_path_lib.dsv'
[540.897s] INFO:colcon.colcon_core.shell:Creating environment hook '/home/agilex/agilex_ws/install/nav2_waypoint_follower/share/nav2_waypoint_follower/hook/ld_library_path_lib.sh'
[540.898s] Level 1:colcon.colcon_core.environment:checking '/home/agilex/agilex_ws/install/nav2_waypoint_follower/bin'
[540.898s] Level 1:colcon.colcon_core.environment:checking '/home/agilex/agilex_ws/install/nav2_waypoint_follower/lib/pkgconfig/nav2_waypoint_follower.pc'
[540.898s] Level 1:colcon.colcon_core.environment:checking '/home/agilex/agilex_ws/install/nav2_waypoint_follower/lib/python3.10/site-packages'
[540.899s] Level 1:colcon.colcon_core.environment:checking '/home/agilex/agilex_ws/install/nav2_waypoint_follower/bin'
[540.900s] INFO:colcon.colcon_core.shell:Creating package script '/home/agilex/agilex_ws/install/nav2_waypoint_follower/share/nav2_waypoint_follower/package.ps1'
[540.902s] INFO:colcon.colcon_core.shell:Creating package descriptor '/home/agilex/agilex_ws/install/nav2_waypoint_follower/share/nav2_waypoint_follower/package.dsv'
[540.903s] INFO:colcon.colcon_core.shell:Creating package script '/home/agilex/agilex_ws/install/nav2_waypoint_follower/share/nav2_waypoint_follower/package.sh'
[540.903s] INFO:colcon.colcon_core.shell:Creating package script '/home/agilex/agilex_ws/install/nav2_waypoint_follower/share/nav2_waypoint_follower/package.bash'
[540.905s] INFO:colcon.colcon_core.shell:Creating package script '/home/agilex/agilex_ws/install/nav2_waypoint_follower/share/nav2_waypoint_follower/package.zsh'
[540.905s] Level 1:colcon.colcon_core.environment:create_file_with_runtime_dependencies(/home/agilex/agilex_ws/install/nav2_waypoint_follower/share/colcon-core/packages/nav2_waypoint_follower)
[540.907s] INFO:colcon.colcon_ros.task.ament_cmake.build:Building ROS package in '/home/agilex/agilex_ws/src/navigation2/nav2_theta_star_planner' with build type 'ament_cmake'
[540.907s] INFO:colcon.colcon_cmake.task.cmake.build:Building CMake package in '/home/agilex/agilex_ws/src/navigation2/nav2_theta_star_planner'
[540.909s] INFO:colcon.colcon_core.shell:Skip shell extension 'powershell' for command environment: Not usable outside of PowerShell
[540.909s] DEBUG:colcon.colcon_core.shell:Skip shell extension 'dsv' for command environment
[540.924s] DEBUG:colcon.colcon_core.event_handler.log_command:Invoking command in '/home/agilex/agilex_ws/build/nav2_theta_star_planner': AMENT_PREFIX_PATH=/home/agilex/agilex_ws/install/nav2_core:/home/agilex/agilex_ws/install/nav2_costmap_2d:/home/agilex/agilex_ws/install/nav2_util:/home/agilex/agilex_ws/install/nav2_voxel_grid:/home/agilex/agilex_ws/install/nav2_msgs:/home/agilex/agilex_ws/install/nav2_common:${AMENT_PREFIX_PATH} CMAKE_PREFIX_PATH=/home/agilex/agilex_ws/install/nav2_core:/home/agilex/agilex_ws/install/nav2_costmap_2d:/home/agilex/agilex_ws/install/nav2_util:/home/agilex/agilex_ws/install/nav2_voxel_grid:/home/agilex/agilex_ws/install/nav2_msgs:/home/agilex/agilex_ws/install/nav2_common:/opt/ros/humble LD_LIBRARY_PATH=/home/agilex/agilex_ws/install/nav2_costmap_2d/lib:/home/agilex/agilex_ws/install/nav2_util/lib:/home/agilex/agilex_ws/install/nav2_voxel_grid/lib:/home/agilex/agilex_ws/install/nav2_msgs/lib:${LD_LIBRARY_PATH} PYTHONPATH=/home/agilex/agilex_ws/install/nav2_msgs/local/lib/python3.10/dist-packages:/home/agilex/agilex_ws/install/nav2_common/local/lib/python3.10/dist-packages:${PYTHONPATH} /usr/bin/cmake /home/agilex/agilex_ws/src/navigation2/nav2_theta_star_planner -DCMAKE_INSTALL_PREFIX=/home/agilex/agilex_ws/install/nav2_theta_star_planner
[551.055s] DEBUG:colcon.colcon_core.event_handler.log_command:Invoked command in '/home/agilex/agilex_ws/build/nav2_controller' returned '0': AMENT_PREFIX_PATH=/home/agilex/agilex_ws/install/nav2_core:/home/agilex/agilex_ws/install/nav2_costmap_2d:/home/agilex/agilex_ws/install/nav_2d_utils:/home/agilex/agilex_ws/install/nav2_util:/home/agilex/agilex_ws/install/nav2_voxel_grid:/home/agilex/agilex_ws/install/nav2_msgs:/home/agilex/agilex_ws/install/nav_2d_msgs:/home/agilex/agilex_ws/install/nav2_common:${AMENT_PREFIX_PATH} CMAKE_PREFIX_PATH=/home/agilex/agilex_ws/install/nav2_core:/home/agilex/agilex_ws/install/nav2_costmap_2d:/home/agilex/agilex_ws/install/nav_2d_utils:/home/agilex/agilex_ws/install/nav2_util:/home/agilex/agilex_ws/install/nav2_voxel_grid:/home/agilex/agilex_ws/install/nav2_msgs:/home/agilex/agilex_ws/install/nav_2d_msgs:/home/agilex/agilex_ws/install/nav2_common:/opt/ros/humble LD_LIBRARY_PATH=/home/agilex/agilex_ws/install/nav2_costmap_2d/lib:/home/agilex/agilex_ws/install/nav_2d_utils/lib:/home/agilex/agilex_ws/install/nav2_util/lib:/home/agilex/agilex_ws/install/nav2_voxel_grid/lib:/home/agilex/agilex_ws/install/nav2_msgs/lib:/home/agilex/agilex_ws/install/nav_2d_msgs/lib:${LD_LIBRARY_PATH} PYTHONPATH=/home/agilex/agilex_ws/install/nav2_msgs/local/lib/python3.10/dist-packages:/home/agilex/agilex_ws/install/nav_2d_msgs/local/lib/python3.10/dist-packages:/home/agilex/agilex_ws/install/nav2_common/local/lib/python3.10/dist-packages:${PYTHONPATH} /usr/bin/cmake --build /home/agilex/agilex_ws/build/nav2_controller -- -j8 -l8
[551.055s] Level 1:colcon.colcon_core.environment:create_environment_scripts_only(nav2_bt_navigator)
[551.058s] Level 1:colcon.colcon_core.environment:checking '/home/agilex/agilex_ws/install/nav2_bt_navigator' for CMake module files
[551.059s] Level 1:colcon.colcon_core.environment:checking '/home/agilex/agilex_ws/install/nav2_bt_navigator' for CMake config files
[551.059s] Level 1:colcon.colcon_core.shell:create_environment_hook('nav2_bt_navigator', 'cmake_prefix_path')
[551.061s] INFO:colcon.colcon_core.shell:Creating environment hook '/home/agilex/agilex_ws/install/nav2_bt_navigator/share/nav2_bt_navigator/hook/cmake_prefix_path.ps1'
[551.061s] DEBUG:colcon.colcon_core.event_handler.log_command:Invoked command in '/home/agilex/agilex_ws/build/nav2_bt_navigator' returned '0': AMENT_PREFIX_PATH=/home/agilex/agilex_ws/install/nav2_core:/home/agilex/agilex_ws/install/nav2_costmap_2d:/home/agilex/agilex_ws/install/nav2_behavior_tree:/home/agilex/agilex_ws/install/nav2_util:/home/agilex/agilex_ws/install/nav2_voxel_grid:/home/agilex/agilex_ws/install/nav2_msgs:/home/agilex/agilex_ws/install/nav2_common:${AMENT_PREFIX_PATH} CMAKE_PREFIX_PATH=/home/agilex/agilex_ws/install/nav2_core:/home/agilex/agilex_ws/install/nav2_costmap_2d:/home/agilex/agilex_ws/install/nav2_behavior_tree:/home/agilex/agilex_ws/install/nav2_util:/home/agilex/agilex_ws/install/nav2_voxel_grid:/home/agilex/agilex_ws/install/nav2_msgs:/home/agilex/agilex_ws/install/nav2_common:/opt/ros/humble LD_LIBRARY_PATH=/home/agilex/agilex_ws/install/nav2_costmap_2d/lib:/home/agilex/agilex_ws/install/nav2_behavior_tree/lib:/home/agilex/agilex_ws/install/nav2_util/lib:/home/agilex/agilex_ws/install/nav2_voxel_grid/lib:/home/agilex/agilex_ws/install/nav2_msgs/lib:${LD_LIBRARY_PATH} PYTHONPATH=/home/agilex/agilex_ws/install/nav2_msgs/local/lib/python3.10/dist-packages:/home/agilex/agilex_ws/install/nav2_common/local/lib/python3.10/dist-packages:${PYTHONPATH} /usr/bin/cmake --install /home/agilex/agilex_ws/build/nav2_bt_navigator
[551.062s] INFO:colcon.colcon_core.shell:Creating environment descriptor '/home/agilex/agilex_ws/install/nav2_bt_navigator/share/nav2_bt_navigator/hook/cmake_prefix_path.dsv'
[551.062s] INFO:colcon.colcon_core.shell:Creating environment hook '/home/agilex/agilex_ws/install/nav2_bt_navigator/share/nav2_bt_navigator/hook/cmake_prefix_path.sh'
[551.063s] Level 1:colcon.colcon_core.environment:checking '/home/agilex/agilex_ws/install/nav2_bt_navigator/lib'
[551.063s] Level 1:colcon.colcon_core.shell:create_environment_hook('nav2_bt_navigator', 'ld_library_path_lib')
[551.065s] INFO:colcon.colcon_core.shell:Creating environment hook '/home/agilex/agilex_ws/install/nav2_bt_navigator/share/nav2_bt_navigator/hook/ld_library_path_lib.ps1'
[551.066s] INFO:colcon.colcon_core.shell:Creating environment descriptor '/home/agilex/agilex_ws/install/nav2_bt_navigator/share/nav2_bt_navigator/hook/ld_library_path_lib.dsv'
[551.066s] INFO:colcon.colcon_core.shell:Creating environment hook '/home/agilex/agilex_ws/install/nav2_bt_navigator/share/nav2_bt_navigator/hook/ld_library_path_lib.sh'
[551.066s] Level 1:colcon.colcon_core.environment:checking '/home/agilex/agilex_ws/install/nav2_bt_navigator/bin'
[551.067s] Level 1:colcon.colcon_core.environment:checking '/home/agilex/agilex_ws/install/nav2_bt_navigator/lib/pkgconfig/nav2_bt_navigator.pc'
[551.067s] Level 1:colcon.colcon_core.environment:checking '/home/agilex/agilex_ws/install/nav2_bt_navigator/lib/python3.10/site-packages'
[551.067s] Level 1:colcon.colcon_core.environment:checking '/home/agilex/agilex_ws/install/nav2_bt_navigator/bin'
[551.070s] INFO:colcon.colcon_core.shell:Creating package script '/home/agilex/agilex_ws/install/nav2_bt_navigator/share/nav2_bt_navigator/package.ps1'
[551.070s] INFO:colcon.colcon_core.shell:Creating package descriptor '/home/agilex/agilex_ws/install/nav2_bt_navigator/share/nav2_bt_navigator/package.dsv'
[551.071s] INFO:colcon.colcon_core.shell:Creating package script '/home/agilex/agilex_ws/install/nav2_bt_navigator/share/nav2_bt_navigator/package.sh'
[551.071s] INFO:colcon.colcon_core.shell:Creating package script '/home/agilex/agilex_ws/install/nav2_bt_navigator/share/nav2_bt_navigator/package.bash'
[551.072s] INFO:colcon.colcon_core.shell:Creating package script '/home/agilex/agilex_ws/install/nav2_bt_navigator/share/nav2_bt_navigator/package.zsh'
[551.072s] Level 1:colcon.colcon_core.environment:create_file_with_runtime_dependencies(/home/agilex/agilex_ws/install/nav2_bt_navigator/share/colcon-core/packages/nav2_bt_navigator)
[551.102s] DEBUG:colcon.colcon_core.event_handler.log_command:Invoking command in '/home/agilex/agilex_ws/build/nav2_controller': AMENT_PREFIX_PATH=/home/agilex/agilex_ws/install/nav2_core:/home/agilex/agilex_ws/install/nav2_costmap_2d:/home/agilex/agilex_ws/install/nav_2d_utils:/home/agilex/agilex_ws/install/nav2_util:/home/agilex/agilex_ws/install/nav2_voxel_grid:/home/agilex/agilex_ws/install/nav2_msgs:/home/agilex/agilex_ws/install/nav_2d_msgs:/home/agilex/agilex_ws/install/nav2_common:${AMENT_PREFIX_PATH} CMAKE_PREFIX_PATH=/home/agilex/agilex_ws/install/nav2_core:/home/agilex/agilex_ws/install/nav2_costmap_2d:/home/agilex/agilex_ws/install/nav_2d_utils:/home/agilex/agilex_ws/install/nav2_util:/home/agilex/agilex_ws/install/nav2_voxel_grid:/home/agilex/agilex_ws/install/nav2_msgs:/home/agilex/agilex_ws/install/nav_2d_msgs:/home/agilex/agilex_ws/install/nav2_common:/opt/ros/humble LD_LIBRARY_PATH=/home/agilex/agilex_ws/install/nav2_costmap_2d/lib:/home/agilex/agilex_ws/install/nav_2d_utils/lib:/home/agilex/agilex_ws/install/nav2_util/lib:/home/agilex/agilex_ws/install/nav2_voxel_grid/lib:/home/agilex/agilex_ws/install/nav2_msgs/lib:/home/agilex/agilex_ws/install/nav_2d_msgs/lib:${LD_LIBRARY_PATH} PYTHONPATH=/home/agilex/agilex_ws/install/nav2_msgs/local/lib/python3.10/dist-packages:/home/agilex/agilex_ws/install/nav_2d_msgs/local/lib/python3.10/dist-packages:/home/agilex/agilex_ws/install/nav2_common/local/lib/python3.10/dist-packages:${PYTHONPATH} /usr/bin/cmake --install /home/agilex/agilex_ws/build/nav2_controller
[551.112s] Level 1:colcon.colcon_core.environment:create_environment_scripts_only(nav2_bt_navigator)
[551.115s] Level 1:colcon.colcon_core.environment:checking '/home/agilex/agilex_ws/install/nav2_bt_navigator' for CMake module files
[551.115s] Level 1:colcon.colcon_core.environment:checking '/home/agilex/agilex_ws/install/nav2_bt_navigator' for CMake config files
[551.115s] Level 1:colcon.colcon_core.shell:create_environment_hook('nav2_bt_navigator', 'cmake_prefix_path')
[551.117s] INFO:colcon.colcon_core.shell:Creating environment hook '/home/agilex/agilex_ws/install/nav2_bt_navigator/share/nav2_bt_navigator/hook/cmake_prefix_path.ps1'
[551.118s] INFO:colcon.colcon_core.shell:Creating environment descriptor '/home/agilex/agilex_ws/install/nav2_bt_navigator/share/nav2_bt_navigator/hook/cmake_prefix_path.dsv'
[551.118s] INFO:colcon.colcon_core.shell:Creating environment hook '/home/agilex/agilex_ws/install/nav2_bt_navigator/share/nav2_bt_navigator/hook/cmake_prefix_path.sh'
[551.119s] Level 1:colcon.colcon_core.environment:checking '/home/agilex/agilex_ws/install/nav2_bt_navigator/lib'
[551.119s] Level 1:colcon.colcon_core.shell:create_environment_hook('nav2_bt_navigator', 'ld_library_path_lib')
[551.120s] INFO:colcon.colcon_core.shell:Creating environment hook '/home/agilex/agilex_ws/install/nav2_bt_navigator/share/nav2_bt_navigator/hook/ld_library_path_lib.ps1'
[551.121s] INFO:colcon.colcon_core.shell:Creating environment descriptor '/home/agilex/agilex_ws/install/nav2_bt_navigator/share/nav2_bt_navigator/hook/ld_library_path_lib.dsv'
[551.121s] INFO:colcon.colcon_core.shell:Creating environment hook '/home/agilex/agilex_ws/install/nav2_bt_navigator/share/nav2_bt_navigator/hook/ld_library_path_lib.sh'
[551.122s] Level 1:colcon.colcon_core.environment:checking '/home/agilex/agilex_ws/install/nav2_bt_navigator/bin'
[551.122s] Level 1:colcon.colcon_core.environment:checking '/home/agilex/agilex_ws/install/nav2_bt_navigator/lib/pkgconfig/nav2_bt_navigator.pc'
[551.122s] Level 1:colcon.colcon_core.environment:checking '/home/agilex/agilex_ws/install/nav2_bt_navigator/lib/python3.10/site-packages'
[551.122s] Level 1:colcon.colcon_core.environment:checking '/home/agilex/agilex_ws/install/nav2_bt_navigator/bin'
[551.124s] INFO:colcon.colcon_core.shell:Creating package script '/home/agilex/agilex_ws/install/nav2_bt_navigator/share/nav2_bt_navigator/package.ps1'
[551.125s] INFO:colcon.colcon_core.shell:Creating package descriptor '/home/agilex/agilex_ws/install/nav2_bt_navigator/share/nav2_bt_navigator/package.dsv'
[551.126s] INFO:colcon.colcon_core.shell:Creating package script '/home/agilex/agilex_ws/install/nav2_bt_navigator/share/nav2_bt_navigator/package.sh'
[551.126s] INFO:colcon.colcon_core.shell:Creating package script '/home/agilex/agilex_ws/install/nav2_bt_navigator/share/nav2_bt_navigator/package.bash'
[551.126s] INFO:colcon.colcon_core.shell:Creating package script '/home/agilex/agilex_ws/install/nav2_bt_navigator/share/nav2_bt_navigator/package.zsh'
[551.127s] Level 1:colcon.colcon_core.environment:create_file_with_runtime_dependencies(/home/agilex/agilex_ws/install/nav2_bt_navigator/share/colcon-core/packages/nav2_bt_navigator)
[551.128s] INFO:colcon.colcon_ros.task.ament_cmake.build:Building ROS package in '/home/agilex/agilex_ws/src/navigation2/nav2_constrained_smoother' with build type 'ament_cmake'
[551.129s] INFO:colcon.colcon_cmake.task.cmake.build:Building CMake package in '/home/agilex/agilex_ws/src/navigation2/nav2_constrained_smoother'
[551.133s] INFO:colcon.colcon_core.shell:Skip shell extension 'powershell' for command environment: Not usable outside of PowerShell
[551.138s] DEBUG:colcon.colcon_core.shell:Skip shell extension 'dsv' for command environment
[551.155s] DEBUG:colcon.colcon_core.event_handler.log_command:Invoking command in '/home/agilex/agilex_ws/build/nav2_constrained_smoother': AMENT_PREFIX_PATH=/home/agilex/agilex_ws/install/nav2_core:/home/agilex/agilex_ws/install/nav2_costmap_2d:/home/agilex/agilex_ws/install/nav2_util:/home/agilex/agilex_ws/install/nav2_voxel_grid:/home/agilex/agilex_ws/install/nav2_msgs:/home/agilex/agilex_ws/install/nav2_common:${AMENT_PREFIX_PATH} CMAKE_PREFIX_PATH=/home/agilex/agilex_ws/install/nav2_core:/home/agilex/agilex_ws/install/nav2_costmap_2d:/home/agilex/agilex_ws/install/nav2_util:/home/agilex/agilex_ws/install/nav2_voxel_grid:/home/agilex/agilex_ws/install/nav2_msgs:/home/agilex/agilex_ws/install/nav2_common:/opt/ros/humble LD_LIBRARY_PATH=/home/agilex/agilex_ws/install/nav2_costmap_2d/lib:/home/agilex/agilex_ws/install/nav2_util/lib:/home/agilex/agilex_ws/install/nav2_voxel_grid/lib:/home/agilex/agilex_ws/install/nav2_msgs/lib:${LD_LIBRARY_PATH} PYTHONPATH=/home/agilex/agilex_ws/install/nav2_msgs/local/lib/python3.10/dist-packages:/home/agilex/agilex_ws/install/nav2_common/local/lib/python3.10/dist-packages:${PYTHONPATH} /usr/bin/cmake /home/agilex/agilex_ws/src/navigation2/nav2_constrained_smoother -DCMAKE_INSTALL_PREFIX=/home/agilex/agilex_ws/install/nav2_constrained_smoother
[553.108s] DEBUG:colcon.colcon_core.event_handler.log_command:Invoked command in '/home/agilex/agilex_ws/build/dwb_plugins' returned '0': AMENT_PREFIX_PATH=/home/agilex/agilex_ws/install/dwb_core:/home/agilex/agilex_ws/install/nav2_core:/home/agilex/agilex_ws/install/nav2_costmap_2d:/home/agilex/agilex_ws/install/nav_2d_utils:/home/agilex/agilex_ws/install/nav2_util:/home/agilex/agilex_ws/install/nav2_voxel_grid:/home/agilex/agilex_ws/install/nav2_msgs:/home/agilex/agilex_ws/install/dwb_msgs:/home/agilex/agilex_ws/install/nav_2d_msgs:/home/agilex/agilex_ws/install/nav2_common:${AMENT_PREFIX_PATH} CMAKE_PREFIX_PATH=/home/agilex/agilex_ws/install/dwb_core:/home/agilex/agilex_ws/install/nav2_core:/home/agilex/agilex_ws/install/nav2_costmap_2d:/home/agilex/agilex_ws/install/nav_2d_utils:/home/agilex/agilex_ws/install/nav2_util:/home/agilex/agilex_ws/install/nav2_voxel_grid:/home/agilex/agilex_ws/install/nav2_msgs:/home/agilex/agilex_ws/install/dwb_msgs:/home/agilex/agilex_ws/install/nav_2d_msgs:/home/agilex/agilex_ws/install/nav2_common:/opt/ros/humble LD_LIBRARY_PATH=/home/agilex/agilex_ws/install/dwb_core/lib:/home/agilex/agilex_ws/install/nav2_costmap_2d/lib:/home/agilex/agilex_ws/install/nav_2d_utils/lib:/home/agilex/agilex_ws/install/nav2_util/lib:/home/agilex/agilex_ws/install/nav2_voxel_grid/lib:/home/agilex/agilex_ws/install/nav2_msgs/lib:/home/agilex/agilex_ws/install/dwb_msgs/lib:/home/agilex/agilex_ws/install/nav_2d_msgs/lib:${LD_LIBRARY_PATH} PYTHONPATH=/home/agilex/agilex_ws/install/nav2_msgs/local/lib/python3.10/dist-packages:/home/agilex/agilex_ws/install/dwb_msgs/local/lib/python3.10/dist-packages:/home/agilex/agilex_ws/install/nav_2d_msgs/local/lib/python3.10/dist-packages:/home/agilex/agilex_ws/install/nav2_common/local/lib/python3.10/dist-packages:${PYTHONPATH} /usr/bin/cmake --build /home/agilex/agilex_ws/build/dwb_plugins -- -j8 -l8
[553.109s] Level 1:colcon.colcon_core.environment:create_environment_scripts_only(nav2_controller)
[553.111s] Level 1:colcon.colcon_core.environment:checking '/home/agilex/agilex_ws/install/nav2_controller' for CMake module files
[553.112s] DEBUG:colcon.colcon_core.event_handler.log_command:Invoked command in '/home/agilex/agilex_ws/build/nav2_controller' returned '0': AMENT_PREFIX_PATH=/home/agilex/agilex_ws/install/nav2_core:/home/agilex/agilex_ws/install/nav2_costmap_2d:/home/agilex/agilex_ws/install/nav_2d_utils:/home/agilex/agilex_ws/install/nav2_util:/home/agilex/agilex_ws/install/nav2_voxel_grid:/home/agilex/agilex_ws/install/nav2_msgs:/home/agilex/agilex_ws/install/nav_2d_msgs:/home/agilex/agilex_ws/install/nav2_common:${AMENT_PREFIX_PATH} CMAKE_PREFIX_PATH=/home/agilex/agilex_ws/install/nav2_core:/home/agilex/agilex_ws/install/nav2_costmap_2d:/home/agilex/agilex_ws/install/nav_2d_utils:/home/agilex/agilex_ws/install/nav2_util:/home/agilex/agilex_ws/install/nav2_voxel_grid:/home/agilex/agilex_ws/install/nav2_msgs:/home/agilex/agilex_ws/install/nav_2d_msgs:/home/agilex/agilex_ws/install/nav2_common:/opt/ros/humble LD_LIBRARY_PATH=/home/agilex/agilex_ws/install/nav2_costmap_2d/lib:/home/agilex/agilex_ws/install/nav_2d_utils/lib:/home/agilex/agilex_ws/install/nav2_util/lib:/home/agilex/agilex_ws/install/nav2_voxel_grid/lib:/home/agilex/agilex_ws/install/nav2_msgs/lib:/home/agilex/agilex_ws/install/nav_2d_msgs/lib:${LD_LIBRARY_PATH} PYTHONPATH=/home/agilex/agilex_ws/install/nav2_msgs/local/lib/python3.10/dist-packages:/home/agilex/agilex_ws/install/nav_2d_msgs/local/lib/python3.10/dist-packages:/home/agilex/agilex_ws/install/nav2_common/local/lib/python3.10/dist-packages:${PYTHONPATH} /usr/bin/cmake --install /home/agilex/agilex_ws/build/nav2_controller
[553.112s] Level 1:colcon.colcon_core.environment:checking '/home/agilex/agilex_ws/install/nav2_controller' for CMake config files
[553.113s] Level 1:colcon.colcon_core.shell:create_environment_hook('nav2_controller', 'cmake_prefix_path')
[553.114s] INFO:colcon.colcon_core.shell:Creating environment hook '/home/agilex/agilex_ws/install/nav2_controller/share/nav2_controller/hook/cmake_prefix_path.ps1'
[553.115s] INFO:colcon.colcon_core.shell:Creating environment descriptor '/home/agilex/agilex_ws/install/nav2_controller/share/nav2_controller/hook/cmake_prefix_path.dsv'
[553.115s] INFO:colcon.colcon_core.shell:Creating environment hook '/home/agilex/agilex_ws/install/nav2_controller/share/nav2_controller/hook/cmake_prefix_path.sh'
[553.116s] Level 1:colcon.colcon_core.environment:checking '/home/agilex/agilex_ws/install/nav2_controller/lib'
[553.116s] Level 1:colcon.colcon_core.shell:create_environment_hook('nav2_controller', 'ld_library_path_lib')
[553.118s] INFO:colcon.colcon_core.shell:Creating environment hook '/home/agilex/agilex_ws/install/nav2_controller/share/nav2_controller/hook/ld_library_path_lib.ps1'
[553.118s] INFO:colcon.colcon_core.shell:Creating environment descriptor '/home/agilex/agilex_ws/install/nav2_controller/share/nav2_controller/hook/ld_library_path_lib.dsv'
[553.119s] INFO:colcon.colcon_core.shell:Creating environment hook '/home/agilex/agilex_ws/install/nav2_controller/share/nav2_controller/hook/ld_library_path_lib.sh'
[553.119s] Level 1:colcon.colcon_core.environment:checking '/home/agilex/agilex_ws/install/nav2_controller/bin'
[553.119s] Level 1:colcon.colcon_core.environment:checking '/home/agilex/agilex_ws/install/nav2_controller/lib/pkgconfig/nav2_controller.pc'
[553.119s] Level 1:colcon.colcon_core.environment:checking '/home/agilex/agilex_ws/install/nav2_controller/lib/python3.10/site-packages'
[553.120s] Level 1:colcon.colcon_core.environment:checking '/home/agilex/agilex_ws/install/nav2_controller/bin'
[553.122s] INFO:colcon.colcon_core.shell:Creating package script '/home/agilex/agilex_ws/install/nav2_controller/share/nav2_controller/package.ps1'
[553.122s] INFO:colcon.colcon_core.shell:Creating package descriptor '/home/agilex/agilex_ws/install/nav2_controller/share/nav2_controller/package.dsv'
[553.123s] INFO:colcon.colcon_core.shell:Creating package script '/home/agilex/agilex_ws/install/nav2_controller/share/nav2_controller/package.sh'
[553.123s] INFO:colcon.colcon_core.shell:Creating package script '/home/agilex/agilex_ws/install/nav2_controller/share/nav2_controller/package.bash'
[553.124s] INFO:colcon.colcon_core.shell:Creating package script '/home/agilex/agilex_ws/install/nav2_controller/share/nav2_controller/package.zsh'
[553.124s] Level 1:colcon.colcon_core.environment:create_file_with_runtime_dependencies(/home/agilex/agilex_ws/install/nav2_controller/share/colcon-core/packages/nav2_controller)
[553.136s] DEBUG:colcon.colcon_core.event_handler.log_command:Invoking command in '/home/agilex/agilex_ws/build/dwb_plugins': AMENT_PREFIX_PATH=/home/agilex/agilex_ws/install/dwb_core:/home/agilex/agilex_ws/install/nav2_core:/home/agilex/agilex_ws/install/nav2_costmap_2d:/home/agilex/agilex_ws/install/nav_2d_utils:/home/agilex/agilex_ws/install/nav2_util:/home/agilex/agilex_ws/install/nav2_voxel_grid:/home/agilex/agilex_ws/install/nav2_msgs:/home/agilex/agilex_ws/install/dwb_msgs:/home/agilex/agilex_ws/install/nav_2d_msgs:/home/agilex/agilex_ws/install/nav2_common:${AMENT_PREFIX_PATH} CMAKE_PREFIX_PATH=/home/agilex/agilex_ws/install/dwb_core:/home/agilex/agilex_ws/install/nav2_core:/home/agilex/agilex_ws/install/nav2_costmap_2d:/home/agilex/agilex_ws/install/nav_2d_utils:/home/agilex/agilex_ws/install/nav2_util:/home/agilex/agilex_ws/install/nav2_voxel_grid:/home/agilex/agilex_ws/install/nav2_msgs:/home/agilex/agilex_ws/install/dwb_msgs:/home/agilex/agilex_ws/install/nav_2d_msgs:/home/agilex/agilex_ws/install/nav2_common:/opt/ros/humble LD_LIBRARY_PATH=/home/agilex/agilex_ws/install/dwb_core/lib:/home/agilex/agilex_ws/install/nav2_costmap_2d/lib:/home/agilex/agilex_ws/install/nav_2d_utils/lib:/home/agilex/agilex_ws/install/nav2_util/lib:/home/agilex/agilex_ws/install/nav2_voxel_grid/lib:/home/agilex/agilex_ws/install/nav2_msgs/lib:/home/agilex/agilex_ws/install/dwb_msgs/lib:/home/agilex/agilex_ws/install/nav_2d_msgs/lib:${LD_LIBRARY_PATH} PYTHONPATH=/home/agilex/agilex_ws/install/nav2_msgs/local/lib/python3.10/dist-packages:/home/agilex/agilex_ws/install/dwb_msgs/local/lib/python3.10/dist-packages:/home/agilex/agilex_ws/install/nav_2d_msgs/local/lib/python3.10/dist-packages:/home/agilex/agilex_ws/install/nav2_common/local/lib/python3.10/dist-packages:${PYTHONPATH} /usr/bin/cmake --install /home/agilex/agilex_ws/build/dwb_plugins
[553.163s] Level 1:colcon.colcon_core.environment:create_environment_scripts_only(nav2_controller)
[553.165s] Level 1:colcon.colcon_core.environment:checking '/home/agilex/agilex_ws/install/nav2_controller' for CMake module files
[553.166s] Level 1:colcon.colcon_core.environment:checking '/home/agilex/agilex_ws/install/nav2_controller' for CMake config files
[553.166s] Level 1:colcon.colcon_core.shell:create_environment_hook('nav2_controller', 'cmake_prefix_path')
[553.168s] INFO:colcon.colcon_core.shell:Creating environment hook '/home/agilex/agilex_ws/install/nav2_controller/share/nav2_controller/hook/cmake_prefix_path.ps1'
[553.169s] INFO:colcon.colcon_core.shell:Creating environment descriptor '/home/agilex/agilex_ws/install/nav2_controller/share/nav2_controller/hook/cmake_prefix_path.dsv'
[553.169s] INFO:colcon.colcon_core.shell:Creating environment hook '/home/agilex/agilex_ws/install/nav2_controller/share/nav2_controller/hook/cmake_prefix_path.sh'
[553.170s] Level 1:colcon.colcon_core.environment:checking '/home/agilex/agilex_ws/install/nav2_controller/lib'
[553.170s] Level 1:colcon.colcon_core.shell:create_environment_hook('nav2_controller', 'ld_library_path_lib')
[553.171s] INFO:colcon.colcon_core.shell:Creating environment hook '/home/agilex/agilex_ws/install/nav2_controller/share/nav2_controller/hook/ld_library_path_lib.ps1'
[553.172s] INFO:colcon.colcon_core.shell:Creating environment descriptor '/home/agilex/agilex_ws/install/nav2_controller/share/nav2_controller/hook/ld_library_path_lib.dsv'
[553.172s] INFO:colcon.colcon_core.shell:Creating environment hook '/home/agilex/agilex_ws/install/nav2_controller/share/nav2_controller/hook/ld_library_path_lib.sh'
[553.173s] Level 1:colcon.colcon_core.environment:checking '/home/agilex/agilex_ws/install/nav2_controller/bin'
[553.173s] Level 1:colcon.colcon_core.environment:checking '/home/agilex/agilex_ws/install/nav2_controller/lib/pkgconfig/nav2_controller.pc'
[553.173s] Level 1:colcon.colcon_core.environment:checking '/home/agilex/agilex_ws/install/nav2_controller/lib/python3.10/site-packages'
[553.174s] Level 1:colcon.colcon_core.environment:checking '/home/agilex/agilex_ws/install/nav2_controller/bin'
[553.175s] INFO:colcon.colcon_core.shell:Creating package script '/home/agilex/agilex_ws/install/nav2_controller/share/nav2_controller/package.ps1'
[553.176s] INFO:colcon.colcon_core.shell:Creating package descriptor '/home/agilex/agilex_ws/install/nav2_controller/share/nav2_controller/package.dsv'
[553.177s] INFO:colcon.colcon_core.shell:Creating package script '/home/agilex/agilex_ws/install/nav2_controller/share/nav2_controller/package.sh'
[553.177s] INFO:colcon.colcon_core.shell:Creating package script '/home/agilex/agilex_ws/install/nav2_controller/share/nav2_controller/package.bash'
[553.178s] INFO:colcon.colcon_core.shell:Creating package script '/home/agilex/agilex_ws/install/nav2_controller/share/nav2_controller/package.zsh'
[553.178s] Level 1:colcon.colcon_core.environment:create_file_with_runtime_dependencies(/home/agilex/agilex_ws/install/nav2_controller/share/colcon-core/packages/nav2_controller)
[553.179s] INFO:colcon.colcon_ros.task.ament_cmake.build:Building ROS package in '/home/agilex/agilex_ws/src/navigation2/nav2_rotation_shim_controller' with build type 'ament_cmake'
[553.179s] INFO:colcon.colcon_cmake.task.cmake.build:Building CMake package in '/home/agilex/agilex_ws/src/navigation2/nav2_rotation_shim_controller'
[553.182s] INFO:colcon.colcon_core.shell:Skip shell extension 'powershell' for command environment: Not usable outside of PowerShell
[553.182s] DEBUG:colcon.colcon_core.shell:Skip shell extension 'dsv' for command environment
[553.219s] DEBUG:colcon.colcon_core.event_handler.log_command:Invoking command in '/home/agilex/agilex_ws/build/nav2_rotation_shim_controller': AMENT_PREFIX_PATH=/home/agilex/agilex_ws/install/nav2_regulated_pure_pursuit_controller:/home/agilex/agilex_ws/install/nav2_controller:/home/agilex/agilex_ws/install/nav2_core:/home/agilex/agilex_ws/install/nav2_costmap_2d:/home/agilex/agilex_ws/install/nav_2d_utils:/home/agilex/agilex_ws/install/nav2_util:/home/agilex/agilex_ws/install/nav2_voxel_grid:/home/agilex/agilex_ws/install/nav2_msgs:/home/agilex/agilex_ws/install/nav_2d_msgs:/home/agilex/agilex_ws/install/nav2_common:${AMENT_PREFIX_PATH} CMAKE_PREFIX_PATH=/home/agilex/agilex_ws/install/nav2_regulated_pure_pursuit_controller:/home/agilex/agilex_ws/install/nav2_controller:/home/agilex/agilex_ws/install/nav2_core:/home/agilex/agilex_ws/install/nav2_costmap_2d:/home/agilex/agilex_ws/install/nav_2d_utils:/home/agilex/agilex_ws/install/nav2_util:/home/agilex/agilex_ws/install/nav2_voxel_grid:/home/agilex/agilex_ws/install/nav2_msgs:/home/agilex/agilex_ws/install/nav_2d_msgs:/home/agilex/agilex_ws/install/nav2_common:/opt/ros/humble LD_LIBRARY_PATH=/home/agilex/agilex_ws/install/nav2_regulated_pure_pursuit_controller/lib:/home/agilex/agilex_ws/install/nav2_controller/lib:/home/agilex/agilex_ws/install/nav2_costmap_2d/lib:/home/agilex/agilex_ws/install/nav_2d_utils/lib:/home/agilex/agilex_ws/install/nav2_util/lib:/home/agilex/agilex_ws/install/nav2_voxel_grid/lib:/home/agilex/agilex_ws/install/nav2_msgs/lib:/home/agilex/agilex_ws/install/nav_2d_msgs/lib:${LD_LIBRARY_PATH} PYTHONPATH=/home/agilex/agilex_ws/install/nav2_msgs/local/lib/python3.10/dist-packages:/home/agilex/agilex_ws/install/nav_2d_msgs/local/lib/python3.10/dist-packages:/home/agilex/agilex_ws/install/nav2_common/local/lib/python3.10/dist-packages:${PYTHONPATH} /usr/bin/cmake /home/agilex/agilex_ws/src/navigation2/nav2_rotation_shim_controller -DCMAKE_INSTALL_PREFIX=/home/agilex/agilex_ws/install/nav2_rotation_shim_controller
[557.453s] DEBUG:colcon.colcon_core.event_handler.log_command:Invoked command in '/home/agilex/agilex_ws/build/nav2_theta_star_planner' returned '0': AMENT_PREFIX_PATH=/home/agilex/agilex_ws/install/nav2_core:/home/agilex/agilex_ws/install/nav2_costmap_2d:/home/agilex/agilex_ws/install/nav2_util:/home/agilex/agilex_ws/install/nav2_voxel_grid:/home/agilex/agilex_ws/install/nav2_msgs:/home/agilex/agilex_ws/install/nav2_common:${AMENT_PREFIX_PATH} CMAKE_PREFIX_PATH=/home/agilex/agilex_ws/install/nav2_core:/home/agilex/agilex_ws/install/nav2_costmap_2d:/home/agilex/agilex_ws/install/nav2_util:/home/agilex/agilex_ws/install/nav2_voxel_grid:/home/agilex/agilex_ws/install/nav2_msgs:/home/agilex/agilex_ws/install/nav2_common:/opt/ros/humble LD_LIBRARY_PATH=/home/agilex/agilex_ws/install/nav2_costmap_2d/lib:/home/agilex/agilex_ws/install/nav2_util/lib:/home/agilex/agilex_ws/install/nav2_voxel_grid/lib:/home/agilex/agilex_ws/install/nav2_msgs/lib:${LD_LIBRARY_PATH} PYTHONPATH=/home/agilex/agilex_ws/install/nav2_msgs/local/lib/python3.10/dist-packages:/home/agilex/agilex_ws/install/nav2_common/local/lib/python3.10/dist-packages:${PYTHONPATH} /usr/bin/cmake /home/agilex/agilex_ws/src/navigation2/nav2_theta_star_planner -DCMAKE_INSTALL_PREFIX=/home/agilex/agilex_ws/install/nav2_theta_star_planner
[557.454s] DEBUG:colcon.colcon_core.event_handler.log_command:Invoking command in '/home/agilex/agilex_ws/build/nav2_theta_star_planner': AMENT_PREFIX_PATH=/home/agilex/agilex_ws/install/nav2_core:/home/agilex/agilex_ws/install/nav2_costmap_2d:/home/agilex/agilex_ws/install/nav2_util:/home/agilex/agilex_ws/install/nav2_voxel_grid:/home/agilex/agilex_ws/install/nav2_msgs:/home/agilex/agilex_ws/install/nav2_common:${AMENT_PREFIX_PATH} CMAKE_PREFIX_PATH=/home/agilex/agilex_ws/install/nav2_core:/home/agilex/agilex_ws/install/nav2_costmap_2d:/home/agilex/agilex_ws/install/nav2_util:/home/agilex/agilex_ws/install/nav2_voxel_grid:/home/agilex/agilex_ws/install/nav2_msgs:/home/agilex/agilex_ws/install/nav2_common:/opt/ros/humble LD_LIBRARY_PATH=/home/agilex/agilex_ws/install/nav2_costmap_2d/lib:/home/agilex/agilex_ws/install/nav2_util/lib:/home/agilex/agilex_ws/install/nav2_voxel_grid/lib:/home/agilex/agilex_ws/install/nav2_msgs/lib:${LD_LIBRARY_PATH} PYTHONPATH=/home/agilex/agilex_ws/install/nav2_msgs/local/lib/python3.10/dist-packages:/home/agilex/agilex_ws/install/nav2_common/local/lib/python3.10/dist-packages:${PYTHONPATH} /usr/bin/cmake --build /home/agilex/agilex_ws/build/nav2_theta_star_planner -- -j8 -l8
[557.455s] Level 1:colcon.colcon_core.environment:create_environment_scripts_only(dwb_plugins)
[557.455s] DEBUG:colcon.colcon_core.event_handler.log_command:Invoked command in '/home/agilex/agilex_ws/build/dwb_plugins' returned '0': AMENT_PREFIX_PATH=/home/agilex/agilex_ws/install/dwb_core:/home/agilex/agilex_ws/install/nav2_core:/home/agilex/agilex_ws/install/nav2_costmap_2d:/home/agilex/agilex_ws/install/nav_2d_utils:/home/agilex/agilex_ws/install/nav2_util:/home/agilex/agilex_ws/install/nav2_voxel_grid:/home/agilex/agilex_ws/install/nav2_msgs:/home/agilex/agilex_ws/install/dwb_msgs:/home/agilex/agilex_ws/install/nav_2d_msgs:/home/agilex/agilex_ws/install/nav2_common:${AMENT_PREFIX_PATH} CMAKE_PREFIX_PATH=/home/agilex/agilex_ws/install/dwb_core:/home/agilex/agilex_ws/install/nav2_core:/home/agilex/agilex_ws/install/nav2_costmap_2d:/home/agilex/agilex_ws/install/nav_2d_utils:/home/agilex/agilex_ws/install/nav2_util:/home/agilex/agilex_ws/install/nav2_voxel_grid:/home/agilex/agilex_ws/install/nav2_msgs:/home/agilex/agilex_ws/install/dwb_msgs:/home/agilex/agilex_ws/install/nav_2d_msgs:/home/agilex/agilex_ws/install/nav2_common:/opt/ros/humble LD_LIBRARY_PATH=/home/agilex/agilex_ws/install/dwb_core/lib:/home/agilex/agilex_ws/install/nav2_costmap_2d/lib:/home/agilex/agilex_ws/install/nav_2d_utils/lib:/home/agilex/agilex_ws/install/nav2_util/lib:/home/agilex/agilex_ws/install/nav2_voxel_grid/lib:/home/agilex/agilex_ws/install/nav2_msgs/lib:/home/agilex/agilex_ws/install/dwb_msgs/lib:/home/agilex/agilex_ws/install/nav_2d_msgs/lib:${LD_LIBRARY_PATH} PYTHONPATH=/home/agilex/agilex_ws/install/nav2_msgs/local/lib/python3.10/dist-packages:/home/agilex/agilex_ws/install/dwb_msgs/local/lib/python3.10/dist-packages:/home/agilex/agilex_ws/install/nav_2d_msgs/local/lib/python3.10/dist-packages:/home/agilex/agilex_ws/install/nav2_common/local/lib/python3.10/dist-packages:${PYTHONPATH} /usr/bin/cmake --install /home/agilex/agilex_ws/build/dwb_plugins
[557.457s] Level 1:colcon.colcon_core.environment:checking '/home/agilex/agilex_ws/install/dwb_plugins' for CMake module files
[557.458s] Level 1:colcon.colcon_core.environment:checking '/home/agilex/agilex_ws/install/dwb_plugins' for CMake config files
[557.458s] Level 1:colcon.colcon_core.shell:create_environment_hook('dwb_plugins', 'cmake_prefix_path')
[557.460s] INFO:colcon.colcon_core.shell:Creating environment hook '/home/agilex/agilex_ws/install/dwb_plugins/share/dwb_plugins/hook/cmake_prefix_path.ps1'
[557.461s] INFO:colcon.colcon_core.shell:Creating environment descriptor '/home/agilex/agilex_ws/install/dwb_plugins/share/dwb_plugins/hook/cmake_prefix_path.dsv'
[557.461s] INFO:colcon.colcon_core.shell:Creating environment hook '/home/agilex/agilex_ws/install/dwb_plugins/share/dwb_plugins/hook/cmake_prefix_path.sh'
[557.462s] Level 1:colcon.colcon_core.environment:checking '/home/agilex/agilex_ws/install/dwb_plugins/lib'
[557.462s] Level 1:colcon.colcon_core.shell:create_environment_hook('dwb_plugins', 'ld_library_path_lib')
[557.464s] INFO:colcon.colcon_core.shell:Creating environment hook '/home/agilex/agilex_ws/install/dwb_plugins/share/dwb_plugins/hook/ld_library_path_lib.ps1'
[557.464s] INFO:colcon.colcon_core.shell:Creating environment descriptor '/home/agilex/agilex_ws/install/dwb_plugins/share/dwb_plugins/hook/ld_library_path_lib.dsv'
[557.465s] INFO:colcon.colcon_core.shell:Creating environment hook '/home/agilex/agilex_ws/install/dwb_plugins/share/dwb_plugins/hook/ld_library_path_lib.sh'
[557.465s] Level 1:colcon.colcon_core.environment:checking '/home/agilex/agilex_ws/install/dwb_plugins/bin'
[557.465s] Level 1:colcon.colcon_core.environment:checking '/home/agilex/agilex_ws/install/dwb_plugins/lib/pkgconfig/dwb_plugins.pc'
[557.465s] Level 1:colcon.colcon_core.environment:checking '/home/agilex/agilex_ws/install/dwb_plugins/lib/python3.10/site-packages'
[557.466s] Level 1:colcon.colcon_core.environment:checking '/home/agilex/agilex_ws/install/dwb_plugins/bin'
[557.468s] INFO:colcon.colcon_core.shell:Creating package script '/home/agilex/agilex_ws/install/dwb_plugins/share/dwb_plugins/package.ps1'
[557.468s] INFO:colcon.colcon_core.shell:Creating package descriptor '/home/agilex/agilex_ws/install/dwb_plugins/share/dwb_plugins/package.dsv'
[557.469s] INFO:colcon.colcon_core.shell:Creating package script '/home/agilex/agilex_ws/install/dwb_plugins/share/dwb_plugins/package.sh'
[557.469s] INFO:colcon.colcon_core.shell:Creating package script '/home/agilex/agilex_ws/install/dwb_plugins/share/dwb_plugins/package.bash'
[557.470s] INFO:colcon.colcon_core.shell:Creating package script '/home/agilex/agilex_ws/install/dwb_plugins/share/dwb_plugins/package.zsh'
[557.470s] Level 1:colcon.colcon_core.environment:create_file_with_runtime_dependencies(/home/agilex/agilex_ws/install/dwb_plugins/share/colcon-core/packages/dwb_plugins)
[557.509s] Level 1:colcon.colcon_core.environment:create_environment_scripts_only(dwb_plugins)
[557.511s] Level 1:colcon.colcon_core.environment:checking '/home/agilex/agilex_ws/install/dwb_plugins' for CMake module files
[557.512s] Level 1:colcon.colcon_core.environment:checking '/home/agilex/agilex_ws/install/dwb_plugins' for CMake config files
[557.512s] Level 1:colcon.colcon_core.shell:create_environment_hook('dwb_plugins', 'cmake_prefix_path')
[557.514s] INFO:colcon.colcon_core.shell:Creating environment hook '/home/agilex/agilex_ws/install/dwb_plugins/share/dwb_plugins/hook/cmake_prefix_path.ps1'
[557.515s] INFO:colcon.colcon_core.shell:Creating environment descriptor '/home/agilex/agilex_ws/install/dwb_plugins/share/dwb_plugins/hook/cmake_prefix_path.dsv'
[557.515s] INFO:colcon.colcon_core.shell:Creating environment hook '/home/agilex/agilex_ws/install/dwb_plugins/share/dwb_plugins/hook/cmake_prefix_path.sh'
[557.515s] Level 1:colcon.colcon_core.environment:checking '/home/agilex/agilex_ws/install/dwb_plugins/lib'
[557.516s] Level 1:colcon.colcon_core.shell:create_environment_hook('dwb_plugins', 'ld_library_path_lib')
[557.517s] INFO:colcon.colcon_core.shell:Creating environment hook '/home/agilex/agilex_ws/install/dwb_plugins/share/dwb_plugins/hook/ld_library_path_lib.ps1'
[557.518s] INFO:colcon.colcon_core.shell:Creating environment descriptor '/home/agilex/agilex_ws/install/dwb_plugins/share/dwb_plugins/hook/ld_library_path_lib.dsv'
[557.518s] INFO:colcon.colcon_core.shell:Creating environment hook '/home/agilex/agilex_ws/install/dwb_plugins/share/dwb_plugins/hook/ld_library_path_lib.sh'
[557.519s] Level 1:colcon.colcon_core.environment:checking '/home/agilex/agilex_ws/install/dwb_plugins/bin'
[557.519s] Level 1:colcon.colcon_core.environment:checking '/home/agilex/agilex_ws/install/dwb_plugins/lib/pkgconfig/dwb_plugins.pc'
[557.519s] Level 1:colcon.colcon_core.environment:checking '/home/agilex/agilex_ws/install/dwb_plugins/lib/python3.10/site-packages'
[557.519s] Level 1:colcon.colcon_core.environment:checking '/home/agilex/agilex_ws/install/dwb_plugins/bin'
[557.521s] INFO:colcon.colcon_core.shell:Creating package script '/home/agilex/agilex_ws/install/dwb_plugins/share/dwb_plugins/package.ps1'
[557.522s] INFO:colcon.colcon_core.shell:Creating package descriptor '/home/agilex/agilex_ws/install/dwb_plugins/share/dwb_plugins/package.dsv'
[557.523s] INFO:colcon.colcon_core.shell:Creating package script '/home/agilex/agilex_ws/install/dwb_plugins/share/dwb_plugins/package.sh'
[557.523s] INFO:colcon.colcon_core.shell:Creating package script '/home/agilex/agilex_ws/install/dwb_plugins/share/dwb_plugins/package.bash'
[557.523s] INFO:colcon.colcon_core.shell:Creating package script '/home/agilex/agilex_ws/install/dwb_plugins/share/dwb_plugins/package.zsh'
[557.524s] Level 1:colcon.colcon_core.environment:create_file_with_runtime_dependencies(/home/agilex/agilex_ws/install/dwb_plugins/share/colcon-core/packages/dwb_plugins)
[557.525s] INFO:colcon.colcon_ros.task.ament_cmake.build:Building ROS package in '/home/agilex/agilex_ws/src/limo_ros2/limo_bringup' with build type 'ament_cmake'
[557.525s] INFO:colcon.colcon_cmake.task.cmake.build:Building CMake package in '/home/agilex/agilex_ws/src/limo_ros2/limo_bringup'
[557.527s] INFO:colcon.colcon_core.shell:Skip shell extension 'powershell' for command environment: Not usable outside of PowerShell
[557.527s] DEBUG:colcon.colcon_core.shell:Skip shell extension 'dsv' for command environment
[557.584s] DEBUG:colcon.colcon_core.event_handler.log_command:Invoking command in '/home/agilex/agilex_ws/build/limo_bringup': AMENT_PREFIX_PATH=/home/agilex/agilex_ws/install/nav2_waypoint_follower:/home/agilex/agilex_ws/install/nav2_planner:/home/agilex/agilex_ws/install/nav2_controller:/home/agilex/agilex_ws/install/nav2_bt_navigator:/home/agilex/agilex_ws/install/nav2_core:/home/agilex/agilex_ws/install/nav2_costmap_2d:/home/agilex/agilex_ws/install/nav_2d_utils:/home/agilex/agilex_ws/install/nav2_map_server:/home/agilex/agilex_ws/install/nav2_lifecycle_manager:/home/agilex/agilex_ws/install/nav2_behavior_tree:/home/agilex/agilex_ws/install/nav2_amcl:/home/agilex/agilex_ws/install/nav2_util:/home/agilex/agilex_ws/install/nav2_voxel_grid:/home/agilex/agilex_ws/install/nav2_msgs:/home/agilex/agilex_ws/install/nav_2d_msgs:/home/agilex/agilex_ws/install/nav2_common:/home/agilex/agilex_ws/install/limo_msgs:${AMENT_PREFIX_PATH} CMAKE_PREFIX_PATH=/home/agilex/agilex_ws/install/nav2_waypoint_follower:/home/agilex/agilex_ws/install/nav2_planner:/home/agilex/agilex_ws/install/nav2_controller:/home/agilex/agilex_ws/install/nav2_bt_navigator:/home/agilex/agilex_ws/install/nav2_core:/home/agilex/agilex_ws/install/nav2_costmap_2d:/home/agilex/agilex_ws/install/nav_2d_utils:/home/agilex/agilex_ws/install/nav2_map_server:/home/agilex/agilex_ws/install/nav2_lifecycle_manager:/home/agilex/agilex_ws/install/nav2_behavior_tree:/home/agilex/agilex_ws/install/nav2_amcl:/home/agilex/agilex_ws/install/nav2_util:/home/agilex/agilex_ws/install/nav2_voxel_grid:/home/agilex/agilex_ws/install/nav2_msgs:/home/agilex/agilex_ws/install/nav_2d_msgs:/home/agilex/agilex_ws/install/nav2_common:/home/agilex/agilex_ws/install/limo_msgs:/opt/ros/humble LD_LIBRARY_PATH=/home/agilex/agilex_ws/install/nav2_waypoint_follower/lib:/home/agilex/agilex_ws/install/nav2_planner/lib:/home/agilex/agilex_ws/install/nav2_controller/lib:/home/agilex/agilex_ws/install/nav2_bt_navigator/lib:/home/agilex/agilex_ws/install/nav2_costmap_2d/lib:/home/agilex/agilex_ws/install/nav_2d_utils/lib:/home/agilex/agilex_ws/install/nav2_map_server/lib:/home/agilex/agilex_ws/install/nav2_lifecycle_manager/lib:/home/agilex/agilex_ws/install/nav2_behavior_tree/lib:/home/agilex/agilex_ws/install/nav2_amcl/lib:/home/agilex/agilex_ws/install/nav2_util/lib:/home/agilex/agilex_ws/install/nav2_voxel_grid/lib:/home/agilex/agilex_ws/install/nav2_msgs/lib:/home/agilex/agilex_ws/install/nav_2d_msgs/lib:/home/agilex/agilex_ws/install/limo_msgs/lib:${LD_LIBRARY_PATH} PYTHONPATH=/home/agilex/agilex_ws/install/nav2_msgs/local/lib/python3.10/dist-packages:/home/agilex/agilex_ws/install/nav_2d_msgs/local/lib/python3.10/dist-packages:/home/agilex/agilex_ws/install/nav2_common/local/lib/python3.10/dist-packages:/home/agilex/agilex_ws/install/limo_msgs/local/lib/python3.10/dist-packages:${PYTHONPATH} /usr/bin/cmake /home/agilex/agilex_ws/src/limo_ros2/limo_bringup -DCMAKE_INSTALL_PREFIX=/home/agilex/agilex_ws/install/limo_bringup
[566.376s] DEBUG:colcon.colcon_core.event_handler.log_command:Invoked command in '/home/agilex/agilex_ws/build/nav2_behaviors' returned '0': AMENT_PREFIX_PATH=/home/agilex/agilex_ws/install/nav2_core:/home/agilex/agilex_ws/install/nav2_costmap_2d:/home/agilex/agilex_ws/install/nav2_behavior_tree:/home/agilex/agilex_ws/install/nav2_util:/home/agilex/agilex_ws/install/nav2_voxel_grid:/home/agilex/agilex_ws/install/nav2_msgs:/home/agilex/agilex_ws/install/nav2_common:${AMENT_PREFIX_PATH} CMAKE_PREFIX_PATH=/home/agilex/agilex_ws/install/nav2_core:/home/agilex/agilex_ws/install/nav2_costmap_2d:/home/agilex/agilex_ws/install/nav2_behavior_tree:/home/agilex/agilex_ws/install/nav2_util:/home/agilex/agilex_ws/install/nav2_voxel_grid:/home/agilex/agilex_ws/install/nav2_msgs:/home/agilex/agilex_ws/install/nav2_common:/opt/ros/humble LD_LIBRARY_PATH=/home/agilex/agilex_ws/install/nav2_costmap_2d/lib:/home/agilex/agilex_ws/install/nav2_behavior_tree/lib:/home/agilex/agilex_ws/install/nav2_util/lib:/home/agilex/agilex_ws/install/nav2_voxel_grid/lib:/home/agilex/agilex_ws/install/nav2_msgs/lib:${LD_LIBRARY_PATH} PYTHONPATH=/home/agilex/agilex_ws/install/nav2_msgs/local/lib/python3.10/dist-packages:/home/agilex/agilex_ws/install/nav2_common/local/lib/python3.10/dist-packages:${PYTHONPATH} /usr/bin/cmake /home/agilex/agilex_ws/src/navigation2/nav2_behaviors -DCMAKE_INSTALL_PREFIX=/home/agilex/agilex_ws/install/nav2_behaviors
[566.377s] DEBUG:colcon.colcon_core.event_handler.log_command:Invoking command in '/home/agilex/agilex_ws/build/nav2_behaviors': AMENT_PREFIX_PATH=/home/agilex/agilex_ws/install/nav2_core:/home/agilex/agilex_ws/install/nav2_costmap_2d:/home/agilex/agilex_ws/install/nav2_behavior_tree:/home/agilex/agilex_ws/install/nav2_util:/home/agilex/agilex_ws/install/nav2_voxel_grid:/home/agilex/agilex_ws/install/nav2_msgs:/home/agilex/agilex_ws/install/nav2_common:${AMENT_PREFIX_PATH} CMAKE_PREFIX_PATH=/home/agilex/agilex_ws/install/nav2_core:/home/agilex/agilex_ws/install/nav2_costmap_2d:/home/agilex/agilex_ws/install/nav2_behavior_tree:/home/agilex/agilex_ws/install/nav2_util:/home/agilex/agilex_ws/install/nav2_voxel_grid:/home/agilex/agilex_ws/install/nav2_msgs:/home/agilex/agilex_ws/install/nav2_common:/opt/ros/humble LD_LIBRARY_PATH=/home/agilex/agilex_ws/install/nav2_costmap_2d/lib:/home/agilex/agilex_ws/install/nav2_behavior_tree/lib:/home/agilex/agilex_ws/install/nav2_util/lib:/home/agilex/agilex_ws/install/nav2_voxel_grid/lib:/home/agilex/agilex_ws/install/nav2_msgs/lib:${LD_LIBRARY_PATH} PYTHONPATH=/home/agilex/agilex_ws/install/nav2_msgs/local/lib/python3.10/dist-packages:/home/agilex/agilex_ws/install/nav2_common/local/lib/python3.10/dist-packages:${PYTHONPATH} /usr/bin/cmake --build /home/agilex/agilex_ws/build/nav2_behaviors -- -j8 -l8
[574.614s] DEBUG:colcon.colcon_core.event_handler.log_command:Invoked command in '/home/agilex/agilex_ws/build/nav2_constrained_smoother' returned '0': AMENT_PREFIX_PATH=/home/agilex/agilex_ws/install/nav2_core:/home/agilex/agilex_ws/install/nav2_costmap_2d:/home/agilex/agilex_ws/install/nav2_util:/home/agilex/agilex_ws/install/nav2_voxel_grid:/home/agilex/agilex_ws/install/nav2_msgs:/home/agilex/agilex_ws/install/nav2_common:${AMENT_PREFIX_PATH} CMAKE_PREFIX_PATH=/home/agilex/agilex_ws/install/nav2_core:/home/agilex/agilex_ws/install/nav2_costmap_2d:/home/agilex/agilex_ws/install/nav2_util:/home/agilex/agilex_ws/install/nav2_voxel_grid:/home/agilex/agilex_ws/install/nav2_msgs:/home/agilex/agilex_ws/install/nav2_common:/opt/ros/humble LD_LIBRARY_PATH=/home/agilex/agilex_ws/install/nav2_costmap_2d/lib:/home/agilex/agilex_ws/install/nav2_util/lib:/home/agilex/agilex_ws/install/nav2_voxel_grid/lib:/home/agilex/agilex_ws/install/nav2_msgs/lib:${LD_LIBRARY_PATH} PYTHONPATH=/home/agilex/agilex_ws/install/nav2_msgs/local/lib/python3.10/dist-packages:/home/agilex/agilex_ws/install/nav2_common/local/lib/python3.10/dist-packages:${PYTHONPATH} /usr/bin/cmake /home/agilex/agilex_ws/src/navigation2/nav2_constrained_smoother -DCMAKE_INSTALL_PREFIX=/home/agilex/agilex_ws/install/nav2_constrained_smoother
[574.614s] DEBUG:colcon.colcon_core.event_handler.log_command:Invoking command in '/home/agilex/agilex_ws/build/nav2_constrained_smoother': AMENT_PREFIX_PATH=/home/agilex/agilex_ws/install/nav2_core:/home/agilex/agilex_ws/install/nav2_costmap_2d:/home/agilex/agilex_ws/install/nav2_util:/home/agilex/agilex_ws/install/nav2_voxel_grid:/home/agilex/agilex_ws/install/nav2_msgs:/home/agilex/agilex_ws/install/nav2_common:${AMENT_PREFIX_PATH} CMAKE_PREFIX_PATH=/home/agilex/agilex_ws/install/nav2_core:/home/agilex/agilex_ws/install/nav2_costmap_2d:/home/agilex/agilex_ws/install/nav2_util:/home/agilex/agilex_ws/install/nav2_voxel_grid:/home/agilex/agilex_ws/install/nav2_msgs:/home/agilex/agilex_ws/install/nav2_common:/opt/ros/humble LD_LIBRARY_PATH=/home/agilex/agilex_ws/install/nav2_costmap_2d/lib:/home/agilex/agilex_ws/install/nav2_util/lib:/home/agilex/agilex_ws/install/nav2_voxel_grid/lib:/home/agilex/agilex_ws/install/nav2_msgs/lib:${LD_LIBRARY_PATH} PYTHONPATH=/home/agilex/agilex_ws/install/nav2_msgs/local/lib/python3.10/dist-packages:/home/agilex/agilex_ws/install/nav2_common/local/lib/python3.10/dist-packages:${PYTHONPATH} /usr/bin/cmake --build /home/agilex/agilex_ws/build/nav2_constrained_smoother -- -j8 -l8
[574.615s] DEBUG:colcon.colcon_core.event_handler.log_command:Invoked command in '/home/agilex/agilex_ws/build/limo_bringup' returned '0': AMENT_PREFIX_PATH=/home/agilex/agilex_ws/install/nav2_waypoint_follower:/home/agilex/agilex_ws/install/nav2_planner:/home/agilex/agilex_ws/install/nav2_controller:/home/agilex/agilex_ws/install/nav2_bt_navigator:/home/agilex/agilex_ws/install/nav2_core:/home/agilex/agilex_ws/install/nav2_costmap_2d:/home/agilex/agilex_ws/install/nav_2d_utils:/home/agilex/agilex_ws/install/nav2_map_server:/home/agilex/agilex_ws/install/nav2_lifecycle_manager:/home/agilex/agilex_ws/install/nav2_behavior_tree:/home/agilex/agilex_ws/install/nav2_amcl:/home/agilex/agilex_ws/install/nav2_util:/home/agilex/agilex_ws/install/nav2_voxel_grid:/home/agilex/agilex_ws/install/nav2_msgs:/home/agilex/agilex_ws/install/nav_2d_msgs:/home/agilex/agilex_ws/install/nav2_common:/home/agilex/agilex_ws/install/limo_msgs:${AMENT_PREFIX_PATH} CMAKE_PREFIX_PATH=/home/agilex/agilex_ws/install/nav2_waypoint_follower:/home/agilex/agilex_ws/install/nav2_planner:/home/agilex/agilex_ws/install/nav2_controller:/home/agilex/agilex_ws/install/nav2_bt_navigator:/home/agilex/agilex_ws/install/nav2_core:/home/agilex/agilex_ws/install/nav2_costmap_2d:/home/agilex/agilex_ws/install/nav_2d_utils:/home/agilex/agilex_ws/install/nav2_map_server:/home/agilex/agilex_ws/install/nav2_lifecycle_manager:/home/agilex/agilex_ws/install/nav2_behavior_tree:/home/agilex/agilex_ws/install/nav2_amcl:/home/agilex/agilex_ws/install/nav2_util:/home/agilex/agilex_ws/install/nav2_voxel_grid:/home/agilex/agilex_ws/install/nav2_msgs:/home/agilex/agilex_ws/install/nav_2d_msgs:/home/agilex/agilex_ws/install/nav2_common:/home/agilex/agilex_ws/install/limo_msgs:/opt/ros/humble LD_LIBRARY_PATH=/home/agilex/agilex_ws/install/nav2_waypoint_follower/lib:/home/agilex/agilex_ws/install/nav2_planner/lib:/home/agilex/agilex_ws/install/nav2_controller/lib:/home/agilex/agilex_ws/install/nav2_bt_navigator/lib:/home/agilex/agilex_ws/install/nav2_costmap_2d/lib:/home/agilex/agilex_ws/install/nav_2d_utils/lib:/home/agilex/agilex_ws/install/nav2_map_server/lib:/home/agilex/agilex_ws/install/nav2_lifecycle_manager/lib:/home/agilex/agilex_ws/install/nav2_behavior_tree/lib:/home/agilex/agilex_ws/install/nav2_amcl/lib:/home/agilex/agilex_ws/install/nav2_util/lib:/home/agilex/agilex_ws/install/nav2_voxel_grid/lib:/home/agilex/agilex_ws/install/nav2_msgs/lib:/home/agilex/agilex_ws/install/nav_2d_msgs/lib:/home/agilex/agilex_ws/install/limo_msgs/lib:${LD_LIBRARY_PATH} PYTHONPATH=/home/agilex/agilex_ws/install/nav2_msgs/local/lib/python3.10/dist-packages:/home/agilex/agilex_ws/install/nav_2d_msgs/local/lib/python3.10/dist-packages:/home/agilex/agilex_ws/install/nav2_common/local/lib/python3.10/dist-packages:/home/agilex/agilex_ws/install/limo_msgs/local/lib/python3.10/dist-packages:${PYTHONPATH} /usr/bin/cmake /home/agilex/agilex_ws/src/limo_ros2/limo_bringup -DCMAKE_INSTALL_PREFIX=/home/agilex/agilex_ws/install/limo_bringup
[574.616s] DEBUG:colcon.colcon_core.event_handler.log_command:Invoking command in '/home/agilex/agilex_ws/build/limo_bringup': AMENT_PREFIX_PATH=/home/agilex/agilex_ws/install/nav2_waypoint_follower:/home/agilex/agilex_ws/install/nav2_planner:/home/agilex/agilex_ws/install/nav2_controller:/home/agilex/agilex_ws/install/nav2_bt_navigator:/home/agilex/agilex_ws/install/nav2_core:/home/agilex/agilex_ws/install/nav2_costmap_2d:/home/agilex/agilex_ws/install/nav_2d_utils:/home/agilex/agilex_ws/install/nav2_map_server:/home/agilex/agilex_ws/install/nav2_lifecycle_manager:/home/agilex/agilex_ws/install/nav2_behavior_tree:/home/agilex/agilex_ws/install/nav2_amcl:/home/agilex/agilex_ws/install/nav2_util:/home/agilex/agilex_ws/install/nav2_voxel_grid:/home/agilex/agilex_ws/install/nav2_msgs:/home/agilex/agilex_ws/install/nav_2d_msgs:/home/agilex/agilex_ws/install/nav2_common:/home/agilex/agilex_ws/install/limo_msgs:${AMENT_PREFIX_PATH} CMAKE_PREFIX_PATH=/home/agilex/agilex_ws/install/nav2_waypoint_follower:/home/agilex/agilex_ws/install/nav2_planner:/home/agilex/agilex_ws/install/nav2_controller:/home/agilex/agilex_ws/install/nav2_bt_navigator:/home/agilex/agilex_ws/install/nav2_core:/home/agilex/agilex_ws/install/nav2_costmap_2d:/home/agilex/agilex_ws/install/nav_2d_utils:/home/agilex/agilex_ws/install/nav2_map_server:/home/agilex/agilex_ws/install/nav2_lifecycle_manager:/home/agilex/agilex_ws/install/nav2_behavior_tree:/home/agilex/agilex_ws/install/nav2_amcl:/home/agilex/agilex_ws/install/nav2_util:/home/agilex/agilex_ws/install/nav2_voxel_grid:/home/agilex/agilex_ws/install/nav2_msgs:/home/agilex/agilex_ws/install/nav_2d_msgs:/home/agilex/agilex_ws/install/nav2_common:/home/agilex/agilex_ws/install/limo_msgs:/opt/ros/humble LD_LIBRARY_PATH=/home/agilex/agilex_ws/install/nav2_waypoint_follower/lib:/home/agilex/agilex_ws/install/nav2_planner/lib:/home/agilex/agilex_ws/install/nav2_controller/lib:/home/agilex/agilex_ws/install/nav2_bt_navigator/lib:/home/agilex/agilex_ws/install/nav2_costmap_2d/lib:/home/agilex/agilex_ws/install/nav_2d_utils/lib:/home/agilex/agilex_ws/install/nav2_map_server/lib:/home/agilex/agilex_ws/install/nav2_lifecycle_manager/lib:/home/agilex/agilex_ws/install/nav2_behavior_tree/lib:/home/agilex/agilex_ws/install/nav2_amcl/lib:/home/agilex/agilex_ws/install/nav2_util/lib:/home/agilex/agilex_ws/install/nav2_voxel_grid/lib:/home/agilex/agilex_ws/install/nav2_msgs/lib:/home/agilex/agilex_ws/install/nav_2d_msgs/lib:/home/agilex/agilex_ws/install/limo_msgs/lib:${LD_LIBRARY_PATH} PYTHONPATH=/home/agilex/agilex_ws/install/nav2_msgs/local/lib/python3.10/dist-packages:/home/agilex/agilex_ws/install/nav_2d_msgs/local/lib/python3.10/dist-packages:/home/agilex/agilex_ws/install/nav2_common/local/lib/python3.10/dist-packages:/home/agilex/agilex_ws/install/limo_msgs/local/lib/python3.10/dist-packages:${PYTHONPATH} /usr/bin/cmake --build /home/agilex/agilex_ws/build/limo_bringup -- -j8 -l8
[581.910s] DEBUG:colcon.colcon_core.event_handler.log_command:Invoked command in '/home/agilex/agilex_ws/build/nav2_rotation_shim_controller' returned '0': AMENT_PREFIX_PATH=/home/agilex/agilex_ws/install/nav2_regulated_pure_pursuit_controller:/home/agilex/agilex_ws/install/nav2_controller:/home/agilex/agilex_ws/install/nav2_core:/home/agilex/agilex_ws/install/nav2_costmap_2d:/home/agilex/agilex_ws/install/nav_2d_utils:/home/agilex/agilex_ws/install/nav2_util:/home/agilex/agilex_ws/install/nav2_voxel_grid:/home/agilex/agilex_ws/install/nav2_msgs:/home/agilex/agilex_ws/install/nav_2d_msgs:/home/agilex/agilex_ws/install/nav2_common:${AMENT_PREFIX_PATH} CMAKE_PREFIX_PATH=/home/agilex/agilex_ws/install/nav2_regulated_pure_pursuit_controller:/home/agilex/agilex_ws/install/nav2_controller:/home/agilex/agilex_ws/install/nav2_core:/home/agilex/agilex_ws/install/nav2_costmap_2d:/home/agilex/agilex_ws/install/nav_2d_utils:/home/agilex/agilex_ws/install/nav2_util:/home/agilex/agilex_ws/install/nav2_voxel_grid:/home/agilex/agilex_ws/install/nav2_msgs:/home/agilex/agilex_ws/install/nav_2d_msgs:/home/agilex/agilex_ws/install/nav2_common:/opt/ros/humble LD_LIBRARY_PATH=/home/agilex/agilex_ws/install/nav2_regulated_pure_pursuit_controller/lib:/home/agilex/agilex_ws/install/nav2_controller/lib:/home/agilex/agilex_ws/install/nav2_costmap_2d/lib:/home/agilex/agilex_ws/install/nav_2d_utils/lib:/home/agilex/agilex_ws/install/nav2_util/lib:/home/agilex/agilex_ws/install/nav2_voxel_grid/lib:/home/agilex/agilex_ws/install/nav2_msgs/lib:/home/agilex/agilex_ws/install/nav_2d_msgs/lib:${LD_LIBRARY_PATH} PYTHONPATH=/home/agilex/agilex_ws/install/nav2_msgs/local/lib/python3.10/dist-packages:/home/agilex/agilex_ws/install/nav_2d_msgs/local/lib/python3.10/dist-packages:/home/agilex/agilex_ws/install/nav2_common/local/lib/python3.10/dist-packages:${PYTHONPATH} /usr/bin/cmake /home/agilex/agilex_ws/src/navigation2/nav2_rotation_shim_controller -DCMAKE_INSTALL_PREFIX=/home/agilex/agilex_ws/install/nav2_rotation_shim_controller
[581.910s] DEBUG:colcon.colcon_core.event_handler.log_command:Invoking command in '/home/agilex/agilex_ws/build/nav2_rotation_shim_controller': AMENT_PREFIX_PATH=/home/agilex/agilex_ws/install/nav2_regulated_pure_pursuit_controller:/home/agilex/agilex_ws/install/nav2_controller:/home/agilex/agilex_ws/install/nav2_core:/home/agilex/agilex_ws/install/nav2_costmap_2d:/home/agilex/agilex_ws/install/nav_2d_utils:/home/agilex/agilex_ws/install/nav2_util:/home/agilex/agilex_ws/install/nav2_voxel_grid:/home/agilex/agilex_ws/install/nav2_msgs:/home/agilex/agilex_ws/install/nav_2d_msgs:/home/agilex/agilex_ws/install/nav2_common:${AMENT_PREFIX_PATH} CMAKE_PREFIX_PATH=/home/agilex/agilex_ws/install/nav2_regulated_pure_pursuit_controller:/home/agilex/agilex_ws/install/nav2_controller:/home/agilex/agilex_ws/install/nav2_core:/home/agilex/agilex_ws/install/nav2_costmap_2d:/home/agilex/agilex_ws/install/nav_2d_utils:/home/agilex/agilex_ws/install/nav2_util:/home/agilex/agilex_ws/install/nav2_voxel_grid:/home/agilex/agilex_ws/install/nav2_msgs:/home/agilex/agilex_ws/install/nav_2d_msgs:/home/agilex/agilex_ws/install/nav2_common:/opt/ros/humble LD_LIBRARY_PATH=/home/agilex/agilex_ws/install/nav2_regulated_pure_pursuit_controller/lib:/home/agilex/agilex_ws/install/nav2_controller/lib:/home/agilex/agilex_ws/install/nav2_costmap_2d/lib:/home/agilex/agilex_ws/install/nav_2d_utils/lib:/home/agilex/agilex_ws/install/nav2_util/lib:/home/agilex/agilex_ws/install/nav2_voxel_grid/lib:/home/agilex/agilex_ws/install/nav2_msgs/lib:/home/agilex/agilex_ws/install/nav_2d_msgs/lib:${LD_LIBRARY_PATH} PYTHONPATH=/home/agilex/agilex_ws/install/nav2_msgs/local/lib/python3.10/dist-packages:/home/agilex/agilex_ws/install/nav_2d_msgs/local/lib/python3.10/dist-packages:/home/agilex/agilex_ws/install/nav2_common/local/lib/python3.10/dist-packages:${PYTHONPATH} /usr/bin/cmake --build /home/agilex/agilex_ws/build/nav2_rotation_shim_controller -- -j8 -l8
[586.972s] DEBUG:colcon.colcon_core.event_handler.log_command:Invoked command in '/home/agilex/agilex_ws/build/nav2_theta_star_planner' returned '0': AMENT_PREFIX_PATH=/home/agilex/agilex_ws/install/nav2_core:/home/agilex/agilex_ws/install/nav2_costmap_2d:/home/agilex/agilex_ws/install/nav2_util:/home/agilex/agilex_ws/install/nav2_voxel_grid:/home/agilex/agilex_ws/install/nav2_msgs:/home/agilex/agilex_ws/install/nav2_common:${AMENT_PREFIX_PATH} CMAKE_PREFIX_PATH=/home/agilex/agilex_ws/install/nav2_core:/home/agilex/agilex_ws/install/nav2_costmap_2d:/home/agilex/agilex_ws/install/nav2_util:/home/agilex/agilex_ws/install/nav2_voxel_grid:/home/agilex/agilex_ws/install/nav2_msgs:/home/agilex/agilex_ws/install/nav2_common:/opt/ros/humble LD_LIBRARY_PATH=/home/agilex/agilex_ws/install/nav2_costmap_2d/lib:/home/agilex/agilex_ws/install/nav2_util/lib:/home/agilex/agilex_ws/install/nav2_voxel_grid/lib:/home/agilex/agilex_ws/install/nav2_msgs/lib:${LD_LIBRARY_PATH} PYTHONPATH=/home/agilex/agilex_ws/install/nav2_msgs/local/lib/python3.10/dist-packages:/home/agilex/agilex_ws/install/nav2_common/local/lib/python3.10/dist-packages:${PYTHONPATH} /usr/bin/cmake --build /home/agilex/agilex_ws/build/nav2_theta_star_planner -- -j8 -l8
[586.973s] DEBUG:colcon.colcon_core.event_handler.log_command:Invoked command in '/home/agilex/agilex_ws/build/limo_bringup' returned '0': AMENT_PREFIX_PATH=/home/agilex/agilex_ws/install/nav2_waypoint_follower:/home/agilex/agilex_ws/install/nav2_planner:/home/agilex/agilex_ws/install/nav2_controller:/home/agilex/agilex_ws/install/nav2_bt_navigator:/home/agilex/agilex_ws/install/nav2_core:/home/agilex/agilex_ws/install/nav2_costmap_2d:/home/agilex/agilex_ws/install/nav_2d_utils:/home/agilex/agilex_ws/install/nav2_map_server:/home/agilex/agilex_ws/install/nav2_lifecycle_manager:/home/agilex/agilex_ws/install/nav2_behavior_tree:/home/agilex/agilex_ws/install/nav2_amcl:/home/agilex/agilex_ws/install/nav2_util:/home/agilex/agilex_ws/install/nav2_voxel_grid:/home/agilex/agilex_ws/install/nav2_msgs:/home/agilex/agilex_ws/install/nav_2d_msgs:/home/agilex/agilex_ws/install/nav2_common:/home/agilex/agilex_ws/install/limo_msgs:${AMENT_PREFIX_PATH} CMAKE_PREFIX_PATH=/home/agilex/agilex_ws/install/nav2_waypoint_follower:/home/agilex/agilex_ws/install/nav2_planner:/home/agilex/agilex_ws/install/nav2_controller:/home/agilex/agilex_ws/install/nav2_bt_navigator:/home/agilex/agilex_ws/install/nav2_core:/home/agilex/agilex_ws/install/nav2_costmap_2d:/home/agilex/agilex_ws/install/nav_2d_utils:/home/agilex/agilex_ws/install/nav2_map_server:/home/agilex/agilex_ws/install/nav2_lifecycle_manager:/home/agilex/agilex_ws/install/nav2_behavior_tree:/home/agilex/agilex_ws/install/nav2_amcl:/home/agilex/agilex_ws/install/nav2_util:/home/agilex/agilex_ws/install/nav2_voxel_grid:/home/agilex/agilex_ws/install/nav2_msgs:/home/agilex/agilex_ws/install/nav_2d_msgs:/home/agilex/agilex_ws/install/nav2_common:/home/agilex/agilex_ws/install/limo_msgs:/opt/ros/humble LD_LIBRARY_PATH=/home/agilex/agilex_ws/install/nav2_waypoint_follower/lib:/home/agilex/agilex_ws/install/nav2_planner/lib:/home/agilex/agilex_ws/install/nav2_controller/lib:/home/agilex/agilex_ws/install/nav2_bt_navigator/lib:/home/agilex/agilex_ws/install/nav2_costmap_2d/lib:/home/agilex/agilex_ws/install/nav_2d_utils/lib:/home/agilex/agilex_ws/install/nav2_map_server/lib:/home/agilex/agilex_ws/install/nav2_lifecycle_manager/lib:/home/agilex/agilex_ws/install/nav2_behavior_tree/lib:/home/agilex/agilex_ws/install/nav2_amcl/lib:/home/agilex/agilex_ws/install/nav2_util/lib:/home/agilex/agilex_ws/install/nav2_voxel_grid/lib:/home/agilex/agilex_ws/install/nav2_msgs/lib:/home/agilex/agilex_ws/install/nav_2d_msgs/lib:/home/agilex/agilex_ws/install/limo_msgs/lib:${LD_LIBRARY_PATH} PYTHONPATH=/home/agilex/agilex_ws/install/nav2_msgs/local/lib/python3.10/dist-packages:/home/agilex/agilex_ws/install/nav_2d_msgs/local/lib/python3.10/dist-packages:/home/agilex/agilex_ws/install/nav2_common/local/lib/python3.10/dist-packages:/home/agilex/agilex_ws/install/limo_msgs/local/lib/python3.10/dist-packages:${PYTHONPATH} /usr/bin/cmake --build /home/agilex/agilex_ws/build/limo_bringup -- -j8 -l8
[587.002s] DEBUG:colcon.colcon_core.event_handler.log_command:Invoking command in '/home/agilex/agilex_ws/build/nav2_theta_star_planner': AMENT_PREFIX_PATH=/home/agilex/agilex_ws/install/nav2_core:/home/agilex/agilex_ws/install/nav2_costmap_2d:/home/agilex/agilex_ws/install/nav2_util:/home/agilex/agilex_ws/install/nav2_voxel_grid:/home/agilex/agilex_ws/install/nav2_msgs:/home/agilex/agilex_ws/install/nav2_common:${AMENT_PREFIX_PATH} CMAKE_PREFIX_PATH=/home/agilex/agilex_ws/install/nav2_core:/home/agilex/agilex_ws/install/nav2_costmap_2d:/home/agilex/agilex_ws/install/nav2_util:/home/agilex/agilex_ws/install/nav2_voxel_grid:/home/agilex/agilex_ws/install/nav2_msgs:/home/agilex/agilex_ws/install/nav2_common:/opt/ros/humble LD_LIBRARY_PATH=/home/agilex/agilex_ws/install/nav2_costmap_2d/lib:/home/agilex/agilex_ws/install/nav2_util/lib:/home/agilex/agilex_ws/install/nav2_voxel_grid/lib:/home/agilex/agilex_ws/install/nav2_msgs/lib:${LD_LIBRARY_PATH} PYTHONPATH=/home/agilex/agilex_ws/install/nav2_msgs/local/lib/python3.10/dist-packages:/home/agilex/agilex_ws/install/nav2_common/local/lib/python3.10/dist-packages:${PYTHONPATH} /usr/bin/cmake --install /home/agilex/agilex_ws/build/nav2_theta_star_planner
[587.003s] DEBUG:colcon.colcon_core.event_handler.log_command:Invoking command in '/home/agilex/agilex_ws/build/limo_bringup': AMENT_PREFIX_PATH=/home/agilex/agilex_ws/install/nav2_waypoint_follower:/home/agilex/agilex_ws/install/nav2_planner:/home/agilex/agilex_ws/install/nav2_controller:/home/agilex/agilex_ws/install/nav2_bt_navigator:/home/agilex/agilex_ws/install/nav2_core:/home/agilex/agilex_ws/install/nav2_costmap_2d:/home/agilex/agilex_ws/install/nav_2d_utils:/home/agilex/agilex_ws/install/nav2_map_server:/home/agilex/agilex_ws/install/nav2_lifecycle_manager:/home/agilex/agilex_ws/install/nav2_behavior_tree:/home/agilex/agilex_ws/install/nav2_amcl:/home/agilex/agilex_ws/install/nav2_util:/home/agilex/agilex_ws/install/nav2_voxel_grid:/home/agilex/agilex_ws/install/nav2_msgs:/home/agilex/agilex_ws/install/nav_2d_msgs:/home/agilex/agilex_ws/install/nav2_common:/home/agilex/agilex_ws/install/limo_msgs:${AMENT_PREFIX_PATH} CMAKE_PREFIX_PATH=/home/agilex/agilex_ws/install/nav2_waypoint_follower:/home/agilex/agilex_ws/install/nav2_planner:/home/agilex/agilex_ws/install/nav2_controller:/home/agilex/agilex_ws/install/nav2_bt_navigator:/home/agilex/agilex_ws/install/nav2_core:/home/agilex/agilex_ws/install/nav2_costmap_2d:/home/agilex/agilex_ws/install/nav_2d_utils:/home/agilex/agilex_ws/install/nav2_map_server:/home/agilex/agilex_ws/install/nav2_lifecycle_manager:/home/agilex/agilex_ws/install/nav2_behavior_tree:/home/agilex/agilex_ws/install/nav2_amcl:/home/agilex/agilex_ws/install/nav2_util:/home/agilex/agilex_ws/install/nav2_voxel_grid:/home/agilex/agilex_ws/install/nav2_msgs:/home/agilex/agilex_ws/install/nav_2d_msgs:/home/agilex/agilex_ws/install/nav2_common:/home/agilex/agilex_ws/install/limo_msgs:/opt/ros/humble LD_LIBRARY_PATH=/home/agilex/agilex_ws/install/nav2_waypoint_follower/lib:/home/agilex/agilex_ws/install/nav2_planner/lib:/home/agilex/agilex_ws/install/nav2_controller/lib:/home/agilex/agilex_ws/install/nav2_bt_navigator/lib:/home/agilex/agilex_ws/install/nav2_costmap_2d/lib:/home/agilex/agilex_ws/install/nav_2d_utils/lib:/home/agilex/agilex_ws/install/nav2_map_server/lib:/home/agilex/agilex_ws/install/nav2_lifecycle_manager/lib:/home/agilex/agilex_ws/install/nav2_behavior_tree/lib:/home/agilex/agilex_ws/install/nav2_amcl/lib:/home/agilex/agilex_ws/install/nav2_util/lib:/home/agilex/agilex_ws/install/nav2_voxel_grid/lib:/home/agilex/agilex_ws/install/nav2_msgs/lib:/home/agilex/agilex_ws/install/nav_2d_msgs/lib:/home/agilex/agilex_ws/install/limo_msgs/lib:${LD_LIBRARY_PATH} PYTHONPATH=/home/agilex/agilex_ws/install/nav2_msgs/local/lib/python3.10/dist-packages:/home/agilex/agilex_ws/install/nav_2d_msgs/local/lib/python3.10/dist-packages:/home/agilex/agilex_ws/install/nav2_common/local/lib/python3.10/dist-packages:/home/agilex/agilex_ws/install/limo_msgs/local/lib/python3.10/dist-packages:${PYTHONPATH} /usr/bin/cmake --install /home/agilex/agilex_ws/build/limo_bringup
[595.392s] DEBUG:colcon.colcon_core.event_handler.log_command:Invoked command in '/home/agilex/agilex_ws/build/nav2_smac_planner' returned '0': AMENT_PREFIX_PATH=/home/agilex/agilex_ws/install/nav2_core:/home/agilex/agilex_ws/install/nav2_costmap_2d:/home/agilex/agilex_ws/install/nav2_util:/home/agilex/agilex_ws/install/nav2_voxel_grid:/home/agilex/agilex_ws/install/nav2_msgs:/home/agilex/agilex_ws/install/nav2_common:${AMENT_PREFIX_PATH} CMAKE_PREFIX_PATH=/home/agilex/agilex_ws/install/nav2_core:/home/agilex/agilex_ws/install/nav2_costmap_2d:/home/agilex/agilex_ws/install/nav2_util:/home/agilex/agilex_ws/install/nav2_voxel_grid:/home/agilex/agilex_ws/install/nav2_msgs:/home/agilex/agilex_ws/install/nav2_common:/opt/ros/humble LD_LIBRARY_PATH=/home/agilex/agilex_ws/install/nav2_costmap_2d/lib:/home/agilex/agilex_ws/install/nav2_util/lib:/home/agilex/agilex_ws/install/nav2_voxel_grid/lib:/home/agilex/agilex_ws/install/nav2_msgs/lib:${LD_LIBRARY_PATH} PYTHONPATH=/home/agilex/agilex_ws/install/nav2_msgs/local/lib/python3.10/dist-packages:/home/agilex/agilex_ws/install/nav2_common/local/lib/python3.10/dist-packages:${PYTHONPATH} /usr/bin/cmake /home/agilex/agilex_ws/src/navigation2/nav2_smac_planner -DCMAKE_INSTALL_PREFIX=/home/agilex/agilex_ws/install/nav2_smac_planner
[595.392s] DEBUG:colcon.colcon_core.event_handler.log_command:Invoking command in '/home/agilex/agilex_ws/build/nav2_smac_planner': AMENT_PREFIX_PATH=/home/agilex/agilex_ws/install/nav2_core:/home/agilex/agilex_ws/install/nav2_costmap_2d:/home/agilex/agilex_ws/install/nav2_util:/home/agilex/agilex_ws/install/nav2_voxel_grid:/home/agilex/agilex_ws/install/nav2_msgs:/home/agilex/agilex_ws/install/nav2_common:${AMENT_PREFIX_PATH} CMAKE_PREFIX_PATH=/home/agilex/agilex_ws/install/nav2_core:/home/agilex/agilex_ws/install/nav2_costmap_2d:/home/agilex/agilex_ws/install/nav2_util:/home/agilex/agilex_ws/install/nav2_voxel_grid:/home/agilex/agilex_ws/install/nav2_msgs:/home/agilex/agilex_ws/install/nav2_common:/opt/ros/humble LD_LIBRARY_PATH=/home/agilex/agilex_ws/install/nav2_costmap_2d/lib:/home/agilex/agilex_ws/install/nav2_util/lib:/home/agilex/agilex_ws/install/nav2_voxel_grid/lib:/home/agilex/agilex_ws/install/nav2_msgs/lib:${LD_LIBRARY_PATH} PYTHONPATH=/home/agilex/agilex_ws/install/nav2_msgs/local/lib/python3.10/dist-packages:/home/agilex/agilex_ws/install/nav2_common/local/lib/python3.10/dist-packages:${PYTHONPATH} /usr/bin/cmake --build /home/agilex/agilex_ws/build/nav2_smac_planner -- -j8 -l8
[595.393s] Level 1:colcon.colcon_core.environment:create_environment_scripts_only(nav2_theta_star_planner)
[595.396s] Level 1:colcon.colcon_core.environment:checking '/home/agilex/agilex_ws/install/nav2_theta_star_planner' for CMake module files
[595.397s] Level 1:colcon.colcon_core.environment:checking '/home/agilex/agilex_ws/install/nav2_theta_star_planner' for CMake config files
[595.397s] Level 1:colcon.colcon_core.shell:create_environment_hook('nav2_theta_star_planner', 'cmake_prefix_path')
[595.399s] INFO:colcon.colcon_core.shell:Creating environment hook '/home/agilex/agilex_ws/install/nav2_theta_star_planner/share/nav2_theta_star_planner/hook/cmake_prefix_path.ps1'
[595.400s] INFO:colcon.colcon_core.shell:Creating environment descriptor '/home/agilex/agilex_ws/install/nav2_theta_star_planner/share/nav2_theta_star_planner/hook/cmake_prefix_path.dsv'
[595.400s] INFO:colcon.colcon_core.shell:Creating environment hook '/home/agilex/agilex_ws/install/nav2_theta_star_planner/share/nav2_theta_star_planner/hook/cmake_prefix_path.sh'
[595.401s] Level 1:colcon.colcon_core.environment:checking '/home/agilex/agilex_ws/install/nav2_theta_star_planner/lib'
[595.401s] Level 1:colcon.colcon_core.shell:create_environment_hook('nav2_theta_star_planner', 'ld_library_path_lib')
[595.403s] INFO:colcon.colcon_core.shell:Creating environment hook '/home/agilex/agilex_ws/install/nav2_theta_star_planner/share/nav2_theta_star_planner/hook/ld_library_path_lib.ps1'
[595.403s] INFO:colcon.colcon_core.shell:Creating environment descriptor '/home/agilex/agilex_ws/install/nav2_theta_star_planner/share/nav2_theta_star_planner/hook/ld_library_path_lib.dsv'
[595.403s] INFO:colcon.colcon_core.shell:Creating environment hook '/home/agilex/agilex_ws/install/nav2_theta_star_planner/share/nav2_theta_star_planner/hook/ld_library_path_lib.sh'
[595.404s] Level 1:colcon.colcon_core.environment:checking '/home/agilex/agilex_ws/install/nav2_theta_star_planner/bin'
[595.404s] Level 1:colcon.colcon_core.environment:checking '/home/agilex/agilex_ws/install/nav2_theta_star_planner/lib/pkgconfig/nav2_theta_star_planner.pc'
[595.404s] Level 1:colcon.colcon_core.environment:checking '/home/agilex/agilex_ws/install/nav2_theta_star_planner/lib/python3.10/site-packages'
[595.405s] Level 1:colcon.colcon_core.environment:checking '/home/agilex/agilex_ws/install/nav2_theta_star_planner/bin'
[595.406s] INFO:colcon.colcon_core.shell:Creating package script '/home/agilex/agilex_ws/install/nav2_theta_star_planner/share/nav2_theta_star_planner/package.ps1'
[595.407s] INFO:colcon.colcon_core.shell:Creating package descriptor '/home/agilex/agilex_ws/install/nav2_theta_star_planner/share/nav2_theta_star_planner/package.dsv'
[595.408s] INFO:colcon.colcon_core.shell:Creating package script '/home/agilex/agilex_ws/install/nav2_theta_star_planner/share/nav2_theta_star_planner/package.sh'
[595.408s] INFO:colcon.colcon_core.shell:Creating package script '/home/agilex/agilex_ws/install/nav2_theta_star_planner/share/nav2_theta_star_planner/package.bash'
[595.409s] INFO:colcon.colcon_core.shell:Creating package script '/home/agilex/agilex_ws/install/nav2_theta_star_planner/share/nav2_theta_star_planner/package.zsh'
[595.409s] Level 1:colcon.colcon_core.environment:create_file_with_runtime_dependencies(/home/agilex/agilex_ws/install/nav2_theta_star_planner/share/colcon-core/packages/nav2_theta_star_planner)
[595.409s] DEBUG:colcon.colcon_core.event_handler.log_command:Invoked command in '/home/agilex/agilex_ws/build/nav2_theta_star_planner' returned '0': AMENT_PREFIX_PATH=/home/agilex/agilex_ws/install/nav2_core:/home/agilex/agilex_ws/install/nav2_costmap_2d:/home/agilex/agilex_ws/install/nav2_util:/home/agilex/agilex_ws/install/nav2_voxel_grid:/home/agilex/agilex_ws/install/nav2_msgs:/home/agilex/agilex_ws/install/nav2_common:${AMENT_PREFIX_PATH} CMAKE_PREFIX_PATH=/home/agilex/agilex_ws/install/nav2_core:/home/agilex/agilex_ws/install/nav2_costmap_2d:/home/agilex/agilex_ws/install/nav2_util:/home/agilex/agilex_ws/install/nav2_voxel_grid:/home/agilex/agilex_ws/install/nav2_msgs:/home/agilex/agilex_ws/install/nav2_common:/opt/ros/humble LD_LIBRARY_PATH=/home/agilex/agilex_ws/install/nav2_costmap_2d/lib:/home/agilex/agilex_ws/install/nav2_util/lib:/home/agilex/agilex_ws/install/nav2_voxel_grid/lib:/home/agilex/agilex_ws/install/nav2_msgs/lib:${LD_LIBRARY_PATH} PYTHONPATH=/home/agilex/agilex_ws/install/nav2_msgs/local/lib/python3.10/dist-packages:/home/agilex/agilex_ws/install/nav2_common/local/lib/python3.10/dist-packages:${PYTHONPATH} /usr/bin/cmake --install /home/agilex/agilex_ws/build/nav2_theta_star_planner
[595.410s] Level 1:colcon.colcon_core.environment:create_environment_scripts_only(limo_bringup)
[595.413s] Level 1:colcon.colcon_core.environment:checking '/home/agilex/agilex_ws/install/limo_bringup' for CMake module files
[595.414s] Level 1:colcon.colcon_core.environment:checking '/home/agilex/agilex_ws/install/limo_bringup' for CMake config files
[595.414s] Level 1:colcon.colcon_core.shell:create_environment_hook('limo_bringup', 'cmake_prefix_path')
[595.416s] INFO:colcon.colcon_core.shell:Creating environment hook '/home/agilex/agilex_ws/install/limo_bringup/share/limo_bringup/hook/cmake_prefix_path.ps1'
[595.417s] INFO:colcon.colcon_core.shell:Creating environment descriptor '/home/agilex/agilex_ws/install/limo_bringup/share/limo_bringup/hook/cmake_prefix_path.dsv'
[595.417s] INFO:colcon.colcon_core.shell:Creating environment hook '/home/agilex/agilex_ws/install/limo_bringup/share/limo_bringup/hook/cmake_prefix_path.sh'
[595.418s] Level 1:colcon.colcon_core.environment:checking '/home/agilex/agilex_ws/install/limo_bringup/bin'
[595.418s] Level 1:colcon.colcon_core.environment:checking '/home/agilex/agilex_ws/install/limo_bringup/lib/pkgconfig/limo_bringup.pc'
[595.418s] Level 1:colcon.colcon_core.environment:checking '/home/agilex/agilex_ws/install/limo_bringup/lib/python3.10/site-packages'
[595.418s] Level 1:colcon.colcon_core.environment:checking '/home/agilex/agilex_ws/install/limo_bringup/bin'
[595.420s] INFO:colcon.colcon_core.shell:Creating package script '/home/agilex/agilex_ws/install/limo_bringup/share/limo_bringup/package.ps1'
[595.421s] INFO:colcon.colcon_core.shell:Creating package descriptor '/home/agilex/agilex_ws/install/limo_bringup/share/limo_bringup/package.dsv'
[595.421s] INFO:colcon.colcon_core.shell:Creating package script '/home/agilex/agilex_ws/install/limo_bringup/share/limo_bringup/package.sh'
[595.422s] DEBUG:colcon.colcon_core.event_handler.log_command:Invoked command in '/home/agilex/agilex_ws/build/limo_bringup' returned '0': AMENT_PREFIX_PATH=/home/agilex/agilex_ws/install/nav2_waypoint_follower:/home/agilex/agilex_ws/install/nav2_planner:/home/agilex/agilex_ws/install/nav2_controller:/home/agilex/agilex_ws/install/nav2_bt_navigator:/home/agilex/agilex_ws/install/nav2_core:/home/agilex/agilex_ws/install/nav2_costmap_2d:/home/agilex/agilex_ws/install/nav_2d_utils:/home/agilex/agilex_ws/install/nav2_map_server:/home/agilex/agilex_ws/install/nav2_lifecycle_manager:/home/agilex/agilex_ws/install/nav2_behavior_tree:/home/agilex/agilex_ws/install/nav2_amcl:/home/agilex/agilex_ws/install/nav2_util:/home/agilex/agilex_ws/install/nav2_voxel_grid:/home/agilex/agilex_ws/install/nav2_msgs:/home/agilex/agilex_ws/install/nav_2d_msgs:/home/agilex/agilex_ws/install/nav2_common:/home/agilex/agilex_ws/install/limo_msgs:${AMENT_PREFIX_PATH} CMAKE_PREFIX_PATH=/home/agilex/agilex_ws/install/nav2_waypoint_follower:/home/agilex/agilex_ws/install/nav2_planner:/home/agilex/agilex_ws/install/nav2_controller:/home/agilex/agilex_ws/install/nav2_bt_navigator:/home/agilex/agilex_ws/install/nav2_core:/home/agilex/agilex_ws/install/nav2_costmap_2d:/home/agilex/agilex_ws/install/nav_2d_utils:/home/agilex/agilex_ws/install/nav2_map_server:/home/agilex/agilex_ws/install/nav2_lifecycle_manager:/home/agilex/agilex_ws/install/nav2_behavior_tree:/home/agilex/agilex_ws/install/nav2_amcl:/home/agilex/agilex_ws/install/nav2_util:/home/agilex/agilex_ws/install/nav2_voxel_grid:/home/agilex/agilex_ws/install/nav2_msgs:/home/agilex/agilex_ws/install/nav_2d_msgs:/home/agilex/agilex_ws/install/nav2_common:/home/agilex/agilex_ws/install/limo_msgs:/opt/ros/humble LD_LIBRARY_PATH=/home/agilex/agilex_ws/install/nav2_waypoint_follower/lib:/home/agilex/agilex_ws/install/nav2_planner/lib:/home/agilex/agilex_ws/install/nav2_controller/lib:/home/agilex/agilex_ws/install/nav2_bt_navigator/lib:/home/agilex/agilex_ws/install/nav2_costmap_2d/lib:/home/agilex/agilex_ws/install/nav_2d_utils/lib:/home/agilex/agilex_ws/install/nav2_map_server/lib:/home/agilex/agilex_ws/install/nav2_lifecycle_manager/lib:/home/agilex/agilex_ws/install/nav2_behavior_tree/lib:/home/agilex/agilex_ws/install/nav2_amcl/lib:/home/agilex/agilex_ws/install/nav2_util/lib:/home/agilex/agilex_ws/install/nav2_voxel_grid/lib:/home/agilex/agilex_ws/install/nav2_msgs/lib:/home/agilex/agilex_ws/install/nav_2d_msgs/lib:/home/agilex/agilex_ws/install/limo_msgs/lib:${LD_LIBRARY_PATH} PYTHONPATH=/home/agilex/agilex_ws/install/nav2_msgs/local/lib/python3.10/dist-packages:/home/agilex/agilex_ws/install/nav_2d_msgs/local/lib/python3.10/dist-packages:/home/agilex/agilex_ws/install/nav2_common/local/lib/python3.10/dist-packages:/home/agilex/agilex_ws/install/limo_msgs/local/lib/python3.10/dist-packages:${PYTHONPATH} /usr/bin/cmake --install /home/agilex/agilex_ws/build/limo_bringup
[595.422s] INFO:colcon.colcon_core.shell:Creating package script '/home/agilex/agilex_ws/install/limo_bringup/share/limo_bringup/package.bash'
[595.422s] INFO:colcon.colcon_core.shell:Creating package script '/home/agilex/agilex_ws/install/limo_bringup/share/limo_bringup/package.zsh'
[595.423s] Level 1:colcon.colcon_core.environment:create_file_with_runtime_dependencies(/home/agilex/agilex_ws/install/limo_bringup/share/colcon-core/packages/limo_bringup)
[595.444s] Level 1:colcon.colcon_core.environment:create_environment_scripts_only(limo_bringup)
[595.446s] Level 1:colcon.colcon_core.environment:checking '/home/agilex/agilex_ws/install/limo_bringup' for CMake module files
[595.447s] Level 1:colcon.colcon_core.environment:checking '/home/agilex/agilex_ws/install/limo_bringup' for CMake config files
[595.448s] Level 1:colcon.colcon_core.shell:create_environment_hook('limo_bringup', 'cmake_prefix_path')
[595.450s] INFO:colcon.colcon_core.shell:Creating environment hook '/home/agilex/agilex_ws/install/limo_bringup/share/limo_bringup/hook/cmake_prefix_path.ps1'
[595.450s] INFO:colcon.colcon_core.shell:Creating environment descriptor '/home/agilex/agilex_ws/install/limo_bringup/share/limo_bringup/hook/cmake_prefix_path.dsv'
[595.450s] INFO:colcon.colcon_core.shell:Creating environment hook '/home/agilex/agilex_ws/install/limo_bringup/share/limo_bringup/hook/cmake_prefix_path.sh'
[595.451s] Level 1:colcon.colcon_core.environment:checking '/home/agilex/agilex_ws/install/limo_bringup/bin'
[595.451s] Level 1:colcon.colcon_core.environment:checking '/home/agilex/agilex_ws/install/limo_bringup/lib/pkgconfig/limo_bringup.pc'
[595.451s] Level 1:colcon.colcon_core.environment:checking '/home/agilex/agilex_ws/install/limo_bringup/lib/python3.10/site-packages'
[595.452s] Level 1:colcon.colcon_core.environment:checking '/home/agilex/agilex_ws/install/limo_bringup/bin'
[595.454s] INFO:colcon.colcon_core.shell:Creating package script '/home/agilex/agilex_ws/install/limo_bringup/share/limo_bringup/package.ps1'
[595.456s] INFO:colcon.colcon_core.shell:Creating package descriptor '/home/agilex/agilex_ws/install/limo_bringup/share/limo_bringup/package.dsv'
[595.456s] INFO:colcon.colcon_core.shell:Creating package script '/home/agilex/agilex_ws/install/limo_bringup/share/limo_bringup/package.sh'
[595.470s] INFO:colcon.colcon_core.shell:Creating package script '/home/agilex/agilex_ws/install/limo_bringup/share/limo_bringup/package.bash'
[595.470s] INFO:colcon.colcon_core.shell:Creating package script '/home/agilex/agilex_ws/install/limo_bringup/share/limo_bringup/package.zsh'
[595.471s] Level 1:colcon.colcon_core.environment:create_file_with_runtime_dependencies(/home/agilex/agilex_ws/install/limo_bringup/share/colcon-core/packages/limo_bringup)
[595.474s] Level 1:colcon.colcon_core.environment:create_environment_scripts_only(nav2_theta_star_planner)
[595.477s] Level 1:colcon.colcon_core.environment:checking '/home/agilex/agilex_ws/install/nav2_theta_star_planner' for CMake module files
[595.478s] Level 1:colcon.colcon_core.environment:checking '/home/agilex/agilex_ws/install/nav2_theta_star_planner' for CMake config files
[595.478s] Level 1:colcon.colcon_core.shell:create_environment_hook('nav2_theta_star_planner', 'cmake_prefix_path')
[595.480s] INFO:colcon.colcon_core.shell:Creating environment hook '/home/agilex/agilex_ws/install/nav2_theta_star_planner/share/nav2_theta_star_planner/hook/cmake_prefix_path.ps1'
[595.481s] INFO:colcon.colcon_core.shell:Creating environment descriptor '/home/agilex/agilex_ws/install/nav2_theta_star_planner/share/nav2_theta_star_planner/hook/cmake_prefix_path.dsv'
[595.481s] INFO:colcon.colcon_core.shell:Creating environment hook '/home/agilex/agilex_ws/install/nav2_theta_star_planner/share/nav2_theta_star_planner/hook/cmake_prefix_path.sh'
[595.482s] Level 1:colcon.colcon_core.environment:checking '/home/agilex/agilex_ws/install/nav2_theta_star_planner/lib'
[595.482s] Level 1:colcon.colcon_core.shell:create_environment_hook('nav2_theta_star_planner', 'ld_library_path_lib')
[595.484s] INFO:colcon.colcon_core.shell:Creating environment hook '/home/agilex/agilex_ws/install/nav2_theta_star_planner/share/nav2_theta_star_planner/hook/ld_library_path_lib.ps1'
[595.485s] INFO:colcon.colcon_core.shell:Creating environment descriptor '/home/agilex/agilex_ws/install/nav2_theta_star_planner/share/nav2_theta_star_planner/hook/ld_library_path_lib.dsv'
[595.485s] INFO:colcon.colcon_core.shell:Creating environment hook '/home/agilex/agilex_ws/install/nav2_theta_star_planner/share/nav2_theta_star_planner/hook/ld_library_path_lib.sh'
[595.485s] Level 1:colcon.colcon_core.environment:checking '/home/agilex/agilex_ws/install/nav2_theta_star_planner/bin'
[595.486s] Level 1:colcon.colcon_core.environment:checking '/home/agilex/agilex_ws/install/nav2_theta_star_planner/lib/pkgconfig/nav2_theta_star_planner.pc'
[595.486s] Level 1:colcon.colcon_core.environment:checking '/home/agilex/agilex_ws/install/nav2_theta_star_planner/lib/python3.10/site-packages'
[595.486s] Level 1:colcon.colcon_core.environment:checking '/home/agilex/agilex_ws/install/nav2_theta_star_planner/bin'
[595.489s] INFO:colcon.colcon_core.shell:Creating package script '/home/agilex/agilex_ws/install/nav2_theta_star_planner/share/nav2_theta_star_planner/package.ps1'
[595.490s] INFO:colcon.colcon_core.shell:Creating package descriptor '/home/agilex/agilex_ws/install/nav2_theta_star_planner/share/nav2_theta_star_planner/package.dsv'
[595.490s] INFO:colcon.colcon_core.shell:Creating package script '/home/agilex/agilex_ws/install/nav2_theta_star_planner/share/nav2_theta_star_planner/package.sh'
[595.491s] INFO:colcon.colcon_core.shell:Creating package script '/home/agilex/agilex_ws/install/nav2_theta_star_planner/share/nav2_theta_star_planner/package.bash'
[595.491s] INFO:colcon.colcon_core.shell:Creating package script '/home/agilex/agilex_ws/install/nav2_theta_star_planner/share/nav2_theta_star_planner/package.zsh'
[595.492s] Level 1:colcon.colcon_core.environment:create_file_with_runtime_dependencies(/home/agilex/agilex_ws/install/nav2_theta_star_planner/share/colcon-core/packages/nav2_theta_star_planner)
[597.197s] DEBUG:colcon.colcon_core.event_handler.log_command:Invoked command in '/home/agilex/agilex_ws/build/nav2_smoother' returned '0': AMENT_PREFIX_PATH=/home/agilex/agilex_ws/install/nav2_core:/home/agilex/agilex_ws/install/nav2_costmap_2d:/home/agilex/agilex_ws/install/nav_2d_utils:/home/agilex/agilex_ws/install/nav2_util:/home/agilex/agilex_ws/install/nav2_voxel_grid:/home/agilex/agilex_ws/install/nav2_msgs:/home/agilex/agilex_ws/install/nav_2d_msgs:/home/agilex/agilex_ws/install/nav2_common:${AMENT_PREFIX_PATH} CMAKE_PREFIX_PATH=/home/agilex/agilex_ws/install/nav2_core:/home/agilex/agilex_ws/install/nav2_costmap_2d:/home/agilex/agilex_ws/install/nav_2d_utils:/home/agilex/agilex_ws/install/nav2_util:/home/agilex/agilex_ws/install/nav2_voxel_grid:/home/agilex/agilex_ws/install/nav2_msgs:/home/agilex/agilex_ws/install/nav_2d_msgs:/home/agilex/agilex_ws/install/nav2_common:/opt/ros/humble LD_LIBRARY_PATH=/home/agilex/agilex_ws/install/nav2_costmap_2d/lib:/home/agilex/agilex_ws/install/nav_2d_utils/lib:/home/agilex/agilex_ws/install/nav2_util/lib:/home/agilex/agilex_ws/install/nav2_voxel_grid/lib:/home/agilex/agilex_ws/install/nav2_msgs/lib:/home/agilex/agilex_ws/install/nav_2d_msgs/lib:${LD_LIBRARY_PATH} PYTHONPATH=/home/agilex/agilex_ws/install/nav2_msgs/local/lib/python3.10/dist-packages:/home/agilex/agilex_ws/install/nav_2d_msgs/local/lib/python3.10/dist-packages:/home/agilex/agilex_ws/install/nav2_common/local/lib/python3.10/dist-packages:${PYTHONPATH} /usr/bin/cmake --build /home/agilex/agilex_ws/build/nav2_smoother -- -j8 -l8
[597.241s] DEBUG:colcon.colcon_core.event_handler.log_command:Invoking command in '/home/agilex/agilex_ws/build/nav2_smoother': AMENT_PREFIX_PATH=/home/agilex/agilex_ws/install/nav2_core:/home/agilex/agilex_ws/install/nav2_costmap_2d:/home/agilex/agilex_ws/install/nav_2d_utils:/home/agilex/agilex_ws/install/nav2_util:/home/agilex/agilex_ws/install/nav2_voxel_grid:/home/agilex/agilex_ws/install/nav2_msgs:/home/agilex/agilex_ws/install/nav_2d_msgs:/home/agilex/agilex_ws/install/nav2_common:${AMENT_PREFIX_PATH} CMAKE_PREFIX_PATH=/home/agilex/agilex_ws/install/nav2_core:/home/agilex/agilex_ws/install/nav2_costmap_2d:/home/agilex/agilex_ws/install/nav_2d_utils:/home/agilex/agilex_ws/install/nav2_util:/home/agilex/agilex_ws/install/nav2_voxel_grid:/home/agilex/agilex_ws/install/nav2_msgs:/home/agilex/agilex_ws/install/nav_2d_msgs:/home/agilex/agilex_ws/install/nav2_common:/opt/ros/humble LD_LIBRARY_PATH=/home/agilex/agilex_ws/install/nav2_costmap_2d/lib:/home/agilex/agilex_ws/install/nav_2d_utils/lib:/home/agilex/agilex_ws/install/nav2_util/lib:/home/agilex/agilex_ws/install/nav2_voxel_grid/lib:/home/agilex/agilex_ws/install/nav2_msgs/lib:/home/agilex/agilex_ws/install/nav_2d_msgs/lib:${LD_LIBRARY_PATH} PYTHONPATH=/home/agilex/agilex_ws/install/nav2_msgs/local/lib/python3.10/dist-packages:/home/agilex/agilex_ws/install/nav_2d_msgs/local/lib/python3.10/dist-packages:/home/agilex/agilex_ws/install/nav2_common/local/lib/python3.10/dist-packages:${PYTHONPATH} /usr/bin/cmake --install /home/agilex/agilex_ws/build/nav2_smoother
[597.268s] Level 1:colcon.colcon_core.environment:create_environment_scripts_only(nav2_smoother)
[597.271s] Level 1:colcon.colcon_core.environment:checking '/home/agilex/agilex_ws/install/nav2_smoother' for CMake module files
[597.272s] Level 1:colcon.colcon_core.environment:checking '/home/agilex/agilex_ws/install/nav2_smoother' for CMake config files
[597.272s] Level 1:colcon.colcon_core.shell:create_environment_hook('nav2_smoother', 'cmake_prefix_path')
[597.274s] INFO:colcon.colcon_core.shell:Creating environment hook '/home/agilex/agilex_ws/install/nav2_smoother/share/nav2_smoother/hook/cmake_prefix_path.ps1'
[597.274s] DEBUG:colcon.colcon_core.event_handler.log_command:Invoked command in '/home/agilex/agilex_ws/build/nav2_smoother' returned '0': AMENT_PREFIX_PATH=/home/agilex/agilex_ws/install/nav2_core:/home/agilex/agilex_ws/install/nav2_costmap_2d:/home/agilex/agilex_ws/install/nav_2d_utils:/home/agilex/agilex_ws/install/nav2_util:/home/agilex/agilex_ws/install/nav2_voxel_grid:/home/agilex/agilex_ws/install/nav2_msgs:/home/agilex/agilex_ws/install/nav_2d_msgs:/home/agilex/agilex_ws/install/nav2_common:${AMENT_PREFIX_PATH} CMAKE_PREFIX_PATH=/home/agilex/agilex_ws/install/nav2_core:/home/agilex/agilex_ws/install/nav2_costmap_2d:/home/agilex/agilex_ws/install/nav_2d_utils:/home/agilex/agilex_ws/install/nav2_util:/home/agilex/agilex_ws/install/nav2_voxel_grid:/home/agilex/agilex_ws/install/nav2_msgs:/home/agilex/agilex_ws/install/nav_2d_msgs:/home/agilex/agilex_ws/install/nav2_common:/opt/ros/humble LD_LIBRARY_PATH=/home/agilex/agilex_ws/install/nav2_costmap_2d/lib:/home/agilex/agilex_ws/install/nav_2d_utils/lib:/home/agilex/agilex_ws/install/nav2_util/lib:/home/agilex/agilex_ws/install/nav2_voxel_grid/lib:/home/agilex/agilex_ws/install/nav2_msgs/lib:/home/agilex/agilex_ws/install/nav_2d_msgs/lib:${LD_LIBRARY_PATH} PYTHONPATH=/home/agilex/agilex_ws/install/nav2_msgs/local/lib/python3.10/dist-packages:/home/agilex/agilex_ws/install/nav_2d_msgs/local/lib/python3.10/dist-packages:/home/agilex/agilex_ws/install/nav2_common/local/lib/python3.10/dist-packages:${PYTHONPATH} /usr/bin/cmake --install /home/agilex/agilex_ws/build/nav2_smoother
[597.275s] INFO:colcon.colcon_core.shell:Creating environment descriptor '/home/agilex/agilex_ws/install/nav2_smoother/share/nav2_smoother/hook/cmake_prefix_path.dsv'
[597.275s] INFO:colcon.colcon_core.shell:Creating environment hook '/home/agilex/agilex_ws/install/nav2_smoother/share/nav2_smoother/hook/cmake_prefix_path.sh'
[597.276s] Level 1:colcon.colcon_core.environment:checking '/home/agilex/agilex_ws/install/nav2_smoother/lib'
[597.276s] Level 1:colcon.colcon_core.shell:create_environment_hook('nav2_smoother', 'ld_library_path_lib')
[597.278s] INFO:colcon.colcon_core.shell:Creating environment hook '/home/agilex/agilex_ws/install/nav2_smoother/share/nav2_smoother/hook/ld_library_path_lib.ps1'
[597.279s] INFO:colcon.colcon_core.shell:Creating environment descriptor '/home/agilex/agilex_ws/install/nav2_smoother/share/nav2_smoother/hook/ld_library_path_lib.dsv'
[597.279s] INFO:colcon.colcon_core.shell:Creating environment hook '/home/agilex/agilex_ws/install/nav2_smoother/share/nav2_smoother/hook/ld_library_path_lib.sh'
[597.280s] Level 1:colcon.colcon_core.environment:checking '/home/agilex/agilex_ws/install/nav2_smoother/bin'
[597.280s] Level 1:colcon.colcon_core.environment:checking '/home/agilex/agilex_ws/install/nav2_smoother/lib/pkgconfig/nav2_smoother.pc'
[597.280s] Level 1:colcon.colcon_core.environment:checking '/home/agilex/agilex_ws/install/nav2_smoother/lib/python3.10/site-packages'
[597.281s] Level 1:colcon.colcon_core.environment:checking '/home/agilex/agilex_ws/install/nav2_smoother/bin'
[597.283s] INFO:colcon.colcon_core.shell:Creating package script '/home/agilex/agilex_ws/install/nav2_smoother/share/nav2_smoother/package.ps1'
[597.283s] INFO:colcon.colcon_core.shell:Creating package descriptor '/home/agilex/agilex_ws/install/nav2_smoother/share/nav2_smoother/package.dsv'
[597.284s] INFO:colcon.colcon_core.shell:Creating package script '/home/agilex/agilex_ws/install/nav2_smoother/share/nav2_smoother/package.sh'
[597.284s] INFO:colcon.colcon_core.shell:Creating package script '/home/agilex/agilex_ws/install/nav2_smoother/share/nav2_smoother/package.bash'
[597.285s] INFO:colcon.colcon_core.shell:Creating package script '/home/agilex/agilex_ws/install/nav2_smoother/share/nav2_smoother/package.zsh'
[597.285s] Level 1:colcon.colcon_core.environment:create_file_with_runtime_dependencies(/home/agilex/agilex_ws/install/nav2_smoother/share/colcon-core/packages/nav2_smoother)
[597.329s] Level 1:colcon.colcon_core.environment:create_environment_scripts_only(nav2_smoother)
[597.332s] Level 1:colcon.colcon_core.environment:checking '/home/agilex/agilex_ws/install/nav2_smoother' for CMake module files
[597.332s] Level 1:colcon.colcon_core.environment:checking '/home/agilex/agilex_ws/install/nav2_smoother' for CMake config files
[597.332s] Level 1:colcon.colcon_core.shell:create_environment_hook('nav2_smoother', 'cmake_prefix_path')
[597.336s] INFO:colcon.colcon_core.shell:Creating environment hook '/home/agilex/agilex_ws/install/nav2_smoother/share/nav2_smoother/hook/cmake_prefix_path.ps1'
[597.336s] INFO:colcon.colcon_core.shell:Creating environment descriptor '/home/agilex/agilex_ws/install/nav2_smoother/share/nav2_smoother/hook/cmake_prefix_path.dsv'
[597.337s] INFO:colcon.colcon_core.shell:Creating environment hook '/home/agilex/agilex_ws/install/nav2_smoother/share/nav2_smoother/hook/cmake_prefix_path.sh'
[597.339s] Level 1:colcon.colcon_core.environment:checking '/home/agilex/agilex_ws/install/nav2_smoother/lib'
[597.339s] Level 1:colcon.colcon_core.shell:create_environment_hook('nav2_smoother', 'ld_library_path_lib')
[597.346s] INFO:colcon.colcon_core.shell:Creating environment hook '/home/agilex/agilex_ws/install/nav2_smoother/share/nav2_smoother/hook/ld_library_path_lib.ps1'
[597.350s] INFO:colcon.colcon_core.shell:Creating environment descriptor '/home/agilex/agilex_ws/install/nav2_smoother/share/nav2_smoother/hook/ld_library_path_lib.dsv'
[597.353s] INFO:colcon.colcon_core.shell:Creating environment hook '/home/agilex/agilex_ws/install/nav2_smoother/share/nav2_smoother/hook/ld_library_path_lib.sh'
[597.359s] Level 1:colcon.colcon_core.environment:checking '/home/agilex/agilex_ws/install/nav2_smoother/bin'
[597.361s] Level 1:colcon.colcon_core.environment:checking '/home/agilex/agilex_ws/install/nav2_smoother/lib/pkgconfig/nav2_smoother.pc'
[597.363s] Level 1:colcon.colcon_core.environment:checking '/home/agilex/agilex_ws/install/nav2_smoother/lib/python3.10/site-packages'
[597.365s] Level 1:colcon.colcon_core.environment:checking '/home/agilex/agilex_ws/install/nav2_smoother/bin'
[597.375s] INFO:colcon.colcon_core.shell:Creating package script '/home/agilex/agilex_ws/install/nav2_smoother/share/nav2_smoother/package.ps1'
[597.378s] INFO:colcon.colcon_core.shell:Creating package descriptor '/home/agilex/agilex_ws/install/nav2_smoother/share/nav2_smoother/package.dsv'
[597.382s] INFO:colcon.colcon_core.shell:Creating package script '/home/agilex/agilex_ws/install/nav2_smoother/share/nav2_smoother/package.sh'
[597.384s] INFO:colcon.colcon_core.shell:Creating package script '/home/agilex/agilex_ws/install/nav2_smoother/share/nav2_smoother/package.bash'
[597.387s] INFO:colcon.colcon_core.shell:Creating package script '/home/agilex/agilex_ws/install/nav2_smoother/share/nav2_smoother/package.zsh'
[597.388s] Level 1:colcon.colcon_core.environment:create_file_with_runtime_dependencies(/home/agilex/agilex_ws/install/nav2_smoother/share/colcon-core/packages/nav2_smoother)
[617.725s] DEBUG:colcon.colcon_core.event_handler.log_command:Invoked command in '/home/agilex/agilex_ws/build/nav2_constrained_smoother' returned '0': AMENT_PREFIX_PATH=/home/agilex/agilex_ws/install/nav2_core:/home/agilex/agilex_ws/install/nav2_costmap_2d:/home/agilex/agilex_ws/install/nav2_util:/home/agilex/agilex_ws/install/nav2_voxel_grid:/home/agilex/agilex_ws/install/nav2_msgs:/home/agilex/agilex_ws/install/nav2_common:${AMENT_PREFIX_PATH} CMAKE_PREFIX_PATH=/home/agilex/agilex_ws/install/nav2_core:/home/agilex/agilex_ws/install/nav2_costmap_2d:/home/agilex/agilex_ws/install/nav2_util:/home/agilex/agilex_ws/install/nav2_voxel_grid:/home/agilex/agilex_ws/install/nav2_msgs:/home/agilex/agilex_ws/install/nav2_common:/opt/ros/humble LD_LIBRARY_PATH=/home/agilex/agilex_ws/install/nav2_costmap_2d/lib:/home/agilex/agilex_ws/install/nav2_util/lib:/home/agilex/agilex_ws/install/nav2_voxel_grid/lib:/home/agilex/agilex_ws/install/nav2_msgs/lib:${LD_LIBRARY_PATH} PYTHONPATH=/home/agilex/agilex_ws/install/nav2_msgs/local/lib/python3.10/dist-packages:/home/agilex/agilex_ws/install/nav2_common/local/lib/python3.10/dist-packages:${PYTHONPATH} /usr/bin/cmake --build /home/agilex/agilex_ws/build/nav2_constrained_smoother -- -j8 -l8
[617.746s] DEBUG:colcon.colcon_core.event_handler.log_command:Invoking command in '/home/agilex/agilex_ws/build/nav2_constrained_smoother': AMENT_PREFIX_PATH=/home/agilex/agilex_ws/install/nav2_core:/home/agilex/agilex_ws/install/nav2_costmap_2d:/home/agilex/agilex_ws/install/nav2_util:/home/agilex/agilex_ws/install/nav2_voxel_grid:/home/agilex/agilex_ws/install/nav2_msgs:/home/agilex/agilex_ws/install/nav2_common:${AMENT_PREFIX_PATH} CMAKE_PREFIX_PATH=/home/agilex/agilex_ws/install/nav2_core:/home/agilex/agilex_ws/install/nav2_costmap_2d:/home/agilex/agilex_ws/install/nav2_util:/home/agilex/agilex_ws/install/nav2_voxel_grid:/home/agilex/agilex_ws/install/nav2_msgs:/home/agilex/agilex_ws/install/nav2_common:/opt/ros/humble LD_LIBRARY_PATH=/home/agilex/agilex_ws/install/nav2_costmap_2d/lib:/home/agilex/agilex_ws/install/nav2_util/lib:/home/agilex/agilex_ws/install/nav2_voxel_grid/lib:/home/agilex/agilex_ws/install/nav2_msgs/lib:${LD_LIBRARY_PATH} PYTHONPATH=/home/agilex/agilex_ws/install/nav2_msgs/local/lib/python3.10/dist-packages:/home/agilex/agilex_ws/install/nav2_common/local/lib/python3.10/dist-packages:${PYTHONPATH} /usr/bin/cmake --install /home/agilex/agilex_ws/build/nav2_constrained_smoother
[617.759s] Level 1:colcon.colcon_core.environment:create_environment_scripts_only(nav2_constrained_smoother)
[617.761s] Level 1:colcon.colcon_core.environment:checking '/home/agilex/agilex_ws/install/nav2_constrained_smoother' for CMake module files
[617.762s] DEBUG:colcon.colcon_core.event_handler.log_command:Invoked command in '/home/agilex/agilex_ws/build/nav2_constrained_smoother' returned '0': AMENT_PREFIX_PATH=/home/agilex/agilex_ws/install/nav2_core:/home/agilex/agilex_ws/install/nav2_costmap_2d:/home/agilex/agilex_ws/install/nav2_util:/home/agilex/agilex_ws/install/nav2_voxel_grid:/home/agilex/agilex_ws/install/nav2_msgs:/home/agilex/agilex_ws/install/nav2_common:${AMENT_PREFIX_PATH} CMAKE_PREFIX_PATH=/home/agilex/agilex_ws/install/nav2_core:/home/agilex/agilex_ws/install/nav2_costmap_2d:/home/agilex/agilex_ws/install/nav2_util:/home/agilex/agilex_ws/install/nav2_voxel_grid:/home/agilex/agilex_ws/install/nav2_msgs:/home/agilex/agilex_ws/install/nav2_common:/opt/ros/humble LD_LIBRARY_PATH=/home/agilex/agilex_ws/install/nav2_costmap_2d/lib:/home/agilex/agilex_ws/install/nav2_util/lib:/home/agilex/agilex_ws/install/nav2_voxel_grid/lib:/home/agilex/agilex_ws/install/nav2_msgs/lib:${LD_LIBRARY_PATH} PYTHONPATH=/home/agilex/agilex_ws/install/nav2_msgs/local/lib/python3.10/dist-packages:/home/agilex/agilex_ws/install/nav2_common/local/lib/python3.10/dist-packages:${PYTHONPATH} /usr/bin/cmake --install /home/agilex/agilex_ws/build/nav2_constrained_smoother
[617.762s] Level 1:colcon.colcon_core.environment:checking '/home/agilex/agilex_ws/install/nav2_constrained_smoother' for CMake config files
[617.762s] Level 1:colcon.colcon_core.shell:create_environment_hook('nav2_constrained_smoother', 'cmake_prefix_path')
[617.764s] INFO:colcon.colcon_core.shell:Creating environment hook '/home/agilex/agilex_ws/install/nav2_constrained_smoother/share/nav2_constrained_smoother/hook/cmake_prefix_path.ps1'
[617.764s] INFO:colcon.colcon_core.shell:Creating environment descriptor '/home/agilex/agilex_ws/install/nav2_constrained_smoother/share/nav2_constrained_smoother/hook/cmake_prefix_path.dsv'
[617.765s] INFO:colcon.colcon_core.shell:Creating environment hook '/home/agilex/agilex_ws/install/nav2_constrained_smoother/share/nav2_constrained_smoother/hook/cmake_prefix_path.sh'
[617.765s] Level 1:colcon.colcon_core.environment:checking '/home/agilex/agilex_ws/install/nav2_constrained_smoother/lib'
[617.765s] Level 1:colcon.colcon_core.shell:create_environment_hook('nav2_constrained_smoother', 'ld_library_path_lib')
[617.767s] INFO:colcon.colcon_core.shell:Creating environment hook '/home/agilex/agilex_ws/install/nav2_constrained_smoother/share/nav2_constrained_smoother/hook/ld_library_path_lib.ps1'
[617.767s] INFO:colcon.colcon_core.shell:Creating environment descriptor '/home/agilex/agilex_ws/install/nav2_constrained_smoother/share/nav2_constrained_smoother/hook/ld_library_path_lib.dsv'
[617.767s] INFO:colcon.colcon_core.shell:Creating environment hook '/home/agilex/agilex_ws/install/nav2_constrained_smoother/share/nav2_constrained_smoother/hook/ld_library_path_lib.sh'
[617.768s] Level 1:colcon.colcon_core.environment:checking '/home/agilex/agilex_ws/install/nav2_constrained_smoother/bin'
[617.768s] Level 1:colcon.colcon_core.environment:checking '/home/agilex/agilex_ws/install/nav2_constrained_smoother/lib/pkgconfig/nav2_constrained_smoother.pc'
[617.768s] Level 1:colcon.colcon_core.environment:checking '/home/agilex/agilex_ws/install/nav2_constrained_smoother/lib/python3.10/site-packages'
[617.768s] Level 1:colcon.colcon_core.environment:checking '/home/agilex/agilex_ws/install/nav2_constrained_smoother/bin'
[617.770s] INFO:colcon.colcon_core.shell:Creating package script '/home/agilex/agilex_ws/install/nav2_constrained_smoother/share/nav2_constrained_smoother/package.ps1'
[617.770s] INFO:colcon.colcon_core.shell:Creating package descriptor '/home/agilex/agilex_ws/install/nav2_constrained_smoother/share/nav2_constrained_smoother/package.dsv'
[617.771s] INFO:colcon.colcon_core.shell:Creating package script '/home/agilex/agilex_ws/install/nav2_constrained_smoother/share/nav2_constrained_smoother/package.sh'
[617.771s] INFO:colcon.colcon_core.shell:Creating package script '/home/agilex/agilex_ws/install/nav2_constrained_smoother/share/nav2_constrained_smoother/package.bash'
[617.771s] INFO:colcon.colcon_core.shell:Creating package script '/home/agilex/agilex_ws/install/nav2_constrained_smoother/share/nav2_constrained_smoother/package.zsh'
[617.771s] Level 1:colcon.colcon_core.environment:create_file_with_runtime_dependencies(/home/agilex/agilex_ws/install/nav2_constrained_smoother/share/colcon-core/packages/nav2_constrained_smoother)
[617.795s] Level 1:colcon.colcon_core.environment:create_environment_scripts_only(nav2_constrained_smoother)
[617.799s] Level 1:colcon.colcon_core.environment:checking '/home/agilex/agilex_ws/install/nav2_constrained_smoother' for CMake module files
[617.799s] Level 1:colcon.colcon_core.environment:checking '/home/agilex/agilex_ws/install/nav2_constrained_smoother' for CMake config files
[617.800s] Level 1:colcon.colcon_core.shell:create_environment_hook('nav2_constrained_smoother', 'cmake_prefix_path')
[617.801s] INFO:colcon.colcon_core.shell:Creating environment hook '/home/agilex/agilex_ws/install/nav2_constrained_smoother/share/nav2_constrained_smoother/hook/cmake_prefix_path.ps1'
[617.801s] INFO:colcon.colcon_core.shell:Creating environment descriptor '/home/agilex/agilex_ws/install/nav2_constrained_smoother/share/nav2_constrained_smoother/hook/cmake_prefix_path.dsv'
[617.802s] INFO:colcon.colcon_core.shell:Creating environment hook '/home/agilex/agilex_ws/install/nav2_constrained_smoother/share/nav2_constrained_smoother/hook/cmake_prefix_path.sh'
[617.802s] Level 1:colcon.colcon_core.environment:checking '/home/agilex/agilex_ws/install/nav2_constrained_smoother/lib'
[617.802s] Level 1:colcon.colcon_core.shell:create_environment_hook('nav2_constrained_smoother', 'ld_library_path_lib')
[617.804s] INFO:colcon.colcon_core.shell:Creating environment hook '/home/agilex/agilex_ws/install/nav2_constrained_smoother/share/nav2_constrained_smoother/hook/ld_library_path_lib.ps1'
[617.804s] INFO:colcon.colcon_core.shell:Creating environment descriptor '/home/agilex/agilex_ws/install/nav2_constrained_smoother/share/nav2_constrained_smoother/hook/ld_library_path_lib.dsv'
[617.805s] INFO:colcon.colcon_core.shell:Creating environment hook '/home/agilex/agilex_ws/install/nav2_constrained_smoother/share/nav2_constrained_smoother/hook/ld_library_path_lib.sh'
[617.805s] Level 1:colcon.colcon_core.environment:checking '/home/agilex/agilex_ws/install/nav2_constrained_smoother/bin'
[617.805s] Level 1:colcon.colcon_core.environment:checking '/home/agilex/agilex_ws/install/nav2_constrained_smoother/lib/pkgconfig/nav2_constrained_smoother.pc'
[617.805s] Level 1:colcon.colcon_core.environment:checking '/home/agilex/agilex_ws/install/nav2_constrained_smoother/lib/python3.10/site-packages'
[617.806s] Level 1:colcon.colcon_core.environment:checking '/home/agilex/agilex_ws/install/nav2_constrained_smoother/bin'
[617.807s] INFO:colcon.colcon_core.shell:Creating package script '/home/agilex/agilex_ws/install/nav2_constrained_smoother/share/nav2_constrained_smoother/package.ps1'
[617.808s] INFO:colcon.colcon_core.shell:Creating package descriptor '/home/agilex/agilex_ws/install/nav2_constrained_smoother/share/nav2_constrained_smoother/package.dsv'
[617.808s] INFO:colcon.colcon_core.shell:Creating package script '/home/agilex/agilex_ws/install/nav2_constrained_smoother/share/nav2_constrained_smoother/package.sh'
[617.808s] INFO:colcon.colcon_core.shell:Creating package script '/home/agilex/agilex_ws/install/nav2_constrained_smoother/share/nav2_constrained_smoother/package.bash'
[617.809s] INFO:colcon.colcon_core.shell:Creating package script '/home/agilex/agilex_ws/install/nav2_constrained_smoother/share/nav2_constrained_smoother/package.zsh'
[617.809s] Level 1:colcon.colcon_core.environment:create_file_with_runtime_dependencies(/home/agilex/agilex_ws/install/nav2_constrained_smoother/share/colcon-core/packages/nav2_constrained_smoother)
[621.656s] DEBUG:colcon.colcon_core.event_handler.log_command:Invoked command in '/home/agilex/agilex_ws/build/dwb_critics' returned '0': AMENT_PREFIX_PATH=/home/agilex/agilex_ws/install/dwb_core:/home/agilex/agilex_ws/install/nav2_core:/home/agilex/agilex_ws/install/costmap_queue:/home/agilex/agilex_ws/install/nav2_costmap_2d:/home/agilex/agilex_ws/install/nav_2d_utils:/home/agilex/agilex_ws/install/nav2_util:/home/agilex/agilex_ws/install/nav2_voxel_grid:/home/agilex/agilex_ws/install/nav2_msgs:/home/agilex/agilex_ws/install/dwb_msgs:/home/agilex/agilex_ws/install/nav_2d_msgs:/home/agilex/agilex_ws/install/nav2_common:${AMENT_PREFIX_PATH} CMAKE_PREFIX_PATH=/home/agilex/agilex_ws/install/dwb_core:/home/agilex/agilex_ws/install/nav2_core:/home/agilex/agilex_ws/install/costmap_queue:/home/agilex/agilex_ws/install/nav2_costmap_2d:/home/agilex/agilex_ws/install/nav_2d_utils:/home/agilex/agilex_ws/install/nav2_util:/home/agilex/agilex_ws/install/nav2_voxel_grid:/home/agilex/agilex_ws/install/nav2_msgs:/home/agilex/agilex_ws/install/dwb_msgs:/home/agilex/agilex_ws/install/nav_2d_msgs:/home/agilex/agilex_ws/install/nav2_common:/opt/ros/humble LD_LIBRARY_PATH=/home/agilex/agilex_ws/install/dwb_core/lib:/home/agilex/agilex_ws/install/costmap_queue/lib:/home/agilex/agilex_ws/install/nav2_costmap_2d/lib:/home/agilex/agilex_ws/install/nav_2d_utils/lib:/home/agilex/agilex_ws/install/nav2_util/lib:/home/agilex/agilex_ws/install/nav2_voxel_grid/lib:/home/agilex/agilex_ws/install/nav2_msgs/lib:/home/agilex/agilex_ws/install/dwb_msgs/lib:/home/agilex/agilex_ws/install/nav_2d_msgs/lib:${LD_LIBRARY_PATH} PYTHONPATH=/home/agilex/agilex_ws/install/nav2_msgs/local/lib/python3.10/dist-packages:/home/agilex/agilex_ws/install/dwb_msgs/local/lib/python3.10/dist-packages:/home/agilex/agilex_ws/install/nav_2d_msgs/local/lib/python3.10/dist-packages:/home/agilex/agilex_ws/install/nav2_common/local/lib/python3.10/dist-packages:${PYTHONPATH} /usr/bin/cmake --build /home/agilex/agilex_ws/build/dwb_critics -- -j8 -l8
[621.703s] DEBUG:colcon.colcon_core.event_handler.log_command:Invoking command in '/home/agilex/agilex_ws/build/dwb_critics': AMENT_PREFIX_PATH=/home/agilex/agilex_ws/install/dwb_core:/home/agilex/agilex_ws/install/nav2_core:/home/agilex/agilex_ws/install/costmap_queue:/home/agilex/agilex_ws/install/nav2_costmap_2d:/home/agilex/agilex_ws/install/nav_2d_utils:/home/agilex/agilex_ws/install/nav2_util:/home/agilex/agilex_ws/install/nav2_voxel_grid:/home/agilex/agilex_ws/install/nav2_msgs:/home/agilex/agilex_ws/install/dwb_msgs:/home/agilex/agilex_ws/install/nav_2d_msgs:/home/agilex/agilex_ws/install/nav2_common:${AMENT_PREFIX_PATH} CMAKE_PREFIX_PATH=/home/agilex/agilex_ws/install/dwb_core:/home/agilex/agilex_ws/install/nav2_core:/home/agilex/agilex_ws/install/costmap_queue:/home/agilex/agilex_ws/install/nav2_costmap_2d:/home/agilex/agilex_ws/install/nav_2d_utils:/home/agilex/agilex_ws/install/nav2_util:/home/agilex/agilex_ws/install/nav2_voxel_grid:/home/agilex/agilex_ws/install/nav2_msgs:/home/agilex/agilex_ws/install/dwb_msgs:/home/agilex/agilex_ws/install/nav_2d_msgs:/home/agilex/agilex_ws/install/nav2_common:/opt/ros/humble LD_LIBRARY_PATH=/home/agilex/agilex_ws/install/dwb_core/lib:/home/agilex/agilex_ws/install/costmap_queue/lib:/home/agilex/agilex_ws/install/nav2_costmap_2d/lib:/home/agilex/agilex_ws/install/nav_2d_utils/lib:/home/agilex/agilex_ws/install/nav2_util/lib:/home/agilex/agilex_ws/install/nav2_voxel_grid/lib:/home/agilex/agilex_ws/install/nav2_msgs/lib:/home/agilex/agilex_ws/install/dwb_msgs/lib:/home/agilex/agilex_ws/install/nav_2d_msgs/lib:${LD_LIBRARY_PATH} PYTHONPATH=/home/agilex/agilex_ws/install/nav2_msgs/local/lib/python3.10/dist-packages:/home/agilex/agilex_ws/install/dwb_msgs/local/lib/python3.10/dist-packages:/home/agilex/agilex_ws/install/nav_2d_msgs/local/lib/python3.10/dist-packages:/home/agilex/agilex_ws/install/nav2_common/local/lib/python3.10/dist-packages:${PYTHONPATH} /usr/bin/cmake --install /home/agilex/agilex_ws/build/dwb_critics
[621.719s] Level 1:colcon.colcon_core.environment:create_environment_scripts_only(dwb_critics)
[621.721s] Level 1:colcon.colcon_core.environment:checking '/home/agilex/agilex_ws/install/dwb_critics' for CMake module files
[621.722s] DEBUG:colcon.colcon_core.event_handler.log_command:Invoked command in '/home/agilex/agilex_ws/build/dwb_critics' returned '0': AMENT_PREFIX_PATH=/home/agilex/agilex_ws/install/dwb_core:/home/agilex/agilex_ws/install/nav2_core:/home/agilex/agilex_ws/install/costmap_queue:/home/agilex/agilex_ws/install/nav2_costmap_2d:/home/agilex/agilex_ws/install/nav_2d_utils:/home/agilex/agilex_ws/install/nav2_util:/home/agilex/agilex_ws/install/nav2_voxel_grid:/home/agilex/agilex_ws/install/nav2_msgs:/home/agilex/agilex_ws/install/dwb_msgs:/home/agilex/agilex_ws/install/nav_2d_msgs:/home/agilex/agilex_ws/install/nav2_common:${AMENT_PREFIX_PATH} CMAKE_PREFIX_PATH=/home/agilex/agilex_ws/install/dwb_core:/home/agilex/agilex_ws/install/nav2_core:/home/agilex/agilex_ws/install/costmap_queue:/home/agilex/agilex_ws/install/nav2_costmap_2d:/home/agilex/agilex_ws/install/nav_2d_utils:/home/agilex/agilex_ws/install/nav2_util:/home/agilex/agilex_ws/install/nav2_voxel_grid:/home/agilex/agilex_ws/install/nav2_msgs:/home/agilex/agilex_ws/install/dwb_msgs:/home/agilex/agilex_ws/install/nav_2d_msgs:/home/agilex/agilex_ws/install/nav2_common:/opt/ros/humble LD_LIBRARY_PATH=/home/agilex/agilex_ws/install/dwb_core/lib:/home/agilex/agilex_ws/install/costmap_queue/lib:/home/agilex/agilex_ws/install/nav2_costmap_2d/lib:/home/agilex/agilex_ws/install/nav_2d_utils/lib:/home/agilex/agilex_ws/install/nav2_util/lib:/home/agilex/agilex_ws/install/nav2_voxel_grid/lib:/home/agilex/agilex_ws/install/nav2_msgs/lib:/home/agilex/agilex_ws/install/dwb_msgs/lib:/home/agilex/agilex_ws/install/nav_2d_msgs/lib:${LD_LIBRARY_PATH} PYTHONPATH=/home/agilex/agilex_ws/install/nav2_msgs/local/lib/python3.10/dist-packages:/home/agilex/agilex_ws/install/dwb_msgs/local/lib/python3.10/dist-packages:/home/agilex/agilex_ws/install/nav_2d_msgs/local/lib/python3.10/dist-packages:/home/agilex/agilex_ws/install/nav2_common/local/lib/python3.10/dist-packages:${PYTHONPATH} /usr/bin/cmake --install /home/agilex/agilex_ws/build/dwb_critics
[621.722s] Level 1:colcon.colcon_core.environment:checking '/home/agilex/agilex_ws/install/dwb_critics' for CMake config files
[621.722s] Level 1:colcon.colcon_core.shell:create_environment_hook('dwb_critics', 'cmake_prefix_path')
[621.723s] INFO:colcon.colcon_core.shell:Creating environment hook '/home/agilex/agilex_ws/install/dwb_critics/share/dwb_critics/hook/cmake_prefix_path.ps1'
[621.724s] INFO:colcon.colcon_core.shell:Creating environment descriptor '/home/agilex/agilex_ws/install/dwb_critics/share/dwb_critics/hook/cmake_prefix_path.dsv'
[621.724s] INFO:colcon.colcon_core.shell:Creating environment hook '/home/agilex/agilex_ws/install/dwb_critics/share/dwb_critics/hook/cmake_prefix_path.sh'
[621.724s] Level 1:colcon.colcon_core.environment:checking '/home/agilex/agilex_ws/install/dwb_critics/lib'
[621.724s] Level 1:colcon.colcon_core.shell:create_environment_hook('dwb_critics', 'ld_library_path_lib')
[621.726s] INFO:colcon.colcon_core.shell:Creating environment hook '/home/agilex/agilex_ws/install/dwb_critics/share/dwb_critics/hook/ld_library_path_lib.ps1'
[621.726s] INFO:colcon.colcon_core.shell:Creating environment descriptor '/home/agilex/agilex_ws/install/dwb_critics/share/dwb_critics/hook/ld_library_path_lib.dsv'
[621.726s] INFO:colcon.colcon_core.shell:Creating environment hook '/home/agilex/agilex_ws/install/dwb_critics/share/dwb_critics/hook/ld_library_path_lib.sh'
[621.727s] Level 1:colcon.colcon_core.environment:checking '/home/agilex/agilex_ws/install/dwb_critics/bin'
[621.727s] Level 1:colcon.colcon_core.environment:checking '/home/agilex/agilex_ws/install/dwb_critics/lib/pkgconfig/dwb_critics.pc'
[621.727s] Level 1:colcon.colcon_core.environment:checking '/home/agilex/agilex_ws/install/dwb_critics/lib/python3.10/site-packages'
[621.727s] Level 1:colcon.colcon_core.environment:checking '/home/agilex/agilex_ws/install/dwb_critics/bin'
[621.729s] INFO:colcon.colcon_core.shell:Creating package script '/home/agilex/agilex_ws/install/dwb_critics/share/dwb_critics/package.ps1'
[621.729s] INFO:colcon.colcon_core.shell:Creating package descriptor '/home/agilex/agilex_ws/install/dwb_critics/share/dwb_critics/package.dsv'
[621.729s] INFO:colcon.colcon_core.shell:Creating package script '/home/agilex/agilex_ws/install/dwb_critics/share/dwb_critics/package.sh'
[621.730s] INFO:colcon.colcon_core.shell:Creating package script '/home/agilex/agilex_ws/install/dwb_critics/share/dwb_critics/package.bash'
[621.730s] INFO:colcon.colcon_core.shell:Creating package script '/home/agilex/agilex_ws/install/dwb_critics/share/dwb_critics/package.zsh'
[621.731s] Level 1:colcon.colcon_core.environment:create_file_with_runtime_dependencies(/home/agilex/agilex_ws/install/dwb_critics/share/colcon-core/packages/dwb_critics)
[621.768s] Level 1:colcon.colcon_core.environment:create_environment_scripts_only(dwb_critics)
[621.770s] Level 1:colcon.colcon_core.environment:checking '/home/agilex/agilex_ws/install/dwb_critics' for CMake module files
[621.771s] Level 1:colcon.colcon_core.environment:checking '/home/agilex/agilex_ws/install/dwb_critics' for CMake config files
[621.771s] Level 1:colcon.colcon_core.shell:create_environment_hook('dwb_critics', 'cmake_prefix_path')
[621.772s] INFO:colcon.colcon_core.shell:Creating environment hook '/home/agilex/agilex_ws/install/dwb_critics/share/dwb_critics/hook/cmake_prefix_path.ps1'
[621.773s] INFO:colcon.colcon_core.shell:Creating environment descriptor '/home/agilex/agilex_ws/install/dwb_critics/share/dwb_critics/hook/cmake_prefix_path.dsv'
[621.773s] INFO:colcon.colcon_core.shell:Creating environment hook '/home/agilex/agilex_ws/install/dwb_critics/share/dwb_critics/hook/cmake_prefix_path.sh'
[621.773s] Level 1:colcon.colcon_core.environment:checking '/home/agilex/agilex_ws/install/dwb_critics/lib'
[621.774s] Level 1:colcon.colcon_core.shell:create_environment_hook('dwb_critics', 'ld_library_path_lib')
[621.775s] INFO:colcon.colcon_core.shell:Creating environment hook '/home/agilex/agilex_ws/install/dwb_critics/share/dwb_critics/hook/ld_library_path_lib.ps1'
[621.775s] INFO:colcon.colcon_core.shell:Creating environment descriptor '/home/agilex/agilex_ws/install/dwb_critics/share/dwb_critics/hook/ld_library_path_lib.dsv'
[621.776s] INFO:colcon.colcon_core.shell:Creating environment hook '/home/agilex/agilex_ws/install/dwb_critics/share/dwb_critics/hook/ld_library_path_lib.sh'
[621.776s] Level 1:colcon.colcon_core.environment:checking '/home/agilex/agilex_ws/install/dwb_critics/bin'
[621.776s] Level 1:colcon.colcon_core.environment:checking '/home/agilex/agilex_ws/install/dwb_critics/lib/pkgconfig/dwb_critics.pc'
[621.776s] Level 1:colcon.colcon_core.environment:checking '/home/agilex/agilex_ws/install/dwb_critics/lib/python3.10/site-packages'
[621.776s] Level 1:colcon.colcon_core.environment:checking '/home/agilex/agilex_ws/install/dwb_critics/bin'
[621.778s] INFO:colcon.colcon_core.shell:Creating package script '/home/agilex/agilex_ws/install/dwb_critics/share/dwb_critics/package.ps1'
[621.778s] INFO:colcon.colcon_core.shell:Creating package descriptor '/home/agilex/agilex_ws/install/dwb_critics/share/dwb_critics/package.dsv'
[621.779s] INFO:colcon.colcon_core.shell:Creating package script '/home/agilex/agilex_ws/install/dwb_critics/share/dwb_critics/package.sh'
[621.779s] INFO:colcon.colcon_core.shell:Creating package script '/home/agilex/agilex_ws/install/dwb_critics/share/dwb_critics/package.bash'
[621.780s] INFO:colcon.colcon_core.shell:Creating package script '/home/agilex/agilex_ws/install/dwb_critics/share/dwb_critics/package.zsh'
[621.780s] Level 1:colcon.colcon_core.environment:create_file_with_runtime_dependencies(/home/agilex/agilex_ws/install/dwb_critics/share/colcon-core/packages/dwb_critics)
[621.780s] INFO:colcon.colcon_ros.task.ament_cmake.build:Building ROS package in '/home/agilex/agilex_ws/src/navigation2/nav2_dwb_controller/nav2_dwb_controller' with build type 'ament_cmake'
[621.781s] INFO:colcon.colcon_cmake.task.cmake.build:Building CMake package in '/home/agilex/agilex_ws/src/navigation2/nav2_dwb_controller/nav2_dwb_controller'
[621.783s] INFO:colcon.colcon_core.shell:Skip shell extension 'powershell' for command environment: Not usable outside of PowerShell
[621.783s] DEBUG:colcon.colcon_core.shell:Skip shell extension 'dsv' for command environment
[621.813s] DEBUG:colcon.colcon_core.event_handler.log_command:Invoking command in '/home/agilex/agilex_ws/build/nav2_dwb_controller': AMENT_PREFIX_PATH=/home/agilex/agilex_ws/install/dwb_plugins:/home/agilex/agilex_ws/install/dwb_critics:/home/agilex/agilex_ws/install/dwb_core:/home/agilex/agilex_ws/install/nav2_core:/home/agilex/agilex_ws/install/costmap_queue:/home/agilex/agilex_ws/install/nav2_costmap_2d:/home/agilex/agilex_ws/install/nav_2d_utils:/home/agilex/agilex_ws/install/nav2_util:/home/agilex/agilex_ws/install/nav2_voxel_grid:/home/agilex/agilex_ws/install/nav2_msgs:/home/agilex/agilex_ws/install/dwb_msgs:/home/agilex/agilex_ws/install/nav_2d_msgs:/home/agilex/agilex_ws/install/nav2_common:${AMENT_PREFIX_PATH} CMAKE_PREFIX_PATH=/home/agilex/agilex_ws/install/dwb_plugins:/home/agilex/agilex_ws/install/dwb_critics:/home/agilex/agilex_ws/install/dwb_core:/home/agilex/agilex_ws/install/nav2_core:/home/agilex/agilex_ws/install/costmap_queue:/home/agilex/agilex_ws/install/nav2_costmap_2d:/home/agilex/agilex_ws/install/nav_2d_utils:/home/agilex/agilex_ws/install/nav2_util:/home/agilex/agilex_ws/install/nav2_voxel_grid:/home/agilex/agilex_ws/install/nav2_msgs:/home/agilex/agilex_ws/install/dwb_msgs:/home/agilex/agilex_ws/install/nav_2d_msgs:/home/agilex/agilex_ws/install/nav2_common:/opt/ros/humble LD_LIBRARY_PATH=/home/agilex/agilex_ws/install/dwb_plugins/lib:/home/agilex/agilex_ws/install/dwb_critics/lib:/home/agilex/agilex_ws/install/dwb_core/lib:/home/agilex/agilex_ws/install/costmap_queue/lib:/home/agilex/agilex_ws/install/nav2_costmap_2d/lib:/home/agilex/agilex_ws/install/nav_2d_utils/lib:/home/agilex/agilex_ws/install/nav2_util/lib:/home/agilex/agilex_ws/install/nav2_voxel_grid/lib:/home/agilex/agilex_ws/install/nav2_msgs/lib:/home/agilex/agilex_ws/install/dwb_msgs/lib:/home/agilex/agilex_ws/install/nav_2d_msgs/lib:${LD_LIBRARY_PATH} PYTHONPATH=/home/agilex/agilex_ws/install/nav2_msgs/local/lib/python3.10/dist-packages:/home/agilex/agilex_ws/install/dwb_msgs/local/lib/python3.10/dist-packages:/home/agilex/agilex_ws/install/nav_2d_msgs/local/lib/python3.10/dist-packages:/home/agilex/agilex_ws/install/nav2_common/local/lib/python3.10/dist-packages:${PYTHONPATH} /usr/bin/cmake /home/agilex/agilex_ws/src/navigation2/nav2_dwb_controller/nav2_dwb_controller -DCMAKE_INSTALL_PREFIX=/home/agilex/agilex_ws/install/nav2_dwb_controller
[622.442s] DEBUG:colcon.colcon_core.event_handler.log_command:Invoked command in '/home/agilex/agilex_ws/build/nav2_dwb_controller' returned '0': AMENT_PREFIX_PATH=/home/agilex/agilex_ws/install/dwb_plugins:/home/agilex/agilex_ws/install/dwb_critics:/home/agilex/agilex_ws/install/dwb_core:/home/agilex/agilex_ws/install/nav2_core:/home/agilex/agilex_ws/install/costmap_queue:/home/agilex/agilex_ws/install/nav2_costmap_2d:/home/agilex/agilex_ws/install/nav_2d_utils:/home/agilex/agilex_ws/install/nav2_util:/home/agilex/agilex_ws/install/nav2_voxel_grid:/home/agilex/agilex_ws/install/nav2_msgs:/home/agilex/agilex_ws/install/dwb_msgs:/home/agilex/agilex_ws/install/nav_2d_msgs:/home/agilex/agilex_ws/install/nav2_common:${AMENT_PREFIX_PATH} CMAKE_PREFIX_PATH=/home/agilex/agilex_ws/install/dwb_plugins:/home/agilex/agilex_ws/install/dwb_critics:/home/agilex/agilex_ws/install/dwb_core:/home/agilex/agilex_ws/install/nav2_core:/home/agilex/agilex_ws/install/costmap_queue:/home/agilex/agilex_ws/install/nav2_costmap_2d:/home/agilex/agilex_ws/install/nav_2d_utils:/home/agilex/agilex_ws/install/nav2_util:/home/agilex/agilex_ws/install/nav2_voxel_grid:/home/agilex/agilex_ws/install/nav2_msgs:/home/agilex/agilex_ws/install/dwb_msgs:/home/agilex/agilex_ws/install/nav_2d_msgs:/home/agilex/agilex_ws/install/nav2_common:/opt/ros/humble LD_LIBRARY_PATH=/home/agilex/agilex_ws/install/dwb_plugins/lib:/home/agilex/agilex_ws/install/dwb_critics/lib:/home/agilex/agilex_ws/install/dwb_core/lib:/home/agilex/agilex_ws/install/costmap_queue/lib:/home/agilex/agilex_ws/install/nav2_costmap_2d/lib:/home/agilex/agilex_ws/install/nav_2d_utils/lib:/home/agilex/agilex_ws/install/nav2_util/lib:/home/agilex/agilex_ws/install/nav2_voxel_grid/lib:/home/agilex/agilex_ws/install/nav2_msgs/lib:/home/agilex/agilex_ws/install/dwb_msgs/lib:/home/agilex/agilex_ws/install/nav_2d_msgs/lib:${LD_LIBRARY_PATH} PYTHONPATH=/home/agilex/agilex_ws/install/nav2_msgs/local/lib/python3.10/dist-packages:/home/agilex/agilex_ws/install/dwb_msgs/local/lib/python3.10/dist-packages:/home/agilex/agilex_ws/install/nav_2d_msgs/local/lib/python3.10/dist-packages:/home/agilex/agilex_ws/install/nav2_common/local/lib/python3.10/dist-packages:${PYTHONPATH} /usr/bin/cmake /home/agilex/agilex_ws/src/navigation2/nav2_dwb_controller/nav2_dwb_controller -DCMAKE_INSTALL_PREFIX=/home/agilex/agilex_ws/install/nav2_dwb_controller
[622.444s] DEBUG:colcon.colcon_core.event_handler.log_command:Invoking command in '/home/agilex/agilex_ws/build/nav2_dwb_controller': AMENT_PREFIX_PATH=/home/agilex/agilex_ws/install/dwb_plugins:/home/agilex/agilex_ws/install/dwb_critics:/home/agilex/agilex_ws/install/dwb_core:/home/agilex/agilex_ws/install/nav2_core:/home/agilex/agilex_ws/install/costmap_queue:/home/agilex/agilex_ws/install/nav2_costmap_2d:/home/agilex/agilex_ws/install/nav_2d_utils:/home/agilex/agilex_ws/install/nav2_util:/home/agilex/agilex_ws/install/nav2_voxel_grid:/home/agilex/agilex_ws/install/nav2_msgs:/home/agilex/agilex_ws/install/dwb_msgs:/home/agilex/agilex_ws/install/nav_2d_msgs:/home/agilex/agilex_ws/install/nav2_common:${AMENT_PREFIX_PATH} CMAKE_PREFIX_PATH=/home/agilex/agilex_ws/install/dwb_plugins:/home/agilex/agilex_ws/install/dwb_critics:/home/agilex/agilex_ws/install/dwb_core:/home/agilex/agilex_ws/install/nav2_core:/home/agilex/agilex_ws/install/costmap_queue:/home/agilex/agilex_ws/install/nav2_costmap_2d:/home/agilex/agilex_ws/install/nav_2d_utils:/home/agilex/agilex_ws/install/nav2_util:/home/agilex/agilex_ws/install/nav2_voxel_grid:/home/agilex/agilex_ws/install/nav2_msgs:/home/agilex/agilex_ws/install/dwb_msgs:/home/agilex/agilex_ws/install/nav_2d_msgs:/home/agilex/agilex_ws/install/nav2_common:/opt/ros/humble LD_LIBRARY_PATH=/home/agilex/agilex_ws/install/dwb_plugins/lib:/home/agilex/agilex_ws/install/dwb_critics/lib:/home/agilex/agilex_ws/install/dwb_core/lib:/home/agilex/agilex_ws/install/costmap_queue/lib:/home/agilex/agilex_ws/install/nav2_costmap_2d/lib:/home/agilex/agilex_ws/install/nav_2d_utils/lib:/home/agilex/agilex_ws/install/nav2_util/lib:/home/agilex/agilex_ws/install/nav2_voxel_grid/lib:/home/agilex/agilex_ws/install/nav2_msgs/lib:/home/agilex/agilex_ws/install/dwb_msgs/lib:/home/agilex/agilex_ws/install/nav_2d_msgs/lib:${LD_LIBRARY_PATH} PYTHONPATH=/home/agilex/agilex_ws/install/nav2_msgs/local/lib/python3.10/dist-packages:/home/agilex/agilex_ws/install/dwb_msgs/local/lib/python3.10/dist-packages:/home/agilex/agilex_ws/install/nav_2d_msgs/local/lib/python3.10/dist-packages:/home/agilex/agilex_ws/install/nav2_common/local/lib/python3.10/dist-packages:${PYTHONPATH} /usr/bin/cmake --build /home/agilex/agilex_ws/build/nav2_dwb_controller -- -j8 -l8
[622.479s] DEBUG:colcon.colcon_core.event_handler.log_command:Invoked command in '/home/agilex/agilex_ws/build/nav2_dwb_controller' returned '0': AMENT_PREFIX_PATH=/home/agilex/agilex_ws/install/dwb_plugins:/home/agilex/agilex_ws/install/dwb_critics:/home/agilex/agilex_ws/install/dwb_core:/home/agilex/agilex_ws/install/nav2_core:/home/agilex/agilex_ws/install/costmap_queue:/home/agilex/agilex_ws/install/nav2_costmap_2d:/home/agilex/agilex_ws/install/nav_2d_utils:/home/agilex/agilex_ws/install/nav2_util:/home/agilex/agilex_ws/install/nav2_voxel_grid:/home/agilex/agilex_ws/install/nav2_msgs:/home/agilex/agilex_ws/install/dwb_msgs:/home/agilex/agilex_ws/install/nav_2d_msgs:/home/agilex/agilex_ws/install/nav2_common:${AMENT_PREFIX_PATH} CMAKE_PREFIX_PATH=/home/agilex/agilex_ws/install/dwb_plugins:/home/agilex/agilex_ws/install/dwb_critics:/home/agilex/agilex_ws/install/dwb_core:/home/agilex/agilex_ws/install/nav2_core:/home/agilex/agilex_ws/install/costmap_queue:/home/agilex/agilex_ws/install/nav2_costmap_2d:/home/agilex/agilex_ws/install/nav_2d_utils:/home/agilex/agilex_ws/install/nav2_util:/home/agilex/agilex_ws/install/nav2_voxel_grid:/home/agilex/agilex_ws/install/nav2_msgs:/home/agilex/agilex_ws/install/dwb_msgs:/home/agilex/agilex_ws/install/nav_2d_msgs:/home/agilex/agilex_ws/install/nav2_common:/opt/ros/humble LD_LIBRARY_PATH=/home/agilex/agilex_ws/install/dwb_plugins/lib:/home/agilex/agilex_ws/install/dwb_critics/lib:/home/agilex/agilex_ws/install/dwb_core/lib:/home/agilex/agilex_ws/install/costmap_queue/lib:/home/agilex/agilex_ws/install/nav2_costmap_2d/lib:/home/agilex/agilex_ws/install/nav_2d_utils/lib:/home/agilex/agilex_ws/install/nav2_util/lib:/home/agilex/agilex_ws/install/nav2_voxel_grid/lib:/home/agilex/agilex_ws/install/nav2_msgs/lib:/home/agilex/agilex_ws/install/dwb_msgs/lib:/home/agilex/agilex_ws/install/nav_2d_msgs/lib:${LD_LIBRARY_PATH} PYTHONPATH=/home/agilex/agilex_ws/install/nav2_msgs/local/lib/python3.10/dist-packages:/home/agilex/agilex_ws/install/dwb_msgs/local/lib/python3.10/dist-packages:/home/agilex/agilex_ws/install/nav_2d_msgs/local/lib/python3.10/dist-packages:/home/agilex/agilex_ws/install/nav2_common/local/lib/python3.10/dist-packages:${PYTHONPATH} /usr/bin/cmake --build /home/agilex/agilex_ws/build/nav2_dwb_controller -- -j8 -l8
[622.496s] DEBUG:colcon.colcon_core.event_handler.log_command:Invoking command in '/home/agilex/agilex_ws/build/nav2_dwb_controller': AMENT_PREFIX_PATH=/home/agilex/agilex_ws/install/dwb_plugins:/home/agilex/agilex_ws/install/dwb_critics:/home/agilex/agilex_ws/install/dwb_core:/home/agilex/agilex_ws/install/nav2_core:/home/agilex/agilex_ws/install/costmap_queue:/home/agilex/agilex_ws/install/nav2_costmap_2d:/home/agilex/agilex_ws/install/nav_2d_utils:/home/agilex/agilex_ws/install/nav2_util:/home/agilex/agilex_ws/install/nav2_voxel_grid:/home/agilex/agilex_ws/install/nav2_msgs:/home/agilex/agilex_ws/install/dwb_msgs:/home/agilex/agilex_ws/install/nav_2d_msgs:/home/agilex/agilex_ws/install/nav2_common:${AMENT_PREFIX_PATH} CMAKE_PREFIX_PATH=/home/agilex/agilex_ws/install/dwb_plugins:/home/agilex/agilex_ws/install/dwb_critics:/home/agilex/agilex_ws/install/dwb_core:/home/agilex/agilex_ws/install/nav2_core:/home/agilex/agilex_ws/install/costmap_queue:/home/agilex/agilex_ws/install/nav2_costmap_2d:/home/agilex/agilex_ws/install/nav_2d_utils:/home/agilex/agilex_ws/install/nav2_util:/home/agilex/agilex_ws/install/nav2_voxel_grid:/home/agilex/agilex_ws/install/nav2_msgs:/home/agilex/agilex_ws/install/dwb_msgs:/home/agilex/agilex_ws/install/nav_2d_msgs:/home/agilex/agilex_ws/install/nav2_common:/opt/ros/humble LD_LIBRARY_PATH=/home/agilex/agilex_ws/install/dwb_plugins/lib:/home/agilex/agilex_ws/install/dwb_critics/lib:/home/agilex/agilex_ws/install/dwb_core/lib:/home/agilex/agilex_ws/install/costmap_queue/lib:/home/agilex/agilex_ws/install/nav2_costmap_2d/lib:/home/agilex/agilex_ws/install/nav_2d_utils/lib:/home/agilex/agilex_ws/install/nav2_util/lib:/home/agilex/agilex_ws/install/nav2_voxel_grid/lib:/home/agilex/agilex_ws/install/nav2_msgs/lib:/home/agilex/agilex_ws/install/dwb_msgs/lib:/home/agilex/agilex_ws/install/nav_2d_msgs/lib:${LD_LIBRARY_PATH} PYTHONPATH=/home/agilex/agilex_ws/install/nav2_msgs/local/lib/python3.10/dist-packages:/home/agilex/agilex_ws/install/dwb_msgs/local/lib/python3.10/dist-packages:/home/agilex/agilex_ws/install/nav_2d_msgs/local/lib/python3.10/dist-packages:/home/agilex/agilex_ws/install/nav2_common/local/lib/python3.10/dist-packages:${PYTHONPATH} /usr/bin/cmake --install /home/agilex/agilex_ws/build/nav2_dwb_controller
[622.507s] Level 1:colcon.colcon_core.environment:create_environment_scripts_only(nav2_dwb_controller)
[622.509s] Level 1:colcon.colcon_core.environment:checking '/home/agilex/agilex_ws/install/nav2_dwb_controller' for CMake module files
[622.510s] DEBUG:colcon.colcon_core.event_handler.log_command:Invoked command in '/home/agilex/agilex_ws/build/nav2_dwb_controller' returned '0': AMENT_PREFIX_PATH=/home/agilex/agilex_ws/install/dwb_plugins:/home/agilex/agilex_ws/install/dwb_critics:/home/agilex/agilex_ws/install/dwb_core:/home/agilex/agilex_ws/install/nav2_core:/home/agilex/agilex_ws/install/costmap_queue:/home/agilex/agilex_ws/install/nav2_costmap_2d:/home/agilex/agilex_ws/install/nav_2d_utils:/home/agilex/agilex_ws/install/nav2_util:/home/agilex/agilex_ws/install/nav2_voxel_grid:/home/agilex/agilex_ws/install/nav2_msgs:/home/agilex/agilex_ws/install/dwb_msgs:/home/agilex/agilex_ws/install/nav_2d_msgs:/home/agilex/agilex_ws/install/nav2_common:${AMENT_PREFIX_PATH} CMAKE_PREFIX_PATH=/home/agilex/agilex_ws/install/dwb_plugins:/home/agilex/agilex_ws/install/dwb_critics:/home/agilex/agilex_ws/install/dwb_core:/home/agilex/agilex_ws/install/nav2_core:/home/agilex/agilex_ws/install/costmap_queue:/home/agilex/agilex_ws/install/nav2_costmap_2d:/home/agilex/agilex_ws/install/nav_2d_utils:/home/agilex/agilex_ws/install/nav2_util:/home/agilex/agilex_ws/install/nav2_voxel_grid:/home/agilex/agilex_ws/install/nav2_msgs:/home/agilex/agilex_ws/install/dwb_msgs:/home/agilex/agilex_ws/install/nav_2d_msgs:/home/agilex/agilex_ws/install/nav2_common:/opt/ros/humble LD_LIBRARY_PATH=/home/agilex/agilex_ws/install/dwb_plugins/lib:/home/agilex/agilex_ws/install/dwb_critics/lib:/home/agilex/agilex_ws/install/dwb_core/lib:/home/agilex/agilex_ws/install/costmap_queue/lib:/home/agilex/agilex_ws/install/nav2_costmap_2d/lib:/home/agilex/agilex_ws/install/nav_2d_utils/lib:/home/agilex/agilex_ws/install/nav2_util/lib:/home/agilex/agilex_ws/install/nav2_voxel_grid/lib:/home/agilex/agilex_ws/install/nav2_msgs/lib:/home/agilex/agilex_ws/install/dwb_msgs/lib:/home/agilex/agilex_ws/install/nav_2d_msgs/lib:${LD_LIBRARY_PATH} PYTHONPATH=/home/agilex/agilex_ws/install/nav2_msgs/local/lib/python3.10/dist-packages:/home/agilex/agilex_ws/install/dwb_msgs/local/lib/python3.10/dist-packages:/home/agilex/agilex_ws/install/nav_2d_msgs/local/lib/python3.10/dist-packages:/home/agilex/agilex_ws/install/nav2_common/local/lib/python3.10/dist-packages:${PYTHONPATH} /usr/bin/cmake --install /home/agilex/agilex_ws/build/nav2_dwb_controller
[622.510s] Level 1:colcon.colcon_core.environment:checking '/home/agilex/agilex_ws/install/nav2_dwb_controller' for CMake config files
[622.510s] Level 1:colcon.colcon_core.shell:create_environment_hook('nav2_dwb_controller', 'cmake_prefix_path')
[622.512s] INFO:colcon.colcon_core.shell:Creating environment hook '/home/agilex/agilex_ws/install/nav2_dwb_controller/share/nav2_dwb_controller/hook/cmake_prefix_path.ps1'
[622.512s] INFO:colcon.colcon_core.shell:Creating environment descriptor '/home/agilex/agilex_ws/install/nav2_dwb_controller/share/nav2_dwb_controller/hook/cmake_prefix_path.dsv'
[622.512s] INFO:colcon.colcon_core.shell:Creating environment hook '/home/agilex/agilex_ws/install/nav2_dwb_controller/share/nav2_dwb_controller/hook/cmake_prefix_path.sh'
[622.513s] Level 1:colcon.colcon_core.environment:checking '/home/agilex/agilex_ws/install/nav2_dwb_controller/bin'
[622.513s] Level 1:colcon.colcon_core.environment:checking '/home/agilex/agilex_ws/install/nav2_dwb_controller/lib/pkgconfig/nav2_dwb_controller.pc'
[622.513s] Level 1:colcon.colcon_core.environment:checking '/home/agilex/agilex_ws/install/nav2_dwb_controller/lib/python3.10/site-packages'
[622.513s] Level 1:colcon.colcon_core.environment:checking '/home/agilex/agilex_ws/install/nav2_dwb_controller/bin'
[622.515s] INFO:colcon.colcon_core.shell:Creating package script '/home/agilex/agilex_ws/install/nav2_dwb_controller/share/nav2_dwb_controller/package.ps1'
[622.515s] INFO:colcon.colcon_core.shell:Creating package descriptor '/home/agilex/agilex_ws/install/nav2_dwb_controller/share/nav2_dwb_controller/package.dsv'
[622.516s] INFO:colcon.colcon_core.shell:Creating package script '/home/agilex/agilex_ws/install/nav2_dwb_controller/share/nav2_dwb_controller/package.sh'
[622.516s] INFO:colcon.colcon_core.shell:Creating package script '/home/agilex/agilex_ws/install/nav2_dwb_controller/share/nav2_dwb_controller/package.bash'
[622.516s] INFO:colcon.colcon_core.shell:Creating package script '/home/agilex/agilex_ws/install/nav2_dwb_controller/share/nav2_dwb_controller/package.zsh'
[622.517s] Level 1:colcon.colcon_core.environment:create_file_with_runtime_dependencies(/home/agilex/agilex_ws/install/nav2_dwb_controller/share/colcon-core/packages/nav2_dwb_controller)
[622.534s] Level 1:colcon.colcon_core.environment:create_environment_scripts_only(nav2_dwb_controller)
[622.536s] Level 1:colcon.colcon_core.environment:checking '/home/agilex/agilex_ws/install/nav2_dwb_controller' for CMake module files
[622.537s] Level 1:colcon.colcon_core.environment:checking '/home/agilex/agilex_ws/install/nav2_dwb_controller' for CMake config files
[622.537s] Level 1:colcon.colcon_core.shell:create_environment_hook('nav2_dwb_controller', 'cmake_prefix_path')
[622.538s] INFO:colcon.colcon_core.shell:Creating environment hook '/home/agilex/agilex_ws/install/nav2_dwb_controller/share/nav2_dwb_controller/hook/cmake_prefix_path.ps1'
[622.539s] INFO:colcon.colcon_core.shell:Creating environment descriptor '/home/agilex/agilex_ws/install/nav2_dwb_controller/share/nav2_dwb_controller/hook/cmake_prefix_path.dsv'
[622.539s] INFO:colcon.colcon_core.shell:Creating environment hook '/home/agilex/agilex_ws/install/nav2_dwb_controller/share/nav2_dwb_controller/hook/cmake_prefix_path.sh'
[622.540s] Level 1:colcon.colcon_core.environment:checking '/home/agilex/agilex_ws/install/nav2_dwb_controller/bin'
[622.540s] Level 1:colcon.colcon_core.environment:checking '/home/agilex/agilex_ws/install/nav2_dwb_controller/lib/pkgconfig/nav2_dwb_controller.pc'
[622.540s] Level 1:colcon.colcon_core.environment:checking '/home/agilex/agilex_ws/install/nav2_dwb_controller/lib/python3.10/site-packages'
[622.540s] Level 1:colcon.colcon_core.environment:checking '/home/agilex/agilex_ws/install/nav2_dwb_controller/bin'
[622.542s] INFO:colcon.colcon_core.shell:Creating package script '/home/agilex/agilex_ws/install/nav2_dwb_controller/share/nav2_dwb_controller/package.ps1'
[622.542s] INFO:colcon.colcon_core.shell:Creating package descriptor '/home/agilex/agilex_ws/install/nav2_dwb_controller/share/nav2_dwb_controller/package.dsv'
[622.543s] INFO:colcon.colcon_core.shell:Creating package script '/home/agilex/agilex_ws/install/nav2_dwb_controller/share/nav2_dwb_controller/package.sh'
[622.543s] INFO:colcon.colcon_core.shell:Creating package script '/home/agilex/agilex_ws/install/nav2_dwb_controller/share/nav2_dwb_controller/package.bash'
[622.543s] INFO:colcon.colcon_core.shell:Creating package script '/home/agilex/agilex_ws/install/nav2_dwb_controller/share/nav2_dwb_controller/package.zsh'
[622.544s] Level 1:colcon.colcon_core.environment:create_file_with_runtime_dependencies(/home/agilex/agilex_ws/install/nav2_dwb_controller/share/colcon-core/packages/nav2_dwb_controller)
[626.831s] DEBUG:colcon.colcon_core.event_handler.log_command:Invoked command in '/home/agilex/agilex_ws/build/nav2_rotation_shim_controller' returned '0': AMENT_PREFIX_PATH=/home/agilex/agilex_ws/install/nav2_regulated_pure_pursuit_controller:/home/agilex/agilex_ws/install/nav2_controller:/home/agilex/agilex_ws/install/nav2_core:/home/agilex/agilex_ws/install/nav2_costmap_2d:/home/agilex/agilex_ws/install/nav_2d_utils:/home/agilex/agilex_ws/install/nav2_util:/home/agilex/agilex_ws/install/nav2_voxel_grid:/home/agilex/agilex_ws/install/nav2_msgs:/home/agilex/agilex_ws/install/nav_2d_msgs:/home/agilex/agilex_ws/install/nav2_common:${AMENT_PREFIX_PATH} CMAKE_PREFIX_PATH=/home/agilex/agilex_ws/install/nav2_regulated_pure_pursuit_controller:/home/agilex/agilex_ws/install/nav2_controller:/home/agilex/agilex_ws/install/nav2_core:/home/agilex/agilex_ws/install/nav2_costmap_2d:/home/agilex/agilex_ws/install/nav_2d_utils:/home/agilex/agilex_ws/install/nav2_util:/home/agilex/agilex_ws/install/nav2_voxel_grid:/home/agilex/agilex_ws/install/nav2_msgs:/home/agilex/agilex_ws/install/nav_2d_msgs:/home/agilex/agilex_ws/install/nav2_common:/opt/ros/humble LD_LIBRARY_PATH=/home/agilex/agilex_ws/install/nav2_regulated_pure_pursuit_controller/lib:/home/agilex/agilex_ws/install/nav2_controller/lib:/home/agilex/agilex_ws/install/nav2_costmap_2d/lib:/home/agilex/agilex_ws/install/nav_2d_utils/lib:/home/agilex/agilex_ws/install/nav2_util/lib:/home/agilex/agilex_ws/install/nav2_voxel_grid/lib:/home/agilex/agilex_ws/install/nav2_msgs/lib:/home/agilex/agilex_ws/install/nav_2d_msgs/lib:${LD_LIBRARY_PATH} PYTHONPATH=/home/agilex/agilex_ws/install/nav2_msgs/local/lib/python3.10/dist-packages:/home/agilex/agilex_ws/install/nav_2d_msgs/local/lib/python3.10/dist-packages:/home/agilex/agilex_ws/install/nav2_common/local/lib/python3.10/dist-packages:${PYTHONPATH} /usr/bin/cmake --build /home/agilex/agilex_ws/build/nav2_rotation_shim_controller -- -j8 -l8
[626.853s] DEBUG:colcon.colcon_core.event_handler.log_command:Invoking command in '/home/agilex/agilex_ws/build/nav2_rotation_shim_controller': AMENT_PREFIX_PATH=/home/agilex/agilex_ws/install/nav2_regulated_pure_pursuit_controller:/home/agilex/agilex_ws/install/nav2_controller:/home/agilex/agilex_ws/install/nav2_core:/home/agilex/agilex_ws/install/nav2_costmap_2d:/home/agilex/agilex_ws/install/nav_2d_utils:/home/agilex/agilex_ws/install/nav2_util:/home/agilex/agilex_ws/install/nav2_voxel_grid:/home/agilex/agilex_ws/install/nav2_msgs:/home/agilex/agilex_ws/install/nav_2d_msgs:/home/agilex/agilex_ws/install/nav2_common:${AMENT_PREFIX_PATH} CMAKE_PREFIX_PATH=/home/agilex/agilex_ws/install/nav2_regulated_pure_pursuit_controller:/home/agilex/agilex_ws/install/nav2_controller:/home/agilex/agilex_ws/install/nav2_core:/home/agilex/agilex_ws/install/nav2_costmap_2d:/home/agilex/agilex_ws/install/nav_2d_utils:/home/agilex/agilex_ws/install/nav2_util:/home/agilex/agilex_ws/install/nav2_voxel_grid:/home/agilex/agilex_ws/install/nav2_msgs:/home/agilex/agilex_ws/install/nav_2d_msgs:/home/agilex/agilex_ws/install/nav2_common:/opt/ros/humble LD_LIBRARY_PATH=/home/agilex/agilex_ws/install/nav2_regulated_pure_pursuit_controller/lib:/home/agilex/agilex_ws/install/nav2_controller/lib:/home/agilex/agilex_ws/install/nav2_costmap_2d/lib:/home/agilex/agilex_ws/install/nav_2d_utils/lib:/home/agilex/agilex_ws/install/nav2_util/lib:/home/agilex/agilex_ws/install/nav2_voxel_grid/lib:/home/agilex/agilex_ws/install/nav2_msgs/lib:/home/agilex/agilex_ws/install/nav_2d_msgs/lib:${LD_LIBRARY_PATH} PYTHONPATH=/home/agilex/agilex_ws/install/nav2_msgs/local/lib/python3.10/dist-packages:/home/agilex/agilex_ws/install/nav_2d_msgs/local/lib/python3.10/dist-packages:/home/agilex/agilex_ws/install/nav2_common/local/lib/python3.10/dist-packages:${PYTHONPATH} /usr/bin/cmake --install /home/agilex/agilex_ws/build/nav2_rotation_shim_controller
[626.865s] Level 1:colcon.colcon_core.environment:create_environment_scripts_only(nav2_rotation_shim_controller)
[626.867s] Level 1:colcon.colcon_core.environment:checking '/home/agilex/agilex_ws/install/nav2_rotation_shim_controller' for CMake module files
[626.868s] DEBUG:colcon.colcon_core.event_handler.log_command:Invoked command in '/home/agilex/agilex_ws/build/nav2_rotation_shim_controller' returned '0': AMENT_PREFIX_PATH=/home/agilex/agilex_ws/install/nav2_regulated_pure_pursuit_controller:/home/agilex/agilex_ws/install/nav2_controller:/home/agilex/agilex_ws/install/nav2_core:/home/agilex/agilex_ws/install/nav2_costmap_2d:/home/agilex/agilex_ws/install/nav_2d_utils:/home/agilex/agilex_ws/install/nav2_util:/home/agilex/agilex_ws/install/nav2_voxel_grid:/home/agilex/agilex_ws/install/nav2_msgs:/home/agilex/agilex_ws/install/nav_2d_msgs:/home/agilex/agilex_ws/install/nav2_common:${AMENT_PREFIX_PATH} CMAKE_PREFIX_PATH=/home/agilex/agilex_ws/install/nav2_regulated_pure_pursuit_controller:/home/agilex/agilex_ws/install/nav2_controller:/home/agilex/agilex_ws/install/nav2_core:/home/agilex/agilex_ws/install/nav2_costmap_2d:/home/agilex/agilex_ws/install/nav_2d_utils:/home/agilex/agilex_ws/install/nav2_util:/home/agilex/agilex_ws/install/nav2_voxel_grid:/home/agilex/agilex_ws/install/nav2_msgs:/home/agilex/agilex_ws/install/nav_2d_msgs:/home/agilex/agilex_ws/install/nav2_common:/opt/ros/humble LD_LIBRARY_PATH=/home/agilex/agilex_ws/install/nav2_regulated_pure_pursuit_controller/lib:/home/agilex/agilex_ws/install/nav2_controller/lib:/home/agilex/agilex_ws/install/nav2_costmap_2d/lib:/home/agilex/agilex_ws/install/nav_2d_utils/lib:/home/agilex/agilex_ws/install/nav2_util/lib:/home/agilex/agilex_ws/install/nav2_voxel_grid/lib:/home/agilex/agilex_ws/install/nav2_msgs/lib:/home/agilex/agilex_ws/install/nav_2d_msgs/lib:${LD_LIBRARY_PATH} PYTHONPATH=/home/agilex/agilex_ws/install/nav2_msgs/local/lib/python3.10/dist-packages:/home/agilex/agilex_ws/install/nav_2d_msgs/local/lib/python3.10/dist-packages:/home/agilex/agilex_ws/install/nav2_common/local/lib/python3.10/dist-packages:${PYTHONPATH} /usr/bin/cmake --install /home/agilex/agilex_ws/build/nav2_rotation_shim_controller
[626.868s] Level 1:colcon.colcon_core.environment:checking '/home/agilex/agilex_ws/install/nav2_rotation_shim_controller' for CMake config files
[626.868s] Level 1:colcon.colcon_core.shell:create_environment_hook('nav2_rotation_shim_controller', 'cmake_prefix_path')
[626.870s] INFO:colcon.colcon_core.shell:Creating environment hook '/home/agilex/agilex_ws/install/nav2_rotation_shim_controller/share/nav2_rotation_shim_controller/hook/cmake_prefix_path.ps1'
[626.870s] INFO:colcon.colcon_core.shell:Creating environment descriptor '/home/agilex/agilex_ws/install/nav2_rotation_shim_controller/share/nav2_rotation_shim_controller/hook/cmake_prefix_path.dsv'
[626.870s] INFO:colcon.colcon_core.shell:Creating environment hook '/home/agilex/agilex_ws/install/nav2_rotation_shim_controller/share/nav2_rotation_shim_controller/hook/cmake_prefix_path.sh'
[626.871s] Level 1:colcon.colcon_core.environment:checking '/home/agilex/agilex_ws/install/nav2_rotation_shim_controller/lib'
[626.871s] Level 1:colcon.colcon_core.shell:create_environment_hook('nav2_rotation_shim_controller', 'ld_library_path_lib')
[626.872s] INFO:colcon.colcon_core.shell:Creating environment hook '/home/agilex/agilex_ws/install/nav2_rotation_shim_controller/share/nav2_rotation_shim_controller/hook/ld_library_path_lib.ps1'
[626.872s] INFO:colcon.colcon_core.shell:Creating environment descriptor '/home/agilex/agilex_ws/install/nav2_rotation_shim_controller/share/nav2_rotation_shim_controller/hook/ld_library_path_lib.dsv'
[626.872s] INFO:colcon.colcon_core.shell:Creating environment hook '/home/agilex/agilex_ws/install/nav2_rotation_shim_controller/share/nav2_rotation_shim_controller/hook/ld_library_path_lib.sh'
[626.873s] Level 1:colcon.colcon_core.environment:checking '/home/agilex/agilex_ws/install/nav2_rotation_shim_controller/bin'
[626.873s] Level 1:colcon.colcon_core.environment:checking '/home/agilex/agilex_ws/install/nav2_rotation_shim_controller/lib/pkgconfig/nav2_rotation_shim_controller.pc'
[626.873s] Level 1:colcon.colcon_core.environment:checking '/home/agilex/agilex_ws/install/nav2_rotation_shim_controller/lib/python3.10/site-packages'
[626.873s] Level 1:colcon.colcon_core.environment:checking '/home/agilex/agilex_ws/install/nav2_rotation_shim_controller/bin'
[626.875s] INFO:colcon.colcon_core.shell:Creating package script '/home/agilex/agilex_ws/install/nav2_rotation_shim_controller/share/nav2_rotation_shim_controller/package.ps1'
[626.875s] INFO:colcon.colcon_core.shell:Creating package descriptor '/home/agilex/agilex_ws/install/nav2_rotation_shim_controller/share/nav2_rotation_shim_controller/package.dsv'
[626.876s] INFO:colcon.colcon_core.shell:Creating package script '/home/agilex/agilex_ws/install/nav2_rotation_shim_controller/share/nav2_rotation_shim_controller/package.sh'
[626.876s] INFO:colcon.colcon_core.shell:Creating package script '/home/agilex/agilex_ws/install/nav2_rotation_shim_controller/share/nav2_rotation_shim_controller/package.bash'
[626.876s] INFO:colcon.colcon_core.shell:Creating package script '/home/agilex/agilex_ws/install/nav2_rotation_shim_controller/share/nav2_rotation_shim_controller/package.zsh'
[626.876s] Level 1:colcon.colcon_core.environment:create_file_with_runtime_dependencies(/home/agilex/agilex_ws/install/nav2_rotation_shim_controller/share/colcon-core/packages/nav2_rotation_shim_controller)
[626.897s] Level 1:colcon.colcon_core.environment:create_environment_scripts_only(nav2_rotation_shim_controller)
[626.899s] Level 1:colcon.colcon_core.environment:checking '/home/agilex/agilex_ws/install/nav2_rotation_shim_controller' for CMake module files
[626.899s] Level 1:colcon.colcon_core.environment:checking '/home/agilex/agilex_ws/install/nav2_rotation_shim_controller' for CMake config files
[626.900s] Level 1:colcon.colcon_core.shell:create_environment_hook('nav2_rotation_shim_controller', 'cmake_prefix_path')
[626.901s] INFO:colcon.colcon_core.shell:Creating environment hook '/home/agilex/agilex_ws/install/nav2_rotation_shim_controller/share/nav2_rotation_shim_controller/hook/cmake_prefix_path.ps1'
[626.901s] INFO:colcon.colcon_core.shell:Creating environment descriptor '/home/agilex/agilex_ws/install/nav2_rotation_shim_controller/share/nav2_rotation_shim_controller/hook/cmake_prefix_path.dsv'
[626.902s] INFO:colcon.colcon_core.shell:Creating environment hook '/home/agilex/agilex_ws/install/nav2_rotation_shim_controller/share/nav2_rotation_shim_controller/hook/cmake_prefix_path.sh'
[626.902s] Level 1:colcon.colcon_core.environment:checking '/home/agilex/agilex_ws/install/nav2_rotation_shim_controller/lib'
[626.903s] Level 1:colcon.colcon_core.shell:create_environment_hook('nav2_rotation_shim_controller', 'ld_library_path_lib')
[626.905s] INFO:colcon.colcon_core.shell:Creating environment hook '/home/agilex/agilex_ws/install/nav2_rotation_shim_controller/share/nav2_rotation_shim_controller/hook/ld_library_path_lib.ps1'
[626.906s] INFO:colcon.colcon_core.shell:Creating environment descriptor '/home/agilex/agilex_ws/install/nav2_rotation_shim_controller/share/nav2_rotation_shim_controller/hook/ld_library_path_lib.dsv'
[626.906s] INFO:colcon.colcon_core.shell:Creating environment hook '/home/agilex/agilex_ws/install/nav2_rotation_shim_controller/share/nav2_rotation_shim_controller/hook/ld_library_path_lib.sh'
[626.906s] Level 1:colcon.colcon_core.environment:checking '/home/agilex/agilex_ws/install/nav2_rotation_shim_controller/bin'
[626.906s] Level 1:colcon.colcon_core.environment:checking '/home/agilex/agilex_ws/install/nav2_rotation_shim_controller/lib/pkgconfig/nav2_rotation_shim_controller.pc'
[626.907s] Level 1:colcon.colcon_core.environment:checking '/home/agilex/agilex_ws/install/nav2_rotation_shim_controller/lib/python3.10/site-packages'
[626.907s] Level 1:colcon.colcon_core.environment:checking '/home/agilex/agilex_ws/install/nav2_rotation_shim_controller/bin'
[626.908s] INFO:colcon.colcon_core.shell:Creating package script '/home/agilex/agilex_ws/install/nav2_rotation_shim_controller/share/nav2_rotation_shim_controller/package.ps1'
[626.909s] INFO:colcon.colcon_core.shell:Creating package descriptor '/home/agilex/agilex_ws/install/nav2_rotation_shim_controller/share/nav2_rotation_shim_controller/package.dsv'
[626.909s] INFO:colcon.colcon_core.shell:Creating package script '/home/agilex/agilex_ws/install/nav2_rotation_shim_controller/share/nav2_rotation_shim_controller/package.sh'
[626.910s] INFO:colcon.colcon_core.shell:Creating package script '/home/agilex/agilex_ws/install/nav2_rotation_shim_controller/share/nav2_rotation_shim_controller/package.bash'
[626.910s] INFO:colcon.colcon_core.shell:Creating package script '/home/agilex/agilex_ws/install/nav2_rotation_shim_controller/share/nav2_rotation_shim_controller/package.zsh'
[626.910s] Level 1:colcon.colcon_core.environment:create_file_with_runtime_dependencies(/home/agilex/agilex_ws/install/nav2_rotation_shim_controller/share/colcon-core/packages/nav2_rotation_shim_controller)
[637.715s] DEBUG:colcon.colcon_core.event_handler.log_command:Invoked command in '/home/agilex/agilex_ws/build/nav2_behaviors' returned '0': AMENT_PREFIX_PATH=/home/agilex/agilex_ws/install/nav2_core:/home/agilex/agilex_ws/install/nav2_costmap_2d:/home/agilex/agilex_ws/install/nav2_behavior_tree:/home/agilex/agilex_ws/install/nav2_util:/home/agilex/agilex_ws/install/nav2_voxel_grid:/home/agilex/agilex_ws/install/nav2_msgs:/home/agilex/agilex_ws/install/nav2_common:${AMENT_PREFIX_PATH} CMAKE_PREFIX_PATH=/home/agilex/agilex_ws/install/nav2_core:/home/agilex/agilex_ws/install/nav2_costmap_2d:/home/agilex/agilex_ws/install/nav2_behavior_tree:/home/agilex/agilex_ws/install/nav2_util:/home/agilex/agilex_ws/install/nav2_voxel_grid:/home/agilex/agilex_ws/install/nav2_msgs:/home/agilex/agilex_ws/install/nav2_common:/opt/ros/humble LD_LIBRARY_PATH=/home/agilex/agilex_ws/install/nav2_costmap_2d/lib:/home/agilex/agilex_ws/install/nav2_behavior_tree/lib:/home/agilex/agilex_ws/install/nav2_util/lib:/home/agilex/agilex_ws/install/nav2_voxel_grid/lib:/home/agilex/agilex_ws/install/nav2_msgs/lib:${LD_LIBRARY_PATH} PYTHONPATH=/home/agilex/agilex_ws/install/nav2_msgs/local/lib/python3.10/dist-packages:/home/agilex/agilex_ws/install/nav2_common/local/lib/python3.10/dist-packages:${PYTHONPATH} /usr/bin/cmake --build /home/agilex/agilex_ws/build/nav2_behaviors -- -j8 -l8
[637.748s] DEBUG:colcon.colcon_core.event_handler.log_command:Invoking command in '/home/agilex/agilex_ws/build/nav2_behaviors': AMENT_PREFIX_PATH=/home/agilex/agilex_ws/install/nav2_core:/home/agilex/agilex_ws/install/nav2_costmap_2d:/home/agilex/agilex_ws/install/nav2_behavior_tree:/home/agilex/agilex_ws/install/nav2_util:/home/agilex/agilex_ws/install/nav2_voxel_grid:/home/agilex/agilex_ws/install/nav2_msgs:/home/agilex/agilex_ws/install/nav2_common:${AMENT_PREFIX_PATH} CMAKE_PREFIX_PATH=/home/agilex/agilex_ws/install/nav2_core:/home/agilex/agilex_ws/install/nav2_costmap_2d:/home/agilex/agilex_ws/install/nav2_behavior_tree:/home/agilex/agilex_ws/install/nav2_util:/home/agilex/agilex_ws/install/nav2_voxel_grid:/home/agilex/agilex_ws/install/nav2_msgs:/home/agilex/agilex_ws/install/nav2_common:/opt/ros/humble LD_LIBRARY_PATH=/home/agilex/agilex_ws/install/nav2_costmap_2d/lib:/home/agilex/agilex_ws/install/nav2_behavior_tree/lib:/home/agilex/agilex_ws/install/nav2_util/lib:/home/agilex/agilex_ws/install/nav2_voxel_grid/lib:/home/agilex/agilex_ws/install/nav2_msgs/lib:${LD_LIBRARY_PATH} PYTHONPATH=/home/agilex/agilex_ws/install/nav2_msgs/local/lib/python3.10/dist-packages:/home/agilex/agilex_ws/install/nav2_common/local/lib/python3.10/dist-packages:${PYTHONPATH} /usr/bin/cmake --install /home/agilex/agilex_ws/build/nav2_behaviors
[637.771s] Level 1:colcon.colcon_core.environment:create_environment_scripts_only(nav2_behaviors)
[637.771s] DEBUG:colcon.colcon_core.event_handler.log_command:Invoked command in '/home/agilex/agilex_ws/build/nav2_behaviors' returned '0': AMENT_PREFIX_PATH=/home/agilex/agilex_ws/install/nav2_core:/home/agilex/agilex_ws/install/nav2_costmap_2d:/home/agilex/agilex_ws/install/nav2_behavior_tree:/home/agilex/agilex_ws/install/nav2_util:/home/agilex/agilex_ws/install/nav2_voxel_grid:/home/agilex/agilex_ws/install/nav2_msgs:/home/agilex/agilex_ws/install/nav2_common:${AMENT_PREFIX_PATH} CMAKE_PREFIX_PATH=/home/agilex/agilex_ws/install/nav2_core:/home/agilex/agilex_ws/install/nav2_costmap_2d:/home/agilex/agilex_ws/install/nav2_behavior_tree:/home/agilex/agilex_ws/install/nav2_util:/home/agilex/agilex_ws/install/nav2_voxel_grid:/home/agilex/agilex_ws/install/nav2_msgs:/home/agilex/agilex_ws/install/nav2_common:/opt/ros/humble LD_LIBRARY_PATH=/home/agilex/agilex_ws/install/nav2_costmap_2d/lib:/home/agilex/agilex_ws/install/nav2_behavior_tree/lib:/home/agilex/agilex_ws/install/nav2_util/lib:/home/agilex/agilex_ws/install/nav2_voxel_grid/lib:/home/agilex/agilex_ws/install/nav2_msgs/lib:${LD_LIBRARY_PATH} PYTHONPATH=/home/agilex/agilex_ws/install/nav2_msgs/local/lib/python3.10/dist-packages:/home/agilex/agilex_ws/install/nav2_common/local/lib/python3.10/dist-packages:${PYTHONPATH} /usr/bin/cmake --install /home/agilex/agilex_ws/build/nav2_behaviors
[637.774s] Level 1:colcon.colcon_core.environment:checking '/home/agilex/agilex_ws/install/nav2_behaviors' for CMake module files
[637.774s] Level 1:colcon.colcon_core.environment:checking '/home/agilex/agilex_ws/install/nav2_behaviors' for CMake config files
[637.774s] Level 1:colcon.colcon_core.shell:create_environment_hook('nav2_behaviors', 'cmake_prefix_path')
[637.776s] INFO:colcon.colcon_core.shell:Creating environment hook '/home/agilex/agilex_ws/install/nav2_behaviors/share/nav2_behaviors/hook/cmake_prefix_path.ps1'
[637.776s] INFO:colcon.colcon_core.shell:Creating environment descriptor '/home/agilex/agilex_ws/install/nav2_behaviors/share/nav2_behaviors/hook/cmake_prefix_path.dsv'
[637.776s] INFO:colcon.colcon_core.shell:Creating environment hook '/home/agilex/agilex_ws/install/nav2_behaviors/share/nav2_behaviors/hook/cmake_prefix_path.sh'
[637.777s] Level 1:colcon.colcon_core.environment:checking '/home/agilex/agilex_ws/install/nav2_behaviors/lib'
[637.777s] Level 1:colcon.colcon_core.shell:create_environment_hook('nav2_behaviors', 'ld_library_path_lib')
[637.779s] INFO:colcon.colcon_core.shell:Creating environment hook '/home/agilex/agilex_ws/install/nav2_behaviors/share/nav2_behaviors/hook/ld_library_path_lib.ps1'
[637.779s] INFO:colcon.colcon_core.shell:Creating environment descriptor '/home/agilex/agilex_ws/install/nav2_behaviors/share/nav2_behaviors/hook/ld_library_path_lib.dsv'
[637.780s] INFO:colcon.colcon_core.shell:Creating environment hook '/home/agilex/agilex_ws/install/nav2_behaviors/share/nav2_behaviors/hook/ld_library_path_lib.sh'
[637.780s] Level 1:colcon.colcon_core.environment:checking '/home/agilex/agilex_ws/install/nav2_behaviors/bin'
[637.780s] Level 1:colcon.colcon_core.environment:checking '/home/agilex/agilex_ws/install/nav2_behaviors/lib/pkgconfig/nav2_behaviors.pc'
[637.780s] Level 1:colcon.colcon_core.environment:checking '/home/agilex/agilex_ws/install/nav2_behaviors/lib/python3.10/site-packages'
[637.780s] Level 1:colcon.colcon_core.environment:checking '/home/agilex/agilex_ws/install/nav2_behaviors/bin'
[637.782s] INFO:colcon.colcon_core.shell:Creating package script '/home/agilex/agilex_ws/install/nav2_behaviors/share/nav2_behaviors/package.ps1'
[637.783s] INFO:colcon.colcon_core.shell:Creating package descriptor '/home/agilex/agilex_ws/install/nav2_behaviors/share/nav2_behaviors/package.dsv'
[637.783s] INFO:colcon.colcon_core.shell:Creating package script '/home/agilex/agilex_ws/install/nav2_behaviors/share/nav2_behaviors/package.sh'
[637.784s] INFO:colcon.colcon_core.shell:Creating package script '/home/agilex/agilex_ws/install/nav2_behaviors/share/nav2_behaviors/package.bash'
[637.784s] INFO:colcon.colcon_core.shell:Creating package script '/home/agilex/agilex_ws/install/nav2_behaviors/share/nav2_behaviors/package.zsh'
[637.784s] Level 1:colcon.colcon_core.environment:create_file_with_runtime_dependencies(/home/agilex/agilex_ws/install/nav2_behaviors/share/colcon-core/packages/nav2_behaviors)
[637.822s] Level 1:colcon.colcon_core.environment:create_environment_scripts_only(nav2_behaviors)
[637.824s] Level 1:colcon.colcon_core.environment:checking '/home/agilex/agilex_ws/install/nav2_behaviors' for CMake module files
[637.824s] Level 1:colcon.colcon_core.environment:checking '/home/agilex/agilex_ws/install/nav2_behaviors' for CMake config files
[637.824s] Level 1:colcon.colcon_core.shell:create_environment_hook('nav2_behaviors', 'cmake_prefix_path')
[637.826s] INFO:colcon.colcon_core.shell:Creating environment hook '/home/agilex/agilex_ws/install/nav2_behaviors/share/nav2_behaviors/hook/cmake_prefix_path.ps1'
[637.826s] INFO:colcon.colcon_core.shell:Creating environment descriptor '/home/agilex/agilex_ws/install/nav2_behaviors/share/nav2_behaviors/hook/cmake_prefix_path.dsv'
[637.827s] INFO:colcon.colcon_core.shell:Creating environment hook '/home/agilex/agilex_ws/install/nav2_behaviors/share/nav2_behaviors/hook/cmake_prefix_path.sh'
[637.827s] Level 1:colcon.colcon_core.environment:checking '/home/agilex/agilex_ws/install/nav2_behaviors/lib'
[637.827s] Level 1:colcon.colcon_core.shell:create_environment_hook('nav2_behaviors', 'ld_library_path_lib')
[637.830s] INFO:colcon.colcon_core.shell:Creating environment hook '/home/agilex/agilex_ws/install/nav2_behaviors/share/nav2_behaviors/hook/ld_library_path_lib.ps1'
[637.830s] INFO:colcon.colcon_core.shell:Creating environment descriptor '/home/agilex/agilex_ws/install/nav2_behaviors/share/nav2_behaviors/hook/ld_library_path_lib.dsv'
[637.830s] INFO:colcon.colcon_core.shell:Creating environment hook '/home/agilex/agilex_ws/install/nav2_behaviors/share/nav2_behaviors/hook/ld_library_path_lib.sh'
[637.831s] Level 1:colcon.colcon_core.environment:checking '/home/agilex/agilex_ws/install/nav2_behaviors/bin'
[637.831s] Level 1:colcon.colcon_core.environment:checking '/home/agilex/agilex_ws/install/nav2_behaviors/lib/pkgconfig/nav2_behaviors.pc'
[637.831s] Level 1:colcon.colcon_core.environment:checking '/home/agilex/agilex_ws/install/nav2_behaviors/lib/python3.10/site-packages'
[637.831s] Level 1:colcon.colcon_core.environment:checking '/home/agilex/agilex_ws/install/nav2_behaviors/bin'
[637.833s] INFO:colcon.colcon_core.shell:Creating package script '/home/agilex/agilex_ws/install/nav2_behaviors/share/nav2_behaviors/package.ps1'
[637.834s] INFO:colcon.colcon_core.shell:Creating package descriptor '/home/agilex/agilex_ws/install/nav2_behaviors/share/nav2_behaviors/package.dsv'
[637.834s] INFO:colcon.colcon_core.shell:Creating package script '/home/agilex/agilex_ws/install/nav2_behaviors/share/nav2_behaviors/package.sh'
[637.835s] INFO:colcon.colcon_core.shell:Creating package script '/home/agilex/agilex_ws/install/nav2_behaviors/share/nav2_behaviors/package.bash'
[637.835s] INFO:colcon.colcon_core.shell:Creating package script '/home/agilex/agilex_ws/install/nav2_behaviors/share/nav2_behaviors/package.zsh'
[637.835s] Level 1:colcon.colcon_core.environment:create_file_with_runtime_dependencies(/home/agilex/agilex_ws/install/nav2_behaviors/share/colcon-core/packages/nav2_behaviors)
[683.962s] DEBUG:colcon.colcon_core.event_handler.log_command:Invoked command in '/home/agilex/agilex_ws/build/nav2_smac_planner' returned '0': AMENT_PREFIX_PATH=/home/agilex/agilex_ws/install/nav2_core:/home/agilex/agilex_ws/install/nav2_costmap_2d:/home/agilex/agilex_ws/install/nav2_util:/home/agilex/agilex_ws/install/nav2_voxel_grid:/home/agilex/agilex_ws/install/nav2_msgs:/home/agilex/agilex_ws/install/nav2_common:${AMENT_PREFIX_PATH} CMAKE_PREFIX_PATH=/home/agilex/agilex_ws/install/nav2_core:/home/agilex/agilex_ws/install/nav2_costmap_2d:/home/agilex/agilex_ws/install/nav2_util:/home/agilex/agilex_ws/install/nav2_voxel_grid:/home/agilex/agilex_ws/install/nav2_msgs:/home/agilex/agilex_ws/install/nav2_common:/opt/ros/humble LD_LIBRARY_PATH=/home/agilex/agilex_ws/install/nav2_costmap_2d/lib:/home/agilex/agilex_ws/install/nav2_util/lib:/home/agilex/agilex_ws/install/nav2_voxel_grid/lib:/home/agilex/agilex_ws/install/nav2_msgs/lib:${LD_LIBRARY_PATH} PYTHONPATH=/home/agilex/agilex_ws/install/nav2_msgs/local/lib/python3.10/dist-packages:/home/agilex/agilex_ws/install/nav2_common/local/lib/python3.10/dist-packages:${PYTHONPATH} /usr/bin/cmake --build /home/agilex/agilex_ws/build/nav2_smac_planner -- -j8 -l8
[684.001s] DEBUG:colcon.colcon_core.event_handler.log_command:Invoking command in '/home/agilex/agilex_ws/build/nav2_smac_planner': AMENT_PREFIX_PATH=/home/agilex/agilex_ws/install/nav2_core:/home/agilex/agilex_ws/install/nav2_costmap_2d:/home/agilex/agilex_ws/install/nav2_util:/home/agilex/agilex_ws/install/nav2_voxel_grid:/home/agilex/agilex_ws/install/nav2_msgs:/home/agilex/agilex_ws/install/nav2_common:${AMENT_PREFIX_PATH} CMAKE_PREFIX_PATH=/home/agilex/agilex_ws/install/nav2_core:/home/agilex/agilex_ws/install/nav2_costmap_2d:/home/agilex/agilex_ws/install/nav2_util:/home/agilex/agilex_ws/install/nav2_voxel_grid:/home/agilex/agilex_ws/install/nav2_msgs:/home/agilex/agilex_ws/install/nav2_common:/opt/ros/humble LD_LIBRARY_PATH=/home/agilex/agilex_ws/install/nav2_costmap_2d/lib:/home/agilex/agilex_ws/install/nav2_util/lib:/home/agilex/agilex_ws/install/nav2_voxel_grid/lib:/home/agilex/agilex_ws/install/nav2_msgs/lib:${LD_LIBRARY_PATH} PYTHONPATH=/home/agilex/agilex_ws/install/nav2_msgs/local/lib/python3.10/dist-packages:/home/agilex/agilex_ws/install/nav2_common/local/lib/python3.10/dist-packages:${PYTHONPATH} /usr/bin/cmake --install /home/agilex/agilex_ws/build/nav2_smac_planner
[684.017s] Level 1:colcon.colcon_core.environment:create_environment_scripts_only(nav2_smac_planner)
[684.019s] Level 1:colcon.colcon_core.environment:checking '/home/agilex/agilex_ws/install/nav2_smac_planner' for CMake module files
[684.019s] DEBUG:colcon.colcon_core.event_handler.log_command:Invoked command in '/home/agilex/agilex_ws/build/nav2_smac_planner' returned '0': AMENT_PREFIX_PATH=/home/agilex/agilex_ws/install/nav2_core:/home/agilex/agilex_ws/install/nav2_costmap_2d:/home/agilex/agilex_ws/install/nav2_util:/home/agilex/agilex_ws/install/nav2_voxel_grid:/home/agilex/agilex_ws/install/nav2_msgs:/home/agilex/agilex_ws/install/nav2_common:${AMENT_PREFIX_PATH} CMAKE_PREFIX_PATH=/home/agilex/agilex_ws/install/nav2_core:/home/agilex/agilex_ws/install/nav2_costmap_2d:/home/agilex/agilex_ws/install/nav2_util:/home/agilex/agilex_ws/install/nav2_voxel_grid:/home/agilex/agilex_ws/install/nav2_msgs:/home/agilex/agilex_ws/install/nav2_common:/opt/ros/humble LD_LIBRARY_PATH=/home/agilex/agilex_ws/install/nav2_costmap_2d/lib:/home/agilex/agilex_ws/install/nav2_util/lib:/home/agilex/agilex_ws/install/nav2_voxel_grid/lib:/home/agilex/agilex_ws/install/nav2_msgs/lib:${LD_LIBRARY_PATH} PYTHONPATH=/home/agilex/agilex_ws/install/nav2_msgs/local/lib/python3.10/dist-packages:/home/agilex/agilex_ws/install/nav2_common/local/lib/python3.10/dist-packages:${PYTHONPATH} /usr/bin/cmake --install /home/agilex/agilex_ws/build/nav2_smac_planner
[684.020s] Level 1:colcon.colcon_core.environment:checking '/home/agilex/agilex_ws/install/nav2_smac_planner' for CMake config files
[684.020s] Level 1:colcon.colcon_core.shell:create_environment_hook('nav2_smac_planner', 'cmake_prefix_path')
[684.021s] INFO:colcon.colcon_core.shell:Creating environment hook '/home/agilex/agilex_ws/install/nav2_smac_planner/share/nav2_smac_planner/hook/cmake_prefix_path.ps1'
[684.021s] INFO:colcon.colcon_core.shell:Creating environment descriptor '/home/agilex/agilex_ws/install/nav2_smac_planner/share/nav2_smac_planner/hook/cmake_prefix_path.dsv'
[684.022s] INFO:colcon.colcon_core.shell:Creating environment hook '/home/agilex/agilex_ws/install/nav2_smac_planner/share/nav2_smac_planner/hook/cmake_prefix_path.sh'
[684.022s] Level 1:colcon.colcon_core.environment:checking '/home/agilex/agilex_ws/install/nav2_smac_planner/lib'
[684.022s] Level 1:colcon.colcon_core.shell:create_environment_hook('nav2_smac_planner', 'ld_library_path_lib')
[684.023s] INFO:colcon.colcon_core.shell:Creating environment hook '/home/agilex/agilex_ws/install/nav2_smac_planner/share/nav2_smac_planner/hook/ld_library_path_lib.ps1'
[684.023s] INFO:colcon.colcon_core.shell:Creating environment descriptor '/home/agilex/agilex_ws/install/nav2_smac_planner/share/nav2_smac_planner/hook/ld_library_path_lib.dsv'
[684.024s] INFO:colcon.colcon_core.shell:Creating environment hook '/home/agilex/agilex_ws/install/nav2_smac_planner/share/nav2_smac_planner/hook/ld_library_path_lib.sh'
[684.024s] Level 1:colcon.colcon_core.environment:checking '/home/agilex/agilex_ws/install/nav2_smac_planner/bin'
[684.024s] Level 1:colcon.colcon_core.environment:checking '/home/agilex/agilex_ws/install/nav2_smac_planner/lib/pkgconfig/nav2_smac_planner.pc'
[684.024s] Level 1:colcon.colcon_core.environment:checking '/home/agilex/agilex_ws/install/nav2_smac_planner/lib/python3.10/site-packages'
[684.024s] Level 1:colcon.colcon_core.environment:checking '/home/agilex/agilex_ws/install/nav2_smac_planner/bin'
[684.026s] INFO:colcon.colcon_core.shell:Creating package script '/home/agilex/agilex_ws/install/nav2_smac_planner/share/nav2_smac_planner/package.ps1'
[684.026s] INFO:colcon.colcon_core.shell:Creating package descriptor '/home/agilex/agilex_ws/install/nav2_smac_planner/share/nav2_smac_planner/package.dsv'
[684.026s] INFO:colcon.colcon_core.shell:Creating package script '/home/agilex/agilex_ws/install/nav2_smac_planner/share/nav2_smac_planner/package.sh'
[684.027s] INFO:colcon.colcon_core.shell:Creating package script '/home/agilex/agilex_ws/install/nav2_smac_planner/share/nav2_smac_planner/package.bash'
[684.027s] INFO:colcon.colcon_core.shell:Creating package script '/home/agilex/agilex_ws/install/nav2_smac_planner/share/nav2_smac_planner/package.zsh'
[684.027s] Level 1:colcon.colcon_core.environment:create_file_with_runtime_dependencies(/home/agilex/agilex_ws/install/nav2_smac_planner/share/colcon-core/packages/nav2_smac_planner)
[684.063s] Level 1:colcon.colcon_core.environment:create_environment_scripts_only(nav2_smac_planner)
[684.065s] Level 1:colcon.colcon_core.environment:checking '/home/agilex/agilex_ws/install/nav2_smac_planner' for CMake module files
[684.065s] Level 1:colcon.colcon_core.environment:checking '/home/agilex/agilex_ws/install/nav2_smac_planner' for CMake config files
[684.065s] Level 1:colcon.colcon_core.shell:create_environment_hook('nav2_smac_planner', 'cmake_prefix_path')
[684.066s] INFO:colcon.colcon_core.shell:Creating environment hook '/home/agilex/agilex_ws/install/nav2_smac_planner/share/nav2_smac_planner/hook/cmake_prefix_path.ps1'
[684.067s] INFO:colcon.colcon_core.shell:Creating environment descriptor '/home/agilex/agilex_ws/install/nav2_smac_planner/share/nav2_smac_planner/hook/cmake_prefix_path.dsv'
[684.067s] INFO:colcon.colcon_core.shell:Creating environment hook '/home/agilex/agilex_ws/install/nav2_smac_planner/share/nav2_smac_planner/hook/cmake_prefix_path.sh'
[684.068s] Level 1:colcon.colcon_core.environment:checking '/home/agilex/agilex_ws/install/nav2_smac_planner/lib'
[684.068s] Level 1:colcon.colcon_core.shell:create_environment_hook('nav2_smac_planner', 'ld_library_path_lib')
[684.069s] INFO:colcon.colcon_core.shell:Creating environment hook '/home/agilex/agilex_ws/install/nav2_smac_planner/share/nav2_smac_planner/hook/ld_library_path_lib.ps1'
[684.069s] INFO:colcon.colcon_core.shell:Creating environment descriptor '/home/agilex/agilex_ws/install/nav2_smac_planner/share/nav2_smac_planner/hook/ld_library_path_lib.dsv'
[684.069s] INFO:colcon.colcon_core.shell:Creating environment hook '/home/agilex/agilex_ws/install/nav2_smac_planner/share/nav2_smac_planner/hook/ld_library_path_lib.sh'
[684.070s] Level 1:colcon.colcon_core.environment:checking '/home/agilex/agilex_ws/install/nav2_smac_planner/bin'
[684.070s] Level 1:colcon.colcon_core.environment:checking '/home/agilex/agilex_ws/install/nav2_smac_planner/lib/pkgconfig/nav2_smac_planner.pc'
[684.070s] Level 1:colcon.colcon_core.environment:checking '/home/agilex/agilex_ws/install/nav2_smac_planner/lib/python3.10/site-packages'
[684.070s] Level 1:colcon.colcon_core.environment:checking '/home/agilex/agilex_ws/install/nav2_smac_planner/bin'
[684.071s] INFO:colcon.colcon_core.shell:Creating package script '/home/agilex/agilex_ws/install/nav2_smac_planner/share/nav2_smac_planner/package.ps1'
[684.071s] INFO:colcon.colcon_core.shell:Creating package descriptor '/home/agilex/agilex_ws/install/nav2_smac_planner/share/nav2_smac_planner/package.dsv'
[684.072s] INFO:colcon.colcon_core.shell:Creating package script '/home/agilex/agilex_ws/install/nav2_smac_planner/share/nav2_smac_planner/package.sh'
[684.072s] INFO:colcon.colcon_core.shell:Creating package script '/home/agilex/agilex_ws/install/nav2_smac_planner/share/nav2_smac_planner/package.bash'
[684.073s] INFO:colcon.colcon_core.shell:Creating package script '/home/agilex/agilex_ws/install/nav2_smac_planner/share/nav2_smac_planner/package.zsh'
[684.073s] Level 1:colcon.colcon_core.environment:create_file_with_runtime_dependencies(/home/agilex/agilex_ws/install/nav2_smac_planner/share/colcon-core/packages/nav2_smac_planner)
[684.073s] INFO:colcon.colcon_ros.task.ament_cmake.build:Building ROS package in '/home/agilex/agilex_ws/src/navigation2/navigation2' with build type 'ament_cmake'
[684.073s] INFO:colcon.colcon_cmake.task.cmake.build:Building CMake package in '/home/agilex/agilex_ws/src/navigation2/navigation2'
[684.074s] INFO:colcon.colcon_core.shell:Skip shell extension 'powershell' for command environment: Not usable outside of PowerShell
[684.074s] DEBUG:colcon.colcon_core.shell:Skip shell extension 'dsv' for command environment
[684.126s] DEBUG:colcon.colcon_core.event_handler.log_command:Invoking command in '/home/agilex/agilex_ws/build/navigation2': AMENT_PREFIX_PATH=/home/agilex/agilex_ws/install/nav2_dwb_controller:/home/agilex/agilex_ws/install/nav2_rotation_shim_controller:/home/agilex/agilex_ws/install/dwb_plugins:/home/agilex/agilex_ws/install/dwb_critics:/home/agilex/agilex_ws/install/nav2_waypoint_follower:/home/agilex/agilex_ws/install/nav2_theta_star_planner:/home/agilex/agilex_ws/install/nav2_smoother:/home/agilex/agilex_ws/install/nav2_smac_planner:/home/agilex/agilex_ws/install/nav2_regulated_pure_pursuit_controller:/home/agilex/agilex_ws/install/nav2_planner:/home/agilex/agilex_ws/install/nav2_navfn_planner:/home/agilex/agilex_ws/install/nav2_controller:/home/agilex/agilex_ws/install/nav2_bt_navigator:/home/agilex/agilex_ws/install/nav2_behaviors:/home/agilex/agilex_ws/install/dwb_core:/home/agilex/agilex_ws/install/nav2_core:/home/agilex/agilex_ws/install/costmap_queue:/home/agilex/agilex_ws/install/nav2_rviz_plugins:/home/agilex/agilex_ws/install/nav2_costmap_2d:/home/agilex/agilex_ws/install/nav_2d_utils:/home/agilex/agilex_ws/install/nav2_map_server:/home/agilex/agilex_ws/install/nav2_lifecycle_manager:/home/agilex/agilex_ws/install/nav2_behavior_tree:/home/agilex/agilex_ws/install/nav2_amcl:/home/agilex/agilex_ws/install/nav2_util:/home/agilex/agilex_ws/install/nav2_simple_commander:/home/agilex/agilex_ws/install/nav2_voxel_grid:/home/agilex/agilex_ws/install/nav2_msgs:/home/agilex/agilex_ws/install/dwb_msgs:/home/agilex/agilex_ws/install/nav_2d_msgs:/home/agilex/agilex_ws/install/nav2_common:${AMENT_PREFIX_PATH} CMAKE_PREFIX_PATH=/home/agilex/agilex_ws/install/nav2_dwb_controller:/home/agilex/agilex_ws/install/nav2_rotation_shim_controller:/home/agilex/agilex_ws/install/dwb_plugins:/home/agilex/agilex_ws/install/dwb_critics:/home/agilex/agilex_ws/install/nav2_waypoint_follower:/home/agilex/agilex_ws/install/nav2_theta_star_planner:/home/agilex/agilex_ws/install/nav2_smoother:/home/agilex/agilex_ws/install/nav2_smac_planner:/home/agilex/agilex_ws/install/nav2_regulated_pure_pursuit_controller:/home/agilex/agilex_ws/install/nav2_planner:/home/agilex/agilex_ws/install/nav2_navfn_planner:/home/agilex/agilex_ws/install/nav2_controller:/home/agilex/agilex_ws/install/nav2_bt_navigator:/home/agilex/agilex_ws/install/nav2_behaviors:/home/agilex/agilex_ws/install/dwb_core:/home/agilex/agilex_ws/install/nav2_core:/home/agilex/agilex_ws/install/costmap_queue:/home/agilex/agilex_ws/install/nav2_rviz_plugins:/home/agilex/agilex_ws/install/nav2_costmap_2d:/home/agilex/agilex_ws/install/nav_2d_utils:/home/agilex/agilex_ws/install/nav2_map_server:/home/agilex/agilex_ws/install/nav2_lifecycle_manager:/home/agilex/agilex_ws/install/nav2_behavior_tree:/home/agilex/agilex_ws/install/nav2_amcl:/home/agilex/agilex_ws/install/nav2_util:/home/agilex/agilex_ws/install/nav2_voxel_grid:/home/agilex/agilex_ws/install/nav2_msgs:/home/agilex/agilex_ws/install/dwb_msgs:/home/agilex/agilex_ws/install/nav_2d_msgs:/home/agilex/agilex_ws/install/nav2_common:/opt/ros/humble LD_LIBRARY_PATH=/home/agilex/agilex_ws/install/nav2_rotation_shim_controller/lib:/home/agilex/agilex_ws/install/dwb_plugins/lib:/home/agilex/agilex_ws/install/dwb_critics/lib:/home/agilex/agilex_ws/install/nav2_waypoint_follower/lib:/home/agilex/agilex_ws/install/nav2_theta_star_planner/lib:/home/agilex/agilex_ws/install/nav2_smoother/lib:/home/agilex/agilex_ws/install/nav2_smac_planner/lib:/home/agilex/agilex_ws/install/nav2_regulated_pure_pursuit_controller/lib:/home/agilex/agilex_ws/install/nav2_planner/lib:/home/agilex/agilex_ws/install/nav2_navfn_planner/lib:/home/agilex/agilex_ws/install/nav2_controller/lib:/home/agilex/agilex_ws/install/nav2_bt_navigator/lib:/home/agilex/agilex_ws/install/nav2_behaviors/lib:/home/agilex/agilex_ws/install/dwb_core/lib:/home/agilex/agilex_ws/install/costmap_queue/lib:/home/agilex/agilex_ws/install/nav2_rviz_plugins/lib:/home/agilex/agilex_ws/install/nav2_costmap_2d/lib:/home/agilex/agilex_ws/install/nav_2d_utils/lib:/home/agilex/agilex_ws/install/nav2_map_server/lib:/home/agilex/agilex_ws/install/nav2_lifecycle_manager/lib:/home/agilex/agilex_ws/install/nav2_behavior_tree/lib:/home/agilex/agilex_ws/install/nav2_amcl/lib:/home/agilex/agilex_ws/install/nav2_util/lib:/home/agilex/agilex_ws/install/nav2_voxel_grid/lib:/home/agilex/agilex_ws/install/nav2_msgs/lib:/home/agilex/agilex_ws/install/dwb_msgs/lib:/home/agilex/agilex_ws/install/nav_2d_msgs/lib:${LD_LIBRARY_PATH} PYTHONPATH=/home/agilex/agilex_ws/install/nav2_simple_commander/lib/python3.10/site-packages:/home/agilex/agilex_ws/install/nav2_msgs/local/lib/python3.10/dist-packages:/home/agilex/agilex_ws/install/dwb_msgs/local/lib/python3.10/dist-packages:/home/agilex/agilex_ws/install/nav_2d_msgs/local/lib/python3.10/dist-packages:/home/agilex/agilex_ws/install/nav2_common/local/lib/python3.10/dist-packages:${PYTHONPATH} /usr/bin/cmake /home/agilex/agilex_ws/src/navigation2/navigation2 -DCMAKE_INSTALL_PREFIX=/home/agilex/agilex_ws/install/navigation2
[684.754s] DEBUG:colcon.colcon_core.event_handler.log_command:Invoked command in '/home/agilex/agilex_ws/build/navigation2' returned '0': AMENT_PREFIX_PATH=/home/agilex/agilex_ws/install/nav2_dwb_controller:/home/agilex/agilex_ws/install/nav2_rotation_shim_controller:/home/agilex/agilex_ws/install/dwb_plugins:/home/agilex/agilex_ws/install/dwb_critics:/home/agilex/agilex_ws/install/nav2_waypoint_follower:/home/agilex/agilex_ws/install/nav2_theta_star_planner:/home/agilex/agilex_ws/install/nav2_smoother:/home/agilex/agilex_ws/install/nav2_smac_planner:/home/agilex/agilex_ws/install/nav2_regulated_pure_pursuit_controller:/home/agilex/agilex_ws/install/nav2_planner:/home/agilex/agilex_ws/install/nav2_navfn_planner:/home/agilex/agilex_ws/install/nav2_controller:/home/agilex/agilex_ws/install/nav2_bt_navigator:/home/agilex/agilex_ws/install/nav2_behaviors:/home/agilex/agilex_ws/install/dwb_core:/home/agilex/agilex_ws/install/nav2_core:/home/agilex/agilex_ws/install/costmap_queue:/home/agilex/agilex_ws/install/nav2_rviz_plugins:/home/agilex/agilex_ws/install/nav2_costmap_2d:/home/agilex/agilex_ws/install/nav_2d_utils:/home/agilex/agilex_ws/install/nav2_map_server:/home/agilex/agilex_ws/install/nav2_lifecycle_manager:/home/agilex/agilex_ws/install/nav2_behavior_tree:/home/agilex/agilex_ws/install/nav2_amcl:/home/agilex/agilex_ws/install/nav2_util:/home/agilex/agilex_ws/install/nav2_simple_commander:/home/agilex/agilex_ws/install/nav2_voxel_grid:/home/agilex/agilex_ws/install/nav2_msgs:/home/agilex/agilex_ws/install/dwb_msgs:/home/agilex/agilex_ws/install/nav_2d_msgs:/home/agilex/agilex_ws/install/nav2_common:${AMENT_PREFIX_PATH} CMAKE_PREFIX_PATH=/home/agilex/agilex_ws/install/nav2_dwb_controller:/home/agilex/agilex_ws/install/nav2_rotation_shim_controller:/home/agilex/agilex_ws/install/dwb_plugins:/home/agilex/agilex_ws/install/dwb_critics:/home/agilex/agilex_ws/install/nav2_waypoint_follower:/home/agilex/agilex_ws/install/nav2_theta_star_planner:/home/agilex/agilex_ws/install/nav2_smoother:/home/agilex/agilex_ws/install/nav2_smac_planner:/home/agilex/agilex_ws/install/nav2_regulated_pure_pursuit_controller:/home/agilex/agilex_ws/install/nav2_planner:/home/agilex/agilex_ws/install/nav2_navfn_planner:/home/agilex/agilex_ws/install/nav2_controller:/home/agilex/agilex_ws/install/nav2_bt_navigator:/home/agilex/agilex_ws/install/nav2_behaviors:/home/agilex/agilex_ws/install/dwb_core:/home/agilex/agilex_ws/install/nav2_core:/home/agilex/agilex_ws/install/costmap_queue:/home/agilex/agilex_ws/install/nav2_rviz_plugins:/home/agilex/agilex_ws/install/nav2_costmap_2d:/home/agilex/agilex_ws/install/nav_2d_utils:/home/agilex/agilex_ws/install/nav2_map_server:/home/agilex/agilex_ws/install/nav2_lifecycle_manager:/home/agilex/agilex_ws/install/nav2_behavior_tree:/home/agilex/agilex_ws/install/nav2_amcl:/home/agilex/agilex_ws/install/nav2_util:/home/agilex/agilex_ws/install/nav2_voxel_grid:/home/agilex/agilex_ws/install/nav2_msgs:/home/agilex/agilex_ws/install/dwb_msgs:/home/agilex/agilex_ws/install/nav_2d_msgs:/home/agilex/agilex_ws/install/nav2_common:/opt/ros/humble LD_LIBRARY_PATH=/home/agilex/agilex_ws/install/nav2_rotation_shim_controller/lib:/home/agilex/agilex_ws/install/dwb_plugins/lib:/home/agilex/agilex_ws/install/dwb_critics/lib:/home/agilex/agilex_ws/install/nav2_waypoint_follower/lib:/home/agilex/agilex_ws/install/nav2_theta_star_planner/lib:/home/agilex/agilex_ws/install/nav2_smoother/lib:/home/agilex/agilex_ws/install/nav2_smac_planner/lib:/home/agilex/agilex_ws/install/nav2_regulated_pure_pursuit_controller/lib:/home/agilex/agilex_ws/install/nav2_planner/lib:/home/agilex/agilex_ws/install/nav2_navfn_planner/lib:/home/agilex/agilex_ws/install/nav2_controller/lib:/home/agilex/agilex_ws/install/nav2_bt_navigator/lib:/home/agilex/agilex_ws/install/nav2_behaviors/lib:/home/agilex/agilex_ws/install/dwb_core/lib:/home/agilex/agilex_ws/install/costmap_queue/lib:/home/agilex/agilex_ws/install/nav2_rviz_plugins/lib:/home/agilex/agilex_ws/install/nav2_costmap_2d/lib:/home/agilex/agilex_ws/install/nav_2d_utils/lib:/home/agilex/agilex_ws/install/nav2_map_server/lib:/home/agilex/agilex_ws/install/nav2_lifecycle_manager/lib:/home/agilex/agilex_ws/install/nav2_behavior_tree/lib:/home/agilex/agilex_ws/install/nav2_amcl/lib:/home/agilex/agilex_ws/install/nav2_util/lib:/home/agilex/agilex_ws/install/nav2_voxel_grid/lib:/home/agilex/agilex_ws/install/nav2_msgs/lib:/home/agilex/agilex_ws/install/dwb_msgs/lib:/home/agilex/agilex_ws/install/nav_2d_msgs/lib:${LD_LIBRARY_PATH} PYTHONPATH=/home/agilex/agilex_ws/install/nav2_simple_commander/lib/python3.10/site-packages:/home/agilex/agilex_ws/install/nav2_msgs/local/lib/python3.10/dist-packages:/home/agilex/agilex_ws/install/dwb_msgs/local/lib/python3.10/dist-packages:/home/agilex/agilex_ws/install/nav_2d_msgs/local/lib/python3.10/dist-packages:/home/agilex/agilex_ws/install/nav2_common/local/lib/python3.10/dist-packages:${PYTHONPATH} /usr/bin/cmake /home/agilex/agilex_ws/src/navigation2/navigation2 -DCMAKE_INSTALL_PREFIX=/home/agilex/agilex_ws/install/navigation2
[684.754s] DEBUG:colcon.colcon_core.event_handler.log_command:Invoking command in '/home/agilex/agilex_ws/build/navigation2': AMENT_PREFIX_PATH=/home/agilex/agilex_ws/install/nav2_dwb_controller:/home/agilex/agilex_ws/install/nav2_rotation_shim_controller:/home/agilex/agilex_ws/install/dwb_plugins:/home/agilex/agilex_ws/install/dwb_critics:/home/agilex/agilex_ws/install/nav2_waypoint_follower:/home/agilex/agilex_ws/install/nav2_theta_star_planner:/home/agilex/agilex_ws/install/nav2_smoother:/home/agilex/agilex_ws/install/nav2_smac_planner:/home/agilex/agilex_ws/install/nav2_regulated_pure_pursuit_controller:/home/agilex/agilex_ws/install/nav2_planner:/home/agilex/agilex_ws/install/nav2_navfn_planner:/home/agilex/agilex_ws/install/nav2_controller:/home/agilex/agilex_ws/install/nav2_bt_navigator:/home/agilex/agilex_ws/install/nav2_behaviors:/home/agilex/agilex_ws/install/dwb_core:/home/agilex/agilex_ws/install/nav2_core:/home/agilex/agilex_ws/install/costmap_queue:/home/agilex/agilex_ws/install/nav2_rviz_plugins:/home/agilex/agilex_ws/install/nav2_costmap_2d:/home/agilex/agilex_ws/install/nav_2d_utils:/home/agilex/agilex_ws/install/nav2_map_server:/home/agilex/agilex_ws/install/nav2_lifecycle_manager:/home/agilex/agilex_ws/install/nav2_behavior_tree:/home/agilex/agilex_ws/install/nav2_amcl:/home/agilex/agilex_ws/install/nav2_util:/home/agilex/agilex_ws/install/nav2_simple_commander:/home/agilex/agilex_ws/install/nav2_voxel_grid:/home/agilex/agilex_ws/install/nav2_msgs:/home/agilex/agilex_ws/install/dwb_msgs:/home/agilex/agilex_ws/install/nav_2d_msgs:/home/agilex/agilex_ws/install/nav2_common:${AMENT_PREFIX_PATH} CMAKE_PREFIX_PATH=/home/agilex/agilex_ws/install/nav2_dwb_controller:/home/agilex/agilex_ws/install/nav2_rotation_shim_controller:/home/agilex/agilex_ws/install/dwb_plugins:/home/agilex/agilex_ws/install/dwb_critics:/home/agilex/agilex_ws/install/nav2_waypoint_follower:/home/agilex/agilex_ws/install/nav2_theta_star_planner:/home/agilex/agilex_ws/install/nav2_smoother:/home/agilex/agilex_ws/install/nav2_smac_planner:/home/agilex/agilex_ws/install/nav2_regulated_pure_pursuit_controller:/home/agilex/agilex_ws/install/nav2_planner:/home/agilex/agilex_ws/install/nav2_navfn_planner:/home/agilex/agilex_ws/install/nav2_controller:/home/agilex/agilex_ws/install/nav2_bt_navigator:/home/agilex/agilex_ws/install/nav2_behaviors:/home/agilex/agilex_ws/install/dwb_core:/home/agilex/agilex_ws/install/nav2_core:/home/agilex/agilex_ws/install/costmap_queue:/home/agilex/agilex_ws/install/nav2_rviz_plugins:/home/agilex/agilex_ws/install/nav2_costmap_2d:/home/agilex/agilex_ws/install/nav_2d_utils:/home/agilex/agilex_ws/install/nav2_map_server:/home/agilex/agilex_ws/install/nav2_lifecycle_manager:/home/agilex/agilex_ws/install/nav2_behavior_tree:/home/agilex/agilex_ws/install/nav2_amcl:/home/agilex/agilex_ws/install/nav2_util:/home/agilex/agilex_ws/install/nav2_voxel_grid:/home/agilex/agilex_ws/install/nav2_msgs:/home/agilex/agilex_ws/install/dwb_msgs:/home/agilex/agilex_ws/install/nav_2d_msgs:/home/agilex/agilex_ws/install/nav2_common:/opt/ros/humble LD_LIBRARY_PATH=/home/agilex/agilex_ws/install/nav2_rotation_shim_controller/lib:/home/agilex/agilex_ws/install/dwb_plugins/lib:/home/agilex/agilex_ws/install/dwb_critics/lib:/home/agilex/agilex_ws/install/nav2_waypoint_follower/lib:/home/agilex/agilex_ws/install/nav2_theta_star_planner/lib:/home/agilex/agilex_ws/install/nav2_smoother/lib:/home/agilex/agilex_ws/install/nav2_smac_planner/lib:/home/agilex/agilex_ws/install/nav2_regulated_pure_pursuit_controller/lib:/home/agilex/agilex_ws/install/nav2_planner/lib:/home/agilex/agilex_ws/install/nav2_navfn_planner/lib:/home/agilex/agilex_ws/install/nav2_controller/lib:/home/agilex/agilex_ws/install/nav2_bt_navigator/lib:/home/agilex/agilex_ws/install/nav2_behaviors/lib:/home/agilex/agilex_ws/install/dwb_core/lib:/home/agilex/agilex_ws/install/costmap_queue/lib:/home/agilex/agilex_ws/install/nav2_rviz_plugins/lib:/home/agilex/agilex_ws/install/nav2_costmap_2d/lib:/home/agilex/agilex_ws/install/nav_2d_utils/lib:/home/agilex/agilex_ws/install/nav2_map_server/lib:/home/agilex/agilex_ws/install/nav2_lifecycle_manager/lib:/home/agilex/agilex_ws/install/nav2_behavior_tree/lib:/home/agilex/agilex_ws/install/nav2_amcl/lib:/home/agilex/agilex_ws/install/nav2_util/lib:/home/agilex/agilex_ws/install/nav2_voxel_grid/lib:/home/agilex/agilex_ws/install/nav2_msgs/lib:/home/agilex/agilex_ws/install/dwb_msgs/lib:/home/agilex/agilex_ws/install/nav_2d_msgs/lib:${LD_LIBRARY_PATH} PYTHONPATH=/home/agilex/agilex_ws/install/nav2_simple_commander/lib/python3.10/site-packages:/home/agilex/agilex_ws/install/nav2_msgs/local/lib/python3.10/dist-packages:/home/agilex/agilex_ws/install/dwb_msgs/local/lib/python3.10/dist-packages:/home/agilex/agilex_ws/install/nav_2d_msgs/local/lib/python3.10/dist-packages:/home/agilex/agilex_ws/install/nav2_common/local/lib/python3.10/dist-packages:${PYTHONPATH} /usr/bin/cmake --build /home/agilex/agilex_ws/build/navigation2 -- -j8 -l8
[684.783s] DEBUG:colcon.colcon_core.event_handler.log_command:Invoked command in '/home/agilex/agilex_ws/build/navigation2' returned '0': AMENT_PREFIX_PATH=/home/agilex/agilex_ws/install/nav2_dwb_controller:/home/agilex/agilex_ws/install/nav2_rotation_shim_controller:/home/agilex/agilex_ws/install/dwb_plugins:/home/agilex/agilex_ws/install/dwb_critics:/home/agilex/agilex_ws/install/nav2_waypoint_follower:/home/agilex/agilex_ws/install/nav2_theta_star_planner:/home/agilex/agilex_ws/install/nav2_smoother:/home/agilex/agilex_ws/install/nav2_smac_planner:/home/agilex/agilex_ws/install/nav2_regulated_pure_pursuit_controller:/home/agilex/agilex_ws/install/nav2_planner:/home/agilex/agilex_ws/install/nav2_navfn_planner:/home/agilex/agilex_ws/install/nav2_controller:/home/agilex/agilex_ws/install/nav2_bt_navigator:/home/agilex/agilex_ws/install/nav2_behaviors:/home/agilex/agilex_ws/install/dwb_core:/home/agilex/agilex_ws/install/nav2_core:/home/agilex/agilex_ws/install/costmap_queue:/home/agilex/agilex_ws/install/nav2_rviz_plugins:/home/agilex/agilex_ws/install/nav2_costmap_2d:/home/agilex/agilex_ws/install/nav_2d_utils:/home/agilex/agilex_ws/install/nav2_map_server:/home/agilex/agilex_ws/install/nav2_lifecycle_manager:/home/agilex/agilex_ws/install/nav2_behavior_tree:/home/agilex/agilex_ws/install/nav2_amcl:/home/agilex/agilex_ws/install/nav2_util:/home/agilex/agilex_ws/install/nav2_simple_commander:/home/agilex/agilex_ws/install/nav2_voxel_grid:/home/agilex/agilex_ws/install/nav2_msgs:/home/agilex/agilex_ws/install/dwb_msgs:/home/agilex/agilex_ws/install/nav_2d_msgs:/home/agilex/agilex_ws/install/nav2_common:${AMENT_PREFIX_PATH} CMAKE_PREFIX_PATH=/home/agilex/agilex_ws/install/nav2_dwb_controller:/home/agilex/agilex_ws/install/nav2_rotation_shim_controller:/home/agilex/agilex_ws/install/dwb_plugins:/home/agilex/agilex_ws/install/dwb_critics:/home/agilex/agilex_ws/install/nav2_waypoint_follower:/home/agilex/agilex_ws/install/nav2_theta_star_planner:/home/agilex/agilex_ws/install/nav2_smoother:/home/agilex/agilex_ws/install/nav2_smac_planner:/home/agilex/agilex_ws/install/nav2_regulated_pure_pursuit_controller:/home/agilex/agilex_ws/install/nav2_planner:/home/agilex/agilex_ws/install/nav2_navfn_planner:/home/agilex/agilex_ws/install/nav2_controller:/home/agilex/agilex_ws/install/nav2_bt_navigator:/home/agilex/agilex_ws/install/nav2_behaviors:/home/agilex/agilex_ws/install/dwb_core:/home/agilex/agilex_ws/install/nav2_core:/home/agilex/agilex_ws/install/costmap_queue:/home/agilex/agilex_ws/install/nav2_rviz_plugins:/home/agilex/agilex_ws/install/nav2_costmap_2d:/home/agilex/agilex_ws/install/nav_2d_utils:/home/agilex/agilex_ws/install/nav2_map_server:/home/agilex/agilex_ws/install/nav2_lifecycle_manager:/home/agilex/agilex_ws/install/nav2_behavior_tree:/home/agilex/agilex_ws/install/nav2_amcl:/home/agilex/agilex_ws/install/nav2_util:/home/agilex/agilex_ws/install/nav2_voxel_grid:/home/agilex/agilex_ws/install/nav2_msgs:/home/agilex/agilex_ws/install/dwb_msgs:/home/agilex/agilex_ws/install/nav_2d_msgs:/home/agilex/agilex_ws/install/nav2_common:/opt/ros/humble LD_LIBRARY_PATH=/home/agilex/agilex_ws/install/nav2_rotation_shim_controller/lib:/home/agilex/agilex_ws/install/dwb_plugins/lib:/home/agilex/agilex_ws/install/dwb_critics/lib:/home/agilex/agilex_ws/install/nav2_waypoint_follower/lib:/home/agilex/agilex_ws/install/nav2_theta_star_planner/lib:/home/agilex/agilex_ws/install/nav2_smoother/lib:/home/agilex/agilex_ws/install/nav2_smac_planner/lib:/home/agilex/agilex_ws/install/nav2_regulated_pure_pursuit_controller/lib:/home/agilex/agilex_ws/install/nav2_planner/lib:/home/agilex/agilex_ws/install/nav2_navfn_planner/lib:/home/agilex/agilex_ws/install/nav2_controller/lib:/home/agilex/agilex_ws/install/nav2_bt_navigator/lib:/home/agilex/agilex_ws/install/nav2_behaviors/lib:/home/agilex/agilex_ws/install/dwb_core/lib:/home/agilex/agilex_ws/install/costmap_queue/lib:/home/agilex/agilex_ws/install/nav2_rviz_plugins/lib:/home/agilex/agilex_ws/install/nav2_costmap_2d/lib:/home/agilex/agilex_ws/install/nav_2d_utils/lib:/home/agilex/agilex_ws/install/nav2_map_server/lib:/home/agilex/agilex_ws/install/nav2_lifecycle_manager/lib:/home/agilex/agilex_ws/install/nav2_behavior_tree/lib:/home/agilex/agilex_ws/install/nav2_amcl/lib:/home/agilex/agilex_ws/install/nav2_util/lib:/home/agilex/agilex_ws/install/nav2_voxel_grid/lib:/home/agilex/agilex_ws/install/nav2_msgs/lib:/home/agilex/agilex_ws/install/dwb_msgs/lib:/home/agilex/agilex_ws/install/nav_2d_msgs/lib:${LD_LIBRARY_PATH} PYTHONPATH=/home/agilex/agilex_ws/install/nav2_simple_commander/lib/python3.10/site-packages:/home/agilex/agilex_ws/install/nav2_msgs/local/lib/python3.10/dist-packages:/home/agilex/agilex_ws/install/dwb_msgs/local/lib/python3.10/dist-packages:/home/agilex/agilex_ws/install/nav_2d_msgs/local/lib/python3.10/dist-packages:/home/agilex/agilex_ws/install/nav2_common/local/lib/python3.10/dist-packages:${PYTHONPATH} /usr/bin/cmake --build /home/agilex/agilex_ws/build/navigation2 -- -j8 -l8
[684.795s] DEBUG:colcon.colcon_core.event_handler.log_command:Invoking command in '/home/agilex/agilex_ws/build/navigation2': AMENT_PREFIX_PATH=/home/agilex/agilex_ws/install/nav2_dwb_controller:/home/agilex/agilex_ws/install/nav2_rotation_shim_controller:/home/agilex/agilex_ws/install/dwb_plugins:/home/agilex/agilex_ws/install/dwb_critics:/home/agilex/agilex_ws/install/nav2_waypoint_follower:/home/agilex/agilex_ws/install/nav2_theta_star_planner:/home/agilex/agilex_ws/install/nav2_smoother:/home/agilex/agilex_ws/install/nav2_smac_planner:/home/agilex/agilex_ws/install/nav2_regulated_pure_pursuit_controller:/home/agilex/agilex_ws/install/nav2_planner:/home/agilex/agilex_ws/install/nav2_navfn_planner:/home/agilex/agilex_ws/install/nav2_controller:/home/agilex/agilex_ws/install/nav2_bt_navigator:/home/agilex/agilex_ws/install/nav2_behaviors:/home/agilex/agilex_ws/install/dwb_core:/home/agilex/agilex_ws/install/nav2_core:/home/agilex/agilex_ws/install/costmap_queue:/home/agilex/agilex_ws/install/nav2_rviz_plugins:/home/agilex/agilex_ws/install/nav2_costmap_2d:/home/agilex/agilex_ws/install/nav_2d_utils:/home/agilex/agilex_ws/install/nav2_map_server:/home/agilex/agilex_ws/install/nav2_lifecycle_manager:/home/agilex/agilex_ws/install/nav2_behavior_tree:/home/agilex/agilex_ws/install/nav2_amcl:/home/agilex/agilex_ws/install/nav2_util:/home/agilex/agilex_ws/install/nav2_simple_commander:/home/agilex/agilex_ws/install/nav2_voxel_grid:/home/agilex/agilex_ws/install/nav2_msgs:/home/agilex/agilex_ws/install/dwb_msgs:/home/agilex/agilex_ws/install/nav_2d_msgs:/home/agilex/agilex_ws/install/nav2_common:${AMENT_PREFIX_PATH} CMAKE_PREFIX_PATH=/home/agilex/agilex_ws/install/nav2_dwb_controller:/home/agilex/agilex_ws/install/nav2_rotation_shim_controller:/home/agilex/agilex_ws/install/dwb_plugins:/home/agilex/agilex_ws/install/dwb_critics:/home/agilex/agilex_ws/install/nav2_waypoint_follower:/home/agilex/agilex_ws/install/nav2_theta_star_planner:/home/agilex/agilex_ws/install/nav2_smoother:/home/agilex/agilex_ws/install/nav2_smac_planner:/home/agilex/agilex_ws/install/nav2_regulated_pure_pursuit_controller:/home/agilex/agilex_ws/install/nav2_planner:/home/agilex/agilex_ws/install/nav2_navfn_planner:/home/agilex/agilex_ws/install/nav2_controller:/home/agilex/agilex_ws/install/nav2_bt_navigator:/home/agilex/agilex_ws/install/nav2_behaviors:/home/agilex/agilex_ws/install/dwb_core:/home/agilex/agilex_ws/install/nav2_core:/home/agilex/agilex_ws/install/costmap_queue:/home/agilex/agilex_ws/install/nav2_rviz_plugins:/home/agilex/agilex_ws/install/nav2_costmap_2d:/home/agilex/agilex_ws/install/nav_2d_utils:/home/agilex/agilex_ws/install/nav2_map_server:/home/agilex/agilex_ws/install/nav2_lifecycle_manager:/home/agilex/agilex_ws/install/nav2_behavior_tree:/home/agilex/agilex_ws/install/nav2_amcl:/home/agilex/agilex_ws/install/nav2_util:/home/agilex/agilex_ws/install/nav2_voxel_grid:/home/agilex/agilex_ws/install/nav2_msgs:/home/agilex/agilex_ws/install/dwb_msgs:/home/agilex/agilex_ws/install/nav_2d_msgs:/home/agilex/agilex_ws/install/nav2_common:/opt/ros/humble LD_LIBRARY_PATH=/home/agilex/agilex_ws/install/nav2_rotation_shim_controller/lib:/home/agilex/agilex_ws/install/dwb_plugins/lib:/home/agilex/agilex_ws/install/dwb_critics/lib:/home/agilex/agilex_ws/install/nav2_waypoint_follower/lib:/home/agilex/agilex_ws/install/nav2_theta_star_planner/lib:/home/agilex/agilex_ws/install/nav2_smoother/lib:/home/agilex/agilex_ws/install/nav2_smac_planner/lib:/home/agilex/agilex_ws/install/nav2_regulated_pure_pursuit_controller/lib:/home/agilex/agilex_ws/install/nav2_planner/lib:/home/agilex/agilex_ws/install/nav2_navfn_planner/lib:/home/agilex/agilex_ws/install/nav2_controller/lib:/home/agilex/agilex_ws/install/nav2_bt_navigator/lib:/home/agilex/agilex_ws/install/nav2_behaviors/lib:/home/agilex/agilex_ws/install/dwb_core/lib:/home/agilex/agilex_ws/install/costmap_queue/lib:/home/agilex/agilex_ws/install/nav2_rviz_plugins/lib:/home/agilex/agilex_ws/install/nav2_costmap_2d/lib:/home/agilex/agilex_ws/install/nav_2d_utils/lib:/home/agilex/agilex_ws/install/nav2_map_server/lib:/home/agilex/agilex_ws/install/nav2_lifecycle_manager/lib:/home/agilex/agilex_ws/install/nav2_behavior_tree/lib:/home/agilex/agilex_ws/install/nav2_amcl/lib:/home/agilex/agilex_ws/install/nav2_util/lib:/home/agilex/agilex_ws/install/nav2_voxel_grid/lib:/home/agilex/agilex_ws/install/nav2_msgs/lib:/home/agilex/agilex_ws/install/dwb_msgs/lib:/home/agilex/agilex_ws/install/nav_2d_msgs/lib:${LD_LIBRARY_PATH} PYTHONPATH=/home/agilex/agilex_ws/install/nav2_simple_commander/lib/python3.10/site-packages:/home/agilex/agilex_ws/install/nav2_msgs/local/lib/python3.10/dist-packages:/home/agilex/agilex_ws/install/dwb_msgs/local/lib/python3.10/dist-packages:/home/agilex/agilex_ws/install/nav_2d_msgs/local/lib/python3.10/dist-packages:/home/agilex/agilex_ws/install/nav2_common/local/lib/python3.10/dist-packages:${PYTHONPATH} /usr/bin/cmake --install /home/agilex/agilex_ws/build/navigation2
[684.804s] Level 1:colcon.colcon_core.environment:create_environment_scripts_only(navigation2)
[684.806s] Level 1:colcon.colcon_core.environment:checking '/home/agilex/agilex_ws/install/navigation2' for CMake module files
[684.807s] DEBUG:colcon.colcon_core.event_handler.log_command:Invoked command in '/home/agilex/agilex_ws/build/navigation2' returned '0': AMENT_PREFIX_PATH=/home/agilex/agilex_ws/install/nav2_dwb_controller:/home/agilex/agilex_ws/install/nav2_rotation_shim_controller:/home/agilex/agilex_ws/install/dwb_plugins:/home/agilex/agilex_ws/install/dwb_critics:/home/agilex/agilex_ws/install/nav2_waypoint_follower:/home/agilex/agilex_ws/install/nav2_theta_star_planner:/home/agilex/agilex_ws/install/nav2_smoother:/home/agilex/agilex_ws/install/nav2_smac_planner:/home/agilex/agilex_ws/install/nav2_regulated_pure_pursuit_controller:/home/agilex/agilex_ws/install/nav2_planner:/home/agilex/agilex_ws/install/nav2_navfn_planner:/home/agilex/agilex_ws/install/nav2_controller:/home/agilex/agilex_ws/install/nav2_bt_navigator:/home/agilex/agilex_ws/install/nav2_behaviors:/home/agilex/agilex_ws/install/dwb_core:/home/agilex/agilex_ws/install/nav2_core:/home/agilex/agilex_ws/install/costmap_queue:/home/agilex/agilex_ws/install/nav2_rviz_plugins:/home/agilex/agilex_ws/install/nav2_costmap_2d:/home/agilex/agilex_ws/install/nav_2d_utils:/home/agilex/agilex_ws/install/nav2_map_server:/home/agilex/agilex_ws/install/nav2_lifecycle_manager:/home/agilex/agilex_ws/install/nav2_behavior_tree:/home/agilex/agilex_ws/install/nav2_amcl:/home/agilex/agilex_ws/install/nav2_util:/home/agilex/agilex_ws/install/nav2_simple_commander:/home/agilex/agilex_ws/install/nav2_voxel_grid:/home/agilex/agilex_ws/install/nav2_msgs:/home/agilex/agilex_ws/install/dwb_msgs:/home/agilex/agilex_ws/install/nav_2d_msgs:/home/agilex/agilex_ws/install/nav2_common:${AMENT_PREFIX_PATH} CMAKE_PREFIX_PATH=/home/agilex/agilex_ws/install/nav2_dwb_controller:/home/agilex/agilex_ws/install/nav2_rotation_shim_controller:/home/agilex/agilex_ws/install/dwb_plugins:/home/agilex/agilex_ws/install/dwb_critics:/home/agilex/agilex_ws/install/nav2_waypoint_follower:/home/agilex/agilex_ws/install/nav2_theta_star_planner:/home/agilex/agilex_ws/install/nav2_smoother:/home/agilex/agilex_ws/install/nav2_smac_planner:/home/agilex/agilex_ws/install/nav2_regulated_pure_pursuit_controller:/home/agilex/agilex_ws/install/nav2_planner:/home/agilex/agilex_ws/install/nav2_navfn_planner:/home/agilex/agilex_ws/install/nav2_controller:/home/agilex/agilex_ws/install/nav2_bt_navigator:/home/agilex/agilex_ws/install/nav2_behaviors:/home/agilex/agilex_ws/install/dwb_core:/home/agilex/agilex_ws/install/nav2_core:/home/agilex/agilex_ws/install/costmap_queue:/home/agilex/agilex_ws/install/nav2_rviz_plugins:/home/agilex/agilex_ws/install/nav2_costmap_2d:/home/agilex/agilex_ws/install/nav_2d_utils:/home/agilex/agilex_ws/install/nav2_map_server:/home/agilex/agilex_ws/install/nav2_lifecycle_manager:/home/agilex/agilex_ws/install/nav2_behavior_tree:/home/agilex/agilex_ws/install/nav2_amcl:/home/agilex/agilex_ws/install/nav2_util:/home/agilex/agilex_ws/install/nav2_voxel_grid:/home/agilex/agilex_ws/install/nav2_msgs:/home/agilex/agilex_ws/install/dwb_msgs:/home/agilex/agilex_ws/install/nav_2d_msgs:/home/agilex/agilex_ws/install/nav2_common:/opt/ros/humble LD_LIBRARY_PATH=/home/agilex/agilex_ws/install/nav2_rotation_shim_controller/lib:/home/agilex/agilex_ws/install/dwb_plugins/lib:/home/agilex/agilex_ws/install/dwb_critics/lib:/home/agilex/agilex_ws/install/nav2_waypoint_follower/lib:/home/agilex/agilex_ws/install/nav2_theta_star_planner/lib:/home/agilex/agilex_ws/install/nav2_smoother/lib:/home/agilex/agilex_ws/install/nav2_smac_planner/lib:/home/agilex/agilex_ws/install/nav2_regulated_pure_pursuit_controller/lib:/home/agilex/agilex_ws/install/nav2_planner/lib:/home/agilex/agilex_ws/install/nav2_navfn_planner/lib:/home/agilex/agilex_ws/install/nav2_controller/lib:/home/agilex/agilex_ws/install/nav2_bt_navigator/lib:/home/agilex/agilex_ws/install/nav2_behaviors/lib:/home/agilex/agilex_ws/install/dwb_core/lib:/home/agilex/agilex_ws/install/costmap_queue/lib:/home/agilex/agilex_ws/install/nav2_rviz_plugins/lib:/home/agilex/agilex_ws/install/nav2_costmap_2d/lib:/home/agilex/agilex_ws/install/nav_2d_utils/lib:/home/agilex/agilex_ws/install/nav2_map_server/lib:/home/agilex/agilex_ws/install/nav2_lifecycle_manager/lib:/home/agilex/agilex_ws/install/nav2_behavior_tree/lib:/home/agilex/agilex_ws/install/nav2_amcl/lib:/home/agilex/agilex_ws/install/nav2_util/lib:/home/agilex/agilex_ws/install/nav2_voxel_grid/lib:/home/agilex/agilex_ws/install/nav2_msgs/lib:/home/agilex/agilex_ws/install/dwb_msgs/lib:/home/agilex/agilex_ws/install/nav_2d_msgs/lib:${LD_LIBRARY_PATH} PYTHONPATH=/home/agilex/agilex_ws/install/nav2_simple_commander/lib/python3.10/site-packages:/home/agilex/agilex_ws/install/nav2_msgs/local/lib/python3.10/dist-packages:/home/agilex/agilex_ws/install/dwb_msgs/local/lib/python3.10/dist-packages:/home/agilex/agilex_ws/install/nav_2d_msgs/local/lib/python3.10/dist-packages:/home/agilex/agilex_ws/install/nav2_common/local/lib/python3.10/dist-packages:${PYTHONPATH} /usr/bin/cmake --install /home/agilex/agilex_ws/build/navigation2
[684.807s] Level 1:colcon.colcon_core.environment:checking '/home/agilex/agilex_ws/install/navigation2' for CMake config files
[684.807s] Level 1:colcon.colcon_core.shell:create_environment_hook('navigation2', 'cmake_prefix_path')
[684.809s] INFO:colcon.colcon_core.shell:Creating environment hook '/home/agilex/agilex_ws/install/navigation2/share/navigation2/hook/cmake_prefix_path.ps1'
[684.809s] INFO:colcon.colcon_core.shell:Creating environment descriptor '/home/agilex/agilex_ws/install/navigation2/share/navigation2/hook/cmake_prefix_path.dsv'
[684.810s] INFO:colcon.colcon_core.shell:Creating environment hook '/home/agilex/agilex_ws/install/navigation2/share/navigation2/hook/cmake_prefix_path.sh'
[684.810s] Level 1:colcon.colcon_core.environment:checking '/home/agilex/agilex_ws/install/navigation2/bin'
[684.810s] Level 1:colcon.colcon_core.environment:checking '/home/agilex/agilex_ws/install/navigation2/lib/pkgconfig/navigation2.pc'
[684.811s] Level 1:colcon.colcon_core.environment:checking '/home/agilex/agilex_ws/install/navigation2/lib/python3.10/site-packages'
[684.811s] Level 1:colcon.colcon_core.environment:checking '/home/agilex/agilex_ws/install/navigation2/bin'
[684.812s] INFO:colcon.colcon_core.shell:Creating package script '/home/agilex/agilex_ws/install/navigation2/share/navigation2/package.ps1'
[684.813s] INFO:colcon.colcon_core.shell:Creating package descriptor '/home/agilex/agilex_ws/install/navigation2/share/navigation2/package.dsv'
[684.813s] INFO:colcon.colcon_core.shell:Creating package script '/home/agilex/agilex_ws/install/navigation2/share/navigation2/package.sh'
[684.814s] INFO:colcon.colcon_core.shell:Creating package script '/home/agilex/agilex_ws/install/navigation2/share/navigation2/package.bash'
[684.814s] INFO:colcon.colcon_core.shell:Creating package script '/home/agilex/agilex_ws/install/navigation2/share/navigation2/package.zsh'
[684.814s] Level 1:colcon.colcon_core.environment:create_file_with_runtime_dependencies(/home/agilex/agilex_ws/install/navigation2/share/colcon-core/packages/navigation2)
[684.832s] Level 1:colcon.colcon_core.environment:create_environment_scripts_only(navigation2)
[684.834s] Level 1:colcon.colcon_core.environment:checking '/home/agilex/agilex_ws/install/navigation2' for CMake module files
[684.834s] Level 1:colcon.colcon_core.environment:checking '/home/agilex/agilex_ws/install/navigation2' for CMake config files
[684.835s] Level 1:colcon.colcon_core.shell:create_environment_hook('navigation2', 'cmake_prefix_path')
[684.836s] INFO:colcon.colcon_core.shell:Creating environment hook '/home/agilex/agilex_ws/install/navigation2/share/navigation2/hook/cmake_prefix_path.ps1'
[684.837s] INFO:colcon.colcon_core.shell:Creating environment descriptor '/home/agilex/agilex_ws/install/navigation2/share/navigation2/hook/cmake_prefix_path.dsv'
[684.837s] INFO:colcon.colcon_core.shell:Creating environment hook '/home/agilex/agilex_ws/install/navigation2/share/navigation2/hook/cmake_prefix_path.sh'
[684.837s] Level 1:colcon.colcon_core.environment:checking '/home/agilex/agilex_ws/install/navigation2/bin'
[684.837s] Level 1:colcon.colcon_core.environment:checking '/home/agilex/agilex_ws/install/navigation2/lib/pkgconfig/navigation2.pc'
[684.838s] Level 1:colcon.colcon_core.environment:checking '/home/agilex/agilex_ws/install/navigation2/lib/python3.10/site-packages'
[684.838s] Level 1:colcon.colcon_core.environment:checking '/home/agilex/agilex_ws/install/navigation2/bin'
[684.840s] INFO:colcon.colcon_core.shell:Creating package script '/home/agilex/agilex_ws/install/navigation2/share/navigation2/package.ps1'
[684.840s] INFO:colcon.colcon_core.shell:Creating package descriptor '/home/agilex/agilex_ws/install/navigation2/share/navigation2/package.dsv'
[684.841s] INFO:colcon.colcon_core.shell:Creating package script '/home/agilex/agilex_ws/install/navigation2/share/navigation2/package.sh'
[684.841s] INFO:colcon.colcon_core.shell:Creating package script '/home/agilex/agilex_ws/install/navigation2/share/navigation2/package.bash'
[684.841s] INFO:colcon.colcon_core.shell:Creating package script '/home/agilex/agilex_ws/install/navigation2/share/navigation2/package.zsh'
[684.842s] Level 1:colcon.colcon_core.environment:create_file_with_runtime_dependencies(/home/agilex/agilex_ws/install/navigation2/share/colcon-core/packages/navigation2)
[684.842s] INFO:colcon.colcon_ros.task.ament_cmake.build:Building ROS package in '/home/agilex/agilex_ws/src/navigation2/nav2_bringup' with build type 'ament_cmake'
[684.842s] INFO:colcon.colcon_cmake.task.cmake.build:Building CMake package in '/home/agilex/agilex_ws/src/navigation2/nav2_bringup'
[684.844s] INFO:colcon.colcon_core.shell:Skip shell extension 'powershell' for command environment: Not usable outside of PowerShell
[684.844s] DEBUG:colcon.colcon_core.shell:Skip shell extension 'dsv' for command environment
[684.912s] DEBUG:colcon.colcon_core.event_handler.log_command:Invoking command in '/home/agilex/agilex_ws/build/nav2_bringup': AMENT_PREFIX_PATH=/home/agilex/agilex_ws/install/navigation2:/home/agilex/agilex_ws/install/nav2_dwb_controller:/home/agilex/agilex_ws/install/nav2_rotation_shim_controller:/home/agilex/agilex_ws/install/dwb_plugins:/home/agilex/agilex_ws/install/dwb_critics:/home/agilex/agilex_ws/install/nav2_waypoint_follower:/home/agilex/agilex_ws/install/nav2_theta_star_planner:/home/agilex/agilex_ws/install/nav2_smoother:/home/agilex/agilex_ws/install/nav2_smac_planner:/home/agilex/agilex_ws/install/nav2_regulated_pure_pursuit_controller:/home/agilex/agilex_ws/install/nav2_planner:/home/agilex/agilex_ws/install/nav2_navfn_planner:/home/agilex/agilex_ws/install/nav2_controller:/home/agilex/agilex_ws/install/nav2_bt_navigator:/home/agilex/agilex_ws/install/nav2_behaviors:/home/agilex/agilex_ws/install/dwb_core:/home/agilex/agilex_ws/install/nav2_core:/home/agilex/agilex_ws/install/costmap_queue:/home/agilex/agilex_ws/install/nav2_rviz_plugins:/home/agilex/agilex_ws/install/nav2_costmap_2d:/home/agilex/agilex_ws/install/nav_2d_utils:/home/agilex/agilex_ws/install/nav2_map_server:/home/agilex/agilex_ws/install/nav2_lifecycle_manager:/home/agilex/agilex_ws/install/nav2_behavior_tree:/home/agilex/agilex_ws/install/nav2_amcl:/home/agilex/agilex_ws/install/nav2_util:/home/agilex/agilex_ws/install/nav2_simple_commander:/home/agilex/agilex_ws/install/nav2_voxel_grid:/home/agilex/agilex_ws/install/nav2_msgs:/home/agilex/agilex_ws/install/dwb_msgs:/home/agilex/agilex_ws/install/nav_2d_msgs:/home/agilex/agilex_ws/install/nav2_common:${AMENT_PREFIX_PATH} CMAKE_PREFIX_PATH=/home/agilex/agilex_ws/install/navigation2:/home/agilex/agilex_ws/install/nav2_dwb_controller:/home/agilex/agilex_ws/install/nav2_rotation_shim_controller:/home/agilex/agilex_ws/install/dwb_plugins:/home/agilex/agilex_ws/install/dwb_critics:/home/agilex/agilex_ws/install/nav2_waypoint_follower:/home/agilex/agilex_ws/install/nav2_theta_star_planner:/home/agilex/agilex_ws/install/nav2_smoother:/home/agilex/agilex_ws/install/nav2_smac_planner:/home/agilex/agilex_ws/install/nav2_regulated_pure_pursuit_controller:/home/agilex/agilex_ws/install/nav2_planner:/home/agilex/agilex_ws/install/nav2_navfn_planner:/home/agilex/agilex_ws/install/nav2_controller:/home/agilex/agilex_ws/install/nav2_bt_navigator:/home/agilex/agilex_ws/install/nav2_behaviors:/home/agilex/agilex_ws/install/dwb_core:/home/agilex/agilex_ws/install/nav2_core:/home/agilex/agilex_ws/install/costmap_queue:/home/agilex/agilex_ws/install/nav2_rviz_plugins:/home/agilex/agilex_ws/install/nav2_costmap_2d:/home/agilex/agilex_ws/install/nav_2d_utils:/home/agilex/agilex_ws/install/nav2_map_server:/home/agilex/agilex_ws/install/nav2_lifecycle_manager:/home/agilex/agilex_ws/install/nav2_behavior_tree:/home/agilex/agilex_ws/install/nav2_amcl:/home/agilex/agilex_ws/install/nav2_util:/home/agilex/agilex_ws/install/nav2_voxel_grid:/home/agilex/agilex_ws/install/nav2_msgs:/home/agilex/agilex_ws/install/dwb_msgs:/home/agilex/agilex_ws/install/nav_2d_msgs:/home/agilex/agilex_ws/install/nav2_common:/opt/ros/humble LD_LIBRARY_PATH=/home/agilex/agilex_ws/install/nav2_rotation_shim_controller/lib:/home/agilex/agilex_ws/install/dwb_plugins/lib:/home/agilex/agilex_ws/install/dwb_critics/lib:/home/agilex/agilex_ws/install/nav2_waypoint_follower/lib:/home/agilex/agilex_ws/install/nav2_theta_star_planner/lib:/home/agilex/agilex_ws/install/nav2_smoother/lib:/home/agilex/agilex_ws/install/nav2_smac_planner/lib:/home/agilex/agilex_ws/install/nav2_regulated_pure_pursuit_controller/lib:/home/agilex/agilex_ws/install/nav2_planner/lib:/home/agilex/agilex_ws/install/nav2_navfn_planner/lib:/home/agilex/agilex_ws/install/nav2_controller/lib:/home/agilex/agilex_ws/install/nav2_bt_navigator/lib:/home/agilex/agilex_ws/install/nav2_behaviors/lib:/home/agilex/agilex_ws/install/dwb_core/lib:/home/agilex/agilex_ws/install/costmap_queue/lib:/home/agilex/agilex_ws/install/nav2_rviz_plugins/lib:/home/agilex/agilex_ws/install/nav2_costmap_2d/lib:/home/agilex/agilex_ws/install/nav_2d_utils/lib:/home/agilex/agilex_ws/install/nav2_map_server/lib:/home/agilex/agilex_ws/install/nav2_lifecycle_manager/lib:/home/agilex/agilex_ws/install/nav2_behavior_tree/lib:/home/agilex/agilex_ws/install/nav2_amcl/lib:/home/agilex/agilex_ws/install/nav2_util/lib:/home/agilex/agilex_ws/install/nav2_voxel_grid/lib:/home/agilex/agilex_ws/install/nav2_msgs/lib:/home/agilex/agilex_ws/install/dwb_msgs/lib:/home/agilex/agilex_ws/install/nav_2d_msgs/lib:${LD_LIBRARY_PATH} PYTHONPATH=/home/agilex/agilex_ws/install/nav2_simple_commander/lib/python3.10/site-packages:/home/agilex/agilex_ws/install/nav2_msgs/local/lib/python3.10/dist-packages:/home/agilex/agilex_ws/install/dwb_msgs/local/lib/python3.10/dist-packages:/home/agilex/agilex_ws/install/nav_2d_msgs/local/lib/python3.10/dist-packages:/home/agilex/agilex_ws/install/nav2_common/local/lib/python3.10/dist-packages:${PYTHONPATH} /usr/bin/cmake /home/agilex/agilex_ws/src/navigation2/nav2_bringup -DCMAKE_INSTALL_PREFIX=/home/agilex/agilex_ws/install/nav2_bringup
[685.554s] DEBUG:colcon.colcon_core.event_handler.log_command:Invoked command in '/home/agilex/agilex_ws/build/nav2_bringup' returned '0': AMENT_PREFIX_PATH=/home/agilex/agilex_ws/install/navigation2:/home/agilex/agilex_ws/install/nav2_dwb_controller:/home/agilex/agilex_ws/install/nav2_rotation_shim_controller:/home/agilex/agilex_ws/install/dwb_plugins:/home/agilex/agilex_ws/install/dwb_critics:/home/agilex/agilex_ws/install/nav2_waypoint_follower:/home/agilex/agilex_ws/install/nav2_theta_star_planner:/home/agilex/agilex_ws/install/nav2_smoother:/home/agilex/agilex_ws/install/nav2_smac_planner:/home/agilex/agilex_ws/install/nav2_regulated_pure_pursuit_controller:/home/agilex/agilex_ws/install/nav2_planner:/home/agilex/agilex_ws/install/nav2_navfn_planner:/home/agilex/agilex_ws/install/nav2_controller:/home/agilex/agilex_ws/install/nav2_bt_navigator:/home/agilex/agilex_ws/install/nav2_behaviors:/home/agilex/agilex_ws/install/dwb_core:/home/agilex/agilex_ws/install/nav2_core:/home/agilex/agilex_ws/install/costmap_queue:/home/agilex/agilex_ws/install/nav2_rviz_plugins:/home/agilex/agilex_ws/install/nav2_costmap_2d:/home/agilex/agilex_ws/install/nav_2d_utils:/home/agilex/agilex_ws/install/nav2_map_server:/home/agilex/agilex_ws/install/nav2_lifecycle_manager:/home/agilex/agilex_ws/install/nav2_behavior_tree:/home/agilex/agilex_ws/install/nav2_amcl:/home/agilex/agilex_ws/install/nav2_util:/home/agilex/agilex_ws/install/nav2_simple_commander:/home/agilex/agilex_ws/install/nav2_voxel_grid:/home/agilex/agilex_ws/install/nav2_msgs:/home/agilex/agilex_ws/install/dwb_msgs:/home/agilex/agilex_ws/install/nav_2d_msgs:/home/agilex/agilex_ws/install/nav2_common:${AMENT_PREFIX_PATH} CMAKE_PREFIX_PATH=/home/agilex/agilex_ws/install/navigation2:/home/agilex/agilex_ws/install/nav2_dwb_controller:/home/agilex/agilex_ws/install/nav2_rotation_shim_controller:/home/agilex/agilex_ws/install/dwb_plugins:/home/agilex/agilex_ws/install/dwb_critics:/home/agilex/agilex_ws/install/nav2_waypoint_follower:/home/agilex/agilex_ws/install/nav2_theta_star_planner:/home/agilex/agilex_ws/install/nav2_smoother:/home/agilex/agilex_ws/install/nav2_smac_planner:/home/agilex/agilex_ws/install/nav2_regulated_pure_pursuit_controller:/home/agilex/agilex_ws/install/nav2_planner:/home/agilex/agilex_ws/install/nav2_navfn_planner:/home/agilex/agilex_ws/install/nav2_controller:/home/agilex/agilex_ws/install/nav2_bt_navigator:/home/agilex/agilex_ws/install/nav2_behaviors:/home/agilex/agilex_ws/install/dwb_core:/home/agilex/agilex_ws/install/nav2_core:/home/agilex/agilex_ws/install/costmap_queue:/home/agilex/agilex_ws/install/nav2_rviz_plugins:/home/agilex/agilex_ws/install/nav2_costmap_2d:/home/agilex/agilex_ws/install/nav_2d_utils:/home/agilex/agilex_ws/install/nav2_map_server:/home/agilex/agilex_ws/install/nav2_lifecycle_manager:/home/agilex/agilex_ws/install/nav2_behavior_tree:/home/agilex/agilex_ws/install/nav2_amcl:/home/agilex/agilex_ws/install/nav2_util:/home/agilex/agilex_ws/install/nav2_voxel_grid:/home/agilex/agilex_ws/install/nav2_msgs:/home/agilex/agilex_ws/install/dwb_msgs:/home/agilex/agilex_ws/install/nav_2d_msgs:/home/agilex/agilex_ws/install/nav2_common:/opt/ros/humble LD_LIBRARY_PATH=/home/agilex/agilex_ws/install/nav2_rotation_shim_controller/lib:/home/agilex/agilex_ws/install/dwb_plugins/lib:/home/agilex/agilex_ws/install/dwb_critics/lib:/home/agilex/agilex_ws/install/nav2_waypoint_follower/lib:/home/agilex/agilex_ws/install/nav2_theta_star_planner/lib:/home/agilex/agilex_ws/install/nav2_smoother/lib:/home/agilex/agilex_ws/install/nav2_smac_planner/lib:/home/agilex/agilex_ws/install/nav2_regulated_pure_pursuit_controller/lib:/home/agilex/agilex_ws/install/nav2_planner/lib:/home/agilex/agilex_ws/install/nav2_navfn_planner/lib:/home/agilex/agilex_ws/install/nav2_controller/lib:/home/agilex/agilex_ws/install/nav2_bt_navigator/lib:/home/agilex/agilex_ws/install/nav2_behaviors/lib:/home/agilex/agilex_ws/install/dwb_core/lib:/home/agilex/agilex_ws/install/costmap_queue/lib:/home/agilex/agilex_ws/install/nav2_rviz_plugins/lib:/home/agilex/agilex_ws/install/nav2_costmap_2d/lib:/home/agilex/agilex_ws/install/nav_2d_utils/lib:/home/agilex/agilex_ws/install/nav2_map_server/lib:/home/agilex/agilex_ws/install/nav2_lifecycle_manager/lib:/home/agilex/agilex_ws/install/nav2_behavior_tree/lib:/home/agilex/agilex_ws/install/nav2_amcl/lib:/home/agilex/agilex_ws/install/nav2_util/lib:/home/agilex/agilex_ws/install/nav2_voxel_grid/lib:/home/agilex/agilex_ws/install/nav2_msgs/lib:/home/agilex/agilex_ws/install/dwb_msgs/lib:/home/agilex/agilex_ws/install/nav_2d_msgs/lib:${LD_LIBRARY_PATH} PYTHONPATH=/home/agilex/agilex_ws/install/nav2_simple_commander/lib/python3.10/site-packages:/home/agilex/agilex_ws/install/nav2_msgs/local/lib/python3.10/dist-packages:/home/agilex/agilex_ws/install/dwb_msgs/local/lib/python3.10/dist-packages:/home/agilex/agilex_ws/install/nav_2d_msgs/local/lib/python3.10/dist-packages:/home/agilex/agilex_ws/install/nav2_common/local/lib/python3.10/dist-packages:${PYTHONPATH} /usr/bin/cmake /home/agilex/agilex_ws/src/navigation2/nav2_bringup -DCMAKE_INSTALL_PREFIX=/home/agilex/agilex_ws/install/nav2_bringup
[685.555s] DEBUG:colcon.colcon_core.event_handler.log_command:Invoking command in '/home/agilex/agilex_ws/build/nav2_bringup': AMENT_PREFIX_PATH=/home/agilex/agilex_ws/install/navigation2:/home/agilex/agilex_ws/install/nav2_dwb_controller:/home/agilex/agilex_ws/install/nav2_rotation_shim_controller:/home/agilex/agilex_ws/install/dwb_plugins:/home/agilex/agilex_ws/install/dwb_critics:/home/agilex/agilex_ws/install/nav2_waypoint_follower:/home/agilex/agilex_ws/install/nav2_theta_star_planner:/home/agilex/agilex_ws/install/nav2_smoother:/home/agilex/agilex_ws/install/nav2_smac_planner:/home/agilex/agilex_ws/install/nav2_regulated_pure_pursuit_controller:/home/agilex/agilex_ws/install/nav2_planner:/home/agilex/agilex_ws/install/nav2_navfn_planner:/home/agilex/agilex_ws/install/nav2_controller:/home/agilex/agilex_ws/install/nav2_bt_navigator:/home/agilex/agilex_ws/install/nav2_behaviors:/home/agilex/agilex_ws/install/dwb_core:/home/agilex/agilex_ws/install/nav2_core:/home/agilex/agilex_ws/install/costmap_queue:/home/agilex/agilex_ws/install/nav2_rviz_plugins:/home/agilex/agilex_ws/install/nav2_costmap_2d:/home/agilex/agilex_ws/install/nav_2d_utils:/home/agilex/agilex_ws/install/nav2_map_server:/home/agilex/agilex_ws/install/nav2_lifecycle_manager:/home/agilex/agilex_ws/install/nav2_behavior_tree:/home/agilex/agilex_ws/install/nav2_amcl:/home/agilex/agilex_ws/install/nav2_util:/home/agilex/agilex_ws/install/nav2_simple_commander:/home/agilex/agilex_ws/install/nav2_voxel_grid:/home/agilex/agilex_ws/install/nav2_msgs:/home/agilex/agilex_ws/install/dwb_msgs:/home/agilex/agilex_ws/install/nav_2d_msgs:/home/agilex/agilex_ws/install/nav2_common:${AMENT_PREFIX_PATH} CMAKE_PREFIX_PATH=/home/agilex/agilex_ws/install/navigation2:/home/agilex/agilex_ws/install/nav2_dwb_controller:/home/agilex/agilex_ws/install/nav2_rotation_shim_controller:/home/agilex/agilex_ws/install/dwb_plugins:/home/agilex/agilex_ws/install/dwb_critics:/home/agilex/agilex_ws/install/nav2_waypoint_follower:/home/agilex/agilex_ws/install/nav2_theta_star_planner:/home/agilex/agilex_ws/install/nav2_smoother:/home/agilex/agilex_ws/install/nav2_smac_planner:/home/agilex/agilex_ws/install/nav2_regulated_pure_pursuit_controller:/home/agilex/agilex_ws/install/nav2_planner:/home/agilex/agilex_ws/install/nav2_navfn_planner:/home/agilex/agilex_ws/install/nav2_controller:/home/agilex/agilex_ws/install/nav2_bt_navigator:/home/agilex/agilex_ws/install/nav2_behaviors:/home/agilex/agilex_ws/install/dwb_core:/home/agilex/agilex_ws/install/nav2_core:/home/agilex/agilex_ws/install/costmap_queue:/home/agilex/agilex_ws/install/nav2_rviz_plugins:/home/agilex/agilex_ws/install/nav2_costmap_2d:/home/agilex/agilex_ws/install/nav_2d_utils:/home/agilex/agilex_ws/install/nav2_map_server:/home/agilex/agilex_ws/install/nav2_lifecycle_manager:/home/agilex/agilex_ws/install/nav2_behavior_tree:/home/agilex/agilex_ws/install/nav2_amcl:/home/agilex/agilex_ws/install/nav2_util:/home/agilex/agilex_ws/install/nav2_voxel_grid:/home/agilex/agilex_ws/install/nav2_msgs:/home/agilex/agilex_ws/install/dwb_msgs:/home/agilex/agilex_ws/install/nav_2d_msgs:/home/agilex/agilex_ws/install/nav2_common:/opt/ros/humble LD_LIBRARY_PATH=/home/agilex/agilex_ws/install/nav2_rotation_shim_controller/lib:/home/agilex/agilex_ws/install/dwb_plugins/lib:/home/agilex/agilex_ws/install/dwb_critics/lib:/home/agilex/agilex_ws/install/nav2_waypoint_follower/lib:/home/agilex/agilex_ws/install/nav2_theta_star_planner/lib:/home/agilex/agilex_ws/install/nav2_smoother/lib:/home/agilex/agilex_ws/install/nav2_smac_planner/lib:/home/agilex/agilex_ws/install/nav2_regulated_pure_pursuit_controller/lib:/home/agilex/agilex_ws/install/nav2_planner/lib:/home/agilex/agilex_ws/install/nav2_navfn_planner/lib:/home/agilex/agilex_ws/install/nav2_controller/lib:/home/agilex/agilex_ws/install/nav2_bt_navigator/lib:/home/agilex/agilex_ws/install/nav2_behaviors/lib:/home/agilex/agilex_ws/install/dwb_core/lib:/home/agilex/agilex_ws/install/costmap_queue/lib:/home/agilex/agilex_ws/install/nav2_rviz_plugins/lib:/home/agilex/agilex_ws/install/nav2_costmap_2d/lib:/home/agilex/agilex_ws/install/nav_2d_utils/lib:/home/agilex/agilex_ws/install/nav2_map_server/lib:/home/agilex/agilex_ws/install/nav2_lifecycle_manager/lib:/home/agilex/agilex_ws/install/nav2_behavior_tree/lib:/home/agilex/agilex_ws/install/nav2_amcl/lib:/home/agilex/agilex_ws/install/nav2_util/lib:/home/agilex/agilex_ws/install/nav2_voxel_grid/lib:/home/agilex/agilex_ws/install/nav2_msgs/lib:/home/agilex/agilex_ws/install/dwb_msgs/lib:/home/agilex/agilex_ws/install/nav_2d_msgs/lib:${LD_LIBRARY_PATH} PYTHONPATH=/home/agilex/agilex_ws/install/nav2_simple_commander/lib/python3.10/site-packages:/home/agilex/agilex_ws/install/nav2_msgs/local/lib/python3.10/dist-packages:/home/agilex/agilex_ws/install/dwb_msgs/local/lib/python3.10/dist-packages:/home/agilex/agilex_ws/install/nav_2d_msgs/local/lib/python3.10/dist-packages:/home/agilex/agilex_ws/install/nav2_common/local/lib/python3.10/dist-packages:${PYTHONPATH} /usr/bin/cmake --build /home/agilex/agilex_ws/build/nav2_bringup -- -j8 -l8
[685.582s] DEBUG:colcon.colcon_core.event_handler.log_command:Invoked command in '/home/agilex/agilex_ws/build/nav2_bringup' returned '0': AMENT_PREFIX_PATH=/home/agilex/agilex_ws/install/navigation2:/home/agilex/agilex_ws/install/nav2_dwb_controller:/home/agilex/agilex_ws/install/nav2_rotation_shim_controller:/home/agilex/agilex_ws/install/dwb_plugins:/home/agilex/agilex_ws/install/dwb_critics:/home/agilex/agilex_ws/install/nav2_waypoint_follower:/home/agilex/agilex_ws/install/nav2_theta_star_planner:/home/agilex/agilex_ws/install/nav2_smoother:/home/agilex/agilex_ws/install/nav2_smac_planner:/home/agilex/agilex_ws/install/nav2_regulated_pure_pursuit_controller:/home/agilex/agilex_ws/install/nav2_planner:/home/agilex/agilex_ws/install/nav2_navfn_planner:/home/agilex/agilex_ws/install/nav2_controller:/home/agilex/agilex_ws/install/nav2_bt_navigator:/home/agilex/agilex_ws/install/nav2_behaviors:/home/agilex/agilex_ws/install/dwb_core:/home/agilex/agilex_ws/install/nav2_core:/home/agilex/agilex_ws/install/costmap_queue:/home/agilex/agilex_ws/install/nav2_rviz_plugins:/home/agilex/agilex_ws/install/nav2_costmap_2d:/home/agilex/agilex_ws/install/nav_2d_utils:/home/agilex/agilex_ws/install/nav2_map_server:/home/agilex/agilex_ws/install/nav2_lifecycle_manager:/home/agilex/agilex_ws/install/nav2_behavior_tree:/home/agilex/agilex_ws/install/nav2_amcl:/home/agilex/agilex_ws/install/nav2_util:/home/agilex/agilex_ws/install/nav2_simple_commander:/home/agilex/agilex_ws/install/nav2_voxel_grid:/home/agilex/agilex_ws/install/nav2_msgs:/home/agilex/agilex_ws/install/dwb_msgs:/home/agilex/agilex_ws/install/nav_2d_msgs:/home/agilex/agilex_ws/install/nav2_common:${AMENT_PREFIX_PATH} CMAKE_PREFIX_PATH=/home/agilex/agilex_ws/install/navigation2:/home/agilex/agilex_ws/install/nav2_dwb_controller:/home/agilex/agilex_ws/install/nav2_rotation_shim_controller:/home/agilex/agilex_ws/install/dwb_plugins:/home/agilex/agilex_ws/install/dwb_critics:/home/agilex/agilex_ws/install/nav2_waypoint_follower:/home/agilex/agilex_ws/install/nav2_theta_star_planner:/home/agilex/agilex_ws/install/nav2_smoother:/home/agilex/agilex_ws/install/nav2_smac_planner:/home/agilex/agilex_ws/install/nav2_regulated_pure_pursuit_controller:/home/agilex/agilex_ws/install/nav2_planner:/home/agilex/agilex_ws/install/nav2_navfn_planner:/home/agilex/agilex_ws/install/nav2_controller:/home/agilex/agilex_ws/install/nav2_bt_navigator:/home/agilex/agilex_ws/install/nav2_behaviors:/home/agilex/agilex_ws/install/dwb_core:/home/agilex/agilex_ws/install/nav2_core:/home/agilex/agilex_ws/install/costmap_queue:/home/agilex/agilex_ws/install/nav2_rviz_plugins:/home/agilex/agilex_ws/install/nav2_costmap_2d:/home/agilex/agilex_ws/install/nav_2d_utils:/home/agilex/agilex_ws/install/nav2_map_server:/home/agilex/agilex_ws/install/nav2_lifecycle_manager:/home/agilex/agilex_ws/install/nav2_behavior_tree:/home/agilex/agilex_ws/install/nav2_amcl:/home/agilex/agilex_ws/install/nav2_util:/home/agilex/agilex_ws/install/nav2_voxel_grid:/home/agilex/agilex_ws/install/nav2_msgs:/home/agilex/agilex_ws/install/dwb_msgs:/home/agilex/agilex_ws/install/nav_2d_msgs:/home/agilex/agilex_ws/install/nav2_common:/opt/ros/humble LD_LIBRARY_PATH=/home/agilex/agilex_ws/install/nav2_rotation_shim_controller/lib:/home/agilex/agilex_ws/install/dwb_plugins/lib:/home/agilex/agilex_ws/install/dwb_critics/lib:/home/agilex/agilex_ws/install/nav2_waypoint_follower/lib:/home/agilex/agilex_ws/install/nav2_theta_star_planner/lib:/home/agilex/agilex_ws/install/nav2_smoother/lib:/home/agilex/agilex_ws/install/nav2_smac_planner/lib:/home/agilex/agilex_ws/install/nav2_regulated_pure_pursuit_controller/lib:/home/agilex/agilex_ws/install/nav2_planner/lib:/home/agilex/agilex_ws/install/nav2_navfn_planner/lib:/home/agilex/agilex_ws/install/nav2_controller/lib:/home/agilex/agilex_ws/install/nav2_bt_navigator/lib:/home/agilex/agilex_ws/install/nav2_behaviors/lib:/home/agilex/agilex_ws/install/dwb_core/lib:/home/agilex/agilex_ws/install/costmap_queue/lib:/home/agilex/agilex_ws/install/nav2_rviz_plugins/lib:/home/agilex/agilex_ws/install/nav2_costmap_2d/lib:/home/agilex/agilex_ws/install/nav_2d_utils/lib:/home/agilex/agilex_ws/install/nav2_map_server/lib:/home/agilex/agilex_ws/install/nav2_lifecycle_manager/lib:/home/agilex/agilex_ws/install/nav2_behavior_tree/lib:/home/agilex/agilex_ws/install/nav2_amcl/lib:/home/agilex/agilex_ws/install/nav2_util/lib:/home/agilex/agilex_ws/install/nav2_voxel_grid/lib:/home/agilex/agilex_ws/install/nav2_msgs/lib:/home/agilex/agilex_ws/install/dwb_msgs/lib:/home/agilex/agilex_ws/install/nav_2d_msgs/lib:${LD_LIBRARY_PATH} PYTHONPATH=/home/agilex/agilex_ws/install/nav2_simple_commander/lib/python3.10/site-packages:/home/agilex/agilex_ws/install/nav2_msgs/local/lib/python3.10/dist-packages:/home/agilex/agilex_ws/install/dwb_msgs/local/lib/python3.10/dist-packages:/home/agilex/agilex_ws/install/nav_2d_msgs/local/lib/python3.10/dist-packages:/home/agilex/agilex_ws/install/nav2_common/local/lib/python3.10/dist-packages:${PYTHONPATH} /usr/bin/cmake --build /home/agilex/agilex_ws/build/nav2_bringup -- -j8 -l8
[685.595s] DEBUG:colcon.colcon_core.event_handler.log_command:Invoking command in '/home/agilex/agilex_ws/build/nav2_bringup': AMENT_PREFIX_PATH=/home/agilex/agilex_ws/install/navigation2:/home/agilex/agilex_ws/install/nav2_dwb_controller:/home/agilex/agilex_ws/install/nav2_rotation_shim_controller:/home/agilex/agilex_ws/install/dwb_plugins:/home/agilex/agilex_ws/install/dwb_critics:/home/agilex/agilex_ws/install/nav2_waypoint_follower:/home/agilex/agilex_ws/install/nav2_theta_star_planner:/home/agilex/agilex_ws/install/nav2_smoother:/home/agilex/agilex_ws/install/nav2_smac_planner:/home/agilex/agilex_ws/install/nav2_regulated_pure_pursuit_controller:/home/agilex/agilex_ws/install/nav2_planner:/home/agilex/agilex_ws/install/nav2_navfn_planner:/home/agilex/agilex_ws/install/nav2_controller:/home/agilex/agilex_ws/install/nav2_bt_navigator:/home/agilex/agilex_ws/install/nav2_behaviors:/home/agilex/agilex_ws/install/dwb_core:/home/agilex/agilex_ws/install/nav2_core:/home/agilex/agilex_ws/install/costmap_queue:/home/agilex/agilex_ws/install/nav2_rviz_plugins:/home/agilex/agilex_ws/install/nav2_costmap_2d:/home/agilex/agilex_ws/install/nav_2d_utils:/home/agilex/agilex_ws/install/nav2_map_server:/home/agilex/agilex_ws/install/nav2_lifecycle_manager:/home/agilex/agilex_ws/install/nav2_behavior_tree:/home/agilex/agilex_ws/install/nav2_amcl:/home/agilex/agilex_ws/install/nav2_util:/home/agilex/agilex_ws/install/nav2_simple_commander:/home/agilex/agilex_ws/install/nav2_voxel_grid:/home/agilex/agilex_ws/install/nav2_msgs:/home/agilex/agilex_ws/install/dwb_msgs:/home/agilex/agilex_ws/install/nav_2d_msgs:/home/agilex/agilex_ws/install/nav2_common:${AMENT_PREFIX_PATH} CMAKE_PREFIX_PATH=/home/agilex/agilex_ws/install/navigation2:/home/agilex/agilex_ws/install/nav2_dwb_controller:/home/agilex/agilex_ws/install/nav2_rotation_shim_controller:/home/agilex/agilex_ws/install/dwb_plugins:/home/agilex/agilex_ws/install/dwb_critics:/home/agilex/agilex_ws/install/nav2_waypoint_follower:/home/agilex/agilex_ws/install/nav2_theta_star_planner:/home/agilex/agilex_ws/install/nav2_smoother:/home/agilex/agilex_ws/install/nav2_smac_planner:/home/agilex/agilex_ws/install/nav2_regulated_pure_pursuit_controller:/home/agilex/agilex_ws/install/nav2_planner:/home/agilex/agilex_ws/install/nav2_navfn_planner:/home/agilex/agilex_ws/install/nav2_controller:/home/agilex/agilex_ws/install/nav2_bt_navigator:/home/agilex/agilex_ws/install/nav2_behaviors:/home/agilex/agilex_ws/install/dwb_core:/home/agilex/agilex_ws/install/nav2_core:/home/agilex/agilex_ws/install/costmap_queue:/home/agilex/agilex_ws/install/nav2_rviz_plugins:/home/agilex/agilex_ws/install/nav2_costmap_2d:/home/agilex/agilex_ws/install/nav_2d_utils:/home/agilex/agilex_ws/install/nav2_map_server:/home/agilex/agilex_ws/install/nav2_lifecycle_manager:/home/agilex/agilex_ws/install/nav2_behavior_tree:/home/agilex/agilex_ws/install/nav2_amcl:/home/agilex/agilex_ws/install/nav2_util:/home/agilex/agilex_ws/install/nav2_voxel_grid:/home/agilex/agilex_ws/install/nav2_msgs:/home/agilex/agilex_ws/install/dwb_msgs:/home/agilex/agilex_ws/install/nav_2d_msgs:/home/agilex/agilex_ws/install/nav2_common:/opt/ros/humble LD_LIBRARY_PATH=/home/agilex/agilex_ws/install/nav2_rotation_shim_controller/lib:/home/agilex/agilex_ws/install/dwb_plugins/lib:/home/agilex/agilex_ws/install/dwb_critics/lib:/home/agilex/agilex_ws/install/nav2_waypoint_follower/lib:/home/agilex/agilex_ws/install/nav2_theta_star_planner/lib:/home/agilex/agilex_ws/install/nav2_smoother/lib:/home/agilex/agilex_ws/install/nav2_smac_planner/lib:/home/agilex/agilex_ws/install/nav2_regulated_pure_pursuit_controller/lib:/home/agilex/agilex_ws/install/nav2_planner/lib:/home/agilex/agilex_ws/install/nav2_navfn_planner/lib:/home/agilex/agilex_ws/install/nav2_controller/lib:/home/agilex/agilex_ws/install/nav2_bt_navigator/lib:/home/agilex/agilex_ws/install/nav2_behaviors/lib:/home/agilex/agilex_ws/install/dwb_core/lib:/home/agilex/agilex_ws/install/costmap_queue/lib:/home/agilex/agilex_ws/install/nav2_rviz_plugins/lib:/home/agilex/agilex_ws/install/nav2_costmap_2d/lib:/home/agilex/agilex_ws/install/nav_2d_utils/lib:/home/agilex/agilex_ws/install/nav2_map_server/lib:/home/agilex/agilex_ws/install/nav2_lifecycle_manager/lib:/home/agilex/agilex_ws/install/nav2_behavior_tree/lib:/home/agilex/agilex_ws/install/nav2_amcl/lib:/home/agilex/agilex_ws/install/nav2_util/lib:/home/agilex/agilex_ws/install/nav2_voxel_grid/lib:/home/agilex/agilex_ws/install/nav2_msgs/lib:/home/agilex/agilex_ws/install/dwb_msgs/lib:/home/agilex/agilex_ws/install/nav_2d_msgs/lib:${LD_LIBRARY_PATH} PYTHONPATH=/home/agilex/agilex_ws/install/nav2_simple_commander/lib/python3.10/site-packages:/home/agilex/agilex_ws/install/nav2_msgs/local/lib/python3.10/dist-packages:/home/agilex/agilex_ws/install/dwb_msgs/local/lib/python3.10/dist-packages:/home/agilex/agilex_ws/install/nav_2d_msgs/local/lib/python3.10/dist-packages:/home/agilex/agilex_ws/install/nav2_common/local/lib/python3.10/dist-packages:${PYTHONPATH} /usr/bin/cmake --install /home/agilex/agilex_ws/build/nav2_bringup
[685.605s] Level 1:colcon.colcon_core.environment:create_environment_scripts_only(nav2_bringup)
[685.607s] Level 1:colcon.colcon_core.environment:checking '/home/agilex/agilex_ws/install/nav2_bringup' for CMake module files
[685.607s] DEBUG:colcon.colcon_core.event_handler.log_command:Invoked command in '/home/agilex/agilex_ws/build/nav2_bringup' returned '0': AMENT_PREFIX_PATH=/home/agilex/agilex_ws/install/navigation2:/home/agilex/agilex_ws/install/nav2_dwb_controller:/home/agilex/agilex_ws/install/nav2_rotation_shim_controller:/home/agilex/agilex_ws/install/dwb_plugins:/home/agilex/agilex_ws/install/dwb_critics:/home/agilex/agilex_ws/install/nav2_waypoint_follower:/home/agilex/agilex_ws/install/nav2_theta_star_planner:/home/agilex/agilex_ws/install/nav2_smoother:/home/agilex/agilex_ws/install/nav2_smac_planner:/home/agilex/agilex_ws/install/nav2_regulated_pure_pursuit_controller:/home/agilex/agilex_ws/install/nav2_planner:/home/agilex/agilex_ws/install/nav2_navfn_planner:/home/agilex/agilex_ws/install/nav2_controller:/home/agilex/agilex_ws/install/nav2_bt_navigator:/home/agilex/agilex_ws/install/nav2_behaviors:/home/agilex/agilex_ws/install/dwb_core:/home/agilex/agilex_ws/install/nav2_core:/home/agilex/agilex_ws/install/costmap_queue:/home/agilex/agilex_ws/install/nav2_rviz_plugins:/home/agilex/agilex_ws/install/nav2_costmap_2d:/home/agilex/agilex_ws/install/nav_2d_utils:/home/agilex/agilex_ws/install/nav2_map_server:/home/agilex/agilex_ws/install/nav2_lifecycle_manager:/home/agilex/agilex_ws/install/nav2_behavior_tree:/home/agilex/agilex_ws/install/nav2_amcl:/home/agilex/agilex_ws/install/nav2_util:/home/agilex/agilex_ws/install/nav2_simple_commander:/home/agilex/agilex_ws/install/nav2_voxel_grid:/home/agilex/agilex_ws/install/nav2_msgs:/home/agilex/agilex_ws/install/dwb_msgs:/home/agilex/agilex_ws/install/nav_2d_msgs:/home/agilex/agilex_ws/install/nav2_common:${AMENT_PREFIX_PATH} CMAKE_PREFIX_PATH=/home/agilex/agilex_ws/install/navigation2:/home/agilex/agilex_ws/install/nav2_dwb_controller:/home/agilex/agilex_ws/install/nav2_rotation_shim_controller:/home/agilex/agilex_ws/install/dwb_plugins:/home/agilex/agilex_ws/install/dwb_critics:/home/agilex/agilex_ws/install/nav2_waypoint_follower:/home/agilex/agilex_ws/install/nav2_theta_star_planner:/home/agilex/agilex_ws/install/nav2_smoother:/home/agilex/agilex_ws/install/nav2_smac_planner:/home/agilex/agilex_ws/install/nav2_regulated_pure_pursuit_controller:/home/agilex/agilex_ws/install/nav2_planner:/home/agilex/agilex_ws/install/nav2_navfn_planner:/home/agilex/agilex_ws/install/nav2_controller:/home/agilex/agilex_ws/install/nav2_bt_navigator:/home/agilex/agilex_ws/install/nav2_behaviors:/home/agilex/agilex_ws/install/dwb_core:/home/agilex/agilex_ws/install/nav2_core:/home/agilex/agilex_ws/install/costmap_queue:/home/agilex/agilex_ws/install/nav2_rviz_plugins:/home/agilex/agilex_ws/install/nav2_costmap_2d:/home/agilex/agilex_ws/install/nav_2d_utils:/home/agilex/agilex_ws/install/nav2_map_server:/home/agilex/agilex_ws/install/nav2_lifecycle_manager:/home/agilex/agilex_ws/install/nav2_behavior_tree:/home/agilex/agilex_ws/install/nav2_amcl:/home/agilex/agilex_ws/install/nav2_util:/home/agilex/agilex_ws/install/nav2_voxel_grid:/home/agilex/agilex_ws/install/nav2_msgs:/home/agilex/agilex_ws/install/dwb_msgs:/home/agilex/agilex_ws/install/nav_2d_msgs:/home/agilex/agilex_ws/install/nav2_common:/opt/ros/humble LD_LIBRARY_PATH=/home/agilex/agilex_ws/install/nav2_rotation_shim_controller/lib:/home/agilex/agilex_ws/install/dwb_plugins/lib:/home/agilex/agilex_ws/install/dwb_critics/lib:/home/agilex/agilex_ws/install/nav2_waypoint_follower/lib:/home/agilex/agilex_ws/install/nav2_theta_star_planner/lib:/home/agilex/agilex_ws/install/nav2_smoother/lib:/home/agilex/agilex_ws/install/nav2_smac_planner/lib:/home/agilex/agilex_ws/install/nav2_regulated_pure_pursuit_controller/lib:/home/agilex/agilex_ws/install/nav2_planner/lib:/home/agilex/agilex_ws/install/nav2_navfn_planner/lib:/home/agilex/agilex_ws/install/nav2_controller/lib:/home/agilex/agilex_ws/install/nav2_bt_navigator/lib:/home/agilex/agilex_ws/install/nav2_behaviors/lib:/home/agilex/agilex_ws/install/dwb_core/lib:/home/agilex/agilex_ws/install/costmap_queue/lib:/home/agilex/agilex_ws/install/nav2_rviz_plugins/lib:/home/agilex/agilex_ws/install/nav2_costmap_2d/lib:/home/agilex/agilex_ws/install/nav_2d_utils/lib:/home/agilex/agilex_ws/install/nav2_map_server/lib:/home/agilex/agilex_ws/install/nav2_lifecycle_manager/lib:/home/agilex/agilex_ws/install/nav2_behavior_tree/lib:/home/agilex/agilex_ws/install/nav2_amcl/lib:/home/agilex/agilex_ws/install/nav2_util/lib:/home/agilex/agilex_ws/install/nav2_voxel_grid/lib:/home/agilex/agilex_ws/install/nav2_msgs/lib:/home/agilex/agilex_ws/install/dwb_msgs/lib:/home/agilex/agilex_ws/install/nav_2d_msgs/lib:${LD_LIBRARY_PATH} PYTHONPATH=/home/agilex/agilex_ws/install/nav2_simple_commander/lib/python3.10/site-packages:/home/agilex/agilex_ws/install/nav2_msgs/local/lib/python3.10/dist-packages:/home/agilex/agilex_ws/install/dwb_msgs/local/lib/python3.10/dist-packages:/home/agilex/agilex_ws/install/nav_2d_msgs/local/lib/python3.10/dist-packages:/home/agilex/agilex_ws/install/nav2_common/local/lib/python3.10/dist-packages:${PYTHONPATH} /usr/bin/cmake --install /home/agilex/agilex_ws/build/nav2_bringup
[685.607s] Level 1:colcon.colcon_core.environment:checking '/home/agilex/agilex_ws/install/nav2_bringup' for CMake config files
[685.608s] Level 1:colcon.colcon_core.shell:create_environment_hook('nav2_bringup', 'cmake_prefix_path')
[685.609s] INFO:colcon.colcon_core.shell:Creating environment hook '/home/agilex/agilex_ws/install/nav2_bringup/share/nav2_bringup/hook/cmake_prefix_path.ps1'
[685.609s] INFO:colcon.colcon_core.shell:Creating environment descriptor '/home/agilex/agilex_ws/install/nav2_bringup/share/nav2_bringup/hook/cmake_prefix_path.dsv'
[685.609s] INFO:colcon.colcon_core.shell:Creating environment hook '/home/agilex/agilex_ws/install/nav2_bringup/share/nav2_bringup/hook/cmake_prefix_path.sh'
[685.610s] Level 1:colcon.colcon_core.environment:checking '/home/agilex/agilex_ws/install/nav2_bringup/bin'
[685.610s] Level 1:colcon.colcon_core.environment:checking '/home/agilex/agilex_ws/install/nav2_bringup/lib/pkgconfig/nav2_bringup.pc'
[685.610s] Level 1:colcon.colcon_core.environment:checking '/home/agilex/agilex_ws/install/nav2_bringup/lib/python3.10/site-packages'
[685.610s] Level 1:colcon.colcon_core.environment:checking '/home/agilex/agilex_ws/install/nav2_bringup/bin'
[685.612s] INFO:colcon.colcon_core.shell:Creating package script '/home/agilex/agilex_ws/install/nav2_bringup/share/nav2_bringup/package.ps1'
[685.612s] INFO:colcon.colcon_core.shell:Creating package descriptor '/home/agilex/agilex_ws/install/nav2_bringup/share/nav2_bringup/package.dsv'
[685.612s] INFO:colcon.colcon_core.shell:Creating package script '/home/agilex/agilex_ws/install/nav2_bringup/share/nav2_bringup/package.sh'
[685.613s] INFO:colcon.colcon_core.shell:Creating package script '/home/agilex/agilex_ws/install/nav2_bringup/share/nav2_bringup/package.bash'
[685.613s] INFO:colcon.colcon_core.shell:Creating package script '/home/agilex/agilex_ws/install/nav2_bringup/share/nav2_bringup/package.zsh'
[685.613s] Level 1:colcon.colcon_core.environment:create_file_with_runtime_dependencies(/home/agilex/agilex_ws/install/nav2_bringup/share/colcon-core/packages/nav2_bringup)
[685.627s] Level 1:colcon.colcon_core.environment:create_environment_scripts_only(nav2_bringup)
[685.629s] Level 1:colcon.colcon_core.environment:checking '/home/agilex/agilex_ws/install/nav2_bringup' for CMake module files
[685.630s] Level 1:colcon.colcon_core.environment:checking '/home/agilex/agilex_ws/install/nav2_bringup' for CMake config files
[685.630s] Level 1:colcon.colcon_core.shell:create_environment_hook('nav2_bringup', 'cmake_prefix_path')
[685.631s] INFO:colcon.colcon_core.shell:Creating environment hook '/home/agilex/agilex_ws/install/nav2_bringup/share/nav2_bringup/hook/cmake_prefix_path.ps1'
[685.631s] INFO:colcon.colcon_core.shell:Creating environment descriptor '/home/agilex/agilex_ws/install/nav2_bringup/share/nav2_bringup/hook/cmake_prefix_path.dsv'
[685.631s] INFO:colcon.colcon_core.shell:Creating environment hook '/home/agilex/agilex_ws/install/nav2_bringup/share/nav2_bringup/hook/cmake_prefix_path.sh'
[685.632s] Level 1:colcon.colcon_core.environment:checking '/home/agilex/agilex_ws/install/nav2_bringup/bin'
[685.632s] Level 1:colcon.colcon_core.environment:checking '/home/agilex/agilex_ws/install/nav2_bringup/lib/pkgconfig/nav2_bringup.pc'
[685.632s] Level 1:colcon.colcon_core.environment:checking '/home/agilex/agilex_ws/install/nav2_bringup/lib/python3.10/site-packages'
[685.633s] Level 1:colcon.colcon_core.environment:checking '/home/agilex/agilex_ws/install/nav2_bringup/bin'
[685.634s] INFO:colcon.colcon_core.shell:Creating package script '/home/agilex/agilex_ws/install/nav2_bringup/share/nav2_bringup/package.ps1'
[685.634s] INFO:colcon.colcon_core.shell:Creating package descriptor '/home/agilex/agilex_ws/install/nav2_bringup/share/nav2_bringup/package.dsv'
[685.635s] INFO:colcon.colcon_core.shell:Creating package script '/home/agilex/agilex_ws/install/nav2_bringup/share/nav2_bringup/package.sh'
[685.635s] INFO:colcon.colcon_core.shell:Creating package script '/home/agilex/agilex_ws/install/nav2_bringup/share/nav2_bringup/package.bash'
[685.635s] INFO:colcon.colcon_core.shell:Creating package script '/home/agilex/agilex_ws/install/nav2_bringup/share/nav2_bringup/package.zsh'
[685.636s] Level 1:colcon.colcon_core.environment:create_file_with_runtime_dependencies(/home/agilex/agilex_ws/install/nav2_bringup/share/colcon-core/packages/nav2_bringup)
[685.636s] INFO:colcon.colcon_ros.task.ament_cmake.build:Building ROS package in '/home/agilex/agilex_ws/src/navigation2/nav2_system_tests' with build type 'ament_cmake'
[685.636s] INFO:colcon.colcon_cmake.task.cmake.build:Building CMake package in '/home/agilex/agilex_ws/src/navigation2/nav2_system_tests'
[685.638s] INFO:colcon.colcon_core.shell:Skip shell extension 'powershell' for command environment: Not usable outside of PowerShell
[685.638s] DEBUG:colcon.colcon_core.shell:Skip shell extension 'dsv' for command environment
[685.643s] INFO:colcon.colcon_ros.task.ament_cmake.build:Building ROS package in '/home/agilex/agilex_ws/src/teb_local_planner/teb_local_planner' with build type 'ament_cmake'
[685.644s] INFO:colcon.colcon_cmake.task.cmake.build:Building CMake package in '/home/agilex/agilex_ws/src/teb_local_planner/teb_local_planner'
[685.645s] INFO:colcon.colcon_core.shell:Skip shell extension 'powershell' for command environment: Not usable outside of PowerShell
[685.645s] DEBUG:colcon.colcon_core.shell:Skip shell extension 'dsv' for command environment
[685.697s] DEBUG:colcon.colcon_core.event_handler.log_command:Invoking command in '/home/agilex/agilex_ws/build/nav2_system_tests': AMENT_PREFIX_PATH=/home/agilex/agilex_ws/install/nav2_bringup:/home/agilex/agilex_ws/install/navigation2:/home/agilex/agilex_ws/install/nav2_dwb_controller:/home/agilex/agilex_ws/install/nav2_rotation_shim_controller:/home/agilex/agilex_ws/install/dwb_plugins:/home/agilex/agilex_ws/install/dwb_critics:/home/agilex/agilex_ws/install/nav2_waypoint_follower:/home/agilex/agilex_ws/install/nav2_theta_star_planner:/home/agilex/agilex_ws/install/nav2_smoother:/home/agilex/agilex_ws/install/nav2_smac_planner:/home/agilex/agilex_ws/install/nav2_regulated_pure_pursuit_controller:/home/agilex/agilex_ws/install/nav2_planner:/home/agilex/agilex_ws/install/nav2_navfn_planner:/home/agilex/agilex_ws/install/nav2_controller:/home/agilex/agilex_ws/install/nav2_bt_navigator:/home/agilex/agilex_ws/install/nav2_behaviors:/home/agilex/agilex_ws/install/dwb_core:/home/agilex/agilex_ws/install/nav2_core:/home/agilex/agilex_ws/install/costmap_queue:/home/agilex/agilex_ws/install/nav2_rviz_plugins:/home/agilex/agilex_ws/install/nav2_costmap_2d:/home/agilex/agilex_ws/install/nav_2d_utils:/home/agilex/agilex_ws/install/nav2_map_server:/home/agilex/agilex_ws/install/nav2_lifecycle_manager:/home/agilex/agilex_ws/install/nav2_behavior_tree:/home/agilex/agilex_ws/install/nav2_amcl:/home/agilex/agilex_ws/install/nav2_util:/home/agilex/agilex_ws/install/nav2_simple_commander:/home/agilex/agilex_ws/install/nav2_voxel_grid:/home/agilex/agilex_ws/install/nav2_msgs:/home/agilex/agilex_ws/install/dwb_msgs:/home/agilex/agilex_ws/install/nav_2d_msgs:/home/agilex/agilex_ws/install/nav2_common:${AMENT_PREFIX_PATH} CMAKE_PREFIX_PATH=/home/agilex/agilex_ws/install/nav2_bringup:/home/agilex/agilex_ws/install/navigation2:/home/agilex/agilex_ws/install/nav2_dwb_controller:/home/agilex/agilex_ws/install/nav2_rotation_shim_controller:/home/agilex/agilex_ws/install/dwb_plugins:/home/agilex/agilex_ws/install/dwb_critics:/home/agilex/agilex_ws/install/nav2_waypoint_follower:/home/agilex/agilex_ws/install/nav2_theta_star_planner:/home/agilex/agilex_ws/install/nav2_smoother:/home/agilex/agilex_ws/install/nav2_smac_planner:/home/agilex/agilex_ws/install/nav2_regulated_pure_pursuit_controller:/home/agilex/agilex_ws/install/nav2_planner:/home/agilex/agilex_ws/install/nav2_navfn_planner:/home/agilex/agilex_ws/install/nav2_controller:/home/agilex/agilex_ws/install/nav2_bt_navigator:/home/agilex/agilex_ws/install/nav2_behaviors:/home/agilex/agilex_ws/install/dwb_core:/home/agilex/agilex_ws/install/nav2_core:/home/agilex/agilex_ws/install/costmap_queue:/home/agilex/agilex_ws/install/nav2_rviz_plugins:/home/agilex/agilex_ws/install/nav2_costmap_2d:/home/agilex/agilex_ws/install/nav_2d_utils:/home/agilex/agilex_ws/install/nav2_map_server:/home/agilex/agilex_ws/install/nav2_lifecycle_manager:/home/agilex/agilex_ws/install/nav2_behavior_tree:/home/agilex/agilex_ws/install/nav2_amcl:/home/agilex/agilex_ws/install/nav2_util:/home/agilex/agilex_ws/install/nav2_voxel_grid:/home/agilex/agilex_ws/install/nav2_msgs:/home/agilex/agilex_ws/install/dwb_msgs:/home/agilex/agilex_ws/install/nav_2d_msgs:/home/agilex/agilex_ws/install/nav2_common:/opt/ros/humble LD_LIBRARY_PATH=/home/agilex/agilex_ws/install/nav2_rotation_shim_controller/lib:/home/agilex/agilex_ws/install/dwb_plugins/lib:/home/agilex/agilex_ws/install/dwb_critics/lib:/home/agilex/agilex_ws/install/nav2_waypoint_follower/lib:/home/agilex/agilex_ws/install/nav2_theta_star_planner/lib:/home/agilex/agilex_ws/install/nav2_smoother/lib:/home/agilex/agilex_ws/install/nav2_smac_planner/lib:/home/agilex/agilex_ws/install/nav2_regulated_pure_pursuit_controller/lib:/home/agilex/agilex_ws/install/nav2_planner/lib:/home/agilex/agilex_ws/install/nav2_navfn_planner/lib:/home/agilex/agilex_ws/install/nav2_controller/lib:/home/agilex/agilex_ws/install/nav2_bt_navigator/lib:/home/agilex/agilex_ws/install/nav2_behaviors/lib:/home/agilex/agilex_ws/install/dwb_core/lib:/home/agilex/agilex_ws/install/costmap_queue/lib:/home/agilex/agilex_ws/install/nav2_rviz_plugins/lib:/home/agilex/agilex_ws/install/nav2_costmap_2d/lib:/home/agilex/agilex_ws/install/nav_2d_utils/lib:/home/agilex/agilex_ws/install/nav2_map_server/lib:/home/agilex/agilex_ws/install/nav2_lifecycle_manager/lib:/home/agilex/agilex_ws/install/nav2_behavior_tree/lib:/home/agilex/agilex_ws/install/nav2_amcl/lib:/home/agilex/agilex_ws/install/nav2_util/lib:/home/agilex/agilex_ws/install/nav2_voxel_grid/lib:/home/agilex/agilex_ws/install/nav2_msgs/lib:/home/agilex/agilex_ws/install/dwb_msgs/lib:/home/agilex/agilex_ws/install/nav_2d_msgs/lib:${LD_LIBRARY_PATH} PYTHONPATH=/home/agilex/agilex_ws/install/nav2_simple_commander/lib/python3.10/site-packages:/home/agilex/agilex_ws/install/nav2_msgs/local/lib/python3.10/dist-packages:/home/agilex/agilex_ws/install/dwb_msgs/local/lib/python3.10/dist-packages:/home/agilex/agilex_ws/install/nav_2d_msgs/local/lib/python3.10/dist-packages:/home/agilex/agilex_ws/install/nav2_common/local/lib/python3.10/dist-packages:${PYTHONPATH} /usr/bin/cmake /home/agilex/agilex_ws/src/navigation2/nav2_system_tests -DCMAKE_INSTALL_PREFIX=/home/agilex/agilex_ws/install/nav2_system_tests
[685.715s] DEBUG:colcon.colcon_core.event_handler.log_command:Invoking command in '/home/agilex/agilex_ws/build/teb_local_planner': AMENT_PREFIX_PATH=/home/agilex/agilex_ws/install/nav2_bringup:/home/agilex/agilex_ws/install/navigation2:/home/agilex/agilex_ws/install/nav2_dwb_controller:/home/agilex/agilex_ws/install/nav2_rotation_shim_controller:/home/agilex/agilex_ws/install/dwb_plugins:/home/agilex/agilex_ws/install/dwb_critics:/home/agilex/agilex_ws/install/nav2_waypoint_follower:/home/agilex/agilex_ws/install/nav2_theta_star_planner:/home/agilex/agilex_ws/install/nav2_smoother:/home/agilex/agilex_ws/install/nav2_smac_planner:/home/agilex/agilex_ws/install/nav2_regulated_pure_pursuit_controller:/home/agilex/agilex_ws/install/nav2_planner:/home/agilex/agilex_ws/install/nav2_navfn_planner:/home/agilex/agilex_ws/install/nav2_controller:/home/agilex/agilex_ws/install/nav2_bt_navigator:/home/agilex/agilex_ws/install/nav2_behaviors:/home/agilex/agilex_ws/install/dwb_core:/home/agilex/agilex_ws/install/nav2_core:/home/agilex/agilex_ws/install/costmap_queue:/home/agilex/agilex_ws/install/costmap_converter:/home/agilex/agilex_ws/install/nav2_rviz_plugins:/home/agilex/agilex_ws/install/nav2_costmap_2d:/home/agilex/agilex_ws/install/nav_2d_utils:/home/agilex/agilex_ws/install/nav2_map_server:/home/agilex/agilex_ws/install/nav2_lifecycle_manager:/home/agilex/agilex_ws/install/nav2_behavior_tree:/home/agilex/agilex_ws/install/nav2_amcl:/home/agilex/agilex_ws/install/nav2_util:/home/agilex/agilex_ws/install/nav2_simple_commander:/home/agilex/agilex_ws/install/teb_msgs:/home/agilex/agilex_ws/install/nav2_voxel_grid:/home/agilex/agilex_ws/install/nav2_msgs:/home/agilex/agilex_ws/install/dwb_msgs:/home/agilex/agilex_ws/install/nav_2d_msgs:/home/agilex/agilex_ws/install/nav2_common:/home/agilex/agilex_ws/install/costmap_converter_msgs:${AMENT_PREFIX_PATH} CMAKE_PREFIX_PATH=/home/agilex/agilex_ws/install/nav2_bringup:/home/agilex/agilex_ws/install/navigation2:/home/agilex/agilex_ws/install/nav2_dwb_controller:/home/agilex/agilex_ws/install/nav2_rotation_shim_controller:/home/agilex/agilex_ws/install/dwb_plugins:/home/agilex/agilex_ws/install/dwb_critics:/home/agilex/agilex_ws/install/nav2_waypoint_follower:/home/agilex/agilex_ws/install/nav2_theta_star_planner:/home/agilex/agilex_ws/install/nav2_smoother:/home/agilex/agilex_ws/install/nav2_smac_planner:/home/agilex/agilex_ws/install/nav2_regulated_pure_pursuit_controller:/home/agilex/agilex_ws/install/nav2_planner:/home/agilex/agilex_ws/install/nav2_navfn_planner:/home/agilex/agilex_ws/install/nav2_controller:/home/agilex/agilex_ws/install/nav2_bt_navigator:/home/agilex/agilex_ws/install/nav2_behaviors:/home/agilex/agilex_ws/install/dwb_core:/home/agilex/agilex_ws/install/nav2_core:/home/agilex/agilex_ws/install/costmap_queue:/home/agilex/agilex_ws/install/costmap_converter:/home/agilex/agilex_ws/install/nav2_rviz_plugins:/home/agilex/agilex_ws/install/nav2_costmap_2d:/home/agilex/agilex_ws/install/nav_2d_utils:/home/agilex/agilex_ws/install/nav2_map_server:/home/agilex/agilex_ws/install/nav2_lifecycle_manager:/home/agilex/agilex_ws/install/nav2_behavior_tree:/home/agilex/agilex_ws/install/nav2_amcl:/home/agilex/agilex_ws/install/nav2_util:/home/agilex/agilex_ws/install/teb_msgs:/home/agilex/agilex_ws/install/nav2_voxel_grid:/home/agilex/agilex_ws/install/nav2_msgs:/home/agilex/agilex_ws/install/dwb_msgs:/home/agilex/agilex_ws/install/nav_2d_msgs:/home/agilex/agilex_ws/install/nav2_common:/home/agilex/agilex_ws/install/costmap_converter_msgs:/opt/ros/humble LD_LIBRARY_PATH=/home/agilex/agilex_ws/install/nav2_rotation_shim_controller/lib:/home/agilex/agilex_ws/install/dwb_plugins/lib:/home/agilex/agilex_ws/install/dwb_critics/lib:/home/agilex/agilex_ws/install/nav2_waypoint_follower/lib:/home/agilex/agilex_ws/install/nav2_theta_star_planner/lib:/home/agilex/agilex_ws/install/nav2_smoother/lib:/home/agilex/agilex_ws/install/nav2_smac_planner/lib:/home/agilex/agilex_ws/install/nav2_regulated_pure_pursuit_controller/lib:/home/agilex/agilex_ws/install/nav2_planner/lib:/home/agilex/agilex_ws/install/nav2_navfn_planner/lib:/home/agilex/agilex_ws/install/nav2_controller/lib:/home/agilex/agilex_ws/install/nav2_bt_navigator/lib:/home/agilex/agilex_ws/install/nav2_behaviors/lib:/home/agilex/agilex_ws/install/dwb_core/lib:/home/agilex/agilex_ws/install/costmap_queue/lib:/home/agilex/agilex_ws/install/costmap_converter/lib:/home/agilex/agilex_ws/install/nav2_rviz_plugins/lib:/home/agilex/agilex_ws/install/nav2_costmap_2d/lib:/home/agilex/agilex_ws/install/nav_2d_utils/lib:/home/agilex/agilex_ws/install/nav2_map_server/lib:/home/agilex/agilex_ws/install/nav2_lifecycle_manager/lib:/home/agilex/agilex_ws/install/nav2_behavior_tree/lib:/home/agilex/agilex_ws/install/nav2_amcl/lib:/home/agilex/agilex_ws/install/nav2_util/lib:/home/agilex/agilex_ws/install/teb_msgs/lib:/home/agilex/agilex_ws/install/nav2_voxel_grid/lib:/home/agilex/agilex_ws/install/nav2_msgs/lib:/home/agilex/agilex_ws/install/dwb_msgs/lib:/home/agilex/agilex_ws/install/nav_2d_msgs/lib:/home/agilex/agilex_ws/install/costmap_converter_msgs/lib:${LD_LIBRARY_PATH} PATH=/home/agilex/agilex_ws/install/costmap_converter/bin:${PATH} PYTHONPATH=/home/agilex/agilex_ws/install/nav2_simple_commander/lib/python3.10/site-packages:/home/agilex/agilex_ws/install/teb_msgs/local/lib/python3.10/dist-packages:/home/agilex/agilex_ws/install/nav2_msgs/local/lib/python3.10/dist-packages:/home/agilex/agilex_ws/install/dwb_msgs/local/lib/python3.10/dist-packages:/home/agilex/agilex_ws/install/nav_2d_msgs/local/lib/python3.10/dist-packages:/home/agilex/agilex_ws/install/nav2_common/local/lib/python3.10/dist-packages:/home/agilex/agilex_ws/install/costmap_converter_msgs/local/lib/python3.10/dist-packages:${PYTHONPATH} /usr/bin/cmake /home/agilex/agilex_ws/src/teb_local_planner/teb_local_planner -DCMAKE_INSTALL_PREFIX=/home/agilex/agilex_ws/install/teb_local_planner
[722.790s] DEBUG:colcon.colcon_core.event_handler.log_command:Invoked command in '/home/agilex/agilex_ws/build/teb_local_planner' returned '0': AMENT_PREFIX_PATH=/home/agilex/agilex_ws/install/nav2_bringup:/home/agilex/agilex_ws/install/navigation2:/home/agilex/agilex_ws/install/nav2_dwb_controller:/home/agilex/agilex_ws/install/nav2_rotation_shim_controller:/home/agilex/agilex_ws/install/dwb_plugins:/home/agilex/agilex_ws/install/dwb_critics:/home/agilex/agilex_ws/install/nav2_waypoint_follower:/home/agilex/agilex_ws/install/nav2_theta_star_planner:/home/agilex/agilex_ws/install/nav2_smoother:/home/agilex/agilex_ws/install/nav2_smac_planner:/home/agilex/agilex_ws/install/nav2_regulated_pure_pursuit_controller:/home/agilex/agilex_ws/install/nav2_planner:/home/agilex/agilex_ws/install/nav2_navfn_planner:/home/agilex/agilex_ws/install/nav2_controller:/home/agilex/agilex_ws/install/nav2_bt_navigator:/home/agilex/agilex_ws/install/nav2_behaviors:/home/agilex/agilex_ws/install/dwb_core:/home/agilex/agilex_ws/install/nav2_core:/home/agilex/agilex_ws/install/costmap_queue:/home/agilex/agilex_ws/install/costmap_converter:/home/agilex/agilex_ws/install/nav2_rviz_plugins:/home/agilex/agilex_ws/install/nav2_costmap_2d:/home/agilex/agilex_ws/install/nav_2d_utils:/home/agilex/agilex_ws/install/nav2_map_server:/home/agilex/agilex_ws/install/nav2_lifecycle_manager:/home/agilex/agilex_ws/install/nav2_behavior_tree:/home/agilex/agilex_ws/install/nav2_amcl:/home/agilex/agilex_ws/install/nav2_util:/home/agilex/agilex_ws/install/nav2_simple_commander:/home/agilex/agilex_ws/install/teb_msgs:/home/agilex/agilex_ws/install/nav2_voxel_grid:/home/agilex/agilex_ws/install/nav2_msgs:/home/agilex/agilex_ws/install/dwb_msgs:/home/agilex/agilex_ws/install/nav_2d_msgs:/home/agilex/agilex_ws/install/nav2_common:/home/agilex/agilex_ws/install/costmap_converter_msgs:${AMENT_PREFIX_PATH} CMAKE_PREFIX_PATH=/home/agilex/agilex_ws/install/nav2_bringup:/home/agilex/agilex_ws/install/navigation2:/home/agilex/agilex_ws/install/nav2_dwb_controller:/home/agilex/agilex_ws/install/nav2_rotation_shim_controller:/home/agilex/agilex_ws/install/dwb_plugins:/home/agilex/agilex_ws/install/dwb_critics:/home/agilex/agilex_ws/install/nav2_waypoint_follower:/home/agilex/agilex_ws/install/nav2_theta_star_planner:/home/agilex/agilex_ws/install/nav2_smoother:/home/agilex/agilex_ws/install/nav2_smac_planner:/home/agilex/agilex_ws/install/nav2_regulated_pure_pursuit_controller:/home/agilex/agilex_ws/install/nav2_planner:/home/agilex/agilex_ws/install/nav2_navfn_planner:/home/agilex/agilex_ws/install/nav2_controller:/home/agilex/agilex_ws/install/nav2_bt_navigator:/home/agilex/agilex_ws/install/nav2_behaviors:/home/agilex/agilex_ws/install/dwb_core:/home/agilex/agilex_ws/install/nav2_core:/home/agilex/agilex_ws/install/costmap_queue:/home/agilex/agilex_ws/install/costmap_converter:/home/agilex/agilex_ws/install/nav2_rviz_plugins:/home/agilex/agilex_ws/install/nav2_costmap_2d:/home/agilex/agilex_ws/install/nav_2d_utils:/home/agilex/agilex_ws/install/nav2_map_server:/home/agilex/agilex_ws/install/nav2_lifecycle_manager:/home/agilex/agilex_ws/install/nav2_behavior_tree:/home/agilex/agilex_ws/install/nav2_amcl:/home/agilex/agilex_ws/install/nav2_util:/home/agilex/agilex_ws/install/teb_msgs:/home/agilex/agilex_ws/install/nav2_voxel_grid:/home/agilex/agilex_ws/install/nav2_msgs:/home/agilex/agilex_ws/install/dwb_msgs:/home/agilex/agilex_ws/install/nav_2d_msgs:/home/agilex/agilex_ws/install/nav2_common:/home/agilex/agilex_ws/install/costmap_converter_msgs:/opt/ros/humble LD_LIBRARY_PATH=/home/agilex/agilex_ws/install/nav2_rotation_shim_controller/lib:/home/agilex/agilex_ws/install/dwb_plugins/lib:/home/agilex/agilex_ws/install/dwb_critics/lib:/home/agilex/agilex_ws/install/nav2_waypoint_follower/lib:/home/agilex/agilex_ws/install/nav2_theta_star_planner/lib:/home/agilex/agilex_ws/install/nav2_smoother/lib:/home/agilex/agilex_ws/install/nav2_smac_planner/lib:/home/agilex/agilex_ws/install/nav2_regulated_pure_pursuit_controller/lib:/home/agilex/agilex_ws/install/nav2_planner/lib:/home/agilex/agilex_ws/install/nav2_navfn_planner/lib:/home/agilex/agilex_ws/install/nav2_controller/lib:/home/agilex/agilex_ws/install/nav2_bt_navigator/lib:/home/agilex/agilex_ws/install/nav2_behaviors/lib:/home/agilex/agilex_ws/install/dwb_core/lib:/home/agilex/agilex_ws/install/costmap_queue/lib:/home/agilex/agilex_ws/install/costmap_converter/lib:/home/agilex/agilex_ws/install/nav2_rviz_plugins/lib:/home/agilex/agilex_ws/install/nav2_costmap_2d/lib:/home/agilex/agilex_ws/install/nav_2d_utils/lib:/home/agilex/agilex_ws/install/nav2_map_server/lib:/home/agilex/agilex_ws/install/nav2_lifecycle_manager/lib:/home/agilex/agilex_ws/install/nav2_behavior_tree/lib:/home/agilex/agilex_ws/install/nav2_amcl/lib:/home/agilex/agilex_ws/install/nav2_util/lib:/home/agilex/agilex_ws/install/teb_msgs/lib:/home/agilex/agilex_ws/install/nav2_voxel_grid/lib:/home/agilex/agilex_ws/install/nav2_msgs/lib:/home/agilex/agilex_ws/install/dwb_msgs/lib:/home/agilex/agilex_ws/install/nav_2d_msgs/lib:/home/agilex/agilex_ws/install/costmap_converter_msgs/lib:${LD_LIBRARY_PATH} PATH=/home/agilex/agilex_ws/install/costmap_converter/bin:${PATH} PYTHONPATH=/home/agilex/agilex_ws/install/nav2_simple_commander/lib/python3.10/site-packages:/home/agilex/agilex_ws/install/teb_msgs/local/lib/python3.10/dist-packages:/home/agilex/agilex_ws/install/nav2_msgs/local/lib/python3.10/dist-packages:/home/agilex/agilex_ws/install/dwb_msgs/local/lib/python3.10/dist-packages:/home/agilex/agilex_ws/install/nav_2d_msgs/local/lib/python3.10/dist-packages:/home/agilex/agilex_ws/install/nav2_common/local/lib/python3.10/dist-packages:/home/agilex/agilex_ws/install/costmap_converter_msgs/local/lib/python3.10/dist-packages:${PYTHONPATH} /usr/bin/cmake /home/agilex/agilex_ws/src/teb_local_planner/teb_local_planner -DCMAKE_INSTALL_PREFIX=/home/agilex/agilex_ws/install/teb_local_planner
[722.791s] DEBUG:colcon.colcon_core.event_handler.log_command:Invoking command in '/home/agilex/agilex_ws/build/teb_local_planner': AMENT_PREFIX_PATH=/home/agilex/agilex_ws/install/nav2_bringup:/home/agilex/agilex_ws/install/navigation2:/home/agilex/agilex_ws/install/nav2_dwb_controller:/home/agilex/agilex_ws/install/nav2_rotation_shim_controller:/home/agilex/agilex_ws/install/dwb_plugins:/home/agilex/agilex_ws/install/dwb_critics:/home/agilex/agilex_ws/install/nav2_waypoint_follower:/home/agilex/agilex_ws/install/nav2_theta_star_planner:/home/agilex/agilex_ws/install/nav2_smoother:/home/agilex/agilex_ws/install/nav2_smac_planner:/home/agilex/agilex_ws/install/nav2_regulated_pure_pursuit_controller:/home/agilex/agilex_ws/install/nav2_planner:/home/agilex/agilex_ws/install/nav2_navfn_planner:/home/agilex/agilex_ws/install/nav2_controller:/home/agilex/agilex_ws/install/nav2_bt_navigator:/home/agilex/agilex_ws/install/nav2_behaviors:/home/agilex/agilex_ws/install/dwb_core:/home/agilex/agilex_ws/install/nav2_core:/home/agilex/agilex_ws/install/costmap_queue:/home/agilex/agilex_ws/install/costmap_converter:/home/agilex/agilex_ws/install/nav2_rviz_plugins:/home/agilex/agilex_ws/install/nav2_costmap_2d:/home/agilex/agilex_ws/install/nav_2d_utils:/home/agilex/agilex_ws/install/nav2_map_server:/home/agilex/agilex_ws/install/nav2_lifecycle_manager:/home/agilex/agilex_ws/install/nav2_behavior_tree:/home/agilex/agilex_ws/install/nav2_amcl:/home/agilex/agilex_ws/install/nav2_util:/home/agilex/agilex_ws/install/nav2_simple_commander:/home/agilex/agilex_ws/install/teb_msgs:/home/agilex/agilex_ws/install/nav2_voxel_grid:/home/agilex/agilex_ws/install/nav2_msgs:/home/agilex/agilex_ws/install/dwb_msgs:/home/agilex/agilex_ws/install/nav_2d_msgs:/home/agilex/agilex_ws/install/nav2_common:/home/agilex/agilex_ws/install/costmap_converter_msgs:${AMENT_PREFIX_PATH} CMAKE_PREFIX_PATH=/home/agilex/agilex_ws/install/nav2_bringup:/home/agilex/agilex_ws/install/navigation2:/home/agilex/agilex_ws/install/nav2_dwb_controller:/home/agilex/agilex_ws/install/nav2_rotation_shim_controller:/home/agilex/agilex_ws/install/dwb_plugins:/home/agilex/agilex_ws/install/dwb_critics:/home/agilex/agilex_ws/install/nav2_waypoint_follower:/home/agilex/agilex_ws/install/nav2_theta_star_planner:/home/agilex/agilex_ws/install/nav2_smoother:/home/agilex/agilex_ws/install/nav2_smac_planner:/home/agilex/agilex_ws/install/nav2_regulated_pure_pursuit_controller:/home/agilex/agilex_ws/install/nav2_planner:/home/agilex/agilex_ws/install/nav2_navfn_planner:/home/agilex/agilex_ws/install/nav2_controller:/home/agilex/agilex_ws/install/nav2_bt_navigator:/home/agilex/agilex_ws/install/nav2_behaviors:/home/agilex/agilex_ws/install/dwb_core:/home/agilex/agilex_ws/install/nav2_core:/home/agilex/agilex_ws/install/costmap_queue:/home/agilex/agilex_ws/install/costmap_converter:/home/agilex/agilex_ws/install/nav2_rviz_plugins:/home/agilex/agilex_ws/install/nav2_costmap_2d:/home/agilex/agilex_ws/install/nav_2d_utils:/home/agilex/agilex_ws/install/nav2_map_server:/home/agilex/agilex_ws/install/nav2_lifecycle_manager:/home/agilex/agilex_ws/install/nav2_behavior_tree:/home/agilex/agilex_ws/install/nav2_amcl:/home/agilex/agilex_ws/install/nav2_util:/home/agilex/agilex_ws/install/teb_msgs:/home/agilex/agilex_ws/install/nav2_voxel_grid:/home/agilex/agilex_ws/install/nav2_msgs:/home/agilex/agilex_ws/install/dwb_msgs:/home/agilex/agilex_ws/install/nav_2d_msgs:/home/agilex/agilex_ws/install/nav2_common:/home/agilex/agilex_ws/install/costmap_converter_msgs:/opt/ros/humble LD_LIBRARY_PATH=/home/agilex/agilex_ws/install/nav2_rotation_shim_controller/lib:/home/agilex/agilex_ws/install/dwb_plugins/lib:/home/agilex/agilex_ws/install/dwb_critics/lib:/home/agilex/agilex_ws/install/nav2_waypoint_follower/lib:/home/agilex/agilex_ws/install/nav2_theta_star_planner/lib:/home/agilex/agilex_ws/install/nav2_smoother/lib:/home/agilex/agilex_ws/install/nav2_smac_planner/lib:/home/agilex/agilex_ws/install/nav2_regulated_pure_pursuit_controller/lib:/home/agilex/agilex_ws/install/nav2_planner/lib:/home/agilex/agilex_ws/install/nav2_navfn_planner/lib:/home/agilex/agilex_ws/install/nav2_controller/lib:/home/agilex/agilex_ws/install/nav2_bt_navigator/lib:/home/agilex/agilex_ws/install/nav2_behaviors/lib:/home/agilex/agilex_ws/install/dwb_core/lib:/home/agilex/agilex_ws/install/costmap_queue/lib:/home/agilex/agilex_ws/install/costmap_converter/lib:/home/agilex/agilex_ws/install/nav2_rviz_plugins/lib:/home/agilex/agilex_ws/install/nav2_costmap_2d/lib:/home/agilex/agilex_ws/install/nav_2d_utils/lib:/home/agilex/agilex_ws/install/nav2_map_server/lib:/home/agilex/agilex_ws/install/nav2_lifecycle_manager/lib:/home/agilex/agilex_ws/install/nav2_behavior_tree/lib:/home/agilex/agilex_ws/install/nav2_amcl/lib:/home/agilex/agilex_ws/install/nav2_util/lib:/home/agilex/agilex_ws/install/teb_msgs/lib:/home/agilex/agilex_ws/install/nav2_voxel_grid/lib:/home/agilex/agilex_ws/install/nav2_msgs/lib:/home/agilex/agilex_ws/install/dwb_msgs/lib:/home/agilex/agilex_ws/install/nav_2d_msgs/lib:/home/agilex/agilex_ws/install/costmap_converter_msgs/lib:${LD_LIBRARY_PATH} PATH=/home/agilex/agilex_ws/install/costmap_converter/bin:${PATH} PYTHONPATH=/home/agilex/agilex_ws/install/nav2_simple_commander/lib/python3.10/site-packages:/home/agilex/agilex_ws/install/teb_msgs/local/lib/python3.10/dist-packages:/home/agilex/agilex_ws/install/nav2_msgs/local/lib/python3.10/dist-packages:/home/agilex/agilex_ws/install/dwb_msgs/local/lib/python3.10/dist-packages:/home/agilex/agilex_ws/install/nav_2d_msgs/local/lib/python3.10/dist-packages:/home/agilex/agilex_ws/install/nav2_common/local/lib/python3.10/dist-packages:/home/agilex/agilex_ws/install/costmap_converter_msgs/local/lib/python3.10/dist-packages:${PYTHONPATH} /usr/bin/cmake --build /home/agilex/agilex_ws/build/teb_local_planner -- -j8 -l8
[761.039s] DEBUG:colcon.colcon_core.event_handler.log_command:Invoked command in '/home/agilex/agilex_ws/build/teb_local_planner' returned '0': AMENT_PREFIX_PATH=/home/agilex/agilex_ws/install/nav2_bringup:/home/agilex/agilex_ws/install/navigation2:/home/agilex/agilex_ws/install/nav2_dwb_controller:/home/agilex/agilex_ws/install/nav2_rotation_shim_controller:/home/agilex/agilex_ws/install/dwb_plugins:/home/agilex/agilex_ws/install/dwb_critics:/home/agilex/agilex_ws/install/nav2_waypoint_follower:/home/agilex/agilex_ws/install/nav2_theta_star_planner:/home/agilex/agilex_ws/install/nav2_smoother:/home/agilex/agilex_ws/install/nav2_smac_planner:/home/agilex/agilex_ws/install/nav2_regulated_pure_pursuit_controller:/home/agilex/agilex_ws/install/nav2_planner:/home/agilex/agilex_ws/install/nav2_navfn_planner:/home/agilex/agilex_ws/install/nav2_controller:/home/agilex/agilex_ws/install/nav2_bt_navigator:/home/agilex/agilex_ws/install/nav2_behaviors:/home/agilex/agilex_ws/install/dwb_core:/home/agilex/agilex_ws/install/nav2_core:/home/agilex/agilex_ws/install/costmap_queue:/home/agilex/agilex_ws/install/costmap_converter:/home/agilex/agilex_ws/install/nav2_rviz_plugins:/home/agilex/agilex_ws/install/nav2_costmap_2d:/home/agilex/agilex_ws/install/nav_2d_utils:/home/agilex/agilex_ws/install/nav2_map_server:/home/agilex/agilex_ws/install/nav2_lifecycle_manager:/home/agilex/agilex_ws/install/nav2_behavior_tree:/home/agilex/agilex_ws/install/nav2_amcl:/home/agilex/agilex_ws/install/nav2_util:/home/agilex/agilex_ws/install/nav2_simple_commander:/home/agilex/agilex_ws/install/teb_msgs:/home/agilex/agilex_ws/install/nav2_voxel_grid:/home/agilex/agilex_ws/install/nav2_msgs:/home/agilex/agilex_ws/install/dwb_msgs:/home/agilex/agilex_ws/install/nav_2d_msgs:/home/agilex/agilex_ws/install/nav2_common:/home/agilex/agilex_ws/install/costmap_converter_msgs:${AMENT_PREFIX_PATH} CMAKE_PREFIX_PATH=/home/agilex/agilex_ws/install/nav2_bringup:/home/agilex/agilex_ws/install/navigation2:/home/agilex/agilex_ws/install/nav2_dwb_controller:/home/agilex/agilex_ws/install/nav2_rotation_shim_controller:/home/agilex/agilex_ws/install/dwb_plugins:/home/agilex/agilex_ws/install/dwb_critics:/home/agilex/agilex_ws/install/nav2_waypoint_follower:/home/agilex/agilex_ws/install/nav2_theta_star_planner:/home/agilex/agilex_ws/install/nav2_smoother:/home/agilex/agilex_ws/install/nav2_smac_planner:/home/agilex/agilex_ws/install/nav2_regulated_pure_pursuit_controller:/home/agilex/agilex_ws/install/nav2_planner:/home/agilex/agilex_ws/install/nav2_navfn_planner:/home/agilex/agilex_ws/install/nav2_controller:/home/agilex/agilex_ws/install/nav2_bt_navigator:/home/agilex/agilex_ws/install/nav2_behaviors:/home/agilex/agilex_ws/install/dwb_core:/home/agilex/agilex_ws/install/nav2_core:/home/agilex/agilex_ws/install/costmap_queue:/home/agilex/agilex_ws/install/costmap_converter:/home/agilex/agilex_ws/install/nav2_rviz_plugins:/home/agilex/agilex_ws/install/nav2_costmap_2d:/home/agilex/agilex_ws/install/nav_2d_utils:/home/agilex/agilex_ws/install/nav2_map_server:/home/agilex/agilex_ws/install/nav2_lifecycle_manager:/home/agilex/agilex_ws/install/nav2_behavior_tree:/home/agilex/agilex_ws/install/nav2_amcl:/home/agilex/agilex_ws/install/nav2_util:/home/agilex/agilex_ws/install/teb_msgs:/home/agilex/agilex_ws/install/nav2_voxel_grid:/home/agilex/agilex_ws/install/nav2_msgs:/home/agilex/agilex_ws/install/dwb_msgs:/home/agilex/agilex_ws/install/nav_2d_msgs:/home/agilex/agilex_ws/install/nav2_common:/home/agilex/agilex_ws/install/costmap_converter_msgs:/opt/ros/humble LD_LIBRARY_PATH=/home/agilex/agilex_ws/install/nav2_rotation_shim_controller/lib:/home/agilex/agilex_ws/install/dwb_plugins/lib:/home/agilex/agilex_ws/install/dwb_critics/lib:/home/agilex/agilex_ws/install/nav2_waypoint_follower/lib:/home/agilex/agilex_ws/install/nav2_theta_star_planner/lib:/home/agilex/agilex_ws/install/nav2_smoother/lib:/home/agilex/agilex_ws/install/nav2_smac_planner/lib:/home/agilex/agilex_ws/install/nav2_regulated_pure_pursuit_controller/lib:/home/agilex/agilex_ws/install/nav2_planner/lib:/home/agilex/agilex_ws/install/nav2_navfn_planner/lib:/home/agilex/agilex_ws/install/nav2_controller/lib:/home/agilex/agilex_ws/install/nav2_bt_navigator/lib:/home/agilex/agilex_ws/install/nav2_behaviors/lib:/home/agilex/agilex_ws/install/dwb_core/lib:/home/agilex/agilex_ws/install/costmap_queue/lib:/home/agilex/agilex_ws/install/costmap_converter/lib:/home/agilex/agilex_ws/install/nav2_rviz_plugins/lib:/home/agilex/agilex_ws/install/nav2_costmap_2d/lib:/home/agilex/agilex_ws/install/nav_2d_utils/lib:/home/agilex/agilex_ws/install/nav2_map_server/lib:/home/agilex/agilex_ws/install/nav2_lifecycle_manager/lib:/home/agilex/agilex_ws/install/nav2_behavior_tree/lib:/home/agilex/agilex_ws/install/nav2_amcl/lib:/home/agilex/agilex_ws/install/nav2_util/lib:/home/agilex/agilex_ws/install/teb_msgs/lib:/home/agilex/agilex_ws/install/nav2_voxel_grid/lib:/home/agilex/agilex_ws/install/nav2_msgs/lib:/home/agilex/agilex_ws/install/dwb_msgs/lib:/home/agilex/agilex_ws/install/nav_2d_msgs/lib:/home/agilex/agilex_ws/install/costmap_converter_msgs/lib:${LD_LIBRARY_PATH} PATH=/home/agilex/agilex_ws/install/costmap_converter/bin:${PATH} PYTHONPATH=/home/agilex/agilex_ws/install/nav2_simple_commander/lib/python3.10/site-packages:/home/agilex/agilex_ws/install/teb_msgs/local/lib/python3.10/dist-packages:/home/agilex/agilex_ws/install/nav2_msgs/local/lib/python3.10/dist-packages:/home/agilex/agilex_ws/install/dwb_msgs/local/lib/python3.10/dist-packages:/home/agilex/agilex_ws/install/nav_2d_msgs/local/lib/python3.10/dist-packages:/home/agilex/agilex_ws/install/nav2_common/local/lib/python3.10/dist-packages:/home/agilex/agilex_ws/install/costmap_converter_msgs/local/lib/python3.10/dist-packages:${PYTHONPATH} /usr/bin/cmake --build /home/agilex/agilex_ws/build/teb_local_planner -- -j8 -l8
[761.065s] DEBUG:colcon.colcon_core.event_handler.log_command:Invoking command in '/home/agilex/agilex_ws/build/teb_local_planner': AMENT_PREFIX_PATH=/home/agilex/agilex_ws/install/nav2_bringup:/home/agilex/agilex_ws/install/navigation2:/home/agilex/agilex_ws/install/nav2_dwb_controller:/home/agilex/agilex_ws/install/nav2_rotation_shim_controller:/home/agilex/agilex_ws/install/dwb_plugins:/home/agilex/agilex_ws/install/dwb_critics:/home/agilex/agilex_ws/install/nav2_waypoint_follower:/home/agilex/agilex_ws/install/nav2_theta_star_planner:/home/agilex/agilex_ws/install/nav2_smoother:/home/agilex/agilex_ws/install/nav2_smac_planner:/home/agilex/agilex_ws/install/nav2_regulated_pure_pursuit_controller:/home/agilex/agilex_ws/install/nav2_planner:/home/agilex/agilex_ws/install/nav2_navfn_planner:/home/agilex/agilex_ws/install/nav2_controller:/home/agilex/agilex_ws/install/nav2_bt_navigator:/home/agilex/agilex_ws/install/nav2_behaviors:/home/agilex/agilex_ws/install/dwb_core:/home/agilex/agilex_ws/install/nav2_core:/home/agilex/agilex_ws/install/costmap_queue:/home/agilex/agilex_ws/install/costmap_converter:/home/agilex/agilex_ws/install/nav2_rviz_plugins:/home/agilex/agilex_ws/install/nav2_costmap_2d:/home/agilex/agilex_ws/install/nav_2d_utils:/home/agilex/agilex_ws/install/nav2_map_server:/home/agilex/agilex_ws/install/nav2_lifecycle_manager:/home/agilex/agilex_ws/install/nav2_behavior_tree:/home/agilex/agilex_ws/install/nav2_amcl:/home/agilex/agilex_ws/install/nav2_util:/home/agilex/agilex_ws/install/nav2_simple_commander:/home/agilex/agilex_ws/install/teb_msgs:/home/agilex/agilex_ws/install/nav2_voxel_grid:/home/agilex/agilex_ws/install/nav2_msgs:/home/agilex/agilex_ws/install/dwb_msgs:/home/agilex/agilex_ws/install/nav_2d_msgs:/home/agilex/agilex_ws/install/nav2_common:/home/agilex/agilex_ws/install/costmap_converter_msgs:${AMENT_PREFIX_PATH} CMAKE_PREFIX_PATH=/home/agilex/agilex_ws/install/nav2_bringup:/home/agilex/agilex_ws/install/navigation2:/home/agilex/agilex_ws/install/nav2_dwb_controller:/home/agilex/agilex_ws/install/nav2_rotation_shim_controller:/home/agilex/agilex_ws/install/dwb_plugins:/home/agilex/agilex_ws/install/dwb_critics:/home/agilex/agilex_ws/install/nav2_waypoint_follower:/home/agilex/agilex_ws/install/nav2_theta_star_planner:/home/agilex/agilex_ws/install/nav2_smoother:/home/agilex/agilex_ws/install/nav2_smac_planner:/home/agilex/agilex_ws/install/nav2_regulated_pure_pursuit_controller:/home/agilex/agilex_ws/install/nav2_planner:/home/agilex/agilex_ws/install/nav2_navfn_planner:/home/agilex/agilex_ws/install/nav2_controller:/home/agilex/agilex_ws/install/nav2_bt_navigator:/home/agilex/agilex_ws/install/nav2_behaviors:/home/agilex/agilex_ws/install/dwb_core:/home/agilex/agilex_ws/install/nav2_core:/home/agilex/agilex_ws/install/costmap_queue:/home/agilex/agilex_ws/install/costmap_converter:/home/agilex/agilex_ws/install/nav2_rviz_plugins:/home/agilex/agilex_ws/install/nav2_costmap_2d:/home/agilex/agilex_ws/install/nav_2d_utils:/home/agilex/agilex_ws/install/nav2_map_server:/home/agilex/agilex_ws/install/nav2_lifecycle_manager:/home/agilex/agilex_ws/install/nav2_behavior_tree:/home/agilex/agilex_ws/install/nav2_amcl:/home/agilex/agilex_ws/install/nav2_util:/home/agilex/agilex_ws/install/teb_msgs:/home/agilex/agilex_ws/install/nav2_voxel_grid:/home/agilex/agilex_ws/install/nav2_msgs:/home/agilex/agilex_ws/install/dwb_msgs:/home/agilex/agilex_ws/install/nav_2d_msgs:/home/agilex/agilex_ws/install/nav2_common:/home/agilex/agilex_ws/install/costmap_converter_msgs:/opt/ros/humble LD_LIBRARY_PATH=/home/agilex/agilex_ws/install/nav2_rotation_shim_controller/lib:/home/agilex/agilex_ws/install/dwb_plugins/lib:/home/agilex/agilex_ws/install/dwb_critics/lib:/home/agilex/agilex_ws/install/nav2_waypoint_follower/lib:/home/agilex/agilex_ws/install/nav2_theta_star_planner/lib:/home/agilex/agilex_ws/install/nav2_smoother/lib:/home/agilex/agilex_ws/install/nav2_smac_planner/lib:/home/agilex/agilex_ws/install/nav2_regulated_pure_pursuit_controller/lib:/home/agilex/agilex_ws/install/nav2_planner/lib:/home/agilex/agilex_ws/install/nav2_navfn_planner/lib:/home/agilex/agilex_ws/install/nav2_controller/lib:/home/agilex/agilex_ws/install/nav2_bt_navigator/lib:/home/agilex/agilex_ws/install/nav2_behaviors/lib:/home/agilex/agilex_ws/install/dwb_core/lib:/home/agilex/agilex_ws/install/costmap_queue/lib:/home/agilex/agilex_ws/install/costmap_converter/lib:/home/agilex/agilex_ws/install/nav2_rviz_plugins/lib:/home/agilex/agilex_ws/install/nav2_costmap_2d/lib:/home/agilex/agilex_ws/install/nav_2d_utils/lib:/home/agilex/agilex_ws/install/nav2_map_server/lib:/home/agilex/agilex_ws/install/nav2_lifecycle_manager/lib:/home/agilex/agilex_ws/install/nav2_behavior_tree/lib:/home/agilex/agilex_ws/install/nav2_amcl/lib:/home/agilex/agilex_ws/install/nav2_util/lib:/home/agilex/agilex_ws/install/teb_msgs/lib:/home/agilex/agilex_ws/install/nav2_voxel_grid/lib:/home/agilex/agilex_ws/install/nav2_msgs/lib:/home/agilex/agilex_ws/install/dwb_msgs/lib:/home/agilex/agilex_ws/install/nav_2d_msgs/lib:/home/agilex/agilex_ws/install/costmap_converter_msgs/lib:${LD_LIBRARY_PATH} PATH=/home/agilex/agilex_ws/install/costmap_converter/bin:${PATH} PYTHONPATH=/home/agilex/agilex_ws/install/nav2_simple_commander/lib/python3.10/site-packages:/home/agilex/agilex_ws/install/teb_msgs/local/lib/python3.10/dist-packages:/home/agilex/agilex_ws/install/nav2_msgs/local/lib/python3.10/dist-packages:/home/agilex/agilex_ws/install/dwb_msgs/local/lib/python3.10/dist-packages:/home/agilex/agilex_ws/install/nav_2d_msgs/local/lib/python3.10/dist-packages:/home/agilex/agilex_ws/install/nav2_common/local/lib/python3.10/dist-packages:/home/agilex/agilex_ws/install/costmap_converter_msgs/local/lib/python3.10/dist-packages:${PYTHONPATH} /usr/bin/cmake --install /home/agilex/agilex_ws/build/teb_local_planner
[761.093s] Level 1:colcon.colcon_core.environment:create_environment_scripts_only(teb_local_planner)
[761.095s] Level 1:colcon.colcon_core.environment:checking '/home/agilex/agilex_ws/install/teb_local_planner' for CMake module files
[761.096s] DEBUG:colcon.colcon_core.event_handler.log_command:Invoked command in '/home/agilex/agilex_ws/build/teb_local_planner' returned '0': AMENT_PREFIX_PATH=/home/agilex/agilex_ws/install/nav2_bringup:/home/agilex/agilex_ws/install/navigation2:/home/agilex/agilex_ws/install/nav2_dwb_controller:/home/agilex/agilex_ws/install/nav2_rotation_shim_controller:/home/agilex/agilex_ws/install/dwb_plugins:/home/agilex/agilex_ws/install/dwb_critics:/home/agilex/agilex_ws/install/nav2_waypoint_follower:/home/agilex/agilex_ws/install/nav2_theta_star_planner:/home/agilex/agilex_ws/install/nav2_smoother:/home/agilex/agilex_ws/install/nav2_smac_planner:/home/agilex/agilex_ws/install/nav2_regulated_pure_pursuit_controller:/home/agilex/agilex_ws/install/nav2_planner:/home/agilex/agilex_ws/install/nav2_navfn_planner:/home/agilex/agilex_ws/install/nav2_controller:/home/agilex/agilex_ws/install/nav2_bt_navigator:/home/agilex/agilex_ws/install/nav2_behaviors:/home/agilex/agilex_ws/install/dwb_core:/home/agilex/agilex_ws/install/nav2_core:/home/agilex/agilex_ws/install/costmap_queue:/home/agilex/agilex_ws/install/costmap_converter:/home/agilex/agilex_ws/install/nav2_rviz_plugins:/home/agilex/agilex_ws/install/nav2_costmap_2d:/home/agilex/agilex_ws/install/nav_2d_utils:/home/agilex/agilex_ws/install/nav2_map_server:/home/agilex/agilex_ws/install/nav2_lifecycle_manager:/home/agilex/agilex_ws/install/nav2_behavior_tree:/home/agilex/agilex_ws/install/nav2_amcl:/home/agilex/agilex_ws/install/nav2_util:/home/agilex/agilex_ws/install/nav2_simple_commander:/home/agilex/agilex_ws/install/teb_msgs:/home/agilex/agilex_ws/install/nav2_voxel_grid:/home/agilex/agilex_ws/install/nav2_msgs:/home/agilex/agilex_ws/install/dwb_msgs:/home/agilex/agilex_ws/install/nav_2d_msgs:/home/agilex/agilex_ws/install/nav2_common:/home/agilex/agilex_ws/install/costmap_converter_msgs:${AMENT_PREFIX_PATH} CMAKE_PREFIX_PATH=/home/agilex/agilex_ws/install/nav2_bringup:/home/agilex/agilex_ws/install/navigation2:/home/agilex/agilex_ws/install/nav2_dwb_controller:/home/agilex/agilex_ws/install/nav2_rotation_shim_controller:/home/agilex/agilex_ws/install/dwb_plugins:/home/agilex/agilex_ws/install/dwb_critics:/home/agilex/agilex_ws/install/nav2_waypoint_follower:/home/agilex/agilex_ws/install/nav2_theta_star_planner:/home/agilex/agilex_ws/install/nav2_smoother:/home/agilex/agilex_ws/install/nav2_smac_planner:/home/agilex/agilex_ws/install/nav2_regulated_pure_pursuit_controller:/home/agilex/agilex_ws/install/nav2_planner:/home/agilex/agilex_ws/install/nav2_navfn_planner:/home/agilex/agilex_ws/install/nav2_controller:/home/agilex/agilex_ws/install/nav2_bt_navigator:/home/agilex/agilex_ws/install/nav2_behaviors:/home/agilex/agilex_ws/install/dwb_core:/home/agilex/agilex_ws/install/nav2_core:/home/agilex/agilex_ws/install/costmap_queue:/home/agilex/agilex_ws/install/costmap_converter:/home/agilex/agilex_ws/install/nav2_rviz_plugins:/home/agilex/agilex_ws/install/nav2_costmap_2d:/home/agilex/agilex_ws/install/nav_2d_utils:/home/agilex/agilex_ws/install/nav2_map_server:/home/agilex/agilex_ws/install/nav2_lifecycle_manager:/home/agilex/agilex_ws/install/nav2_behavior_tree:/home/agilex/agilex_ws/install/nav2_amcl:/home/agilex/agilex_ws/install/nav2_util:/home/agilex/agilex_ws/install/teb_msgs:/home/agilex/agilex_ws/install/nav2_voxel_grid:/home/agilex/agilex_ws/install/nav2_msgs:/home/agilex/agilex_ws/install/dwb_msgs:/home/agilex/agilex_ws/install/nav_2d_msgs:/home/agilex/agilex_ws/install/nav2_common:/home/agilex/agilex_ws/install/costmap_converter_msgs:/opt/ros/humble LD_LIBRARY_PATH=/home/agilex/agilex_ws/install/nav2_rotation_shim_controller/lib:/home/agilex/agilex_ws/install/dwb_plugins/lib:/home/agilex/agilex_ws/install/dwb_critics/lib:/home/agilex/agilex_ws/install/nav2_waypoint_follower/lib:/home/agilex/agilex_ws/install/nav2_theta_star_planner/lib:/home/agilex/agilex_ws/install/nav2_smoother/lib:/home/agilex/agilex_ws/install/nav2_smac_planner/lib:/home/agilex/agilex_ws/install/nav2_regulated_pure_pursuit_controller/lib:/home/agilex/agilex_ws/install/nav2_planner/lib:/home/agilex/agilex_ws/install/nav2_navfn_planner/lib:/home/agilex/agilex_ws/install/nav2_controller/lib:/home/agilex/agilex_ws/install/nav2_bt_navigator/lib:/home/agilex/agilex_ws/install/nav2_behaviors/lib:/home/agilex/agilex_ws/install/dwb_core/lib:/home/agilex/agilex_ws/install/costmap_queue/lib:/home/agilex/agilex_ws/install/costmap_converter/lib:/home/agilex/agilex_ws/install/nav2_rviz_plugins/lib:/home/agilex/agilex_ws/install/nav2_costmap_2d/lib:/home/agilex/agilex_ws/install/nav_2d_utils/lib:/home/agilex/agilex_ws/install/nav2_map_server/lib:/home/agilex/agilex_ws/install/nav2_lifecycle_manager/lib:/home/agilex/agilex_ws/install/nav2_behavior_tree/lib:/home/agilex/agilex_ws/install/nav2_amcl/lib:/home/agilex/agilex_ws/install/nav2_util/lib:/home/agilex/agilex_ws/install/teb_msgs/lib:/home/agilex/agilex_ws/install/nav2_voxel_grid/lib:/home/agilex/agilex_ws/install/nav2_msgs/lib:/home/agilex/agilex_ws/install/dwb_msgs/lib:/home/agilex/agilex_ws/install/nav_2d_msgs/lib:/home/agilex/agilex_ws/install/costmap_converter_msgs/lib:${LD_LIBRARY_PATH} PATH=/home/agilex/agilex_ws/install/costmap_converter/bin:${PATH} PYTHONPATH=/home/agilex/agilex_ws/install/nav2_simple_commander/lib/python3.10/site-packages:/home/agilex/agilex_ws/install/teb_msgs/local/lib/python3.10/dist-packages:/home/agilex/agilex_ws/install/nav2_msgs/local/lib/python3.10/dist-packages:/home/agilex/agilex_ws/install/dwb_msgs/local/lib/python3.10/dist-packages:/home/agilex/agilex_ws/install/nav_2d_msgs/local/lib/python3.10/dist-packages:/home/agilex/agilex_ws/install/nav2_common/local/lib/python3.10/dist-packages:/home/agilex/agilex_ws/install/costmap_converter_msgs/local/lib/python3.10/dist-packages:${PYTHONPATH} /usr/bin/cmake --install /home/agilex/agilex_ws/build/teb_local_planner
[761.096s] Level 1:colcon.colcon_core.environment:checking '/home/agilex/agilex_ws/install/teb_local_planner' for CMake config files
[761.096s] Level 1:colcon.colcon_core.shell:create_environment_hook('teb_local_planner', 'cmake_prefix_path')
[761.098s] INFO:colcon.colcon_core.shell:Creating environment hook '/home/agilex/agilex_ws/install/teb_local_planner/share/teb_local_planner/hook/cmake_prefix_path.ps1'
[761.099s] INFO:colcon.colcon_core.shell:Creating environment descriptor '/home/agilex/agilex_ws/install/teb_local_planner/share/teb_local_planner/hook/cmake_prefix_path.dsv'
[761.100s] INFO:colcon.colcon_core.shell:Creating environment hook '/home/agilex/agilex_ws/install/teb_local_planner/share/teb_local_planner/hook/cmake_prefix_path.sh'
[761.101s] Level 1:colcon.colcon_core.environment:checking '/home/agilex/agilex_ws/install/teb_local_planner/lib'
[761.101s] Level 1:colcon.colcon_core.shell:create_environment_hook('teb_local_planner', 'ld_library_path_lib')
[761.102s] INFO:colcon.colcon_core.shell:Creating environment hook '/home/agilex/agilex_ws/install/teb_local_planner/share/teb_local_planner/hook/ld_library_path_lib.ps1'
[761.102s] INFO:colcon.colcon_core.shell:Creating environment descriptor '/home/agilex/agilex_ws/install/teb_local_planner/share/teb_local_planner/hook/ld_library_path_lib.dsv'
[761.102s] INFO:colcon.colcon_core.shell:Creating environment hook '/home/agilex/agilex_ws/install/teb_local_planner/share/teb_local_planner/hook/ld_library_path_lib.sh'
[761.103s] Level 1:colcon.colcon_core.environment:checking '/home/agilex/agilex_ws/install/teb_local_planner/bin'
[761.103s] Level 1:colcon.colcon_core.environment:checking '/home/agilex/agilex_ws/install/teb_local_planner/lib/pkgconfig/teb_local_planner.pc'
[761.103s] Level 1:colcon.colcon_core.environment:checking '/home/agilex/agilex_ws/install/teb_local_planner/lib/python3.10/site-packages'
[761.103s] Level 1:colcon.colcon_core.environment:checking '/home/agilex/agilex_ws/install/teb_local_planner/bin'
[761.105s] INFO:colcon.colcon_core.shell:Creating package script '/home/agilex/agilex_ws/install/teb_local_planner/share/teb_local_planner/package.ps1'
[761.106s] INFO:colcon.colcon_core.shell:Creating package descriptor '/home/agilex/agilex_ws/install/teb_local_planner/share/teb_local_planner/package.dsv'
[761.106s] INFO:colcon.colcon_core.shell:Creating package script '/home/agilex/agilex_ws/install/teb_local_planner/share/teb_local_planner/package.sh'
[761.107s] INFO:colcon.colcon_core.shell:Creating package script '/home/agilex/agilex_ws/install/teb_local_planner/share/teb_local_planner/package.bash'
[761.107s] INFO:colcon.colcon_core.shell:Creating package script '/home/agilex/agilex_ws/install/teb_local_planner/share/teb_local_planner/package.zsh'
[761.107s] Level 1:colcon.colcon_core.environment:create_file_with_runtime_dependencies(/home/agilex/agilex_ws/install/teb_local_planner/share/colcon-core/packages/teb_local_planner)
[761.133s] Level 1:colcon.colcon_core.environment:create_environment_scripts_only(teb_local_planner)
[761.135s] Level 1:colcon.colcon_core.environment:checking '/home/agilex/agilex_ws/install/teb_local_planner' for CMake module files
[761.135s] Level 1:colcon.colcon_core.environment:checking '/home/agilex/agilex_ws/install/teb_local_planner' for CMake config files
[761.135s] Level 1:colcon.colcon_core.shell:create_environment_hook('teb_local_planner', 'cmake_prefix_path')
[761.136s] INFO:colcon.colcon_core.shell:Creating environment hook '/home/agilex/agilex_ws/install/teb_local_planner/share/teb_local_planner/hook/cmake_prefix_path.ps1'
[761.137s] INFO:colcon.colcon_core.shell:Creating environment descriptor '/home/agilex/agilex_ws/install/teb_local_planner/share/teb_local_planner/hook/cmake_prefix_path.dsv'
[761.137s] INFO:colcon.colcon_core.shell:Creating environment hook '/home/agilex/agilex_ws/install/teb_local_planner/share/teb_local_planner/hook/cmake_prefix_path.sh'
[761.137s] Level 1:colcon.colcon_core.environment:checking '/home/agilex/agilex_ws/install/teb_local_planner/lib'
[761.137s] Level 1:colcon.colcon_core.shell:create_environment_hook('teb_local_planner', 'ld_library_path_lib')
[761.138s] INFO:colcon.colcon_core.shell:Creating environment hook '/home/agilex/agilex_ws/install/teb_local_planner/share/teb_local_planner/hook/ld_library_path_lib.ps1'
[761.139s] INFO:colcon.colcon_core.shell:Creating environment descriptor '/home/agilex/agilex_ws/install/teb_local_planner/share/teb_local_planner/hook/ld_library_path_lib.dsv'
[761.139s] INFO:colcon.colcon_core.shell:Creating environment hook '/home/agilex/agilex_ws/install/teb_local_planner/share/teb_local_planner/hook/ld_library_path_lib.sh'
[761.139s] Level 1:colcon.colcon_core.environment:checking '/home/agilex/agilex_ws/install/teb_local_planner/bin'
[761.139s] Level 1:colcon.colcon_core.environment:checking '/home/agilex/agilex_ws/install/teb_local_planner/lib/pkgconfig/teb_local_planner.pc'
[761.139s] Level 1:colcon.colcon_core.environment:checking '/home/agilex/agilex_ws/install/teb_local_planner/lib/python3.10/site-packages'
[761.140s] Level 1:colcon.colcon_core.environment:checking '/home/agilex/agilex_ws/install/teb_local_planner/bin'
[761.141s] INFO:colcon.colcon_core.shell:Creating package script '/home/agilex/agilex_ws/install/teb_local_planner/share/teb_local_planner/package.ps1'
[761.141s] INFO:colcon.colcon_core.shell:Creating package descriptor '/home/agilex/agilex_ws/install/teb_local_planner/share/teb_local_planner/package.dsv'
[761.142s] INFO:colcon.colcon_core.shell:Creating package script '/home/agilex/agilex_ws/install/teb_local_planner/share/teb_local_planner/package.sh'
[761.142s] INFO:colcon.colcon_core.shell:Creating package script '/home/agilex/agilex_ws/install/teb_local_planner/share/teb_local_planner/package.bash'
[761.142s] INFO:colcon.colcon_core.shell:Creating package script '/home/agilex/agilex_ws/install/teb_local_planner/share/teb_local_planner/package.zsh'
[761.143s] Level 1:colcon.colcon_core.environment:create_file_with_runtime_dependencies(/home/agilex/agilex_ws/install/teb_local_planner/share/colcon-core/packages/teb_local_planner)
[1127.693s] DEBUG:colcon.colcon_core.event_handler.log_command:Invoked command in '/home/agilex/agilex_ws/build/nav2_system_tests' returned '0': AMENT_PREFIX_PATH=/home/agilex/agilex_ws/install/nav2_bringup:/home/agilex/agilex_ws/install/navigation2:/home/agilex/agilex_ws/install/nav2_dwb_controller:/home/agilex/agilex_ws/install/nav2_rotation_shim_controller:/home/agilex/agilex_ws/install/dwb_plugins:/home/agilex/agilex_ws/install/dwb_critics:/home/agilex/agilex_ws/install/nav2_waypoint_follower:/home/agilex/agilex_ws/install/nav2_theta_star_planner:/home/agilex/agilex_ws/install/nav2_smoother:/home/agilex/agilex_ws/install/nav2_smac_planner:/home/agilex/agilex_ws/install/nav2_regulated_pure_pursuit_controller:/home/agilex/agilex_ws/install/nav2_planner:/home/agilex/agilex_ws/install/nav2_navfn_planner:/home/agilex/agilex_ws/install/nav2_controller:/home/agilex/agilex_ws/install/nav2_bt_navigator:/home/agilex/agilex_ws/install/nav2_behaviors:/home/agilex/agilex_ws/install/dwb_core:/home/agilex/agilex_ws/install/nav2_core:/home/agilex/agilex_ws/install/costmap_queue:/home/agilex/agilex_ws/install/nav2_rviz_plugins:/home/agilex/agilex_ws/install/nav2_costmap_2d:/home/agilex/agilex_ws/install/nav_2d_utils:/home/agilex/agilex_ws/install/nav2_map_server:/home/agilex/agilex_ws/install/nav2_lifecycle_manager:/home/agilex/agilex_ws/install/nav2_behavior_tree:/home/agilex/agilex_ws/install/nav2_amcl:/home/agilex/agilex_ws/install/nav2_util:/home/agilex/agilex_ws/install/nav2_simple_commander:/home/agilex/agilex_ws/install/nav2_voxel_grid:/home/agilex/agilex_ws/install/nav2_msgs:/home/agilex/agilex_ws/install/dwb_msgs:/home/agilex/agilex_ws/install/nav_2d_msgs:/home/agilex/agilex_ws/install/nav2_common:${AMENT_PREFIX_PATH} CMAKE_PREFIX_PATH=/home/agilex/agilex_ws/install/nav2_bringup:/home/agilex/agilex_ws/install/navigation2:/home/agilex/agilex_ws/install/nav2_dwb_controller:/home/agilex/agilex_ws/install/nav2_rotation_shim_controller:/home/agilex/agilex_ws/install/dwb_plugins:/home/agilex/agilex_ws/install/dwb_critics:/home/agilex/agilex_ws/install/nav2_waypoint_follower:/home/agilex/agilex_ws/install/nav2_theta_star_planner:/home/agilex/agilex_ws/install/nav2_smoother:/home/agilex/agilex_ws/install/nav2_smac_planner:/home/agilex/agilex_ws/install/nav2_regulated_pure_pursuit_controller:/home/agilex/agilex_ws/install/nav2_planner:/home/agilex/agilex_ws/install/nav2_navfn_planner:/home/agilex/agilex_ws/install/nav2_controller:/home/agilex/agilex_ws/install/nav2_bt_navigator:/home/agilex/agilex_ws/install/nav2_behaviors:/home/agilex/agilex_ws/install/dwb_core:/home/agilex/agilex_ws/install/nav2_core:/home/agilex/agilex_ws/install/costmap_queue:/home/agilex/agilex_ws/install/nav2_rviz_plugins:/home/agilex/agilex_ws/install/nav2_costmap_2d:/home/agilex/agilex_ws/install/nav_2d_utils:/home/agilex/agilex_ws/install/nav2_map_server:/home/agilex/agilex_ws/install/nav2_lifecycle_manager:/home/agilex/agilex_ws/install/nav2_behavior_tree:/home/agilex/agilex_ws/install/nav2_amcl:/home/agilex/agilex_ws/install/nav2_util:/home/agilex/agilex_ws/install/nav2_voxel_grid:/home/agilex/agilex_ws/install/nav2_msgs:/home/agilex/agilex_ws/install/dwb_msgs:/home/agilex/agilex_ws/install/nav_2d_msgs:/home/agilex/agilex_ws/install/nav2_common:/opt/ros/humble LD_LIBRARY_PATH=/home/agilex/agilex_ws/install/nav2_rotation_shim_controller/lib:/home/agilex/agilex_ws/install/dwb_plugins/lib:/home/agilex/agilex_ws/install/dwb_critics/lib:/home/agilex/agilex_ws/install/nav2_waypoint_follower/lib:/home/agilex/agilex_ws/install/nav2_theta_star_planner/lib:/home/agilex/agilex_ws/install/nav2_smoother/lib:/home/agilex/agilex_ws/install/nav2_smac_planner/lib:/home/agilex/agilex_ws/install/nav2_regulated_pure_pursuit_controller/lib:/home/agilex/agilex_ws/install/nav2_planner/lib:/home/agilex/agilex_ws/install/nav2_navfn_planner/lib:/home/agilex/agilex_ws/install/nav2_controller/lib:/home/agilex/agilex_ws/install/nav2_bt_navigator/lib:/home/agilex/agilex_ws/install/nav2_behaviors/lib:/home/agilex/agilex_ws/install/dwb_core/lib:/home/agilex/agilex_ws/install/costmap_queue/lib:/home/agilex/agilex_ws/install/nav2_rviz_plugins/lib:/home/agilex/agilex_ws/install/nav2_costmap_2d/lib:/home/agilex/agilex_ws/install/nav_2d_utils/lib:/home/agilex/agilex_ws/install/nav2_map_server/lib:/home/agilex/agilex_ws/install/nav2_lifecycle_manager/lib:/home/agilex/agilex_ws/install/nav2_behavior_tree/lib:/home/agilex/agilex_ws/install/nav2_amcl/lib:/home/agilex/agilex_ws/install/nav2_util/lib:/home/agilex/agilex_ws/install/nav2_voxel_grid/lib:/home/agilex/agilex_ws/install/nav2_msgs/lib:/home/agilex/agilex_ws/install/dwb_msgs/lib:/home/agilex/agilex_ws/install/nav_2d_msgs/lib:${LD_LIBRARY_PATH} PYTHONPATH=/home/agilex/agilex_ws/install/nav2_simple_commander/lib/python3.10/site-packages:/home/agilex/agilex_ws/install/nav2_msgs/local/lib/python3.10/dist-packages:/home/agilex/agilex_ws/install/dwb_msgs/local/lib/python3.10/dist-packages:/home/agilex/agilex_ws/install/nav_2d_msgs/local/lib/python3.10/dist-packages:/home/agilex/agilex_ws/install/nav2_common/local/lib/python3.10/dist-packages:${PYTHONPATH} /usr/bin/cmake /home/agilex/agilex_ws/src/navigation2/nav2_system_tests -DCMAKE_INSTALL_PREFIX=/home/agilex/agilex_ws/install/nav2_system_tests
[1127.694s] DEBUG:colcon.colcon_core.event_handler.log_command:Invoking command in '/home/agilex/agilex_ws/build/nav2_system_tests': AMENT_PREFIX_PATH=/home/agilex/agilex_ws/install/nav2_bringup:/home/agilex/agilex_ws/install/navigation2:/home/agilex/agilex_ws/install/nav2_dwb_controller:/home/agilex/agilex_ws/install/nav2_rotation_shim_controller:/home/agilex/agilex_ws/install/dwb_plugins:/home/agilex/agilex_ws/install/dwb_critics:/home/agilex/agilex_ws/install/nav2_waypoint_follower:/home/agilex/agilex_ws/install/nav2_theta_star_planner:/home/agilex/agilex_ws/install/nav2_smoother:/home/agilex/agilex_ws/install/nav2_smac_planner:/home/agilex/agilex_ws/install/nav2_regulated_pure_pursuit_controller:/home/agilex/agilex_ws/install/nav2_planner:/home/agilex/agilex_ws/install/nav2_navfn_planner:/home/agilex/agilex_ws/install/nav2_controller:/home/agilex/agilex_ws/install/nav2_bt_navigator:/home/agilex/agilex_ws/install/nav2_behaviors:/home/agilex/agilex_ws/install/dwb_core:/home/agilex/agilex_ws/install/nav2_core:/home/agilex/agilex_ws/install/costmap_queue:/home/agilex/agilex_ws/install/nav2_rviz_plugins:/home/agilex/agilex_ws/install/nav2_costmap_2d:/home/agilex/agilex_ws/install/nav_2d_utils:/home/agilex/agilex_ws/install/nav2_map_server:/home/agilex/agilex_ws/install/nav2_lifecycle_manager:/home/agilex/agilex_ws/install/nav2_behavior_tree:/home/agilex/agilex_ws/install/nav2_amcl:/home/agilex/agilex_ws/install/nav2_util:/home/agilex/agilex_ws/install/nav2_simple_commander:/home/agilex/agilex_ws/install/nav2_voxel_grid:/home/agilex/agilex_ws/install/nav2_msgs:/home/agilex/agilex_ws/install/dwb_msgs:/home/agilex/agilex_ws/install/nav_2d_msgs:/home/agilex/agilex_ws/install/nav2_common:${AMENT_PREFIX_PATH} CMAKE_PREFIX_PATH=/home/agilex/agilex_ws/install/nav2_bringup:/home/agilex/agilex_ws/install/navigation2:/home/agilex/agilex_ws/install/nav2_dwb_controller:/home/agilex/agilex_ws/install/nav2_rotation_shim_controller:/home/agilex/agilex_ws/install/dwb_plugins:/home/agilex/agilex_ws/install/dwb_critics:/home/agilex/agilex_ws/install/nav2_waypoint_follower:/home/agilex/agilex_ws/install/nav2_theta_star_planner:/home/agilex/agilex_ws/install/nav2_smoother:/home/agilex/agilex_ws/install/nav2_smac_planner:/home/agilex/agilex_ws/install/nav2_regulated_pure_pursuit_controller:/home/agilex/agilex_ws/install/nav2_planner:/home/agilex/agilex_ws/install/nav2_navfn_planner:/home/agilex/agilex_ws/install/nav2_controller:/home/agilex/agilex_ws/install/nav2_bt_navigator:/home/agilex/agilex_ws/install/nav2_behaviors:/home/agilex/agilex_ws/install/dwb_core:/home/agilex/agilex_ws/install/nav2_core:/home/agilex/agilex_ws/install/costmap_queue:/home/agilex/agilex_ws/install/nav2_rviz_plugins:/home/agilex/agilex_ws/install/nav2_costmap_2d:/home/agilex/agilex_ws/install/nav_2d_utils:/home/agilex/agilex_ws/install/nav2_map_server:/home/agilex/agilex_ws/install/nav2_lifecycle_manager:/home/agilex/agilex_ws/install/nav2_behavior_tree:/home/agilex/agilex_ws/install/nav2_amcl:/home/agilex/agilex_ws/install/nav2_util:/home/agilex/agilex_ws/install/nav2_voxel_grid:/home/agilex/agilex_ws/install/nav2_msgs:/home/agilex/agilex_ws/install/dwb_msgs:/home/agilex/agilex_ws/install/nav_2d_msgs:/home/agilex/agilex_ws/install/nav2_common:/opt/ros/humble LD_LIBRARY_PATH=/home/agilex/agilex_ws/install/nav2_rotation_shim_controller/lib:/home/agilex/agilex_ws/install/dwb_plugins/lib:/home/agilex/agilex_ws/install/dwb_critics/lib:/home/agilex/agilex_ws/install/nav2_waypoint_follower/lib:/home/agilex/agilex_ws/install/nav2_theta_star_planner/lib:/home/agilex/agilex_ws/install/nav2_smoother/lib:/home/agilex/agilex_ws/install/nav2_smac_planner/lib:/home/agilex/agilex_ws/install/nav2_regulated_pure_pursuit_controller/lib:/home/agilex/agilex_ws/install/nav2_planner/lib:/home/agilex/agilex_ws/install/nav2_navfn_planner/lib:/home/agilex/agilex_ws/install/nav2_controller/lib:/home/agilex/agilex_ws/install/nav2_bt_navigator/lib:/home/agilex/agilex_ws/install/nav2_behaviors/lib:/home/agilex/agilex_ws/install/dwb_core/lib:/home/agilex/agilex_ws/install/costmap_queue/lib:/home/agilex/agilex_ws/install/nav2_rviz_plugins/lib:/home/agilex/agilex_ws/install/nav2_costmap_2d/lib:/home/agilex/agilex_ws/install/nav_2d_utils/lib:/home/agilex/agilex_ws/install/nav2_map_server/lib:/home/agilex/agilex_ws/install/nav2_lifecycle_manager/lib:/home/agilex/agilex_ws/install/nav2_behavior_tree/lib:/home/agilex/agilex_ws/install/nav2_amcl/lib:/home/agilex/agilex_ws/install/nav2_util/lib:/home/agilex/agilex_ws/install/nav2_voxel_grid/lib:/home/agilex/agilex_ws/install/nav2_msgs/lib:/home/agilex/agilex_ws/install/dwb_msgs/lib:/home/agilex/agilex_ws/install/nav_2d_msgs/lib:${LD_LIBRARY_PATH} PYTHONPATH=/home/agilex/agilex_ws/install/nav2_simple_commander/lib/python3.10/site-packages:/home/agilex/agilex_ws/install/nav2_msgs/local/lib/python3.10/dist-packages:/home/agilex/agilex_ws/install/dwb_msgs/local/lib/python3.10/dist-packages:/home/agilex/agilex_ws/install/nav_2d_msgs/local/lib/python3.10/dist-packages:/home/agilex/agilex_ws/install/nav2_common/local/lib/python3.10/dist-packages:${PYTHONPATH} /usr/bin/cmake --build /home/agilex/agilex_ws/build/nav2_system_tests -- -j8 -l8
[1169.978s] DEBUG:colcon.colcon_core.event_handler.log_command:Invoked command in '/home/agilex/agilex_ws/build/nav2_system_tests' returned '0': AMENT_PREFIX_PATH=/home/agilex/agilex_ws/install/nav2_bringup:/home/agilex/agilex_ws/install/navigation2:/home/agilex/agilex_ws/install/nav2_dwb_controller:/home/agilex/agilex_ws/install/nav2_rotation_shim_controller:/home/agilex/agilex_ws/install/dwb_plugins:/home/agilex/agilex_ws/install/dwb_critics:/home/agilex/agilex_ws/install/nav2_waypoint_follower:/home/agilex/agilex_ws/install/nav2_theta_star_planner:/home/agilex/agilex_ws/install/nav2_smoother:/home/agilex/agilex_ws/install/nav2_smac_planner:/home/agilex/agilex_ws/install/nav2_regulated_pure_pursuit_controller:/home/agilex/agilex_ws/install/nav2_planner:/home/agilex/agilex_ws/install/nav2_navfn_planner:/home/agilex/agilex_ws/install/nav2_controller:/home/agilex/agilex_ws/install/nav2_bt_navigator:/home/agilex/agilex_ws/install/nav2_behaviors:/home/agilex/agilex_ws/install/dwb_core:/home/agilex/agilex_ws/install/nav2_core:/home/agilex/agilex_ws/install/costmap_queue:/home/agilex/agilex_ws/install/nav2_rviz_plugins:/home/agilex/agilex_ws/install/nav2_costmap_2d:/home/agilex/agilex_ws/install/nav_2d_utils:/home/agilex/agilex_ws/install/nav2_map_server:/home/agilex/agilex_ws/install/nav2_lifecycle_manager:/home/agilex/agilex_ws/install/nav2_behavior_tree:/home/agilex/agilex_ws/install/nav2_amcl:/home/agilex/agilex_ws/install/nav2_util:/home/agilex/agilex_ws/install/nav2_simple_commander:/home/agilex/agilex_ws/install/nav2_voxel_grid:/home/agilex/agilex_ws/install/nav2_msgs:/home/agilex/agilex_ws/install/dwb_msgs:/home/agilex/agilex_ws/install/nav_2d_msgs:/home/agilex/agilex_ws/install/nav2_common:${AMENT_PREFIX_PATH} CMAKE_PREFIX_PATH=/home/agilex/agilex_ws/install/nav2_bringup:/home/agilex/agilex_ws/install/navigation2:/home/agilex/agilex_ws/install/nav2_dwb_controller:/home/agilex/agilex_ws/install/nav2_rotation_shim_controller:/home/agilex/agilex_ws/install/dwb_plugins:/home/agilex/agilex_ws/install/dwb_critics:/home/agilex/agilex_ws/install/nav2_waypoint_follower:/home/agilex/agilex_ws/install/nav2_theta_star_planner:/home/agilex/agilex_ws/install/nav2_smoother:/home/agilex/agilex_ws/install/nav2_smac_planner:/home/agilex/agilex_ws/install/nav2_regulated_pure_pursuit_controller:/home/agilex/agilex_ws/install/nav2_planner:/home/agilex/agilex_ws/install/nav2_navfn_planner:/home/agilex/agilex_ws/install/nav2_controller:/home/agilex/agilex_ws/install/nav2_bt_navigator:/home/agilex/agilex_ws/install/nav2_behaviors:/home/agilex/agilex_ws/install/dwb_core:/home/agilex/agilex_ws/install/nav2_core:/home/agilex/agilex_ws/install/costmap_queue:/home/agilex/agilex_ws/install/nav2_rviz_plugins:/home/agilex/agilex_ws/install/nav2_costmap_2d:/home/agilex/agilex_ws/install/nav_2d_utils:/home/agilex/agilex_ws/install/nav2_map_server:/home/agilex/agilex_ws/install/nav2_lifecycle_manager:/home/agilex/agilex_ws/install/nav2_behavior_tree:/home/agilex/agilex_ws/install/nav2_amcl:/home/agilex/agilex_ws/install/nav2_util:/home/agilex/agilex_ws/install/nav2_voxel_grid:/home/agilex/agilex_ws/install/nav2_msgs:/home/agilex/agilex_ws/install/dwb_msgs:/home/agilex/agilex_ws/install/nav_2d_msgs:/home/agilex/agilex_ws/install/nav2_common:/opt/ros/humble LD_LIBRARY_PATH=/home/agilex/agilex_ws/install/nav2_rotation_shim_controller/lib:/home/agilex/agilex_ws/install/dwb_plugins/lib:/home/agilex/agilex_ws/install/dwb_critics/lib:/home/agilex/agilex_ws/install/nav2_waypoint_follower/lib:/home/agilex/agilex_ws/install/nav2_theta_star_planner/lib:/home/agilex/agilex_ws/install/nav2_smoother/lib:/home/agilex/agilex_ws/install/nav2_smac_planner/lib:/home/agilex/agilex_ws/install/nav2_regulated_pure_pursuit_controller/lib:/home/agilex/agilex_ws/install/nav2_planner/lib:/home/agilex/agilex_ws/install/nav2_navfn_planner/lib:/home/agilex/agilex_ws/install/nav2_controller/lib:/home/agilex/agilex_ws/install/nav2_bt_navigator/lib:/home/agilex/agilex_ws/install/nav2_behaviors/lib:/home/agilex/agilex_ws/install/dwb_core/lib:/home/agilex/agilex_ws/install/costmap_queue/lib:/home/agilex/agilex_ws/install/nav2_rviz_plugins/lib:/home/agilex/agilex_ws/install/nav2_costmap_2d/lib:/home/agilex/agilex_ws/install/nav_2d_utils/lib:/home/agilex/agilex_ws/install/nav2_map_server/lib:/home/agilex/agilex_ws/install/nav2_lifecycle_manager/lib:/home/agilex/agilex_ws/install/nav2_behavior_tree/lib:/home/agilex/agilex_ws/install/nav2_amcl/lib:/home/agilex/agilex_ws/install/nav2_util/lib:/home/agilex/agilex_ws/install/nav2_voxel_grid/lib:/home/agilex/agilex_ws/install/nav2_msgs/lib:/home/agilex/agilex_ws/install/dwb_msgs/lib:/home/agilex/agilex_ws/install/nav_2d_msgs/lib:${LD_LIBRARY_PATH} PYTHONPATH=/home/agilex/agilex_ws/install/nav2_simple_commander/lib/python3.10/site-packages:/home/agilex/agilex_ws/install/nav2_msgs/local/lib/python3.10/dist-packages:/home/agilex/agilex_ws/install/dwb_msgs/local/lib/python3.10/dist-packages:/home/agilex/agilex_ws/install/nav_2d_msgs/local/lib/python3.10/dist-packages:/home/agilex/agilex_ws/install/nav2_common/local/lib/python3.10/dist-packages:${PYTHONPATH} /usr/bin/cmake --build /home/agilex/agilex_ws/build/nav2_system_tests -- -j8 -l8
[1169.996s] DEBUG:colcon.colcon_core.event_handler.log_command:Invoking command in '/home/agilex/agilex_ws/build/nav2_system_tests': AMENT_PREFIX_PATH=/home/agilex/agilex_ws/install/nav2_bringup:/home/agilex/agilex_ws/install/navigation2:/home/agilex/agilex_ws/install/nav2_dwb_controller:/home/agilex/agilex_ws/install/nav2_rotation_shim_controller:/home/agilex/agilex_ws/install/dwb_plugins:/home/agilex/agilex_ws/install/dwb_critics:/home/agilex/agilex_ws/install/nav2_waypoint_follower:/home/agilex/agilex_ws/install/nav2_theta_star_planner:/home/agilex/agilex_ws/install/nav2_smoother:/home/agilex/agilex_ws/install/nav2_smac_planner:/home/agilex/agilex_ws/install/nav2_regulated_pure_pursuit_controller:/home/agilex/agilex_ws/install/nav2_planner:/home/agilex/agilex_ws/install/nav2_navfn_planner:/home/agilex/agilex_ws/install/nav2_controller:/home/agilex/agilex_ws/install/nav2_bt_navigator:/home/agilex/agilex_ws/install/nav2_behaviors:/home/agilex/agilex_ws/install/dwb_core:/home/agilex/agilex_ws/install/nav2_core:/home/agilex/agilex_ws/install/costmap_queue:/home/agilex/agilex_ws/install/nav2_rviz_plugins:/home/agilex/agilex_ws/install/nav2_costmap_2d:/home/agilex/agilex_ws/install/nav_2d_utils:/home/agilex/agilex_ws/install/nav2_map_server:/home/agilex/agilex_ws/install/nav2_lifecycle_manager:/home/agilex/agilex_ws/install/nav2_behavior_tree:/home/agilex/agilex_ws/install/nav2_amcl:/home/agilex/agilex_ws/install/nav2_util:/home/agilex/agilex_ws/install/nav2_simple_commander:/home/agilex/agilex_ws/install/nav2_voxel_grid:/home/agilex/agilex_ws/install/nav2_msgs:/home/agilex/agilex_ws/install/dwb_msgs:/home/agilex/agilex_ws/install/nav_2d_msgs:/home/agilex/agilex_ws/install/nav2_common:${AMENT_PREFIX_PATH} CMAKE_PREFIX_PATH=/home/agilex/agilex_ws/install/nav2_bringup:/home/agilex/agilex_ws/install/navigation2:/home/agilex/agilex_ws/install/nav2_dwb_controller:/home/agilex/agilex_ws/install/nav2_rotation_shim_controller:/home/agilex/agilex_ws/install/dwb_plugins:/home/agilex/agilex_ws/install/dwb_critics:/home/agilex/agilex_ws/install/nav2_waypoint_follower:/home/agilex/agilex_ws/install/nav2_theta_star_planner:/home/agilex/agilex_ws/install/nav2_smoother:/home/agilex/agilex_ws/install/nav2_smac_planner:/home/agilex/agilex_ws/install/nav2_regulated_pure_pursuit_controller:/home/agilex/agilex_ws/install/nav2_planner:/home/agilex/agilex_ws/install/nav2_navfn_planner:/home/agilex/agilex_ws/install/nav2_controller:/home/agilex/agilex_ws/install/nav2_bt_navigator:/home/agilex/agilex_ws/install/nav2_behaviors:/home/agilex/agilex_ws/install/dwb_core:/home/agilex/agilex_ws/install/nav2_core:/home/agilex/agilex_ws/install/costmap_queue:/home/agilex/agilex_ws/install/nav2_rviz_plugins:/home/agilex/agilex_ws/install/nav2_costmap_2d:/home/agilex/agilex_ws/install/nav_2d_utils:/home/agilex/agilex_ws/install/nav2_map_server:/home/agilex/agilex_ws/install/nav2_lifecycle_manager:/home/agilex/agilex_ws/install/nav2_behavior_tree:/home/agilex/agilex_ws/install/nav2_amcl:/home/agilex/agilex_ws/install/nav2_util:/home/agilex/agilex_ws/install/nav2_voxel_grid:/home/agilex/agilex_ws/install/nav2_msgs:/home/agilex/agilex_ws/install/dwb_msgs:/home/agilex/agilex_ws/install/nav_2d_msgs:/home/agilex/agilex_ws/install/nav2_common:/opt/ros/humble LD_LIBRARY_PATH=/home/agilex/agilex_ws/install/nav2_rotation_shim_controller/lib:/home/agilex/agilex_ws/install/dwb_plugins/lib:/home/agilex/agilex_ws/install/dwb_critics/lib:/home/agilex/agilex_ws/install/nav2_waypoint_follower/lib:/home/agilex/agilex_ws/install/nav2_theta_star_planner/lib:/home/agilex/agilex_ws/install/nav2_smoother/lib:/home/agilex/agilex_ws/install/nav2_smac_planner/lib:/home/agilex/agilex_ws/install/nav2_regulated_pure_pursuit_controller/lib:/home/agilex/agilex_ws/install/nav2_planner/lib:/home/agilex/agilex_ws/install/nav2_navfn_planner/lib:/home/agilex/agilex_ws/install/nav2_controller/lib:/home/agilex/agilex_ws/install/nav2_bt_navigator/lib:/home/agilex/agilex_ws/install/nav2_behaviors/lib:/home/agilex/agilex_ws/install/dwb_core/lib:/home/agilex/agilex_ws/install/costmap_queue/lib:/home/agilex/agilex_ws/install/nav2_rviz_plugins/lib:/home/agilex/agilex_ws/install/nav2_costmap_2d/lib:/home/agilex/agilex_ws/install/nav_2d_utils/lib:/home/agilex/agilex_ws/install/nav2_map_server/lib:/home/agilex/agilex_ws/install/nav2_lifecycle_manager/lib:/home/agilex/agilex_ws/install/nav2_behavior_tree/lib:/home/agilex/agilex_ws/install/nav2_amcl/lib:/home/agilex/agilex_ws/install/nav2_util/lib:/home/agilex/agilex_ws/install/nav2_voxel_grid/lib:/home/agilex/agilex_ws/install/nav2_msgs/lib:/home/agilex/agilex_ws/install/dwb_msgs/lib:/home/agilex/agilex_ws/install/nav_2d_msgs/lib:${LD_LIBRARY_PATH} PYTHONPATH=/home/agilex/agilex_ws/install/nav2_simple_commander/lib/python3.10/site-packages:/home/agilex/agilex_ws/install/nav2_msgs/local/lib/python3.10/dist-packages:/home/agilex/agilex_ws/install/dwb_msgs/local/lib/python3.10/dist-packages:/home/agilex/agilex_ws/install/nav_2d_msgs/local/lib/python3.10/dist-packages:/home/agilex/agilex_ws/install/nav2_common/local/lib/python3.10/dist-packages:${PYTHONPATH} /usr/bin/cmake --install /home/agilex/agilex_ws/build/nav2_system_tests
[1170.008s] Level 1:colcon.colcon_core.environment:create_environment_scripts_only(nav2_system_tests)
[1170.024s] Level 1:colcon.colcon_core.environment:checking '/home/agilex/agilex_ws/install/nav2_system_tests' for CMake module files
[1170.024s] DEBUG:colcon.colcon_core.event_handler.log_command:Invoked command in '/home/agilex/agilex_ws/build/nav2_system_tests' returned '0': AMENT_PREFIX_PATH=/home/agilex/agilex_ws/install/nav2_bringup:/home/agilex/agilex_ws/install/navigation2:/home/agilex/agilex_ws/install/nav2_dwb_controller:/home/agilex/agilex_ws/install/nav2_rotation_shim_controller:/home/agilex/agilex_ws/install/dwb_plugins:/home/agilex/agilex_ws/install/dwb_critics:/home/agilex/agilex_ws/install/nav2_waypoint_follower:/home/agilex/agilex_ws/install/nav2_theta_star_planner:/home/agilex/agilex_ws/install/nav2_smoother:/home/agilex/agilex_ws/install/nav2_smac_planner:/home/agilex/agilex_ws/install/nav2_regulated_pure_pursuit_controller:/home/agilex/agilex_ws/install/nav2_planner:/home/agilex/agilex_ws/install/nav2_navfn_planner:/home/agilex/agilex_ws/install/nav2_controller:/home/agilex/agilex_ws/install/nav2_bt_navigator:/home/agilex/agilex_ws/install/nav2_behaviors:/home/agilex/agilex_ws/install/dwb_core:/home/agilex/agilex_ws/install/nav2_core:/home/agilex/agilex_ws/install/costmap_queue:/home/agilex/agilex_ws/install/nav2_rviz_plugins:/home/agilex/agilex_ws/install/nav2_costmap_2d:/home/agilex/agilex_ws/install/nav_2d_utils:/home/agilex/agilex_ws/install/nav2_map_server:/home/agilex/agilex_ws/install/nav2_lifecycle_manager:/home/agilex/agilex_ws/install/nav2_behavior_tree:/home/agilex/agilex_ws/install/nav2_amcl:/home/agilex/agilex_ws/install/nav2_util:/home/agilex/agilex_ws/install/nav2_simple_commander:/home/agilex/agilex_ws/install/nav2_voxel_grid:/home/agilex/agilex_ws/install/nav2_msgs:/home/agilex/agilex_ws/install/dwb_msgs:/home/agilex/agilex_ws/install/nav_2d_msgs:/home/agilex/agilex_ws/install/nav2_common:${AMENT_PREFIX_PATH} CMAKE_PREFIX_PATH=/home/agilex/agilex_ws/install/nav2_bringup:/home/agilex/agilex_ws/install/navigation2:/home/agilex/agilex_ws/install/nav2_dwb_controller:/home/agilex/agilex_ws/install/nav2_rotation_shim_controller:/home/agilex/agilex_ws/install/dwb_plugins:/home/agilex/agilex_ws/install/dwb_critics:/home/agilex/agilex_ws/install/nav2_waypoint_follower:/home/agilex/agilex_ws/install/nav2_theta_star_planner:/home/agilex/agilex_ws/install/nav2_smoother:/home/agilex/agilex_ws/install/nav2_smac_planner:/home/agilex/agilex_ws/install/nav2_regulated_pure_pursuit_controller:/home/agilex/agilex_ws/install/nav2_planner:/home/agilex/agilex_ws/install/nav2_navfn_planner:/home/agilex/agilex_ws/install/nav2_controller:/home/agilex/agilex_ws/install/nav2_bt_navigator:/home/agilex/agilex_ws/install/nav2_behaviors:/home/agilex/agilex_ws/install/dwb_core:/home/agilex/agilex_ws/install/nav2_core:/home/agilex/agilex_ws/install/costmap_queue:/home/agilex/agilex_ws/install/nav2_rviz_plugins:/home/agilex/agilex_ws/install/nav2_costmap_2d:/home/agilex/agilex_ws/install/nav_2d_utils:/home/agilex/agilex_ws/install/nav2_map_server:/home/agilex/agilex_ws/install/nav2_lifecycle_manager:/home/agilex/agilex_ws/install/nav2_behavior_tree:/home/agilex/agilex_ws/install/nav2_amcl:/home/agilex/agilex_ws/install/nav2_util:/home/agilex/agilex_ws/install/nav2_voxel_grid:/home/agilex/agilex_ws/install/nav2_msgs:/home/agilex/agilex_ws/install/dwb_msgs:/home/agilex/agilex_ws/install/nav_2d_msgs:/home/agilex/agilex_ws/install/nav2_common:/opt/ros/humble LD_LIBRARY_PATH=/home/agilex/agilex_ws/install/nav2_rotation_shim_controller/lib:/home/agilex/agilex_ws/install/dwb_plugins/lib:/home/agilex/agilex_ws/install/dwb_critics/lib:/home/agilex/agilex_ws/install/nav2_waypoint_follower/lib:/home/agilex/agilex_ws/install/nav2_theta_star_planner/lib:/home/agilex/agilex_ws/install/nav2_smoother/lib:/home/agilex/agilex_ws/install/nav2_smac_planner/lib:/home/agilex/agilex_ws/install/nav2_regulated_pure_pursuit_controller/lib:/home/agilex/agilex_ws/install/nav2_planner/lib:/home/agilex/agilex_ws/install/nav2_navfn_planner/lib:/home/agilex/agilex_ws/install/nav2_controller/lib:/home/agilex/agilex_ws/install/nav2_bt_navigator/lib:/home/agilex/agilex_ws/install/nav2_behaviors/lib:/home/agilex/agilex_ws/install/dwb_core/lib:/home/agilex/agilex_ws/install/costmap_queue/lib:/home/agilex/agilex_ws/install/nav2_rviz_plugins/lib:/home/agilex/agilex_ws/install/nav2_costmap_2d/lib:/home/agilex/agilex_ws/install/nav_2d_utils/lib:/home/agilex/agilex_ws/install/nav2_map_server/lib:/home/agilex/agilex_ws/install/nav2_lifecycle_manager/lib:/home/agilex/agilex_ws/install/nav2_behavior_tree/lib:/home/agilex/agilex_ws/install/nav2_amcl/lib:/home/agilex/agilex_ws/install/nav2_util/lib:/home/agilex/agilex_ws/install/nav2_voxel_grid/lib:/home/agilex/agilex_ws/install/nav2_msgs/lib:/home/agilex/agilex_ws/install/dwb_msgs/lib:/home/agilex/agilex_ws/install/nav_2d_msgs/lib:${LD_LIBRARY_PATH} PYTHONPATH=/home/agilex/agilex_ws/install/nav2_simple_commander/lib/python3.10/site-packages:/home/agilex/agilex_ws/install/nav2_msgs/local/lib/python3.10/dist-packages:/home/agilex/agilex_ws/install/dwb_msgs/local/lib/python3.10/dist-packages:/home/agilex/agilex_ws/install/nav_2d_msgs/local/lib/python3.10/dist-packages:/home/agilex/agilex_ws/install/nav2_common/local/lib/python3.10/dist-packages:${PYTHONPATH} /usr/bin/cmake --install /home/agilex/agilex_ws/build/nav2_system_tests
[1170.024s] Level 1:colcon.colcon_core.environment:checking '/home/agilex/agilex_ws/install/nav2_system_tests' for CMake config files
[1170.025s] Level 1:colcon.colcon_core.shell:create_environment_hook('nav2_system_tests', 'cmake_prefix_path')
[1170.027s] INFO:colcon.colcon_core.shell:Creating environment hook '/home/agilex/agilex_ws/install/nav2_system_tests/share/nav2_system_tests/hook/cmake_prefix_path.ps1'
[1170.034s] INFO:colcon.colcon_core.shell:Creating environment descriptor '/home/agilex/agilex_ws/install/nav2_system_tests/share/nav2_system_tests/hook/cmake_prefix_path.dsv'
[1170.035s] INFO:colcon.colcon_core.shell:Creating environment hook '/home/agilex/agilex_ws/install/nav2_system_tests/share/nav2_system_tests/hook/cmake_prefix_path.sh'
[1170.037s] Level 1:colcon.colcon_core.environment:checking '/home/agilex/agilex_ws/install/nav2_system_tests/lib'
[1170.038s] Level 1:colcon.colcon_core.environment:checking '/home/agilex/agilex_ws/install/nav2_system_tests/bin'
[1170.038s] Level 1:colcon.colcon_core.environment:checking '/home/agilex/agilex_ws/install/nav2_system_tests/lib/pkgconfig/nav2_system_tests.pc'
[1170.040s] Level 1:colcon.colcon_core.environment:checking '/home/agilex/agilex_ws/install/nav2_system_tests/lib/python3.10/site-packages'
[1170.041s] Level 1:colcon.colcon_core.environment:checking '/home/agilex/agilex_ws/install/nav2_system_tests/bin'
[1170.043s] INFO:colcon.colcon_core.shell:Creating package script '/home/agilex/agilex_ws/install/nav2_system_tests/share/nav2_system_tests/package.ps1'
[1170.044s] INFO:colcon.colcon_core.shell:Creating package descriptor '/home/agilex/agilex_ws/install/nav2_system_tests/share/nav2_system_tests/package.dsv'
[1170.045s] INFO:colcon.colcon_core.shell:Creating package script '/home/agilex/agilex_ws/install/nav2_system_tests/share/nav2_system_tests/package.sh'
[1170.046s] INFO:colcon.colcon_core.shell:Creating package script '/home/agilex/agilex_ws/install/nav2_system_tests/share/nav2_system_tests/package.bash'
[1170.047s] INFO:colcon.colcon_core.shell:Creating package script '/home/agilex/agilex_ws/install/nav2_system_tests/share/nav2_system_tests/package.zsh'
[1170.048s] Level 1:colcon.colcon_core.environment:create_file_with_runtime_dependencies(/home/agilex/agilex_ws/install/nav2_system_tests/share/colcon-core/packages/nav2_system_tests)
[1170.114s] Level 1:colcon.colcon_core.environment:create_environment_scripts_only(nav2_system_tests)
[1170.123s] Level 1:colcon.colcon_core.environment:checking '/home/agilex/agilex_ws/install/nav2_system_tests' for CMake module files
[1170.125s] Level 1:colcon.colcon_core.environment:checking '/home/agilex/agilex_ws/install/nav2_system_tests' for CMake config files
[1170.126s] Level 1:colcon.colcon_core.shell:create_environment_hook('nav2_system_tests', 'cmake_prefix_path')
[1170.132s] INFO:colcon.colcon_core.shell:Creating environment hook '/home/agilex/agilex_ws/install/nav2_system_tests/share/nav2_system_tests/hook/cmake_prefix_path.ps1'
[1170.133s] INFO:colcon.colcon_core.shell:Creating environment descriptor '/home/agilex/agilex_ws/install/nav2_system_tests/share/nav2_system_tests/hook/cmake_prefix_path.dsv'
[1170.135s] INFO:colcon.colcon_core.shell:Creating environment hook '/home/agilex/agilex_ws/install/nav2_system_tests/share/nav2_system_tests/hook/cmake_prefix_path.sh'
[1170.136s] Level 1:colcon.colcon_core.environment:checking '/home/agilex/agilex_ws/install/nav2_system_tests/lib'
[1170.137s] Level 1:colcon.colcon_core.environment:checking '/home/agilex/agilex_ws/install/nav2_system_tests/bin'
[1170.138s] Level 1:colcon.colcon_core.environment:checking '/home/agilex/agilex_ws/install/nav2_system_tests/lib/pkgconfig/nav2_system_tests.pc'
[1170.139s] Level 1:colcon.colcon_core.environment:checking '/home/agilex/agilex_ws/install/nav2_system_tests/lib/python3.10/site-packages'
[1170.140s] Level 1:colcon.colcon_core.environment:checking '/home/agilex/agilex_ws/install/nav2_system_tests/bin'
[1170.146s] INFO:colcon.colcon_core.shell:Creating package script '/home/agilex/agilex_ws/install/nav2_system_tests/share/nav2_system_tests/package.ps1'
[1170.152s] INFO:colcon.colcon_core.shell:Creating package descriptor '/home/agilex/agilex_ws/install/nav2_system_tests/share/nav2_system_tests/package.dsv'
[1170.153s] INFO:colcon.colcon_core.shell:Creating package script '/home/agilex/agilex_ws/install/nav2_system_tests/share/nav2_system_tests/package.sh'
[1170.155s] INFO:colcon.colcon_core.shell:Creating package script '/home/agilex/agilex_ws/install/nav2_system_tests/share/nav2_system_tests/package.bash'
[1170.156s] INFO:colcon.colcon_core.shell:Creating package script '/home/agilex/agilex_ws/install/nav2_system_tests/share/nav2_system_tests/package.zsh'
[1170.158s] Level 1:colcon.colcon_core.environment:create_file_with_runtime_dependencies(/home/agilex/agilex_ws/install/nav2_system_tests/share/colcon-core/packages/nav2_system_tests)
[1170.164s] DEBUG:colcon.colcon_parallel_executor.executor.parallel:closing loop
[1170.167s] DEBUG:colcon.colcon_parallel_executor.executor.parallel:loop closed
[1170.167s] DEBUG:colcon.colcon_parallel_executor.executor.parallel:run_until_complete finished with '0'
[1170.170s] DEBUG:colcon.colcon_core.event_reactor:joining thread
[1170.289s] INFO:colcon.colcon_core.plugin_system:Skipping extension 'colcon_notification.desktop_notification.terminal_notifier': Not used on non-Darwin systems
[1170.289s] INFO:colcon.colcon_core.plugin_system:Skipping extension 'colcon_notification.desktop_notification.win32': Not used on non-Windows systems
[1170.289s] INFO:colcon.colcon_notification.desktop_notification:Sending desktop notification using 'notify2'
[1170.289s] DEBUG:colcon.colcon_notification.desktop_notification.notify2:Failed to initialize notify2: org.freedesktop.DBus.Error.NotSupported: Unable to autolaunch a dbus-daemon without a $DISPLAY for X11
[1170.289s] DEBUG:colcon.colcon_core.event_reactor:joined thread
[1170.292s] INFO:colcon.colcon_core.shell:Creating prefix script '/home/agilex/agilex_ws/install/local_setup.ps1'
[1170.295s] INFO:colcon.colcon_core.shell:Creating prefix util module '/home/agilex/agilex_ws/install/_local_setup_util_ps1.py'
[1170.298s] INFO:colcon.colcon_core.shell:Creating prefix chain script '/home/agilex/agilex_ws/install/setup.ps1'
[1170.300s] INFO:colcon.colcon_core.shell:Creating prefix script '/home/agilex/agilex_ws/install/local_setup.sh'
[1170.301s] INFO:colcon.colcon_core.shell:Creating prefix util module '/home/agilex/agilex_ws/install/_local_setup_util_sh.py'
[1170.302s] INFO:colcon.colcon_core.shell:Creating prefix chain script '/home/agilex/agilex_ws/install/setup.sh'
[1170.303s] INFO:colcon.colcon_core.shell:Creating prefix script '/home/agilex/agilex_ws/install/local_setup.bash'
[1170.305s] INFO:colcon.colcon_core.shell:Creating prefix chain script '/home/agilex/agilex_ws/install/setup.bash'
[1170.306s] INFO:colcon.colcon_core.shell:Creating prefix script '/home/agilex/agilex_ws/install/local_setup.zsh'
[1170.307s] INFO:colcon.colcon_core.shell:Creating prefix chain script '/home/agilex/agilex_ws/install/setup.zsh'
