[0.352s] Invoking command in '/home/agilex/agilex_ws/build/nav2_msgs': AMENT_PREFIX_PATH=/home/agilex/agilex_ws/install/nav2_common CMAKE_PREFIX_PATH=/home/agilex/agilex_ws/install/nav2_common PYTHONPATH=/home/agilex/agilex_ws/install/nav2_common/local/lib/python3.10/dist-packages /usr/bin/cmake --build /home/agilex/agilex_ws/build/nav2_msgs -- -j16 -l16
[0.691s] [  0%] [32mBuilding C object CMakeFiles/nav2_msgs__rosidl_generator_c.dir/rosidl_generator_c/nav2_msgs/msg/detail/costmap__functions.c.o[0m
[0.721s] [  0%] Built target nav2_msgs__cpp
[0.721s] [  0%] [32mBuilding C object CMakeFiles/nav2_msgs__rosidl_generator_c.dir/rosidl_generator_c/nav2_msgs/msg/detail/costmap_meta_data__functions.c.o[0m
[0.735s] [  1%] [32mBuilding C object CMakeFiles/nav2_msgs__rosidl_generator_c.dir/rosidl_generator_c/nav2_msgs/msg/detail/costmap_filter_info__functions.c.o[0m
[0.756s] [  1%] [32mBuilding C object CMakeFiles/nav2_msgs__rosidl_generator_c.dir/rosidl_generator_c/nav2_msgs/msg/detail/behavior_tree_status_change__functions.c.o[0m
[0.756s] [  1%] [32mBuilding C object CMakeFiles/nav2_msgs__rosidl_generator_c.dir/rosidl_generator_c/nav2_msgs/msg/detail/speed_limit__functions.c.o[0m
[0.770s] [  2%] [32mBuilding C object CMakeFiles/nav2_msgs__rosidl_generator_c.dir/rosidl_generator_c/nav2_msgs/msg/detail/voxel_grid__functions.c.o[0m
[0.776s] [  3%] [32mBuilding C object CMakeFiles/nav2_msgs__rosidl_generator_c.dir/rosidl_generator_c/nav2_msgs/msg/detail/particle__functions.c.o[0m
[0.776s] [  3%] [32mBuilding C object CMakeFiles/nav2_msgs__rosidl_generator_c.dir/rosidl_generator_c/nav2_msgs/msg/detail/particle_cloud__functions.c.o[0m
[0.776s] [  4%] [32mBuilding C object CMakeFiles/nav2_msgs__rosidl_generator_c.dir/rosidl_generator_c/nav2_msgs/srv/detail/get_costmap__functions.c.o[0m
[0.779s] [  4%] [32mBuilding C object CMakeFiles/nav2_msgs__rosidl_generator_c.dir/rosidl_generator_c/nav2_msgs/msg/detail/behavior_tree_log__functions.c.o[0m
[0.781s] [  4%] [32mBuilding C object CMakeFiles/nav2_msgs__rosidl_generator_c.dir/rosidl_generator_c/nav2_msgs/srv/detail/clear_costmap_except_region__functions.c.o[0m
[0.810s] [  4%] [32mBuilding C object CMakeFiles/nav2_msgs__rosidl_generator_c.dir/rosidl_generator_c/nav2_msgs/srv/detail/is_path_valid__functions.c.o[0m
[0.810s] [  4%] Built target ament_cmake_python_copy_nav2_msgs
[0.892s] [  4%] [32mBuilding CXX object CMakeFiles/nav2_msgs__rosidl_typesupport_fastrtps_cpp.dir/rosidl_typesupport_fastrtps_cpp/nav2_msgs/msg/detail/dds_fastrtps/costmap__type_support.cpp.o[0m
[0.937s] [  4%] [32mBuilding CXX object CMakeFiles/nav2_msgs__rosidl_typesupport_cpp.dir/rosidl_typesupport_cpp/nav2_msgs/msg/costmap__type_support.cpp.o[0m
[0.991s] [  4%] [32mBuilding CXX object CMakeFiles/nav2_msgs__rosidl_typesupport_introspection_cpp.dir/rosidl_typesupport_introspection_cpp/nav2_msgs/msg/detail/costmap__type_support.cpp.o[0m
[1.006s] [  5%] [32mBuilding CXX object CMakeFiles/nav2_msgs__rosidl_typesupport_introspection_cpp.dir/rosidl_typesupport_introspection_cpp/nav2_msgs/msg/detail/costmap_meta_data__type_support.cpp.o[0m
[1.076s] [  6%] [32mBuilding C object CMakeFiles/nav2_msgs__rosidl_generator_c.dir/rosidl_generator_c/nav2_msgs/srv/detail/clear_costmap_around_robot__functions.c.o[0m
[1.217s] [  6%] [32mBuilding CXX object CMakeFiles/nav2_msgs__rosidl_typesupport_fastrtps_cpp.dir/rosidl_typesupport_fastrtps_cpp/nav2_msgs/msg/detail/dds_fastrtps/costmap_meta_data__type_support.cpp.o[0m
[1.252s] [  6%] [32mBuilding CXX object CMakeFiles/nav2_msgs__rosidl_typesupport_introspection_cpp.dir/rosidl_typesupport_introspection_cpp/nav2_msgs/msg/detail/costmap_filter_info__type_support.cpp.o[0m
[1.255s] [  6%] [32mBuilding CXX object CMakeFiles/nav2_msgs__rosidl_typesupport_cpp.dir/rosidl_typesupport_cpp/nav2_msgs/msg/costmap_meta_data__type_support.cpp.o[0m
[1.292s] [  7%] [32mBuilding CXX object CMakeFiles/nav2_msgs__rosidl_typesupport_cpp.dir/rosidl_typesupport_cpp/nav2_msgs/msg/costmap_filter_info__type_support.cpp.o[0m
[1.318s] [  7%] [32mBuilding C object CMakeFiles/nav2_msgs__rosidl_generator_c.dir/rosidl_generator_c/nav2_msgs/srv/detail/clear_entire_costmap__functions.c.o[0m
[1.384s] [  7%] [32mBuilding C object CMakeFiles/nav2_msgs__rosidl_generator_c.dir/rosidl_generator_c/nav2_msgs/srv/detail/load_map__functions.c.o[0m
[1.398s] [  8%] [32mBuilding C object CMakeFiles/nav2_msgs__rosidl_generator_c.dir/rosidl_generator_c/nav2_msgs/srv/detail/manage_lifecycle_nodes__functions.c.o[0m
[1.599s] [  8%] [32mBuilding C object CMakeFiles/nav2_msgs__rosidl_generator_c.dir/rosidl_generator_c/nav2_msgs/srv/detail/save_map__functions.c.o[0m
[1.784s] [  8%] [32mBuilding CXX object CMakeFiles/nav2_msgs__rosidl_typesupport_introspection_cpp.dir/rosidl_typesupport_introspection_cpp/nav2_msgs/msg/detail/speed_limit__type_support.cpp.o[0m
[1.867s] [  9%] [32mBuilding C object CMakeFiles/nav2_msgs__rosidl_generator_c.dir/rosidl_generator_c/nav2_msgs/action/detail/back_up__functions.c.o[0m
[1.919s] [ 10%] [32mBuilding CXX object CMakeFiles/nav2_msgs__rosidl_typesupport_introspection_cpp.dir/rosidl_typesupport_introspection_cpp/nav2_msgs/msg/detail/voxel_grid__type_support.cpp.o[0m
[1.954s] [ 10%] [32mBuilding CXX object CMakeFiles/nav2_msgs__rosidl_typesupport_introspection_cpp.dir/rosidl_typesupport_introspection_cpp/nav2_msgs/msg/detail/behavior_tree_status_change__type_support.cpp.o[0m
[2.225s] [ 10%] [32mBuilding C object CMakeFiles/nav2_msgs__rosidl_generator_c.dir/rosidl_generator_c/nav2_msgs/action/detail/compute_path_to_pose__functions.c.o[0m
[2.246s] running egg_info
[2.253s] writing nav2_msgs.egg-info/PKG-INFO
[2.253s] writing dependency_links to nav2_msgs.egg-info/dependency_links.txt
[2.257s] writing top-level names to nav2_msgs.egg-info/top_level.txt
[2.270s] reading manifest file 'nav2_msgs.egg-info/SOURCES.txt'
[2.280s] writing manifest file 'nav2_msgs.egg-info/SOURCES.txt'
[2.343s] [ 10%] [32mBuilding CXX object CMakeFiles/nav2_msgs__rosidl_typesupport_cpp.dir/rosidl_typesupport_cpp/nav2_msgs/msg/speed_limit__type_support.cpp.o[0m
[2.441s] [ 11%] [32mBuilding CXX object CMakeFiles/nav2_msgs__rosidl_typesupport_fastrtps_cpp.dir/rosidl_typesupport_fastrtps_cpp/nav2_msgs/msg/detail/dds_fastrtps/costmap_filter_info__type_support.cpp.o[0m
[2.510s] [ 11%] [32mBuilding CXX object CMakeFiles/nav2_msgs__rosidl_typesupport_fastrtps_cpp.dir/rosidl_typesupport_fastrtps_cpp/nav2_msgs/msg/detail/dds_fastrtps/speed_limit__type_support.cpp.o[0m
[2.637s] [ 11%] [32mBuilding CXX object CMakeFiles/nav2_msgs__rosidl_typesupport_introspection_cpp.dir/rosidl_typesupport_introspection_cpp/nav2_msgs/msg/detail/behavior_tree_log__type_support.cpp.o[0m
[2.699s] [ 11%] Built target ament_cmake_python_build_nav2_msgs_egg
[2.764s] [ 13%] [32mBuilding C object CMakeFiles/nav2_msgs__rosidl_generator_c.dir/rosidl_generator_c/nav2_msgs/action/detail/compute_path_through_poses__functions.c.o[0m
[2.768s] [ 12%] [32mBuilding CXX object CMakeFiles/nav2_msgs__rosidl_typesupport_fastrtps_cpp.dir/rosidl_typesupport_fastrtps_cpp/nav2_msgs/msg/detail/dds_fastrtps/voxel_grid__type_support.cpp.o[0m
[3.217s] [ 14%] [32mBuilding CXX object CMakeFiles/nav2_msgs__rosidl_typesupport_cpp.dir/rosidl_typesupport_cpp/nav2_msgs/msg/voxel_grid__type_support.cpp.o[0m
[3.331s] [ 14%] [32mBuilding CXX object CMakeFiles/nav2_msgs__rosidl_typesupport_cpp.dir/rosidl_typesupport_cpp/nav2_msgs/msg/behavior_tree_status_change__type_support.cpp.o[0m
[3.350s] [ 14%] [32mBuilding CXX object CMakeFiles/nav2_msgs__rosidl_typesupport_fastrtps_cpp.dir/rosidl_typesupport_fastrtps_cpp/nav2_msgs/msg/detail/dds_fastrtps/behavior_tree_status_change__type_support.cpp.o[0m
[3.833s] [ 15%] [32mBuilding CXX object CMakeFiles/nav2_msgs__rosidl_typesupport_introspection_cpp.dir/rosidl_typesupport_introspection_cpp/nav2_msgs/msg/detail/particle__type_support.cpp.o[0m
[3.929s] [ 15%] [32mBuilding CXX object CMakeFiles/nav2_msgs__rosidl_typesupport_introspection_cpp.dir/rosidl_typesupport_introspection_cpp/nav2_msgs/msg/detail/particle_cloud__type_support.cpp.o[0m
[3.999s] [ 15%] [32mBuilding C object CMakeFiles/nav2_msgs__rosidl_generator_c.dir/rosidl_generator_c/nav2_msgs/action/detail/drive_on_heading__functions.c.o[0m
[4.140s] [ 15%] [32mBuilding CXX object CMakeFiles/nav2_msgs__rosidl_typesupport_fastrtps_cpp.dir/rosidl_typesupport_fastrtps_cpp/nav2_msgs/msg/detail/dds_fastrtps/behavior_tree_log__type_support.cpp.o[0m
[4.242s] [ 16%] [32mBuilding CXX object CMakeFiles/nav2_msgs__rosidl_typesupport_introspection_cpp.dir/rosidl_typesupport_introspection_cpp/nav2_msgs/srv/detail/get_costmap__type_support.cpp.o[0m
[4.253s] [ 16%] [32mBuilding CXX object CMakeFiles/nav2_msgs__rosidl_typesupport_cpp.dir/rosidl_typesupport_cpp/nav2_msgs/msg/behavior_tree_log__type_support.cpp.o[0m
[4.273s] [ 17%] [32mBuilding CXX object CMakeFiles/nav2_msgs__rosidl_typesupport_cpp.dir/rosidl_typesupport_cpp/nav2_msgs/msg/particle__type_support.cpp.o[0m
[4.287s] [ 18%] [32mBuilding CXX object CMakeFiles/nav2_msgs__rosidl_typesupport_fastrtps_cpp.dir/rosidl_typesupport_fastrtps_cpp/nav2_msgs/msg/detail/dds_fastrtps/particle__type_support.cpp.o[0m
[4.311s] [ 18%] [32mBuilding CXX object CMakeFiles/nav2_msgs__rosidl_typesupport_introspection_cpp.dir/rosidl_typesupport_introspection_cpp/nav2_msgs/srv/detail/is_path_valid__type_support.cpp.o[0m
[4.634s] [ 18%] [32mBuilding CXX object CMakeFiles/nav2_msgs__rosidl_typesupport_introspection_cpp.dir/rosidl_typesupport_introspection_cpp/nav2_msgs/srv/detail/clear_costmap_except_region__type_support.cpp.o[0m
[4.698s] [ 18%] [32mBuilding CXX object CMakeFiles/nav2_msgs__rosidl_typesupport_fastrtps_cpp.dir/rosidl_typesupport_fastrtps_cpp/nav2_msgs/msg/detail/dds_fastrtps/particle_cloud__type_support.cpp.o[0m
[4.705s] [ 18%] [32mBuilding C object CMakeFiles/nav2_msgs__rosidl_generator_c.dir/rosidl_generator_c/nav2_msgs/action/detail/smooth_path__functions.c.o[0m
[4.763s] [ 19%] [32mBuilding C object CMakeFiles/nav2_msgs__rosidl_generator_c.dir/rosidl_generator_c/nav2_msgs/action/detail/follow_path__functions.c.o[0m
[4.934s] [ 19%] [32mBuilding CXX object CMakeFiles/nav2_msgs__rosidl_typesupport_cpp.dir/rosidl_typesupport_cpp/nav2_msgs/msg/particle_cloud__type_support.cpp.o[0m
[5.148s] [ 20%] [32mBuilding CXX object CMakeFiles/nav2_msgs__rosidl_typesupport_fastrtps_cpp.dir/rosidl_typesupport_fastrtps_cpp/nav2_msgs/srv/detail/dds_fastrtps/get_costmap__type_support.cpp.o[0m
[5.195s] [ 20%] [32mBuilding CXX object CMakeFiles/nav2_msgs__rosidl_typesupport_fastrtps_cpp.dir/rosidl_typesupport_fastrtps_cpp/nav2_msgs/srv/detail/dds_fastrtps/is_path_valid__type_support.cpp.o[0m
[5.294s] [ 20%] [32mBuilding CXX object CMakeFiles/nav2_msgs__rosidl_typesupport_fastrtps_cpp.dir/rosidl_typesupport_fastrtps_cpp/nav2_msgs/srv/detail/dds_fastrtps/clear_costmap_except_region__type_support.cpp.o[0m
[5.413s] [ 21%] [32mBuilding CXX object CMakeFiles/nav2_msgs__rosidl_typesupport_fastrtps_cpp.dir/rosidl_typesupport_fastrtps_cpp/nav2_msgs/srv/detail/dds_fastrtps/clear_costmap_around_robot__type_support.cpp.o[0m
[5.690s] [ 21%] [32mBuilding C object CMakeFiles/nav2_msgs__rosidl_generator_c.dir/rosidl_generator_c/nav2_msgs/action/detail/navigate_to_pose__functions.c.o[0m
[5.715s] [ 22%] [32mBuilding C object CMakeFiles/nav2_msgs__rosidl_generator_c.dir/rosidl_generator_c/nav2_msgs/action/detail/wait__functions.c.o[0m
[5.718s] [ 22%] [32mBuilding C object CMakeFiles/nav2_msgs__rosidl_generator_c.dir/rosidl_generator_c/nav2_msgs/action/detail/navigate_through_poses__functions.c.o[0m
[5.860s] [ 23%] [32mBuilding CXX object CMakeFiles/nav2_msgs__rosidl_typesupport_introspection_cpp.dir/rosidl_typesupport_introspection_cpp/nav2_msgs/srv/detail/clear_costmap_around_robot__type_support.cpp.o[0m
[5.894s] [ 23%] [32mBuilding CXX object CMakeFiles/nav2_msgs__rosidl_typesupport_fastrtps_cpp.dir/rosidl_typesupport_fastrtps_cpp/nav2_msgs/srv/detail/dds_fastrtps/clear_entire_costmap__type_support.cpp.o[0m
[5.969s] [ 23%] [32mBuilding CXX object CMakeFiles/nav2_msgs__rosidl_typesupport_cpp.dir/rosidl_typesupport_cpp/nav2_msgs/srv/get_costmap__type_support.cpp.o[0m
[6.085s] [ 23%] [32mBuilding CXX object CMakeFiles/nav2_msgs__rosidl_typesupport_introspection_cpp.dir/rosidl_typesupport_introspection_cpp/nav2_msgs/srv/detail/clear_entire_costmap__type_support.cpp.o[0m
[6.097s] [ 24%] [32mBuilding C object CMakeFiles/nav2_msgs__rosidl_generator_c.dir/rosidl_generator_c/nav2_msgs/action/detail/dummy_behavior__functions.c.o[0m
[6.109s] [ 24%] [32mBuilding C object CMakeFiles/nav2_msgs__rosidl_generator_c.dir/rosidl_generator_c/nav2_msgs/action/detail/spin__functions.c.o[0m
[6.111s] [ 25%] [32mBuilding CXX object CMakeFiles/nav2_msgs__rosidl_typesupport_fastrtps_cpp.dir/rosidl_typesupport_fastrtps_cpp/nav2_msgs/srv/detail/dds_fastrtps/manage_lifecycle_nodes__type_support.cpp.o[0m
[6.685s] [ 25%] [32mBuilding CXX object CMakeFiles/nav2_msgs__rosidl_typesupport_fastrtps_cpp.dir/rosidl_typesupport_fastrtps_cpp/nav2_msgs/srv/detail/dds_fastrtps/load_map__type_support.cpp.o[0m
[6.783s] [ 25%] [32mBuilding CXX object CMakeFiles/nav2_msgs__rosidl_typesupport_fastrtps_cpp.dir/rosidl_typesupport_fastrtps_cpp/nav2_msgs/srv/detail/dds_fastrtps/save_map__type_support.cpp.o[0m
[6.786s] [ 26%] [32mBuilding CXX object CMakeFiles/nav2_msgs__rosidl_typesupport_introspection_cpp.dir/rosidl_typesupport_introspection_cpp/nav2_msgs/srv/detail/manage_lifecycle_nodes__type_support.cpp.o[0m
[6.939s] [ 27%] [32mBuilding CXX object CMakeFiles/nav2_msgs__rosidl_typesupport_cpp.dir/rosidl_typesupport_cpp/nav2_msgs/srv/is_path_valid__type_support.cpp.o[0m
[6.950s] [ 28%] [32mBuilding CXX object CMakeFiles/nav2_msgs__rosidl_typesupport_fastrtps_cpp.dir/rosidl_typesupport_fastrtps_cpp/nav2_msgs/action/detail/dds_fastrtps/back_up__type_support.cpp.o[0m
[7.214s] [ 28%] [32mBuilding CXX object CMakeFiles/nav2_msgs__rosidl_typesupport_introspection_cpp.dir/rosidl_typesupport_introspection_cpp/nav2_msgs/srv/detail/load_map__type_support.cpp.o[0m
[7.227s] [ 28%] [32mBuilding C object CMakeFiles/nav2_msgs__rosidl_generator_c.dir/rosidl_generator_c/nav2_msgs/action/detail/follow_waypoints__functions.c.o[0m
[7.276s] [ 28%] [32mBuilding CXX object CMakeFiles/nav2_msgs__rosidl_typesupport_cpp.dir/rosidl_typesupport_cpp/nav2_msgs/srv/clear_costmap_except_region__type_support.cpp.o[0m
[7.346s] [ 28%] [32mBuilding CXX object CMakeFiles/nav2_msgs__rosidl_typesupport_introspection_cpp.dir/rosidl_typesupport_introspection_cpp/nav2_msgs/srv/detail/save_map__type_support.cpp.o[0m
[7.442s] [ 29%] [32mBuilding CXX object CMakeFiles/nav2_msgs__rosidl_typesupport_cpp.dir/rosidl_typesupport_cpp/nav2_msgs/srv/clear_costmap_around_robot__type_support.cpp.o[0m
[7.592s] [ 29%] [32mBuilding CXX object CMakeFiles/nav2_msgs__rosidl_typesupport_fastrtps_cpp.dir/rosidl_typesupport_fastrtps_cpp/nav2_msgs/action/detail/dds_fastrtps/compute_path_to_pose__type_support.cpp.o[0m
[7.705s] [ 29%] [32mBuilding CXX object CMakeFiles/nav2_msgs__rosidl_typesupport_fastrtps_cpp.dir/rosidl_typesupport_fastrtps_cpp/nav2_msgs/action/detail/dds_fastrtps/compute_path_through_poses__type_support.cpp.o[0m
[7.780s] [ 30%] [32mBuilding CXX object CMakeFiles/nav2_msgs__rosidl_typesupport_introspection_cpp.dir/rosidl_typesupport_introspection_cpp/nav2_msgs/action/detail/back_up__type_support.cpp.o[0m
[7.815s] [ 31%] [32mBuilding CXX object CMakeFiles/nav2_msgs__rosidl_typesupport_fastrtps_cpp.dir/rosidl_typesupport_fastrtps_cpp/nav2_msgs/action/detail/dds_fastrtps/drive_on_heading__type_support.cpp.o[0m
[7.816s] [ 31%] [32mBuilding CXX object CMakeFiles/nav2_msgs__rosidl_typesupport_cpp.dir/rosidl_typesupport_cpp/nav2_msgs/srv/clear_entire_costmap__type_support.cpp.o[0m
[7.870s] [ 31%] [32mBuilding CXX object CMakeFiles/nav2_msgs__rosidl_typesupport_fastrtps_cpp.dir/rosidl_typesupport_fastrtps_cpp/nav2_msgs/action/detail/dds_fastrtps/smooth_path__type_support.cpp.o[0m
[7.943s] [ 31%] [32mBuilding CXX object CMakeFiles/nav2_msgs__rosidl_typesupport_introspection_cpp.dir/rosidl_typesupport_introspection_cpp/nav2_msgs/action/detail/compute_path_to_pose__type_support.cpp.o[0m
[7.943s] [ 32%] [32mBuilding CXX object CMakeFiles/nav2_msgs__rosidl_typesupport_fastrtps_cpp.dir/rosidl_typesupport_fastrtps_cpp/nav2_msgs/action/detail/dds_fastrtps/follow_path__type_support.cpp.o[0m
[8.054s] [ 32%] [32mBuilding CXX object CMakeFiles/nav2_msgs__rosidl_typesupport_fastrtps_cpp.dir/rosidl_typesupport_fastrtps_cpp/nav2_msgs/action/detail/dds_fastrtps/navigate_to_pose__type_support.cpp.o[0m
[8.492s] [ 32%] [32mBuilding CXX object CMakeFiles/nav2_msgs__rosidl_typesupport_cpp.dir/rosidl_typesupport_cpp/nav2_msgs/srv/manage_lifecycle_nodes__type_support.cpp.o[0m
[8.982s] [ 32%] [32mBuilding CXX object CMakeFiles/nav2_msgs__rosidl_typesupport_fastrtps_cpp.dir/rosidl_typesupport_fastrtps_cpp/nav2_msgs/action/detail/dds_fastrtps/navigate_through_poses__type_support.cpp.o[0m
[9.210s] [ 33%] [32mBuilding CXX object CMakeFiles/nav2_msgs__rosidl_typesupport_introspection_cpp.dir/rosidl_typesupport_introspection_cpp/nav2_msgs/action/detail/compute_path_through_poses__type_support.cpp.o[0m
[9.490s] [ 33%] [32mBuilding CXX object CMakeFiles/nav2_msgs__rosidl_typesupport_introspection_cpp.dir/rosidl_typesupport_introspection_cpp/nav2_msgs/action/detail/drive_on_heading__type_support.cpp.o[0m
[9.559s] [ 34%] [32mBuilding CXX object CMakeFiles/nav2_msgs__rosidl_typesupport_cpp.dir/rosidl_typesupport_cpp/nav2_msgs/srv/load_map__type_support.cpp.o[0m
[9.747s] [ 34%] [32mBuilding CXX object CMakeFiles/nav2_msgs__rosidl_typesupport_cpp.dir/rosidl_typesupport_cpp/nav2_msgs/srv/save_map__type_support.cpp.o[0m
[9.867s] [ 35%] [32mBuilding CXX object CMakeFiles/nav2_msgs__rosidl_typesupport_fastrtps_cpp.dir/rosidl_typesupport_fastrtps_cpp/nav2_msgs/action/detail/dds_fastrtps/wait__type_support.cpp.o[0m
[10.115s] [ 35%] [32mBuilding CXX object CMakeFiles/nav2_msgs__rosidl_typesupport_fastrtps_cpp.dir/rosidl_typesupport_fastrtps_cpp/nav2_msgs/action/detail/dds_fastrtps/spin__type_support.cpp.o[0m
[10.172s] [ 35%] [32mBuilding CXX object CMakeFiles/nav2_msgs__rosidl_typesupport_introspection_cpp.dir/rosidl_typesupport_introspection_cpp/nav2_msgs/action/detail/smooth_path__type_support.cpp.o[0m
[10.172s] [ 36%] [32mBuilding CXX object CMakeFiles/nav2_msgs__rosidl_typesupport_cpp.dir/rosidl_typesupport_cpp/nav2_msgs/action/back_up__type_support.cpp.o[0m
[10.681s] [ 36%] [32m[1mLinking C shared library libnav2_msgs__rosidl_generator_c.so[0m
[11.118s] [ 37%] Built target nav2_msgs__rosidl_generator_c
[11.886s] [ 37%] [32mBuilding CXX object CMakeFiles/nav2_msgs__rosidl_typesupport_cpp.dir/rosidl_typesupport_cpp/nav2_msgs/action/compute_path_through_poses__type_support.cpp.o[0m
[12.865s] [ 37%] [32mBuilding CXX object CMakeFiles/nav2_msgs__rosidl_typesupport_introspection_cpp.dir/rosidl_typesupport_introspection_cpp/nav2_msgs/action/detail/wait__type_support.cpp.o[0m
[12.896s] [ 37%] [32mBuilding CXX object CMakeFiles/nav2_msgs__rosidl_typesupport_fastrtps_cpp.dir/rosidl_typesupport_fastrtps_cpp/nav2_msgs/action/detail/dds_fastrtps/follow_waypoints__type_support.cpp.o[0m
[13.547s] [ 37%] [32mBuilding CXX object CMakeFiles/nav2_msgs__rosidl_typesupport_cpp.dir/rosidl_typesupport_cpp/nav2_msgs/action/navigate_to_pose__type_support.cpp.o[0m
[14.418s] [ 38%] [32mBuilding CXX object CMakeFiles/nav2_msgs__rosidl_typesupport_fastrtps_cpp.dir/rosidl_typesupport_fastrtps_cpp/nav2_msgs/action/detail/dds_fastrtps/dummy_behavior__type_support.cpp.o[0m
[14.419s] [ 39%] [32mBuilding CXX object CMakeFiles/nav2_msgs__rosidl_typesupport_introspection_cpp.dir/rosidl_typesupport_introspection_cpp/nav2_msgs/action/detail/dummy_behavior__type_support.cpp.o[0m
[15.638s] [ 39%] [32mBuilding CXX object CMakeFiles/nav2_msgs__rosidl_typesupport_cpp.dir/rosidl_typesupport_cpp/nav2_msgs/action/navigate_through_poses__type_support.cpp.o[0m
[15.828s] [ 39%] [32m[1mLinking CXX shared library libnav2_msgs__rosidl_typesupport_fastrtps_cpp.so[0m
[15.909s] [ 39%] [32mBuilding CXX object CMakeFiles/nav2_msgs__rosidl_typesupport_introspection_cpp.dir/rosidl_typesupport_introspection_cpp/nav2_msgs/action/detail/follow_waypoints__type_support.cpp.o[0m
[16.295s] [ 39%] [32mBuilding CXX object CMakeFiles/nav2_msgs__rosidl_typesupport_cpp.dir/rosidl_typesupport_cpp/nav2_msgs/action/spin__type_support.cpp.o[0m
[16.697s] [ 39%] [32mBuilding CXX object CMakeFiles/nav2_msgs__rosidl_typesupport_introspection_cpp.dir/rosidl_typesupport_introspection_cpp/nav2_msgs/action/detail/spin__type_support.cpp.o[0m
[16.704s] [ 40%] Built target nav2_msgs__rosidl_typesupport_fastrtps_cpp
[16.809s] [ 40%] [32mBuilding CXX object CMakeFiles/nav2_msgs__rosidl_typesupport_cpp.dir/rosidl_typesupport_cpp/nav2_msgs/action/follow_waypoints__type_support.cpp.o[0m
[17.394s] [ 41%] [32mBuilding CXX object CMakeFiles/nav2_msgs__rosidl_typesupport_introspection_cpp.dir/rosidl_typesupport_introspection_cpp/nav2_msgs/action/detail/navigate_through_poses__type_support.cpp.o[0m
[17.405s] [ 42%] [32mBuilding CXX object CMakeFiles/nav2_msgs__rosidl_typesupport_cpp.dir/rosidl_typesupport_cpp/nav2_msgs/action/dummy_behavior__type_support.cpp.o[0m
[18.332s] [ 43%] [32mBuilding CXX object CMakeFiles/nav2_msgs__rosidl_typesupport_cpp.dir/rosidl_typesupport_cpp/nav2_msgs/action/wait__type_support.cpp.o[0m
[18.708s] [ 43%] [32mBuilding CXX object CMakeFiles/nav2_msgs__rosidl_typesupport_introspection_cpp.dir/rosidl_typesupport_introspection_cpp/nav2_msgs/action/detail/navigate_to_pose__type_support.cpp.o[0m
[19.020s] [ 44%] [32mBuilding CXX object CMakeFiles/nav2_msgs__rosidl_typesupport_cpp.dir/rosidl_typesupport_cpp/nav2_msgs/action/follow_path__type_support.cpp.o[0m
[19.799s] [ 44%] [32mBuilding CXX object CMakeFiles/nav2_msgs__rosidl_typesupport_cpp.dir/rosidl_typesupport_cpp/nav2_msgs/action/smooth_path__type_support.cpp.o[0m
[19.939s] [ 45%] [32mBuilding CXX object CMakeFiles/nav2_msgs__rosidl_typesupport_introspection_cpp.dir/rosidl_typesupport_introspection_cpp/nav2_msgs/action/detail/follow_path__type_support.cpp.o[0m
[20.550s] [ 46%] [32mBuilding CXX object CMakeFiles/nav2_msgs__rosidl_typesupport_cpp.dir/rosidl_typesupport_cpp/nav2_msgs/action/drive_on_heading__type_support.cpp.o[0m
[20.995s] [ 47%] [32m[1mLinking CXX shared library libnav2_msgs__rosidl_typesupport_introspection_cpp.so[0m
[21.154s] [ 48%] Built target nav2_msgs__rosidl_typesupport_introspection_cpp
[21.237s] [ 48%] [32mBuilding CXX object CMakeFiles/nav2_msgs__rosidl_typesupport_cpp.dir/rosidl_typesupport_cpp/nav2_msgs/action/compute_path_to_pose__type_support.cpp.o[0m
[21.917s] [ 48%] [32m[1mLinking CXX shared library libnav2_msgs__rosidl_typesupport_cpp.so[0m
[21.985s] [ 49%] Built target nav2_msgs__rosidl_typesupport_cpp
[22.027s] [ 49%] [32mBuilding CXX object CMakeFiles/nav2_msgs__rosidl_typesupport_c.dir/rosidl_typesupport_c/nav2_msgs/msg/costmap__type_support.cpp.o[0m
[22.070s] [ 49%] [32mBuilding CXX object CMakeFiles/nav2_msgs__rosidl_typesupport_c.dir/rosidl_typesupport_c/nav2_msgs/srv/clear_entire_costmap__type_support.cpp.o[0m
[22.112s] [ 49%] [32mBuilding CXX object CMakeFiles/nav2_msgs__rosidl_typesupport_c.dir/rosidl_typesupport_c/nav2_msgs/srv/manage_lifecycle_nodes__type_support.cpp.o[0m
[22.148s] [ 50%] [32mBuilding CXX object CMakeFiles/nav2_msgs__rosidl_typesupport_c.dir/rosidl_typesupport_c/nav2_msgs/srv/load_map__type_support.cpp.o[0m
[22.182s] [ 50%] [32mBuilding CXX object CMakeFiles/nav2_msgs__rosidl_typesupport_c.dir/rosidl_typesupport_c/nav2_msgs/srv/save_map__type_support.cpp.o[0m
[22.228s] [ 51%] [32mBuilding CXX object CMakeFiles/nav2_msgs__rosidl_typesupport_c.dir/rosidl_typesupport_c/nav2_msgs/action/back_up__type_support.cpp.o[0m
[22.310s] [ 51%] [32mBuilding CXX object CMakeFiles/nav2_msgs__rosidl_typesupport_c.dir/rosidl_typesupport_c/nav2_msgs/action/compute_path_to_pose__type_support.cpp.o[0m
[22.379s] [ 51%] [32mBuilding CXX object CMakeFiles/nav2_msgs__rosidl_typesupport_c.dir/rosidl_typesupport_c/nav2_msgs/action/compute_path_through_poses__type_support.cpp.o[0m
[22.434s] [ 52%] [32mBuilding CXX object CMakeFiles/nav2_msgs__rosidl_typesupport_c.dir/rosidl_typesupport_c/nav2_msgs/action/drive_on_heading__type_support.cpp.o[0m
[22.508s] [ 52%] [32mBuilding CXX object CMakeFiles/nav2_msgs__rosidl_typesupport_c.dir/rosidl_typesupport_c/nav2_msgs/action/smooth_path__type_support.cpp.o[0m
[22.585s] [ 53%] [32mBuilding CXX object CMakeFiles/nav2_msgs__rosidl_typesupport_c.dir/rosidl_typesupport_c/nav2_msgs/action/follow_path__type_support.cpp.o[0m
[22.652s] [ 53%] [32mBuilding CXX object CMakeFiles/nav2_msgs__rosidl_typesupport_c.dir/rosidl_typesupport_c/nav2_msgs/action/navigate_to_pose__type_support.cpp.o[0m
[22.725s] [ 53%] [32mBuilding CXX object CMakeFiles/nav2_msgs__rosidl_typesupport_c.dir/rosidl_typesupport_c/nav2_msgs/action/navigate_through_poses__type_support.cpp.o[0m
[22.784s] [ 54%] [32mBuilding CXX object CMakeFiles/nav2_msgs__rosidl_typesupport_c.dir/rosidl_typesupport_c/nav2_msgs/action/wait__type_support.cpp.o[0m
[22.860s] [ 54%] [32mBuilding CXX object CMakeFiles/nav2_msgs__rosidl_typesupport_c.dir/rosidl_typesupport_c/nav2_msgs/action/spin__type_support.cpp.o[0m
[22.935s] [ 55%] [32mBuilding CXX object CMakeFiles/nav2_msgs__rosidl_typesupport_c.dir/rosidl_typesupport_c/nav2_msgs/action/dummy_behavior__type_support.cpp.o[0m
[22.997s] [ 55%] [32mBuilding CXX object CMakeFiles/nav2_msgs__rosidl_typesupport_c.dir/rosidl_typesupport_c/nav2_msgs/action/follow_waypoints__type_support.cpp.o[0m
[23.056s] [ 56%] [32mBuilding CXX object CMakeFiles/nav2_msgs__rosidl_typesupport_c.dir/rosidl_typesupport_c/nav2_msgs/srv/clear_costmap_around_robot__type_support.cpp.o[0m
[23.092s] [ 56%] [32mBuilding CXX object CMakeFiles/nav2_msgs__rosidl_typesupport_c.dir/rosidl_typesupport_c/nav2_msgs/srv/clear_costmap_except_region__type_support.cpp.o[0m
[23.129s] [ 56%] [32mBuilding CXX object CMakeFiles/nav2_msgs__rosidl_typesupport_c.dir/rosidl_typesupport_c/nav2_msgs/srv/is_path_valid__type_support.cpp.o[0m
[23.162s] [ 57%] [32mBuilding CXX object CMakeFiles/nav2_msgs__rosidl_typesupport_c.dir/rosidl_typesupport_c/nav2_msgs/srv/get_costmap__type_support.cpp.o[0m
[23.199s] [ 57%] [32mBuilding CXX object CMakeFiles/nav2_msgs__rosidl_typesupport_c.dir/rosidl_typesupport_c/nav2_msgs/msg/particle_cloud__type_support.cpp.o[0m
[23.234s] [ 58%] [32mBuilding CXX object CMakeFiles/nav2_msgs__rosidl_typesupport_c.dir/rosidl_typesupport_c/nav2_msgs/msg/particle__type_support.cpp.o[0m
[23.274s] [ 58%] [32mBuilding CXX object CMakeFiles/nav2_msgs__rosidl_typesupport_c.dir/rosidl_typesupport_c/nav2_msgs/msg/behavior_tree_log__type_support.cpp.o[0m
[23.315s] [ 58%] [32mBuilding CXX object CMakeFiles/nav2_msgs__rosidl_typesupport_c.dir/rosidl_typesupport_c/nav2_msgs/msg/behavior_tree_status_change__type_support.cpp.o[0m
[23.357s] [ 59%] [32mBuilding CXX object CMakeFiles/nav2_msgs__rosidl_typesupport_c.dir/rosidl_typesupport_c/nav2_msgs/msg/voxel_grid__type_support.cpp.o[0m
[23.396s] [ 59%] [32mBuilding CXX object CMakeFiles/nav2_msgs__rosidl_typesupport_c.dir/rosidl_typesupport_c/nav2_msgs/msg/speed_limit__type_support.cpp.o[0m
[23.434s] [ 60%] [32mBuilding CXX object CMakeFiles/nav2_msgs__rosidl_typesupport_c.dir/rosidl_typesupport_c/nav2_msgs/msg/costmap_filter_info__type_support.cpp.o[0m
[23.474s] [ 60%] [32mBuilding CXX object CMakeFiles/nav2_msgs__rosidl_typesupport_c.dir/rosidl_typesupport_c/nav2_msgs/msg/costmap_meta_data__type_support.cpp.o[0m
[23.521s] [ 60%] [32m[1mLinking CXX shared library libnav2_msgs__rosidl_typesupport_c.so[0m
[23.965s] [ 61%] Built target nav2_msgs__rosidl_typesupport_c
[24.392s] [ 61%] [32mBuilding C object CMakeFiles/nav2_msgs__rosidl_typesupport_introspection_c.dir/rosidl_typesupport_introspection_c/nav2_msgs/msg/detail/costmap__type_support.c.o[0m
[24.552s] [ 62%] [32mBuilding C object CMakeFiles/nav2_msgs__rosidl_typesupport_introspection_c.dir/rosidl_typesupport_introspection_c/nav2_msgs/srv/detail/manage_lifecycle_nodes__type_support.c.o[0m
[24.619s] [ 62%] [32mBuilding C object CMakeFiles/nav2_msgs__rosidl_typesupport_introspection_c.dir/rosidl_typesupport_introspection_c/nav2_msgs/srv/detail/load_map__type_support.c.o[0m
[24.700s] [ 62%] [32mBuilding C object CMakeFiles/nav2_msgs__rosidl_typesupport_introspection_c.dir/rosidl_typesupport_introspection_c/nav2_msgs/srv/detail/save_map__type_support.c.o[0m
[24.809s] [ 63%] [32mBuilding C object CMakeFiles/nav2_msgs__rosidl_typesupport_introspection_c.dir/rosidl_typesupport_introspection_c/nav2_msgs/action/detail/back_up__type_support.c.o[0m
[24.895s] [ 63%] [32mBuilding C object CMakeFiles/nav2_msgs__rosidl_typesupport_introspection_c.dir/rosidl_typesupport_introspection_c/nav2_msgs/action/detail/compute_path_to_pose__type_support.c.o[0m
[25.010s] [ 64%] [32mBuilding C object CMakeFiles/nav2_msgs__rosidl_typesupport_introspection_c.dir/rosidl_typesupport_introspection_c/nav2_msgs/action/detail/compute_path_through_poses__type_support.c.o[0m
[25.128s] [ 64%] [32mBuilding C object CMakeFiles/nav2_msgs__rosidl_typesupport_introspection_c.dir/rosidl_typesupport_introspection_c/nav2_msgs/action/detail/drive_on_heading__type_support.c.o[0m
[25.197s] [ 64%] [32mBuilding C object CMakeFiles/nav2_msgs__rosidl_typesupport_introspection_c.dir/rosidl_typesupport_introspection_c/nav2_msgs/action/detail/smooth_path__type_support.c.o[0m
[25.278s] [ 65%] [32mBuilding C object CMakeFiles/nav2_msgs__rosidl_typesupport_introspection_c.dir/rosidl_typesupport_introspection_c/nav2_msgs/action/detail/follow_path__type_support.c.o[0m
[25.362s] [ 65%] [32mBuilding C object CMakeFiles/nav2_msgs__rosidl_typesupport_introspection_c.dir/rosidl_typesupport_introspection_c/nav2_msgs/action/detail/navigate_to_pose__type_support.c.o[0m
[25.444s] [ 66%] [32mBuilding C object CMakeFiles/nav2_msgs__rosidl_typesupport_introspection_c.dir/rosidl_typesupport_introspection_c/nav2_msgs/action/detail/navigate_through_poses__type_support.c.o[0m
[25.541s] [ 66%] [32mBuilding C object CMakeFiles/nav2_msgs__rosidl_typesupport_introspection_c.dir/rosidl_typesupport_introspection_c/nav2_msgs/action/detail/wait__type_support.c.o[0m
[25.618s] [ 66%] [32mBuilding C object CMakeFiles/nav2_msgs__rosidl_typesupport_introspection_c.dir/rosidl_typesupport_introspection_c/nav2_msgs/action/detail/spin__type_support.c.o[0m
[25.715s] [ 67%] [32mBuilding C object CMakeFiles/nav2_msgs__rosidl_typesupport_introspection_c.dir/rosidl_typesupport_introspection_c/nav2_msgs/action/detail/dummy_behavior__type_support.c.o[0m
[25.804s] [ 67%] [32mBuilding C object CMakeFiles/nav2_msgs__rosidl_typesupport_introspection_c.dir/rosidl_typesupport_introspection_c/nav2_msgs/action/detail/follow_waypoints__type_support.c.o[0m
[25.923s] [ 67%] [32mBuilding C object CMakeFiles/nav2_msgs__rosidl_typesupport_introspection_c.dir/rosidl_typesupport_introspection_c/nav2_msgs/srv/detail/clear_entire_costmap__type_support.c.o[0m
[25.969s] [ 67%] [32mBuilding C object CMakeFiles/nav2_msgs__rosidl_typesupport_introspection_c.dir/rosidl_typesupport_introspection_c/nav2_msgs/srv/detail/clear_costmap_around_robot__type_support.c.o[0m
[26.028s] [ 68%] [32mBuilding C object CMakeFiles/nav2_msgs__rosidl_typesupport_introspection_c.dir/rosidl_typesupport_introspection_c/nav2_msgs/srv/detail/clear_costmap_except_region__type_support.c.o[0m
[26.078s] [ 68%] [32mBuilding C object CMakeFiles/nav2_msgs__rosidl_typesupport_introspection_c.dir/rosidl_typesupport_introspection_c/nav2_msgs/srv/detail/is_path_valid__type_support.c.o[0m
[26.148s] [ 69%] [32mBuilding C object CMakeFiles/nav2_msgs__rosidl_typesupport_introspection_c.dir/rosidl_typesupport_introspection_c/nav2_msgs/srv/detail/get_costmap__type_support.c.o[0m
[26.209s] [ 69%] [32mBuilding C object CMakeFiles/nav2_msgs__rosidl_typesupport_introspection_c.dir/rosidl_typesupport_introspection_c/nav2_msgs/msg/detail/particle_cloud__type_support.c.o[0m
[26.286s] [ 69%] [32mBuilding C object CMakeFiles/nav2_msgs__rosidl_typesupport_introspection_c.dir/rosidl_typesupport_introspection_c/nav2_msgs/msg/detail/particle__type_support.c.o[0m
[26.332s] [ 70%] [32mBuilding C object CMakeFiles/nav2_msgs__rosidl_typesupport_introspection_c.dir/rosidl_typesupport_introspection_c/nav2_msgs/msg/detail/behavior_tree_log__type_support.c.o[0m
[26.420s] [ 70%] [32mBuilding C object CMakeFiles/nav2_msgs__rosidl_typesupport_introspection_c.dir/rosidl_typesupport_introspection_c/nav2_msgs/msg/detail/behavior_tree_status_change__type_support.c.o[0m
[26.467s] [ 71%] [32mBuilding C object CMakeFiles/nav2_msgs__rosidl_typesupport_introspection_c.dir/rosidl_typesupport_introspection_c/nav2_msgs/msg/detail/voxel_grid__type_support.c.o[0m
[26.557s] [ 71%] [32mBuilding C object CMakeFiles/nav2_msgs__rosidl_typesupport_introspection_c.dir/rosidl_typesupport_introspection_c/nav2_msgs/msg/detail/speed_limit__type_support.c.o[0m
[26.683s] [ 71%] [32mBuilding C object CMakeFiles/nav2_msgs__rosidl_typesupport_introspection_c.dir/rosidl_typesupport_introspection_c/nav2_msgs/msg/detail/costmap_filter_info__type_support.c.o[0m
[26.747s] [ 72%] [32mBuilding C object CMakeFiles/nav2_msgs__rosidl_typesupport_introspection_c.dir/rosidl_typesupport_introspection_c/nav2_msgs/msg/detail/costmap_meta_data__type_support.c.o[0m
[26.789s] [ 73%] [32m[1mLinking C shared library libnav2_msgs__rosidl_typesupport_introspection_c.so[0m
[27.039s] [ 74%] Built target nav2_msgs__rosidl_typesupport_introspection_c
[27.277s] [ 74%] [32mBuilding CXX object CMakeFiles/nav2_msgs__rosidl_typesupport_fastrtps_c.dir/rosidl_typesupport_fastrtps_c/nav2_msgs/msg/detail/costmap__type_support_c.cpp.o[0m
[28.183s] [ 74%] [32mBuilding CXX object CMakeFiles/nav2_msgs__rosidl_typesupport_fastrtps_c.dir/rosidl_typesupport_fastrtps_c/nav2_msgs/srv/detail/load_map__type_support_c.cpp.o[0m
[28.525s] [ 74%] [32mBuilding CXX object CMakeFiles/nav2_msgs__rosidl_typesupport_fastrtps_c.dir/rosidl_typesupport_fastrtps_c/nav2_msgs/srv/detail/save_map__type_support_c.cpp.o[0m
[29.104s] [ 75%] [32mBuilding CXX object CMakeFiles/nav2_msgs__rosidl_typesupport_fastrtps_c.dir/rosidl_typesupport_fastrtps_c/nav2_msgs/action/detail/back_up__type_support_c.cpp.o[0m
[29.776s] [ 75%] [32mBuilding CXX object CMakeFiles/nav2_msgs__rosidl_typesupport_fastrtps_c.dir/rosidl_typesupport_fastrtps_c/nav2_msgs/action/detail/compute_path_to_pose__type_support_c.cpp.o[0m
[30.350s] [ 76%] [32mBuilding CXX object CMakeFiles/nav2_msgs__rosidl_typesupport_fastrtps_c.dir/rosidl_typesupport_fastrtps_c/nav2_msgs/action/detail/compute_path_through_poses__type_support_c.cpp.o[0m
[31.145s] [ 76%] [32mBuilding CXX object CMakeFiles/nav2_msgs__rosidl_typesupport_fastrtps_c.dir/rosidl_typesupport_fastrtps_c/nav2_msgs/action/detail/drive_on_heading__type_support_c.cpp.o[0m
[31.964s] [ 76%] [32mBuilding CXX object CMakeFiles/nav2_msgs__rosidl_typesupport_fastrtps_c.dir/rosidl_typesupport_fastrtps_c/nav2_msgs/action/detail/smooth_path__type_support_c.cpp.o[0m
[32.321s] [ 77%] [32mBuilding CXX object CMakeFiles/nav2_msgs__rosidl_typesupport_fastrtps_c.dir/rosidl_typesupport_fastrtps_c/nav2_msgs/action/detail/follow_path__type_support_c.cpp.o[0m
[32.744s] [ 77%] [32mBuilding CXX object CMakeFiles/nav2_msgs__rosidl_typesupport_fastrtps_c.dir/rosidl_typesupport_fastrtps_c/nav2_msgs/action/detail/navigate_to_pose__type_support_c.cpp.o[0m
[33.180s] [ 78%] [32mBuilding CXX object CMakeFiles/nav2_msgs__rosidl_typesupport_fastrtps_c.dir/rosidl_typesupport_fastrtps_c/nav2_msgs/action/detail/navigate_through_poses__type_support_c.cpp.o[0m
[33.950s] [ 78%] [32mBuilding CXX object CMakeFiles/nav2_msgs__rosidl_typesupport_fastrtps_c.dir/rosidl_typesupport_fastrtps_c/nav2_msgs/action/detail/wait__type_support_c.cpp.o[0m
[34.423s] [ 78%] [32mBuilding CXX object CMakeFiles/nav2_msgs__rosidl_typesupport_fastrtps_c.dir/rosidl_typesupport_fastrtps_c/nav2_msgs/action/detail/spin__type_support_c.cpp.o[0m
[34.814s] [ 79%] [32mBuilding CXX object CMakeFiles/nav2_msgs__rosidl_typesupport_fastrtps_c.dir/rosidl_typesupport_fastrtps_c/nav2_msgs/action/detail/dummy_behavior__type_support_c.cpp.o[0m
[35.205s] [ 79%] [32mBuilding CXX object CMakeFiles/nav2_msgs__rosidl_typesupport_fastrtps_c.dir/rosidl_typesupport_fastrtps_c/nav2_msgs/action/detail/follow_waypoints__type_support_c.cpp.o[0m
[35.824s] [ 80%] [32mBuilding CXX object CMakeFiles/nav2_msgs__rosidl_typesupport_fastrtps_c.dir/rosidl_typesupport_fastrtps_c/nav2_msgs/srv/detail/manage_lifecycle_nodes__type_support_c.cpp.o[0m
[36.182s] [ 80%] [32mBuilding CXX object CMakeFiles/nav2_msgs__rosidl_typesupport_fastrtps_c.dir/rosidl_typesupport_fastrtps_c/nav2_msgs/srv/detail/clear_entire_costmap__type_support_c.cpp.o[0m
[36.455s] [ 81%] [32mBuilding CXX object CMakeFiles/nav2_msgs__rosidl_typesupport_fastrtps_c.dir/rosidl_typesupport_fastrtps_c/nav2_msgs/srv/detail/clear_costmap_around_robot__type_support_c.cpp.o[0m
[36.706s] [ 81%] [32mBuilding CXX object CMakeFiles/nav2_msgs__rosidl_typesupport_fastrtps_c.dir/rosidl_typesupport_fastrtps_c/nav2_msgs/srv/detail/clear_costmap_except_region__type_support_c.cpp.o[0m
[36.969s] [ 81%] [32mBuilding CXX object CMakeFiles/nav2_msgs__rosidl_typesupport_fastrtps_c.dir/rosidl_typesupport_fastrtps_c/nav2_msgs/srv/detail/is_path_valid__type_support_c.cpp.o[0m
[37.250s] [ 82%] [32mBuilding CXX object CMakeFiles/nav2_msgs__rosidl_typesupport_fastrtps_c.dir/rosidl_typesupport_fastrtps_c/nav2_msgs/srv/detail/get_costmap__type_support_c.cpp.o[0m
[37.514s] [ 82%] [32mBuilding CXX object CMakeFiles/nav2_msgs__rosidl_typesupport_fastrtps_c.dir/rosidl_typesupport_fastrtps_c/nav2_msgs/msg/detail/particle_cloud__type_support_c.cpp.o[0m
[37.760s] [ 83%] [32mBuilding CXX object CMakeFiles/nav2_msgs__rosidl_typesupport_fastrtps_c.dir/rosidl_typesupport_fastrtps_c/nav2_msgs/msg/detail/particle__type_support_c.cpp.o[0m
[38.151s] [ 83%] [32mBuilding CXX object CMakeFiles/nav2_msgs__rosidl_typesupport_fastrtps_c.dir/rosidl_typesupport_fastrtps_c/nav2_msgs/msg/detail/behavior_tree_log__type_support_c.cpp.o[0m
[38.447s] [ 83%] [32mBuilding CXX object CMakeFiles/nav2_msgs__rosidl_typesupport_fastrtps_c.dir/rosidl_typesupport_fastrtps_c/nav2_msgs/msg/detail/behavior_tree_status_change__type_support_c.cpp.o[0m
[38.714s] [ 84%] [32mBuilding CXX object CMakeFiles/nav2_msgs__rosidl_typesupport_fastrtps_c.dir/rosidl_typesupport_fastrtps_c/nav2_msgs/msg/detail/voxel_grid__type_support_c.cpp.o[0m
[39.028s] [ 84%] [32mBuilding CXX object CMakeFiles/nav2_msgs__rosidl_typesupport_fastrtps_c.dir/rosidl_typesupport_fastrtps_c/nav2_msgs/msg/detail/speed_limit__type_support_c.cpp.o[0m
[39.260s] [ 85%] [32mBuilding CXX object CMakeFiles/nav2_msgs__rosidl_typesupport_fastrtps_c.dir/rosidl_typesupport_fastrtps_c/nav2_msgs/msg/detail/costmap_filter_info__type_support_c.cpp.o[0m
[39.652s] [ 85%] [32mBuilding CXX object CMakeFiles/nav2_msgs__rosidl_typesupport_fastrtps_c.dir/rosidl_typesupport_fastrtps_c/nav2_msgs/msg/detail/costmap_meta_data__type_support_c.cpp.o[0m
[39.940s] [ 85%] [32m[1mLinking CXX shared library libnav2_msgs__rosidl_typesupport_fastrtps_c.so[0m
[40.043s] [ 86%] Built target nav2_msgs__rosidl_typesupport_fastrtps_c
[40.068s] [ 86%] Built target nav2_msgs
[40.092s] [ 86%] Built target nav2_msgs__py
[40.131s] [ 87%] [32mBuilding C object CMakeFiles/nav2_msgs__rosidl_generator_py.dir/rosidl_generator_py/nav2_msgs/msg/_costmap_s.c.o[0m
[40.293s] [ 88%] [32mBuilding C object CMakeFiles/nav2_msgs__rosidl_generator_py.dir/rosidl_generator_py/nav2_msgs/srv/_load_map_s.c.o[0m
[40.394s] [ 88%] [32mBuilding C object CMakeFiles/nav2_msgs__rosidl_generator_py.dir/rosidl_generator_py/nav2_msgs/srv/_save_map_s.c.o[0m
[40.550s] [ 89%] [32mBuilding C object CMakeFiles/nav2_msgs__rosidl_generator_py.dir/rosidl_generator_py/nav2_msgs/action/_back_up_s.c.o[0m
[40.740s] [ 89%] [32mBuilding C object CMakeFiles/nav2_msgs__rosidl_generator_py.dir/rosidl_generator_py/nav2_msgs/action/_compute_path_to_pose_s.c.o[0m
[40.935s] [ 89%] [32mBuilding C object CMakeFiles/nav2_msgs__rosidl_generator_py.dir/rosidl_generator_py/nav2_msgs/action/_compute_path_through_poses_s.c.o[0m
[41.129s] [ 90%] [32mBuilding C object CMakeFiles/nav2_msgs__rosidl_generator_py.dir/rosidl_generator_py/nav2_msgs/action/_drive_on_heading_s.c.o[0m
[41.308s] [ 90%] [32mBuilding C object CMakeFiles/nav2_msgs__rosidl_generator_py.dir/rosidl_generator_py/nav2_msgs/action/_smooth_path_s.c.o[0m
[41.502s] [ 90%] [32mBuilding C object CMakeFiles/nav2_msgs__rosidl_generator_py.dir/rosidl_generator_py/nav2_msgs/action/_follow_path_s.c.o[0m
[41.699s] [ 91%] [32mBuilding C object CMakeFiles/nav2_msgs__rosidl_generator_py.dir/rosidl_generator_py/nav2_msgs/action/_navigate_to_pose_s.c.o[0m
[41.882s] [ 91%] [32mBuilding C object CMakeFiles/nav2_msgs__rosidl_generator_py.dir/rosidl_generator_py/nav2_msgs/action/_navigate_through_poses_s.c.o[0m
[42.081s] [ 92%] [32mBuilding C object CMakeFiles/nav2_msgs__rosidl_generator_py.dir/rosidl_generator_py/nav2_msgs/action/_wait_s.c.o[0m
[42.275s] [ 92%] [32mBuilding C object CMakeFiles/nav2_msgs__rosidl_generator_py.dir/rosidl_generator_py/nav2_msgs/action/_spin_s.c.o[0m
[42.448s] [ 92%] [32mBuilding C object CMakeFiles/nav2_msgs__rosidl_generator_py.dir/rosidl_generator_py/nav2_msgs/action/_dummy_behavior_s.c.o[0m
[42.626s] [ 93%] [32mBuilding C object CMakeFiles/nav2_msgs__rosidl_generator_py.dir/rosidl_generator_py/nav2_msgs/action/_follow_waypoints_s.c.o[0m
[42.829s] [ 93%] [32mBuilding C object CMakeFiles/nav2_msgs__rosidl_generator_py.dir/rosidl_generator_py/nav2_msgs/srv/_manage_lifecycle_nodes_s.c.o[0m
[42.921s] [ 93%] [32mBuilding C object CMakeFiles/nav2_msgs__rosidl_generator_py.dir/rosidl_generator_py/nav2_msgs/srv/_clear_entire_costmap_s.c.o[0m
[43.013s] [ 94%] [32mBuilding C object CMakeFiles/nav2_msgs__rosidl_generator_py.dir/rosidl_generator_py/nav2_msgs/srv/_clear_costmap_around_robot_s.c.o[0m
[43.109s] [ 94%] [32mBuilding C object CMakeFiles/nav2_msgs__rosidl_generator_py.dir/rosidl_generator_py/nav2_msgs/srv/_clear_costmap_except_region_s.c.o[0m
[43.240s] [ 95%] [32mBuilding C object CMakeFiles/nav2_msgs__rosidl_generator_py.dir/rosidl_generator_py/nav2_msgs/srv/_is_path_valid_s.c.o[0m
[43.408s] [ 95%] [32mBuilding C object CMakeFiles/nav2_msgs__rosidl_generator_py.dir/rosidl_generator_py/nav2_msgs/srv/_get_costmap_s.c.o[0m
[43.509s] [ 95%] [32mBuilding C object CMakeFiles/nav2_msgs__rosidl_generator_py.dir/rosidl_generator_py/nav2_msgs/msg/_particle_cloud_s.c.o[0m
[43.649s] [ 96%] [32mBuilding C object CMakeFiles/nav2_msgs__rosidl_generator_py.dir/rosidl_generator_py/nav2_msgs/msg/_particle_s.c.o[0m
[43.774s] [ 96%] [32mBuilding C object CMakeFiles/nav2_msgs__rosidl_generator_py.dir/rosidl_generator_py/nav2_msgs/msg/_behavior_tree_log_s.c.o[0m
[43.911s] [ 97%] [32mBuilding C object CMakeFiles/nav2_msgs__rosidl_generator_py.dir/rosidl_generator_py/nav2_msgs/msg/_behavior_tree_status_change_s.c.o[0m
[44.047s] [ 97%] [32mBuilding C object CMakeFiles/nav2_msgs__rosidl_generator_py.dir/rosidl_generator_py/nav2_msgs/msg/_voxel_grid_s.c.o[0m
[44.217s] [ 97%] [32mBuilding C object CMakeFiles/nav2_msgs__rosidl_generator_py.dir/rosidl_generator_py/nav2_msgs/msg/_speed_limit_s.c.o[0m
[44.325s] [ 98%] [32mBuilding C object CMakeFiles/nav2_msgs__rosidl_generator_py.dir/rosidl_generator_py/nav2_msgs/msg/_costmap_filter_info_s.c.o[0m
[44.413s] [ 98%] [32mBuilding C object CMakeFiles/nav2_msgs__rosidl_generator_py.dir/rosidl_generator_py/nav2_msgs/msg/_costmap_meta_data_s.c.o[0m
[44.506s] [ 98%] [32m[1mLinking C shared library rosidl_generator_py/nav2_msgs/libnav2_msgs__rosidl_generator_py.so[0m
[44.558s] [ 98%] Built target nav2_msgs__rosidl_generator_py
[44.579s] [ 99%] [32mBuilding C object CMakeFiles/nav2_msgs__rosidl_typesupport_fastrtps_c__pyext.dir/rosidl_generator_py/nav2_msgs/_nav2_msgs_s.ep.rosidl_typesupport_fastrtps_c.c.o[0m
[45.999s] [ 99%] [32m[1mLinking C shared library rosidl_generator_py/nav2_msgs/nav2_msgs_s__rosidl_typesupport_fastrtps_c.cpython-310-x86_64-linux-gnu.so[0m
[46.078s] [ 99%] Built target nav2_msgs__rosidl_typesupport_fastrtps_c__pyext
[46.102s] [100%] [32mBuilding C object CMakeFiles/nav2_msgs__rosidl_typesupport_c__pyext.dir/rosidl_generator_py/nav2_msgs/_nav2_msgs_s.ep.rosidl_typesupport_c.c.o[0m
[46.102s] [100%] [32mBuilding C object CMakeFiles/nav2_msgs__rosidl_typesupport_introspection_c__pyext.dir/rosidl_generator_py/nav2_msgs/_nav2_msgs_s.ep.rosidl_typesupport_introspection_c.c.o[0m
[47.437s] [100%] [32m[1mLinking C shared library rosidl_generator_py/nav2_msgs/nav2_msgs_s__rosidl_typesupport_c.cpython-310-x86_64-linux-gnu.so[0m
[47.495s] [100%] Built target nav2_msgs__rosidl_typesupport_c__pyext
[47.520s] [100%] [32m[1mLinking C shared library rosidl_generator_py/nav2_msgs/nav2_msgs_s__rosidl_typesupport_introspection_c.cpython-310-x86_64-linux-gnu.so[0m
[47.568s] [100%] Built target nav2_msgs__rosidl_typesupport_introspection_c__pyext
[47.602s] Invoked command in '/home/agilex/agilex_ws/build/nav2_msgs' returned '0': AMENT_PREFIX_PATH=/home/agilex/agilex_ws/install/nav2_common CMAKE_PREFIX_PATH=/home/agilex/agilex_ws/install/nav2_common PYTHONPATH=/home/agilex/agilex_ws/install/nav2_common/local/lib/python3.10/dist-packages /usr/bin/cmake --build /home/agilex/agilex_ws/build/nav2_msgs -- -j16 -l16
[47.982s] Invoking command in '/home/agilex/agilex_ws/build/nav2_msgs': AMENT_PREFIX_PATH=/home/agilex/agilex_ws/install/nav2_common CMAKE_PREFIX_PATH=/home/agilex/agilex_ws/install/nav2_common PYTHONPATH=/home/agilex/agilex_ws/install/nav2_common/local/lib/python3.10/dist-packages /usr/bin/cmake --install /home/agilex/agilex_ws/build/nav2_msgs
[47.990s] -- Install configuration: "Release"
[47.991s] -- Up-to-date: /home/agilex/agilex_ws/install/nav2_msgs/share/ament_index/resource_index/rosidl_interfaces/nav2_msgs
[47.991s] -- Up-to-date: /home/agilex/agilex_ws/install/nav2_msgs/include/nav2_msgs/nav2_msgs
[47.991s] -- Up-to-date: /home/agilex/agilex_ws/install/nav2_msgs/include/nav2_msgs/nav2_msgs/srv
[47.992s] -- Up-to-date: /home/agilex/agilex_ws/install/nav2_msgs/include/nav2_msgs/nav2_msgs/srv/clear_costmap_around_robot.h
[47.992s] -- Up-to-date: /home/agilex/agilex_ws/install/nav2_msgs/include/nav2_msgs/nav2_msgs/srv/clear_entire_costmap.h
[47.992s] -- Up-to-date: /home/agilex/agilex_ws/install/nav2_msgs/include/nav2_msgs/nav2_msgs/srv/load_map.h
[47.992s] -- Up-to-date: /home/agilex/agilex_ws/install/nav2_msgs/include/nav2_msgs/nav2_msgs/srv/is_path_valid.h
[47.992s] -- Up-to-date: /home/agilex/agilex_ws/install/nav2_msgs/include/nav2_msgs/nav2_msgs/srv/detail
[47.992s] -- Up-to-date: /home/agilex/agilex_ws/install/nav2_msgs/include/nav2_msgs/nav2_msgs/srv/detail/manage_lifecycle_nodes__functions.c
[47.992s] -- Up-to-date: /home/agilex/agilex_ws/install/nav2_msgs/include/nav2_msgs/nav2_msgs/srv/detail/load_map__functions.c
[47.992s] -- Up-to-date: /home/agilex/agilex_ws/install/nav2_msgs/include/nav2_msgs/nav2_msgs/srv/detail/is_path_valid__type_support.h
[47.992s] -- Up-to-date: /home/agilex/agilex_ws/install/nav2_msgs/include/nav2_msgs/nav2_msgs/srv/detail/get_costmap__functions.c
[47.992s] -- Up-to-date: /home/agilex/agilex_ws/install/nav2_msgs/include/nav2_msgs/nav2_msgs/srv/detail/clear_costmap_around_robot__functions.h
[47.992s] -- Up-to-date: /home/agilex/agilex_ws/install/nav2_msgs/include/nav2_msgs/nav2_msgs/srv/detail/save_map__functions.h
[47.992s] -- Up-to-date: /home/agilex/agilex_ws/install/nav2_msgs/include/nav2_msgs/nav2_msgs/srv/detail/clear_entire_costmap__struct.h
[47.992s] -- Up-to-date: /home/agilex/agilex_ws/install/nav2_msgs/include/nav2_msgs/nav2_msgs/srv/detail/get_costmap__type_support.h
[47.992s] -- Up-to-date: /home/agilex/agilex_ws/install/nav2_msgs/include/nav2_msgs/nav2_msgs/srv/detail/get_costmap__struct.h
[47.992s] -- Up-to-date: /home/agilex/agilex_ws/install/nav2_msgs/include/nav2_msgs/nav2_msgs/srv/detail/clear_costmap_around_robot__functions.c
[47.992s] -- Up-to-date: /home/agilex/agilex_ws/install/nav2_msgs/include/nav2_msgs/nav2_msgs/srv/detail/manage_lifecycle_nodes__type_support.h
[47.992s] -- Up-to-date: /home/agilex/agilex_ws/install/nav2_msgs/include/nav2_msgs/nav2_msgs/srv/detail/is_path_valid__functions.c
[47.992s] -- Up-to-date: /home/agilex/agilex_ws/install/nav2_msgs/include/nav2_msgs/nav2_msgs/srv/detail/clear_entire_costmap__functions.c
[47.992s] -- Up-to-date: /home/agilex/agilex_ws/install/nav2_msgs/include/nav2_msgs/nav2_msgs/srv/detail/clear_costmap_around_robot__type_support.h
[47.992s] -- Up-to-date: /home/agilex/agilex_ws/install/nav2_msgs/include/nav2_msgs/nav2_msgs/srv/detail/clear_costmap_except_region__functions.c
[47.992s] -- Up-to-date: /home/agilex/agilex_ws/install/nav2_msgs/include/nav2_msgs/nav2_msgs/srv/detail/load_map__functions.h
[47.993s] -- Up-to-date: /home/agilex/agilex_ws/install/nav2_msgs/include/nav2_msgs/nav2_msgs/srv/detail/clear_costmap_around_robot__struct.h
[47.993s] -- Up-to-date: /home/agilex/agilex_ws/install/nav2_msgs/include/nav2_msgs/nav2_msgs/srv/detail/clear_costmap_except_region__functions.h
[47.993s] -- Up-to-date: /home/agilex/agilex_ws/install/nav2_msgs/include/nav2_msgs/nav2_msgs/srv/detail/save_map__struct.h
[47.993s] -- Up-to-date: /home/agilex/agilex_ws/install/nav2_msgs/include/nav2_msgs/nav2_msgs/srv/detail/is_path_valid__struct.h
[47.993s] -- Up-to-date: /home/agilex/agilex_ws/install/nav2_msgs/include/nav2_msgs/nav2_msgs/srv/detail/clear_costmap_except_region__type_support.h
[47.993s] -- Up-to-date: /home/agilex/agilex_ws/install/nav2_msgs/include/nav2_msgs/nav2_msgs/srv/detail/clear_costmap_except_region__struct.h
[47.993s] -- Up-to-date: /home/agilex/agilex_ws/install/nav2_msgs/include/nav2_msgs/nav2_msgs/srv/detail/is_path_valid__functions.h
[47.993s] -- Up-to-date: /home/agilex/agilex_ws/install/nav2_msgs/include/nav2_msgs/nav2_msgs/srv/detail/manage_lifecycle_nodes__functions.h
[47.993s] -- Up-to-date: /home/agilex/agilex_ws/install/nav2_msgs/include/nav2_msgs/nav2_msgs/srv/detail/save_map__type_support.h
[47.993s] -- Up-to-date: /home/agilex/agilex_ws/install/nav2_msgs/include/nav2_msgs/nav2_msgs/srv/detail/load_map__type_support.h
[47.993s] -- Up-to-date: /home/agilex/agilex_ws/install/nav2_msgs/include/nav2_msgs/nav2_msgs/srv/detail/load_map__struct.h
[47.993s] -- Up-to-date: /home/agilex/agilex_ws/install/nav2_msgs/include/nav2_msgs/nav2_msgs/srv/detail/save_map__functions.c
[47.993s] -- Up-to-date: /home/agilex/agilex_ws/install/nav2_msgs/include/nav2_msgs/nav2_msgs/srv/detail/get_costmap__functions.h
[47.993s] -- Up-to-date: /home/agilex/agilex_ws/install/nav2_msgs/include/nav2_msgs/nav2_msgs/srv/detail/manage_lifecycle_nodes__struct.h
[47.993s] -- Up-to-date: /home/agilex/agilex_ws/install/nav2_msgs/include/nav2_msgs/nav2_msgs/srv/detail/clear_entire_costmap__functions.h
[47.993s] -- Up-to-date: /home/agilex/agilex_ws/install/nav2_msgs/include/nav2_msgs/nav2_msgs/srv/detail/clear_entire_costmap__type_support.h
[47.993s] -- Up-to-date: /home/agilex/agilex_ws/install/nav2_msgs/include/nav2_msgs/nav2_msgs/srv/manage_lifecycle_nodes.h
[47.993s] -- Up-to-date: /home/agilex/agilex_ws/install/nav2_msgs/include/nav2_msgs/nav2_msgs/srv/clear_costmap_except_region.h
[47.993s] -- Up-to-date: /home/agilex/agilex_ws/install/nav2_msgs/include/nav2_msgs/nav2_msgs/srv/get_costmap.h
[47.993s] -- Up-to-date: /home/agilex/agilex_ws/install/nav2_msgs/include/nav2_msgs/nav2_msgs/srv/save_map.h
[47.993s] -- Up-to-date: /home/agilex/agilex_ws/install/nav2_msgs/include/nav2_msgs/nav2_msgs/msg
[47.993s] -- Up-to-date: /home/agilex/agilex_ws/install/nav2_msgs/include/nav2_msgs/nav2_msgs/msg/particle_cloud.h
[47.993s] -- Up-to-date: /home/agilex/agilex_ws/install/nav2_msgs/include/nav2_msgs/nav2_msgs/msg/costmap_meta_data.h
[47.993s] -- Up-to-date: /home/agilex/agilex_ws/install/nav2_msgs/include/nav2_msgs/nav2_msgs/msg/detail
[47.993s] -- Up-to-date: /home/agilex/agilex_ws/install/nav2_msgs/include/nav2_msgs/nav2_msgs/msg/detail/behavior_tree_status_change__functions.h
[47.993s] -- Up-to-date: /home/agilex/agilex_ws/install/nav2_msgs/include/nav2_msgs/nav2_msgs/msg/detail/behavior_tree_status_change__struct.h
[47.993s] -- Up-to-date: /home/agilex/agilex_ws/install/nav2_msgs/include/nav2_msgs/nav2_msgs/msg/detail/costmap__type_support.h
[47.993s] -- Up-to-date: /home/agilex/agilex_ws/install/nav2_msgs/include/nav2_msgs/nav2_msgs/msg/detail/particle__struct.h
[47.993s] -- Up-to-date: /home/agilex/agilex_ws/install/nav2_msgs/include/nav2_msgs/nav2_msgs/msg/detail/costmap_filter_info__functions.c
[47.993s] -- Up-to-date: /home/agilex/agilex_ws/install/nav2_msgs/include/nav2_msgs/nav2_msgs/msg/detail/particle__functions.h
[47.994s] -- Up-to-date: /home/agilex/agilex_ws/install/nav2_msgs/include/nav2_msgs/nav2_msgs/msg/detail/particle_cloud__functions.c
[47.994s] -- Up-to-date: /home/agilex/agilex_ws/install/nav2_msgs/include/nav2_msgs/nav2_msgs/msg/detail/behavior_tree_log__type_support.h
[47.994s] -- Up-to-date: /home/agilex/agilex_ws/install/nav2_msgs/include/nav2_msgs/nav2_msgs/msg/detail/costmap__functions.c
[47.994s] -- Up-to-date: /home/agilex/agilex_ws/install/nav2_msgs/include/nav2_msgs/nav2_msgs/msg/detail/particle__type_support.h
[47.994s] -- Up-to-date: /home/agilex/agilex_ws/install/nav2_msgs/include/nav2_msgs/nav2_msgs/msg/detail/voxel_grid__struct.h
[47.994s] -- Up-to-date: /home/agilex/agilex_ws/install/nav2_msgs/include/nav2_msgs/nav2_msgs/msg/detail/speed_limit__functions.c
[47.994s] -- Up-to-date: /home/agilex/agilex_ws/install/nav2_msgs/include/nav2_msgs/nav2_msgs/msg/detail/behavior_tree_log__functions.c
[47.994s] -- Up-to-date: /home/agilex/agilex_ws/install/nav2_msgs/include/nav2_msgs/nav2_msgs/msg/detail/costmap_meta_data__struct.h
[47.994s] -- Up-to-date: /home/agilex/agilex_ws/install/nav2_msgs/include/nav2_msgs/nav2_msgs/msg/detail/costmap_filter_info__type_support.h
[47.994s] -- Up-to-date: /home/agilex/agilex_ws/install/nav2_msgs/include/nav2_msgs/nav2_msgs/msg/detail/particle_cloud__functions.h
[47.994s] -- Up-to-date: /home/agilex/agilex_ws/install/nav2_msgs/include/nav2_msgs/nav2_msgs/msg/detail/costmap_meta_data__functions.h
[47.994s] -- Up-to-date: /home/agilex/agilex_ws/install/nav2_msgs/include/nav2_msgs/nav2_msgs/msg/detail/speed_limit__functions.h
[47.994s] -- Up-to-date: /home/agilex/agilex_ws/install/nav2_msgs/include/nav2_msgs/nav2_msgs/msg/detail/speed_limit__type_support.h
[47.994s] -- Up-to-date: /home/agilex/agilex_ws/install/nav2_msgs/include/nav2_msgs/nav2_msgs/msg/detail/behavior_tree_log__functions.h
[47.994s] -- Up-to-date: /home/agilex/agilex_ws/install/nav2_msgs/include/nav2_msgs/nav2_msgs/msg/detail/costmap__functions.h
[47.994s] -- Up-to-date: /home/agilex/agilex_ws/install/nav2_msgs/include/nav2_msgs/nav2_msgs/msg/detail/particle_cloud__type_support.h
[47.994s] -- Up-to-date: /home/agilex/agilex_ws/install/nav2_msgs/include/nav2_msgs/nav2_msgs/msg/detail/behavior_tree_status_change__functions.c
[47.994s] -- Up-to-date: /home/agilex/agilex_ws/install/nav2_msgs/include/nav2_msgs/nav2_msgs/msg/detail/costmap__struct.h
[47.994s] -- Up-to-date: /home/agilex/agilex_ws/install/nav2_msgs/include/nav2_msgs/nav2_msgs/msg/detail/voxel_grid__functions.c
[47.994s] -- Up-to-date: /home/agilex/agilex_ws/install/nav2_msgs/include/nav2_msgs/nav2_msgs/msg/detail/costmap_filter_info__functions.h
[47.994s] -- Up-to-date: /home/agilex/agilex_ws/install/nav2_msgs/include/nav2_msgs/nav2_msgs/msg/detail/costmap_meta_data__type_support.h
[47.994s] -- Up-to-date: /home/agilex/agilex_ws/install/nav2_msgs/include/nav2_msgs/nav2_msgs/msg/detail/behavior_tree_status_change__type_support.h
[47.994s] -- Up-to-date: /home/agilex/agilex_ws/install/nav2_msgs/include/nav2_msgs/nav2_msgs/msg/detail/costmap_meta_data__functions.c
[47.994s] -- Up-to-date: /home/agilex/agilex_ws/install/nav2_msgs/include/nav2_msgs/nav2_msgs/msg/detail/voxel_grid__functions.h
[47.994s] -- Up-to-date: /home/agilex/agilex_ws/install/nav2_msgs/include/nav2_msgs/nav2_msgs/msg/detail/particle_cloud__struct.h
[47.994s] -- Up-to-date: /home/agilex/agilex_ws/install/nav2_msgs/include/nav2_msgs/nav2_msgs/msg/detail/costmap_filter_info__struct.h
[47.994s] -- Up-to-date: /home/agilex/agilex_ws/install/nav2_msgs/include/nav2_msgs/nav2_msgs/msg/detail/speed_limit__struct.h
[47.994s] -- Up-to-date: /home/agilex/agilex_ws/install/nav2_msgs/include/nav2_msgs/nav2_msgs/msg/detail/voxel_grid__type_support.h
[47.994s] -- Up-to-date: /home/agilex/agilex_ws/install/nav2_msgs/include/nav2_msgs/nav2_msgs/msg/detail/behavior_tree_log__struct.h
[47.994s] -- Up-to-date: /home/agilex/agilex_ws/install/nav2_msgs/include/nav2_msgs/nav2_msgs/msg/detail/particle__functions.c
[47.994s] -- Up-to-date: /home/agilex/agilex_ws/install/nav2_msgs/include/nav2_msgs/nav2_msgs/msg/speed_limit.h
[47.995s] -- Up-to-date: /home/agilex/agilex_ws/install/nav2_msgs/include/nav2_msgs/nav2_msgs/msg/behavior_tree_log.h
[47.995s] -- Up-to-date: /home/agilex/agilex_ws/install/nav2_msgs/include/nav2_msgs/nav2_msgs/msg/particle.h
[47.995s] -- Up-to-date: /home/agilex/agilex_ws/install/nav2_msgs/include/nav2_msgs/nav2_msgs/msg/voxel_grid.h
[47.995s] -- Up-to-date: /home/agilex/agilex_ws/install/nav2_msgs/include/nav2_msgs/nav2_msgs/msg/costmap_filter_info.h
[47.995s] -- Up-to-date: /home/agilex/agilex_ws/install/nav2_msgs/include/nav2_msgs/nav2_msgs/msg/rosidl_generator_c__visibility_control.h
[47.995s] -- Up-to-date: /home/agilex/agilex_ws/install/nav2_msgs/include/nav2_msgs/nav2_msgs/msg/behavior_tree_status_change.h
[47.995s] -- Up-to-date: /home/agilex/agilex_ws/install/nav2_msgs/include/nav2_msgs/nav2_msgs/msg/costmap.h
[47.995s] -- Up-to-date: /home/agilex/agilex_ws/install/nav2_msgs/include/nav2_msgs/nav2_msgs/action
[47.995s] -- Up-to-date: /home/agilex/agilex_ws/install/nav2_msgs/include/nav2_msgs/nav2_msgs/action/navigate_through_poses.h
[47.995s] -- Up-to-date: /home/agilex/agilex_ws/install/nav2_msgs/include/nav2_msgs/nav2_msgs/action/smooth_path.h
[47.995s] -- Up-to-date: /home/agilex/agilex_ws/install/nav2_msgs/include/nav2_msgs/nav2_msgs/action/drive_on_heading.h
[47.995s] -- Up-to-date: /home/agilex/agilex_ws/install/nav2_msgs/include/nav2_msgs/nav2_msgs/action/follow_path.h
[47.995s] -- Up-to-date: /home/agilex/agilex_ws/install/nav2_msgs/include/nav2_msgs/nav2_msgs/action/follow_waypoints.h
[47.995s] -- Up-to-date: /home/agilex/agilex_ws/install/nav2_msgs/include/nav2_msgs/nav2_msgs/action/navigate_to_pose.h
[47.995s] -- Up-to-date: /home/agilex/agilex_ws/install/nav2_msgs/include/nav2_msgs/nav2_msgs/action/detail
[47.995s] -- Up-to-date: /home/agilex/agilex_ws/install/nav2_msgs/include/nav2_msgs/nav2_msgs/action/detail/drive_on_heading__functions.c
[47.995s] -- Up-to-date: /home/agilex/agilex_ws/install/nav2_msgs/include/nav2_msgs/nav2_msgs/action/detail/spin__functions.h
[47.995s] -- Up-to-date: /home/agilex/agilex_ws/install/nav2_msgs/include/nav2_msgs/nav2_msgs/action/detail/compute_path_to_pose__functions.c
[47.995s] -- Up-to-date: /home/agilex/agilex_ws/install/nav2_msgs/include/nav2_msgs/nav2_msgs/action/detail/drive_on_heading__functions.h
[47.995s] -- Up-to-date: /home/agilex/agilex_ws/install/nav2_msgs/include/nav2_msgs/nav2_msgs/action/detail/compute_path_through_poses__functions.h
[47.995s] -- Up-to-date: /home/agilex/agilex_ws/install/nav2_msgs/include/nav2_msgs/nav2_msgs/action/detail/compute_path_through_poses__type_support.h
[47.995s] -- Up-to-date: /home/agilex/agilex_ws/install/nav2_msgs/include/nav2_msgs/nav2_msgs/action/detail/follow_waypoints__struct.h
[47.995s] -- Up-to-date: /home/agilex/agilex_ws/install/nav2_msgs/include/nav2_msgs/nav2_msgs/action/detail/wait__type_support.h
[47.995s] -- Up-to-date: /home/agilex/agilex_ws/install/nav2_msgs/include/nav2_msgs/nav2_msgs/action/detail/smooth_path__type_support.h
[47.995s] -- Up-to-date: /home/agilex/agilex_ws/install/nav2_msgs/include/nav2_msgs/nav2_msgs/action/detail/navigate_to_pose__functions.c
[47.995s] -- Up-to-date: /home/agilex/agilex_ws/install/nav2_msgs/include/nav2_msgs/nav2_msgs/action/detail/spin__struct.h
[47.995s] -- Up-to-date: /home/agilex/agilex_ws/install/nav2_msgs/include/nav2_msgs/nav2_msgs/action/detail/dummy_behavior__type_support.h
[47.995s] -- Up-to-date: /home/agilex/agilex_ws/install/nav2_msgs/include/nav2_msgs/nav2_msgs/action/detail/follow_waypoints__type_support.h
[47.995s] -- Up-to-date: /home/agilex/agilex_ws/install/nav2_msgs/include/nav2_msgs/nav2_msgs/action/detail/navigate_to_pose__functions.h
[47.995s] -- Up-to-date: /home/agilex/agilex_ws/install/nav2_msgs/include/nav2_msgs/nav2_msgs/action/detail/compute_path_to_pose__struct.h
[47.995s] -- Up-to-date: /home/agilex/agilex_ws/install/nav2_msgs/include/nav2_msgs/nav2_msgs/action/detail/dummy_behavior__functions.h
[47.995s] -- Up-to-date: /home/agilex/agilex_ws/install/nav2_msgs/include/nav2_msgs/nav2_msgs/action/detail/smooth_path__functions.h
[47.995s] -- Up-to-date: /home/agilex/agilex_ws/install/nav2_msgs/include/nav2_msgs/nav2_msgs/action/detail/navigate_through_poses__functions.c
[47.996s] -- Up-to-date: /home/agilex/agilex_ws/install/nav2_msgs/include/nav2_msgs/nav2_msgs/action/detail/follow_path__functions.h
[47.996s] -- Up-to-date: /home/agilex/agilex_ws/install/nav2_msgs/include/nav2_msgs/nav2_msgs/action/detail/wait__functions.c
[47.996s] -- Up-to-date: /home/agilex/agilex_ws/install/nav2_msgs/include/nav2_msgs/nav2_msgs/action/detail/spin__type_support.h
[47.996s] -- Up-to-date: /home/agilex/agilex_ws/install/nav2_msgs/include/nav2_msgs/nav2_msgs/action/detail/follow_waypoints__functions.h
[47.996s] -- Up-to-date: /home/agilex/agilex_ws/install/nav2_msgs/include/nav2_msgs/nav2_msgs/action/detail/follow_waypoints__functions.c
[47.996s] -- Up-to-date: /home/agilex/agilex_ws/install/nav2_msgs/include/nav2_msgs/nav2_msgs/action/detail/dummy_behavior__functions.c
[47.996s] -- Up-to-date: /home/agilex/agilex_ws/install/nav2_msgs/include/nav2_msgs/nav2_msgs/action/detail/compute_path_through_poses__functions.c
[47.996s] -- Up-to-date: /home/agilex/agilex_ws/install/nav2_msgs/include/nav2_msgs/nav2_msgs/action/detail/compute_path_through_poses__struct.h
[47.996s] -- Up-to-date: /home/agilex/agilex_ws/install/nav2_msgs/include/nav2_msgs/nav2_msgs/action/detail/compute_path_to_pose__functions.h
[47.996s] -- Up-to-date: /home/agilex/agilex_ws/install/nav2_msgs/include/nav2_msgs/nav2_msgs/action/detail/wait__functions.h
[47.996s] -- Up-to-date: /home/agilex/agilex_ws/install/nav2_msgs/include/nav2_msgs/nav2_msgs/action/detail/spin__functions.c
[47.996s] -- Up-to-date: /home/agilex/agilex_ws/install/nav2_msgs/include/nav2_msgs/nav2_msgs/action/detail/navigate_through_poses__struct.h
[47.996s] -- Up-to-date: /home/agilex/agilex_ws/install/nav2_msgs/include/nav2_msgs/nav2_msgs/action/detail/drive_on_heading__type_support.h
[47.996s] -- Up-to-date: /home/agilex/agilex_ws/install/nav2_msgs/include/nav2_msgs/nav2_msgs/action/detail/back_up__struct.h
[47.996s] -- Up-to-date: /home/agilex/agilex_ws/install/nav2_msgs/include/nav2_msgs/nav2_msgs/action/detail/navigate_to_pose__type_support.h
[47.996s] -- Up-to-date: /home/agilex/agilex_ws/install/nav2_msgs/include/nav2_msgs/nav2_msgs/action/detail/back_up__functions.h
[47.996s] -- Up-to-date: /home/agilex/agilex_ws/install/nav2_msgs/include/nav2_msgs/nav2_msgs/action/detail/dummy_behavior__struct.h
[47.996s] -- Up-to-date: /home/agilex/agilex_ws/install/nav2_msgs/include/nav2_msgs/nav2_msgs/action/detail/wait__struct.h
[47.996s] -- Up-to-date: /home/agilex/agilex_ws/install/nav2_msgs/include/nav2_msgs/nav2_msgs/action/detail/follow_path__struct.h
[47.996s] -- Up-to-date: /home/agilex/agilex_ws/install/nav2_msgs/include/nav2_msgs/nav2_msgs/action/detail/compute_path_to_pose__type_support.h
[47.996s] -- Up-to-date: /home/agilex/agilex_ws/install/nav2_msgs/include/nav2_msgs/nav2_msgs/action/detail/back_up__functions.c
[47.996s] -- Up-to-date: /home/agilex/agilex_ws/install/nav2_msgs/include/nav2_msgs/nav2_msgs/action/detail/smooth_path__struct.h
[47.996s] -- Up-to-date: /home/agilex/agilex_ws/install/nav2_msgs/include/nav2_msgs/nav2_msgs/action/detail/follow_path__functions.c
[47.996s] -- Up-to-date: /home/agilex/agilex_ws/install/nav2_msgs/include/nav2_msgs/nav2_msgs/action/detail/navigate_through_poses__functions.h
[47.996s] -- Up-to-date: /home/agilex/agilex_ws/install/nav2_msgs/include/nav2_msgs/nav2_msgs/action/detail/navigate_to_pose__struct.h
[47.996s] -- Up-to-date: /home/agilex/agilex_ws/install/nav2_msgs/include/nav2_msgs/nav2_msgs/action/detail/navigate_through_poses__type_support.h
[47.996s] -- Up-to-date: /home/agilex/agilex_ws/install/nav2_msgs/include/nav2_msgs/nav2_msgs/action/detail/drive_on_heading__struct.h
[47.996s] -- Up-to-date: /home/agilex/agilex_ws/install/nav2_msgs/include/nav2_msgs/nav2_msgs/action/detail/back_up__type_support.h
[47.996s] -- Up-to-date: /home/agilex/agilex_ws/install/nav2_msgs/include/nav2_msgs/nav2_msgs/action/detail/follow_path__type_support.h
[47.996s] -- Up-to-date: /home/agilex/agilex_ws/install/nav2_msgs/include/nav2_msgs/nav2_msgs/action/detail/smooth_path__functions.c
[47.996s] -- Up-to-date: /home/agilex/agilex_ws/install/nav2_msgs/include/nav2_msgs/nav2_msgs/action/back_up.h
[47.996s] -- Up-to-date: /home/agilex/agilex_ws/install/nav2_msgs/include/nav2_msgs/nav2_msgs/action/dummy_behavior.h
[47.996s] -- Up-to-date: /home/agilex/agilex_ws/install/nav2_msgs/include/nav2_msgs/nav2_msgs/action/wait.h
[47.997s] -- Up-to-date: /home/agilex/agilex_ws/install/nav2_msgs/include/nav2_msgs/nav2_msgs/action/spin.h
[47.997s] -- Up-to-date: /home/agilex/agilex_ws/install/nav2_msgs/include/nav2_msgs/nav2_msgs/action/compute_path_through_poses.h
[47.997s] -- Up-to-date: /home/agilex/agilex_ws/install/nav2_msgs/include/nav2_msgs/nav2_msgs/action/compute_path_to_pose.h
[47.997s] -- Up-to-date: /home/agilex/agilex_ws/install/nav2_msgs/share/nav2_msgs/environment/library_path.sh
[47.997s] -- Up-to-date: /home/agilex/agilex_ws/install/nav2_msgs/share/nav2_msgs/environment/library_path.dsv
[47.997s] -- Installing: /home/agilex/agilex_ws/install/nav2_msgs/lib/libnav2_msgs__rosidl_generator_c.so
[47.998s] -- Set runtime path of "/home/agilex/agilex_ws/install/nav2_msgs/lib/libnav2_msgs__rosidl_generator_c.so" to ""
[47.998s] -- Up-to-date: /home/agilex/agilex_ws/install/nav2_msgs/include/nav2_msgs/nav2_msgs
[47.998s] -- Up-to-date: /home/agilex/agilex_ws/install/nav2_msgs/include/nav2_msgs/nav2_msgs/srv
[47.998s] -- Up-to-date: /home/agilex/agilex_ws/install/nav2_msgs/include/nav2_msgs/nav2_msgs/srv/detail
[47.998s] -- Up-to-date: /home/agilex/agilex_ws/install/nav2_msgs/include/nav2_msgs/nav2_msgs/srv/detail/clear_costmap_around_robot__rosidl_typesupport_fastrtps_c.h
[47.998s] -- Up-to-date: /home/agilex/agilex_ws/install/nav2_msgs/include/nav2_msgs/nav2_msgs/srv/detail/clear_entire_costmap__rosidl_typesupport_fastrtps_c.h
[47.998s] -- Up-to-date: /home/agilex/agilex_ws/install/nav2_msgs/include/nav2_msgs/nav2_msgs/srv/detail/get_costmap__rosidl_typesupport_fastrtps_c.h
[47.998s] -- Up-to-date: /home/agilex/agilex_ws/install/nav2_msgs/include/nav2_msgs/nav2_msgs/srv/detail/load_map__rosidl_typesupport_fastrtps_c.h
[47.998s] -- Up-to-date: /home/agilex/agilex_ws/install/nav2_msgs/include/nav2_msgs/nav2_msgs/srv/detail/clear_costmap_except_region__rosidl_typesupport_fastrtps_c.h
[47.998s] -- Up-to-date: /home/agilex/agilex_ws/install/nav2_msgs/include/nav2_msgs/nav2_msgs/srv/detail/is_path_valid__rosidl_typesupport_fastrtps_c.h
[47.998s] -- Up-to-date: /home/agilex/agilex_ws/install/nav2_msgs/include/nav2_msgs/nav2_msgs/srv/detail/manage_lifecycle_nodes__rosidl_typesupport_fastrtps_c.h
[47.998s] -- Up-to-date: /home/agilex/agilex_ws/install/nav2_msgs/include/nav2_msgs/nav2_msgs/srv/detail/save_map__rosidl_typesupport_fastrtps_c.h
[47.998s] -- Up-to-date: /home/agilex/agilex_ws/install/nav2_msgs/include/nav2_msgs/nav2_msgs/msg
[47.998s] -- Up-to-date: /home/agilex/agilex_ws/install/nav2_msgs/include/nav2_msgs/nav2_msgs/msg/rosidl_typesupport_fastrtps_c__visibility_control.h
[47.998s] -- Up-to-date: /home/agilex/agilex_ws/install/nav2_msgs/include/nav2_msgs/nav2_msgs/msg/detail
[47.998s] -- Up-to-date: /home/agilex/agilex_ws/install/nav2_msgs/include/nav2_msgs/nav2_msgs/msg/detail/costmap__rosidl_typesupport_fastrtps_c.h
[47.998s] -- Up-to-date: /home/agilex/agilex_ws/install/nav2_msgs/include/nav2_msgs/nav2_msgs/msg/detail/behavior_tree_log__rosidl_typesupport_fastrtps_c.h
[47.999s] -- Up-to-date: /home/agilex/agilex_ws/install/nav2_msgs/include/nav2_msgs/nav2_msgs/msg/detail/particle_cloud__rosidl_typesupport_fastrtps_c.h
[47.999s] -- Up-to-date: /home/agilex/agilex_ws/install/nav2_msgs/include/nav2_msgs/nav2_msgs/msg/detail/voxel_grid__rosidl_typesupport_fastrtps_c.h
[47.999s] -- Up-to-date: /home/agilex/agilex_ws/install/nav2_msgs/include/nav2_msgs/nav2_msgs/msg/detail/behavior_tree_status_change__rosidl_typesupport_fastrtps_c.h
[47.999s] -- Up-to-date: /home/agilex/agilex_ws/install/nav2_msgs/include/nav2_msgs/nav2_msgs/msg/detail/speed_limit__rosidl_typesupport_fastrtps_c.h
[47.999s] -- Up-to-date: /home/agilex/agilex_ws/install/nav2_msgs/include/nav2_msgs/nav2_msgs/msg/detail/particle__rosidl_typesupport_fastrtps_c.h
[47.999s] -- Up-to-date: /home/agilex/agilex_ws/install/nav2_msgs/include/nav2_msgs/nav2_msgs/msg/detail/costmap_filter_info__rosidl_typesupport_fastrtps_c.h
[47.999s] -- Up-to-date: /home/agilex/agilex_ws/install/nav2_msgs/include/nav2_msgs/nav2_msgs/msg/detail/costmap_meta_data__rosidl_typesupport_fastrtps_c.h
[47.999s] -- Up-to-date: /home/agilex/agilex_ws/install/nav2_msgs/include/nav2_msgs/nav2_msgs/action
[47.999s] -- Up-to-date: /home/agilex/agilex_ws/install/nav2_msgs/include/nav2_msgs/nav2_msgs/action/detail
[47.999s] -- Up-to-date: /home/agilex/agilex_ws/install/nav2_msgs/include/nav2_msgs/nav2_msgs/action/detail/navigate_to_pose__rosidl_typesupport_fastrtps_c.h
[47.999s] -- Up-to-date: /home/agilex/agilex_ws/install/nav2_msgs/include/nav2_msgs/nav2_msgs/action/detail/wait__rosidl_typesupport_fastrtps_c.h
[47.999s] -- Up-to-date: /home/agilex/agilex_ws/install/nav2_msgs/include/nav2_msgs/nav2_msgs/action/detail/drive_on_heading__rosidl_typesupport_fastrtps_c.h
[47.999s] -- Up-to-date: /home/agilex/agilex_ws/install/nav2_msgs/include/nav2_msgs/nav2_msgs/action/detail/compute_path_through_poses__rosidl_typesupport_fastrtps_c.h
[47.999s] -- Up-to-date: /home/agilex/agilex_ws/install/nav2_msgs/include/nav2_msgs/nav2_msgs/action/detail/spin__rosidl_typesupport_fastrtps_c.h
[47.999s] -- Up-to-date: /home/agilex/agilex_ws/install/nav2_msgs/include/nav2_msgs/nav2_msgs/action/detail/smooth_path__rosidl_typesupport_fastrtps_c.h
[47.999s] -- Up-to-date: /home/agilex/agilex_ws/install/nav2_msgs/include/nav2_msgs/nav2_msgs/action/detail/compute_path_to_pose__rosidl_typesupport_fastrtps_c.h
[47.999s] -- Up-to-date: /home/agilex/agilex_ws/install/nav2_msgs/include/nav2_msgs/nav2_msgs/action/detail/follow_path__rosidl_typesupport_fastrtps_c.h
[47.999s] -- Up-to-date: /home/agilex/agilex_ws/install/nav2_msgs/include/nav2_msgs/nav2_msgs/action/detail/follow_waypoints__rosidl_typesupport_fastrtps_c.h
[47.999s] -- Up-to-date: /home/agilex/agilex_ws/install/nav2_msgs/include/nav2_msgs/nav2_msgs/action/detail/back_up__rosidl_typesupport_fastrtps_c.h
[47.999s] -- Up-to-date: /home/agilex/agilex_ws/install/nav2_msgs/include/nav2_msgs/nav2_msgs/action/detail/dummy_behavior__rosidl_typesupport_fastrtps_c.h
[47.999s] -- Up-to-date: /home/agilex/agilex_ws/install/nav2_msgs/include/nav2_msgs/nav2_msgs/action/detail/navigate_through_poses__rosidl_typesupport_fastrtps_c.h
[47.999s] -- Installing: /home/agilex/agilex_ws/install/nav2_msgs/lib/libnav2_msgs__rosidl_typesupport_fastrtps_c.so
[48.000s] -- Set runtime path of "/home/agilex/agilex_ws/install/nav2_msgs/lib/libnav2_msgs__rosidl_typesupport_fastrtps_c.so" to ""
[48.000s] -- Up-to-date: /home/agilex/agilex_ws/install/nav2_msgs/include/nav2_msgs/nav2_msgs
[48.000s] -- Up-to-date: /home/agilex/agilex_ws/install/nav2_msgs/include/nav2_msgs/nav2_msgs/srv
[48.000s] -- Up-to-date: /home/agilex/agilex_ws/install/nav2_msgs/include/nav2_msgs/nav2_msgs/srv/save_map.hpp
[48.000s] -- Up-to-date: /home/agilex/agilex_ws/install/nav2_msgs/include/nav2_msgs/nav2_msgs/srv/load_map.hpp
[48.000s] -- Up-to-date: /home/agilex/agilex_ws/install/nav2_msgs/include/nav2_msgs/nav2_msgs/srv/detail
[48.001s] -- Up-to-date: /home/agilex/agilex_ws/install/nav2_msgs/include/nav2_msgs/nav2_msgs/srv/detail/is_path_valid__traits.hpp
[48.001s] -- Up-to-date: /home/agilex/agilex_ws/install/nav2_msgs/include/nav2_msgs/nav2_msgs/srv/detail/clear_costmap_except_region__traits.hpp
[48.001s] -- Up-to-date: /home/agilex/agilex_ws/install/nav2_msgs/include/nav2_msgs/nav2_msgs/srv/detail/load_map__struct.hpp
[48.001s] -- Up-to-date: /home/agilex/agilex_ws/install/nav2_msgs/include/nav2_msgs/nav2_msgs/srv/detail/clear_entire_costmap__struct.hpp
[48.001s] -- Up-to-date: /home/agilex/agilex_ws/install/nav2_msgs/include/nav2_msgs/nav2_msgs/srv/detail/is_path_valid__builder.hpp
[48.001s] -- Up-to-date: /home/agilex/agilex_ws/install/nav2_msgs/include/nav2_msgs/nav2_msgs/srv/detail/manage_lifecycle_nodes__builder.hpp
[48.001s] -- Up-to-date: /home/agilex/agilex_ws/install/nav2_msgs/include/nav2_msgs/nav2_msgs/srv/detail/clear_costmap_around_robot__traits.hpp
[48.001s] -- Up-to-date: /home/agilex/agilex_ws/install/nav2_msgs/include/nav2_msgs/nav2_msgs/srv/detail/save_map__struct.hpp
[48.001s] -- Up-to-date: /home/agilex/agilex_ws/install/nav2_msgs/include/nav2_msgs/nav2_msgs/srv/detail/clear_entire_costmap__traits.hpp
[48.001s] -- Up-to-date: /home/agilex/agilex_ws/install/nav2_msgs/include/nav2_msgs/nav2_msgs/srv/detail/clear_entire_costmap__builder.hpp
[48.001s] -- Up-to-date: /home/agilex/agilex_ws/install/nav2_msgs/include/nav2_msgs/nav2_msgs/srv/detail/clear_costmap_around_robot__struct.hpp
[48.001s] -- Up-to-date: /home/agilex/agilex_ws/install/nav2_msgs/include/nav2_msgs/nav2_msgs/srv/detail/get_costmap__struct.hpp
[48.001s] -- Up-to-date: /home/agilex/agilex_ws/install/nav2_msgs/include/nav2_msgs/nav2_msgs/srv/detail/clear_costmap_except_region__builder.hpp
[48.001s] -- Up-to-date: /home/agilex/agilex_ws/install/nav2_msgs/include/nav2_msgs/nav2_msgs/srv/detail/load_map__traits.hpp
[48.001s] -- Up-to-date: /home/agilex/agilex_ws/install/nav2_msgs/include/nav2_msgs/nav2_msgs/srv/detail/save_map__builder.hpp
[48.001s] -- Up-to-date: /home/agilex/agilex_ws/install/nav2_msgs/include/nav2_msgs/nav2_msgs/srv/detail/manage_lifecycle_nodes__struct.hpp
[48.001s] -- Up-to-date: /home/agilex/agilex_ws/install/nav2_msgs/include/nav2_msgs/nav2_msgs/srv/detail/clear_costmap_around_robot__builder.hpp
[48.001s] -- Up-to-date: /home/agilex/agilex_ws/install/nav2_msgs/include/nav2_msgs/nav2_msgs/srv/detail/load_map__builder.hpp
[48.001s] -- Up-to-date: /home/agilex/agilex_ws/install/nav2_msgs/include/nav2_msgs/nav2_msgs/srv/detail/get_costmap__traits.hpp
[48.001s] -- Up-to-date: /home/agilex/agilex_ws/install/nav2_msgs/include/nav2_msgs/nav2_msgs/srv/detail/save_map__traits.hpp
[48.001s] -- Up-to-date: /home/agilex/agilex_ws/install/nav2_msgs/include/nav2_msgs/nav2_msgs/srv/detail/get_costmap__builder.hpp
[48.001s] -- Up-to-date: /home/agilex/agilex_ws/install/nav2_msgs/include/nav2_msgs/nav2_msgs/srv/detail/clear_costmap_except_region__struct.hpp
[48.001s] -- Up-to-date: /home/agilex/agilex_ws/install/nav2_msgs/include/nav2_msgs/nav2_msgs/srv/detail/manage_lifecycle_nodes__traits.hpp
[48.001s] -- Up-to-date: /home/agilex/agilex_ws/install/nav2_msgs/include/nav2_msgs/nav2_msgs/srv/detail/is_path_valid__struct.hpp
[48.001s] -- Up-to-date: /home/agilex/agilex_ws/install/nav2_msgs/include/nav2_msgs/nav2_msgs/srv/get_costmap.hpp
[48.001s] -- Up-to-date: /home/agilex/agilex_ws/install/nav2_msgs/include/nav2_msgs/nav2_msgs/srv/clear_entire_costmap.hpp
[48.001s] -- Up-to-date: /home/agilex/agilex_ws/install/nav2_msgs/include/nav2_msgs/nav2_msgs/srv/clear_costmap_except_region.hpp
[48.001s] -- Up-to-date: /home/agilex/agilex_ws/install/nav2_msgs/include/nav2_msgs/nav2_msgs/srv/manage_lifecycle_nodes.hpp
[48.002s] -- Up-to-date: /home/agilex/agilex_ws/install/nav2_msgs/include/nav2_msgs/nav2_msgs/srv/is_path_valid.hpp
[48.002s] -- Up-to-date: /home/agilex/agilex_ws/install/nav2_msgs/include/nav2_msgs/nav2_msgs/srv/clear_costmap_around_robot.hpp
[48.002s] -- Up-to-date: /home/agilex/agilex_ws/install/nav2_msgs/include/nav2_msgs/nav2_msgs/msg
[48.002s] -- Up-to-date: /home/agilex/agilex_ws/install/nav2_msgs/include/nav2_msgs/nav2_msgs/msg/behavior_tree_status_change.hpp
[48.002s] -- Up-to-date: /home/agilex/agilex_ws/install/nav2_msgs/include/nav2_msgs/nav2_msgs/msg/costmap_filter_info.hpp
[48.002s] -- Up-to-date: /home/agilex/agilex_ws/install/nav2_msgs/include/nav2_msgs/nav2_msgs/msg/costmap_meta_data.hpp
[48.002s] -- Up-to-date: /home/agilex/agilex_ws/install/nav2_msgs/include/nav2_msgs/nav2_msgs/msg/voxel_grid.hpp
[48.002s] -- Up-to-date: /home/agilex/agilex_ws/install/nav2_msgs/include/nav2_msgs/nav2_msgs/msg/speed_limit.hpp
[48.002s] -- Up-to-date: /home/agilex/agilex_ws/install/nav2_msgs/include/nav2_msgs/nav2_msgs/msg/particle_cloud.hpp
[48.002s] -- Up-to-date: /home/agilex/agilex_ws/install/nav2_msgs/include/nav2_msgs/nav2_msgs/msg/detail
[48.002s] -- Up-to-date: /home/agilex/agilex_ws/install/nav2_msgs/include/nav2_msgs/nav2_msgs/msg/detail/particle_cloud__traits.hpp
[48.002s] -- Up-to-date: /home/agilex/agilex_ws/install/nav2_msgs/include/nav2_msgs/nav2_msgs/msg/detail/speed_limit__builder.hpp
[48.002s] -- Up-to-date: /home/agilex/agilex_ws/install/nav2_msgs/include/nav2_msgs/nav2_msgs/msg/detail/costmap_meta_data__traits.hpp
[48.002s] -- Up-to-date: /home/agilex/agilex_ws/install/nav2_msgs/include/nav2_msgs/nav2_msgs/msg/detail/costmap__builder.hpp
[48.002s] -- Up-to-date: /home/agilex/agilex_ws/install/nav2_msgs/include/nav2_msgs/nav2_msgs/msg/detail/particle__builder.hpp
[48.002s] -- Up-to-date: /home/agilex/agilex_ws/install/nav2_msgs/include/nav2_msgs/nav2_msgs/msg/detail/voxel_grid__struct.hpp
[48.002s] -- Up-to-date: /home/agilex/agilex_ws/install/nav2_msgs/include/nav2_msgs/nav2_msgs/msg/detail/behavior_tree_log__struct.hpp
[48.002s] -- Up-to-date: /home/agilex/agilex_ws/install/nav2_msgs/include/nav2_msgs/nav2_msgs/msg/detail/voxel_grid__builder.hpp
[48.002s] -- Up-to-date: /home/agilex/agilex_ws/install/nav2_msgs/include/nav2_msgs/nav2_msgs/msg/detail/costmap__struct.hpp
[48.002s] -- Up-to-date: /home/agilex/agilex_ws/install/nav2_msgs/include/nav2_msgs/nav2_msgs/msg/detail/costmap_filter_info__struct.hpp
[48.002s] -- Up-to-date: /home/agilex/agilex_ws/install/nav2_msgs/include/nav2_msgs/nav2_msgs/msg/detail/costmap__traits.hpp
[48.002s] -- Up-to-date: /home/agilex/agilex_ws/install/nav2_msgs/include/nav2_msgs/nav2_msgs/msg/detail/costmap_filter_info__builder.hpp
[48.002s] -- Up-to-date: /home/agilex/agilex_ws/install/nav2_msgs/include/nav2_msgs/nav2_msgs/msg/detail/behavior_tree_status_change__struct.hpp
[48.002s] -- Up-to-date: /home/agilex/agilex_ws/install/nav2_msgs/include/nav2_msgs/nav2_msgs/msg/detail/particle_cloud__builder.hpp
[48.002s] -- Up-to-date: /home/agilex/agilex_ws/install/nav2_msgs/include/nav2_msgs/nav2_msgs/msg/detail/particle__traits.hpp
[48.002s] -- Up-to-date: /home/agilex/agilex_ws/install/nav2_msgs/include/nav2_msgs/nav2_msgs/msg/detail/behavior_tree_status_change__traits.hpp
[48.002s] -- Up-to-date: /home/agilex/agilex_ws/install/nav2_msgs/include/nav2_msgs/nav2_msgs/msg/detail/particle_cloud__struct.hpp
[48.002s] -- Up-to-date: /home/agilex/agilex_ws/install/nav2_msgs/include/nav2_msgs/nav2_msgs/msg/detail/behavior_tree_log__builder.hpp
[48.002s] -- Up-to-date: /home/agilex/agilex_ws/install/nav2_msgs/include/nav2_msgs/nav2_msgs/msg/detail/costmap_meta_data__builder.hpp
[48.002s] -- Up-to-date: /home/agilex/agilex_ws/install/nav2_msgs/include/nav2_msgs/nav2_msgs/msg/detail/speed_limit__traits.hpp
[48.003s] -- Up-to-date: /home/agilex/agilex_ws/install/nav2_msgs/include/nav2_msgs/nav2_msgs/msg/detail/behavior_tree_log__traits.hpp
[48.003s] -- Up-to-date: /home/agilex/agilex_ws/install/nav2_msgs/include/nav2_msgs/nav2_msgs/msg/detail/speed_limit__struct.hpp
[48.003s] -- Up-to-date: /home/agilex/agilex_ws/install/nav2_msgs/include/nav2_msgs/nav2_msgs/msg/detail/costmap_filter_info__traits.hpp
[48.003s] -- Up-to-date: /home/agilex/agilex_ws/install/nav2_msgs/include/nav2_msgs/nav2_msgs/msg/detail/costmap_meta_data__struct.hpp
[48.003s] -- Up-to-date: /home/agilex/agilex_ws/install/nav2_msgs/include/nav2_msgs/nav2_msgs/msg/detail/particle__struct.hpp
[48.003s] -- Up-to-date: /home/agilex/agilex_ws/install/nav2_msgs/include/nav2_msgs/nav2_msgs/msg/detail/voxel_grid__traits.hpp
[48.003s] -- Up-to-date: /home/agilex/agilex_ws/install/nav2_msgs/include/nav2_msgs/nav2_msgs/msg/detail/behavior_tree_status_change__builder.hpp
[48.003s] -- Up-to-date: /home/agilex/agilex_ws/install/nav2_msgs/include/nav2_msgs/nav2_msgs/msg/behavior_tree_log.hpp
[48.003s] -- Up-to-date: /home/agilex/agilex_ws/install/nav2_msgs/include/nav2_msgs/nav2_msgs/msg/particle.hpp
[48.003s] -- Up-to-date: /home/agilex/agilex_ws/install/nav2_msgs/include/nav2_msgs/nav2_msgs/msg/costmap.hpp
[48.003s] -- Up-to-date: /home/agilex/agilex_ws/install/nav2_msgs/include/nav2_msgs/nav2_msgs/action
[48.003s] -- Up-to-date: /home/agilex/agilex_ws/install/nav2_msgs/include/nav2_msgs/nav2_msgs/action/follow_waypoints.hpp
[48.003s] -- Up-to-date: /home/agilex/agilex_ws/install/nav2_msgs/include/nav2_msgs/nav2_msgs/action/smooth_path.hpp
[48.003s] -- Up-to-date: /home/agilex/agilex_ws/install/nav2_msgs/include/nav2_msgs/nav2_msgs/action/wait.hpp
[48.003s] -- Up-to-date: /home/agilex/agilex_ws/install/nav2_msgs/include/nav2_msgs/nav2_msgs/action/compute_path_through_poses.hpp
[48.003s] -- Up-to-date: /home/agilex/agilex_ws/install/nav2_msgs/include/nav2_msgs/nav2_msgs/action/detail
[48.003s] -- Up-to-date: /home/agilex/agilex_ws/install/nav2_msgs/include/nav2_msgs/nav2_msgs/action/detail/spin__builder.hpp
[48.003s] -- Up-to-date: /home/agilex/agilex_ws/install/nav2_msgs/include/nav2_msgs/nav2_msgs/action/detail/navigate_to_pose__struct.hpp
[48.003s] -- Up-to-date: /home/agilex/agilex_ws/install/nav2_msgs/include/nav2_msgs/nav2_msgs/action/detail/follow_waypoints__struct.hpp
[48.003s] -- Up-to-date: /home/agilex/agilex_ws/install/nav2_msgs/include/nav2_msgs/nav2_msgs/action/detail/back_up__traits.hpp
[48.003s] -- Up-to-date: /home/agilex/agilex_ws/install/nav2_msgs/include/nav2_msgs/nav2_msgs/action/detail/wait__struct.hpp
[48.003s] -- Up-to-date: /home/agilex/agilex_ws/install/nav2_msgs/include/nav2_msgs/nav2_msgs/action/detail/drive_on_heading__builder.hpp
[48.003s] -- Up-to-date: /home/agilex/agilex_ws/install/nav2_msgs/include/nav2_msgs/nav2_msgs/action/detail/drive_on_heading__traits.hpp
[48.003s] -- Up-to-date: /home/agilex/agilex_ws/install/nav2_msgs/include/nav2_msgs/nav2_msgs/action/detail/follow_path__struct.hpp
[48.003s] -- Up-to-date: /home/agilex/agilex_ws/install/nav2_msgs/include/nav2_msgs/nav2_msgs/action/detail/smooth_path__builder.hpp
[48.003s] -- Up-to-date: /home/agilex/agilex_ws/install/nav2_msgs/include/nav2_msgs/nav2_msgs/action/detail/navigate_to_pose__traits.hpp
[48.003s] -- Up-to-date: /home/agilex/agilex_ws/install/nav2_msgs/include/nav2_msgs/nav2_msgs/action/detail/compute_path_through_poses__traits.hpp
[48.003s] -- Up-to-date: /home/agilex/agilex_ws/install/nav2_msgs/include/nav2_msgs/nav2_msgs/action/detail/smooth_path__struct.hpp
[48.003s] -- Up-to-date: /home/agilex/agilex_ws/install/nav2_msgs/include/nav2_msgs/nav2_msgs/action/detail/spin__traits.hpp
[48.003s] -- Up-to-date: /home/agilex/agilex_ws/install/nav2_msgs/include/nav2_msgs/nav2_msgs/action/detail/wait__builder.hpp
[48.003s] -- Up-to-date: /home/agilex/agilex_ws/install/nav2_msgs/include/nav2_msgs/nav2_msgs/action/detail/follow_path__builder.hpp
[48.003s] -- Up-to-date: /home/agilex/agilex_ws/install/nav2_msgs/include/nav2_msgs/nav2_msgs/action/detail/follow_waypoints__builder.hpp
[48.003s] -- Up-to-date: /home/agilex/agilex_ws/install/nav2_msgs/include/nav2_msgs/nav2_msgs/action/detail/compute_path_through_poses__builder.hpp
[48.003s] -- Up-to-date: /home/agilex/agilex_ws/install/nav2_msgs/include/nav2_msgs/nav2_msgs/action/detail/spin__struct.hpp
[48.004s] -- Up-to-date: /home/agilex/agilex_ws/install/nav2_msgs/include/nav2_msgs/nav2_msgs/action/detail/navigate_through_poses__builder.hpp
[48.004s] -- Up-to-date: /home/agilex/agilex_ws/install/nav2_msgs/include/nav2_msgs/nav2_msgs/action/detail/compute_path_to_pose__builder.hpp
[48.004s] -- Up-to-date: /home/agilex/agilex_ws/install/nav2_msgs/include/nav2_msgs/nav2_msgs/action/detail/dummy_behavior__builder.hpp
[48.004s] -- Up-to-date: /home/agilex/agilex_ws/install/nav2_msgs/include/nav2_msgs/nav2_msgs/action/detail/smooth_path__traits.hpp
[48.004s] -- Up-to-date: /home/agilex/agilex_ws/install/nav2_msgs/include/nav2_msgs/nav2_msgs/action/detail/back_up__struct.hpp
[48.004s] -- Up-to-date: /home/agilex/agilex_ws/install/nav2_msgs/include/nav2_msgs/nav2_msgs/action/detail/drive_on_heading__struct.hpp
[48.004s] -- Up-to-date: /home/agilex/agilex_ws/install/nav2_msgs/include/nav2_msgs/nav2_msgs/action/detail/follow_path__traits.hpp
[48.004s] -- Up-to-date: /home/agilex/agilex_ws/install/nav2_msgs/include/nav2_msgs/nav2_msgs/action/detail/dummy_behavior__struct.hpp
[48.004s] -- Up-to-date: /home/agilex/agilex_ws/install/nav2_msgs/include/nav2_msgs/nav2_msgs/action/detail/compute_path_to_pose__struct.hpp
[48.004s] -- Up-to-date: /home/agilex/agilex_ws/install/nav2_msgs/include/nav2_msgs/nav2_msgs/action/detail/navigate_through_poses__traits.hpp
[48.004s] -- Up-to-date: /home/agilex/agilex_ws/install/nav2_msgs/include/nav2_msgs/nav2_msgs/action/detail/back_up__builder.hpp
[48.004s] -- Up-to-date: /home/agilex/agilex_ws/install/nav2_msgs/include/nav2_msgs/nav2_msgs/action/detail/dummy_behavior__traits.hpp
[48.004s] -- Up-to-date: /home/agilex/agilex_ws/install/nav2_msgs/include/nav2_msgs/nav2_msgs/action/detail/compute_path_through_poses__struct.hpp
[48.004s] -- Up-to-date: /home/agilex/agilex_ws/install/nav2_msgs/include/nav2_msgs/nav2_msgs/action/detail/compute_path_to_pose__traits.hpp
[48.004s] -- Up-to-date: /home/agilex/agilex_ws/install/nav2_msgs/include/nav2_msgs/nav2_msgs/action/detail/wait__traits.hpp
[48.004s] -- Up-to-date: /home/agilex/agilex_ws/install/nav2_msgs/include/nav2_msgs/nav2_msgs/action/detail/follow_waypoints__traits.hpp
[48.004s] -- Up-to-date: /home/agilex/agilex_ws/install/nav2_msgs/include/nav2_msgs/nav2_msgs/action/detail/navigate_to_pose__builder.hpp
[48.004s] -- Up-to-date: /home/agilex/agilex_ws/install/nav2_msgs/include/nav2_msgs/nav2_msgs/action/detail/navigate_through_poses__struct.hpp
[48.004s] -- Up-to-date: /home/agilex/agilex_ws/install/nav2_msgs/include/nav2_msgs/nav2_msgs/action/navigate_to_pose.hpp
[48.004s] -- Up-to-date: /home/agilex/agilex_ws/install/nav2_msgs/include/nav2_msgs/nav2_msgs/action/drive_on_heading.hpp
[48.004s] -- Up-to-date: /home/agilex/agilex_ws/install/nav2_msgs/include/nav2_msgs/nav2_msgs/action/navigate_through_poses.hpp
[48.004s] -- Up-to-date: /home/agilex/agilex_ws/install/nav2_msgs/include/nav2_msgs/nav2_msgs/action/dummy_behavior.hpp
[48.004s] -- Up-to-date: /home/agilex/agilex_ws/install/nav2_msgs/include/nav2_msgs/nav2_msgs/action/spin.hpp
[48.004s] -- Up-to-date: /home/agilex/agilex_ws/install/nav2_msgs/include/nav2_msgs/nav2_msgs/action/back_up.hpp
[48.004s] -- Up-to-date: /home/agilex/agilex_ws/install/nav2_msgs/include/nav2_msgs/nav2_msgs/action/compute_path_to_pose.hpp
[48.004s] -- Up-to-date: /home/agilex/agilex_ws/install/nav2_msgs/include/nav2_msgs/nav2_msgs/action/follow_path.hpp
[48.004s] -- Up-to-date: /home/agilex/agilex_ws/install/nav2_msgs/include/nav2_msgs/nav2_msgs
[48.004s] -- Up-to-date: /home/agilex/agilex_ws/install/nav2_msgs/include/nav2_msgs/nav2_msgs/srv
[48.004s] -- Up-to-date: /home/agilex/agilex_ws/install/nav2_msgs/include/nav2_msgs/nav2_msgs/srv/detail
[48.004s] -- Up-to-date: /home/agilex/agilex_ws/install/nav2_msgs/include/nav2_msgs/nav2_msgs/srv/detail/manage_lifecycle_nodes__rosidl_typesupport_fastrtps_cpp.hpp
[48.004s] -- Up-to-date: /home/agilex/agilex_ws/install/nav2_msgs/include/nav2_msgs/nav2_msgs/srv/detail/clear_costmap_around_robot__rosidl_typesupport_fastrtps_cpp.hpp
[48.004s] -- Up-to-date: /home/agilex/agilex_ws/install/nav2_msgs/include/nav2_msgs/nav2_msgs/srv/detail/clear_costmap_except_region__rosidl_typesupport_fastrtps_cpp.hpp
[48.004s] -- Up-to-date: /home/agilex/agilex_ws/install/nav2_msgs/include/nav2_msgs/nav2_msgs/srv/detail/load_map__rosidl_typesupport_fastrtps_cpp.hpp
[48.005s] -- Up-to-date: /home/agilex/agilex_ws/install/nav2_msgs/include/nav2_msgs/nav2_msgs/srv/detail/get_costmap__rosidl_typesupport_fastrtps_cpp.hpp
[48.005s] -- Up-to-date: /home/agilex/agilex_ws/install/nav2_msgs/include/nav2_msgs/nav2_msgs/srv/detail/is_path_valid__rosidl_typesupport_fastrtps_cpp.hpp
[48.005s] -- Up-to-date: /home/agilex/agilex_ws/install/nav2_msgs/include/nav2_msgs/nav2_msgs/srv/detail/clear_entire_costmap__rosidl_typesupport_fastrtps_cpp.hpp
[48.005s] -- Up-to-date: /home/agilex/agilex_ws/install/nav2_msgs/include/nav2_msgs/nav2_msgs/srv/detail/dds_fastrtps
[48.005s] -- Up-to-date: /home/agilex/agilex_ws/install/nav2_msgs/include/nav2_msgs/nav2_msgs/srv/detail/save_map__rosidl_typesupport_fastrtps_cpp.hpp
[48.005s] -- Up-to-date: /home/agilex/agilex_ws/install/nav2_msgs/include/nav2_msgs/nav2_msgs/msg
[48.005s] -- Up-to-date: /home/agilex/agilex_ws/install/nav2_msgs/include/nav2_msgs/nav2_msgs/msg/rosidl_typesupport_fastrtps_cpp__visibility_control.h
[48.005s] -- Up-to-date: /home/agilex/agilex_ws/install/nav2_msgs/include/nav2_msgs/nav2_msgs/msg/detail
[48.005s] -- Up-to-date: /home/agilex/agilex_ws/install/nav2_msgs/include/nav2_msgs/nav2_msgs/msg/detail/behavior_tree_log__rosidl_typesupport_fastrtps_cpp.hpp
[48.005s] -- Up-to-date: /home/agilex/agilex_ws/install/nav2_msgs/include/nav2_msgs/nav2_msgs/msg/detail/speed_limit__rosidl_typesupport_fastrtps_cpp.hpp
[48.005s] -- Up-to-date: /home/agilex/agilex_ws/install/nav2_msgs/include/nav2_msgs/nav2_msgs/msg/detail/costmap__rosidl_typesupport_fastrtps_cpp.hpp
[48.005s] -- Up-to-date: /home/agilex/agilex_ws/install/nav2_msgs/include/nav2_msgs/nav2_msgs/msg/detail/costmap_meta_data__rosidl_typesupport_fastrtps_cpp.hpp
[48.005s] -- Up-to-date: /home/agilex/agilex_ws/install/nav2_msgs/include/nav2_msgs/nav2_msgs/msg/detail/voxel_grid__rosidl_typesupport_fastrtps_cpp.hpp
[48.005s] -- Up-to-date: /home/agilex/agilex_ws/install/nav2_msgs/include/nav2_msgs/nav2_msgs/msg/detail/costmap_filter_info__rosidl_typesupport_fastrtps_cpp.hpp
[48.005s] -- Up-to-date: /home/agilex/agilex_ws/install/nav2_msgs/include/nav2_msgs/nav2_msgs/msg/detail/particle_cloud__rosidl_typesupport_fastrtps_cpp.hpp
[48.005s] -- Up-to-date: /home/agilex/agilex_ws/install/nav2_msgs/include/nav2_msgs/nav2_msgs/msg/detail/dds_fastrtps
[48.005s] -- Up-to-date: /home/agilex/agilex_ws/install/nav2_msgs/include/nav2_msgs/nav2_msgs/msg/detail/particle__rosidl_typesupport_fastrtps_cpp.hpp
[48.005s] -- Up-to-date: /home/agilex/agilex_ws/install/nav2_msgs/include/nav2_msgs/nav2_msgs/msg/detail/behavior_tree_status_change__rosidl_typesupport_fastrtps_cpp.hpp
[48.005s] -- Up-to-date: /home/agilex/agilex_ws/install/nav2_msgs/include/nav2_msgs/nav2_msgs/action
[48.006s] -- Up-to-date: /home/agilex/agilex_ws/install/nav2_msgs/include/nav2_msgs/nav2_msgs/action/detail
[48.006s] -- Up-to-date: /home/agilex/agilex_ws/install/nav2_msgs/include/nav2_msgs/nav2_msgs/action/detail/wait__rosidl_typesupport_fastrtps_cpp.hpp
[48.006s] -- Up-to-date: /home/agilex/agilex_ws/install/nav2_msgs/include/nav2_msgs/nav2_msgs/action/detail/smooth_path__rosidl_typesupport_fastrtps_cpp.hpp
[48.006s] -- Up-to-date: /home/agilex/agilex_ws/install/nav2_msgs/include/nav2_msgs/nav2_msgs/action/detail/navigate_through_poses__rosidl_typesupport_fastrtps_cpp.hpp
[48.006s] -- Up-to-date: /home/agilex/agilex_ws/install/nav2_msgs/include/nav2_msgs/nav2_msgs/action/detail/spin__rosidl_typesupport_fastrtps_cpp.hpp
[48.006s] -- Up-to-date: /home/agilex/agilex_ws/install/nav2_msgs/include/nav2_msgs/nav2_msgs/action/detail/follow_path__rosidl_typesupport_fastrtps_cpp.hpp
[48.006s] -- Up-to-date: /home/agilex/agilex_ws/install/nav2_msgs/include/nav2_msgs/nav2_msgs/action/detail/navigate_to_pose__rosidl_typesupport_fastrtps_cpp.hpp
[48.006s] -- Up-to-date: /home/agilex/agilex_ws/install/nav2_msgs/include/nav2_msgs/nav2_msgs/action/detail/drive_on_heading__rosidl_typesupport_fastrtps_cpp.hpp
[48.006s] -- Up-to-date: /home/agilex/agilex_ws/install/nav2_msgs/include/nav2_msgs/nav2_msgs/action/detail/follow_waypoints__rosidl_typesupport_fastrtps_cpp.hpp
[48.006s] -- Up-to-date: /home/agilex/agilex_ws/install/nav2_msgs/include/nav2_msgs/nav2_msgs/action/detail/compute_path_to_pose__rosidl_typesupport_fastrtps_cpp.hpp
[48.006s] -- Up-to-date: /home/agilex/agilex_ws/install/nav2_msgs/include/nav2_msgs/nav2_msgs/action/detail/dds_fastrtps
[48.006s] -- Up-to-date: /home/agilex/agilex_ws/install/nav2_msgs/include/nav2_msgs/nav2_msgs/action/detail/compute_path_through_poses__rosidl_typesupport_fastrtps_cpp.hpp
[48.006s] -- Up-to-date: /home/agilex/agilex_ws/install/nav2_msgs/include/nav2_msgs/nav2_msgs/action/detail/dummy_behavior__rosidl_typesupport_fastrtps_cpp.hpp
[48.006s] -- Up-to-date: /home/agilex/agilex_ws/install/nav2_msgs/include/nav2_msgs/nav2_msgs/action/detail/back_up__rosidl_typesupport_fastrtps_cpp.hpp
[48.007s] -- Installing: /home/agilex/agilex_ws/install/nav2_msgs/lib/libnav2_msgs__rosidl_typesupport_fastrtps_cpp.so
[48.008s] -- Set runtime path of "/home/agilex/agilex_ws/install/nav2_msgs/lib/libnav2_msgs__rosidl_typesupport_fastrtps_cpp.so" to ""
[48.008s] -- Up-to-date: /home/agilex/agilex_ws/install/nav2_msgs/include/nav2_msgs/nav2_msgs
[48.008s] -- Up-to-date: /home/agilex/agilex_ws/install/nav2_msgs/include/nav2_msgs/nav2_msgs/srv
[48.008s] -- Up-to-date: /home/agilex/agilex_ws/install/nav2_msgs/include/nav2_msgs/nav2_msgs/srv/detail
[48.008s] -- Up-to-date: /home/agilex/agilex_ws/install/nav2_msgs/include/nav2_msgs/nav2_msgs/srv/detail/is_path_valid__rosidl_typesupport_introspection_c.h
[48.008s] -- Up-to-date: /home/agilex/agilex_ws/install/nav2_msgs/include/nav2_msgs/nav2_msgs/srv/detail/clear_costmap_except_region__type_support.c
[48.008s] -- Up-to-date: /home/agilex/agilex_ws/install/nav2_msgs/include/nav2_msgs/nav2_msgs/srv/detail/clear_entire_costmap__type_support.c
[48.009s] -- Up-to-date: /home/agilex/agilex_ws/install/nav2_msgs/include/nav2_msgs/nav2_msgs/srv/detail/clear_entire_costmap__rosidl_typesupport_introspection_c.h
[48.009s] -- Up-to-date: /home/agilex/agilex_ws/install/nav2_msgs/include/nav2_msgs/nav2_msgs/srv/detail/get_costmap__rosidl_typesupport_introspection_c.h
[48.009s] -- Up-to-date: /home/agilex/agilex_ws/install/nav2_msgs/include/nav2_msgs/nav2_msgs/srv/detail/manage_lifecycle_nodes__type_support.c
[48.009s] -- Up-to-date: /home/agilex/agilex_ws/install/nav2_msgs/include/nav2_msgs/nav2_msgs/srv/detail/save_map__rosidl_typesupport_introspection_c.h
[48.009s] -- Up-to-date: /home/agilex/agilex_ws/install/nav2_msgs/include/nav2_msgs/nav2_msgs/srv/detail/manage_lifecycle_nodes__rosidl_typesupport_introspection_c.h
[48.009s] -- Up-to-date: /home/agilex/agilex_ws/install/nav2_msgs/include/nav2_msgs/nav2_msgs/srv/detail/load_map__type_support.c
[48.009s] -- Up-to-date: /home/agilex/agilex_ws/install/nav2_msgs/include/nav2_msgs/nav2_msgs/srv/detail/clear_costmap_except_region__rosidl_typesupport_introspection_c.h
[48.009s] -- Up-to-date: /home/agilex/agilex_ws/install/nav2_msgs/include/nav2_msgs/nav2_msgs/srv/detail/load_map__rosidl_typesupport_introspection_c.h
[48.009s] -- Up-to-date: /home/agilex/agilex_ws/install/nav2_msgs/include/nav2_msgs/nav2_msgs/srv/detail/get_costmap__type_support.c
[48.009s] -- Up-to-date: /home/agilex/agilex_ws/install/nav2_msgs/include/nav2_msgs/nav2_msgs/srv/detail/is_path_valid__type_support.c
[48.009s] -- Up-to-date: /home/agilex/agilex_ws/install/nav2_msgs/include/nav2_msgs/nav2_msgs/srv/detail/clear_costmap_around_robot__type_support.c
[48.010s] -- Up-to-date: /home/agilex/agilex_ws/install/nav2_msgs/include/nav2_msgs/nav2_msgs/srv/detail/save_map__type_support.c
[48.010s] -- Up-to-date: /home/agilex/agilex_ws/install/nav2_msgs/include/nav2_msgs/nav2_msgs/srv/detail/clear_costmap_around_robot__rosidl_typesupport_introspection_c.h
[48.010s] -- Up-to-date: /home/agilex/agilex_ws/install/nav2_msgs/include/nav2_msgs/nav2_msgs/msg
[48.010s] -- Up-to-date: /home/agilex/agilex_ws/install/nav2_msgs/include/nav2_msgs/nav2_msgs/msg/detail
[48.010s] -- Up-to-date: /home/agilex/agilex_ws/install/nav2_msgs/include/nav2_msgs/nav2_msgs/msg/detail/costmap__rosidl_typesupport_introspection_c.h
[48.010s] -- Up-to-date: /home/agilex/agilex_ws/install/nav2_msgs/include/nav2_msgs/nav2_msgs/msg/detail/costmap_meta_data__type_support.c
[48.010s] -- Up-to-date: /home/agilex/agilex_ws/install/nav2_msgs/include/nav2_msgs/nav2_msgs/msg/detail/costmap_filter_info__rosidl_typesupport_introspection_c.h
[48.010s] -- Up-to-date: /home/agilex/agilex_ws/install/nav2_msgs/include/nav2_msgs/nav2_msgs/msg/detail/behavior_tree_status_change__rosidl_typesupport_introspection_c.h
[48.010s] -- Up-to-date: /home/agilex/agilex_ws/install/nav2_msgs/include/nav2_msgs/nav2_msgs/msg/detail/voxel_grid__rosidl_typesupport_introspection_c.h
[48.010s] -- Up-to-date: /home/agilex/agilex_ws/install/nav2_msgs/include/nav2_msgs/nav2_msgs/msg/detail/speed_limit__rosidl_typesupport_introspection_c.h
[48.010s] -- Up-to-date: /home/agilex/agilex_ws/install/nav2_msgs/include/nav2_msgs/nav2_msgs/msg/detail/costmap__type_support.c
[48.010s] -- Up-to-date: /home/agilex/agilex_ws/install/nav2_msgs/include/nav2_msgs/nav2_msgs/msg/detail/particle_cloud__type_support.c
[48.010s] -- Up-to-date: /home/agilex/agilex_ws/install/nav2_msgs/include/nav2_msgs/nav2_msgs/msg/detail/particle__type_support.c
[48.010s] -- Up-to-date: /home/agilex/agilex_ws/install/nav2_msgs/include/nav2_msgs/nav2_msgs/msg/detail/behavior_tree_log__rosidl_typesupport_introspection_c.h
[48.010s] -- Up-to-date: /home/agilex/agilex_ws/install/nav2_msgs/include/nav2_msgs/nav2_msgs/msg/detail/speed_limit__type_support.c
[48.010s] -- Up-to-date: /home/agilex/agilex_ws/install/nav2_msgs/include/nav2_msgs/nav2_msgs/msg/detail/voxel_grid__type_support.c
[48.011s] -- Up-to-date: /home/agilex/agilex_ws/install/nav2_msgs/include/nav2_msgs/nav2_msgs/msg/detail/behavior_tree_log__type_support.c
[48.011s] -- Up-to-date: /home/agilex/agilex_ws/install/nav2_msgs/include/nav2_msgs/nav2_msgs/msg/detail/costmap_filter_info__type_support.c
[48.011s] -- Up-to-date: /home/agilex/agilex_ws/install/nav2_msgs/include/nav2_msgs/nav2_msgs/msg/detail/particle__rosidl_typesupport_introspection_c.h
[48.011s] -- Up-to-date: /home/agilex/agilex_ws/install/nav2_msgs/include/nav2_msgs/nav2_msgs/msg/detail/costmap_meta_data__rosidl_typesupport_introspection_c.h
[48.011s] -- Up-to-date: /home/agilex/agilex_ws/install/nav2_msgs/include/nav2_msgs/nav2_msgs/msg/detail/particle_cloud__rosidl_typesupport_introspection_c.h
[48.011s] -- Up-to-date: /home/agilex/agilex_ws/install/nav2_msgs/include/nav2_msgs/nav2_msgs/msg/detail/behavior_tree_status_change__type_support.c
[48.011s] -- Up-to-date: /home/agilex/agilex_ws/install/nav2_msgs/include/nav2_msgs/nav2_msgs/msg/rosidl_typesupport_introspection_c__visibility_control.h
[48.011s] -- Up-to-date: /home/agilex/agilex_ws/install/nav2_msgs/include/nav2_msgs/nav2_msgs/action
[48.011s] -- Up-to-date: /home/agilex/agilex_ws/install/nav2_msgs/include/nav2_msgs/nav2_msgs/action/detail
[48.011s] -- Up-to-date: /home/agilex/agilex_ws/install/nav2_msgs/include/nav2_msgs/nav2_msgs/action/detail/drive_on_heading__type_support.c
[48.011s] -- Up-to-date: /home/agilex/agilex_ws/install/nav2_msgs/include/nav2_msgs/nav2_msgs/action/detail/spin__rosidl_typesupport_introspection_c.h
[48.011s] -- Up-to-date: /home/agilex/agilex_ws/install/nav2_msgs/include/nav2_msgs/nav2_msgs/action/detail/back_up__type_support.c
[48.011s] -- Up-to-date: /home/agilex/agilex_ws/install/nav2_msgs/include/nav2_msgs/nav2_msgs/action/detail/navigate_through_poses__type_support.c
[48.011s] -- Up-to-date: /home/agilex/agilex_ws/install/nav2_msgs/include/nav2_msgs/nav2_msgs/action/detail/follow_waypoints__type_support.c
[48.011s] -- Up-to-date: /home/agilex/agilex_ws/install/nav2_msgs/include/nav2_msgs/nav2_msgs/action/detail/navigate_through_poses__rosidl_typesupport_introspection_c.h
[48.011s] -- Up-to-date: /home/agilex/agilex_ws/install/nav2_msgs/include/nav2_msgs/nav2_msgs/action/detail/spin__type_support.c
[48.012s] -- Up-to-date: /home/agilex/agilex_ws/install/nav2_msgs/include/nav2_msgs/nav2_msgs/action/detail/follow_waypoints__rosidl_typesupport_introspection_c.h
[48.012s] -- Up-to-date: /home/agilex/agilex_ws/install/nav2_msgs/include/nav2_msgs/nav2_msgs/action/detail/compute_path_to_pose__type_support.c
[48.012s] -- Up-to-date: /home/agilex/agilex_ws/install/nav2_msgs/include/nav2_msgs/nav2_msgs/action/detail/dummy_behavior__type_support.c
[48.012s] -- Up-to-date: /home/agilex/agilex_ws/install/nav2_msgs/include/nav2_msgs/nav2_msgs/action/detail/drive_on_heading__rosidl_typesupport_introspection_c.h
[48.012s] -- Up-to-date: /home/agilex/agilex_ws/install/nav2_msgs/include/nav2_msgs/nav2_msgs/action/detail/wait__type_support.c
[48.012s] -- Up-to-date: /home/agilex/agilex_ws/install/nav2_msgs/include/nav2_msgs/nav2_msgs/action/detail/wait__rosidl_typesupport_introspection_c.h
[48.012s] -- Up-to-date: /home/agilex/agilex_ws/install/nav2_msgs/include/nav2_msgs/nav2_msgs/action/detail/dummy_behavior__rosidl_typesupport_introspection_c.h
[48.012s] -- Up-to-date: /home/agilex/agilex_ws/install/nav2_msgs/include/nav2_msgs/nav2_msgs/action/detail/navigate_to_pose__type_support.c
[48.012s] -- Up-to-date: /home/agilex/agilex_ws/install/nav2_msgs/include/nav2_msgs/nav2_msgs/action/detail/follow_path__type_support.c
[48.012s] -- Up-to-date: /home/agilex/agilex_ws/install/nav2_msgs/include/nav2_msgs/nav2_msgs/action/detail/compute_path_to_pose__rosidl_typesupport_introspection_c.h
[48.012s] -- Up-to-date: /home/agilex/agilex_ws/install/nav2_msgs/include/nav2_msgs/nav2_msgs/action/detail/smooth_path__type_support.c
[48.012s] -- Up-to-date: /home/agilex/agilex_ws/install/nav2_msgs/include/nav2_msgs/nav2_msgs/action/detail/smooth_path__rosidl_typesupport_introspection_c.h
[48.012s] -- Up-to-date: /home/agilex/agilex_ws/install/nav2_msgs/include/nav2_msgs/nav2_msgs/action/detail/back_up__rosidl_typesupport_introspection_c.h
[48.013s] -- Up-to-date: /home/agilex/agilex_ws/install/nav2_msgs/include/nav2_msgs/nav2_msgs/action/detail/compute_path_through_poses__type_support.c
[48.013s] -- Up-to-date: /home/agilex/agilex_ws/install/nav2_msgs/include/nav2_msgs/nav2_msgs/action/detail/navigate_to_pose__rosidl_typesupport_introspection_c.h
[48.013s] -- Up-to-date: /home/agilex/agilex_ws/install/nav2_msgs/include/nav2_msgs/nav2_msgs/action/detail/follow_path__rosidl_typesupport_introspection_c.h
[48.013s] -- Up-to-date: /home/agilex/agilex_ws/install/nav2_msgs/include/nav2_msgs/nav2_msgs/action/detail/compute_path_through_poses__rosidl_typesupport_introspection_c.h
[48.013s] -- Installing: /home/agilex/agilex_ws/install/nav2_msgs/lib/libnav2_msgs__rosidl_typesupport_introspection_c.so
[48.013s] -- Set runtime path of "/home/agilex/agilex_ws/install/nav2_msgs/lib/libnav2_msgs__rosidl_typesupport_introspection_c.so" to ""
[48.013s] -- Installing: /home/agilex/agilex_ws/install/nav2_msgs/lib/libnav2_msgs__rosidl_typesupport_c.so
[48.013s] -- Set runtime path of "/home/agilex/agilex_ws/install/nav2_msgs/lib/libnav2_msgs__rosidl_typesupport_c.so" to ""
[48.013s] -- Up-to-date: /home/agilex/agilex_ws/install/nav2_msgs/include/nav2_msgs/nav2_msgs
[48.013s] -- Up-to-date: /home/agilex/agilex_ws/install/nav2_msgs/include/nav2_msgs/nav2_msgs/srv
[48.013s] -- Up-to-date: /home/agilex/agilex_ws/install/nav2_msgs/include/nav2_msgs/nav2_msgs/srv/detail
[48.013s] -- Up-to-date: /home/agilex/agilex_ws/install/nav2_msgs/include/nav2_msgs/nav2_msgs/srv/detail/load_map__type_support.cpp
[48.013s] -- Up-to-date: /home/agilex/agilex_ws/install/nav2_msgs/include/nav2_msgs/nav2_msgs/srv/detail/clear_costmap_except_region__rosidl_typesupport_introspection_cpp.hpp
[48.013s] -- Up-to-date: /home/agilex/agilex_ws/install/nav2_msgs/include/nav2_msgs/nav2_msgs/srv/detail/clear_entire_costmap__type_support.cpp
[48.013s] -- Up-to-date: /home/agilex/agilex_ws/install/nav2_msgs/include/nav2_msgs/nav2_msgs/srv/detail/is_path_valid__type_support.cpp
[48.014s] -- Up-to-date: /home/agilex/agilex_ws/install/nav2_msgs/include/nav2_msgs/nav2_msgs/srv/detail/clear_costmap_around_robot__rosidl_typesupport_introspection_cpp.hpp
[48.014s] -- Up-to-date: /home/agilex/agilex_ws/install/nav2_msgs/include/nav2_msgs/nav2_msgs/srv/detail/get_costmap__type_support.cpp
[48.014s] -- Up-to-date: /home/agilex/agilex_ws/install/nav2_msgs/include/nav2_msgs/nav2_msgs/srv/detail/clear_entire_costmap__rosidl_typesupport_introspection_cpp.hpp
[48.014s] -- Up-to-date: /home/agilex/agilex_ws/install/nav2_msgs/include/nav2_msgs/nav2_msgs/srv/detail/is_path_valid__rosidl_typesupport_introspection_cpp.hpp
[48.014s] -- Up-to-date: /home/agilex/agilex_ws/install/nav2_msgs/include/nav2_msgs/nav2_msgs/srv/detail/save_map__rosidl_typesupport_introspection_cpp.hpp
[48.014s] -- Up-to-date: /home/agilex/agilex_ws/install/nav2_msgs/include/nav2_msgs/nav2_msgs/srv/detail/save_map__type_support.cpp
[48.014s] -- Up-to-date: /home/agilex/agilex_ws/install/nav2_msgs/include/nav2_msgs/nav2_msgs/srv/detail/manage_lifecycle_nodes__rosidl_typesupport_introspection_cpp.hpp
[48.014s] -- Up-to-date: /home/agilex/agilex_ws/install/nav2_msgs/include/nav2_msgs/nav2_msgs/srv/detail/clear_costmap_around_robot__type_support.cpp
[48.014s] -- Up-to-date: /home/agilex/agilex_ws/install/nav2_msgs/include/nav2_msgs/nav2_msgs/srv/detail/load_map__rosidl_typesupport_introspection_cpp.hpp
[48.014s] -- Up-to-date: /home/agilex/agilex_ws/install/nav2_msgs/include/nav2_msgs/nav2_msgs/srv/detail/manage_lifecycle_nodes__type_support.cpp
[48.014s] -- Up-to-date: /home/agilex/agilex_ws/install/nav2_msgs/include/nav2_msgs/nav2_msgs/srv/detail/clear_costmap_except_region__type_support.cpp
[48.014s] -- Up-to-date: /home/agilex/agilex_ws/install/nav2_msgs/include/nav2_msgs/nav2_msgs/srv/detail/get_costmap__rosidl_typesupport_introspection_cpp.hpp
[48.014s] -- Up-to-date: /home/agilex/agilex_ws/install/nav2_msgs/include/nav2_msgs/nav2_msgs/msg
[48.015s] -- Up-to-date: /home/agilex/agilex_ws/install/nav2_msgs/include/nav2_msgs/nav2_msgs/msg/detail
[48.015s] -- Up-to-date: /home/agilex/agilex_ws/install/nav2_msgs/include/nav2_msgs/nav2_msgs/msg/detail/voxel_grid__rosidl_typesupport_introspection_cpp.hpp
[48.015s] -- Up-to-date: /home/agilex/agilex_ws/install/nav2_msgs/include/nav2_msgs/nav2_msgs/msg/detail/particle__rosidl_typesupport_introspection_cpp.hpp
[48.015s] -- Up-to-date: /home/agilex/agilex_ws/install/nav2_msgs/include/nav2_msgs/nav2_msgs/msg/detail/costmap_filter_info__type_support.cpp
[48.015s] -- Up-to-date: /home/agilex/agilex_ws/install/nav2_msgs/include/nav2_msgs/nav2_msgs/msg/detail/behavior_tree_log__rosidl_typesupport_introspection_cpp.hpp
[48.015s] -- Up-to-date: /home/agilex/agilex_ws/install/nav2_msgs/include/nav2_msgs/nav2_msgs/msg/detail/costmap__type_support.cpp
[48.015s] -- Up-to-date: /home/agilex/agilex_ws/install/nav2_msgs/include/nav2_msgs/nav2_msgs/msg/detail/costmap_meta_data__rosidl_typesupport_introspection_cpp.hpp
[48.015s] -- Up-to-date: /home/agilex/agilex_ws/install/nav2_msgs/include/nav2_msgs/nav2_msgs/msg/detail/voxel_grid__type_support.cpp
[48.015s] -- Up-to-date: /home/agilex/agilex_ws/install/nav2_msgs/include/nav2_msgs/nav2_msgs/msg/detail/particle__type_support.cpp
[48.015s] -- Up-to-date: /home/agilex/agilex_ws/install/nav2_msgs/include/nav2_msgs/nav2_msgs/msg/detail/costmap_meta_data__type_support.cpp
[48.015s] -- Up-to-date: /home/agilex/agilex_ws/install/nav2_msgs/include/nav2_msgs/nav2_msgs/msg/detail/costmap__rosidl_typesupport_introspection_cpp.hpp
[48.015s] -- Up-to-date: /home/agilex/agilex_ws/install/nav2_msgs/include/nav2_msgs/nav2_msgs/msg/detail/speed_limit__rosidl_typesupport_introspection_cpp.hpp
[48.015s] -- Up-to-date: /home/agilex/agilex_ws/install/nav2_msgs/include/nav2_msgs/nav2_msgs/msg/detail/behavior_tree_log__type_support.cpp
[48.015s] -- Up-to-date: /home/agilex/agilex_ws/install/nav2_msgs/include/nav2_msgs/nav2_msgs/msg/detail/costmap_filter_info__rosidl_typesupport_introspection_cpp.hpp
[48.015s] -- Up-to-date: /home/agilex/agilex_ws/install/nav2_msgs/include/nav2_msgs/nav2_msgs/msg/detail/speed_limit__type_support.cpp
[48.016s] -- Up-to-date: /home/agilex/agilex_ws/install/nav2_msgs/include/nav2_msgs/nav2_msgs/msg/detail/particle_cloud__rosidl_typesupport_introspection_cpp.hpp
[48.016s] -- Up-to-date: /home/agilex/agilex_ws/install/nav2_msgs/include/nav2_msgs/nav2_msgs/msg/detail/particle_cloud__type_support.cpp
[48.016s] -- Up-to-date: /home/agilex/agilex_ws/install/nav2_msgs/include/nav2_msgs/nav2_msgs/msg/detail/behavior_tree_status_change__type_support.cpp
[48.016s] -- Up-to-date: /home/agilex/agilex_ws/install/nav2_msgs/include/nav2_msgs/nav2_msgs/msg/detail/behavior_tree_status_change__rosidl_typesupport_introspection_cpp.hpp
[48.016s] -- Up-to-date: /home/agilex/agilex_ws/install/nav2_msgs/include/nav2_msgs/nav2_msgs/action
[48.016s] -- Up-to-date: /home/agilex/agilex_ws/install/nav2_msgs/include/nav2_msgs/nav2_msgs/action/detail
[48.016s] -- Up-to-date: /home/agilex/agilex_ws/install/nav2_msgs/include/nav2_msgs/nav2_msgs/action/detail/dummy_behavior__type_support.cpp
[48.016s] -- Up-to-date: /home/agilex/agilex_ws/install/nav2_msgs/include/nav2_msgs/nav2_msgs/action/detail/spin__type_support.cpp
[48.016s] -- Up-to-date: /home/agilex/agilex_ws/install/nav2_msgs/include/nav2_msgs/nav2_msgs/action/detail/drive_on_heading__rosidl_typesupport_introspection_cpp.hpp
[48.016s] -- Up-to-date: /home/agilex/agilex_ws/install/nav2_msgs/include/nav2_msgs/nav2_msgs/action/detail/navigate_to_pose__rosidl_typesupport_introspection_cpp.hpp
[48.016s] -- Up-to-date: /home/agilex/agilex_ws/install/nav2_msgs/include/nav2_msgs/nav2_msgs/action/detail/drive_on_heading__type_support.cpp
[48.016s] -- Up-to-date: /home/agilex/agilex_ws/install/nav2_msgs/include/nav2_msgs/nav2_msgs/action/detail/follow_waypoints__type_support.cpp
[48.016s] -- Up-to-date: /home/agilex/agilex_ws/install/nav2_msgs/include/nav2_msgs/nav2_msgs/action/detail/navigate_through_poses__type_support.cpp
[48.016s] -- Up-to-date: /home/agilex/agilex_ws/install/nav2_msgs/include/nav2_msgs/nav2_msgs/action/detail/navigate_to_pose__type_support.cpp
[48.017s] -- Up-to-date: /home/agilex/agilex_ws/install/nav2_msgs/include/nav2_msgs/nav2_msgs/action/detail/smooth_path__rosidl_typesupport_introspection_cpp.hpp
[48.017s] -- Up-to-date: /home/agilex/agilex_ws/install/nav2_msgs/include/nav2_msgs/nav2_msgs/action/detail/back_up__rosidl_typesupport_introspection_cpp.hpp
[48.017s] -- Up-to-date: /home/agilex/agilex_ws/install/nav2_msgs/include/nav2_msgs/nav2_msgs/action/detail/compute_path_to_pose__type_support.cpp
[48.017s] -- Up-to-date: /home/agilex/agilex_ws/install/nav2_msgs/include/nav2_msgs/nav2_msgs/action/detail/follow_waypoints__rosidl_typesupport_introspection_cpp.hpp
[48.017s] -- Up-to-date: /home/agilex/agilex_ws/install/nav2_msgs/include/nav2_msgs/nav2_msgs/action/detail/compute_path_through_poses__type_support.cpp
[48.017s] -- Up-to-date: /home/agilex/agilex_ws/install/nav2_msgs/include/nav2_msgs/nav2_msgs/action/detail/follow_path__rosidl_typesupport_introspection_cpp.hpp
[48.017s] -- Up-to-date: /home/agilex/agilex_ws/install/nav2_msgs/include/nav2_msgs/nav2_msgs/action/detail/wait__rosidl_typesupport_introspection_cpp.hpp
[48.017s] -- Up-to-date: /home/agilex/agilex_ws/install/nav2_msgs/include/nav2_msgs/nav2_msgs/action/detail/compute_path_to_pose__rosidl_typesupport_introspection_cpp.hpp
[48.017s] -- Up-to-date: /home/agilex/agilex_ws/install/nav2_msgs/include/nav2_msgs/nav2_msgs/action/detail/back_up__type_support.cpp
[48.017s] -- Up-to-date: /home/agilex/agilex_ws/install/nav2_msgs/include/nav2_msgs/nav2_msgs/action/detail/smooth_path__type_support.cpp
[48.017s] -- Up-to-date: /home/agilex/agilex_ws/install/nav2_msgs/include/nav2_msgs/nav2_msgs/action/detail/follow_path__type_support.cpp
[48.017s] -- Up-to-date: /home/agilex/agilex_ws/install/nav2_msgs/include/nav2_msgs/nav2_msgs/action/detail/spin__rosidl_typesupport_introspection_cpp.hpp
[48.017s] -- Up-to-date: /home/agilex/agilex_ws/install/nav2_msgs/include/nav2_msgs/nav2_msgs/action/detail/compute_path_through_poses__rosidl_typesupport_introspection_cpp.hpp
[48.017s] -- Up-to-date: /home/agilex/agilex_ws/install/nav2_msgs/include/nav2_msgs/nav2_msgs/action/detail/dummy_behavior__rosidl_typesupport_introspection_cpp.hpp
[48.017s] -- Up-to-date: /home/agilex/agilex_ws/install/nav2_msgs/include/nav2_msgs/nav2_msgs/action/detail/wait__type_support.cpp
[48.018s] -- Up-to-date: /home/agilex/agilex_ws/install/nav2_msgs/include/nav2_msgs/nav2_msgs/action/detail/navigate_through_poses__rosidl_typesupport_introspection_cpp.hpp
[48.018s] -- Installing: /home/agilex/agilex_ws/install/nav2_msgs/lib/libnav2_msgs__rosidl_typesupport_introspection_cpp.so
[48.018s] -- Set runtime path of "/home/agilex/agilex_ws/install/nav2_msgs/lib/libnav2_msgs__rosidl_typesupport_introspection_cpp.so" to ""
[48.018s] -- Installing: /home/agilex/agilex_ws/install/nav2_msgs/lib/libnav2_msgs__rosidl_typesupport_cpp.so
[48.018s] -- Set runtime path of "/home/agilex/agilex_ws/install/nav2_msgs/lib/libnav2_msgs__rosidl_typesupport_cpp.so" to ""
[48.018s] -- Up-to-date: /home/agilex/agilex_ws/install/nav2_msgs/share/nav2_msgs/environment/pythonpath.sh
[48.018s] -- Up-to-date: /home/agilex/agilex_ws/install/nav2_msgs/share/nav2_msgs/environment/pythonpath.dsv
[48.018s] -- Up-to-date: /home/agilex/agilex_ws/install/nav2_msgs/local/lib/python3.10/dist-packages/nav2_msgs-1.1.0-py3.10.egg-info
[48.018s] -- Installing: /home/agilex/agilex_ws/install/nav2_msgs/local/lib/python3.10/dist-packages/nav2_msgs-1.1.0-py3.10.egg-info/top_level.txt
[48.018s] -- Installing: /home/agilex/agilex_ws/install/nav2_msgs/local/lib/python3.10/dist-packages/nav2_msgs-1.1.0-py3.10.egg-info/SOURCES.txt
[48.018s] -- Installing: /home/agilex/agilex_ws/install/nav2_msgs/local/lib/python3.10/dist-packages/nav2_msgs-1.1.0-py3.10.egg-info/PKG-INFO
[48.018s] -- Installing: /home/agilex/agilex_ws/install/nav2_msgs/local/lib/python3.10/dist-packages/nav2_msgs-1.1.0-py3.10.egg-info/dependency_links.txt
[48.019s] -- Up-to-date: /home/agilex/agilex_ws/install/nav2_msgs/local/lib/python3.10/dist-packages/nav2_msgs
[48.019s] -- Up-to-date: /home/agilex/agilex_ws/install/nav2_msgs/local/lib/python3.10/dist-packages/nav2_msgs/_nav2_msgs_s.ep.rosidl_typesupport_c.c
[48.019s] -- Up-to-date: /home/agilex/agilex_ws/install/nav2_msgs/local/lib/python3.10/dist-packages/nav2_msgs/__init__.py
[48.019s] -- Installing: /home/agilex/agilex_ws/install/nav2_msgs/local/lib/python3.10/dist-packages/nav2_msgs/nav2_msgs_s__rosidl_typesupport_c.cpython-310-x86_64-linux-gnu.so
[48.019s] -- Up-to-date: /home/agilex/agilex_ws/install/nav2_msgs/local/lib/python3.10/dist-packages/nav2_msgs/srv
[48.019s] -- Up-to-date: /home/agilex/agilex_ws/install/nav2_msgs/local/lib/python3.10/dist-packages/nav2_msgs/srv/_save_map.py
[48.019s] -- Up-to-date: /home/agilex/agilex_ws/install/nav2_msgs/local/lib/python3.10/dist-packages/nav2_msgs/srv/_manage_lifecycle_nodes.py
[48.019s] -- Up-to-date: /home/agilex/agilex_ws/install/nav2_msgs/local/lib/python3.10/dist-packages/nav2_msgs/srv/_get_costmap.py
[48.019s] -- Up-to-date: /home/agilex/agilex_ws/install/nav2_msgs/local/lib/python3.10/dist-packages/nav2_msgs/srv/__init__.py
[48.019s] -- Up-to-date: /home/agilex/agilex_ws/install/nav2_msgs/local/lib/python3.10/dist-packages/nav2_msgs/srv/_is_path_valid.py
[48.019s] -- Up-to-date: /home/agilex/agilex_ws/install/nav2_msgs/local/lib/python3.10/dist-packages/nav2_msgs/srv/_load_map.py
[48.019s] -- Up-to-date: /home/agilex/agilex_ws/install/nav2_msgs/local/lib/python3.10/dist-packages/nav2_msgs/srv/_save_map_s.c
[48.019s] -- Up-to-date: /home/agilex/agilex_ws/install/nav2_msgs/local/lib/python3.10/dist-packages/nav2_msgs/srv/_clear_costmap_around_robot_s.c
[48.019s] -- Up-to-date: /home/agilex/agilex_ws/install/nav2_msgs/local/lib/python3.10/dist-packages/nav2_msgs/srv/_clear_entire_costmap.py
[48.019s] -- Up-to-date: /home/agilex/agilex_ws/install/nav2_msgs/local/lib/python3.10/dist-packages/nav2_msgs/srv/_clear_costmap_around_robot.py
[48.019s] -- Up-to-date: /home/agilex/agilex_ws/install/nav2_msgs/local/lib/python3.10/dist-packages/nav2_msgs/srv/_clear_entire_costmap_s.c
[48.019s] -- Up-to-date: /home/agilex/agilex_ws/install/nav2_msgs/local/lib/python3.10/dist-packages/nav2_msgs/srv/_load_map_s.c
[48.020s] -- Up-to-date: /home/agilex/agilex_ws/install/nav2_msgs/local/lib/python3.10/dist-packages/nav2_msgs/srv/_clear_costmap_except_region_s.c
[48.020s] -- Up-to-date: /home/agilex/agilex_ws/install/nav2_msgs/local/lib/python3.10/dist-packages/nav2_msgs/srv/_clear_costmap_except_region.py
[48.020s] -- Up-to-date: /home/agilex/agilex_ws/install/nav2_msgs/local/lib/python3.10/dist-packages/nav2_msgs/srv/_manage_lifecycle_nodes_s.c
[48.020s] -- Up-to-date: /home/agilex/agilex_ws/install/nav2_msgs/local/lib/python3.10/dist-packages/nav2_msgs/srv/_is_path_valid_s.c
[48.020s] -- Up-to-date: /home/agilex/agilex_ws/install/nav2_msgs/local/lib/python3.10/dist-packages/nav2_msgs/srv/_get_costmap_s.c
[48.020s] -- Installing: /home/agilex/agilex_ws/install/nav2_msgs/local/lib/python3.10/dist-packages/nav2_msgs/libnav2_msgs__rosidl_generator_py.so
[48.020s] -- Up-to-date: /home/agilex/agilex_ws/install/nav2_msgs/local/lib/python3.10/dist-packages/nav2_msgs/msg
[48.020s] -- Up-to-date: /home/agilex/agilex_ws/install/nav2_msgs/local/lib/python3.10/dist-packages/nav2_msgs/msg/_voxel_grid_s.c
[48.020s] -- Up-to-date: /home/agilex/agilex_ws/install/nav2_msgs/local/lib/python3.10/dist-packages/nav2_msgs/msg/_behavior_tree_status_change_s.c
[48.020s] -- Up-to-date: /home/agilex/agilex_ws/install/nav2_msgs/local/lib/python3.10/dist-packages/nav2_msgs/msg/_particle_cloud_s.c
[48.020s] -- Up-to-date: /home/agilex/agilex_ws/install/nav2_msgs/local/lib/python3.10/dist-packages/nav2_msgs/msg/_particle_cloud.py
[48.020s] -- Up-to-date: /home/agilex/agilex_ws/install/nav2_msgs/local/lib/python3.10/dist-packages/nav2_msgs/msg/_speed_limit_s.c
[48.020s] -- Up-to-date: /home/agilex/agilex_ws/install/nav2_msgs/local/lib/python3.10/dist-packages/nav2_msgs/msg/_costmap_meta_data.py
[48.020s] -- Up-to-date: /home/agilex/agilex_ws/install/nav2_msgs/local/lib/python3.10/dist-packages/nav2_msgs/msg/_costmap_filter_info_s.c
[48.020s] -- Up-to-date: /home/agilex/agilex_ws/install/nav2_msgs/local/lib/python3.10/dist-packages/nav2_msgs/msg/__init__.py
[48.020s] -- Up-to-date: /home/agilex/agilex_ws/install/nav2_msgs/local/lib/python3.10/dist-packages/nav2_msgs/msg/_costmap_filter_info.py
[48.021s] -- Up-to-date: /home/agilex/agilex_ws/install/nav2_msgs/local/lib/python3.10/dist-packages/nav2_msgs/msg/_behavior_tree_log_s.c
[48.021s] -- Up-to-date: /home/agilex/agilex_ws/install/nav2_msgs/local/lib/python3.10/dist-packages/nav2_msgs/msg/_speed_limit.py
[48.021s] -- Up-to-date: /home/agilex/agilex_ws/install/nav2_msgs/local/lib/python3.10/dist-packages/nav2_msgs/msg/_costmap_meta_data_s.c
[48.021s] -- Up-to-date: /home/agilex/agilex_ws/install/nav2_msgs/local/lib/python3.10/dist-packages/nav2_msgs/msg/_particle.py
[48.021s] -- Up-to-date: /home/agilex/agilex_ws/install/nav2_msgs/local/lib/python3.10/dist-packages/nav2_msgs/msg/_behavior_tree_log.py
[48.021s] -- Up-to-date: /home/agilex/agilex_ws/install/nav2_msgs/local/lib/python3.10/dist-packages/nav2_msgs/msg/_voxel_grid.py
[48.021s] -- Up-to-date: /home/agilex/agilex_ws/install/nav2_msgs/local/lib/python3.10/dist-packages/nav2_msgs/msg/_costmap.py
[48.021s] -- Up-to-date: /home/agilex/agilex_ws/install/nav2_msgs/local/lib/python3.10/dist-packages/nav2_msgs/msg/_behavior_tree_status_change.py
[48.021s] -- Up-to-date: /home/agilex/agilex_ws/install/nav2_msgs/local/lib/python3.10/dist-packages/nav2_msgs/msg/_particle_s.c
[48.021s] -- Up-to-date: /home/agilex/agilex_ws/install/nav2_msgs/local/lib/python3.10/dist-packages/nav2_msgs/msg/_costmap_s.c
[48.021s] -- Up-to-date: /home/agilex/agilex_ws/install/nav2_msgs/local/lib/python3.10/dist-packages/nav2_msgs/action
[48.021s] -- Up-to-date: /home/agilex/agilex_ws/install/nav2_msgs/local/lib/python3.10/dist-packages/nav2_msgs/action/_follow_waypoints.py
[48.021s] -- Up-to-date: /home/agilex/agilex_ws/install/nav2_msgs/local/lib/python3.10/dist-packages/nav2_msgs/action/_dummy_behavior_s.c
[48.021s] -- Up-to-date: /home/agilex/agilex_ws/install/nav2_msgs/local/lib/python3.10/dist-packages/nav2_msgs/action/_compute_path_through_poses.py
[48.021s] -- Up-to-date: /home/agilex/agilex_ws/install/nav2_msgs/local/lib/python3.10/dist-packages/nav2_msgs/action/_wait.py
[48.021s] -- Up-to-date: /home/agilex/agilex_ws/install/nav2_msgs/local/lib/python3.10/dist-packages/nav2_msgs/action/_navigate_to_pose.py
[48.021s] -- Up-to-date: /home/agilex/agilex_ws/install/nav2_msgs/local/lib/python3.10/dist-packages/nav2_msgs/action/_drive_on_heading_s.c
[48.022s] -- Up-to-date: /home/agilex/agilex_ws/install/nav2_msgs/local/lib/python3.10/dist-packages/nav2_msgs/action/__init__.py
[48.022s] -- Up-to-date: /home/agilex/agilex_ws/install/nav2_msgs/local/lib/python3.10/dist-packages/nav2_msgs/action/_wait_s.c
[48.022s] -- Up-to-date: /home/agilex/agilex_ws/install/nav2_msgs/local/lib/python3.10/dist-packages/nav2_msgs/action/_spin_s.c
[48.022s] -- Up-to-date: /home/agilex/agilex_ws/install/nav2_msgs/local/lib/python3.10/dist-packages/nav2_msgs/action/_dummy_behavior.py
[48.022s] -- Up-to-date: /home/agilex/agilex_ws/install/nav2_msgs/local/lib/python3.10/dist-packages/nav2_msgs/action/_compute_path_through_poses_s.c
[48.022s] -- Up-to-date: /home/agilex/agilex_ws/install/nav2_msgs/local/lib/python3.10/dist-packages/nav2_msgs/action/_spin.py
[48.022s] -- Up-to-date: /home/agilex/agilex_ws/install/nav2_msgs/local/lib/python3.10/dist-packages/nav2_msgs/action/_back_up_s.c
[48.022s] -- Up-to-date: /home/agilex/agilex_ws/install/nav2_msgs/local/lib/python3.10/dist-packages/nav2_msgs/action/_navigate_to_pose_s.c
[48.022s] -- Up-to-date: /home/agilex/agilex_ws/install/nav2_msgs/local/lib/python3.10/dist-packages/nav2_msgs/action/_smooth_path_s.c
[48.022s] -- Up-to-date: /home/agilex/agilex_ws/install/nav2_msgs/local/lib/python3.10/dist-packages/nav2_msgs/action/_compute_path_to_pose.py
[48.022s] -- Up-to-date: /home/agilex/agilex_ws/install/nav2_msgs/local/lib/python3.10/dist-packages/nav2_msgs/action/_drive_on_heading.py
[48.022s] -- Up-to-date: /home/agilex/agilex_ws/install/nav2_msgs/local/lib/python3.10/dist-packages/nav2_msgs/action/_follow_path.py
[48.022s] -- Up-to-date: /home/agilex/agilex_ws/install/nav2_msgs/local/lib/python3.10/dist-packages/nav2_msgs/action/_navigate_through_poses.py
[48.022s] -- Up-to-date: /home/agilex/agilex_ws/install/nav2_msgs/local/lib/python3.10/dist-packages/nav2_msgs/action/_navigate_through_poses_s.c
[48.022s] -- Up-to-date: /home/agilex/agilex_ws/install/nav2_msgs/local/lib/python3.10/dist-packages/nav2_msgs/action/_follow_path_s.c
[48.022s] -- Up-to-date: /home/agilex/agilex_ws/install/nav2_msgs/local/lib/python3.10/dist-packages/nav2_msgs/action/_follow_waypoints_s.c
[48.022s] -- Up-to-date: /home/agilex/agilex_ws/install/nav2_msgs/local/lib/python3.10/dist-packages/nav2_msgs/action/_compute_path_to_pose_s.c
[48.023s] -- Up-to-date: /home/agilex/agilex_ws/install/nav2_msgs/local/lib/python3.10/dist-packages/nav2_msgs/action/_back_up.py
[48.023s] -- Up-to-date: /home/agilex/agilex_ws/install/nav2_msgs/local/lib/python3.10/dist-packages/nav2_msgs/action/_smooth_path.py
[48.023s] -- Installing: /home/agilex/agilex_ws/install/nav2_msgs/local/lib/python3.10/dist-packages/nav2_msgs/nav2_msgs_s__rosidl_typesupport_introspection_c.cpython-310-x86_64-linux-gnu.so
[48.023s] -- Up-to-date: /home/agilex/agilex_ws/install/nav2_msgs/local/lib/python3.10/dist-packages/nav2_msgs/_nav2_msgs_s.ep.rosidl_typesupport_introspection_c.c
[48.023s] -- Up-to-date: /home/agilex/agilex_ws/install/nav2_msgs/local/lib/python3.10/dist-packages/nav2_msgs/_nav2_msgs_s.ep.rosidl_typesupport_fastrtps_c.c
[48.023s] -- Installing: /home/agilex/agilex_ws/install/nav2_msgs/local/lib/python3.10/dist-packages/nav2_msgs/nav2_msgs_s__rosidl_typesupport_fastrtps_c.cpython-310-x86_64-linux-gnu.so
[48.065s] Listing '/home/agilex/agilex_ws/install/nav2_msgs/local/lib/python3.10/dist-packages/nav2_msgs'...
[48.065s] Listing '/home/agilex/agilex_ws/install/nav2_msgs/local/lib/python3.10/dist-packages/nav2_msgs/action'...
[48.065s] Listing '/home/agilex/agilex_ws/install/nav2_msgs/local/lib/python3.10/dist-packages/nav2_msgs/msg'...
[48.065s] Listing '/home/agilex/agilex_ws/install/nav2_msgs/local/lib/python3.10/dist-packages/nav2_msgs/srv'...
[48.069s] -- Installing: /home/agilex/agilex_ws/install/nav2_msgs/local/lib/python3.10/dist-packages/nav2_msgs/nav2_msgs_s__rosidl_typesupport_fastrtps_c.cpython-310-x86_64-linux-gnu.so
[48.070s] -- Set runtime path of "/home/agilex/agilex_ws/install/nav2_msgs/local/lib/python3.10/dist-packages/nav2_msgs/nav2_msgs_s__rosidl_typesupport_fastrtps_c.cpython-310-x86_64-linux-gnu.so" to ""
[48.070s] -- Installing: /home/agilex/agilex_ws/install/nav2_msgs/local/lib/python3.10/dist-packages/nav2_msgs/nav2_msgs_s__rosidl_typesupport_introspection_c.cpython-310-x86_64-linux-gnu.so
[48.070s] -- Set runtime path of "/home/agilex/agilex_ws/install/nav2_msgs/local/lib/python3.10/dist-packages/nav2_msgs/nav2_msgs_s__rosidl_typesupport_introspection_c.cpython-310-x86_64-linux-gnu.so" to ""
[48.071s] -- Installing: /home/agilex/agilex_ws/install/nav2_msgs/local/lib/python3.10/dist-packages/nav2_msgs/nav2_msgs_s__rosidl_typesupport_c.cpython-310-x86_64-linux-gnu.so
[48.071s] -- Set runtime path of "/home/agilex/agilex_ws/install/nav2_msgs/local/lib/python3.10/dist-packages/nav2_msgs/nav2_msgs_s__rosidl_typesupport_c.cpython-310-x86_64-linux-gnu.so" to ""
[48.072s] -- Installing: /home/agilex/agilex_ws/install/nav2_msgs/lib/libnav2_msgs__rosidl_generator_py.so
[48.072s] -- Set runtime path of "/home/agilex/agilex_ws/install/nav2_msgs/lib/libnav2_msgs__rosidl_generator_py.so" to ""
[48.072s] -- Up-to-date: /home/agilex/agilex_ws/install/nav2_msgs/share/nav2_msgs/msg/Costmap.idl
[48.073s] -- Up-to-date: /home/agilex/agilex_ws/install/nav2_msgs/share/nav2_msgs/msg/CostmapMetaData.idl
[48.073s] -- Up-to-date: /home/agilex/agilex_ws/install/nav2_msgs/share/nav2_msgs/msg/CostmapFilterInfo.idl
[48.073s] -- Up-to-date: /home/agilex/agilex_ws/install/nav2_msgs/share/nav2_msgs/msg/SpeedLimit.idl
[48.073s] -- Up-to-date: /home/agilex/agilex_ws/install/nav2_msgs/share/nav2_msgs/msg/VoxelGrid.idl
[48.073s] -- Up-to-date: /home/agilex/agilex_ws/install/nav2_msgs/share/nav2_msgs/msg/BehaviorTreeStatusChange.idl
[48.073s] -- Up-to-date: /home/agilex/agilex_ws/install/nav2_msgs/share/nav2_msgs/msg/BehaviorTreeLog.idl
[48.073s] -- Up-to-date: /home/agilex/agilex_ws/install/nav2_msgs/share/nav2_msgs/msg/Particle.idl
[48.073s] -- Up-to-date: /home/agilex/agilex_ws/install/nav2_msgs/share/nav2_msgs/msg/ParticleCloud.idl
[48.073s] -- Up-to-date: /home/agilex/agilex_ws/install/nav2_msgs/share/nav2_msgs/srv/GetCostmap.idl
[48.074s] -- Up-to-date: /home/agilex/agilex_ws/install/nav2_msgs/share/nav2_msgs/srv/IsPathValid.idl
[48.074s] -- Up-to-date: /home/agilex/agilex_ws/install/nav2_msgs/share/nav2_msgs/srv/ClearCostmapExceptRegion.idl
[48.074s] -- Up-to-date: /home/agilex/agilex_ws/install/nav2_msgs/share/nav2_msgs/srv/ClearCostmapAroundRobot.idl
[48.074s] -- Up-to-date: /home/agilex/agilex_ws/install/nav2_msgs/share/nav2_msgs/srv/ClearEntireCostmap.idl
[48.074s] -- Up-to-date: /home/agilex/agilex_ws/install/nav2_msgs/share/nav2_msgs/srv/ManageLifecycleNodes.idl
[48.074s] -- Up-to-date: /home/agilex/agilex_ws/install/nav2_msgs/share/nav2_msgs/srv/LoadMap.idl
[48.074s] -- Up-to-date: /home/agilex/agilex_ws/install/nav2_msgs/share/nav2_msgs/srv/SaveMap.idl
[48.074s] -- Up-to-date: /home/agilex/agilex_ws/install/nav2_msgs/share/nav2_msgs/action/BackUp.idl
[48.074s] -- Up-to-date: /home/agilex/agilex_ws/install/nav2_msgs/share/nav2_msgs/action/ComputePathToPose.idl
[48.074s] -- Up-to-date: /home/agilex/agilex_ws/install/nav2_msgs/share/nav2_msgs/action/ComputePathThroughPoses.idl
[48.074s] -- Up-to-date: /home/agilex/agilex_ws/install/nav2_msgs/share/nav2_msgs/action/DriveOnHeading.idl
[48.074s] -- Up-to-date: /home/agilex/agilex_ws/install/nav2_msgs/share/nav2_msgs/action/SmoothPath.idl
[48.074s] -- Up-to-date: /home/agilex/agilex_ws/install/nav2_msgs/share/nav2_msgs/action/FollowPath.idl
[48.074s] -- Up-to-date: /home/agilex/agilex_ws/install/nav2_msgs/share/nav2_msgs/action/NavigateToPose.idl
[48.075s] -- Up-to-date: /home/agilex/agilex_ws/install/nav2_msgs/share/nav2_msgs/action/NavigateThroughPoses.idl
[48.075s] -- Up-to-date: /home/agilex/agilex_ws/install/nav2_msgs/share/nav2_msgs/action/Wait.idl
[48.075s] -- Up-to-date: /home/agilex/agilex_ws/install/nav2_msgs/share/nav2_msgs/action/Spin.idl
[48.075s] -- Up-to-date: /home/agilex/agilex_ws/install/nav2_msgs/share/nav2_msgs/action/DummyBehavior.idl
[48.075s] -- Up-to-date: /home/agilex/agilex_ws/install/nav2_msgs/share/nav2_msgs/action/FollowWaypoints.idl
[48.075s] -- Up-to-date: /home/agilex/agilex_ws/install/nav2_msgs/share/nav2_msgs/msg/Costmap.msg
[48.075s] -- Up-to-date: /home/agilex/agilex_ws/install/nav2_msgs/share/nav2_msgs/msg/CostmapMetaData.msg
[48.075s] -- Up-to-date: /home/agilex/agilex_ws/install/nav2_msgs/share/nav2_msgs/msg/CostmapFilterInfo.msg
[48.075s] -- Up-to-date: /home/agilex/agilex_ws/install/nav2_msgs/share/nav2_msgs/msg/SpeedLimit.msg
[48.075s] -- Up-to-date: /home/agilex/agilex_ws/install/nav2_msgs/share/nav2_msgs/msg/VoxelGrid.msg
[48.075s] -- Up-to-date: /home/agilex/agilex_ws/install/nav2_msgs/share/nav2_msgs/msg/BehaviorTreeStatusChange.msg
[48.075s] -- Up-to-date: /home/agilex/agilex_ws/install/nav2_msgs/share/nav2_msgs/msg/BehaviorTreeLog.msg
[48.075s] -- Up-to-date: /home/agilex/agilex_ws/install/nav2_msgs/share/nav2_msgs/msg/Particle.msg
[48.075s] -- Up-to-date: /home/agilex/agilex_ws/install/nav2_msgs/share/nav2_msgs/msg/ParticleCloud.msg
[48.076s] -- Up-to-date: /home/agilex/agilex_ws/install/nav2_msgs/share/nav2_msgs/srv/GetCostmap.srv
[48.076s] -- Up-to-date: /home/agilex/agilex_ws/install/nav2_msgs/share/nav2_msgs/srv/GetCostmap_Request.msg
[48.076s] -- Up-to-date: /home/agilex/agilex_ws/install/nav2_msgs/share/nav2_msgs/srv/GetCostmap_Response.msg
[48.076s] -- Up-to-date: /home/agilex/agilex_ws/install/nav2_msgs/share/nav2_msgs/srv/IsPathValid.srv
[48.076s] -- Up-to-date: /home/agilex/agilex_ws/install/nav2_msgs/share/nav2_msgs/srv/IsPathValid_Request.msg
[48.076s] -- Up-to-date: /home/agilex/agilex_ws/install/nav2_msgs/share/nav2_msgs/srv/IsPathValid_Response.msg
[48.076s] -- Up-to-date: /home/agilex/agilex_ws/install/nav2_msgs/share/nav2_msgs/srv/ClearCostmapExceptRegion.srv
[48.076s] -- Up-to-date: /home/agilex/agilex_ws/install/nav2_msgs/share/nav2_msgs/srv/ClearCostmapExceptRegion_Request.msg
[48.076s] -- Up-to-date: /home/agilex/agilex_ws/install/nav2_msgs/share/nav2_msgs/srv/ClearCostmapExceptRegion_Response.msg
[48.076s] -- Up-to-date: /home/agilex/agilex_ws/install/nav2_msgs/share/nav2_msgs/srv/ClearCostmapAroundRobot.srv
[48.076s] -- Up-to-date: /home/agilex/agilex_ws/install/nav2_msgs/share/nav2_msgs/srv/ClearCostmapAroundRobot_Request.msg
[48.076s] -- Up-to-date: /home/agilex/agilex_ws/install/nav2_msgs/share/nav2_msgs/srv/ClearCostmapAroundRobot_Response.msg
[48.076s] -- Up-to-date: /home/agilex/agilex_ws/install/nav2_msgs/share/nav2_msgs/srv/ClearEntireCostmap.srv
[48.076s] -- Up-to-date: /home/agilex/agilex_ws/install/nav2_msgs/share/nav2_msgs/srv/ClearEntireCostmap_Request.msg
[48.077s] -- Up-to-date: /home/agilex/agilex_ws/install/nav2_msgs/share/nav2_msgs/srv/ClearEntireCostmap_Response.msg
[48.077s] -- Up-to-date: /home/agilex/agilex_ws/install/nav2_msgs/share/nav2_msgs/srv/ManageLifecycleNodes.srv
[48.077s] -- Up-to-date: /home/agilex/agilex_ws/install/nav2_msgs/share/nav2_msgs/srv/ManageLifecycleNodes_Request.msg
[48.077s] -- Up-to-date: /home/agilex/agilex_ws/install/nav2_msgs/share/nav2_msgs/srv/ManageLifecycleNodes_Response.msg
[48.077s] -- Up-to-date: /home/agilex/agilex_ws/install/nav2_msgs/share/nav2_msgs/srv/LoadMap.srv
[48.077s] -- Up-to-date: /home/agilex/agilex_ws/install/nav2_msgs/share/nav2_msgs/srv/LoadMap_Request.msg
[48.077s] -- Up-to-date: /home/agilex/agilex_ws/install/nav2_msgs/share/nav2_msgs/srv/LoadMap_Response.msg
[48.077s] -- Up-to-date: /home/agilex/agilex_ws/install/nav2_msgs/share/nav2_msgs/srv/SaveMap.srv
[48.077s] -- Up-to-date: /home/agilex/agilex_ws/install/nav2_msgs/share/nav2_msgs/srv/SaveMap_Request.msg
[48.077s] -- Up-to-date: /home/agilex/agilex_ws/install/nav2_msgs/share/nav2_msgs/srv/SaveMap_Response.msg
[48.077s] -- Up-to-date: /home/agilex/agilex_ws/install/nav2_msgs/share/nav2_msgs/action/BackUp.action
[48.077s] -- Up-to-date: /home/agilex/agilex_ws/install/nav2_msgs/share/nav2_msgs/action/ComputePathToPose.action
[48.077s] -- Up-to-date: /home/agilex/agilex_ws/install/nav2_msgs/share/nav2_msgs/action/ComputePathThroughPoses.action
[48.077s] -- Up-to-date: /home/agilex/agilex_ws/install/nav2_msgs/share/nav2_msgs/action/DriveOnHeading.action
[48.077s] -- Up-to-date: /home/agilex/agilex_ws/install/nav2_msgs/share/nav2_msgs/action/SmoothPath.action
[48.078s] -- Up-to-date: /home/agilex/agilex_ws/install/nav2_msgs/share/nav2_msgs/action/FollowPath.action
[48.078s] -- Up-to-date: /home/agilex/agilex_ws/install/nav2_msgs/share/nav2_msgs/action/NavigateToPose.action
[48.078s] -- Up-to-date: /home/agilex/agilex_ws/install/nav2_msgs/share/nav2_msgs/action/NavigateThroughPoses.action
[48.078s] -- Up-to-date: /home/agilex/agilex_ws/install/nav2_msgs/share/nav2_msgs/action/Wait.action
[48.078s] -- Up-to-date: /home/agilex/agilex_ws/install/nav2_msgs/share/nav2_msgs/action/Spin.action
[48.078s] -- Up-to-date: /home/agilex/agilex_ws/install/nav2_msgs/share/nav2_msgs/action/DummyBehavior.action
[48.078s] -- Up-to-date: /home/agilex/agilex_ws/install/nav2_msgs/share/nav2_msgs/action/FollowWaypoints.action
[48.078s] -- Up-to-date: /home/agilex/agilex_ws/install/nav2_msgs/share/ament_index/resource_index/package_run_dependencies/nav2_msgs
[48.078s] -- Up-to-date: /home/agilex/agilex_ws/install/nav2_msgs/share/ament_index/resource_index/parent_prefix_path/nav2_msgs
[48.078s] -- Up-to-date: /home/agilex/agilex_ws/install/nav2_msgs/share/nav2_msgs/environment/ament_prefix_path.sh
[48.078s] -- Up-to-date: /home/agilex/agilex_ws/install/nav2_msgs/share/nav2_msgs/environment/ament_prefix_path.dsv
[48.078s] -- Up-to-date: /home/agilex/agilex_ws/install/nav2_msgs/share/nav2_msgs/environment/path.sh
[48.078s] -- Up-to-date: /home/agilex/agilex_ws/install/nav2_msgs/share/nav2_msgs/environment/path.dsv
[48.079s] -- Up-to-date: /home/agilex/agilex_ws/install/nav2_msgs/share/nav2_msgs/local_setup.bash
[48.079s] -- Up-to-date: /home/agilex/agilex_ws/install/nav2_msgs/share/nav2_msgs/local_setup.sh
[48.079s] -- Up-to-date: /home/agilex/agilex_ws/install/nav2_msgs/share/nav2_msgs/local_setup.zsh
[48.079s] -- Up-to-date: /home/agilex/agilex_ws/install/nav2_msgs/share/nav2_msgs/local_setup.dsv
[48.079s] -- Installing: /home/agilex/agilex_ws/install/nav2_msgs/share/nav2_msgs/package.dsv
[48.079s] -- Up-to-date: /home/agilex/agilex_ws/install/nav2_msgs/share/ament_index/resource_index/packages/nav2_msgs
[48.080s] -- Up-to-date: /home/agilex/agilex_ws/install/nav2_msgs/share/nav2_msgs/cmake/export_nav2_msgs__rosidl_generator_cExport.cmake
[48.080s] -- Up-to-date: /home/agilex/agilex_ws/install/nav2_msgs/share/nav2_msgs/cmake/export_nav2_msgs__rosidl_generator_cExport-release.cmake
[48.080s] -- Up-to-date: /home/agilex/agilex_ws/install/nav2_msgs/share/nav2_msgs/cmake/export_nav2_msgs__rosidl_typesupport_fastrtps_cExport.cmake
[48.080s] -- Up-to-date: /home/agilex/agilex_ws/install/nav2_msgs/share/nav2_msgs/cmake/export_nav2_msgs__rosidl_typesupport_fastrtps_cExport-release.cmake
[48.081s] -- Up-to-date: /home/agilex/agilex_ws/install/nav2_msgs/share/nav2_msgs/cmake/export_nav2_msgs__rosidl_generator_cppExport.cmake
[48.081s] -- Up-to-date: /home/agilex/agilex_ws/install/nav2_msgs/share/nav2_msgs/cmake/export_nav2_msgs__rosidl_typesupport_fastrtps_cppExport.cmake
[48.081s] -- Up-to-date: /home/agilex/agilex_ws/install/nav2_msgs/share/nav2_msgs/cmake/export_nav2_msgs__rosidl_typesupport_fastrtps_cppExport-release.cmake
[48.081s] -- Up-to-date: /home/agilex/agilex_ws/install/nav2_msgs/share/nav2_msgs/cmake/nav2_msgs__rosidl_typesupport_introspection_cExport.cmake
[48.081s] -- Up-to-date: /home/agilex/agilex_ws/install/nav2_msgs/share/nav2_msgs/cmake/nav2_msgs__rosidl_typesupport_introspection_cExport-release.cmake
[48.082s] -- Up-to-date: /home/agilex/agilex_ws/install/nav2_msgs/share/nav2_msgs/cmake/nav2_msgs__rosidl_typesupport_cExport.cmake
[48.082s] -- Up-to-date: /home/agilex/agilex_ws/install/nav2_msgs/share/nav2_msgs/cmake/nav2_msgs__rosidl_typesupport_cExport-release.cmake
[48.082s] -- Up-to-date: /home/agilex/agilex_ws/install/nav2_msgs/share/nav2_msgs/cmake/nav2_msgs__rosidl_typesupport_introspection_cppExport.cmake
[48.082s] -- Up-to-date: /home/agilex/agilex_ws/install/nav2_msgs/share/nav2_msgs/cmake/nav2_msgs__rosidl_typesupport_introspection_cppExport-release.cmake
[48.083s] -- Up-to-date: /home/agilex/agilex_ws/install/nav2_msgs/share/nav2_msgs/cmake/nav2_msgs__rosidl_typesupport_cppExport.cmake
[48.083s] -- Up-to-date: /home/agilex/agilex_ws/install/nav2_msgs/share/nav2_msgs/cmake/nav2_msgs__rosidl_typesupport_cppExport-release.cmake
[48.083s] -- Up-to-date: /home/agilex/agilex_ws/install/nav2_msgs/share/nav2_msgs/cmake/export_nav2_msgs__rosidl_generator_pyExport.cmake
[48.083s] -- Up-to-date: /home/agilex/agilex_ws/install/nav2_msgs/share/nav2_msgs/cmake/export_nav2_msgs__rosidl_generator_pyExport-release.cmake
[48.083s] -- Up-to-date: /home/agilex/agilex_ws/install/nav2_msgs/share/nav2_msgs/cmake/rosidl_cmake-extras.cmake
[48.083s] -- Up-to-date: /home/agilex/agilex_ws/install/nav2_msgs/share/nav2_msgs/cmake/ament_cmake_export_dependencies-extras.cmake
[48.084s] -- Up-to-date: /home/agilex/agilex_ws/install/nav2_msgs/share/nav2_msgs/cmake/ament_cmake_export_include_directories-extras.cmake
[48.084s] -- Up-to-date: /home/agilex/agilex_ws/install/nav2_msgs/share/nav2_msgs/cmake/ament_cmake_export_libraries-extras.cmake
[48.084s] -- Up-to-date: /home/agilex/agilex_ws/install/nav2_msgs/share/nav2_msgs/cmake/ament_cmake_export_targets-extras.cmake
[48.084s] -- Up-to-date: /home/agilex/agilex_ws/install/nav2_msgs/share/nav2_msgs/cmake/rosidl_cmake_export_typesupport_targets-extras.cmake
[48.084s] -- Up-to-date: /home/agilex/agilex_ws/install/nav2_msgs/share/nav2_msgs/cmake/rosidl_cmake_export_typesupport_libraries-extras.cmake
[48.084s] -- Up-to-date: /home/agilex/agilex_ws/install/nav2_msgs/share/nav2_msgs/cmake/nav2_msgsConfig.cmake
[48.085s] -- Up-to-date: /home/agilex/agilex_ws/install/nav2_msgs/share/nav2_msgs/cmake/nav2_msgsConfig-version.cmake
[48.085s] -- Up-to-date: /home/agilex/agilex_ws/install/nav2_msgs/share/nav2_msgs/package.xml
[48.087s] Invoked command in '/home/agilex/agilex_ws/build/nav2_msgs' returned '0': AMENT_PREFIX_PATH=/home/agilex/agilex_ws/install/nav2_common CMAKE_PREFIX_PATH=/home/agilex/agilex_ws/install/nav2_common PYTHONPATH=/home/agilex/agilex_ws/install/nav2_common/local/lib/python3.10/dist-packages /usr/bin/cmake --install /home/agilex/agilex_ws/build/nav2_msgs
