[0.238s] DEBUG:colcon:Command line arguments: ['/usr/bin/colcon', 'build']
[0.238s] DEBUG:colcon:Parsed command line arguments: Namespace(log_base=None, log_level=None, verb_name='build', build_base='build', install_base='install', merge_install=False, symlink_install=False, test_result_base=None, continue_on_error=False, executor='parallel', parallel_workers=16, event_handlers=None, ignore_user_meta=False, metas=['./colcon.meta'], base_paths=['.'], packages_ignore=None, packages_ignore_regex=None, paths=None, packages_up_to=None, packages_up_to_regex=None, packages_above=None, packages_above_and_dependencies=None, packages_above_depth=None, packages_select_by_dep=None, packages_skip_by_dep=None, packages_skip_up_to=None, packages_select_build_failed=False, packages_skip_build_finished=False, packages_select_test_failures=False, packages_skip_test_passed=False, packages_select=None, packages_skip=None, packages_select_regex=None, packages_skip_regex=None, packages_start=None, packages_end=None, allow_overriding=[], cmake_args=None, cmake_target=None, cmake_target_skip_unavailable=False, cmake_clean_cache=False, cmake_clean_first=False, cmake_force_configure=False, ament_cmake_args=None, catkin_cmake_args=None, catkin_skip_building_tests=False, verb_parser=<colcon_defaults.argument_parser.defaults.DefaultArgumentsDecorator object at 0x795d8b5f38e0>, verb_extension=<colcon_core.verb.build.BuildVerb object at 0x795d8b8b3190>, main=<bound method BuildVerb.main of <colcon_core.verb.build.BuildVerb object at 0x795d8b8b3190>>)
[0.253s] Level 1:colcon.colcon_core.package_discovery:discover_packages(colcon_meta) check parameters
[0.253s] Level 1:colcon.colcon_core.package_discovery:discover_packages(recursive) check parameters
[0.253s] Level 1:colcon.colcon_core.package_discovery:discover_packages(ignore) check parameters
[0.253s] Level 1:colcon.colcon_core.package_discovery:discover_packages(path) check parameters
[0.253s] Level 1:colcon.colcon_core.package_discovery:discover_packages(colcon_meta) discover
[0.253s] Level 1:colcon.colcon_core.package_discovery:discover_packages(recursive) discover
[0.253s] INFO:colcon.colcon_core.package_discovery:Crawling recursively for packages in '/home/agilex/agilex_ws'
[0.253s] Level 1:colcon.colcon_core.package_identification:_identify(.) by extensions ['ignore', 'ignore_ament_install']
[0.253s] Level 1:colcon.colcon_core.package_identification:_identify(.) by extension 'ignore'
[0.253s] Level 1:colcon.colcon_core.package_identification:_identify(.) by extension 'ignore_ament_install'
[0.253s] Level 1:colcon.colcon_core.package_identification:_identify(.) by extensions ['colcon_pkg']
[0.253s] Level 1:colcon.colcon_core.package_identification:_identify(.) by extension 'colcon_pkg'
[0.253s] Level 1:colcon.colcon_core.package_identification:_identify(.) by extensions ['colcon_meta']
[0.253s] Level 1:colcon.colcon_core.package_identification:_identify(.) by extension 'colcon_meta'
[0.253s] Level 1:colcon.colcon_core.package_identification:_identify(.) by extensions ['ros']
[0.254s] Level 1:colcon.colcon_core.package_identification:_identify(.) by extension 'ros'
[0.259s] Level 1:colcon.colcon_core.package_identification:_identify(.) by extensions ['cmake', 'python']
[0.259s] Level 1:colcon.colcon_core.package_identification:_identify(.) by extension 'cmake'
[0.259s] Level 1:colcon.colcon_core.package_identification:_identify(.) by extension 'python'
[0.259s] Level 1:colcon.colcon_core.package_identification:_identify(.) by extensions ['python_setup_py']
[0.259s] Level 1:colcon.colcon_core.package_identification:_identify(.) by extension 'python_setup_py'
[0.260s] Level 1:colcon.colcon_core.package_identification:_identify(build) by extensions ['ignore', 'ignore_ament_install']
[0.260s] Level 1:colcon.colcon_core.package_identification:_identify(build) by extension 'ignore'
[0.260s] Level 1:colcon.colcon_core.package_identification:_identify(build) ignored
[0.260s] Level 1:colcon.colcon_core.package_identification:_identify(install) by extensions ['ignore', 'ignore_ament_install']
[0.260s] Level 1:colcon.colcon_core.package_identification:_identify(install) by extension 'ignore'
[0.260s] Level 1:colcon.colcon_core.package_identification:_identify(install) ignored
[0.260s] Level 1:colcon.colcon_core.package_identification:_identify(log) by extensions ['ignore', 'ignore_ament_install']
[0.260s] Level 1:colcon.colcon_core.package_identification:_identify(log) by extension 'ignore'
[0.260s] Level 1:colcon.colcon_core.package_identification:_identify(log) ignored
[0.260s] Level 1:colcon.colcon_core.package_identification:_identify(src) by extensions ['ignore', 'ignore_ament_install']
[0.260s] Level 1:colcon.colcon_core.package_identification:_identify(src) by extension 'ignore'
[0.260s] Level 1:colcon.colcon_core.package_identification:_identify(src) by extension 'ignore_ament_install'
[0.260s] Level 1:colcon.colcon_core.package_identification:_identify(src) by extensions ['colcon_pkg']
[0.260s] Level 1:colcon.colcon_core.package_identification:_identify(src) by extension 'colcon_pkg'
[0.260s] Level 1:colcon.colcon_core.package_identification:_identify(src) by extensions ['colcon_meta']
[0.260s] Level 1:colcon.colcon_core.package_identification:_identify(src) by extension 'colcon_meta'
[0.260s] Level 1:colcon.colcon_core.package_identification:_identify(src) by extensions ['ros']
[0.260s] Level 1:colcon.colcon_core.package_identification:_identify(src) by extension 'ros'
[0.260s] Level 1:colcon.colcon_core.package_identification:_identify(src) by extensions ['cmake', 'python']
[0.260s] Level 1:colcon.colcon_core.package_identification:_identify(src) by extension 'cmake'
[0.260s] Level 1:colcon.colcon_core.package_identification:_identify(src) by extension 'python'
[0.260s] Level 1:colcon.colcon_core.package_identification:_identify(src) by extensions ['python_setup_py']
[0.260s] Level 1:colcon.colcon_core.package_identification:_identify(src) by extension 'python_setup_py'
[0.260s] Level 1:colcon.colcon_core.package_identification:_identify(src/OrbbecSDK_ROS2) by extensions ['ignore', 'ignore_ament_install']
[0.260s] Level 1:colcon.colcon_core.package_identification:_identify(src/OrbbecSDK_ROS2) by extension 'ignore'
[0.260s] Level 1:colcon.colcon_core.package_identification:_identify(src/OrbbecSDK_ROS2) by extension 'ignore_ament_install'
[0.260s] Level 1:colcon.colcon_core.package_identification:_identify(src/OrbbecSDK_ROS2) by extensions ['colcon_pkg']
[0.260s] Level 1:colcon.colcon_core.package_identification:_identify(src/OrbbecSDK_ROS2) by extension 'colcon_pkg'
[0.260s] Level 1:colcon.colcon_core.package_identification:_identify(src/OrbbecSDK_ROS2) by extensions ['colcon_meta']
[0.260s] Level 1:colcon.colcon_core.package_identification:_identify(src/OrbbecSDK_ROS2) by extension 'colcon_meta'
[0.260s] Level 1:colcon.colcon_core.package_identification:_identify(src/OrbbecSDK_ROS2) by extensions ['ros']
[0.260s] Level 1:colcon.colcon_core.package_identification:_identify(src/OrbbecSDK_ROS2) by extension 'ros'
[0.260s] Level 1:colcon.colcon_core.package_identification:_identify(src/OrbbecSDK_ROS2) by extensions ['cmake', 'python']
[0.260s] Level 1:colcon.colcon_core.package_identification:_identify(src/OrbbecSDK_ROS2) by extension 'cmake'
[0.260s] Level 1:colcon.colcon_core.package_identification:_identify(src/OrbbecSDK_ROS2) by extension 'python'
[0.260s] Level 1:colcon.colcon_core.package_identification:_identify(src/OrbbecSDK_ROS2) by extensions ['python_setup_py']
[0.260s] Level 1:colcon.colcon_core.package_identification:_identify(src/OrbbecSDK_ROS2) by extension 'python_setup_py'
[0.261s] Level 1:colcon.colcon_core.package_identification:_identify(src/OrbbecSDK_ROS2/orbbec_camera) by extensions ['ignore', 'ignore_ament_install']
[0.261s] Level 1:colcon.colcon_core.package_identification:_identify(src/OrbbecSDK_ROS2/orbbec_camera) by extension 'ignore'
[0.261s] Level 1:colcon.colcon_core.package_identification:_identify(src/OrbbecSDK_ROS2/orbbec_camera) by extension 'ignore_ament_install'
[0.261s] Level 1:colcon.colcon_core.package_identification:_identify(src/OrbbecSDK_ROS2/orbbec_camera) by extensions ['colcon_pkg']
[0.261s] Level 1:colcon.colcon_core.package_identification:_identify(src/OrbbecSDK_ROS2/orbbec_camera) by extension 'colcon_pkg'
[0.261s] Level 1:colcon.colcon_core.package_identification:_identify(src/OrbbecSDK_ROS2/orbbec_camera) by extensions ['colcon_meta']
[0.261s] Level 1:colcon.colcon_core.package_identification:_identify(src/OrbbecSDK_ROS2/orbbec_camera) by extension 'colcon_meta'
[0.261s] Level 1:colcon.colcon_core.package_identification:_identify(src/OrbbecSDK_ROS2/orbbec_camera) by extensions ['ros']
[0.261s] Level 1:colcon.colcon_core.package_identification:_identify(src/OrbbecSDK_ROS2/orbbec_camera) by extension 'ros'
[0.263s] DEBUG:colcon.colcon_core.package_identification:Package 'src/OrbbecSDK_ROS2/orbbec_camera' with type 'ros.ament_cmake' and name 'orbbec_camera'
[0.263s] Level 1:colcon.colcon_core.package_identification:_identify(src/OrbbecSDK_ROS2/orbbec_camera_msgs) by extensions ['ignore', 'ignore_ament_install']
[0.263s] Level 1:colcon.colcon_core.package_identification:_identify(src/OrbbecSDK_ROS2/orbbec_camera_msgs) by extension 'ignore'
[0.263s] Level 1:colcon.colcon_core.package_identification:_identify(src/OrbbecSDK_ROS2/orbbec_camera_msgs) by extension 'ignore_ament_install'
[0.263s] Level 1:colcon.colcon_core.package_identification:_identify(src/OrbbecSDK_ROS2/orbbec_camera_msgs) by extensions ['colcon_pkg']
[0.263s] Level 1:colcon.colcon_core.package_identification:_identify(src/OrbbecSDK_ROS2/orbbec_camera_msgs) by extension 'colcon_pkg'
[0.263s] Level 1:colcon.colcon_core.package_identification:_identify(src/OrbbecSDK_ROS2/orbbec_camera_msgs) by extensions ['colcon_meta']
[0.263s] Level 1:colcon.colcon_core.package_identification:_identify(src/OrbbecSDK_ROS2/orbbec_camera_msgs) by extension 'colcon_meta'
[0.263s] Level 1:colcon.colcon_core.package_identification:_identify(src/OrbbecSDK_ROS2/orbbec_camera_msgs) by extensions ['ros']
[0.263s] Level 1:colcon.colcon_core.package_identification:_identify(src/OrbbecSDK_ROS2/orbbec_camera_msgs) by extension 'ros'
[0.263s] DEBUG:colcon.colcon_core.package_identification:Package 'src/OrbbecSDK_ROS2/orbbec_camera_msgs' with type 'ros.ament_cmake' and name 'orbbec_camera_msgs'
[0.263s] Level 1:colcon.colcon_core.package_identification:_identify(src/OrbbecSDK_ROS2/orbbec_description) by extensions ['ignore', 'ignore_ament_install']
[0.263s] Level 1:colcon.colcon_core.package_identification:_identify(src/OrbbecSDK_ROS2/orbbec_description) by extension 'ignore'
[0.263s] Level 1:colcon.colcon_core.package_identification:_identify(src/OrbbecSDK_ROS2/orbbec_description) by extension 'ignore_ament_install'
[0.263s] Level 1:colcon.colcon_core.package_identification:_identify(src/OrbbecSDK_ROS2/orbbec_description) by extensions ['colcon_pkg']
[0.263s] Level 1:colcon.colcon_core.package_identification:_identify(src/OrbbecSDK_ROS2/orbbec_description) by extension 'colcon_pkg'
[0.263s] Level 1:colcon.colcon_core.package_identification:_identify(src/OrbbecSDK_ROS2/orbbec_description) by extensions ['colcon_meta']
[0.263s] Level 1:colcon.colcon_core.package_identification:_identify(src/OrbbecSDK_ROS2/orbbec_description) by extension 'colcon_meta'
[0.263s] Level 1:colcon.colcon_core.package_identification:_identify(src/OrbbecSDK_ROS2/orbbec_description) by extensions ['ros']
[0.263s] Level 1:colcon.colcon_core.package_identification:_identify(src/OrbbecSDK_ROS2/orbbec_description) by extension 'ros'
[0.263s] DEBUG:colcon.colcon_core.package_identification:Package 'src/OrbbecSDK_ROS2/orbbec_description' with type 'ros.ament_cmake' and name 'orbbec_description'
[0.264s] Level 1:colcon.colcon_core.package_identification:_identify(src/YDLidar-SDK) by extensions ['ignore', 'ignore_ament_install']
[0.264s] Level 1:colcon.colcon_core.package_identification:_identify(src/YDLidar-SDK) by extension 'ignore'
[0.264s] Level 1:colcon.colcon_core.package_identification:_identify(src/YDLidar-SDK) by extension 'ignore_ament_install'
[0.264s] Level 1:colcon.colcon_core.package_identification:_identify(src/YDLidar-SDK) by extensions ['colcon_pkg']
[0.264s] Level 1:colcon.colcon_core.package_identification:_identify(src/YDLidar-SDK) by extension 'colcon_pkg'
[0.264s] Level 1:colcon.colcon_core.package_identification:_identify(src/YDLidar-SDK) by extensions ['colcon_meta']
[0.264s] Level 1:colcon.colcon_core.package_identification:_identify(src/YDLidar-SDK) by extension 'colcon_meta'
[0.264s] Level 1:colcon.colcon_core.package_identification:_identify(src/YDLidar-SDK) by extensions ['ros']
[0.264s] Level 1:colcon.colcon_core.package_identification:_identify(src/YDLidar-SDK) by extension 'ros'
[0.264s] Level 1:colcon.colcon_core.package_identification:_identify(src/YDLidar-SDK) by extensions ['cmake', 'python']
[0.264s] Level 1:colcon.colcon_core.package_identification:_identify(src/YDLidar-SDK) by extension 'cmake'
[0.273s] Level 1:colcon.colcon_core.package_identification:_identify(src/YDLidar-SDK) by extension 'python'
[0.273s] DEBUG:colcon.colcon_core.package_identification:Package 'src/YDLidar-SDK' with type 'cmake' and name 'ydlidar_sdk'
[0.273s] Level 1:colcon.colcon_core.package_identification:_identify(src/aruco_ros) by extensions ['ignore', 'ignore_ament_install']
[0.273s] Level 1:colcon.colcon_core.package_identification:_identify(src/aruco_ros) by extension 'ignore'
[0.273s] Level 1:colcon.colcon_core.package_identification:_identify(src/aruco_ros) by extension 'ignore_ament_install'
[0.273s] Level 1:colcon.colcon_core.package_identification:_identify(src/aruco_ros) by extensions ['colcon_pkg']
[0.273s] Level 1:colcon.colcon_core.package_identification:_identify(src/aruco_ros) by extension 'colcon_pkg'
[0.273s] Level 1:colcon.colcon_core.package_identification:_identify(src/aruco_ros) by extensions ['colcon_meta']
[0.273s] Level 1:colcon.colcon_core.package_identification:_identify(src/aruco_ros) by extension 'colcon_meta'
[0.273s] Level 1:colcon.colcon_core.package_identification:_identify(src/aruco_ros) by extensions ['ros']
[0.273s] Level 1:colcon.colcon_core.package_identification:_identify(src/aruco_ros) by extension 'ros'
[0.273s] Level 1:colcon.colcon_core.package_identification:_identify(src/aruco_ros) by extensions ['cmake', 'python']
[0.273s] Level 1:colcon.colcon_core.package_identification:_identify(src/aruco_ros) by extension 'cmake'
[0.273s] Level 1:colcon.colcon_core.package_identification:_identify(src/aruco_ros) by extension 'python'
[0.273s] Level 1:colcon.colcon_core.package_identification:_identify(src/aruco_ros) by extensions ['python_setup_py']
[0.273s] Level 1:colcon.colcon_core.package_identification:_identify(src/aruco_ros) by extension 'python_setup_py'
[0.273s] Level 1:colcon.colcon_core.package_identification:_identify(src/aruco_ros/aruco) by extensions ['ignore', 'ignore_ament_install']
[0.273s] Level 1:colcon.colcon_core.package_identification:_identify(src/aruco_ros/aruco) by extension 'ignore'
[0.273s] Level 1:colcon.colcon_core.package_identification:_identify(src/aruco_ros/aruco) by extension 'ignore_ament_install'
[0.273s] Level 1:colcon.colcon_core.package_identification:_identify(src/aruco_ros/aruco) by extensions ['colcon_pkg']
[0.273s] Level 1:colcon.colcon_core.package_identification:_identify(src/aruco_ros/aruco) by extension 'colcon_pkg'
[0.273s] Level 1:colcon.colcon_core.package_identification:_identify(src/aruco_ros/aruco) by extensions ['colcon_meta']
[0.273s] Level 1:colcon.colcon_core.package_identification:_identify(src/aruco_ros/aruco) by extension 'colcon_meta'
[0.273s] Level 1:colcon.colcon_core.package_identification:_identify(src/aruco_ros/aruco) by extensions ['ros']
[0.273s] Level 1:colcon.colcon_core.package_identification:_identify(src/aruco_ros/aruco) by extension 'ros'
[0.273s] DEBUG:colcon.colcon_core.package_identification:Package 'src/aruco_ros/aruco' with type 'ros.ament_cmake' and name 'aruco'
[0.274s] Level 1:colcon.colcon_core.package_identification:_identify(src/aruco_ros/aruco_msgs) by extensions ['ignore', 'ignore_ament_install']
[0.274s] Level 1:colcon.colcon_core.package_identification:_identify(src/aruco_ros/aruco_msgs) by extension 'ignore'
[0.274s] Level 1:colcon.colcon_core.package_identification:_identify(src/aruco_ros/aruco_msgs) by extension 'ignore_ament_install'
[0.274s] Level 1:colcon.colcon_core.package_identification:_identify(src/aruco_ros/aruco_msgs) by extensions ['colcon_pkg']
[0.274s] Level 1:colcon.colcon_core.package_identification:_identify(src/aruco_ros/aruco_msgs) by extension 'colcon_pkg'
[0.274s] Level 1:colcon.colcon_core.package_identification:_identify(src/aruco_ros/aruco_msgs) by extensions ['colcon_meta']
[0.274s] Level 1:colcon.colcon_core.package_identification:_identify(src/aruco_ros/aruco_msgs) by extension 'colcon_meta'
[0.274s] Level 1:colcon.colcon_core.package_identification:_identify(src/aruco_ros/aruco_msgs) by extensions ['ros']
[0.274s] Level 1:colcon.colcon_core.package_identification:_identify(src/aruco_ros/aruco_msgs) by extension 'ros'
[0.274s] DEBUG:colcon.colcon_core.package_identification:Package 'src/aruco_ros/aruco_msgs' with type 'ros.ament_cmake' and name 'aruco_msgs'
[0.274s] Level 1:colcon.colcon_core.package_identification:_identify(src/aruco_ros/aruco_ros) by extensions ['ignore', 'ignore_ament_install']
[0.274s] Level 1:colcon.colcon_core.package_identification:_identify(src/aruco_ros/aruco_ros) by extension 'ignore'
[0.274s] Level 1:colcon.colcon_core.package_identification:_identify(src/aruco_ros/aruco_ros) by extension 'ignore_ament_install'
[0.274s] Level 1:colcon.colcon_core.package_identification:_identify(src/aruco_ros/aruco_ros) by extensions ['colcon_pkg']
[0.274s] Level 1:colcon.colcon_core.package_identification:_identify(src/aruco_ros/aruco_ros) by extension 'colcon_pkg'
[0.274s] Level 1:colcon.colcon_core.package_identification:_identify(src/aruco_ros/aruco_ros) by extensions ['colcon_meta']
[0.274s] Level 1:colcon.colcon_core.package_identification:_identify(src/aruco_ros/aruco_ros) by extension 'colcon_meta'
[0.274s] Level 1:colcon.colcon_core.package_identification:_identify(src/aruco_ros/aruco_ros) by extensions ['ros']
[0.274s] Level 1:colcon.colcon_core.package_identification:_identify(src/aruco_ros/aruco_ros) by extension 'ros'
[0.275s] DEBUG:colcon.colcon_core.package_identification:Package 'src/aruco_ros/aruco_ros' with type 'ros.ament_cmake' and name 'aruco_ros'
[0.275s] Level 1:colcon.colcon_core.package_identification:_identify(src/costmap_converter) by extensions ['ignore', 'ignore_ament_install']
[0.276s] Level 1:colcon.colcon_core.package_identification:_identify(src/costmap_converter) by extension 'ignore'
[0.276s] Level 1:colcon.colcon_core.package_identification:_identify(src/costmap_converter) by extension 'ignore_ament_install'
[0.276s] Level 1:colcon.colcon_core.package_identification:_identify(src/costmap_converter) by extensions ['colcon_pkg']
[0.276s] Level 1:colcon.colcon_core.package_identification:_identify(src/costmap_converter) by extension 'colcon_pkg'
[0.276s] Level 1:colcon.colcon_core.package_identification:_identify(src/costmap_converter) by extensions ['colcon_meta']
[0.276s] Level 1:colcon.colcon_core.package_identification:_identify(src/costmap_converter) by extension 'colcon_meta'
[0.276s] Level 1:colcon.colcon_core.package_identification:_identify(src/costmap_converter) by extensions ['ros']
[0.276s] Level 1:colcon.colcon_core.package_identification:_identify(src/costmap_converter) by extension 'ros'
[0.276s] Level 1:colcon.colcon_core.package_identification:_identify(src/costmap_converter) by extensions ['cmake', 'python']
[0.276s] Level 1:colcon.colcon_core.package_identification:_identify(src/costmap_converter) by extension 'cmake'
[0.276s] Level 1:colcon.colcon_core.package_identification:_identify(src/costmap_converter) by extension 'python'
[0.276s] Level 1:colcon.colcon_core.package_identification:_identify(src/costmap_converter) by extensions ['python_setup_py']
[0.276s] Level 1:colcon.colcon_core.package_identification:_identify(src/costmap_converter) by extension 'python_setup_py'
[0.276s] Level 1:colcon.colcon_core.package_identification:_identify(src/costmap_converter/costmap_converter) by extensions ['ignore', 'ignore_ament_install']
[0.276s] Level 1:colcon.colcon_core.package_identification:_identify(src/costmap_converter/costmap_converter) by extension 'ignore'
[0.276s] Level 1:colcon.colcon_core.package_identification:_identify(src/costmap_converter/costmap_converter) by extension 'ignore_ament_install'
[0.276s] Level 1:colcon.colcon_core.package_identification:_identify(src/costmap_converter/costmap_converter) by extensions ['colcon_pkg']
[0.276s] Level 1:colcon.colcon_core.package_identification:_identify(src/costmap_converter/costmap_converter) by extension 'colcon_pkg'
[0.276s] Level 1:colcon.colcon_core.package_identification:_identify(src/costmap_converter/costmap_converter) by extensions ['colcon_meta']
[0.276s] Level 1:colcon.colcon_core.package_identification:_identify(src/costmap_converter/costmap_converter) by extension 'colcon_meta'
[0.276s] Level 1:colcon.colcon_core.package_identification:_identify(src/costmap_converter/costmap_converter) by extensions ['ros']
[0.276s] Level 1:colcon.colcon_core.package_identification:_identify(src/costmap_converter/costmap_converter) by extension 'ros'
[0.276s] DEBUG:colcon.colcon_core.package_identification:Package 'src/costmap_converter/costmap_converter' with type 'ros.ament_cmake' and name 'costmap_converter'
[0.276s] Level 1:colcon.colcon_core.package_identification:_identify(src/costmap_converter/costmap_converter_msgs) by extensions ['ignore', 'ignore_ament_install']
[0.277s] Level 1:colcon.colcon_core.package_identification:_identify(src/costmap_converter/costmap_converter_msgs) by extension 'ignore'
[0.277s] Level 1:colcon.colcon_core.package_identification:_identify(src/costmap_converter/costmap_converter_msgs) by extension 'ignore_ament_install'
[0.277s] Level 1:colcon.colcon_core.package_identification:_identify(src/costmap_converter/costmap_converter_msgs) by extensions ['colcon_pkg']
[0.277s] Level 1:colcon.colcon_core.package_identification:_identify(src/costmap_converter/costmap_converter_msgs) by extension 'colcon_pkg'
[0.277s] Level 1:colcon.colcon_core.package_identification:_identify(src/costmap_converter/costmap_converter_msgs) by extensions ['colcon_meta']
[0.277s] Level 1:colcon.colcon_core.package_identification:_identify(src/costmap_converter/costmap_converter_msgs) by extension 'colcon_meta'
[0.277s] Level 1:colcon.colcon_core.package_identification:_identify(src/costmap_converter/costmap_converter_msgs) by extensions ['ros']
[0.277s] Level 1:colcon.colcon_core.package_identification:_identify(src/costmap_converter/costmap_converter_msgs) by extension 'ros'
[0.277s] DEBUG:colcon.colcon_core.package_identification:Package 'src/costmap_converter/costmap_converter_msgs' with type 'ros.ament_cmake' and name 'costmap_converter_msgs'
[0.277s] Level 1:colcon.colcon_core.package_identification:_identify(src/csm) by extensions ['ignore', 'ignore_ament_install']
[0.277s] Level 1:colcon.colcon_core.package_identification:_identify(src/csm) by extension 'ignore'
[0.277s] Level 1:colcon.colcon_core.package_identification:_identify(src/csm) by extension 'ignore_ament_install'
[0.277s] Level 1:colcon.colcon_core.package_identification:_identify(src/csm) by extensions ['colcon_pkg']
[0.277s] Level 1:colcon.colcon_core.package_identification:_identify(src/csm) by extension 'colcon_pkg'
[0.277s] Level 1:colcon.colcon_core.package_identification:_identify(src/csm) by extensions ['colcon_meta']
[0.277s] Level 1:colcon.colcon_core.package_identification:_identify(src/csm) by extension 'colcon_meta'
[0.277s] Level 1:colcon.colcon_core.package_identification:_identify(src/csm) by extensions ['ros']
[0.277s] Level 1:colcon.colcon_core.package_identification:_identify(src/csm) by extension 'ros'
[0.277s] DEBUG:colcon.colcon_core.package_identification:Package 'src/csm' with type 'ros.ament_cmake' and name 'csm'
[0.277s] Level 1:colcon.colcon_core.package_identification:_identify(src/limo_car) by extensions ['ignore', 'ignore_ament_install']
[0.277s] Level 1:colcon.colcon_core.package_identification:_identify(src/limo_car) by extension 'ignore'
[0.277s] Level 1:colcon.colcon_core.package_identification:_identify(src/limo_car) by extension 'ignore_ament_install'
[0.278s] Level 1:colcon.colcon_core.package_identification:_identify(src/limo_car) by extensions ['colcon_pkg']
[0.278s] Level 1:colcon.colcon_core.package_identification:_identify(src/limo_car) by extension 'colcon_pkg'
[0.278s] Level 1:colcon.colcon_core.package_identification:_identify(src/limo_car) by extensions ['colcon_meta']
[0.278s] Level 1:colcon.colcon_core.package_identification:_identify(src/limo_car) by extension 'colcon_meta'
[0.278s] Level 1:colcon.colcon_core.package_identification:_identify(src/limo_car) by extensions ['ros']
[0.278s] Level 1:colcon.colcon_core.package_identification:_identify(src/limo_car) by extension 'ros'
[0.283s] DEBUG:colcon.colcon_core.package_identification:Package 'src/limo_car' with type 'ros.ament_cmake' and name 'limo_car'
[0.283s] Level 1:colcon.colcon_core.package_identification:_identify(src/limo_ros2) by extensions ['ignore', 'ignore_ament_install']
[0.283s] Level 1:colcon.colcon_core.package_identification:_identify(src/limo_ros2) by extension 'ignore'
[0.283s] Level 1:colcon.colcon_core.package_identification:_identify(src/limo_ros2) by extension 'ignore_ament_install'
[0.283s] Level 1:colcon.colcon_core.package_identification:_identify(src/limo_ros2) by extensions ['colcon_pkg']
[0.283s] Level 1:colcon.colcon_core.package_identification:_identify(src/limo_ros2) by extension 'colcon_pkg'
[0.283s] Level 1:colcon.colcon_core.package_identification:_identify(src/limo_ros2) by extensions ['colcon_meta']
[0.283s] Level 1:colcon.colcon_core.package_identification:_identify(src/limo_ros2) by extension 'colcon_meta'
[0.283s] Level 1:colcon.colcon_core.package_identification:_identify(src/limo_ros2) by extensions ['ros']
[0.283s] Level 1:colcon.colcon_core.package_identification:_identify(src/limo_ros2) by extension 'ros'
[0.283s] Level 1:colcon.colcon_core.package_identification:_identify(src/limo_ros2) by extensions ['cmake', 'python']
[0.283s] Level 1:colcon.colcon_core.package_identification:_identify(src/limo_ros2) by extension 'cmake'
[0.283s] Level 1:colcon.colcon_core.package_identification:_identify(src/limo_ros2) by extension 'python'
[0.283s] Level 1:colcon.colcon_core.package_identification:_identify(src/limo_ros2) by extensions ['python_setup_py']
[0.283s] Level 1:colcon.colcon_core.package_identification:_identify(src/limo_ros2) by extension 'python_setup_py'
[0.283s] Level 1:colcon.colcon_core.package_identification:_identify(src/limo_ros2/docs) by extensions ['ignore', 'ignore_ament_install']
[0.283s] Level 1:colcon.colcon_core.package_identification:_identify(src/limo_ros2/docs) by extension 'ignore'
[0.283s] Level 1:colcon.colcon_core.package_identification:_identify(src/limo_ros2/docs) by extension 'ignore_ament_install'
[0.283s] Level 1:colcon.colcon_core.package_identification:_identify(src/limo_ros2/docs) by extensions ['colcon_pkg']
[0.283s] Level 1:colcon.colcon_core.package_identification:_identify(src/limo_ros2/docs) by extension 'colcon_pkg'
[0.284s] Level 1:colcon.colcon_core.package_identification:_identify(src/limo_ros2/docs) by extensions ['colcon_meta']
[0.284s] Level 1:colcon.colcon_core.package_identification:_identify(src/limo_ros2/docs) by extension 'colcon_meta'
[0.284s] Level 1:colcon.colcon_core.package_identification:_identify(src/limo_ros2/docs) by extensions ['ros']
[0.284s] Level 1:colcon.colcon_core.package_identification:_identify(src/limo_ros2/docs) by extension 'ros'
[0.284s] Level 1:colcon.colcon_core.package_identification:_identify(src/limo_ros2/docs) by extensions ['cmake', 'python']
[0.284s] Level 1:colcon.colcon_core.package_identification:_identify(src/limo_ros2/docs) by extension 'cmake'
[0.284s] Level 1:colcon.colcon_core.package_identification:_identify(src/limo_ros2/docs) by extension 'python'
[0.284s] Level 1:colcon.colcon_core.package_identification:_identify(src/limo_ros2/docs) by extensions ['python_setup_py']
[0.284s] Level 1:colcon.colcon_core.package_identification:_identify(src/limo_ros2/docs) by extension 'python_setup_py'
[0.284s] Level 1:colcon.colcon_core.package_identification:_identify(src/limo_ros2/limo_base) by extensions ['ignore', 'ignore_ament_install']
[0.284s] Level 1:colcon.colcon_core.package_identification:_identify(src/limo_ros2/limo_base) by extension 'ignore'
[0.284s] Level 1:colcon.colcon_core.package_identification:_identify(src/limo_ros2/limo_base) by extension 'ignore_ament_install'
[0.284s] Level 1:colcon.colcon_core.package_identification:_identify(src/limo_ros2/limo_base) by extensions ['colcon_pkg']
[0.284s] Level 1:colcon.colcon_core.package_identification:_identify(src/limo_ros2/limo_base) by extension 'colcon_pkg'
[0.284s] Level 1:colcon.colcon_core.package_identification:_identify(src/limo_ros2/limo_base) by extensions ['colcon_meta']
[0.284s] Level 1:colcon.colcon_core.package_identification:_identify(src/limo_ros2/limo_base) by extension 'colcon_meta'
[0.284s] Level 1:colcon.colcon_core.package_identification:_identify(src/limo_ros2/limo_base) by extensions ['ros']
[0.284s] Level 1:colcon.colcon_core.package_identification:_identify(src/limo_ros2/limo_base) by extension 'ros'
[0.284s] DEBUG:colcon.colcon_core.package_identification:Package 'src/limo_ros2/limo_base' with type 'ros.ament_cmake' and name 'limo_base'
[0.284s] Level 1:colcon.colcon_core.package_identification:_identify(src/limo_ros2/limo_bringup) by extensions ['ignore', 'ignore_ament_install']
[0.284s] Level 1:colcon.colcon_core.package_identification:_identify(src/limo_ros2/limo_bringup) by extension 'ignore'
[0.284s] Level 1:colcon.colcon_core.package_identification:_identify(src/limo_ros2/limo_bringup) by extension 'ignore_ament_install'
[0.284s] Level 1:colcon.colcon_core.package_identification:_identify(src/limo_ros2/limo_bringup) by extensions ['colcon_pkg']
[0.284s] Level 1:colcon.colcon_core.package_identification:_identify(src/limo_ros2/limo_bringup) by extension 'colcon_pkg'
[0.284s] Level 1:colcon.colcon_core.package_identification:_identify(src/limo_ros2/limo_bringup) by extensions ['colcon_meta']
[0.284s] Level 1:colcon.colcon_core.package_identification:_identify(src/limo_ros2/limo_bringup) by extension 'colcon_meta'
[0.284s] Level 1:colcon.colcon_core.package_identification:_identify(src/limo_ros2/limo_bringup) by extensions ['ros']
[0.284s] Level 1:colcon.colcon_core.package_identification:_identify(src/limo_ros2/limo_bringup) by extension 'ros'
[0.285s] DEBUG:colcon.colcon_core.package_identification:Package 'src/limo_ros2/limo_bringup' with type 'ros.ament_cmake' and name 'limo_bringup'
[0.285s] Level 1:colcon.colcon_core.package_identification:_identify(src/limo_ros2/limo_description) by extensions ['ignore', 'ignore_ament_install']
[0.285s] Level 1:colcon.colcon_core.package_identification:_identify(src/limo_ros2/limo_description) by extension 'ignore'
[0.285s] Level 1:colcon.colcon_core.package_identification:_identify(src/limo_ros2/limo_description) by extension 'ignore_ament_install'
[0.285s] Level 1:colcon.colcon_core.package_identification:_identify(src/limo_ros2/limo_description) by extensions ['colcon_pkg']
[0.285s] Level 1:colcon.colcon_core.package_identification:_identify(src/limo_ros2/limo_description) by extension 'colcon_pkg'
[0.285s] Level 1:colcon.colcon_core.package_identification:_identify(src/limo_ros2/limo_description) by extensions ['colcon_meta']
[0.285s] Level 1:colcon.colcon_core.package_identification:_identify(src/limo_ros2/limo_description) by extension 'colcon_meta'
[0.285s] Level 1:colcon.colcon_core.package_identification:_identify(src/limo_ros2/limo_description) by extensions ['ros']
[0.285s] Level 1:colcon.colcon_core.package_identification:_identify(src/limo_ros2/limo_description) by extension 'ros'
[0.285s] DEBUG:colcon.colcon_core.package_identification:Package 'src/limo_ros2/limo_description' with type 'ros.ament_cmake' and name 'limo_description'
[0.286s] Level 1:colcon.colcon_core.package_identification:_identify(src/limo_ros2/limo_msgs) by extensions ['ignore', 'ignore_ament_install']
[0.286s] Level 1:colcon.colcon_core.package_identification:_identify(src/limo_ros2/limo_msgs) by extension 'ignore'
[0.286s] Level 1:colcon.colcon_core.package_identification:_identify(src/limo_ros2/limo_msgs) by extension 'ignore_ament_install'
[0.286s] Level 1:colcon.colcon_core.package_identification:_identify(src/limo_ros2/limo_msgs) by extensions ['colcon_pkg']
[0.286s] Level 1:colcon.colcon_core.package_identification:_identify(src/limo_ros2/limo_msgs) by extension 'colcon_pkg'
[0.286s] Level 1:colcon.colcon_core.package_identification:_identify(src/limo_ros2/limo_msgs) by extensions ['colcon_meta']
[0.286s] Level 1:colcon.colcon_core.package_identification:_identify(src/limo_ros2/limo_msgs) by extension 'colcon_meta'
[0.286s] Level 1:colcon.colcon_core.package_identification:_identify(src/limo_ros2/limo_msgs) by extensions ['ros']
[0.286s] Level 1:colcon.colcon_core.package_identification:_identify(src/limo_ros2/limo_msgs) by extension 'ros'
[0.286s] DEBUG:colcon.colcon_core.package_identification:Package 'src/limo_ros2/limo_msgs' with type 'ros.ament_cmake' and name 'limo_msgs'
[0.286s] Level 1:colcon.colcon_core.package_identification:_identify(src/limo_visions) by extensions ['ignore', 'ignore_ament_install']
[0.286s] Level 1:colcon.colcon_core.package_identification:_identify(src/limo_visions) by extension 'ignore'
[0.286s] Level 1:colcon.colcon_core.package_identification:_identify(src/limo_visions) by extension 'ignore_ament_install'
[0.286s] Level 1:colcon.colcon_core.package_identification:_identify(src/limo_visions) by extensions ['colcon_pkg']
[0.286s] Level 1:colcon.colcon_core.package_identification:_identify(src/limo_visions) by extension 'colcon_pkg'
[0.286s] Level 1:colcon.colcon_core.package_identification:_identify(src/limo_visions) by extensions ['colcon_meta']
[0.286s] Level 1:colcon.colcon_core.package_identification:_identify(src/limo_visions) by extension 'colcon_meta'
[0.286s] Level 1:colcon.colcon_core.package_identification:_identify(src/limo_visions) by extensions ['ros']
[0.286s] Level 1:colcon.colcon_core.package_identification:_identify(src/limo_visions) by extension 'ros'
[0.287s] DEBUG:colcon.colcon_core.package_identification:Package 'src/limo_visions' with type 'ros.ament_cmake' and name 'limo_visions'
[0.287s] Level 1:colcon.colcon_core.package_identification:_identify(src/navigation2) by extensions ['ignore', 'ignore_ament_install']
[0.287s] Level 1:colcon.colcon_core.package_identification:_identify(src/navigation2) by extension 'ignore'
[0.287s] Level 1:colcon.colcon_core.package_identification:_identify(src/navigation2) by extension 'ignore_ament_install'
[0.287s] Level 1:colcon.colcon_core.package_identification:_identify(src/navigation2) by extensions ['colcon_pkg']
[0.287s] Level 1:colcon.colcon_core.package_identification:_identify(src/navigation2) by extension 'colcon_pkg'
[0.287s] Level 1:colcon.colcon_core.package_identification:_identify(src/navigation2) by extensions ['colcon_meta']
[0.287s] Level 1:colcon.colcon_core.package_identification:_identify(src/navigation2) by extension 'colcon_meta'
[0.287s] Level 1:colcon.colcon_core.package_identification:_identify(src/navigation2) by extensions ['ros']
[0.287s] Level 1:colcon.colcon_core.package_identification:_identify(src/navigation2) by extension 'ros'
[0.287s] Level 1:colcon.colcon_core.package_identification:_identify(src/navigation2) by extensions ['cmake', 'python']
[0.287s] Level 1:colcon.colcon_core.package_identification:_identify(src/navigation2) by extension 'cmake'
[0.287s] Level 1:colcon.colcon_core.package_identification:_identify(src/navigation2) by extension 'python'
[0.287s] Level 1:colcon.colcon_core.package_identification:_identify(src/navigation2) by extensions ['python_setup_py']
[0.287s] Level 1:colcon.colcon_core.package_identification:_identify(src/navigation2) by extension 'python_setup_py'
[0.287s] Level 1:colcon.colcon_core.package_identification:_identify(src/navigation2/doc) by extensions ['ignore', 'ignore_ament_install']
[0.287s] Level 1:colcon.colcon_core.package_identification:_identify(src/navigation2/doc) by extension 'ignore'
[0.287s] Level 1:colcon.colcon_core.package_identification:_identify(src/navigation2/doc) by extension 'ignore_ament_install'
[0.287s] Level 1:colcon.colcon_core.package_identification:_identify(src/navigation2/doc) by extensions ['colcon_pkg']
[0.287s] Level 1:colcon.colcon_core.package_identification:_identify(src/navigation2/doc) by extension 'colcon_pkg'
[0.287s] Level 1:colcon.colcon_core.package_identification:_identify(src/navigation2/doc) by extensions ['colcon_meta']
[0.287s] Level 1:colcon.colcon_core.package_identification:_identify(src/navigation2/doc) by extension 'colcon_meta'
[0.287s] Level 1:colcon.colcon_core.package_identification:_identify(src/navigation2/doc) by extensions ['ros']
[0.287s] Level 1:colcon.colcon_core.package_identification:_identify(src/navigation2/doc) by extension 'ros'
[0.287s] Level 1:colcon.colcon_core.package_identification:_identify(src/navigation2/doc) by extensions ['cmake', 'python']
[0.287s] Level 1:colcon.colcon_core.package_identification:_identify(src/navigation2/doc) by extension 'cmake'
[0.287s] Level 1:colcon.colcon_core.package_identification:_identify(src/navigation2/doc) by extension 'python'
[0.287s] Level 1:colcon.colcon_core.package_identification:_identify(src/navigation2/doc) by extensions ['python_setup_py']
[0.287s] Level 1:colcon.colcon_core.package_identification:_identify(src/navigation2/doc) by extension 'python_setup_py'
[0.287s] Level 1:colcon.colcon_core.package_identification:_identify(src/navigation2/doc/architecture) by extensions ['ignore', 'ignore_ament_install']
[0.287s] Level 1:colcon.colcon_core.package_identification:_identify(src/navigation2/doc/architecture) by extension 'ignore'
[0.287s] Level 1:colcon.colcon_core.package_identification:_identify(src/navigation2/doc/architecture) by extension 'ignore_ament_install'
[0.287s] Level 1:colcon.colcon_core.package_identification:_identify(src/navigation2/doc/architecture) by extensions ['colcon_pkg']
[0.287s] Level 1:colcon.colcon_core.package_identification:_identify(src/navigation2/doc/architecture) by extension 'colcon_pkg'
[0.287s] Level 1:colcon.colcon_core.package_identification:_identify(src/navigation2/doc/architecture) by extensions ['colcon_meta']
[0.287s] Level 1:colcon.colcon_core.package_identification:_identify(src/navigation2/doc/architecture) by extension 'colcon_meta'
[0.287s] Level 1:colcon.colcon_core.package_identification:_identify(src/navigation2/doc/architecture) by extensions ['ros']
[0.287s] Level 1:colcon.colcon_core.package_identification:_identify(src/navigation2/doc/architecture) by extension 'ros'
[0.287s] Level 1:colcon.colcon_core.package_identification:_identify(src/navigation2/doc/architecture) by extensions ['cmake', 'python']
[0.287s] Level 1:colcon.colcon_core.package_identification:_identify(src/navigation2/doc/architecture) by extension 'cmake'
[0.287s] Level 1:colcon.colcon_core.package_identification:_identify(src/navigation2/doc/architecture) by extension 'python'
[0.287s] Level 1:colcon.colcon_core.package_identification:_identify(src/navigation2/doc/architecture) by extensions ['python_setup_py']
[0.287s] Level 1:colcon.colcon_core.package_identification:_identify(src/navigation2/doc/architecture) by extension 'python_setup_py'
[0.288s] Level 1:colcon.colcon_core.package_identification:_identify(src/navigation2/doc/design) by extensions ['ignore', 'ignore_ament_install']
[0.288s] Level 1:colcon.colcon_core.package_identification:_identify(src/navigation2/doc/design) by extension 'ignore'
[0.288s] Level 1:colcon.colcon_core.package_identification:_identify(src/navigation2/doc/design) by extension 'ignore_ament_install'
[0.288s] Level 1:colcon.colcon_core.package_identification:_identify(src/navigation2/doc/design) by extensions ['colcon_pkg']
[0.288s] Level 1:colcon.colcon_core.package_identification:_identify(src/navigation2/doc/design) by extension 'colcon_pkg'
[0.288s] Level 1:colcon.colcon_core.package_identification:_identify(src/navigation2/doc/design) by extensions ['colcon_meta']
[0.288s] Level 1:colcon.colcon_core.package_identification:_identify(src/navigation2/doc/design) by extension 'colcon_meta'
[0.288s] Level 1:colcon.colcon_core.package_identification:_identify(src/navigation2/doc/design) by extensions ['ros']
[0.288s] Level 1:colcon.colcon_core.package_identification:_identify(src/navigation2/doc/design) by extension 'ros'
[0.288s] Level 1:colcon.colcon_core.package_identification:_identify(src/navigation2/doc/design) by extensions ['cmake', 'python']
[0.288s] Level 1:colcon.colcon_core.package_identification:_identify(src/navigation2/doc/design) by extension 'cmake'
[0.288s] Level 1:colcon.colcon_core.package_identification:_identify(src/navigation2/doc/design) by extension 'python'
[0.288s] Level 1:colcon.colcon_core.package_identification:_identify(src/navigation2/doc/design) by extensions ['python_setup_py']
[0.288s] Level 1:colcon.colcon_core.package_identification:_identify(src/navigation2/doc/design) by extension 'python_setup_py'
[0.288s] Level 1:colcon.colcon_core.package_identification:_identify(src/navigation2/doc/process) by extensions ['ignore', 'ignore_ament_install']
[0.288s] Level 1:colcon.colcon_core.package_identification:_identify(src/navigation2/doc/process) by extension 'ignore'
[0.288s] Level 1:colcon.colcon_core.package_identification:_identify(src/navigation2/doc/process) by extension 'ignore_ament_install'
[0.288s] Level 1:colcon.colcon_core.package_identification:_identify(src/navigation2/doc/process) by extensions ['colcon_pkg']
[0.288s] Level 1:colcon.colcon_core.package_identification:_identify(src/navigation2/doc/process) by extension 'colcon_pkg'
[0.288s] Level 1:colcon.colcon_core.package_identification:_identify(src/navigation2/doc/process) by extensions ['colcon_meta']
[0.288s] Level 1:colcon.colcon_core.package_identification:_identify(src/navigation2/doc/process) by extension 'colcon_meta'
[0.288s] Level 1:colcon.colcon_core.package_identification:_identify(src/navigation2/doc/process) by extensions ['ros']
[0.288s] Level 1:colcon.colcon_core.package_identification:_identify(src/navigation2/doc/process) by extension 'ros'
[0.288s] Level 1:colcon.colcon_core.package_identification:_identify(src/navigation2/doc/process) by extensions ['cmake', 'python']
[0.288s] Level 1:colcon.colcon_core.package_identification:_identify(src/navigation2/doc/process) by extension 'cmake'
[0.288s] Level 1:colcon.colcon_core.package_identification:_identify(src/navigation2/doc/process) by extension 'python'
[0.288s] Level 1:colcon.colcon_core.package_identification:_identify(src/navigation2/doc/process) by extensions ['python_setup_py']
[0.288s] Level 1:colcon.colcon_core.package_identification:_identify(src/navigation2/doc/process) by extension 'python_setup_py'
[0.288s] Level 1:colcon.colcon_core.package_identification:_identify(src/navigation2/doc/requirements) by extensions ['ignore', 'ignore_ament_install']
[0.288s] Level 1:colcon.colcon_core.package_identification:_identify(src/navigation2/doc/requirements) by extension 'ignore'
[0.288s] Level 1:colcon.colcon_core.package_identification:_identify(src/navigation2/doc/requirements) by extension 'ignore_ament_install'
[0.288s] Level 1:colcon.colcon_core.package_identification:_identify(src/navigation2/doc/requirements) by extensions ['colcon_pkg']
[0.288s] Level 1:colcon.colcon_core.package_identification:_identify(src/navigation2/doc/requirements) by extension 'colcon_pkg'
[0.288s] Level 1:colcon.colcon_core.package_identification:_identify(src/navigation2/doc/requirements) by extensions ['colcon_meta']
[0.288s] Level 1:colcon.colcon_core.package_identification:_identify(src/navigation2/doc/requirements) by extension 'colcon_meta'
[0.288s] Level 1:colcon.colcon_core.package_identification:_identify(src/navigation2/doc/requirements) by extensions ['ros']
[0.288s] Level 1:colcon.colcon_core.package_identification:_identify(src/navigation2/doc/requirements) by extension 'ros'
[0.288s] Level 1:colcon.colcon_core.package_identification:_identify(src/navigation2/doc/requirements) by extensions ['cmake', 'python']
[0.288s] Level 1:colcon.colcon_core.package_identification:_identify(src/navigation2/doc/requirements) by extension 'cmake'
[0.288s] Level 1:colcon.colcon_core.package_identification:_identify(src/navigation2/doc/requirements) by extension 'python'
[0.288s] Level 1:colcon.colcon_core.package_identification:_identify(src/navigation2/doc/requirements) by extensions ['python_setup_py']
[0.288s] Level 1:colcon.colcon_core.package_identification:_identify(src/navigation2/doc/requirements) by extension 'python_setup_py'
[0.288s] Level 1:colcon.colcon_core.package_identification:_identify(src/navigation2/doc/requirements/images) by extensions ['ignore', 'ignore_ament_install']
[0.288s] Level 1:colcon.colcon_core.package_identification:_identify(src/navigation2/doc/requirements/images) by extension 'ignore'
[0.288s] Level 1:colcon.colcon_core.package_identification:_identify(src/navigation2/doc/requirements/images) by extension 'ignore_ament_install'
[0.288s] Level 1:colcon.colcon_core.package_identification:_identify(src/navigation2/doc/requirements/images) by extensions ['colcon_pkg']
[0.288s] Level 1:colcon.colcon_core.package_identification:_identify(src/navigation2/doc/requirements/images) by extension 'colcon_pkg'
[0.288s] Level 1:colcon.colcon_core.package_identification:_identify(src/navigation2/doc/requirements/images) by extensions ['colcon_meta']
[0.289s] Level 1:colcon.colcon_core.package_identification:_identify(src/navigation2/doc/requirements/images) by extension 'colcon_meta'
[0.289s] Level 1:colcon.colcon_core.package_identification:_identify(src/navigation2/doc/requirements/images) by extensions ['ros']
[0.289s] Level 1:colcon.colcon_core.package_identification:_identify(src/navigation2/doc/requirements/images) by extension 'ros'
[0.289s] Level 1:colcon.colcon_core.package_identification:_identify(src/navigation2/doc/requirements/images) by extensions ['cmake', 'python']
[0.289s] Level 1:colcon.colcon_core.package_identification:_identify(src/navigation2/doc/requirements/images) by extension 'cmake'
[0.289s] Level 1:colcon.colcon_core.package_identification:_identify(src/navigation2/doc/requirements/images) by extension 'python'
[0.289s] Level 1:colcon.colcon_core.package_identification:_identify(src/navigation2/doc/requirements/images) by extensions ['python_setup_py']
[0.289s] Level 1:colcon.colcon_core.package_identification:_identify(src/navigation2/doc/requirements/images) by extension 'python_setup_py'
[0.289s] Level 1:colcon.colcon_core.package_identification:_identify(src/navigation2/doc/use_cases) by extensions ['ignore', 'ignore_ament_install']
[0.289s] Level 1:colcon.colcon_core.package_identification:_identify(src/navigation2/doc/use_cases) by extension 'ignore'
[0.289s] Level 1:colcon.colcon_core.package_identification:_identify(src/navigation2/doc/use_cases) by extension 'ignore_ament_install'
[0.289s] Level 1:colcon.colcon_core.package_identification:_identify(src/navigation2/doc/use_cases) by extensions ['colcon_pkg']
[0.289s] Level 1:colcon.colcon_core.package_identification:_identify(src/navigation2/doc/use_cases) by extension 'colcon_pkg'
[0.289s] Level 1:colcon.colcon_core.package_identification:_identify(src/navigation2/doc/use_cases) by extensions ['colcon_meta']
[0.289s] Level 1:colcon.colcon_core.package_identification:_identify(src/navigation2/doc/use_cases) by extension 'colcon_meta'
[0.289s] Level 1:colcon.colcon_core.package_identification:_identify(src/navigation2/doc/use_cases) by extensions ['ros']
[0.289s] Level 1:colcon.colcon_core.package_identification:_identify(src/navigation2/doc/use_cases) by extension 'ros'
[0.289s] Level 1:colcon.colcon_core.package_identification:_identify(src/navigation2/doc/use_cases) by extensions ['cmake', 'python']
[0.289s] Level 1:colcon.colcon_core.package_identification:_identify(src/navigation2/doc/use_cases) by extension 'cmake'
[0.289s] Level 1:colcon.colcon_core.package_identification:_identify(src/navigation2/doc/use_cases) by extension 'python'
[0.289s] Level 1:colcon.colcon_core.package_identification:_identify(src/navigation2/doc/use_cases) by extensions ['python_setup_py']
[0.289s] Level 1:colcon.colcon_core.package_identification:_identify(src/navigation2/doc/use_cases) by extension 'python_setup_py'
[0.289s] Level 1:colcon.colcon_core.package_identification:_identify(src/navigation2/nav2_amcl) by extensions ['ignore', 'ignore_ament_install']
[0.289s] Level 1:colcon.colcon_core.package_identification:_identify(src/navigation2/nav2_amcl) by extension 'ignore'
[0.289s] Level 1:colcon.colcon_core.package_identification:_identify(src/navigation2/nav2_amcl) by extension 'ignore_ament_install'
[0.289s] Level 1:colcon.colcon_core.package_identification:_identify(src/navigation2/nav2_amcl) by extensions ['colcon_pkg']
[0.289s] Level 1:colcon.colcon_core.package_identification:_identify(src/navigation2/nav2_amcl) by extension 'colcon_pkg'
[0.289s] Level 1:colcon.colcon_core.package_identification:_identify(src/navigation2/nav2_amcl) by extensions ['colcon_meta']
[0.289s] Level 1:colcon.colcon_core.package_identification:_identify(src/navigation2/nav2_amcl) by extension 'colcon_meta'
[0.289s] Level 1:colcon.colcon_core.package_identification:_identify(src/navigation2/nav2_amcl) by extensions ['ros']
[0.289s] Level 1:colcon.colcon_core.package_identification:_identify(src/navigation2/nav2_amcl) by extension 'ros'
[0.290s] DEBUG:colcon.colcon_core.package_identification:Package 'src/navigation2/nav2_amcl' with type 'ros.ament_cmake' and name 'nav2_amcl'
[0.290s] Level 1:colcon.colcon_core.package_identification:_identify(src/navigation2/nav2_behavior_tree) by extensions ['ignore', 'ignore_ament_install']
[0.290s] Level 1:colcon.colcon_core.package_identification:_identify(src/navigation2/nav2_behavior_tree) by extension 'ignore'
[0.290s] Level 1:colcon.colcon_core.package_identification:_identify(src/navigation2/nav2_behavior_tree) by extension 'ignore_ament_install'
[0.290s] Level 1:colcon.colcon_core.package_identification:_identify(src/navigation2/nav2_behavior_tree) by extensions ['colcon_pkg']
[0.290s] Level 1:colcon.colcon_core.package_identification:_identify(src/navigation2/nav2_behavior_tree) by extension 'colcon_pkg'
[0.290s] Level 1:colcon.colcon_core.package_identification:_identify(src/navigation2/nav2_behavior_tree) by extensions ['colcon_meta']
[0.290s] Level 1:colcon.colcon_core.package_identification:_identify(src/navigation2/nav2_behavior_tree) by extension 'colcon_meta'
[0.290s] Level 1:colcon.colcon_core.package_identification:_identify(src/navigation2/nav2_behavior_tree) by extensions ['ros']
[0.290s] Level 1:colcon.colcon_core.package_identification:_identify(src/navigation2/nav2_behavior_tree) by extension 'ros'
[0.291s] DEBUG:colcon.colcon_core.package_identification:Package 'src/navigation2/nav2_behavior_tree' with type 'ros.ament_cmake' and name 'nav2_behavior_tree'
[0.291s] Level 1:colcon.colcon_core.package_identification:_identify(src/navigation2/nav2_behaviors) by extensions ['ignore', 'ignore_ament_install']
[0.291s] Level 1:colcon.colcon_core.package_identification:_identify(src/navigation2/nav2_behaviors) by extension 'ignore'
[0.291s] Level 1:colcon.colcon_core.package_identification:_identify(src/navigation2/nav2_behaviors) by extension 'ignore_ament_install'
[0.291s] Level 1:colcon.colcon_core.package_identification:_identify(src/navigation2/nav2_behaviors) by extensions ['colcon_pkg']
[0.291s] Level 1:colcon.colcon_core.package_identification:_identify(src/navigation2/nav2_behaviors) by extension 'colcon_pkg'
[0.291s] Level 1:colcon.colcon_core.package_identification:_identify(src/navigation2/nav2_behaviors) by extensions ['colcon_meta']
[0.291s] Level 1:colcon.colcon_core.package_identification:_identify(src/navigation2/nav2_behaviors) by extension 'colcon_meta'
[0.291s] Level 1:colcon.colcon_core.package_identification:_identify(src/navigation2/nav2_behaviors) by extensions ['ros']
[0.291s] Level 1:colcon.colcon_core.package_identification:_identify(src/navigation2/nav2_behaviors) by extension 'ros'
[0.291s] DEBUG:colcon.colcon_core.package_identification:Package 'src/navigation2/nav2_behaviors' with type 'ros.ament_cmake' and name 'nav2_behaviors'
[0.291s] Level 1:colcon.colcon_core.package_identification:_identify(src/navigation2/nav2_bringup) by extensions ['ignore', 'ignore_ament_install']
[0.292s] Level 1:colcon.colcon_core.package_identification:_identify(src/navigation2/nav2_bringup) by extension 'ignore'
[0.292s] Level 1:colcon.colcon_core.package_identification:_identify(src/navigation2/nav2_bringup) by extension 'ignore_ament_install'
[0.292s] Level 1:colcon.colcon_core.package_identification:_identify(src/navigation2/nav2_bringup) by extensions ['colcon_pkg']
[0.292s] Level 1:colcon.colcon_core.package_identification:_identify(src/navigation2/nav2_bringup) by extension 'colcon_pkg'
[0.292s] Level 1:colcon.colcon_core.package_identification:_identify(src/navigation2/nav2_bringup) by extensions ['colcon_meta']
[0.292s] Level 1:colcon.colcon_core.package_identification:_identify(src/navigation2/nav2_bringup) by extension 'colcon_meta'
[0.292s] Level 1:colcon.colcon_core.package_identification:_identify(src/navigation2/nav2_bringup) by extensions ['ros']
[0.292s] Level 1:colcon.colcon_core.package_identification:_identify(src/navigation2/nav2_bringup) by extension 'ros'
[0.292s] DEBUG:colcon.colcon_core.package_identification:Package 'src/navigation2/nav2_bringup' with type 'ros.ament_cmake' and name 'nav2_bringup'
[0.292s] Level 1:colcon.colcon_core.package_identification:_identify(src/navigation2/nav2_bt_navigator) by extensions ['ignore', 'ignore_ament_install']
[0.292s] Level 1:colcon.colcon_core.package_identification:_identify(src/navigation2/nav2_bt_navigator) by extension 'ignore'
[0.292s] Level 1:colcon.colcon_core.package_identification:_identify(src/navigation2/nav2_bt_navigator) by extension 'ignore_ament_install'
[0.292s] Level 1:colcon.colcon_core.package_identification:_identify(src/navigation2/nav2_bt_navigator) by extensions ['colcon_pkg']
[0.292s] Level 1:colcon.colcon_core.package_identification:_identify(src/navigation2/nav2_bt_navigator) by extension 'colcon_pkg'
[0.292s] Level 1:colcon.colcon_core.package_identification:_identify(src/navigation2/nav2_bt_navigator) by extensions ['colcon_meta']
[0.292s] Level 1:colcon.colcon_core.package_identification:_identify(src/navigation2/nav2_bt_navigator) by extension 'colcon_meta'
[0.292s] Level 1:colcon.colcon_core.package_identification:_identify(src/navigation2/nav2_bt_navigator) by extensions ['ros']
[0.292s] Level 1:colcon.colcon_core.package_identification:_identify(src/navigation2/nav2_bt_navigator) by extension 'ros'
[0.293s] DEBUG:colcon.colcon_core.package_identification:Package 'src/navigation2/nav2_bt_navigator' with type 'ros.ament_cmake' and name 'nav2_bt_navigator'
[0.293s] Level 1:colcon.colcon_core.package_identification:_identify(src/navigation2/nav2_common) by extensions ['ignore', 'ignore_ament_install']
[0.293s] Level 1:colcon.colcon_core.package_identification:_identify(src/navigation2/nav2_common) by extension 'ignore'
[0.293s] Level 1:colcon.colcon_core.package_identification:_identify(src/navigation2/nav2_common) by extension 'ignore_ament_install'
[0.293s] Level 1:colcon.colcon_core.package_identification:_identify(src/navigation2/nav2_common) by extensions ['colcon_pkg']
[0.293s] Level 1:colcon.colcon_core.package_identification:_identify(src/navigation2/nav2_common) by extension 'colcon_pkg'
[0.293s] Level 1:colcon.colcon_core.package_identification:_identify(src/navigation2/nav2_common) by extensions ['colcon_meta']
[0.293s] Level 1:colcon.colcon_core.package_identification:_identify(src/navigation2/nav2_common) by extension 'colcon_meta'
[0.293s] Level 1:colcon.colcon_core.package_identification:_identify(src/navigation2/nav2_common) by extensions ['ros']
[0.293s] Level 1:colcon.colcon_core.package_identification:_identify(src/navigation2/nav2_common) by extension 'ros'
[0.293s] DEBUG:colcon.colcon_core.package_identification:Package 'src/navigation2/nav2_common' with type 'ros.ament_cmake' and name 'nav2_common'
[0.293s] Level 1:colcon.colcon_core.package_identification:_identify(src/navigation2/nav2_constrained_smoother) by extensions ['ignore', 'ignore_ament_install']
[0.293s] Level 1:colcon.colcon_core.package_identification:_identify(src/navigation2/nav2_constrained_smoother) by extension 'ignore'
[0.293s] Level 1:colcon.colcon_core.package_identification:_identify(src/navigation2/nav2_constrained_smoother) by extension 'ignore_ament_install'
[0.293s] Level 1:colcon.colcon_core.package_identification:_identify(src/navigation2/nav2_constrained_smoother) by extensions ['colcon_pkg']
[0.293s] Level 1:colcon.colcon_core.package_identification:_identify(src/navigation2/nav2_constrained_smoother) by extension 'colcon_pkg'
[0.293s] Level 1:colcon.colcon_core.package_identification:_identify(src/navigation2/nav2_constrained_smoother) by extensions ['colcon_meta']
[0.293s] Level 1:colcon.colcon_core.package_identification:_identify(src/navigation2/nav2_constrained_smoother) by extension 'colcon_meta'
[0.293s] Level 1:colcon.colcon_core.package_identification:_identify(src/navigation2/nav2_constrained_smoother) by extensions ['ros']
[0.293s] Level 1:colcon.colcon_core.package_identification:_identify(src/navigation2/nav2_constrained_smoother) by extension 'ros'
[0.294s] DEBUG:colcon.colcon_core.package_identification:Package 'src/navigation2/nav2_constrained_smoother' with type 'ros.ament_cmake' and name 'nav2_constrained_smoother'
[0.294s] Level 1:colcon.colcon_core.package_identification:_identify(src/navigation2/nav2_controller) by extensions ['ignore', 'ignore_ament_install']
[0.294s] Level 1:colcon.colcon_core.package_identification:_identify(src/navigation2/nav2_controller) by extension 'ignore'
[0.294s] Level 1:colcon.colcon_core.package_identification:_identify(src/navigation2/nav2_controller) by extension 'ignore_ament_install'
[0.294s] Level 1:colcon.colcon_core.package_identification:_identify(src/navigation2/nav2_controller) by extensions ['colcon_pkg']
[0.294s] Level 1:colcon.colcon_core.package_identification:_identify(src/navigation2/nav2_controller) by extension 'colcon_pkg'
[0.294s] Level 1:colcon.colcon_core.package_identification:_identify(src/navigation2/nav2_controller) by extensions ['colcon_meta']
[0.294s] Level 1:colcon.colcon_core.package_identification:_identify(src/navigation2/nav2_controller) by extension 'colcon_meta'
[0.294s] Level 1:colcon.colcon_core.package_identification:_identify(src/navigation2/nav2_controller) by extensions ['ros']
[0.294s] Level 1:colcon.colcon_core.package_identification:_identify(src/navigation2/nav2_controller) by extension 'ros'
[0.295s] DEBUG:colcon.colcon_core.package_identification:Package 'src/navigation2/nav2_controller' with type 'ros.ament_cmake' and name 'nav2_controller'
[0.295s] Level 1:colcon.colcon_core.package_identification:_identify(src/navigation2/nav2_core) by extensions ['ignore', 'ignore_ament_install']
[0.295s] Level 1:colcon.colcon_core.package_identification:_identify(src/navigation2/nav2_core) by extension 'ignore'
[0.295s] Level 1:colcon.colcon_core.package_identification:_identify(src/navigation2/nav2_core) by extension 'ignore_ament_install'
[0.295s] Level 1:colcon.colcon_core.package_identification:_identify(src/navigation2/nav2_core) by extensions ['colcon_pkg']
[0.295s] Level 1:colcon.colcon_core.package_identification:_identify(src/navigation2/nav2_core) by extension 'colcon_pkg'
[0.295s] Level 1:colcon.colcon_core.package_identification:_identify(src/navigation2/nav2_core) by extensions ['colcon_meta']
[0.295s] Level 1:colcon.colcon_core.package_identification:_identify(src/navigation2/nav2_core) by extension 'colcon_meta'
[0.295s] Level 1:colcon.colcon_core.package_identification:_identify(src/navigation2/nav2_core) by extensions ['ros']
[0.295s] Level 1:colcon.colcon_core.package_identification:_identify(src/navigation2/nav2_core) by extension 'ros'
[0.296s] DEBUG:colcon.colcon_core.package_identification:Package 'src/navigation2/nav2_core' with type 'ros.ament_cmake' and name 'nav2_core'
[0.296s] Level 1:colcon.colcon_core.package_identification:_identify(src/navigation2/nav2_costmap_2d) by extensions ['ignore', 'ignore_ament_install']
[0.296s] Level 1:colcon.colcon_core.package_identification:_identify(src/navigation2/nav2_costmap_2d) by extension 'ignore'
[0.296s] Level 1:colcon.colcon_core.package_identification:_identify(src/navigation2/nav2_costmap_2d) by extension 'ignore_ament_install'
[0.296s] Level 1:colcon.colcon_core.package_identification:_identify(src/navigation2/nav2_costmap_2d) by extensions ['colcon_pkg']
[0.296s] Level 1:colcon.colcon_core.package_identification:_identify(src/navigation2/nav2_costmap_2d) by extension 'colcon_pkg'
[0.296s] Level 1:colcon.colcon_core.package_identification:_identify(src/navigation2/nav2_costmap_2d) by extensions ['colcon_meta']
[0.296s] Level 1:colcon.colcon_core.package_identification:_identify(src/navigation2/nav2_costmap_2d) by extension 'colcon_meta'
[0.296s] Level 1:colcon.colcon_core.package_identification:_identify(src/navigation2/nav2_costmap_2d) by extensions ['ros']
[0.296s] Level 1:colcon.colcon_core.package_identification:_identify(src/navigation2/nav2_costmap_2d) by extension 'ros'
[0.297s] DEBUG:colcon.colcon_core.package_identification:Package 'src/navigation2/nav2_costmap_2d' with type 'ros.ament_cmake' and name 'nav2_costmap_2d'
[0.297s] Level 1:colcon.colcon_core.package_identification:_identify(src/navigation2/nav2_dwb_controller) by extensions ['ignore', 'ignore_ament_install']
[0.297s] Level 1:colcon.colcon_core.package_identification:_identify(src/navigation2/nav2_dwb_controller) by extension 'ignore'
[0.297s] Level 1:colcon.colcon_core.package_identification:_identify(src/navigation2/nav2_dwb_controller) by extension 'ignore_ament_install'
[0.297s] Level 1:colcon.colcon_core.package_identification:_identify(src/navigation2/nav2_dwb_controller) by extensions ['colcon_pkg']
[0.297s] Level 1:colcon.colcon_core.package_identification:_identify(src/navigation2/nav2_dwb_controller) by extension 'colcon_pkg'
[0.297s] Level 1:colcon.colcon_core.package_identification:_identify(src/navigation2/nav2_dwb_controller) by extensions ['colcon_meta']
[0.297s] Level 1:colcon.colcon_core.package_identification:_identify(src/navigation2/nav2_dwb_controller) by extension 'colcon_meta'
[0.297s] Level 1:colcon.colcon_core.package_identification:_identify(src/navigation2/nav2_dwb_controller) by extensions ['ros']
[0.297s] Level 1:colcon.colcon_core.package_identification:_identify(src/navigation2/nav2_dwb_controller) by extension 'ros'
[0.297s] Level 1:colcon.colcon_core.package_identification:_identify(src/navigation2/nav2_dwb_controller) by extensions ['cmake', 'python']
[0.297s] Level 1:colcon.colcon_core.package_identification:_identify(src/navigation2/nav2_dwb_controller) by extension 'cmake'
[0.297s] Level 1:colcon.colcon_core.package_identification:_identify(src/navigation2/nav2_dwb_controller) by extension 'python'
[0.297s] Level 1:colcon.colcon_core.package_identification:_identify(src/navigation2/nav2_dwb_controller) by extensions ['python_setup_py']
[0.297s] Level 1:colcon.colcon_core.package_identification:_identify(src/navigation2/nav2_dwb_controller) by extension 'python_setup_py'
[0.297s] Level 1:colcon.colcon_core.package_identification:_identify(src/navigation2/nav2_dwb_controller/costmap_queue) by extensions ['ignore', 'ignore_ament_install']
[0.297s] Level 1:colcon.colcon_core.package_identification:_identify(src/navigation2/nav2_dwb_controller/costmap_queue) by extension 'ignore'
[0.297s] Level 1:colcon.colcon_core.package_identification:_identify(src/navigation2/nav2_dwb_controller/costmap_queue) by extension 'ignore_ament_install'
[0.297s] Level 1:colcon.colcon_core.package_identification:_identify(src/navigation2/nav2_dwb_controller/costmap_queue) by extensions ['colcon_pkg']
[0.297s] Level 1:colcon.colcon_core.package_identification:_identify(src/navigation2/nav2_dwb_controller/costmap_queue) by extension 'colcon_pkg'
[0.297s] Level 1:colcon.colcon_core.package_identification:_identify(src/navigation2/nav2_dwb_controller/costmap_queue) by extensions ['colcon_meta']
[0.297s] Level 1:colcon.colcon_core.package_identification:_identify(src/navigation2/nav2_dwb_controller/costmap_queue) by extension 'colcon_meta'
[0.297s] Level 1:colcon.colcon_core.package_identification:_identify(src/navigation2/nav2_dwb_controller/costmap_queue) by extensions ['ros']
[0.297s] Level 1:colcon.colcon_core.package_identification:_identify(src/navigation2/nav2_dwb_controller/costmap_queue) by extension 'ros'
[0.297s] DEBUG:colcon.colcon_core.package_identification:Package 'src/navigation2/nav2_dwb_controller/costmap_queue' with type 'ros.ament_cmake' and name 'costmap_queue'
[0.298s] Level 1:colcon.colcon_core.package_identification:_identify(src/navigation2/nav2_dwb_controller/dwb_core) by extensions ['ignore', 'ignore_ament_install']
[0.298s] Level 1:colcon.colcon_core.package_identification:_identify(src/navigation2/nav2_dwb_controller/dwb_core) by extension 'ignore'
[0.298s] Level 1:colcon.colcon_core.package_identification:_identify(src/navigation2/nav2_dwb_controller/dwb_core) by extension 'ignore_ament_install'
[0.298s] Level 1:colcon.colcon_core.package_identification:_identify(src/navigation2/nav2_dwb_controller/dwb_core) by extensions ['colcon_pkg']
[0.298s] Level 1:colcon.colcon_core.package_identification:_identify(src/navigation2/nav2_dwb_controller/dwb_core) by extension 'colcon_pkg'
[0.298s] Level 1:colcon.colcon_core.package_identification:_identify(src/navigation2/nav2_dwb_controller/dwb_core) by extensions ['colcon_meta']
[0.298s] Level 1:colcon.colcon_core.package_identification:_identify(src/navigation2/nav2_dwb_controller/dwb_core) by extension 'colcon_meta'
[0.298s] Level 1:colcon.colcon_core.package_identification:_identify(src/navigation2/nav2_dwb_controller/dwb_core) by extensions ['ros']
[0.298s] Level 1:colcon.colcon_core.package_identification:_identify(src/navigation2/nav2_dwb_controller/dwb_core) by extension 'ros'
[0.298s] DEBUG:colcon.colcon_core.package_identification:Package 'src/navigation2/nav2_dwb_controller/dwb_core' with type 'ros.ament_cmake' and name 'dwb_core'
[0.298s] Level 1:colcon.colcon_core.package_identification:_identify(src/navigation2/nav2_dwb_controller/dwb_critics) by extensions ['ignore', 'ignore_ament_install']
[0.298s] Level 1:colcon.colcon_core.package_identification:_identify(src/navigation2/nav2_dwb_controller/dwb_critics) by extension 'ignore'
[0.298s] Level 1:colcon.colcon_core.package_identification:_identify(src/navigation2/nav2_dwb_controller/dwb_critics) by extension 'ignore_ament_install'
[0.298s] Level 1:colcon.colcon_core.package_identification:_identify(src/navigation2/nav2_dwb_controller/dwb_critics) by extensions ['colcon_pkg']
[0.298s] Level 1:colcon.colcon_core.package_identification:_identify(src/navigation2/nav2_dwb_controller/dwb_critics) by extension 'colcon_pkg'
[0.298s] Level 1:colcon.colcon_core.package_identification:_identify(src/navigation2/nav2_dwb_controller/dwb_critics) by extensions ['colcon_meta']
[0.298s] Level 1:colcon.colcon_core.package_identification:_identify(src/navigation2/nav2_dwb_controller/dwb_critics) by extension 'colcon_meta'
[0.298s] Level 1:colcon.colcon_core.package_identification:_identify(src/navigation2/nav2_dwb_controller/dwb_critics) by extensions ['ros']
[0.298s] Level 1:colcon.colcon_core.package_identification:_identify(src/navigation2/nav2_dwb_controller/dwb_critics) by extension 'ros'
[0.299s] DEBUG:colcon.colcon_core.package_identification:Package 'src/navigation2/nav2_dwb_controller/dwb_critics' with type 'ros.ament_cmake' and name 'dwb_critics'
[0.299s] Level 1:colcon.colcon_core.package_identification:_identify(src/navigation2/nav2_dwb_controller/dwb_msgs) by extensions ['ignore', 'ignore_ament_install']
[0.299s] Level 1:colcon.colcon_core.package_identification:_identify(src/navigation2/nav2_dwb_controller/dwb_msgs) by extension 'ignore'
[0.299s] Level 1:colcon.colcon_core.package_identification:_identify(src/navigation2/nav2_dwb_controller/dwb_msgs) by extension 'ignore_ament_install'
[0.299s] Level 1:colcon.colcon_core.package_identification:_identify(src/navigation2/nav2_dwb_controller/dwb_msgs) by extensions ['colcon_pkg']
[0.299s] Level 1:colcon.colcon_core.package_identification:_identify(src/navigation2/nav2_dwb_controller/dwb_msgs) by extension 'colcon_pkg'
[0.299s] Level 1:colcon.colcon_core.package_identification:_identify(src/navigation2/nav2_dwb_controller/dwb_msgs) by extensions ['colcon_meta']
[0.299s] Level 1:colcon.colcon_core.package_identification:_identify(src/navigation2/nav2_dwb_controller/dwb_msgs) by extension 'colcon_meta'
[0.299s] Level 1:colcon.colcon_core.package_identification:_identify(src/navigation2/nav2_dwb_controller/dwb_msgs) by extensions ['ros']
[0.299s] Level 1:colcon.colcon_core.package_identification:_identify(src/navigation2/nav2_dwb_controller/dwb_msgs) by extension 'ros'
[0.299s] DEBUG:colcon.colcon_core.package_identification:Package 'src/navigation2/nav2_dwb_controller/dwb_msgs' with type 'ros.ament_cmake' and name 'dwb_msgs'
[0.299s] Level 1:colcon.colcon_core.package_identification:_identify(src/navigation2/nav2_dwb_controller/dwb_plugins) by extensions ['ignore', 'ignore_ament_install']
[0.300s] Level 1:colcon.colcon_core.package_identification:_identify(src/navigation2/nav2_dwb_controller/dwb_plugins) by extension 'ignore'
[0.300s] Level 1:colcon.colcon_core.package_identification:_identify(src/navigation2/nav2_dwb_controller/dwb_plugins) by extension 'ignore_ament_install'
[0.300s] Level 1:colcon.colcon_core.package_identification:_identify(src/navigation2/nav2_dwb_controller/dwb_plugins) by extensions ['colcon_pkg']
[0.300s] Level 1:colcon.colcon_core.package_identification:_identify(src/navigation2/nav2_dwb_controller/dwb_plugins) by extension 'colcon_pkg'
[0.300s] Level 1:colcon.colcon_core.package_identification:_identify(src/navigation2/nav2_dwb_controller/dwb_plugins) by extensions ['colcon_meta']
[0.300s] Level 1:colcon.colcon_core.package_identification:_identify(src/navigation2/nav2_dwb_controller/dwb_plugins) by extension 'colcon_meta'
[0.300s] Level 1:colcon.colcon_core.package_identification:_identify(src/navigation2/nav2_dwb_controller/dwb_plugins) by extensions ['ros']
[0.300s] Level 1:colcon.colcon_core.package_identification:_identify(src/navigation2/nav2_dwb_controller/dwb_plugins) by extension 'ros'
[0.300s] DEBUG:colcon.colcon_core.package_identification:Package 'src/navigation2/nav2_dwb_controller/dwb_plugins' with type 'ros.ament_cmake' and name 'dwb_plugins'
[0.300s] Level 1:colcon.colcon_core.package_identification:_identify(src/navigation2/nav2_dwb_controller/images) by extensions ['ignore', 'ignore_ament_install']
[0.300s] Level 1:colcon.colcon_core.package_identification:_identify(src/navigation2/nav2_dwb_controller/images) by extension 'ignore'
[0.300s] Level 1:colcon.colcon_core.package_identification:_identify(src/navigation2/nav2_dwb_controller/images) by extension 'ignore_ament_install'
[0.300s] Level 1:colcon.colcon_core.package_identification:_identify(src/navigation2/nav2_dwb_controller/images) by extensions ['colcon_pkg']
[0.300s] Level 1:colcon.colcon_core.package_identification:_identify(src/navigation2/nav2_dwb_controller/images) by extension 'colcon_pkg'
[0.300s] Level 1:colcon.colcon_core.package_identification:_identify(src/navigation2/nav2_dwb_controller/images) by extensions ['colcon_meta']
[0.300s] Level 1:colcon.colcon_core.package_identification:_identify(src/navigation2/nav2_dwb_controller/images) by extension 'colcon_meta'
[0.300s] Level 1:colcon.colcon_core.package_identification:_identify(src/navigation2/nav2_dwb_controller/images) by extensions ['ros']
[0.300s] Level 1:colcon.colcon_core.package_identification:_identify(src/navigation2/nav2_dwb_controller/images) by extension 'ros'
[0.300s] Level 1:colcon.colcon_core.package_identification:_identify(src/navigation2/nav2_dwb_controller/images) by extensions ['cmake', 'python']
[0.300s] Level 1:colcon.colcon_core.package_identification:_identify(src/navigation2/nav2_dwb_controller/images) by extension 'cmake'
[0.300s] Level 1:colcon.colcon_core.package_identification:_identify(src/navigation2/nav2_dwb_controller/images) by extension 'python'
[0.300s] Level 1:colcon.colcon_core.package_identification:_identify(src/navigation2/nav2_dwb_controller/images) by extensions ['python_setup_py']
[0.300s] Level 1:colcon.colcon_core.package_identification:_identify(src/navigation2/nav2_dwb_controller/images) by extension 'python_setup_py'
[0.300s] Level 1:colcon.colcon_core.package_identification:_identify(src/navigation2/nav2_dwb_controller/nav2_dwb_controller) by extensions ['ignore', 'ignore_ament_install']
[0.300s] Level 1:colcon.colcon_core.package_identification:_identify(src/navigation2/nav2_dwb_controller/nav2_dwb_controller) by extension 'ignore'
[0.300s] Level 1:colcon.colcon_core.package_identification:_identify(src/navigation2/nav2_dwb_controller/nav2_dwb_controller) by extension 'ignore_ament_install'
[0.300s] Level 1:colcon.colcon_core.package_identification:_identify(src/navigation2/nav2_dwb_controller/nav2_dwb_controller) by extensions ['colcon_pkg']
[0.300s] Level 1:colcon.colcon_core.package_identification:_identify(src/navigation2/nav2_dwb_controller/nav2_dwb_controller) by extension 'colcon_pkg'
[0.301s] Level 1:colcon.colcon_core.package_identification:_identify(src/navigation2/nav2_dwb_controller/nav2_dwb_controller) by extensions ['colcon_meta']
[0.301s] Level 1:colcon.colcon_core.package_identification:_identify(src/navigation2/nav2_dwb_controller/nav2_dwb_controller) by extension 'colcon_meta'
[0.301s] Level 1:colcon.colcon_core.package_identification:_identify(src/navigation2/nav2_dwb_controller/nav2_dwb_controller) by extensions ['ros']
[0.301s] Level 1:colcon.colcon_core.package_identification:_identify(src/navigation2/nav2_dwb_controller/nav2_dwb_controller) by extension 'ros'
[0.301s] DEBUG:colcon.colcon_core.package_identification:Package 'src/navigation2/nav2_dwb_controller/nav2_dwb_controller' with type 'ros.ament_cmake' and name 'nav2_dwb_controller'
[0.301s] Level 1:colcon.colcon_core.package_identification:_identify(src/navigation2/nav2_dwb_controller/nav_2d_msgs) by extensions ['ignore', 'ignore_ament_install']
[0.301s] Level 1:colcon.colcon_core.package_identification:_identify(src/navigation2/nav2_dwb_controller/nav_2d_msgs) by extension 'ignore'
[0.301s] Level 1:colcon.colcon_core.package_identification:_identify(src/navigation2/nav2_dwb_controller/nav_2d_msgs) by extension 'ignore_ament_install'
[0.301s] Level 1:colcon.colcon_core.package_identification:_identify(src/navigation2/nav2_dwb_controller/nav_2d_msgs) by extensions ['colcon_pkg']
[0.301s] Level 1:colcon.colcon_core.package_identification:_identify(src/navigation2/nav2_dwb_controller/nav_2d_msgs) by extension 'colcon_pkg'
[0.301s] Level 1:colcon.colcon_core.package_identification:_identify(src/navigation2/nav2_dwb_controller/nav_2d_msgs) by extensions ['colcon_meta']
[0.301s] Level 1:colcon.colcon_core.package_identification:_identify(src/navigation2/nav2_dwb_controller/nav_2d_msgs) by extension 'colcon_meta'
[0.301s] Level 1:colcon.colcon_core.package_identification:_identify(src/navigation2/nav2_dwb_controller/nav_2d_msgs) by extensions ['ros']
[0.301s] Level 1:colcon.colcon_core.package_identification:_identify(src/navigation2/nav2_dwb_controller/nav_2d_msgs) by extension 'ros'
[0.302s] DEBUG:colcon.colcon_core.package_identification:Package 'src/navigation2/nav2_dwb_controller/nav_2d_msgs' with type 'ros.ament_cmake' and name 'nav_2d_msgs'
[0.302s] Level 1:colcon.colcon_core.package_identification:_identify(src/navigation2/nav2_dwb_controller/nav_2d_utils) by extensions ['ignore', 'ignore_ament_install']
[0.302s] Level 1:colcon.colcon_core.package_identification:_identify(src/navigation2/nav2_dwb_controller/nav_2d_utils) by extension 'ignore'
[0.302s] Level 1:colcon.colcon_core.package_identification:_identify(src/navigation2/nav2_dwb_controller/nav_2d_utils) by extension 'ignore_ament_install'
[0.302s] Level 1:colcon.colcon_core.package_identification:_identify(src/navigation2/nav2_dwb_controller/nav_2d_utils) by extensions ['colcon_pkg']
[0.302s] Level 1:colcon.colcon_core.package_identification:_identify(src/navigation2/nav2_dwb_controller/nav_2d_utils) by extension 'colcon_pkg'
[0.302s] Level 1:colcon.colcon_core.package_identification:_identify(src/navigation2/nav2_dwb_controller/nav_2d_utils) by extensions ['colcon_meta']
[0.302s] Level 1:colcon.colcon_core.package_identification:_identify(src/navigation2/nav2_dwb_controller/nav_2d_utils) by extension 'colcon_meta'
[0.302s] Level 1:colcon.colcon_core.package_identification:_identify(src/navigation2/nav2_dwb_controller/nav_2d_utils) by extensions ['ros']
[0.302s] Level 1:colcon.colcon_core.package_identification:_identify(src/navigation2/nav2_dwb_controller/nav_2d_utils) by extension 'ros'
[0.302s] DEBUG:colcon.colcon_core.package_identification:Package 'src/navigation2/nav2_dwb_controller/nav_2d_utils' with type 'ros.ament_cmake' and name 'nav_2d_utils'
[0.302s] Level 1:colcon.colcon_core.package_identification:_identify(src/navigation2/nav2_lifecycle_manager) by extensions ['ignore', 'ignore_ament_install']
[0.302s] Level 1:colcon.colcon_core.package_identification:_identify(src/navigation2/nav2_lifecycle_manager) by extension 'ignore'
[0.302s] Level 1:colcon.colcon_core.package_identification:_identify(src/navigation2/nav2_lifecycle_manager) by extension 'ignore_ament_install'
[0.302s] Level 1:colcon.colcon_core.package_identification:_identify(src/navigation2/nav2_lifecycle_manager) by extensions ['colcon_pkg']
[0.302s] Level 1:colcon.colcon_core.package_identification:_identify(src/navigation2/nav2_lifecycle_manager) by extension 'colcon_pkg'
[0.302s] Level 1:colcon.colcon_core.package_identification:_identify(src/navigation2/nav2_lifecycle_manager) by extensions ['colcon_meta']
[0.302s] Level 1:colcon.colcon_core.package_identification:_identify(src/navigation2/nav2_lifecycle_manager) by extension 'colcon_meta'
[0.302s] Level 1:colcon.colcon_core.package_identification:_identify(src/navigation2/nav2_lifecycle_manager) by extensions ['ros']
[0.302s] Level 1:colcon.colcon_core.package_identification:_identify(src/navigation2/nav2_lifecycle_manager) by extension 'ros'
[0.303s] DEBUG:colcon.colcon_core.package_identification:Package 'src/navigation2/nav2_lifecycle_manager' with type 'ros.ament_cmake' and name 'nav2_lifecycle_manager'
[0.303s] Level 1:colcon.colcon_core.package_identification:_identify(src/navigation2/nav2_map_server) by extensions ['ignore', 'ignore_ament_install']
[0.303s] Level 1:colcon.colcon_core.package_identification:_identify(src/navigation2/nav2_map_server) by extension 'ignore'
[0.303s] Level 1:colcon.colcon_core.package_identification:_identify(src/navigation2/nav2_map_server) by extension 'ignore_ament_install'
[0.303s] Level 1:colcon.colcon_core.package_identification:_identify(src/navigation2/nav2_map_server) by extensions ['colcon_pkg']
[0.303s] Level 1:colcon.colcon_core.package_identification:_identify(src/navigation2/nav2_map_server) by extension 'colcon_pkg'
[0.303s] Level 1:colcon.colcon_core.package_identification:_identify(src/navigation2/nav2_map_server) by extensions ['colcon_meta']
[0.303s] Level 1:colcon.colcon_core.package_identification:_identify(src/navigation2/nav2_map_server) by extension 'colcon_meta'
[0.303s] Level 1:colcon.colcon_core.package_identification:_identify(src/navigation2/nav2_map_server) by extensions ['ros']
[0.303s] Level 1:colcon.colcon_core.package_identification:_identify(src/navigation2/nav2_map_server) by extension 'ros'
[0.304s] DEBUG:colcon.colcon_core.package_identification:Package 'src/navigation2/nav2_map_server' with type 'ros.ament_cmake' and name 'nav2_map_server'
[0.304s] Level 1:colcon.colcon_core.package_identification:_identify(src/navigation2/nav2_msgs) by extensions ['ignore', 'ignore_ament_install']
[0.304s] Level 1:colcon.colcon_core.package_identification:_identify(src/navigation2/nav2_msgs) by extension 'ignore'
[0.304s] Level 1:colcon.colcon_core.package_identification:_identify(src/navigation2/nav2_msgs) by extension 'ignore_ament_install'
[0.304s] Level 1:colcon.colcon_core.package_identification:_identify(src/navigation2/nav2_msgs) by extensions ['colcon_pkg']
[0.304s] Level 1:colcon.colcon_core.package_identification:_identify(src/navigation2/nav2_msgs) by extension 'colcon_pkg'
[0.304s] Level 1:colcon.colcon_core.package_identification:_identify(src/navigation2/nav2_msgs) by extensions ['colcon_meta']
[0.304s] Level 1:colcon.colcon_core.package_identification:_identify(src/navigation2/nav2_msgs) by extension 'colcon_meta'
[0.304s] Level 1:colcon.colcon_core.package_identification:_identify(src/navigation2/nav2_msgs) by extensions ['ros']
[0.304s] Level 1:colcon.colcon_core.package_identification:_identify(src/navigation2/nav2_msgs) by extension 'ros'
[0.304s] DEBUG:colcon.colcon_core.package_identification:Package 'src/navigation2/nav2_msgs' with type 'ros.ament_cmake' and name 'nav2_msgs'
[0.304s] Level 1:colcon.colcon_core.package_identification:_identify(src/navigation2/nav2_navfn_planner) by extensions ['ignore', 'ignore_ament_install']
[0.304s] Level 1:colcon.colcon_core.package_identification:_identify(src/navigation2/nav2_navfn_planner) by extension 'ignore'
[0.304s] Level 1:colcon.colcon_core.package_identification:_identify(src/navigation2/nav2_navfn_planner) by extension 'ignore_ament_install'
[0.305s] Level 1:colcon.colcon_core.package_identification:_identify(src/navigation2/nav2_navfn_planner) by extensions ['colcon_pkg']
[0.305s] Level 1:colcon.colcon_core.package_identification:_identify(src/navigation2/nav2_navfn_planner) by extension 'colcon_pkg'
[0.305s] Level 1:colcon.colcon_core.package_identification:_identify(src/navigation2/nav2_navfn_planner) by extensions ['colcon_meta']
[0.305s] Level 1:colcon.colcon_core.package_identification:_identify(src/navigation2/nav2_navfn_planner) by extension 'colcon_meta'
[0.305s] Level 1:colcon.colcon_core.package_identification:_identify(src/navigation2/nav2_navfn_planner) by extensions ['ros']
[0.305s] Level 1:colcon.colcon_core.package_identification:_identify(src/navigation2/nav2_navfn_planner) by extension 'ros'
[0.305s] DEBUG:colcon.colcon_core.package_identification:Package 'src/navigation2/nav2_navfn_planner' with type 'ros.ament_cmake' and name 'nav2_navfn_planner'
[0.305s] Level 1:colcon.colcon_core.package_identification:_identify(src/navigation2/nav2_planner) by extensions ['ignore', 'ignore_ament_install']
[0.305s] Level 1:colcon.colcon_core.package_identification:_identify(src/navigation2/nav2_planner) by extension 'ignore'
[0.305s] Level 1:colcon.colcon_core.package_identification:_identify(src/navigation2/nav2_planner) by extension 'ignore_ament_install'
[0.305s] Level 1:colcon.colcon_core.package_identification:_identify(src/navigation2/nav2_planner) by extensions ['colcon_pkg']
[0.305s] Level 1:colcon.colcon_core.package_identification:_identify(src/navigation2/nav2_planner) by extension 'colcon_pkg'
[0.305s] Level 1:colcon.colcon_core.package_identification:_identify(src/navigation2/nav2_planner) by extensions ['colcon_meta']
[0.305s] Level 1:colcon.colcon_core.package_identification:_identify(src/navigation2/nav2_planner) by extension 'colcon_meta'
[0.305s] Level 1:colcon.colcon_core.package_identification:_identify(src/navigation2/nav2_planner) by extensions ['ros']
[0.305s] Level 1:colcon.colcon_core.package_identification:_identify(src/navigation2/nav2_planner) by extension 'ros'
[0.306s] DEBUG:colcon.colcon_core.package_identification:Package 'src/navigation2/nav2_planner' with type 'ros.ament_cmake' and name 'nav2_planner'
[0.306s] Level 1:colcon.colcon_core.package_identification:_identify(src/navigation2/nav2_regulated_pure_pursuit_controller) by extensions ['ignore', 'ignore_ament_install']
[0.306s] Level 1:colcon.colcon_core.package_identification:_identify(src/navigation2/nav2_regulated_pure_pursuit_controller) by extension 'ignore'
[0.306s] Level 1:colcon.colcon_core.package_identification:_identify(src/navigation2/nav2_regulated_pure_pursuit_controller) by extension 'ignore_ament_install'
[0.306s] Level 1:colcon.colcon_core.package_identification:_identify(src/navigation2/nav2_regulated_pure_pursuit_controller) by extensions ['colcon_pkg']
[0.306s] Level 1:colcon.colcon_core.package_identification:_identify(src/navigation2/nav2_regulated_pure_pursuit_controller) by extension 'colcon_pkg'
[0.306s] Level 1:colcon.colcon_core.package_identification:_identify(src/navigation2/nav2_regulated_pure_pursuit_controller) by extensions ['colcon_meta']
[0.306s] Level 1:colcon.colcon_core.package_identification:_identify(src/navigation2/nav2_regulated_pure_pursuit_controller) by extension 'colcon_meta'
[0.306s] Level 1:colcon.colcon_core.package_identification:_identify(src/navigation2/nav2_regulated_pure_pursuit_controller) by extensions ['ros']
[0.306s] Level 1:colcon.colcon_core.package_identification:_identify(src/navigation2/nav2_regulated_pure_pursuit_controller) by extension 'ros'
[0.307s] DEBUG:colcon.colcon_core.package_identification:Package 'src/navigation2/nav2_regulated_pure_pursuit_controller' with type 'ros.ament_cmake' and name 'nav2_regulated_pure_pursuit_controller'
[0.307s] Level 1:colcon.colcon_core.package_identification:_identify(src/navigation2/nav2_rotation_shim_controller) by extensions ['ignore', 'ignore_ament_install']
[0.307s] Level 1:colcon.colcon_core.package_identification:_identify(src/navigation2/nav2_rotation_shim_controller) by extension 'ignore'
[0.307s] Level 1:colcon.colcon_core.package_identification:_identify(src/navigation2/nav2_rotation_shim_controller) by extension 'ignore_ament_install'
[0.307s] Level 1:colcon.colcon_core.package_identification:_identify(src/navigation2/nav2_rotation_shim_controller) by extensions ['colcon_pkg']
[0.307s] Level 1:colcon.colcon_core.package_identification:_identify(src/navigation2/nav2_rotation_shim_controller) by extension 'colcon_pkg'
[0.307s] Level 1:colcon.colcon_core.package_identification:_identify(src/navigation2/nav2_rotation_shim_controller) by extensions ['colcon_meta']
[0.307s] Level 1:colcon.colcon_core.package_identification:_identify(src/navigation2/nav2_rotation_shim_controller) by extension 'colcon_meta'
[0.307s] Level 1:colcon.colcon_core.package_identification:_identify(src/navigation2/nav2_rotation_shim_controller) by extensions ['ros']
[0.307s] Level 1:colcon.colcon_core.package_identification:_identify(src/navigation2/nav2_rotation_shim_controller) by extension 'ros'
[0.308s] DEBUG:colcon.colcon_core.package_identification:Package 'src/navigation2/nav2_rotation_shim_controller' with type 'ros.ament_cmake' and name 'nav2_rotation_shim_controller'
[0.308s] Level 1:colcon.colcon_core.package_identification:_identify(src/navigation2/nav2_rviz_plugins) by extensions ['ignore', 'ignore_ament_install']
[0.308s] Level 1:colcon.colcon_core.package_identification:_identify(src/navigation2/nav2_rviz_plugins) by extension 'ignore'
[0.308s] Level 1:colcon.colcon_core.package_identification:_identify(src/navigation2/nav2_rviz_plugins) by extension 'ignore_ament_install'
[0.308s] Level 1:colcon.colcon_core.package_identification:_identify(src/navigation2/nav2_rviz_plugins) by extensions ['colcon_pkg']
[0.308s] Level 1:colcon.colcon_core.package_identification:_identify(src/navigation2/nav2_rviz_plugins) by extension 'colcon_pkg'
[0.308s] Level 1:colcon.colcon_core.package_identification:_identify(src/navigation2/nav2_rviz_plugins) by extensions ['colcon_meta']
[0.308s] Level 1:colcon.colcon_core.package_identification:_identify(src/navigation2/nav2_rviz_plugins) by extension 'colcon_meta'
[0.308s] Level 1:colcon.colcon_core.package_identification:_identify(src/navigation2/nav2_rviz_plugins) by extensions ['ros']
[0.308s] Level 1:colcon.colcon_core.package_identification:_identify(src/navigation2/nav2_rviz_plugins) by extension 'ros'
[0.309s] DEBUG:colcon.colcon_core.package_identification:Package 'src/navigation2/nav2_rviz_plugins' with type 'ros.ament_cmake' and name 'nav2_rviz_plugins'
[0.309s] Level 1:colcon.colcon_core.package_identification:_identify(src/navigation2/nav2_simple_commander) by extensions ['ignore', 'ignore_ament_install']
[0.309s] Level 1:colcon.colcon_core.package_identification:_identify(src/navigation2/nav2_simple_commander) by extension 'ignore'
[0.309s] Level 1:colcon.colcon_core.package_identification:_identify(src/navigation2/nav2_simple_commander) by extension 'ignore_ament_install'
[0.309s] Level 1:colcon.colcon_core.package_identification:_identify(src/navigation2/nav2_simple_commander) by extensions ['colcon_pkg']
[0.309s] Level 1:colcon.colcon_core.package_identification:_identify(src/navigation2/nav2_simple_commander) by extension 'colcon_pkg'
[0.309s] Level 1:colcon.colcon_core.package_identification:_identify(src/navigation2/nav2_simple_commander) by extensions ['colcon_meta']
[0.309s] Level 1:colcon.colcon_core.package_identification:_identify(src/navigation2/nav2_simple_commander) by extension 'colcon_meta'
[0.309s] Level 1:colcon.colcon_core.package_identification:_identify(src/navigation2/nav2_simple_commander) by extensions ['ros']
[0.309s] Level 1:colcon.colcon_core.package_identification:_identify(src/navigation2/nav2_simple_commander) by extension 'ros'
[0.309s] DEBUG:colcon.colcon_core.package_identification:Package 'src/navigation2/nav2_simple_commander' with type 'ros.ament_python' and name 'nav2_simple_commander'
[0.309s] Level 1:colcon.colcon_core.package_identification:_identify(src/navigation2/nav2_smac_planner) by extensions ['ignore', 'ignore_ament_install']
[0.309s] Level 1:colcon.colcon_core.package_identification:_identify(src/navigation2/nav2_smac_planner) by extension 'ignore'
[0.309s] Level 1:colcon.colcon_core.package_identification:_identify(src/navigation2/nav2_smac_planner) by extension 'ignore_ament_install'
[0.309s] Level 1:colcon.colcon_core.package_identification:_identify(src/navigation2/nav2_smac_planner) by extensions ['colcon_pkg']
[0.309s] Level 1:colcon.colcon_core.package_identification:_identify(src/navigation2/nav2_smac_planner) by extension 'colcon_pkg'
[0.309s] Level 1:colcon.colcon_core.package_identification:_identify(src/navigation2/nav2_smac_planner) by extensions ['colcon_meta']
[0.309s] Level 1:colcon.colcon_core.package_identification:_identify(src/navigation2/nav2_smac_planner) by extension 'colcon_meta'
[0.309s] Level 1:colcon.colcon_core.package_identification:_identify(src/navigation2/nav2_smac_planner) by extensions ['ros']
[0.309s] Level 1:colcon.colcon_core.package_identification:_identify(src/navigation2/nav2_smac_planner) by extension 'ros'
[0.310s] DEBUG:colcon.colcon_core.package_identification:Package 'src/navigation2/nav2_smac_planner' with type 'ros.ament_cmake' and name 'nav2_smac_planner'
[0.310s] Level 1:colcon.colcon_core.package_identification:_identify(src/navigation2/nav2_smoother) by extensions ['ignore', 'ignore_ament_install']
[0.310s] Level 1:colcon.colcon_core.package_identification:_identify(src/navigation2/nav2_smoother) by extension 'ignore'
[0.310s] Level 1:colcon.colcon_core.package_identification:_identify(src/navigation2/nav2_smoother) by extension 'ignore_ament_install'
[0.310s] Level 1:colcon.colcon_core.package_identification:_identify(src/navigation2/nav2_smoother) by extensions ['colcon_pkg']
[0.310s] Level 1:colcon.colcon_core.package_identification:_identify(src/navigation2/nav2_smoother) by extension 'colcon_pkg'
[0.310s] Level 1:colcon.colcon_core.package_identification:_identify(src/navigation2/nav2_smoother) by extensions ['colcon_meta']
[0.310s] Level 1:colcon.colcon_core.package_identification:_identify(src/navigation2/nav2_smoother) by extension 'colcon_meta'
[0.310s] Level 1:colcon.colcon_core.package_identification:_identify(src/navigation2/nav2_smoother) by extensions ['ros']
[0.310s] Level 1:colcon.colcon_core.package_identification:_identify(src/navigation2/nav2_smoother) by extension 'ros'
[0.311s] DEBUG:colcon.colcon_core.package_identification:Package 'src/navigation2/nav2_smoother' with type 'ros.ament_cmake' and name 'nav2_smoother'
[0.311s] Level 1:colcon.colcon_core.package_identification:_identify(src/navigation2/nav2_system_tests) by extensions ['ignore', 'ignore_ament_install']
[0.311s] Level 1:colcon.colcon_core.package_identification:_identify(src/navigation2/nav2_system_tests) by extension 'ignore'
[0.311s] Level 1:colcon.colcon_core.package_identification:_identify(src/navigation2/nav2_system_tests) by extension 'ignore_ament_install'
[0.311s] Level 1:colcon.colcon_core.package_identification:_identify(src/navigation2/nav2_system_tests) by extensions ['colcon_pkg']
[0.311s] Level 1:colcon.colcon_core.package_identification:_identify(src/navigation2/nav2_system_tests) by extension 'colcon_pkg'
[0.311s] Level 1:colcon.colcon_core.package_identification:_identify(src/navigation2/nav2_system_tests) by extensions ['colcon_meta']
[0.311s] Level 1:colcon.colcon_core.package_identification:_identify(src/navigation2/nav2_system_tests) by extension 'colcon_meta'
[0.311s] Level 1:colcon.colcon_core.package_identification:_identify(src/navigation2/nav2_system_tests) by extensions ['ros']
[0.311s] Level 1:colcon.colcon_core.package_identification:_identify(src/navigation2/nav2_system_tests) by extension 'ros'
[0.312s] DEBUG:colcon.colcon_core.package_identification:Package 'src/navigation2/nav2_system_tests' with type 'ros.ament_cmake' and name 'nav2_system_tests'
[0.312s] Level 1:colcon.colcon_core.package_identification:_identify(src/navigation2/nav2_theta_star_planner) by extensions ['ignore', 'ignore_ament_install']
[0.312s] Level 1:colcon.colcon_core.package_identification:_identify(src/navigation2/nav2_theta_star_planner) by extension 'ignore'
[0.312s] Level 1:colcon.colcon_core.package_identification:_identify(src/navigation2/nav2_theta_star_planner) by extension 'ignore_ament_install'
[0.312s] Level 1:colcon.colcon_core.package_identification:_identify(src/navigation2/nav2_theta_star_planner) by extensions ['colcon_pkg']
[0.312s] Level 1:colcon.colcon_core.package_identification:_identify(src/navigation2/nav2_theta_star_planner) by extension 'colcon_pkg'
[0.312s] Level 1:colcon.colcon_core.package_identification:_identify(src/navigation2/nav2_theta_star_planner) by extensions ['colcon_meta']
[0.312s] Level 1:colcon.colcon_core.package_identification:_identify(src/navigation2/nav2_theta_star_planner) by extension 'colcon_meta'
[0.312s] Level 1:colcon.colcon_core.package_identification:_identify(src/navigation2/nav2_theta_star_planner) by extensions ['ros']
[0.312s] Level 1:colcon.colcon_core.package_identification:_identify(src/navigation2/nav2_theta_star_planner) by extension 'ros'
[0.313s] DEBUG:colcon.colcon_core.package_identification:Package 'src/navigation2/nav2_theta_star_planner' with type 'ros.ament_cmake' and name 'nav2_theta_star_planner'
[0.313s] Level 1:colcon.colcon_core.package_identification:_identify(src/navigation2/nav2_util) by extensions ['ignore', 'ignore_ament_install']
[0.313s] Level 1:colcon.colcon_core.package_identification:_identify(src/navigation2/nav2_util) by extension 'ignore'
[0.313s] Level 1:colcon.colcon_core.package_identification:_identify(src/navigation2/nav2_util) by extension 'ignore_ament_install'
[0.313s] Level 1:colcon.colcon_core.package_identification:_identify(src/navigation2/nav2_util) by extensions ['colcon_pkg']
[0.313s] Level 1:colcon.colcon_core.package_identification:_identify(src/navigation2/nav2_util) by extension 'colcon_pkg'
[0.313s] Level 1:colcon.colcon_core.package_identification:_identify(src/navigation2/nav2_util) by extensions ['colcon_meta']
[0.313s] Level 1:colcon.colcon_core.package_identification:_identify(src/navigation2/nav2_util) by extension 'colcon_meta'
[0.313s] Level 1:colcon.colcon_core.package_identification:_identify(src/navigation2/nav2_util) by extensions ['ros']
[0.313s] Level 1:colcon.colcon_core.package_identification:_identify(src/navigation2/nav2_util) by extension 'ros'
[0.314s] DEBUG:colcon.colcon_core.package_identification:Package 'src/navigation2/nav2_util' with type 'ros.ament_cmake' and name 'nav2_util'
[0.314s] Level 1:colcon.colcon_core.package_identification:_identify(src/navigation2/nav2_voxel_grid) by extensions ['ignore', 'ignore_ament_install']
[0.314s] Level 1:colcon.colcon_core.package_identification:_identify(src/navigation2/nav2_voxel_grid) by extension 'ignore'
[0.314s] Level 1:colcon.colcon_core.package_identification:_identify(src/navigation2/nav2_voxel_grid) by extension 'ignore_ament_install'
[0.314s] Level 1:colcon.colcon_core.package_identification:_identify(src/navigation2/nav2_voxel_grid) by extensions ['colcon_pkg']
[0.314s] Level 1:colcon.colcon_core.package_identification:_identify(src/navigation2/nav2_voxel_grid) by extension 'colcon_pkg'
[0.314s] Level 1:colcon.colcon_core.package_identification:_identify(src/navigation2/nav2_voxel_grid) by extensions ['colcon_meta']
[0.314s] Level 1:colcon.colcon_core.package_identification:_identify(src/navigation2/nav2_voxel_grid) by extension 'colcon_meta'
[0.314s] Level 1:colcon.colcon_core.package_identification:_identify(src/navigation2/nav2_voxel_grid) by extensions ['ros']
[0.314s] Level 1:colcon.colcon_core.package_identification:_identify(src/navigation2/nav2_voxel_grid) by extension 'ros'
[0.314s] DEBUG:colcon.colcon_core.package_identification:Package 'src/navigation2/nav2_voxel_grid' with type 'ros.ament_cmake' and name 'nav2_voxel_grid'
[0.314s] Level 1:colcon.colcon_core.package_identification:_identify(src/navigation2/nav2_waypoint_follower) by extensions ['ignore', 'ignore_ament_install']
[0.314s] Level 1:colcon.colcon_core.package_identification:_identify(src/navigation2/nav2_waypoint_follower) by extension 'ignore'
[0.314s] Level 1:colcon.colcon_core.package_identification:_identify(src/navigation2/nav2_waypoint_follower) by extension 'ignore_ament_install'
[0.314s] Level 1:colcon.colcon_core.package_identification:_identify(src/navigation2/nav2_waypoint_follower) by extensions ['colcon_pkg']
[0.314s] Level 1:colcon.colcon_core.package_identification:_identify(src/navigation2/nav2_waypoint_follower) by extension 'colcon_pkg'
[0.314s] Level 1:colcon.colcon_core.package_identification:_identify(src/navigation2/nav2_waypoint_follower) by extensions ['colcon_meta']
[0.314s] Level 1:colcon.colcon_core.package_identification:_identify(src/navigation2/nav2_waypoint_follower) by extension 'colcon_meta'
[0.314s] Level 1:colcon.colcon_core.package_identification:_identify(src/navigation2/nav2_waypoint_follower) by extensions ['ros']
[0.314s] Level 1:colcon.colcon_core.package_identification:_identify(src/navigation2/nav2_waypoint_follower) by extension 'ros'
[0.315s] DEBUG:colcon.colcon_core.package_identification:Package 'src/navigation2/nav2_waypoint_follower' with type 'ros.ament_cmake' and name 'nav2_waypoint_follower'
[0.315s] Level 1:colcon.colcon_core.package_identification:_identify(src/navigation2/navigation2) by extensions ['ignore', 'ignore_ament_install']
[0.315s] Level 1:colcon.colcon_core.package_identification:_identify(src/navigation2/navigation2) by extension 'ignore'
[0.315s] Level 1:colcon.colcon_core.package_identification:_identify(src/navigation2/navigation2) by extension 'ignore_ament_install'
[0.315s] Level 1:colcon.colcon_core.package_identification:_identify(src/navigation2/navigation2) by extensions ['colcon_pkg']
[0.315s] Level 1:colcon.colcon_core.package_identification:_identify(src/navigation2/navigation2) by extension 'colcon_pkg'
[0.315s] Level 1:colcon.colcon_core.package_identification:_identify(src/navigation2/navigation2) by extensions ['colcon_meta']
[0.315s] Level 1:colcon.colcon_core.package_identification:_identify(src/navigation2/navigation2) by extension 'colcon_meta'
[0.315s] Level 1:colcon.colcon_core.package_identification:_identify(src/navigation2/navigation2) by extensions ['ros']
[0.315s] Level 1:colcon.colcon_core.package_identification:_identify(src/navigation2/navigation2) by extension 'ros'
[0.316s] DEBUG:colcon.colcon_core.package_identification:Package 'src/navigation2/navigation2' with type 'ros.ament_cmake' and name 'navigation2'
[0.316s] Level 1:colcon.colcon_core.package_identification:_identify(src/navigation2/tools) by extensions ['ignore', 'ignore_ament_install']
[0.316s] Level 1:colcon.colcon_core.package_identification:_identify(src/navigation2/tools) by extension 'ignore'
[0.316s] Level 1:colcon.colcon_core.package_identification:_identify(src/navigation2/tools) by extension 'ignore_ament_install'
[0.316s] Level 1:colcon.colcon_core.package_identification:_identify(src/navigation2/tools) by extensions ['colcon_pkg']
[0.316s] Level 1:colcon.colcon_core.package_identification:_identify(src/navigation2/tools) by extension 'colcon_pkg'
[0.316s] Level 1:colcon.colcon_core.package_identification:_identify(src/navigation2/tools) by extensions ['colcon_meta']
[0.316s] Level 1:colcon.colcon_core.package_identification:_identify(src/navigation2/tools) by extension 'colcon_meta'
[0.316s] Level 1:colcon.colcon_core.package_identification:_identify(src/navigation2/tools) by extensions ['ros']
[0.316s] Level 1:colcon.colcon_core.package_identification:_identify(src/navigation2/tools) by extension 'ros'
[0.316s] Level 1:colcon.colcon_core.package_identification:_identify(src/navigation2/tools) by extensions ['cmake', 'python']
[0.316s] Level 1:colcon.colcon_core.package_identification:_identify(src/navigation2/tools) by extension 'cmake'
[0.316s] Level 1:colcon.colcon_core.package_identification:_identify(src/navigation2/tools) by extension 'python'
[0.316s] Level 1:colcon.colcon_core.package_identification:_identify(src/navigation2/tools) by extensions ['python_setup_py']
[0.316s] Level 1:colcon.colcon_core.package_identification:_identify(src/navigation2/tools) by extension 'python_setup_py'
[0.316s] Level 1:colcon.colcon_core.package_identification:_identify(src/navigation2/tools/planner_benchmarking) by extensions ['ignore', 'ignore_ament_install']
[0.316s] Level 1:colcon.colcon_core.package_identification:_identify(src/navigation2/tools/planner_benchmarking) by extension 'ignore'
[0.316s] Level 1:colcon.colcon_core.package_identification:_identify(src/navigation2/tools/planner_benchmarking) by extension 'ignore_ament_install'
[0.316s] Level 1:colcon.colcon_core.package_identification:_identify(src/navigation2/tools/planner_benchmarking) by extensions ['colcon_pkg']
[0.316s] Level 1:colcon.colcon_core.package_identification:_identify(src/navigation2/tools/planner_benchmarking) by extension 'colcon_pkg'
[0.316s] Level 1:colcon.colcon_core.package_identification:_identify(src/navigation2/tools/planner_benchmarking) by extensions ['colcon_meta']
[0.316s] Level 1:colcon.colcon_core.package_identification:_identify(src/navigation2/tools/planner_benchmarking) by extension 'colcon_meta'
[0.316s] Level 1:colcon.colcon_core.package_identification:_identify(src/navigation2/tools/planner_benchmarking) by extensions ['ros']
[0.316s] Level 1:colcon.colcon_core.package_identification:_identify(src/navigation2/tools/planner_benchmarking) by extension 'ros'
[0.316s] Level 1:colcon.colcon_core.package_identification:_identify(src/navigation2/tools/planner_benchmarking) by extensions ['cmake', 'python']
[0.316s] Level 1:colcon.colcon_core.package_identification:_identify(src/navigation2/tools/planner_benchmarking) by extension 'cmake'
[0.316s] Level 1:colcon.colcon_core.package_identification:_identify(src/navigation2/tools/planner_benchmarking) by extension 'python'
[0.316s] Level 1:colcon.colcon_core.package_identification:_identify(src/navigation2/tools/planner_benchmarking) by extensions ['python_setup_py']
[0.316s] Level 1:colcon.colcon_core.package_identification:_identify(src/navigation2/tools/planner_benchmarking) by extension 'python_setup_py'
[0.316s] Level 1:colcon.colcon_core.package_identification:_identify(src/rf2o_laser_odometry) by extensions ['ignore', 'ignore_ament_install']
[0.316s] Level 1:colcon.colcon_core.package_identification:_identify(src/rf2o_laser_odometry) by extension 'ignore'
[0.316s] Level 1:colcon.colcon_core.package_identification:_identify(src/rf2o_laser_odometry) by extension 'ignore_ament_install'
[0.317s] Level 1:colcon.colcon_core.package_identification:_identify(src/rf2o_laser_odometry) by extensions ['colcon_pkg']
[0.317s] Level 1:colcon.colcon_core.package_identification:_identify(src/rf2o_laser_odometry) by extension 'colcon_pkg'
[0.317s] Level 1:colcon.colcon_core.package_identification:_identify(src/rf2o_laser_odometry) by extensions ['colcon_meta']
[0.317s] Level 1:colcon.colcon_core.package_identification:_identify(src/rf2o_laser_odometry) by extension 'colcon_meta'
[0.317s] Level 1:colcon.colcon_core.package_identification:_identify(src/rf2o_laser_odometry) by extensions ['ros']
[0.317s] Level 1:colcon.colcon_core.package_identification:_identify(src/rf2o_laser_odometry) by extension 'ros'
[0.317s] DEBUG:colcon.colcon_core.package_identification:Package 'src/rf2o_laser_odometry' with type 'ros.ament_cmake' and name 'rf2o_laser_odometry'
[0.317s] Level 1:colcon.colcon_core.package_identification:_identify(src/teb_local_planner) by extensions ['ignore', 'ignore_ament_install']
[0.317s] Level 1:colcon.colcon_core.package_identification:_identify(src/teb_local_planner) by extension 'ignore'
[0.317s] Level 1:colcon.colcon_core.package_identification:_identify(src/teb_local_planner) by extension 'ignore_ament_install'
[0.317s] Level 1:colcon.colcon_core.package_identification:_identify(src/teb_local_planner) by extensions ['colcon_pkg']
[0.317s] Level 1:colcon.colcon_core.package_identification:_identify(src/teb_local_planner) by extension 'colcon_pkg'
[0.317s] Level 1:colcon.colcon_core.package_identification:_identify(src/teb_local_planner) by extensions ['colcon_meta']
[0.317s] Level 1:colcon.colcon_core.package_identification:_identify(src/teb_local_planner) by extension 'colcon_meta'
[0.317s] Level 1:colcon.colcon_core.package_identification:_identify(src/teb_local_planner) by extensions ['ros']
[0.317s] Level 1:colcon.colcon_core.package_identification:_identify(src/teb_local_planner) by extension 'ros'
[0.317s] Level 1:colcon.colcon_core.package_identification:_identify(src/teb_local_planner) by extensions ['cmake', 'python']
[0.317s] Level 1:colcon.colcon_core.package_identification:_identify(src/teb_local_planner) by extension 'cmake'
[0.317s] Level 1:colcon.colcon_core.package_identification:_identify(src/teb_local_planner) by extension 'python'
[0.317s] Level 1:colcon.colcon_core.package_identification:_identify(src/teb_local_planner) by extensions ['python_setup_py']
[0.317s] Level 1:colcon.colcon_core.package_identification:_identify(src/teb_local_planner) by extension 'python_setup_py'
[0.317s] Level 1:colcon.colcon_core.package_identification:_identify(src/teb_local_planner/teb_local_planner) by extensions ['ignore', 'ignore_ament_install']
[0.317s] Level 1:colcon.colcon_core.package_identification:_identify(src/teb_local_planner/teb_local_planner) by extension 'ignore'
[0.317s] Level 1:colcon.colcon_core.package_identification:_identify(src/teb_local_planner/teb_local_planner) by extension 'ignore_ament_install'
[0.317s] Level 1:colcon.colcon_core.package_identification:_identify(src/teb_local_planner/teb_local_planner) by extensions ['colcon_pkg']
[0.317s] Level 1:colcon.colcon_core.package_identification:_identify(src/teb_local_planner/teb_local_planner) by extension 'colcon_pkg'
[0.317s] Level 1:colcon.colcon_core.package_identification:_identify(src/teb_local_planner/teb_local_planner) by extensions ['colcon_meta']
[0.318s] Level 1:colcon.colcon_core.package_identification:_identify(src/teb_local_planner/teb_local_planner) by extension 'colcon_meta'
[0.318s] Level 1:colcon.colcon_core.package_identification:_identify(src/teb_local_planner/teb_local_planner) by extensions ['ros']
[0.318s] Level 1:colcon.colcon_core.package_identification:_identify(src/teb_local_planner/teb_local_planner) by extension 'ros'
[0.318s] DEBUG:colcon.colcon_core.package_identification:Package 'src/teb_local_planner/teb_local_planner' with type 'ros.ament_cmake' and name 'teb_local_planner'
[0.318s] Level 1:colcon.colcon_core.package_identification:_identify(src/teb_local_planner/teb_msgs) by extensions ['ignore', 'ignore_ament_install']
[0.319s] Level 1:colcon.colcon_core.package_identification:_identify(src/teb_local_planner/teb_msgs) by extension 'ignore'
[0.319s] Level 1:colcon.colcon_core.package_identification:_identify(src/teb_local_planner/teb_msgs) by extension 'ignore_ament_install'
[0.319s] Level 1:colcon.colcon_core.package_identification:_identify(src/teb_local_planner/teb_msgs) by extensions ['colcon_pkg']
[0.319s] Level 1:colcon.colcon_core.package_identification:_identify(src/teb_local_planner/teb_msgs) by extension 'colcon_pkg'
[0.319s] Level 1:colcon.colcon_core.package_identification:_identify(src/teb_local_planner/teb_msgs) by extensions ['colcon_meta']
[0.319s] Level 1:colcon.colcon_core.package_identification:_identify(src/teb_local_planner/teb_msgs) by extension 'colcon_meta'
[0.319s] Level 1:colcon.colcon_core.package_identification:_identify(src/teb_local_planner/teb_msgs) by extensions ['ros']
[0.319s] Level 1:colcon.colcon_core.package_identification:_identify(src/teb_local_planner/teb_msgs) by extension 'ros'
[0.319s] DEBUG:colcon.colcon_core.package_identification:Package 'src/teb_local_planner/teb_msgs' with type 'ros.ament_cmake' and name 'teb_msgs'
[0.319s] Level 1:colcon.colcon_core.package_identification:_identify(src/ydlidar_ros2_driver) by extensions ['ignore', 'ignore_ament_install']
[0.319s] Level 1:colcon.colcon_core.package_identification:_identify(src/ydlidar_ros2_driver) by extension 'ignore'
[0.319s] Level 1:colcon.colcon_core.package_identification:_identify(src/ydlidar_ros2_driver) by extension 'ignore_ament_install'
[0.319s] Level 1:colcon.colcon_core.package_identification:_identify(src/ydlidar_ros2_driver) by extensions ['colcon_pkg']
[0.319s] Level 1:colcon.colcon_core.package_identification:_identify(src/ydlidar_ros2_driver) by extension 'colcon_pkg'
[0.319s] Level 1:colcon.colcon_core.package_identification:_identify(src/ydlidar_ros2_driver) by extensions ['colcon_meta']
[0.319s] Level 1:colcon.colcon_core.package_identification:_identify(src/ydlidar_ros2_driver) by extension 'colcon_meta'
[0.319s] Level 1:colcon.colcon_core.package_identification:_identify(src/ydlidar_ros2_driver) by extensions ['ros']
[0.319s] Level 1:colcon.colcon_core.package_identification:_identify(src/ydlidar_ros2_driver) by extension 'ros'
[0.319s] DEBUG:colcon.colcon_core.package_identification:Package 'src/ydlidar_ros2_driver' with type 'ros.ament_cmake' and name 'ydlidar_ros2_driver'
[0.320s] Level 1:colcon.colcon_core.package_identification:_identify(src/yolov5_ros2) by extensions ['ignore', 'ignore_ament_install']
[0.320s] Level 1:colcon.colcon_core.package_identification:_identify(src/yolov5_ros2) by extension 'ignore'
[0.320s] Level 1:colcon.colcon_core.package_identification:_identify(src/yolov5_ros2) by extension 'ignore_ament_install'
[0.320s] Level 1:colcon.colcon_core.package_identification:_identify(src/yolov5_ros2) by extensions ['colcon_pkg']
[0.320s] Level 1:colcon.colcon_core.package_identification:_identify(src/yolov5_ros2) by extension 'colcon_pkg'
[0.320s] Level 1:colcon.colcon_core.package_identification:_identify(src/yolov5_ros2) by extensions ['colcon_meta']
[0.320s] Level 1:colcon.colcon_core.package_identification:_identify(src/yolov5_ros2) by extension 'colcon_meta'
[0.320s] Level 1:colcon.colcon_core.package_identification:_identify(src/yolov5_ros2) by extensions ['ros']
[0.320s] Level 1:colcon.colcon_core.package_identification:_identify(src/yolov5_ros2) by extension 'ros'
[0.320s] DEBUG:colcon.colcon_core.package_identification:Package 'src/yolov5_ros2' with type 'ros.ament_python' and name 'yolov5_ros2'
[0.320s] Level 1:colcon.colcon_core.package_discovery:discover_packages(recursive) using defaults
[0.320s] Level 1:colcon.colcon_core.package_discovery:discover_packages(ignore) discover
[0.320s] Level 1:colcon.colcon_core.package_discovery:discover_packages(ignore) using defaults
[0.320s] Level 1:colcon.colcon_core.package_discovery:discover_packages(path) discover
[0.320s] Level 1:colcon.colcon_core.package_discovery:discover_packages(path) using defaults
[0.359s] Level 1:colcon.colcon_core.package_discovery:discover_packages(prefix_path) check parameters
[0.359s] Level 1:colcon.colcon_core.package_discovery:discover_packages(prefix_path) discover
[0.362s] Level 1:colcon.colcon_core.package_discovery:discover_packages(prefix_path) using defaults
[0.368s] Level 5:colcon.colcon_core.verb:set package 'aruco' build argument 'cmake_args' from command line to 'None'
[0.368s] Level 5:colcon.colcon_core.verb:set package 'aruco' build argument 'cmake_target' from command line to 'None'
[0.368s] Level 5:colcon.colcon_core.verb:set package 'aruco' build argument 'cmake_target_skip_unavailable' from command line to 'False'
[0.368s] Level 5:colcon.colcon_core.verb:set package 'aruco' build argument 'cmake_clean_cache' from command line to 'False'
[0.368s] Level 5:colcon.colcon_core.verb:set package 'aruco' build argument 'cmake_clean_first' from command line to 'False'
[0.368s] Level 5:colcon.colcon_core.verb:set package 'aruco' build argument 'cmake_force_configure' from command line to 'False'
[0.368s] Level 5:colcon.colcon_core.verb:set package 'aruco' build argument 'ament_cmake_args' from command line to 'None'
[0.368s] Level 5:colcon.colcon_core.verb:set package 'aruco' build argument 'catkin_cmake_args' from command line to 'None'
[0.368s] Level 5:colcon.colcon_core.verb:set package 'aruco' build argument 'catkin_skip_building_tests' from command line to 'False'
[0.368s] DEBUG:colcon.colcon_core.verb:Building package 'aruco' with the following arguments: {'ament_cmake_args': None, 'build_base': '/home/agilex/agilex_ws/build/aruco', 'catkin_cmake_args': None, 'catkin_skip_building_tests': False, 'cmake_args': None, 'cmake_clean_cache': False, 'cmake_clean_first': False, 'cmake_force_configure': False, 'cmake_target': None, 'cmake_target_skip_unavailable': False, 'install_base': '/home/agilex/agilex_ws/install/aruco', 'merge_install': False, 'path': '/home/agilex/agilex_ws/src/aruco_ros/aruco', 'symlink_install': False, 'test_result_base': None}
[0.371s] Level 5:colcon.colcon_core.verb:set package 'aruco_msgs' build argument 'cmake_args' from command line to 'None'
[0.371s] Level 5:colcon.colcon_core.verb:set package 'aruco_msgs' build argument 'cmake_target' from command line to 'None'
[0.371s] Level 5:colcon.colcon_core.verb:set package 'aruco_msgs' build argument 'cmake_target_skip_unavailable' from command line to 'False'
[0.371s] Level 5:colcon.colcon_core.verb:set package 'aruco_msgs' build argument 'cmake_clean_cache' from command line to 'False'
[0.371s] Level 5:colcon.colcon_core.verb:set package 'aruco_msgs' build argument 'cmake_clean_first' from command line to 'False'
[0.371s] Level 5:colcon.colcon_core.verb:set package 'aruco_msgs' build argument 'cmake_force_configure' from command line to 'False'
[0.371s] Level 5:colcon.colcon_core.verb:set package 'aruco_msgs' build argument 'ament_cmake_args' from command line to 'None'
[0.371s] Level 5:colcon.colcon_core.verb:set package 'aruco_msgs' build argument 'catkin_cmake_args' from command line to 'None'
[0.371s] Level 5:colcon.colcon_core.verb:set package 'aruco_msgs' build argument 'catkin_skip_building_tests' from command line to 'False'
[0.371s] DEBUG:colcon.colcon_core.verb:Building package 'aruco_msgs' with the following arguments: {'ament_cmake_args': None, 'build_base': '/home/agilex/agilex_ws/build/aruco_msgs', 'catkin_cmake_args': None, 'catkin_skip_building_tests': False, 'cmake_args': None, 'cmake_clean_cache': False, 'cmake_clean_first': False, 'cmake_force_configure': False, 'cmake_target': None, 'cmake_target_skip_unavailable': False, 'install_base': '/home/agilex/agilex_ws/install/aruco_msgs', 'merge_install': False, 'path': '/home/agilex/agilex_ws/src/aruco_ros/aruco_msgs', 'symlink_install': False, 'test_result_base': None}
[0.374s] Level 5:colcon.colcon_core.verb:set package 'costmap_converter_msgs' build argument 'cmake_args' from command line to 'None'
[0.374s] Level 5:colcon.colcon_core.verb:set package 'costmap_converter_msgs' build argument 'cmake_target' from command line to 'None'
[0.374s] Level 5:colcon.colcon_core.verb:set package 'costmap_converter_msgs' build argument 'cmake_target_skip_unavailable' from command line to 'False'
[0.374s] Level 5:colcon.colcon_core.verb:set package 'costmap_converter_msgs' build argument 'cmake_clean_cache' from command line to 'False'
[0.374s] Level 5:colcon.colcon_core.verb:set package 'costmap_converter_msgs' build argument 'cmake_clean_first' from command line to 'False'
[0.374s] Level 5:colcon.colcon_core.verb:set package 'costmap_converter_msgs' build argument 'cmake_force_configure' from command line to 'False'
[0.374s] Level 5:colcon.colcon_core.verb:set package 'costmap_converter_msgs' build argument 'ament_cmake_args' from command line to 'None'
[0.374s] Level 5:colcon.colcon_core.verb:set package 'costmap_converter_msgs' build argument 'catkin_cmake_args' from command line to 'None'
[0.374s] Level 5:colcon.colcon_core.verb:set package 'costmap_converter_msgs' build argument 'catkin_skip_building_tests' from command line to 'False'
[0.374s] DEBUG:colcon.colcon_core.verb:Building package 'costmap_converter_msgs' with the following arguments: {'ament_cmake_args': None, 'build_base': '/home/agilex/agilex_ws/build/costmap_converter_msgs', 'catkin_cmake_args': None, 'catkin_skip_building_tests': False, 'cmake_args': None, 'cmake_clean_cache': False, 'cmake_clean_first': False, 'cmake_force_configure': False, 'cmake_target': None, 'cmake_target_skip_unavailable': False, 'install_base': '/home/agilex/agilex_ws/install/costmap_converter_msgs', 'merge_install': False, 'path': '/home/agilex/agilex_ws/src/costmap_converter/costmap_converter_msgs', 'symlink_install': False, 'test_result_base': None}
[0.377s] Level 5:colcon.colcon_core.verb:set package 'csm' build argument 'cmake_args' from command line to 'None'
[0.377s] Level 5:colcon.colcon_core.verb:set package 'csm' build argument 'cmake_target' from command line to 'None'
[0.377s] Level 5:colcon.colcon_core.verb:set package 'csm' build argument 'cmake_target_skip_unavailable' from command line to 'False'
[0.377s] Level 5:colcon.colcon_core.verb:set package 'csm' build argument 'cmake_clean_cache' from command line to 'False'
[0.377s] Level 5:colcon.colcon_core.verb:set package 'csm' build argument 'cmake_clean_first' from command line to 'False'
[0.377s] Level 5:colcon.colcon_core.verb:set package 'csm' build argument 'cmake_force_configure' from command line to 'False'
[0.377s] Level 5:colcon.colcon_core.verb:set package 'csm' build argument 'ament_cmake_args' from command line to 'None'
[0.377s] Level 5:colcon.colcon_core.verb:set package 'csm' build argument 'catkin_cmake_args' from command line to 'None'
[0.377s] Level 5:colcon.colcon_core.verb:set package 'csm' build argument 'catkin_skip_building_tests' from command line to 'False'
[0.377s] DEBUG:colcon.colcon_core.verb:Building package 'csm' with the following arguments: {'ament_cmake_args': None, 'build_base': '/home/agilex/agilex_ws/build/csm', 'catkin_cmake_args': None, 'catkin_skip_building_tests': False, 'cmake_args': None, 'cmake_clean_cache': False, 'cmake_clean_first': False, 'cmake_force_configure': False, 'cmake_target': None, 'cmake_target_skip_unavailable': False, 'install_base': '/home/agilex/agilex_ws/install/csm', 'merge_install': False, 'path': '/home/agilex/agilex_ws/src/csm', 'symlink_install': False, 'test_result_base': None}
[0.380s] Level 5:colcon.colcon_core.verb:set package 'limo_car' build argument 'cmake_args' from command line to 'None'
[0.380s] Level 5:colcon.colcon_core.verb:set package 'limo_car' build argument 'cmake_target' from command line to 'None'
[0.380s] Level 5:colcon.colcon_core.verb:set package 'limo_car' build argument 'cmake_target_skip_unavailable' from command line to 'False'
[0.380s] Level 5:colcon.colcon_core.verb:set package 'limo_car' build argument 'cmake_clean_cache' from command line to 'False'
[0.380s] Level 5:colcon.colcon_core.verb:set package 'limo_car' build argument 'cmake_clean_first' from command line to 'False'
[0.380s] Level 5:colcon.colcon_core.verb:set package 'limo_car' build argument 'cmake_force_configure' from command line to 'False'
[0.380s] Level 5:colcon.colcon_core.verb:set package 'limo_car' build argument 'ament_cmake_args' from command line to 'None'
[0.380s] Level 5:colcon.colcon_core.verb:set package 'limo_car' build argument 'catkin_cmake_args' from command line to 'None'
[0.380s] Level 5:colcon.colcon_core.verb:set package 'limo_car' build argument 'catkin_skip_building_tests' from command line to 'False'
[0.380s] DEBUG:colcon.colcon_core.verb:Building package 'limo_car' with the following arguments: {'ament_cmake_args': None, 'build_base': '/home/agilex/agilex_ws/build/limo_car', 'catkin_cmake_args': None, 'catkin_skip_building_tests': False, 'cmake_args': None, 'cmake_clean_cache': False, 'cmake_clean_first': False, 'cmake_force_configure': False, 'cmake_target': None, 'cmake_target_skip_unavailable': False, 'install_base': '/home/agilex/agilex_ws/install/limo_car', 'merge_install': False, 'path': '/home/agilex/agilex_ws/src/limo_car', 'symlink_install': False, 'test_result_base': None}
[0.383s] Level 5:colcon.colcon_core.verb:set package 'limo_description' build argument 'cmake_args' from command line to 'None'
[0.383s] Level 5:colcon.colcon_core.verb:set package 'limo_description' build argument 'cmake_target' from command line to 'None'
[0.383s] Level 5:colcon.colcon_core.verb:set package 'limo_description' build argument 'cmake_target_skip_unavailable' from command line to 'False'
[0.383s] Level 5:colcon.colcon_core.verb:set package 'limo_description' build argument 'cmake_clean_cache' from command line to 'False'
[0.383s] Level 5:colcon.colcon_core.verb:set package 'limo_description' build argument 'cmake_clean_first' from command line to 'False'
[0.383s] Level 5:colcon.colcon_core.verb:set package 'limo_description' build argument 'cmake_force_configure' from command line to 'False'
[0.383s] Level 5:colcon.colcon_core.verb:set package 'limo_description' build argument 'ament_cmake_args' from command line to 'None'
[0.383s] Level 5:colcon.colcon_core.verb:set package 'limo_description' build argument 'catkin_cmake_args' from command line to 'None'
[0.383s] Level 5:colcon.colcon_core.verb:set package 'limo_description' build argument 'catkin_skip_building_tests' from command line to 'False'
[0.383s] DEBUG:colcon.colcon_core.verb:Building package 'limo_description' with the following arguments: {'ament_cmake_args': None, 'build_base': '/home/agilex/agilex_ws/build/limo_description', 'catkin_cmake_args': None, 'catkin_skip_building_tests': False, 'cmake_args': None, 'cmake_clean_cache': False, 'cmake_clean_first': False, 'cmake_force_configure': False, 'cmake_target': None, 'cmake_target_skip_unavailable': False, 'install_base': '/home/agilex/agilex_ws/install/limo_description', 'merge_install': False, 'path': '/home/agilex/agilex_ws/src/limo_ros2/limo_description', 'symlink_install': False, 'test_result_base': None}
[0.386s] Level 5:colcon.colcon_core.verb:set package 'limo_msgs' build argument 'cmake_args' from command line to 'None'
[0.386s] Level 5:colcon.colcon_core.verb:set package 'limo_msgs' build argument 'cmake_target' from command line to 'None'
[0.386s] Level 5:colcon.colcon_core.verb:set package 'limo_msgs' build argument 'cmake_target_skip_unavailable' from command line to 'False'
[0.386s] Level 5:colcon.colcon_core.verb:set package 'limo_msgs' build argument 'cmake_clean_cache' from command line to 'False'
[0.386s] Level 5:colcon.colcon_core.verb:set package 'limo_msgs' build argument 'cmake_clean_first' from command line to 'False'
[0.386s] Level 5:colcon.colcon_core.verb:set package 'limo_msgs' build argument 'cmake_force_configure' from command line to 'False'
[0.386s] Level 5:colcon.colcon_core.verb:set package 'limo_msgs' build argument 'ament_cmake_args' from command line to 'None'
[0.386s] Level 5:colcon.colcon_core.verb:set package 'limo_msgs' build argument 'catkin_cmake_args' from command line to 'None'
[0.386s] Level 5:colcon.colcon_core.verb:set package 'limo_msgs' build argument 'catkin_skip_building_tests' from command line to 'False'
[0.386s] DEBUG:colcon.colcon_core.verb:Building package 'limo_msgs' with the following arguments: {'ament_cmake_args': None, 'build_base': '/home/agilex/agilex_ws/build/limo_msgs', 'catkin_cmake_args': None, 'catkin_skip_building_tests': False, 'cmake_args': None, 'cmake_clean_cache': False, 'cmake_clean_first': False, 'cmake_force_configure': False, 'cmake_target': None, 'cmake_target_skip_unavailable': False, 'install_base': '/home/agilex/agilex_ws/install/limo_msgs', 'merge_install': False, 'path': '/home/agilex/agilex_ws/src/limo_ros2/limo_msgs', 'symlink_install': False, 'test_result_base': None}
[0.389s] Level 5:colcon.colcon_core.verb:set package 'limo_visions' build argument 'cmake_args' from command line to 'None'
[0.389s] Level 5:colcon.colcon_core.verb:set package 'limo_visions' build argument 'cmake_target' from command line to 'None'
[0.389s] Level 5:colcon.colcon_core.verb:set package 'limo_visions' build argument 'cmake_target_skip_unavailable' from command line to 'False'
[0.389s] Level 5:colcon.colcon_core.verb:set package 'limo_visions' build argument 'cmake_clean_cache' from command line to 'False'
[0.389s] Level 5:colcon.colcon_core.verb:set package 'limo_visions' build argument 'cmake_clean_first' from command line to 'False'
[0.390s] Level 5:colcon.colcon_core.verb:set package 'limo_visions' build argument 'cmake_force_configure' from command line to 'False'
[0.390s] Level 5:colcon.colcon_core.verb:set package 'limo_visions' build argument 'ament_cmake_args' from command line to 'None'
[0.390s] Level 5:colcon.colcon_core.verb:set package 'limo_visions' build argument 'catkin_cmake_args' from command line to 'None'
[0.390s] Level 5:colcon.colcon_core.verb:set package 'limo_visions' build argument 'catkin_skip_building_tests' from command line to 'False'
[0.390s] DEBUG:colcon.colcon_core.verb:Building package 'limo_visions' with the following arguments: {'ament_cmake_args': None, 'build_base': '/home/agilex/agilex_ws/build/limo_visions', 'catkin_cmake_args': None, 'catkin_skip_building_tests': False, 'cmake_args': None, 'cmake_clean_cache': False, 'cmake_clean_first': False, 'cmake_force_configure': False, 'cmake_target': None, 'cmake_target_skip_unavailable': False, 'install_base': '/home/agilex/agilex_ws/install/limo_visions', 'merge_install': False, 'path': '/home/agilex/agilex_ws/src/limo_visions', 'symlink_install': False, 'test_result_base': None}
[0.392s] Level 5:colcon.colcon_core.verb:set package 'nav2_common' build argument 'cmake_args' from command line to 'None'
[0.392s] Level 5:colcon.colcon_core.verb:set package 'nav2_common' build argument 'cmake_target' from command line to 'None'
[0.392s] Level 5:colcon.colcon_core.verb:set package 'nav2_common' build argument 'cmake_target_skip_unavailable' from command line to 'False'
[0.392s] Level 5:colcon.colcon_core.verb:set package 'nav2_common' build argument 'cmake_clean_cache' from command line to 'False'
[0.392s] Level 5:colcon.colcon_core.verb:set package 'nav2_common' build argument 'cmake_clean_first' from command line to 'False'
[0.392s] Level 5:colcon.colcon_core.verb:set package 'nav2_common' build argument 'cmake_force_configure' from command line to 'False'
[0.392s] Level 5:colcon.colcon_core.verb:set package 'nav2_common' build argument 'ament_cmake_args' from command line to 'None'
[0.392s] Level 5:colcon.colcon_core.verb:set package 'nav2_common' build argument 'catkin_cmake_args' from command line to 'None'
[0.393s] Level 5:colcon.colcon_core.verb:set package 'nav2_common' build argument 'catkin_skip_building_tests' from command line to 'False'
[0.393s] DEBUG:colcon.colcon_core.verb:Building package 'nav2_common' with the following arguments: {'ament_cmake_args': None, 'build_base': '/home/agilex/agilex_ws/build/nav2_common', 'catkin_cmake_args': None, 'catkin_skip_building_tests': False, 'cmake_args': None, 'cmake_clean_cache': False, 'cmake_clean_first': False, 'cmake_force_configure': False, 'cmake_target': None, 'cmake_target_skip_unavailable': False, 'install_base': '/home/agilex/agilex_ws/install/nav2_common', 'merge_install': False, 'path': '/home/agilex/agilex_ws/src/navigation2/nav2_common', 'symlink_install': False, 'test_result_base': None}
[0.395s] Level 5:colcon.colcon_core.verb:set package 'nav_2d_msgs' build argument 'cmake_args' from command line to 'None'
[0.395s] Level 5:colcon.colcon_core.verb:set package 'nav_2d_msgs' build argument 'cmake_target' from command line to 'None'
[0.395s] Level 5:colcon.colcon_core.verb:set package 'nav_2d_msgs' build argument 'cmake_target_skip_unavailable' from command line to 'False'
[0.395s] Level 5:colcon.colcon_core.verb:set package 'nav_2d_msgs' build argument 'cmake_clean_cache' from command line to 'False'
[0.395s] Level 5:colcon.colcon_core.verb:set package 'nav_2d_msgs' build argument 'cmake_clean_first' from command line to 'False'
[0.395s] Level 5:colcon.colcon_core.verb:set package 'nav_2d_msgs' build argument 'cmake_force_configure' from command line to 'False'
[0.395s] Level 5:colcon.colcon_core.verb:set package 'nav_2d_msgs' build argument 'ament_cmake_args' from command line to 'None'
[0.395s] Level 5:colcon.colcon_core.verb:set package 'nav_2d_msgs' build argument 'catkin_cmake_args' from command line to 'None'
[0.395s] Level 5:colcon.colcon_core.verb:set package 'nav_2d_msgs' build argument 'catkin_skip_building_tests' from command line to 'False'
[0.395s] DEBUG:colcon.colcon_core.verb:Building package 'nav_2d_msgs' with the following arguments: {'ament_cmake_args': None, 'build_base': '/home/agilex/agilex_ws/build/nav_2d_msgs', 'catkin_cmake_args': None, 'catkin_skip_building_tests': False, 'cmake_args': None, 'cmake_clean_cache': False, 'cmake_clean_first': False, 'cmake_force_configure': False, 'cmake_target': None, 'cmake_target_skip_unavailable': False, 'install_base': '/home/agilex/agilex_ws/install/nav_2d_msgs', 'merge_install': False, 'path': '/home/agilex/agilex_ws/src/navigation2/nav2_dwb_controller/nav_2d_msgs', 'symlink_install': False, 'test_result_base': None}
[0.398s] Level 5:colcon.colcon_core.verb:set package 'orbbec_camera_msgs' build argument 'cmake_args' from command line to 'None'
[0.398s] Level 5:colcon.colcon_core.verb:set package 'orbbec_camera_msgs' build argument 'cmake_target' from command line to 'None'
[0.398s] Level 5:colcon.colcon_core.verb:set package 'orbbec_camera_msgs' build argument 'cmake_target_skip_unavailable' from command line to 'False'
[0.398s] Level 5:colcon.colcon_core.verb:set package 'orbbec_camera_msgs' build argument 'cmake_clean_cache' from command line to 'False'
[0.398s] Level 5:colcon.colcon_core.verb:set package 'orbbec_camera_msgs' build argument 'cmake_clean_first' from command line to 'False'
[0.398s] Level 5:colcon.colcon_core.verb:set package 'orbbec_camera_msgs' build argument 'cmake_force_configure' from command line to 'False'
[0.398s] Level 5:colcon.colcon_core.verb:set package 'orbbec_camera_msgs' build argument 'ament_cmake_args' from command line to 'None'
[0.398s] Level 5:colcon.colcon_core.verb:set package 'orbbec_camera_msgs' build argument 'catkin_cmake_args' from command line to 'None'
[0.398s] Level 5:colcon.colcon_core.verb:set package 'orbbec_camera_msgs' build argument 'catkin_skip_building_tests' from command line to 'False'
[0.398s] DEBUG:colcon.colcon_core.verb:Building package 'orbbec_camera_msgs' with the following arguments: {'ament_cmake_args': None, 'build_base': '/home/agilex/agilex_ws/build/orbbec_camera_msgs', 'catkin_cmake_args': None, 'catkin_skip_building_tests': False, 'cmake_args': None, 'cmake_clean_cache': False, 'cmake_clean_first': False, 'cmake_force_configure': False, 'cmake_target': None, 'cmake_target_skip_unavailable': False, 'install_base': '/home/agilex/agilex_ws/install/orbbec_camera_msgs', 'merge_install': False, 'path': '/home/agilex/agilex_ws/src/OrbbecSDK_ROS2/orbbec_camera_msgs', 'symlink_install': False, 'test_result_base': None}
[0.401s] Level 5:colcon.colcon_core.verb:set package 'orbbec_description' build argument 'cmake_args' from command line to 'None'
[0.401s] Level 5:colcon.colcon_core.verb:set package 'orbbec_description' build argument 'cmake_target' from command line to 'None'
[0.401s] Level 5:colcon.colcon_core.verb:set package 'orbbec_description' build argument 'cmake_target_skip_unavailable' from command line to 'False'
[0.401s] Level 5:colcon.colcon_core.verb:set package 'orbbec_description' build argument 'cmake_clean_cache' from command line to 'False'
[0.401s] Level 5:colcon.colcon_core.verb:set package 'orbbec_description' build argument 'cmake_clean_first' from command line to 'False'
[0.401s] Level 5:colcon.colcon_core.verb:set package 'orbbec_description' build argument 'cmake_force_configure' from command line to 'False'
[0.401s] Level 5:colcon.colcon_core.verb:set package 'orbbec_description' build argument 'ament_cmake_args' from command line to 'None'
[0.401s] Level 5:colcon.colcon_core.verb:set package 'orbbec_description' build argument 'catkin_cmake_args' from command line to 'None'
[0.401s] Level 5:colcon.colcon_core.verb:set package 'orbbec_description' build argument 'catkin_skip_building_tests' from command line to 'False'
[0.401s] DEBUG:colcon.colcon_core.verb:Building package 'orbbec_description' with the following arguments: {'ament_cmake_args': None, 'build_base': '/home/agilex/agilex_ws/build/orbbec_description', 'catkin_cmake_args': None, 'catkin_skip_building_tests': False, 'cmake_args': None, 'cmake_clean_cache': False, 'cmake_clean_first': False, 'cmake_force_configure': False, 'cmake_target': None, 'cmake_target_skip_unavailable': False, 'install_base': '/home/agilex/agilex_ws/install/orbbec_description', 'merge_install': False, 'path': '/home/agilex/agilex_ws/src/OrbbecSDK_ROS2/orbbec_description', 'symlink_install': False, 'test_result_base': None}
[0.404s] Level 5:colcon.colcon_core.verb:set package 'rf2o_laser_odometry' build argument 'cmake_args' from command line to 'None'
[0.404s] Level 5:colcon.colcon_core.verb:set package 'rf2o_laser_odometry' build argument 'cmake_target' from command line to 'None'
[0.404s] Level 5:colcon.colcon_core.verb:set package 'rf2o_laser_odometry' build argument 'cmake_target_skip_unavailable' from command line to 'False'
[0.404s] Level 5:colcon.colcon_core.verb:set package 'rf2o_laser_odometry' build argument 'cmake_clean_cache' from command line to 'False'
[0.404s] Level 5:colcon.colcon_core.verb:set package 'rf2o_laser_odometry' build argument 'cmake_clean_first' from command line to 'False'
[0.404s] Level 5:colcon.colcon_core.verb:set package 'rf2o_laser_odometry' build argument 'cmake_force_configure' from command line to 'False'
[0.404s] Level 5:colcon.colcon_core.verb:set package 'rf2o_laser_odometry' build argument 'ament_cmake_args' from command line to 'None'
[0.404s] Level 5:colcon.colcon_core.verb:set package 'rf2o_laser_odometry' build argument 'catkin_cmake_args' from command line to 'None'
[0.404s] Level 5:colcon.colcon_core.verb:set package 'rf2o_laser_odometry' build argument 'catkin_skip_building_tests' from command line to 'False'
[0.404s] DEBUG:colcon.colcon_core.verb:Building package 'rf2o_laser_odometry' with the following arguments: {'ament_cmake_args': None, 'build_base': '/home/agilex/agilex_ws/build/rf2o_laser_odometry', 'catkin_cmake_args': None, 'catkin_skip_building_tests': False, 'cmake_args': None, 'cmake_clean_cache': False, 'cmake_clean_first': False, 'cmake_force_configure': False, 'cmake_target': None, 'cmake_target_skip_unavailable': False, 'install_base': '/home/agilex/agilex_ws/install/rf2o_laser_odometry', 'merge_install': False, 'path': '/home/agilex/agilex_ws/src/rf2o_laser_odometry', 'symlink_install': False, 'test_result_base': None}
[0.407s] Level 5:colcon.colcon_core.verb:set package 'ydlidar_ros2_driver' build argument 'cmake_args' from command line to 'None'
[0.407s] Level 5:colcon.colcon_core.verb:set package 'ydlidar_ros2_driver' build argument 'cmake_target' from command line to 'None'
[0.407s] Level 5:colcon.colcon_core.verb:set package 'ydlidar_ros2_driver' build argument 'cmake_target_skip_unavailable' from command line to 'False'
[0.407s] Level 5:colcon.colcon_core.verb:set package 'ydlidar_ros2_driver' build argument 'cmake_clean_cache' from command line to 'False'
[0.407s] Level 5:colcon.colcon_core.verb:set package 'ydlidar_ros2_driver' build argument 'cmake_clean_first' from command line to 'False'
[0.407s] Level 5:colcon.colcon_core.verb:set package 'ydlidar_ros2_driver' build argument 'cmake_force_configure' from command line to 'False'
[0.407s] Level 5:colcon.colcon_core.verb:set package 'ydlidar_ros2_driver' build argument 'ament_cmake_args' from command line to 'None'
[0.407s] Level 5:colcon.colcon_core.verb:set package 'ydlidar_ros2_driver' build argument 'catkin_cmake_args' from command line to 'None'
[0.407s] Level 5:colcon.colcon_core.verb:set package 'ydlidar_ros2_driver' build argument 'catkin_skip_building_tests' from command line to 'False'
[0.407s] DEBUG:colcon.colcon_core.verb:Building package 'ydlidar_ros2_driver' with the following arguments: {'ament_cmake_args': None, 'build_base': '/home/agilex/agilex_ws/build/ydlidar_ros2_driver', 'catkin_cmake_args': None, 'catkin_skip_building_tests': False, 'cmake_args': None, 'cmake_clean_cache': False, 'cmake_clean_first': False, 'cmake_force_configure': False, 'cmake_target': None, 'cmake_target_skip_unavailable': False, 'install_base': '/home/agilex/agilex_ws/install/ydlidar_ros2_driver', 'merge_install': False, 'path': '/home/agilex/agilex_ws/src/ydlidar_ros2_driver', 'symlink_install': False, 'test_result_base': None}
[0.410s] Level 5:colcon.colcon_core.verb:set package 'ydlidar_sdk' build argument 'cmake_args' from command line to 'None'
[0.410s] Level 5:colcon.colcon_core.verb:set package 'ydlidar_sdk' build argument 'cmake_target' from command line to 'None'
[0.410s] Level 5:colcon.colcon_core.verb:set package 'ydlidar_sdk' build argument 'cmake_target_skip_unavailable' from command line to 'False'
[0.410s] Level 5:colcon.colcon_core.verb:set package 'ydlidar_sdk' build argument 'cmake_clean_cache' from command line to 'False'
[0.410s] Level 5:colcon.colcon_core.verb:set package 'ydlidar_sdk' build argument 'cmake_clean_first' from command line to 'False'
[0.410s] Level 5:colcon.colcon_core.verb:set package 'ydlidar_sdk' build argument 'cmake_force_configure' from command line to 'False'
[0.410s] Level 5:colcon.colcon_core.verb:set package 'ydlidar_sdk' build argument 'ament_cmake_args' from command line to 'None'
[0.410s] Level 5:colcon.colcon_core.verb:set package 'ydlidar_sdk' build argument 'catkin_cmake_args' from command line to 'None'
[0.410s] Level 5:colcon.colcon_core.verb:set package 'ydlidar_sdk' build argument 'catkin_skip_building_tests' from command line to 'False'
[0.410s] DEBUG:colcon.colcon_core.verb:Building package 'ydlidar_sdk' with the following arguments: {'ament_cmake_args': None, 'build_base': '/home/agilex/agilex_ws/build/ydlidar_sdk', 'catkin_cmake_args': None, 'catkin_skip_building_tests': False, 'cmake_args': None, 'cmake_clean_cache': False, 'cmake_clean_first': False, 'cmake_force_configure': False, 'cmake_target': None, 'cmake_target_skip_unavailable': False, 'install_base': '/home/agilex/agilex_ws/install/ydlidar_sdk', 'merge_install': False, 'path': '/home/agilex/agilex_ws/src/YDLidar-SDK', 'symlink_install': False, 'test_result_base': None}
[0.413s] Level 5:colcon.colcon_core.verb:set package 'yolov5_ros2' build argument 'cmake_args' from command line to 'None'
[0.413s] Level 5:colcon.colcon_core.verb:set package 'yolov5_ros2' build argument 'cmake_target' from command line to 'None'
[0.413s] Level 5:colcon.colcon_core.verb:set package 'yolov5_ros2' build argument 'cmake_target_skip_unavailable' from command line to 'False'
[0.413s] Level 5:colcon.colcon_core.verb:set package 'yolov5_ros2' build argument 'cmake_clean_cache' from command line to 'False'
[0.413s] Level 5:colcon.colcon_core.verb:set package 'yolov5_ros2' build argument 'cmake_clean_first' from command line to 'False'
[0.413s] Level 5:colcon.colcon_core.verb:set package 'yolov5_ros2' build argument 'cmake_force_configure' from command line to 'False'
[0.413s] Level 5:colcon.colcon_core.verb:set package 'yolov5_ros2' build argument 'ament_cmake_args' from command line to 'None'
[0.413s] Level 5:colcon.colcon_core.verb:set package 'yolov5_ros2' build argument 'catkin_cmake_args' from command line to 'None'
[0.413s] Level 5:colcon.colcon_core.verb:set package 'yolov5_ros2' build argument 'catkin_skip_building_tests' from command line to 'False'
[0.413s] DEBUG:colcon.colcon_core.verb:Building package 'yolov5_ros2' with the following arguments: {'ament_cmake_args': None, 'build_base': '/home/agilex/agilex_ws/build/yolov5_ros2', 'catkin_cmake_args': None, 'catkin_skip_building_tests': False, 'cmake_args': None, 'cmake_clean_cache': False, 'cmake_clean_first': False, 'cmake_force_configure': False, 'cmake_target': None, 'cmake_target_skip_unavailable': False, 'install_base': '/home/agilex/agilex_ws/install/yolov5_ros2', 'merge_install': False, 'path': '/home/agilex/agilex_ws/src/yolov5_ros2', 'symlink_install': False, 'test_result_base': None}
[0.416s] Level 5:colcon.colcon_core.verb:set package 'aruco_ros' build argument 'cmake_args' from command line to 'None'
[0.416s] Level 5:colcon.colcon_core.verb:set package 'aruco_ros' build argument 'cmake_target' from command line to 'None'
[0.416s] Level 5:colcon.colcon_core.verb:set package 'aruco_ros' build argument 'cmake_target_skip_unavailable' from command line to 'False'
[0.416s] Level 5:colcon.colcon_core.verb:set package 'aruco_ros' build argument 'cmake_clean_cache' from command line to 'False'
[0.416s] Level 5:colcon.colcon_core.verb:set package 'aruco_ros' build argument 'cmake_clean_first' from command line to 'False'
[0.416s] Level 5:colcon.colcon_core.verb:set package 'aruco_ros' build argument 'cmake_force_configure' from command line to 'False'
[0.416s] Level 5:colcon.colcon_core.verb:set package 'aruco_ros' build argument 'ament_cmake_args' from command line to 'None'
[0.416s] Level 5:colcon.colcon_core.verb:set package 'aruco_ros' build argument 'catkin_cmake_args' from command line to 'None'
[0.416s] Level 5:colcon.colcon_core.verb:set package 'aruco_ros' build argument 'catkin_skip_building_tests' from command line to 'False'
[0.416s] DEBUG:colcon.colcon_core.verb:Building package 'aruco_ros' with the following arguments: {'ament_cmake_args': None, 'build_base': '/home/agilex/agilex_ws/build/aruco_ros', 'catkin_cmake_args': None, 'catkin_skip_building_tests': False, 'cmake_args': None, 'cmake_clean_cache': False, 'cmake_clean_first': False, 'cmake_force_configure': False, 'cmake_target': None, 'cmake_target_skip_unavailable': False, 'install_base': '/home/agilex/agilex_ws/install/aruco_ros', 'merge_install': False, 'path': '/home/agilex/agilex_ws/src/aruco_ros/aruco_ros', 'symlink_install': False, 'test_result_base': None}
[0.419s] Level 5:colcon.colcon_core.verb:set package 'dwb_msgs' build argument 'cmake_args' from command line to 'None'
[0.419s] Level 5:colcon.colcon_core.verb:set package 'dwb_msgs' build argument 'cmake_target' from command line to 'None'
[0.419s] Level 5:colcon.colcon_core.verb:set package 'dwb_msgs' build argument 'cmake_target_skip_unavailable' from command line to 'False'
[0.419s] Level 5:colcon.colcon_core.verb:set package 'dwb_msgs' build argument 'cmake_clean_cache' from command line to 'False'
[0.419s] Level 5:colcon.colcon_core.verb:set package 'dwb_msgs' build argument 'cmake_clean_first' from command line to 'False'
[0.419s] Level 5:colcon.colcon_core.verb:set package 'dwb_msgs' build argument 'cmake_force_configure' from command line to 'False'
[0.419s] Level 5:colcon.colcon_core.verb:set package 'dwb_msgs' build argument 'ament_cmake_args' from command line to 'None'
[0.419s] Level 5:colcon.colcon_core.verb:set package 'dwb_msgs' build argument 'catkin_cmake_args' from command line to 'None'
[0.419s] Level 5:colcon.colcon_core.verb:set package 'dwb_msgs' build argument 'catkin_skip_building_tests' from command line to 'False'
[0.419s] DEBUG:colcon.colcon_core.verb:Building package 'dwb_msgs' with the following arguments: {'ament_cmake_args': None, 'build_base': '/home/agilex/agilex_ws/build/dwb_msgs', 'catkin_cmake_args': None, 'catkin_skip_building_tests': False, 'cmake_args': None, 'cmake_clean_cache': False, 'cmake_clean_first': False, 'cmake_force_configure': False, 'cmake_target': None, 'cmake_target_skip_unavailable': False, 'install_base': '/home/agilex/agilex_ws/install/dwb_msgs', 'merge_install': False, 'path': '/home/agilex/agilex_ws/src/navigation2/nav2_dwb_controller/dwb_msgs', 'symlink_install': False, 'test_result_base': None}
[0.422s] Level 5:colcon.colcon_core.verb:set package 'limo_base' build argument 'cmake_args' from command line to 'None'
[0.422s] Level 5:colcon.colcon_core.verb:set package 'limo_base' build argument 'cmake_target' from command line to 'None'
[0.422s] Level 5:colcon.colcon_core.verb:set package 'limo_base' build argument 'cmake_target_skip_unavailable' from command line to 'False'
[0.422s] Level 5:colcon.colcon_core.verb:set package 'limo_base' build argument 'cmake_clean_cache' from command line to 'False'
[0.422s] Level 5:colcon.colcon_core.verb:set package 'limo_base' build argument 'cmake_clean_first' from command line to 'False'
[0.422s] Level 5:colcon.colcon_core.verb:set package 'limo_base' build argument 'cmake_force_configure' from command line to 'False'
[0.422s] Level 5:colcon.colcon_core.verb:set package 'limo_base' build argument 'ament_cmake_args' from command line to 'None'
[0.422s] Level 5:colcon.colcon_core.verb:set package 'limo_base' build argument 'catkin_cmake_args' from command line to 'None'
[0.422s] Level 5:colcon.colcon_core.verb:set package 'limo_base' build argument 'catkin_skip_building_tests' from command line to 'False'
[0.422s] DEBUG:colcon.colcon_core.verb:Building package 'limo_base' with the following arguments: {'ament_cmake_args': None, 'build_base': '/home/agilex/agilex_ws/build/limo_base', 'catkin_cmake_args': None, 'catkin_skip_building_tests': False, 'cmake_args': None, 'cmake_clean_cache': False, 'cmake_clean_first': False, 'cmake_force_configure': False, 'cmake_target': None, 'cmake_target_skip_unavailable': False, 'install_base': '/home/agilex/agilex_ws/install/limo_base', 'merge_install': False, 'path': '/home/agilex/agilex_ws/src/limo_ros2/limo_base', 'symlink_install': False, 'test_result_base': None}
[0.425s] Level 5:colcon.colcon_core.verb:set package 'nav2_msgs' build argument 'cmake_args' from command line to 'None'
[0.425s] Level 5:colcon.colcon_core.verb:set package 'nav2_msgs' build argument 'cmake_target' from command line to 'None'
[0.425s] Level 5:colcon.colcon_core.verb:set package 'nav2_msgs' build argument 'cmake_target_skip_unavailable' from command line to 'False'
[0.425s] Level 5:colcon.colcon_core.verb:set package 'nav2_msgs' build argument 'cmake_clean_cache' from command line to 'False'
[0.425s] Level 5:colcon.colcon_core.verb:set package 'nav2_msgs' build argument 'cmake_clean_first' from command line to 'False'
[0.425s] Level 5:colcon.colcon_core.verb:set package 'nav2_msgs' build argument 'cmake_force_configure' from command line to 'False'
[0.425s] Level 5:colcon.colcon_core.verb:set package 'nav2_msgs' build argument 'ament_cmake_args' from command line to 'None'
[0.425s] Level 5:colcon.colcon_core.verb:set package 'nav2_msgs' build argument 'catkin_cmake_args' from command line to 'None'
[0.425s] Level 5:colcon.colcon_core.verb:set package 'nav2_msgs' build argument 'catkin_skip_building_tests' from command line to 'False'
[0.425s] DEBUG:colcon.colcon_core.verb:Building package 'nav2_msgs' with the following arguments: {'ament_cmake_args': None, 'build_base': '/home/agilex/agilex_ws/build/nav2_msgs', 'catkin_cmake_args': None, 'catkin_skip_building_tests': False, 'cmake_args': None, 'cmake_clean_cache': False, 'cmake_clean_first': False, 'cmake_force_configure': False, 'cmake_target': None, 'cmake_target_skip_unavailable': False, 'install_base': '/home/agilex/agilex_ws/install/nav2_msgs', 'merge_install': False, 'path': '/home/agilex/agilex_ws/src/navigation2/nav2_msgs', 'symlink_install': False, 'test_result_base': None}
[0.428s] Level 5:colcon.colcon_core.verb:set package 'nav2_voxel_grid' build argument 'cmake_args' from command line to 'None'
[0.428s] Level 5:colcon.colcon_core.verb:set package 'nav2_voxel_grid' build argument 'cmake_target' from command line to 'None'
[0.428s] Level 5:colcon.colcon_core.verb:set package 'nav2_voxel_grid' build argument 'cmake_target_skip_unavailable' from command line to 'False'
[0.428s] Level 5:colcon.colcon_core.verb:set package 'nav2_voxel_grid' build argument 'cmake_clean_cache' from command line to 'False'
[0.428s] Level 5:colcon.colcon_core.verb:set package 'nav2_voxel_grid' build argument 'cmake_clean_first' from command line to 'False'
[0.428s] Level 5:colcon.colcon_core.verb:set package 'nav2_voxel_grid' build argument 'cmake_force_configure' from command line to 'False'
[0.428s] Level 5:colcon.colcon_core.verb:set package 'nav2_voxel_grid' build argument 'ament_cmake_args' from command line to 'None'
[0.428s] Level 5:colcon.colcon_core.verb:set package 'nav2_voxel_grid' build argument 'catkin_cmake_args' from command line to 'None'
[0.428s] Level 5:colcon.colcon_core.verb:set package 'nav2_voxel_grid' build argument 'catkin_skip_building_tests' from command line to 'False'
[0.428s] DEBUG:colcon.colcon_core.verb:Building package 'nav2_voxel_grid' with the following arguments: {'ament_cmake_args': None, 'build_base': '/home/agilex/agilex_ws/build/nav2_voxel_grid', 'catkin_cmake_args': None, 'catkin_skip_building_tests': False, 'cmake_args': None, 'cmake_clean_cache': False, 'cmake_clean_first': False, 'cmake_force_configure': False, 'cmake_target': None, 'cmake_target_skip_unavailable': False, 'install_base': '/home/agilex/agilex_ws/install/nav2_voxel_grid', 'merge_install': False, 'path': '/home/agilex/agilex_ws/src/navigation2/nav2_voxel_grid', 'symlink_install': False, 'test_result_base': None}
[0.431s] Level 5:colcon.colcon_core.verb:set package 'orbbec_camera' build argument 'cmake_args' from command line to 'None'
[0.431s] Level 5:colcon.colcon_core.verb:set package 'orbbec_camera' build argument 'cmake_target' from command line to 'None'
[0.431s] Level 5:colcon.colcon_core.verb:set package 'orbbec_camera' build argument 'cmake_target_skip_unavailable' from command line to 'False'
[0.431s] Level 5:colcon.colcon_core.verb:set package 'orbbec_camera' build argument 'cmake_clean_cache' from command line to 'False'
[0.431s] Level 5:colcon.colcon_core.verb:set package 'orbbec_camera' build argument 'cmake_clean_first' from command line to 'False'
[0.431s] Level 5:colcon.colcon_core.verb:set package 'orbbec_camera' build argument 'cmake_force_configure' from command line to 'False'
[0.431s] Level 5:colcon.colcon_core.verb:set package 'orbbec_camera' build argument 'ament_cmake_args' from command line to 'None'
[0.431s] Level 5:colcon.colcon_core.verb:set package 'orbbec_camera' build argument 'catkin_cmake_args' from command line to 'None'
[0.431s] Level 5:colcon.colcon_core.verb:set package 'orbbec_camera' build argument 'catkin_skip_building_tests' from command line to 'False'
[0.431s] DEBUG:colcon.colcon_core.verb:Building package 'orbbec_camera' with the following arguments: {'ament_cmake_args': None, 'build_base': '/home/agilex/agilex_ws/build/orbbec_camera', 'catkin_cmake_args': None, 'catkin_skip_building_tests': False, 'cmake_args': None, 'cmake_clean_cache': False, 'cmake_clean_first': False, 'cmake_force_configure': False, 'cmake_target': None, 'cmake_target_skip_unavailable': False, 'install_base': '/home/agilex/agilex_ws/install/orbbec_camera', 'merge_install': False, 'path': '/home/agilex/agilex_ws/src/OrbbecSDK_ROS2/orbbec_camera', 'symlink_install': False, 'test_result_base': None}
[0.434s] Level 5:colcon.colcon_core.verb:set package 'teb_msgs' build argument 'cmake_args' from command line to 'None'
[0.434s] Level 5:colcon.colcon_core.verb:set package 'teb_msgs' build argument 'cmake_target' from command line to 'None'
[0.434s] Level 5:colcon.colcon_core.verb:set package 'teb_msgs' build argument 'cmake_target_skip_unavailable' from command line to 'False'
[0.434s] Level 5:colcon.colcon_core.verb:set package 'teb_msgs' build argument 'cmake_clean_cache' from command line to 'False'
[0.434s] Level 5:colcon.colcon_core.verb:set package 'teb_msgs' build argument 'cmake_clean_first' from command line to 'False'
[0.434s] Level 5:colcon.colcon_core.verb:set package 'teb_msgs' build argument 'cmake_force_configure' from command line to 'False'
[0.434s] Level 5:colcon.colcon_core.verb:set package 'teb_msgs' build argument 'ament_cmake_args' from command line to 'None'
[0.434s] Level 5:colcon.colcon_core.verb:set package 'teb_msgs' build argument 'catkin_cmake_args' from command line to 'None'
[0.434s] Level 5:colcon.colcon_core.verb:set package 'teb_msgs' build argument 'catkin_skip_building_tests' from command line to 'False'
[0.434s] DEBUG:colcon.colcon_core.verb:Building package 'teb_msgs' with the following arguments: {'ament_cmake_args': None, 'build_base': '/home/agilex/agilex_ws/build/teb_msgs', 'catkin_cmake_args': None, 'catkin_skip_building_tests': False, 'cmake_args': None, 'cmake_clean_cache': False, 'cmake_clean_first': False, 'cmake_force_configure': False, 'cmake_target': None, 'cmake_target_skip_unavailable': False, 'install_base': '/home/agilex/agilex_ws/install/teb_msgs', 'merge_install': False, 'path': '/home/agilex/agilex_ws/src/teb_local_planner/teb_msgs', 'symlink_install': False, 'test_result_base': None}
[0.437s] Level 5:colcon.colcon_core.verb:set package 'nav2_simple_commander' build argument 'cmake_args' from command line to 'None'
[0.437s] Level 5:colcon.colcon_core.verb:set package 'nav2_simple_commander' build argument 'cmake_target' from command line to 'None'
[0.437s] Level 5:colcon.colcon_core.verb:set package 'nav2_simple_commander' build argument 'cmake_target_skip_unavailable' from command line to 'False'
[0.437s] Level 5:colcon.colcon_core.verb:set package 'nav2_simple_commander' build argument 'cmake_clean_cache' from command line to 'False'
[0.437s] Level 5:colcon.colcon_core.verb:set package 'nav2_simple_commander' build argument 'cmake_clean_first' from command line to 'False'
[0.437s] Level 5:colcon.colcon_core.verb:set package 'nav2_simple_commander' build argument 'cmake_force_configure' from command line to 'False'
[0.437s] Level 5:colcon.colcon_core.verb:set package 'nav2_simple_commander' build argument 'ament_cmake_args' from command line to 'None'
[0.437s] Level 5:colcon.colcon_core.verb:set package 'nav2_simple_commander' build argument 'catkin_cmake_args' from command line to 'None'
[0.437s] Level 5:colcon.colcon_core.verb:set package 'nav2_simple_commander' build argument 'catkin_skip_building_tests' from command line to 'False'
[0.437s] DEBUG:colcon.colcon_core.verb:Building package 'nav2_simple_commander' with the following arguments: {'ament_cmake_args': None, 'build_base': '/home/agilex/agilex_ws/build/nav2_simple_commander', 'catkin_cmake_args': None, 'catkin_skip_building_tests': False, 'cmake_args': None, 'cmake_clean_cache': False, 'cmake_clean_first': False, 'cmake_force_configure': False, 'cmake_target': None, 'cmake_target_skip_unavailable': False, 'install_base': '/home/agilex/agilex_ws/install/nav2_simple_commander', 'merge_install': False, 'path': '/home/agilex/agilex_ws/src/navigation2/nav2_simple_commander', 'symlink_install': False, 'test_result_base': None}
[0.440s] Level 5:colcon.colcon_core.verb:set package 'nav2_util' build argument 'cmake_args' from command line to 'None'
[0.440s] Level 5:colcon.colcon_core.verb:set package 'nav2_util' build argument 'cmake_target' from command line to 'None'
[0.440s] Level 5:colcon.colcon_core.verb:set package 'nav2_util' build argument 'cmake_target_skip_unavailable' from command line to 'False'
[0.440s] Level 5:colcon.colcon_core.verb:set package 'nav2_util' build argument 'cmake_clean_cache' from command line to 'False'
[0.440s] Level 5:colcon.colcon_core.verb:set package 'nav2_util' build argument 'cmake_clean_first' from command line to 'False'
[0.440s] Level 5:colcon.colcon_core.verb:set package 'nav2_util' build argument 'cmake_force_configure' from command line to 'False'
[0.440s] Level 5:colcon.colcon_core.verb:set package 'nav2_util' build argument 'ament_cmake_args' from command line to 'None'
[0.440s] Level 5:colcon.colcon_core.verb:set package 'nav2_util' build argument 'catkin_cmake_args' from command line to 'None'
[0.440s] Level 5:colcon.colcon_core.verb:set package 'nav2_util' build argument 'catkin_skip_building_tests' from command line to 'False'
[0.440s] DEBUG:colcon.colcon_core.verb:Building package 'nav2_util' with the following arguments: {'ament_cmake_args': None, 'build_base': '/home/agilex/agilex_ws/build/nav2_util', 'catkin_cmake_args': None, 'catkin_skip_building_tests': False, 'cmake_args': None, 'cmake_clean_cache': False, 'cmake_clean_first': False, 'cmake_force_configure': False, 'cmake_target': None, 'cmake_target_skip_unavailable': False, 'install_base': '/home/agilex/agilex_ws/install/nav2_util', 'merge_install': False, 'path': '/home/agilex/agilex_ws/src/navigation2/nav2_util', 'symlink_install': False, 'test_result_base': None}
[0.442s] Level 5:colcon.colcon_core.verb:set package 'nav2_amcl' build argument 'cmake_args' from command line to 'None'
[0.442s] Level 5:colcon.colcon_core.verb:set package 'nav2_amcl' build argument 'cmake_target' from command line to 'None'
[0.442s] Level 5:colcon.colcon_core.verb:set package 'nav2_amcl' build argument 'cmake_target_skip_unavailable' from command line to 'False'
[0.443s] Level 5:colcon.colcon_core.verb:set package 'nav2_amcl' build argument 'cmake_clean_cache' from command line to 'False'
[0.443s] Level 5:colcon.colcon_core.verb:set package 'nav2_amcl' build argument 'cmake_clean_first' from command line to 'False'
[0.443s] Level 5:colcon.colcon_core.verb:set package 'nav2_amcl' build argument 'cmake_force_configure' from command line to 'False'
[0.443s] Level 5:colcon.colcon_core.verb:set package 'nav2_amcl' build argument 'ament_cmake_args' from command line to 'None'
[0.443s] Level 5:colcon.colcon_core.verb:set package 'nav2_amcl' build argument 'catkin_cmake_args' from command line to 'None'
[0.443s] Level 5:colcon.colcon_core.verb:set package 'nav2_amcl' build argument 'catkin_skip_building_tests' from command line to 'False'
[0.443s] DEBUG:colcon.colcon_core.verb:Building package 'nav2_amcl' with the following arguments: {'ament_cmake_args': None, 'build_base': '/home/agilex/agilex_ws/build/nav2_amcl', 'catkin_cmake_args': None, 'catkin_skip_building_tests': False, 'cmake_args': None, 'cmake_clean_cache': False, 'cmake_clean_first': False, 'cmake_force_configure': False, 'cmake_target': None, 'cmake_target_skip_unavailable': False, 'install_base': '/home/agilex/agilex_ws/install/nav2_amcl', 'merge_install': False, 'path': '/home/agilex/agilex_ws/src/navigation2/nav2_amcl', 'symlink_install': False, 'test_result_base': None}
[0.445s] Level 5:colcon.colcon_core.verb:set package 'nav2_behavior_tree' build argument 'cmake_args' from command line to 'None'
[0.445s] Level 5:colcon.colcon_core.verb:set package 'nav2_behavior_tree' build argument 'cmake_target' from command line to 'None'
[0.445s] Level 5:colcon.colcon_core.verb:set package 'nav2_behavior_tree' build argument 'cmake_target_skip_unavailable' from command line to 'False'
[0.445s] Level 5:colcon.colcon_core.verb:set package 'nav2_behavior_tree' build argument 'cmake_clean_cache' from command line to 'False'
[0.445s] Level 5:colcon.colcon_core.verb:set package 'nav2_behavior_tree' build argument 'cmake_clean_first' from command line to 'False'
[0.445s] Level 5:colcon.colcon_core.verb:set package 'nav2_behavior_tree' build argument 'cmake_force_configure' from command line to 'False'
[0.445s] Level 5:colcon.colcon_core.verb:set package 'nav2_behavior_tree' build argument 'ament_cmake_args' from command line to 'None'
[0.445s] Level 5:colcon.colcon_core.verb:set package 'nav2_behavior_tree' build argument 'catkin_cmake_args' from command line to 'None'
[0.445s] Level 5:colcon.colcon_core.verb:set package 'nav2_behavior_tree' build argument 'catkin_skip_building_tests' from command line to 'False'
[0.445s] DEBUG:colcon.colcon_core.verb:Building package 'nav2_behavior_tree' with the following arguments: {'ament_cmake_args': None, 'build_base': '/home/agilex/agilex_ws/build/nav2_behavior_tree', 'catkin_cmake_args': None, 'catkin_skip_building_tests': False, 'cmake_args': None, 'cmake_clean_cache': False, 'cmake_clean_first': False, 'cmake_force_configure': False, 'cmake_target': None, 'cmake_target_skip_unavailable': False, 'install_base': '/home/agilex/agilex_ws/install/nav2_behavior_tree', 'merge_install': False, 'path': '/home/agilex/agilex_ws/src/navigation2/nav2_behavior_tree', 'symlink_install': False, 'test_result_base': None}
[0.448s] Level 5:colcon.colcon_core.verb:set package 'nav2_lifecycle_manager' build argument 'cmake_args' from command line to 'None'
[0.448s] Level 5:colcon.colcon_core.verb:set package 'nav2_lifecycle_manager' build argument 'cmake_target' from command line to 'None'
[0.448s] Level 5:colcon.colcon_core.verb:set package 'nav2_lifecycle_manager' build argument 'cmake_target_skip_unavailable' from command line to 'False'
[0.448s] Level 5:colcon.colcon_core.verb:set package 'nav2_lifecycle_manager' build argument 'cmake_clean_cache' from command line to 'False'
[0.448s] Level 5:colcon.colcon_core.verb:set package 'nav2_lifecycle_manager' build argument 'cmake_clean_first' from command line to 'False'
[0.448s] Level 5:colcon.colcon_core.verb:set package 'nav2_lifecycle_manager' build argument 'cmake_force_configure' from command line to 'False'
[0.448s] Level 5:colcon.colcon_core.verb:set package 'nav2_lifecycle_manager' build argument 'ament_cmake_args' from command line to 'None'
[0.448s] Level 5:colcon.colcon_core.verb:set package 'nav2_lifecycle_manager' build argument 'catkin_cmake_args' from command line to 'None'
[0.448s] Level 5:colcon.colcon_core.verb:set package 'nav2_lifecycle_manager' build argument 'catkin_skip_building_tests' from command line to 'False'
[0.448s] DEBUG:colcon.colcon_core.verb:Building package 'nav2_lifecycle_manager' with the following arguments: {'ament_cmake_args': None, 'build_base': '/home/agilex/agilex_ws/build/nav2_lifecycle_manager', 'catkin_cmake_args': None, 'catkin_skip_building_tests': False, 'cmake_args': None, 'cmake_clean_cache': False, 'cmake_clean_first': False, 'cmake_force_configure': False, 'cmake_target': None, 'cmake_target_skip_unavailable': False, 'install_base': '/home/agilex/agilex_ws/install/nav2_lifecycle_manager', 'merge_install': False, 'path': '/home/agilex/agilex_ws/src/navigation2/nav2_lifecycle_manager', 'symlink_install': False, 'test_result_base': None}
[0.451s] Level 5:colcon.colcon_core.verb:set package 'nav2_map_server' build argument 'cmake_args' from command line to 'None'
[0.451s] Level 5:colcon.colcon_core.verb:set package 'nav2_map_server' build argument 'cmake_target' from command line to 'None'
[0.451s] Level 5:colcon.colcon_core.verb:set package 'nav2_map_server' build argument 'cmake_target_skip_unavailable' from command line to 'False'
[0.451s] Level 5:colcon.colcon_core.verb:set package 'nav2_map_server' build argument 'cmake_clean_cache' from command line to 'False'
[0.451s] Level 5:colcon.colcon_core.verb:set package 'nav2_map_server' build argument 'cmake_clean_first' from command line to 'False'
[0.451s] Level 5:colcon.colcon_core.verb:set package 'nav2_map_server' build argument 'cmake_force_configure' from command line to 'False'
[0.451s] Level 5:colcon.colcon_core.verb:set package 'nav2_map_server' build argument 'ament_cmake_args' from command line to 'None'
[0.451s] Level 5:colcon.colcon_core.verb:set package 'nav2_map_server' build argument 'catkin_cmake_args' from command line to 'None'
[0.451s] Level 5:colcon.colcon_core.verb:set package 'nav2_map_server' build argument 'catkin_skip_building_tests' from command line to 'False'
[0.451s] DEBUG:colcon.colcon_core.verb:Building package 'nav2_map_server' with the following arguments: {'ament_cmake_args': None, 'build_base': '/home/agilex/agilex_ws/build/nav2_map_server', 'catkin_cmake_args': None, 'catkin_skip_building_tests': False, 'cmake_args': None, 'cmake_clean_cache': False, 'cmake_clean_first': False, 'cmake_force_configure': False, 'cmake_target': None, 'cmake_target_skip_unavailable': False, 'install_base': '/home/agilex/agilex_ws/install/nav2_map_server', 'merge_install': False, 'path': '/home/agilex/agilex_ws/src/navigation2/nav2_map_server', 'symlink_install': False, 'test_result_base': None}
[0.454s] Level 5:colcon.colcon_core.verb:set package 'nav_2d_utils' build argument 'cmake_args' from command line to 'None'
[0.454s] Level 5:colcon.colcon_core.verb:set package 'nav_2d_utils' build argument 'cmake_target' from command line to 'None'
[0.454s] Level 5:colcon.colcon_core.verb:set package 'nav_2d_utils' build argument 'cmake_target_skip_unavailable' from command line to 'False'
[0.454s] Level 5:colcon.colcon_core.verb:set package 'nav_2d_utils' build argument 'cmake_clean_cache' from command line to 'False'
[0.454s] Level 5:colcon.colcon_core.verb:set package 'nav_2d_utils' build argument 'cmake_clean_first' from command line to 'False'
[0.454s] Level 5:colcon.colcon_core.verb:set package 'nav_2d_utils' build argument 'cmake_force_configure' from command line to 'False'
[0.454s] Level 5:colcon.colcon_core.verb:set package 'nav_2d_utils' build argument 'ament_cmake_args' from command line to 'None'
[0.454s] Level 5:colcon.colcon_core.verb:set package 'nav_2d_utils' build argument 'catkin_cmake_args' from command line to 'None'
[0.455s] Level 5:colcon.colcon_core.verb:set package 'nav_2d_utils' build argument 'catkin_skip_building_tests' from command line to 'False'
[0.455s] DEBUG:colcon.colcon_core.verb:Building package 'nav_2d_utils' with the following arguments: {'ament_cmake_args': None, 'build_base': '/home/agilex/agilex_ws/build/nav_2d_utils', 'catkin_cmake_args': None, 'catkin_skip_building_tests': False, 'cmake_args': None, 'cmake_clean_cache': False, 'cmake_clean_first': False, 'cmake_force_configure': False, 'cmake_target': None, 'cmake_target_skip_unavailable': False, 'install_base': '/home/agilex/agilex_ws/install/nav_2d_utils', 'merge_install': False, 'path': '/home/agilex/agilex_ws/src/navigation2/nav2_dwb_controller/nav_2d_utils', 'symlink_install': False, 'test_result_base': None}
[0.457s] Level 5:colcon.colcon_core.verb:set package 'nav2_costmap_2d' build argument 'cmake_args' from command line to 'None'
[0.457s] Level 5:colcon.colcon_core.verb:set package 'nav2_costmap_2d' build argument 'cmake_target' from command line to 'None'
[0.457s] Level 5:colcon.colcon_core.verb:set package 'nav2_costmap_2d' build argument 'cmake_target_skip_unavailable' from command line to 'False'
[0.457s] Level 5:colcon.colcon_core.verb:set package 'nav2_costmap_2d' build argument 'cmake_clean_cache' from command line to 'False'
[0.457s] Level 5:colcon.colcon_core.verb:set package 'nav2_costmap_2d' build argument 'cmake_clean_first' from command line to 'False'
[0.457s] Level 5:colcon.colcon_core.verb:set package 'nav2_costmap_2d' build argument 'cmake_force_configure' from command line to 'False'
[0.457s] Level 5:colcon.colcon_core.verb:set package 'nav2_costmap_2d' build argument 'ament_cmake_args' from command line to 'None'
[0.457s] Level 5:colcon.colcon_core.verb:set package 'nav2_costmap_2d' build argument 'catkin_cmake_args' from command line to 'None'
[0.457s] Level 5:colcon.colcon_core.verb:set package 'nav2_costmap_2d' build argument 'catkin_skip_building_tests' from command line to 'False'
[0.457s] DEBUG:colcon.colcon_core.verb:Building package 'nav2_costmap_2d' with the following arguments: {'ament_cmake_args': None, 'build_base': '/home/agilex/agilex_ws/build/nav2_costmap_2d', 'catkin_cmake_args': None, 'catkin_skip_building_tests': False, 'cmake_args': None, 'cmake_clean_cache': False, 'cmake_clean_first': False, 'cmake_force_configure': False, 'cmake_target': None, 'cmake_target_skip_unavailable': False, 'install_base': '/home/agilex/agilex_ws/install/nav2_costmap_2d', 'merge_install': False, 'path': '/home/agilex/agilex_ws/src/navigation2/nav2_costmap_2d', 'symlink_install': False, 'test_result_base': None}
[0.460s] Level 5:colcon.colcon_core.verb:set package 'nav2_rviz_plugins' build argument 'cmake_args' from command line to 'None'
[0.460s] Level 5:colcon.colcon_core.verb:set package 'nav2_rviz_plugins' build argument 'cmake_target' from command line to 'None'
[0.460s] Level 5:colcon.colcon_core.verb:set package 'nav2_rviz_plugins' build argument 'cmake_target_skip_unavailable' from command line to 'False'
[0.460s] Level 5:colcon.colcon_core.verb:set package 'nav2_rviz_plugins' build argument 'cmake_clean_cache' from command line to 'False'
[0.460s] Level 5:colcon.colcon_core.verb:set package 'nav2_rviz_plugins' build argument 'cmake_clean_first' from command line to 'False'
[0.460s] Level 5:colcon.colcon_core.verb:set package 'nav2_rviz_plugins' build argument 'cmake_force_configure' from command line to 'False'
[0.460s] Level 5:colcon.colcon_core.verb:set package 'nav2_rviz_plugins' build argument 'ament_cmake_args' from command line to 'None'
[0.460s] Level 5:colcon.colcon_core.verb:set package 'nav2_rviz_plugins' build argument 'catkin_cmake_args' from command line to 'None'
[0.460s] Level 5:colcon.colcon_core.verb:set package 'nav2_rviz_plugins' build argument 'catkin_skip_building_tests' from command line to 'False'
[0.460s] DEBUG:colcon.colcon_core.verb:Building package 'nav2_rviz_plugins' with the following arguments: {'ament_cmake_args': None, 'build_base': '/home/agilex/agilex_ws/build/nav2_rviz_plugins', 'catkin_cmake_args': None, 'catkin_skip_building_tests': False, 'cmake_args': None, 'cmake_clean_cache': False, 'cmake_clean_first': False, 'cmake_force_configure': False, 'cmake_target': None, 'cmake_target_skip_unavailable': False, 'install_base': '/home/agilex/agilex_ws/install/nav2_rviz_plugins', 'merge_install': False, 'path': '/home/agilex/agilex_ws/src/navigation2/nav2_rviz_plugins', 'symlink_install': False, 'test_result_base': None}
[0.463s] Level 5:colcon.colcon_core.verb:set package 'costmap_converter' build argument 'cmake_args' from command line to 'None'
[0.463s] Level 5:colcon.colcon_core.verb:set package 'costmap_converter' build argument 'cmake_target' from command line to 'None'
[0.463s] Level 5:colcon.colcon_core.verb:set package 'costmap_converter' build argument 'cmake_target_skip_unavailable' from command line to 'False'
[0.463s] Level 5:colcon.colcon_core.verb:set package 'costmap_converter' build argument 'cmake_clean_cache' from command line to 'False'
[0.463s] Level 5:colcon.colcon_core.verb:set package 'costmap_converter' build argument 'cmake_clean_first' from command line to 'False'
[0.463s] Level 5:colcon.colcon_core.verb:set package 'costmap_converter' build argument 'cmake_force_configure' from command line to 'False'
[0.463s] Level 5:colcon.colcon_core.verb:set package 'costmap_converter' build argument 'ament_cmake_args' from command line to 'None'
[0.463s] Level 5:colcon.colcon_core.verb:set package 'costmap_converter' build argument 'catkin_cmake_args' from command line to 'None'
[0.463s] Level 5:colcon.colcon_core.verb:set package 'costmap_converter' build argument 'catkin_skip_building_tests' from command line to 'False'
[0.463s] DEBUG:colcon.colcon_core.verb:Building package 'costmap_converter' with the following arguments: {'ament_cmake_args': None, 'build_base': '/home/agilex/agilex_ws/build/costmap_converter', 'catkin_cmake_args': None, 'catkin_skip_building_tests': False, 'cmake_args': None, 'cmake_clean_cache': False, 'cmake_clean_first': False, 'cmake_force_configure': False, 'cmake_target': None, 'cmake_target_skip_unavailable': False, 'install_base': '/home/agilex/agilex_ws/install/costmap_converter', 'merge_install': False, 'path': '/home/agilex/agilex_ws/src/costmap_converter/costmap_converter', 'symlink_install': False, 'test_result_base': None}
[0.466s] Level 5:colcon.colcon_core.verb:set package 'costmap_queue' build argument 'cmake_args' from command line to 'None'
[0.466s] Level 5:colcon.colcon_core.verb:set package 'costmap_queue' build argument 'cmake_target' from command line to 'None'
[0.466s] Level 5:colcon.colcon_core.verb:set package 'costmap_queue' build argument 'cmake_target_skip_unavailable' from command line to 'False'
[0.466s] Level 5:colcon.colcon_core.verb:set package 'costmap_queue' build argument 'cmake_clean_cache' from command line to 'False'
[0.466s] Level 5:colcon.colcon_core.verb:set package 'costmap_queue' build argument 'cmake_clean_first' from command line to 'False'
[0.466s] Level 5:colcon.colcon_core.verb:set package 'costmap_queue' build argument 'cmake_force_configure' from command line to 'False'
[0.466s] Level 5:colcon.colcon_core.verb:set package 'costmap_queue' build argument 'ament_cmake_args' from command line to 'None'
[0.466s] Level 5:colcon.colcon_core.verb:set package 'costmap_queue' build argument 'catkin_cmake_args' from command line to 'None'
[0.466s] Level 5:colcon.colcon_core.verb:set package 'costmap_queue' build argument 'catkin_skip_building_tests' from command line to 'False'
[0.466s] DEBUG:colcon.colcon_core.verb:Building package 'costmap_queue' with the following arguments: {'ament_cmake_args': None, 'build_base': '/home/agilex/agilex_ws/build/costmap_queue', 'catkin_cmake_args': None, 'catkin_skip_building_tests': False, 'cmake_args': None, 'cmake_clean_cache': False, 'cmake_clean_first': False, 'cmake_force_configure': False, 'cmake_target': None, 'cmake_target_skip_unavailable': False, 'install_base': '/home/agilex/agilex_ws/install/costmap_queue', 'merge_install': False, 'path': '/home/agilex/agilex_ws/src/navigation2/nav2_dwb_controller/costmap_queue', 'symlink_install': False, 'test_result_base': None}
[0.469s] Level 5:colcon.colcon_core.verb:set package 'nav2_core' build argument 'cmake_args' from command line to 'None'
[0.469s] Level 5:colcon.colcon_core.verb:set package 'nav2_core' build argument 'cmake_target' from command line to 'None'
[0.469s] Level 5:colcon.colcon_core.verb:set package 'nav2_core' build argument 'cmake_target_skip_unavailable' from command line to 'False'
[0.469s] Level 5:colcon.colcon_core.verb:set package 'nav2_core' build argument 'cmake_clean_cache' from command line to 'False'
[0.469s] Level 5:colcon.colcon_core.verb:set package 'nav2_core' build argument 'cmake_clean_first' from command line to 'False'
[0.469s] Level 5:colcon.colcon_core.verb:set package 'nav2_core' build argument 'cmake_force_configure' from command line to 'False'
[0.469s] Level 5:colcon.colcon_core.verb:set package 'nav2_core' build argument 'ament_cmake_args' from command line to 'None'
[0.469s] Level 5:colcon.colcon_core.verb:set package 'nav2_core' build argument 'catkin_cmake_args' from command line to 'None'
[0.469s] Level 5:colcon.colcon_core.verb:set package 'nav2_core' build argument 'catkin_skip_building_tests' from command line to 'False'
[0.469s] DEBUG:colcon.colcon_core.verb:Building package 'nav2_core' with the following arguments: {'ament_cmake_args': None, 'build_base': '/home/agilex/agilex_ws/build/nav2_core', 'catkin_cmake_args': None, 'catkin_skip_building_tests': False, 'cmake_args': None, 'cmake_clean_cache': False, 'cmake_clean_first': False, 'cmake_force_configure': False, 'cmake_target': None, 'cmake_target_skip_unavailable': False, 'install_base': '/home/agilex/agilex_ws/install/nav2_core', 'merge_install': False, 'path': '/home/agilex/agilex_ws/src/navigation2/nav2_core', 'symlink_install': False, 'test_result_base': None}
[0.472s] Level 5:colcon.colcon_core.verb:set package 'dwb_core' build argument 'cmake_args' from command line to 'None'
[0.472s] Level 5:colcon.colcon_core.verb:set package 'dwb_core' build argument 'cmake_target' from command line to 'None'
[0.472s] Level 5:colcon.colcon_core.verb:set package 'dwb_core' build argument 'cmake_target_skip_unavailable' from command line to 'False'
[0.472s] Level 5:colcon.colcon_core.verb:set package 'dwb_core' build argument 'cmake_clean_cache' from command line to 'False'
[0.472s] Level 5:colcon.colcon_core.verb:set package 'dwb_core' build argument 'cmake_clean_first' from command line to 'False'
[0.472s] Level 5:colcon.colcon_core.verb:set package 'dwb_core' build argument 'cmake_force_configure' from command line to 'False'
[0.472s] Level 5:colcon.colcon_core.verb:set package 'dwb_core' build argument 'ament_cmake_args' from command line to 'None'
[0.472s] Level 5:colcon.colcon_core.verb:set package 'dwb_core' build argument 'catkin_cmake_args' from command line to 'None'
[0.472s] Level 5:colcon.colcon_core.verb:set package 'dwb_core' build argument 'catkin_skip_building_tests' from command line to 'False'
[0.472s] DEBUG:colcon.colcon_core.verb:Building package 'dwb_core' with the following arguments: {'ament_cmake_args': None, 'build_base': '/home/agilex/agilex_ws/build/dwb_core', 'catkin_cmake_args': None, 'catkin_skip_building_tests': False, 'cmake_args': None, 'cmake_clean_cache': False, 'cmake_clean_first': False, 'cmake_force_configure': False, 'cmake_target': None, 'cmake_target_skip_unavailable': False, 'install_base': '/home/agilex/agilex_ws/install/dwb_core', 'merge_install': False, 'path': '/home/agilex/agilex_ws/src/navigation2/nav2_dwb_controller/dwb_core', 'symlink_install': False, 'test_result_base': None}
[0.475s] Level 5:colcon.colcon_core.verb:set package 'nav2_behaviors' build argument 'cmake_args' from command line to 'None'
[0.475s] Level 5:colcon.colcon_core.verb:set package 'nav2_behaviors' build argument 'cmake_target' from command line to 'None'
[0.475s] Level 5:colcon.colcon_core.verb:set package 'nav2_behaviors' build argument 'cmake_target_skip_unavailable' from command line to 'False'
[0.475s] Level 5:colcon.colcon_core.verb:set package 'nav2_behaviors' build argument 'cmake_clean_cache' from command line to 'False'
[0.475s] Level 5:colcon.colcon_core.verb:set package 'nav2_behaviors' build argument 'cmake_clean_first' from command line to 'False'
[0.475s] Level 5:colcon.colcon_core.verb:set package 'nav2_behaviors' build argument 'cmake_force_configure' from command line to 'False'
[0.475s] Level 5:colcon.colcon_core.verb:set package 'nav2_behaviors' build argument 'ament_cmake_args' from command line to 'None'
[0.475s] Level 5:colcon.colcon_core.verb:set package 'nav2_behaviors' build argument 'catkin_cmake_args' from command line to 'None'
[0.475s] Level 5:colcon.colcon_core.verb:set package 'nav2_behaviors' build argument 'catkin_skip_building_tests' from command line to 'False'
[0.475s] DEBUG:colcon.colcon_core.verb:Building package 'nav2_behaviors' with the following arguments: {'ament_cmake_args': None, 'build_base': '/home/agilex/agilex_ws/build/nav2_behaviors', 'catkin_cmake_args': None, 'catkin_skip_building_tests': False, 'cmake_args': None, 'cmake_clean_cache': False, 'cmake_clean_first': False, 'cmake_force_configure': False, 'cmake_target': None, 'cmake_target_skip_unavailable': False, 'install_base': '/home/agilex/agilex_ws/install/nav2_behaviors', 'merge_install': False, 'path': '/home/agilex/agilex_ws/src/navigation2/nav2_behaviors', 'symlink_install': False, 'test_result_base': None}
[0.478s] Level 5:colcon.colcon_core.verb:set package 'nav2_bt_navigator' build argument 'cmake_args' from command line to 'None'
[0.478s] Level 5:colcon.colcon_core.verb:set package 'nav2_bt_navigator' build argument 'cmake_target' from command line to 'None'
[0.478s] Level 5:colcon.colcon_core.verb:set package 'nav2_bt_navigator' build argument 'cmake_target_skip_unavailable' from command line to 'False'
[0.478s] Level 5:colcon.colcon_core.verb:set package 'nav2_bt_navigator' build argument 'cmake_clean_cache' from command line to 'False'
[0.478s] Level 5:colcon.colcon_core.verb:set package 'nav2_bt_navigator' build argument 'cmake_clean_first' from command line to 'False'
[0.478s] Level 5:colcon.colcon_core.verb:set package 'nav2_bt_navigator' build argument 'cmake_force_configure' from command line to 'False'
[0.478s] Level 5:colcon.colcon_core.verb:set package 'nav2_bt_navigator' build argument 'ament_cmake_args' from command line to 'None'
[0.478s] Level 5:colcon.colcon_core.verb:set package 'nav2_bt_navigator' build argument 'catkin_cmake_args' from command line to 'None'
[0.478s] Level 5:colcon.colcon_core.verb:set package 'nav2_bt_navigator' build argument 'catkin_skip_building_tests' from command line to 'False'
[0.478s] DEBUG:colcon.colcon_core.verb:Building package 'nav2_bt_navigator' with the following arguments: {'ament_cmake_args': None, 'build_base': '/home/agilex/agilex_ws/build/nav2_bt_navigator', 'catkin_cmake_args': None, 'catkin_skip_building_tests': False, 'cmake_args': None, 'cmake_clean_cache': False, 'cmake_clean_first': False, 'cmake_force_configure': False, 'cmake_target': None, 'cmake_target_skip_unavailable': False, 'install_base': '/home/agilex/agilex_ws/install/nav2_bt_navigator', 'merge_install': False, 'path': '/home/agilex/agilex_ws/src/navigation2/nav2_bt_navigator', 'symlink_install': False, 'test_result_base': None}
[0.481s] Level 5:colcon.colcon_core.verb:set package 'nav2_constrained_smoother' build argument 'cmake_args' from command line to 'None'
[0.481s] Level 5:colcon.colcon_core.verb:set package 'nav2_constrained_smoother' build argument 'cmake_target' from command line to 'None'
[0.481s] Level 5:colcon.colcon_core.verb:set package 'nav2_constrained_smoother' build argument 'cmake_target_skip_unavailable' from command line to 'False'
[0.481s] Level 5:colcon.colcon_core.verb:set package 'nav2_constrained_smoother' build argument 'cmake_clean_cache' from command line to 'False'
[0.481s] Level 5:colcon.colcon_core.verb:set package 'nav2_constrained_smoother' build argument 'cmake_clean_first' from command line to 'False'
[0.481s] Level 5:colcon.colcon_core.verb:set package 'nav2_constrained_smoother' build argument 'cmake_force_configure' from command line to 'False'
[0.481s] Level 5:colcon.colcon_core.verb:set package 'nav2_constrained_smoother' build argument 'ament_cmake_args' from command line to 'None'
[0.481s] Level 5:colcon.colcon_core.verb:set package 'nav2_constrained_smoother' build argument 'catkin_cmake_args' from command line to 'None'
[0.481s] Level 5:colcon.colcon_core.verb:set package 'nav2_constrained_smoother' build argument 'catkin_skip_building_tests' from command line to 'False'
[0.481s] DEBUG:colcon.colcon_core.verb:Building package 'nav2_constrained_smoother' with the following arguments: {'ament_cmake_args': None, 'build_base': '/home/agilex/agilex_ws/build/nav2_constrained_smoother', 'catkin_cmake_args': None, 'catkin_skip_building_tests': False, 'cmake_args': None, 'cmake_clean_cache': False, 'cmake_clean_first': False, 'cmake_force_configure': False, 'cmake_target': None, 'cmake_target_skip_unavailable': False, 'install_base': '/home/agilex/agilex_ws/install/nav2_constrained_smoother', 'merge_install': False, 'path': '/home/agilex/agilex_ws/src/navigation2/nav2_constrained_smoother', 'symlink_install': False, 'test_result_base': None}
[0.484s] Level 5:colcon.colcon_core.verb:set package 'nav2_controller' build argument 'cmake_args' from command line to 'None'
[0.484s] Level 5:colcon.colcon_core.verb:set package 'nav2_controller' build argument 'cmake_target' from command line to 'None'
[0.484s] Level 5:colcon.colcon_core.verb:set package 'nav2_controller' build argument 'cmake_target_skip_unavailable' from command line to 'False'
[0.484s] Level 5:colcon.colcon_core.verb:set package 'nav2_controller' build argument 'cmake_clean_cache' from command line to 'False'
[0.484s] Level 5:colcon.colcon_core.verb:set package 'nav2_controller' build argument 'cmake_clean_first' from command line to 'False'
[0.484s] Level 5:colcon.colcon_core.verb:set package 'nav2_controller' build argument 'cmake_force_configure' from command line to 'False'
[0.484s] Level 5:colcon.colcon_core.verb:set package 'nav2_controller' build argument 'ament_cmake_args' from command line to 'None'
[0.484s] Level 5:colcon.colcon_core.verb:set package 'nav2_controller' build argument 'catkin_cmake_args' from command line to 'None'
[0.484s] Level 5:colcon.colcon_core.verb:set package 'nav2_controller' build argument 'catkin_skip_building_tests' from command line to 'False'
[0.484s] DEBUG:colcon.colcon_core.verb:Building package 'nav2_controller' with the following arguments: {'ament_cmake_args': None, 'build_base': '/home/agilex/agilex_ws/build/nav2_controller', 'catkin_cmake_args': None, 'catkin_skip_building_tests': False, 'cmake_args': None, 'cmake_clean_cache': False, 'cmake_clean_first': False, 'cmake_force_configure': False, 'cmake_target': None, 'cmake_target_skip_unavailable': False, 'install_base': '/home/agilex/agilex_ws/install/nav2_controller', 'merge_install': False, 'path': '/home/agilex/agilex_ws/src/navigation2/nav2_controller', 'symlink_install': False, 'test_result_base': None}
[0.487s] Level 5:colcon.colcon_core.verb:set package 'nav2_navfn_planner' build argument 'cmake_args' from command line to 'None'
[0.487s] Level 5:colcon.colcon_core.verb:set package 'nav2_navfn_planner' build argument 'cmake_target' from command line to 'None'
[0.487s] Level 5:colcon.colcon_core.verb:set package 'nav2_navfn_planner' build argument 'cmake_target_skip_unavailable' from command line to 'False'
[0.487s] Level 5:colcon.colcon_core.verb:set package 'nav2_navfn_planner' build argument 'cmake_clean_cache' from command line to 'False'
[0.487s] Level 5:colcon.colcon_core.verb:set package 'nav2_navfn_planner' build argument 'cmake_clean_first' from command line to 'False'
[0.487s] Level 5:colcon.colcon_core.verb:set package 'nav2_navfn_planner' build argument 'cmake_force_configure' from command line to 'False'
[0.487s] Level 5:colcon.colcon_core.verb:set package 'nav2_navfn_planner' build argument 'ament_cmake_args' from command line to 'None'
[0.487s] Level 5:colcon.colcon_core.verb:set package 'nav2_navfn_planner' build argument 'catkin_cmake_args' from command line to 'None'
[0.487s] Level 5:colcon.colcon_core.verb:set package 'nav2_navfn_planner' build argument 'catkin_skip_building_tests' from command line to 'False'
[0.487s] DEBUG:colcon.colcon_core.verb:Building package 'nav2_navfn_planner' with the following arguments: {'ament_cmake_args': None, 'build_base': '/home/agilex/agilex_ws/build/nav2_navfn_planner', 'catkin_cmake_args': None, 'catkin_skip_building_tests': False, 'cmake_args': None, 'cmake_clean_cache': False, 'cmake_clean_first': False, 'cmake_force_configure': False, 'cmake_target': None, 'cmake_target_skip_unavailable': False, 'install_base': '/home/agilex/agilex_ws/install/nav2_navfn_planner', 'merge_install': False, 'path': '/home/agilex/agilex_ws/src/navigation2/nav2_navfn_planner', 'symlink_install': False, 'test_result_base': None}
[0.490s] Level 5:colcon.colcon_core.verb:set package 'nav2_planner' build argument 'cmake_args' from command line to 'None'
[0.490s] Level 5:colcon.colcon_core.verb:set package 'nav2_planner' build argument 'cmake_target' from command line to 'None'
[0.490s] Level 5:colcon.colcon_core.verb:set package 'nav2_planner' build argument 'cmake_target_skip_unavailable' from command line to 'False'
[0.490s] Level 5:colcon.colcon_core.verb:set package 'nav2_planner' build argument 'cmake_clean_cache' from command line to 'False'
[0.490s] Level 5:colcon.colcon_core.verb:set package 'nav2_planner' build argument 'cmake_clean_first' from command line to 'False'
[0.490s] Level 5:colcon.colcon_core.verb:set package 'nav2_planner' build argument 'cmake_force_configure' from command line to 'False'
[0.490s] Level 5:colcon.colcon_core.verb:set package 'nav2_planner' build argument 'ament_cmake_args' from command line to 'None'
[0.490s] Level 5:colcon.colcon_core.verb:set package 'nav2_planner' build argument 'catkin_cmake_args' from command line to 'None'
[0.490s] Level 5:colcon.colcon_core.verb:set package 'nav2_planner' build argument 'catkin_skip_building_tests' from command line to 'False'
[0.490s] DEBUG:colcon.colcon_core.verb:Building package 'nav2_planner' with the following arguments: {'ament_cmake_args': None, 'build_base': '/home/agilex/agilex_ws/build/nav2_planner', 'catkin_cmake_args': None, 'catkin_skip_building_tests': False, 'cmake_args': None, 'cmake_clean_cache': False, 'cmake_clean_first': False, 'cmake_force_configure': False, 'cmake_target': None, 'cmake_target_skip_unavailable': False, 'install_base': '/home/agilex/agilex_ws/install/nav2_planner', 'merge_install': False, 'path': '/home/agilex/agilex_ws/src/navigation2/nav2_planner', 'symlink_install': False, 'test_result_base': None}
[0.493s] Level 5:colcon.colcon_core.verb:set package 'nav2_regulated_pure_pursuit_controller' build argument 'cmake_args' from command line to 'None'
[0.493s] Level 5:colcon.colcon_core.verb:set package 'nav2_regulated_pure_pursuit_controller' build argument 'cmake_target' from command line to 'None'
[0.493s] Level 5:colcon.colcon_core.verb:set package 'nav2_regulated_pure_pursuit_controller' build argument 'cmake_target_skip_unavailable' from command line to 'False'
[0.493s] Level 5:colcon.colcon_core.verb:set package 'nav2_regulated_pure_pursuit_controller' build argument 'cmake_clean_cache' from command line to 'False'
[0.493s] Level 5:colcon.colcon_core.verb:set package 'nav2_regulated_pure_pursuit_controller' build argument 'cmake_clean_first' from command line to 'False'
[0.493s] Level 5:colcon.colcon_core.verb:set package 'nav2_regulated_pure_pursuit_controller' build argument 'cmake_force_configure' from command line to 'False'
[0.493s] Level 5:colcon.colcon_core.verb:set package 'nav2_regulated_pure_pursuit_controller' build argument 'ament_cmake_args' from command line to 'None'
[0.493s] Level 5:colcon.colcon_core.verb:set package 'nav2_regulated_pure_pursuit_controller' build argument 'catkin_cmake_args' from command line to 'None'
[0.493s] Level 5:colcon.colcon_core.verb:set package 'nav2_regulated_pure_pursuit_controller' build argument 'catkin_skip_building_tests' from command line to 'False'
[0.493s] DEBUG:colcon.colcon_core.verb:Building package 'nav2_regulated_pure_pursuit_controller' with the following arguments: {'ament_cmake_args': None, 'build_base': '/home/agilex/agilex_ws/build/nav2_regulated_pure_pursuit_controller', 'catkin_cmake_args': None, 'catkin_skip_building_tests': False, 'cmake_args': None, 'cmake_clean_cache': False, 'cmake_clean_first': False, 'cmake_force_configure': False, 'cmake_target': None, 'cmake_target_skip_unavailable': False, 'install_base': '/home/agilex/agilex_ws/install/nav2_regulated_pure_pursuit_controller', 'merge_install': False, 'path': '/home/agilex/agilex_ws/src/navigation2/nav2_regulated_pure_pursuit_controller', 'symlink_install': False, 'test_result_base': None}
[0.496s] Level 5:colcon.colcon_core.verb:set package 'nav2_smac_planner' build argument 'cmake_args' from command line to 'None'
[0.496s] Level 5:colcon.colcon_core.verb:set package 'nav2_smac_planner' build argument 'cmake_target' from command line to 'None'
[0.496s] Level 5:colcon.colcon_core.verb:set package 'nav2_smac_planner' build argument 'cmake_target_skip_unavailable' from command line to 'False'
[0.496s] Level 5:colcon.colcon_core.verb:set package 'nav2_smac_planner' build argument 'cmake_clean_cache' from command line to 'False'
[0.496s] Level 5:colcon.colcon_core.verb:set package 'nav2_smac_planner' build argument 'cmake_clean_first' from command line to 'False'
[0.496s] Level 5:colcon.colcon_core.verb:set package 'nav2_smac_planner' build argument 'cmake_force_configure' from command line to 'False'
[0.496s] Level 5:colcon.colcon_core.verb:set package 'nav2_smac_planner' build argument 'ament_cmake_args' from command line to 'None'
[0.496s] Level 5:colcon.colcon_core.verb:set package 'nav2_smac_planner' build argument 'catkin_cmake_args' from command line to 'None'
[0.496s] Level 5:colcon.colcon_core.verb:set package 'nav2_smac_planner' build argument 'catkin_skip_building_tests' from command line to 'False'
[0.496s] DEBUG:colcon.colcon_core.verb:Building package 'nav2_smac_planner' with the following arguments: {'ament_cmake_args': None, 'build_base': '/home/agilex/agilex_ws/build/nav2_smac_planner', 'catkin_cmake_args': None, 'catkin_skip_building_tests': False, 'cmake_args': None, 'cmake_clean_cache': False, 'cmake_clean_first': False, 'cmake_force_configure': False, 'cmake_target': None, 'cmake_target_skip_unavailable': False, 'install_base': '/home/agilex/agilex_ws/install/nav2_smac_planner', 'merge_install': False, 'path': '/home/agilex/agilex_ws/src/navigation2/nav2_smac_planner', 'symlink_install': False, 'test_result_base': None}
[0.499s] Level 5:colcon.colcon_core.verb:set package 'nav2_smoother' build argument 'cmake_args' from command line to 'None'
[0.499s] Level 5:colcon.colcon_core.verb:set package 'nav2_smoother' build argument 'cmake_target' from command line to 'None'
[0.499s] Level 5:colcon.colcon_core.verb:set package 'nav2_smoother' build argument 'cmake_target_skip_unavailable' from command line to 'False'
[0.499s] Level 5:colcon.colcon_core.verb:set package 'nav2_smoother' build argument 'cmake_clean_cache' from command line to 'False'
[0.499s] Level 5:colcon.colcon_core.verb:set package 'nav2_smoother' build argument 'cmake_clean_first' from command line to 'False'
[0.499s] Level 5:colcon.colcon_core.verb:set package 'nav2_smoother' build argument 'cmake_force_configure' from command line to 'False'
[0.499s] Level 5:colcon.colcon_core.verb:set package 'nav2_smoother' build argument 'ament_cmake_args' from command line to 'None'
[0.499s] Level 5:colcon.colcon_core.verb:set package 'nav2_smoother' build argument 'catkin_cmake_args' from command line to 'None'
[0.499s] Level 5:colcon.colcon_core.verb:set package 'nav2_smoother' build argument 'catkin_skip_building_tests' from command line to 'False'
[0.499s] DEBUG:colcon.colcon_core.verb:Building package 'nav2_smoother' with the following arguments: {'ament_cmake_args': None, 'build_base': '/home/agilex/agilex_ws/build/nav2_smoother', 'catkin_cmake_args': None, 'catkin_skip_building_tests': False, 'cmake_args': None, 'cmake_clean_cache': False, 'cmake_clean_first': False, 'cmake_force_configure': False, 'cmake_target': None, 'cmake_target_skip_unavailable': False, 'install_base': '/home/agilex/agilex_ws/install/nav2_smoother', 'merge_install': False, 'path': '/home/agilex/agilex_ws/src/navigation2/nav2_smoother', 'symlink_install': False, 'test_result_base': None}
[0.502s] Level 5:colcon.colcon_core.verb:set package 'nav2_theta_star_planner' build argument 'cmake_args' from command line to 'None'
[0.502s] Level 5:colcon.colcon_core.verb:set package 'nav2_theta_star_planner' build argument 'cmake_target' from command line to 'None'
[0.502s] Level 5:colcon.colcon_core.verb:set package 'nav2_theta_star_planner' build argument 'cmake_target_skip_unavailable' from command line to 'False'
[0.502s] Level 5:colcon.colcon_core.verb:set package 'nav2_theta_star_planner' build argument 'cmake_clean_cache' from command line to 'False'
[0.502s] Level 5:colcon.colcon_core.verb:set package 'nav2_theta_star_planner' build argument 'cmake_clean_first' from command line to 'False'
[0.502s] Level 5:colcon.colcon_core.verb:set package 'nav2_theta_star_planner' build argument 'cmake_force_configure' from command line to 'False'
[0.502s] Level 5:colcon.colcon_core.verb:set package 'nav2_theta_star_planner' build argument 'ament_cmake_args' from command line to 'None'
[0.502s] Level 5:colcon.colcon_core.verb:set package 'nav2_theta_star_planner' build argument 'catkin_cmake_args' from command line to 'None'
[0.502s] Level 5:colcon.colcon_core.verb:set package 'nav2_theta_star_planner' build argument 'catkin_skip_building_tests' from command line to 'False'
[0.502s] DEBUG:colcon.colcon_core.verb:Building package 'nav2_theta_star_planner' with the following arguments: {'ament_cmake_args': None, 'build_base': '/home/agilex/agilex_ws/build/nav2_theta_star_planner', 'catkin_cmake_args': None, 'catkin_skip_building_tests': False, 'cmake_args': None, 'cmake_clean_cache': False, 'cmake_clean_first': False, 'cmake_force_configure': False, 'cmake_target': None, 'cmake_target_skip_unavailable': False, 'install_base': '/home/agilex/agilex_ws/install/nav2_theta_star_planner', 'merge_install': False, 'path': '/home/agilex/agilex_ws/src/navigation2/nav2_theta_star_planner', 'symlink_install': False, 'test_result_base': None}
[0.505s] Level 5:colcon.colcon_core.verb:set package 'nav2_waypoint_follower' build argument 'cmake_args' from command line to 'None'
[0.505s] Level 5:colcon.colcon_core.verb:set package 'nav2_waypoint_follower' build argument 'cmake_target' from command line to 'None'
[0.505s] Level 5:colcon.colcon_core.verb:set package 'nav2_waypoint_follower' build argument 'cmake_target_skip_unavailable' from command line to 'False'
[0.505s] Level 5:colcon.colcon_core.verb:set package 'nav2_waypoint_follower' build argument 'cmake_clean_cache' from command line to 'False'
[0.505s] Level 5:colcon.colcon_core.verb:set package 'nav2_waypoint_follower' build argument 'cmake_clean_first' from command line to 'False'
[0.505s] Level 5:colcon.colcon_core.verb:set package 'nav2_waypoint_follower' build argument 'cmake_force_configure' from command line to 'False'
[0.505s] Level 5:colcon.colcon_core.verb:set package 'nav2_waypoint_follower' build argument 'ament_cmake_args' from command line to 'None'
[0.505s] Level 5:colcon.colcon_core.verb:set package 'nav2_waypoint_follower' build argument 'catkin_cmake_args' from command line to 'None'
[0.505s] Level 5:colcon.colcon_core.verb:set package 'nav2_waypoint_follower' build argument 'catkin_skip_building_tests' from command line to 'False'
[0.505s] DEBUG:colcon.colcon_core.verb:Building package 'nav2_waypoint_follower' with the following arguments: {'ament_cmake_args': None, 'build_base': '/home/agilex/agilex_ws/build/nav2_waypoint_follower', 'catkin_cmake_args': None, 'catkin_skip_building_tests': False, 'cmake_args': None, 'cmake_clean_cache': False, 'cmake_clean_first': False, 'cmake_force_configure': False, 'cmake_target': None, 'cmake_target_skip_unavailable': False, 'install_base': '/home/agilex/agilex_ws/install/nav2_waypoint_follower', 'merge_install': False, 'path': '/home/agilex/agilex_ws/src/navigation2/nav2_waypoint_follower', 'symlink_install': False, 'test_result_base': None}
[0.508s] Level 5:colcon.colcon_core.verb:set package 'dwb_critics' build argument 'cmake_args' from command line to 'None'
[0.508s] Level 5:colcon.colcon_core.verb:set package 'dwb_critics' build argument 'cmake_target' from command line to 'None'
[0.508s] Level 5:colcon.colcon_core.verb:set package 'dwb_critics' build argument 'cmake_target_skip_unavailable' from command line to 'False'
[0.508s] Level 5:colcon.colcon_core.verb:set package 'dwb_critics' build argument 'cmake_clean_cache' from command line to 'False'
[0.508s] Level 5:colcon.colcon_core.verb:set package 'dwb_critics' build argument 'cmake_clean_first' from command line to 'False'
[0.508s] Level 5:colcon.colcon_core.verb:set package 'dwb_critics' build argument 'cmake_force_configure' from command line to 'False'
[0.508s] Level 5:colcon.colcon_core.verb:set package 'dwb_critics' build argument 'ament_cmake_args' from command line to 'None'
[0.508s] Level 5:colcon.colcon_core.verb:set package 'dwb_critics' build argument 'catkin_cmake_args' from command line to 'None'
[0.508s] Level 5:colcon.colcon_core.verb:set package 'dwb_critics' build argument 'catkin_skip_building_tests' from command line to 'False'
[0.508s] DEBUG:colcon.colcon_core.verb:Building package 'dwb_critics' with the following arguments: {'ament_cmake_args': None, 'build_base': '/home/agilex/agilex_ws/build/dwb_critics', 'catkin_cmake_args': None, 'catkin_skip_building_tests': False, 'cmake_args': None, 'cmake_clean_cache': False, 'cmake_clean_first': False, 'cmake_force_configure': False, 'cmake_target': None, 'cmake_target_skip_unavailable': False, 'install_base': '/home/agilex/agilex_ws/install/dwb_critics', 'merge_install': False, 'path': '/home/agilex/agilex_ws/src/navigation2/nav2_dwb_controller/dwb_critics', 'symlink_install': False, 'test_result_base': None}
[0.511s] Level 5:colcon.colcon_core.verb:set package 'dwb_plugins' build argument 'cmake_args' from command line to 'None'
[0.511s] Level 5:colcon.colcon_core.verb:set package 'dwb_plugins' build argument 'cmake_target' from command line to 'None'
[0.511s] Level 5:colcon.colcon_core.verb:set package 'dwb_plugins' build argument 'cmake_target_skip_unavailable' from command line to 'False'
[0.511s] Level 5:colcon.colcon_core.verb:set package 'dwb_plugins' build argument 'cmake_clean_cache' from command line to 'False'
[0.511s] Level 5:colcon.colcon_core.verb:set package 'dwb_plugins' build argument 'cmake_clean_first' from command line to 'False'
[0.511s] Level 5:colcon.colcon_core.verb:set package 'dwb_plugins' build argument 'cmake_force_configure' from command line to 'False'
[0.511s] Level 5:colcon.colcon_core.verb:set package 'dwb_plugins' build argument 'ament_cmake_args' from command line to 'None'
[0.511s] Level 5:colcon.colcon_core.verb:set package 'dwb_plugins' build argument 'catkin_cmake_args' from command line to 'None'
[0.511s] Level 5:colcon.colcon_core.verb:set package 'dwb_plugins' build argument 'catkin_skip_building_tests' from command line to 'False'
[0.511s] DEBUG:colcon.colcon_core.verb:Building package 'dwb_plugins' with the following arguments: {'ament_cmake_args': None, 'build_base': '/home/agilex/agilex_ws/build/dwb_plugins', 'catkin_cmake_args': None, 'catkin_skip_building_tests': False, 'cmake_args': None, 'cmake_clean_cache': False, 'cmake_clean_first': False, 'cmake_force_configure': False, 'cmake_target': None, 'cmake_target_skip_unavailable': False, 'install_base': '/home/agilex/agilex_ws/install/dwb_plugins', 'merge_install': False, 'path': '/home/agilex/agilex_ws/src/navigation2/nav2_dwb_controller/dwb_plugins', 'symlink_install': False, 'test_result_base': None}
[0.514s] Level 5:colcon.colcon_core.verb:set package 'limo_bringup' build argument 'cmake_args' from command line to 'None'
[0.514s] Level 5:colcon.colcon_core.verb:set package 'limo_bringup' build argument 'cmake_target' from command line to 'None'
[0.514s] Level 5:colcon.colcon_core.verb:set package 'limo_bringup' build argument 'cmake_target_skip_unavailable' from command line to 'False'
[0.514s] Level 5:colcon.colcon_core.verb:set package 'limo_bringup' build argument 'cmake_clean_cache' from command line to 'False'
[0.514s] Level 5:colcon.colcon_core.verb:set package 'limo_bringup' build argument 'cmake_clean_first' from command line to 'False'
[0.514s] Level 5:colcon.colcon_core.verb:set package 'limo_bringup' build argument 'cmake_force_configure' from command line to 'False'
[0.514s] Level 5:colcon.colcon_core.verb:set package 'limo_bringup' build argument 'ament_cmake_args' from command line to 'None'
[0.514s] Level 5:colcon.colcon_core.verb:set package 'limo_bringup' build argument 'catkin_cmake_args' from command line to 'None'
[0.514s] Level 5:colcon.colcon_core.verb:set package 'limo_bringup' build argument 'catkin_skip_building_tests' from command line to 'False'
[0.514s] DEBUG:colcon.colcon_core.verb:Building package 'limo_bringup' with the following arguments: {'ament_cmake_args': None, 'build_base': '/home/agilex/agilex_ws/build/limo_bringup', 'catkin_cmake_args': None, 'catkin_skip_building_tests': False, 'cmake_args': None, 'cmake_clean_cache': False, 'cmake_clean_first': False, 'cmake_force_configure': False, 'cmake_target': None, 'cmake_target_skip_unavailable': False, 'install_base': '/home/agilex/agilex_ws/install/limo_bringup', 'merge_install': False, 'path': '/home/agilex/agilex_ws/src/limo_ros2/limo_bringup', 'symlink_install': False, 'test_result_base': None}
[0.517s] Level 5:colcon.colcon_core.verb:set package 'nav2_rotation_shim_controller' build argument 'cmake_args' from command line to 'None'
[0.517s] Level 5:colcon.colcon_core.verb:set package 'nav2_rotation_shim_controller' build argument 'cmake_target' from command line to 'None'
[0.517s] Level 5:colcon.colcon_core.verb:set package 'nav2_rotation_shim_controller' build argument 'cmake_target_skip_unavailable' from command line to 'False'
[0.517s] Level 5:colcon.colcon_core.verb:set package 'nav2_rotation_shim_controller' build argument 'cmake_clean_cache' from command line to 'False'
[0.517s] Level 5:colcon.colcon_core.verb:set package 'nav2_rotation_shim_controller' build argument 'cmake_clean_first' from command line to 'False'
[0.517s] Level 5:colcon.colcon_core.verb:set package 'nav2_rotation_shim_controller' build argument 'cmake_force_configure' from command line to 'False'
[0.517s] Level 5:colcon.colcon_core.verb:set package 'nav2_rotation_shim_controller' build argument 'ament_cmake_args' from command line to 'None'
[0.517s] Level 5:colcon.colcon_core.verb:set package 'nav2_rotation_shim_controller' build argument 'catkin_cmake_args' from command line to 'None'
[0.517s] Level 5:colcon.colcon_core.verb:set package 'nav2_rotation_shim_controller' build argument 'catkin_skip_building_tests' from command line to 'False'
[0.517s] DEBUG:colcon.colcon_core.verb:Building package 'nav2_rotation_shim_controller' with the following arguments: {'ament_cmake_args': None, 'build_base': '/home/agilex/agilex_ws/build/nav2_rotation_shim_controller', 'catkin_cmake_args': None, 'catkin_skip_building_tests': False, 'cmake_args': None, 'cmake_clean_cache': False, 'cmake_clean_first': False, 'cmake_force_configure': False, 'cmake_target': None, 'cmake_target_skip_unavailable': False, 'install_base': '/home/agilex/agilex_ws/install/nav2_rotation_shim_controller', 'merge_install': False, 'path': '/home/agilex/agilex_ws/src/navigation2/nav2_rotation_shim_controller', 'symlink_install': False, 'test_result_base': None}
[0.520s] Level 5:colcon.colcon_core.verb:set package 'nav2_dwb_controller' build argument 'cmake_args' from command line to 'None'
[0.520s] Level 5:colcon.colcon_core.verb:set package 'nav2_dwb_controller' build argument 'cmake_target' from command line to 'None'
[0.520s] Level 5:colcon.colcon_core.verb:set package 'nav2_dwb_controller' build argument 'cmake_target_skip_unavailable' from command line to 'False'
[0.520s] Level 5:colcon.colcon_core.verb:set package 'nav2_dwb_controller' build argument 'cmake_clean_cache' from command line to 'False'
[0.520s] Level 5:colcon.colcon_core.verb:set package 'nav2_dwb_controller' build argument 'cmake_clean_first' from command line to 'False'
[0.520s] Level 5:colcon.colcon_core.verb:set package 'nav2_dwb_controller' build argument 'cmake_force_configure' from command line to 'False'
[0.520s] Level 5:colcon.colcon_core.verb:set package 'nav2_dwb_controller' build argument 'ament_cmake_args' from command line to 'None'
[0.520s] Level 5:colcon.colcon_core.verb:set package 'nav2_dwb_controller' build argument 'catkin_cmake_args' from command line to 'None'
[0.520s] Level 5:colcon.colcon_core.verb:set package 'nav2_dwb_controller' build argument 'catkin_skip_building_tests' from command line to 'False'
[0.520s] DEBUG:colcon.colcon_core.verb:Building package 'nav2_dwb_controller' with the following arguments: {'ament_cmake_args': None, 'build_base': '/home/agilex/agilex_ws/build/nav2_dwb_controller', 'catkin_cmake_args': None, 'catkin_skip_building_tests': False, 'cmake_args': None, 'cmake_clean_cache': False, 'cmake_clean_first': False, 'cmake_force_configure': False, 'cmake_target': None, 'cmake_target_skip_unavailable': False, 'install_base': '/home/agilex/agilex_ws/install/nav2_dwb_controller', 'merge_install': False, 'path': '/home/agilex/agilex_ws/src/navigation2/nav2_dwb_controller/nav2_dwb_controller', 'symlink_install': False, 'test_result_base': None}
[0.523s] Level 5:colcon.colcon_core.verb:set package 'navigation2' build argument 'cmake_args' from command line to 'None'
[0.523s] Level 5:colcon.colcon_core.verb:set package 'navigation2' build argument 'cmake_target' from command line to 'None'
[0.523s] Level 5:colcon.colcon_core.verb:set package 'navigation2' build argument 'cmake_target_skip_unavailable' from command line to 'False'
[0.523s] Level 5:colcon.colcon_core.verb:set package 'navigation2' build argument 'cmake_clean_cache' from command line to 'False'
[0.523s] Level 5:colcon.colcon_core.verb:set package 'navigation2' build argument 'cmake_clean_first' from command line to 'False'
[0.523s] Level 5:colcon.colcon_core.verb:set package 'navigation2' build argument 'cmake_force_configure' from command line to 'False'
[0.523s] Level 5:colcon.colcon_core.verb:set package 'navigation2' build argument 'ament_cmake_args' from command line to 'None'
[0.523s] Level 5:colcon.colcon_core.verb:set package 'navigation2' build argument 'catkin_cmake_args' from command line to 'None'
[0.523s] Level 5:colcon.colcon_core.verb:set package 'navigation2' build argument 'catkin_skip_building_tests' from command line to 'False'
[0.523s] DEBUG:colcon.colcon_core.verb:Building package 'navigation2' with the following arguments: {'ament_cmake_args': None, 'build_base': '/home/agilex/agilex_ws/build/navigation2', 'catkin_cmake_args': None, 'catkin_skip_building_tests': False, 'cmake_args': None, 'cmake_clean_cache': False, 'cmake_clean_first': False, 'cmake_force_configure': False, 'cmake_target': None, 'cmake_target_skip_unavailable': False, 'install_base': '/home/agilex/agilex_ws/install/navigation2', 'merge_install': False, 'path': '/home/agilex/agilex_ws/src/navigation2/navigation2', 'symlink_install': False, 'test_result_base': None}
[0.526s] Level 5:colcon.colcon_core.verb:set package 'nav2_bringup' build argument 'cmake_args' from command line to 'None'
[0.526s] Level 5:colcon.colcon_core.verb:set package 'nav2_bringup' build argument 'cmake_target' from command line to 'None'
[0.526s] Level 5:colcon.colcon_core.verb:set package 'nav2_bringup' build argument 'cmake_target_skip_unavailable' from command line to 'False'
[0.526s] Level 5:colcon.colcon_core.verb:set package 'nav2_bringup' build argument 'cmake_clean_cache' from command line to 'False'
[0.526s] Level 5:colcon.colcon_core.verb:set package 'nav2_bringup' build argument 'cmake_clean_first' from command line to 'False'
[0.526s] Level 5:colcon.colcon_core.verb:set package 'nav2_bringup' build argument 'cmake_force_configure' from command line to 'False'
[0.526s] Level 5:colcon.colcon_core.verb:set package 'nav2_bringup' build argument 'ament_cmake_args' from command line to 'None'
[0.526s] Level 5:colcon.colcon_core.verb:set package 'nav2_bringup' build argument 'catkin_cmake_args' from command line to 'None'
[0.526s] Level 5:colcon.colcon_core.verb:set package 'nav2_bringup' build argument 'catkin_skip_building_tests' from command line to 'False'
[0.526s] DEBUG:colcon.colcon_core.verb:Building package 'nav2_bringup' with the following arguments: {'ament_cmake_args': None, 'build_base': '/home/agilex/agilex_ws/build/nav2_bringup', 'catkin_cmake_args': None, 'catkin_skip_building_tests': False, 'cmake_args': None, 'cmake_clean_cache': False, 'cmake_clean_first': False, 'cmake_force_configure': False, 'cmake_target': None, 'cmake_target_skip_unavailable': False, 'install_base': '/home/agilex/agilex_ws/install/nav2_bringup', 'merge_install': False, 'path': '/home/agilex/agilex_ws/src/navigation2/nav2_bringup', 'symlink_install': False, 'test_result_base': None}
[0.529s] Level 5:colcon.colcon_core.verb:set package 'nav2_system_tests' build argument 'cmake_args' from command line to 'None'
[0.529s] Level 5:colcon.colcon_core.verb:set package 'nav2_system_tests' build argument 'cmake_target' from command line to 'None'
[0.529s] Level 5:colcon.colcon_core.verb:set package 'nav2_system_tests' build argument 'cmake_target_skip_unavailable' from command line to 'False'
[0.529s] Level 5:colcon.colcon_core.verb:set package 'nav2_system_tests' build argument 'cmake_clean_cache' from command line to 'False'
[0.529s] Level 5:colcon.colcon_core.verb:set package 'nav2_system_tests' build argument 'cmake_clean_first' from command line to 'False'
[0.529s] Level 5:colcon.colcon_core.verb:set package 'nav2_system_tests' build argument 'cmake_force_configure' from command line to 'False'
[0.529s] Level 5:colcon.colcon_core.verb:set package 'nav2_system_tests' build argument 'ament_cmake_args' from command line to 'None'
[0.529s] Level 5:colcon.colcon_core.verb:set package 'nav2_system_tests' build argument 'catkin_cmake_args' from command line to 'None'
[0.529s] Level 5:colcon.colcon_core.verb:set package 'nav2_system_tests' build argument 'catkin_skip_building_tests' from command line to 'False'
[0.529s] DEBUG:colcon.colcon_core.verb:Building package 'nav2_system_tests' with the following arguments: {'ament_cmake_args': None, 'build_base': '/home/agilex/agilex_ws/build/nav2_system_tests', 'catkin_cmake_args': None, 'catkin_skip_building_tests': False, 'cmake_args': None, 'cmake_clean_cache': False, 'cmake_clean_first': False, 'cmake_force_configure': False, 'cmake_target': None, 'cmake_target_skip_unavailable': False, 'install_base': '/home/agilex/agilex_ws/install/nav2_system_tests', 'merge_install': False, 'path': '/home/agilex/agilex_ws/src/navigation2/nav2_system_tests', 'symlink_install': False, 'test_result_base': None}
[0.532s] Level 5:colcon.colcon_core.verb:set package 'teb_local_planner' build argument 'cmake_args' from command line to 'None'
[0.532s] Level 5:colcon.colcon_core.verb:set package 'teb_local_planner' build argument 'cmake_target' from command line to 'None'
[0.532s] Level 5:colcon.colcon_core.verb:set package 'teb_local_planner' build argument 'cmake_target_skip_unavailable' from command line to 'False'
[0.532s] Level 5:colcon.colcon_core.verb:set package 'teb_local_planner' build argument 'cmake_clean_cache' from command line to 'False'
[0.532s] Level 5:colcon.colcon_core.verb:set package 'teb_local_planner' build argument 'cmake_clean_first' from command line to 'False'
[0.532s] Level 5:colcon.colcon_core.verb:set package 'teb_local_planner' build argument 'cmake_force_configure' from command line to 'False'
[0.532s] Level 5:colcon.colcon_core.verb:set package 'teb_local_planner' build argument 'ament_cmake_args' from command line to 'None'
[0.532s] Level 5:colcon.colcon_core.verb:set package 'teb_local_planner' build argument 'catkin_cmake_args' from command line to 'None'
[0.532s] Level 5:colcon.colcon_core.verb:set package 'teb_local_planner' build argument 'catkin_skip_building_tests' from command line to 'False'
[0.532s] DEBUG:colcon.colcon_core.verb:Building package 'teb_local_planner' with the following arguments: {'ament_cmake_args': None, 'build_base': '/home/agilex/agilex_ws/build/teb_local_planner', 'catkin_cmake_args': None, 'catkin_skip_building_tests': False, 'cmake_args': None, 'cmake_clean_cache': False, 'cmake_clean_first': False, 'cmake_force_configure': False, 'cmake_target': None, 'cmake_target_skip_unavailable': False, 'install_base': '/home/agilex/agilex_ws/install/teb_local_planner', 'merge_install': False, 'path': '/home/agilex/agilex_ws/src/teb_local_planner/teb_local_planner', 'symlink_install': False, 'test_result_base': None}
[0.535s] INFO:colcon.colcon_core.executor:Executing jobs using 'parallel' executor
[0.538s] DEBUG:colcon.colcon_parallel_executor.executor.parallel:run_until_complete
[0.539s] INFO:colcon.colcon_ros.task.ament_cmake.build:Building ROS package in '/home/agilex/agilex_ws/src/navigation2/nav2_common' with build type 'ament_cmake'
[0.539s] INFO:colcon.colcon_cmake.task.cmake.build:Building CMake package in '/home/agilex/agilex_ws/src/navigation2/nav2_common'
[0.544s] INFO:colcon.colcon_core.plugin_system:Skipping extension 'colcon_core.shell.bat': Not used on non-Windows systems
[0.544s] INFO:colcon.colcon_core.shell:Skip shell extension 'powershell' for command environment: Not usable outside of PowerShell
[0.544s] DEBUG:colcon.colcon_core.shell:Skip shell extension 'dsv' for command environment
[0.547s] INFO:colcon.colcon_ros.task.ament_cmake.build:Building ROS package in '/home/agilex/agilex_ws/src/navigation2/nav2_dwb_controller/nav_2d_msgs' with build type 'ament_cmake'
[0.548s] INFO:colcon.colcon_cmake.task.cmake.build:Building CMake package in '/home/agilex/agilex_ws/src/navigation2/nav2_dwb_controller/nav_2d_msgs'
[0.551s] INFO:colcon.colcon_core.shell:Skip shell extension 'powershell' for command environment: Not usable outside of PowerShell
[0.551s] DEBUG:colcon.colcon_core.shell:Skip shell extension 'dsv' for command environment
[0.555s] INFO:colcon.colcon_ros.task.ament_cmake.build:Building ROS package in '/home/agilex/agilex_ws/src/costmap_converter/costmap_converter_msgs' with build type 'ament_cmake'
[0.555s] INFO:colcon.colcon_cmake.task.cmake.build:Building CMake package in '/home/agilex/agilex_ws/src/costmap_converter/costmap_converter_msgs'
[0.558s] INFO:colcon.colcon_core.shell:Skip shell extension 'powershell' for command environment: Not usable outside of PowerShell
[0.558s] DEBUG:colcon.colcon_core.shell:Skip shell extension 'dsv' for command environment
[0.562s] INFO:colcon.colcon_ros.task.ament_cmake.build:Building ROS package in '/home/agilex/agilex_ws/src/limo_ros2/limo_msgs' with build type 'ament_cmake'
[0.562s] INFO:colcon.colcon_cmake.task.cmake.build:Building CMake package in '/home/agilex/agilex_ws/src/limo_ros2/limo_msgs'
[0.565s] INFO:colcon.colcon_core.shell:Skip shell extension 'powershell' for command environment: Not usable outside of PowerShell
[0.565s] DEBUG:colcon.colcon_core.shell:Skip shell extension 'dsv' for command environment
[0.569s] INFO:colcon.colcon_ros.task.ament_cmake.build:Building ROS package in '/home/agilex/agilex_ws/src/aruco_ros/aruco' with build type 'ament_cmake'
[0.569s] INFO:colcon.colcon_cmake.task.cmake.build:Building CMake package in '/home/agilex/agilex_ws/src/aruco_ros/aruco'
[0.572s] INFO:colcon.colcon_core.shell:Skip shell extension 'powershell' for command environment: Not usable outside of PowerShell
[0.572s] DEBUG:colcon.colcon_core.shell:Skip shell extension 'dsv' for command environment
[0.576s] INFO:colcon.colcon_ros.task.ament_cmake.build:Building ROS package in '/home/agilex/agilex_ws/src/aruco_ros/aruco_msgs' with build type 'ament_cmake'
[0.576s] INFO:colcon.colcon_cmake.task.cmake.build:Building CMake package in '/home/agilex/agilex_ws/src/aruco_ros/aruco_msgs'
[0.579s] INFO:colcon.colcon_core.shell:Skip shell extension 'powershell' for command environment: Not usable outside of PowerShell
[0.579s] DEBUG:colcon.colcon_core.shell:Skip shell extension 'dsv' for command environment
[0.583s] INFO:colcon.colcon_ros.task.ament_cmake.build:Building ROS package in '/home/agilex/agilex_ws/src/OrbbecSDK_ROS2/orbbec_camera_msgs' with build type 'ament_cmake'
[0.583s] INFO:colcon.colcon_cmake.task.cmake.build:Building CMake package in '/home/agilex/agilex_ws/src/OrbbecSDK_ROS2/orbbec_camera_msgs'
[0.586s] INFO:colcon.colcon_core.shell:Skip shell extension 'powershell' for command environment: Not usable outside of PowerShell
[0.586s] DEBUG:colcon.colcon_core.shell:Skip shell extension 'dsv' for command environment
[0.589s] INFO:colcon.colcon_ros.task.ament_cmake.build:Building ROS package in '/home/agilex/agilex_ws/src/csm' with build type 'ament_cmake'
[0.590s] INFO:colcon.colcon_cmake.task.cmake.build:Building CMake package in '/home/agilex/agilex_ws/src/csm'
[0.593s] INFO:colcon.colcon_core.shell:Skip shell extension 'powershell' for command environment: Not usable outside of PowerShell
[0.593s] DEBUG:colcon.colcon_core.shell:Skip shell extension 'dsv' for command environment
[0.599s] INFO:colcon.colcon_ros.task.ament_cmake.build:Building ROS package in '/home/agilex/agilex_ws/src/limo_car' with build type 'ament_cmake'
[0.599s] INFO:colcon.colcon_cmake.task.cmake.build:Building CMake package in '/home/agilex/agilex_ws/src/limo_car'
[0.605s] INFO:colcon.colcon_core.shell:Skip shell extension 'powershell' for command environment: Not usable outside of PowerShell
[0.605s] DEBUG:colcon.colcon_core.shell:Skip shell extension 'dsv' for command environment
[0.609s] INFO:colcon.colcon_ros.task.ament_cmake.build:Building ROS package in '/home/agilex/agilex_ws/src/limo_ros2/limo_description' with build type 'ament_cmake'
[0.609s] INFO:colcon.colcon_cmake.task.cmake.build:Building CMake package in '/home/agilex/agilex_ws/src/limo_ros2/limo_description'
[0.612s] INFO:colcon.colcon_core.shell:Skip shell extension 'powershell' for command environment: Not usable outside of PowerShell
[0.612s] DEBUG:colcon.colcon_core.shell:Skip shell extension 'dsv' for command environment
[0.615s] INFO:colcon.colcon_ros.task.ament_cmake.build:Building ROS package in '/home/agilex/agilex_ws/src/limo_visions' with build type 'ament_cmake'
[0.616s] INFO:colcon.colcon_cmake.task.cmake.build:Building CMake package in '/home/agilex/agilex_ws/src/limo_visions'
[0.620s] INFO:colcon.colcon_core.shell:Skip shell extension 'powershell' for command environment: Not usable outside of PowerShell
[0.620s] DEBUG:colcon.colcon_core.shell:Skip shell extension 'dsv' for command environment
[0.624s] INFO:colcon.colcon_ros.task.ament_cmake.build:Building ROS package in '/home/agilex/agilex_ws/src/OrbbecSDK_ROS2/orbbec_description' with build type 'ament_cmake'
[0.624s] INFO:colcon.colcon_cmake.task.cmake.build:Building CMake package in '/home/agilex/agilex_ws/src/OrbbecSDK_ROS2/orbbec_description'
[0.628s] INFO:colcon.colcon_core.shell:Skip shell extension 'powershell' for command environment: Not usable outside of PowerShell
[0.628s] DEBUG:colcon.colcon_core.shell:Skip shell extension 'dsv' for command environment
[0.632s] INFO:colcon.colcon_ros.task.ament_cmake.build:Building ROS package in '/home/agilex/agilex_ws/src/rf2o_laser_odometry' with build type 'ament_cmake'
[0.632s] INFO:colcon.colcon_cmake.task.cmake.build:Building CMake package in '/home/agilex/agilex_ws/src/rf2o_laser_odometry'
[0.635s] INFO:colcon.colcon_core.shell:Skip shell extension 'powershell' for command environment: Not usable outside of PowerShell
[0.636s] DEBUG:colcon.colcon_core.shell:Skip shell extension 'dsv' for command environment
[0.640s] INFO:colcon.colcon_ros.task.ament_cmake.build:Building ROS package in '/home/agilex/agilex_ws/src/ydlidar_ros2_driver' with build type 'ament_cmake'
[0.640s] INFO:colcon.colcon_cmake.task.cmake.build:Building CMake package in '/home/agilex/agilex_ws/src/ydlidar_ros2_driver'
[0.643s] INFO:colcon.colcon_core.shell:Skip shell extension 'powershell' for command environment: Not usable outside of PowerShell
[0.643s] DEBUG:colcon.colcon_core.shell:Skip shell extension 'dsv' for command environment
[0.647s] INFO:colcon.colcon_cmake.task.cmake.build:Building CMake package in '/home/agilex/agilex_ws/src/YDLidar-SDK'
[0.650s] INFO:colcon.colcon_core.shell:Skip shell extension 'powershell' for command environment: Not usable outside of PowerShell
[0.650s] DEBUG:colcon.colcon_core.shell:Skip shell extension 'dsv' for command environment
[0.653s] INFO:colcon.colcon_ros.task.ament_python.build:Building ROS package in '/home/agilex/agilex_ws/src/yolov5_ros2' with build type 'ament_python'
[0.653s] Level 1:colcon.colcon_core.shell:create_environment_hook('yolov5_ros2', 'ament_prefix_path')
[0.657s] INFO:colcon.colcon_core.shell:Creating environment hook '/home/agilex/agilex_ws/install/yolov5_ros2/share/yolov5_ros2/hook/ament_prefix_path.ps1'
[0.657s] INFO:colcon.colcon_core.shell:Creating environment descriptor '/home/agilex/agilex_ws/install/yolov5_ros2/share/yolov5_ros2/hook/ament_prefix_path.dsv'
[0.657s] INFO:colcon.colcon_core.shell:Creating environment hook '/home/agilex/agilex_ws/install/yolov5_ros2/share/yolov5_ros2/hook/ament_prefix_path.sh'
[0.660s] INFO:colcon.colcon_core.shell:Skip shell extension 'powershell' for command environment: Not usable outside of PowerShell
[0.661s] DEBUG:colcon.colcon_core.shell:Skip shell extension 'dsv' for command environment
[0.671s] DEBUG:colcon.colcon_core.event_handler.log_command:Invoking command in '/home/agilex/agilex_ws/build/nav2_common': /usr/bin/cmake --build /home/agilex/agilex_ws/build/nav2_common -- -j16 -l16
[0.673s] DEBUG:colcon.colcon_core.event_handler.log_command:Invoking command in '/home/agilex/agilex_ws/build/nav_2d_msgs': /usr/bin/cmake --build /home/agilex/agilex_ws/build/nav_2d_msgs -- -j16 -l16
[0.673s] DEBUG:colcon.colcon_core.event_handler.log_command:Invoking command in '/home/agilex/agilex_ws/build/costmap_converter_msgs': /usr/bin/cmake --build /home/agilex/agilex_ws/build/costmap_converter_msgs -- -j16 -l16
[0.674s] DEBUG:colcon.colcon_core.event_handler.log_command:Invoking command in '/home/agilex/agilex_ws/build/limo_msgs': /usr/bin/cmake --build /home/agilex/agilex_ws/build/limo_msgs -- -j16 -l16
[0.676s] DEBUG:colcon.colcon_core.event_handler.log_command:Invoking command in '/home/agilex/agilex_ws/build/aruco': /usr/bin/cmake --build /home/agilex/agilex_ws/build/aruco -- -j16 -l16
[0.677s] DEBUG:colcon.colcon_core.event_handler.log_command:Invoking command in '/home/agilex/agilex_ws/build/aruco_msgs': /usr/bin/cmake --build /home/agilex/agilex_ws/build/aruco_msgs -- -j16 -l16
[0.694s] DEBUG:colcon.colcon_core.event_handler.log_command:Invoking command in '/home/agilex/agilex_ws/build/orbbec_camera_msgs': /usr/bin/cmake --build /home/agilex/agilex_ws/build/orbbec_camera_msgs -- -j16 -l16
[0.696s] DEBUG:colcon.colcon_core.event_handler.log_command:Invoking command in '/home/agilex/agilex_ws/build/csm': /usr/bin/cmake --build /home/agilex/agilex_ws/build/csm -- -j16 -l16
[0.708s] DEBUG:colcon.colcon_core.event_handler.log_command:Invoking command in '/home/agilex/agilex_ws/build/limo_car': /usr/bin/cmake --build /home/agilex/agilex_ws/build/limo_car -- -j16 -l16
[0.715s] DEBUG:colcon.colcon_core.event_handler.log_command:Invoking command in '/home/agilex/agilex_ws/build/limo_description': /usr/bin/cmake --build /home/agilex/agilex_ws/build/limo_description -- -j16 -l16
[0.716s] DEBUG:colcon.colcon_core.event_handler.log_command:Invoking command in '/home/agilex/agilex_ws/build/limo_visions': /usr/bin/cmake --build /home/agilex/agilex_ws/build/limo_visions -- -j16 -l16
[0.735s] DEBUG:colcon.colcon_core.event_handler.log_command:Invoking command in '/home/agilex/agilex_ws/build/orbbec_description': /usr/bin/cmake --build /home/agilex/agilex_ws/build/orbbec_description -- -j16 -l16
[0.737s] DEBUG:colcon.colcon_core.event_handler.log_command:Invoking command in '/home/agilex/agilex_ws/build/rf2o_laser_odometry': /usr/bin/cmake --build /home/agilex/agilex_ws/build/rf2o_laser_odometry -- -j16 -l16
[0.774s] DEBUG:colcon.colcon_core.event_handler.log_command:Invoking command in '/home/agilex/agilex_ws/build/ydlidar_ros2_driver': /usr/bin/cmake --build /home/agilex/agilex_ws/build/ydlidar_ros2_driver -- -j16 -l16
[0.797s] DEBUG:colcon.colcon_core.event_handler.log_command:Invoking command in '/home/agilex/agilex_ws/build/ydlidar_sdk': /usr/bin/cmake --build /home/agilex/agilex_ws/build/ydlidar_sdk -- -j16 -l16
[1.056s] WARNING:colcon.colcon_ros.task.ament_python.build:Package 'yolov5_ros2' doesn't explicitly install a marker in the package index (colcon-ros currently does it implicitly but that fallback will be removed in the future)
[1.056s] INFO:colcon.colcon_core.task.python.build:Building Python package in '/home/agilex/agilex_ws/src/yolov5_ros2'
[1.063s] INFO:colcon.colcon_core.shell:Skip shell extension 'powershell' for command environment: Not usable outside of PowerShell
[1.063s] DEBUG:colcon.colcon_core.shell:Skip shell extension 'dsv' for command environment
[1.077s] DEBUG:colcon.colcon_core.event_handler.log_command:Invoked command in '/home/agilex/agilex_ws/build/limo_car' returned '0': /usr/bin/cmake --build /home/agilex/agilex_ws/build/limo_car -- -j16 -l16
[1.077s] DEBUG:colcon.colcon_core.event_handler.log_command:Invoked command in '/home/agilex/agilex_ws/build/limo_visions' returned '0': /usr/bin/cmake --build /home/agilex/agilex_ws/build/limo_visions -- -j16 -l16
[1.078s] DEBUG:colcon.colcon_core.event_handler.log_command:Invoked command in '/home/agilex/agilex_ws/build/csm' returned '0': /usr/bin/cmake --build /home/agilex/agilex_ws/build/csm -- -j16 -l16
[1.079s] DEBUG:colcon.colcon_core.event_handler.log_command:Invoked command in '/home/agilex/agilex_ws/build/aruco' returned '0': /usr/bin/cmake --build /home/agilex/agilex_ws/build/aruco -- -j16 -l16
[1.080s] DEBUG:colcon.colcon_core.event_handler.log_command:Invoked command in '/home/agilex/agilex_ws/build/orbbec_description' returned '0': /usr/bin/cmake --build /home/agilex/agilex_ws/build/orbbec_description -- -j16 -l16
[1.080s] DEBUG:colcon.colcon_core.event_handler.log_command:Invoked command in '/home/agilex/agilex_ws/build/rf2o_laser_odometry' returned '0': /usr/bin/cmake --build /home/agilex/agilex_ws/build/rf2o_laser_odometry -- -j16 -l16
[1.081s] DEBUG:colcon.colcon_core.event_handler.log_command:Invoked command in '/home/agilex/agilex_ws/build/limo_description' returned '0': /usr/bin/cmake --build /home/agilex/agilex_ws/build/limo_description -- -j16 -l16
[1.084s] DEBUG:colcon.colcon_core.event_handler.log_command:Invoked command in '/home/agilex/agilex_ws/build/ydlidar_sdk' returned '0': /usr/bin/cmake --build /home/agilex/agilex_ws/build/ydlidar_sdk -- -j16 -l16
[1.085s] DEBUG:colcon.colcon_core.event_handler.log_command:Invoked command in '/home/agilex/agilex_ws/build/nav2_common' returned '0': /usr/bin/cmake --build /home/agilex/agilex_ws/build/nav2_common -- -j16 -l16
[1.087s] DEBUG:colcon.colcon_core.event_handler.log_command:Invoked command in '/home/agilex/agilex_ws/build/ydlidar_ros2_driver' returned '0': /usr/bin/cmake --build /home/agilex/agilex_ws/build/ydlidar_ros2_driver -- -j16 -l16
[1.090s] DEBUG:colcon.colcon_core.event_handler.log_command:Invoked command in '/home/agilex/agilex_ws/build/costmap_converter_msgs' returned '0': /usr/bin/cmake --build /home/agilex/agilex_ws/build/costmap_converter_msgs -- -j16 -l16
[1.093s] DEBUG:colcon.colcon_core.event_handler.log_command:Invoked command in '/home/agilex/agilex_ws/build/aruco_msgs' returned '0': /usr/bin/cmake --build /home/agilex/agilex_ws/build/aruco_msgs -- -j16 -l16
[1.095s] DEBUG:colcon.colcon_core.event_handler.log_command:Invoked command in '/home/agilex/agilex_ws/build/limo_msgs' returned '0': /usr/bin/cmake --build /home/agilex/agilex_ws/build/limo_msgs -- -j16 -l16
[1.099s] DEBUG:colcon.colcon_core.event_handler.log_command:Invoked command in '/home/agilex/agilex_ws/build/nav_2d_msgs' returned '0': /usr/bin/cmake --build /home/agilex/agilex_ws/build/nav_2d_msgs -- -j16 -l16
[1.099s] DEBUG:colcon.colcon_core.event_handler.log_command:Invoked command in '/home/agilex/agilex_ws/build/orbbec_camera_msgs' returned '0': /usr/bin/cmake --build /home/agilex/agilex_ws/build/orbbec_camera_msgs -- -j16 -l16
[1.122s] DEBUG:colcon.colcon_core.event_handler.log_command:Invoking command in '/home/agilex/agilex_ws/build/limo_car': /usr/bin/cmake --install /home/agilex/agilex_ws/build/limo_car
[1.123s] DEBUG:colcon.colcon_core.event_handler.log_command:Invoking command in '/home/agilex/agilex_ws/build/limo_description': /usr/bin/cmake --install /home/agilex/agilex_ws/build/limo_description
[1.126s] DEBUG:colcon.colcon_core.event_handler.log_command:Invoking command in '/home/agilex/agilex_ws/build/rf2o_laser_odometry': /usr/bin/cmake --install /home/agilex/agilex_ws/build/rf2o_laser_odometry
[1.131s] DEBUG:colcon.colcon_core.event_handler.log_command:Invoking command in '/home/agilex/agilex_ws/build/orbbec_description': /usr/bin/cmake --install /home/agilex/agilex_ws/build/orbbec_description
[1.151s] Level 1:colcon.colcon_core.environment:create_environment_scripts_only(limo_car)
[1.154s] DEBUG:colcon.colcon_core.event_handler.log_command:Invoking command in '/home/agilex/agilex_ws/build/nav2_common': /usr/bin/cmake --install /home/agilex/agilex_ws/build/nav2_common
[1.155s] DEBUG:colcon.colcon_core.event_handler.log_command:Invoking command in '/home/agilex/agilex_ws/build/ydlidar_ros2_driver': /usr/bin/cmake --install /home/agilex/agilex_ws/build/ydlidar_ros2_driver
[1.155s] DEBUG:colcon.colcon_core.event_handler.log_command:Invoking command in '/home/agilex/agilex_ws/build/limo_visions': /usr/bin/cmake --install /home/agilex/agilex_ws/build/limo_visions
[1.157s] DEBUG:colcon.colcon_core.event_handler.log_command:Invoking command in '/home/agilex/agilex_ws/build/aruco': /usr/bin/cmake --install /home/agilex/agilex_ws/build/aruco
[1.159s] DEBUG:colcon.colcon_core.event_handler.log_command:Invoked command in '/home/agilex/agilex_ws/build/limo_car' returned '0': /usr/bin/cmake --install /home/agilex/agilex_ws/build/limo_car
[1.167s] Level 1:colcon.colcon_core.environment:checking '/home/agilex/agilex_ws/install/limo_car' for CMake module files
[1.168s] Level 1:colcon.colcon_core.environment:checking '/home/agilex/agilex_ws/install/limo_car' for CMake config files
[1.168s] Level 1:colcon.colcon_core.shell:create_environment_hook('limo_car', 'cmake_prefix_path')
[1.174s] INFO:colcon.colcon_core.shell:Creating environment hook '/home/agilex/agilex_ws/install/limo_car/share/limo_car/hook/cmake_prefix_path.ps1'
[1.175s] INFO:colcon.colcon_core.shell:Creating environment descriptor '/home/agilex/agilex_ws/install/limo_car/share/limo_car/hook/cmake_prefix_path.dsv'
[1.175s] INFO:colcon.colcon_core.shell:Creating environment hook '/home/agilex/agilex_ws/install/limo_car/share/limo_car/hook/cmake_prefix_path.sh'
[1.175s] Level 1:colcon.colcon_core.environment:checking '/home/agilex/agilex_ws/install/limo_car/bin'
[1.175s] Level 1:colcon.colcon_core.environment:checking '/home/agilex/agilex_ws/install/limo_car/lib/pkgconfig/limo_car.pc'
[1.175s] Level 1:colcon.colcon_core.environment:checking '/home/agilex/agilex_ws/install/limo_car/lib/python3.10/site-packages'
[1.176s] Level 1:colcon.colcon_core.environment:checking '/home/agilex/agilex_ws/install/limo_car/bin'
[1.179s] INFO:colcon.colcon_core.shell:Creating package script '/home/agilex/agilex_ws/install/limo_car/share/limo_car/package.ps1'
[1.180s] INFO:colcon.colcon_core.shell:Creating package descriptor '/home/agilex/agilex_ws/install/limo_car/share/limo_car/package.dsv'
[1.180s] INFO:colcon.colcon_core.shell:Creating package script '/home/agilex/agilex_ws/install/limo_car/share/limo_car/package.sh'
[1.180s] INFO:colcon.colcon_core.shell:Creating package script '/home/agilex/agilex_ws/install/limo_car/share/limo_car/package.bash'
[1.181s] INFO:colcon.colcon_core.shell:Creating package script '/home/agilex/agilex_ws/install/limo_car/share/limo_car/package.zsh'
[1.181s] Level 1:colcon.colcon_core.environment:create_file_with_runtime_dependencies(/home/agilex/agilex_ws/install/limo_car/share/colcon-core/packages/limo_car)
[1.182s] Level 1:colcon.colcon_core.environment:create_environment_scripts_only(limo_description)
[1.182s] DEBUG:colcon.colcon_core.event_handler.log_command:Invoked command in '/home/agilex/agilex_ws/build/limo_description' returned '0': /usr/bin/cmake --install /home/agilex/agilex_ws/build/limo_description
[1.187s] Level 1:colcon.colcon_core.environment:checking '/home/agilex/agilex_ws/install/limo_description' for CMake module files
[1.188s] Level 1:colcon.colcon_core.environment:checking '/home/agilex/agilex_ws/install/limo_description' for CMake config files
[1.188s] Level 1:colcon.colcon_core.shell:create_environment_hook('limo_description', 'cmake_prefix_path')
[1.192s] INFO:colcon.colcon_core.shell:Creating environment hook '/home/agilex/agilex_ws/install/limo_description/share/limo_description/hook/cmake_prefix_path.ps1'
[1.192s] INFO:colcon.colcon_core.shell:Creating environment descriptor '/home/agilex/agilex_ws/install/limo_description/share/limo_description/hook/cmake_prefix_path.dsv'
[1.192s] INFO:colcon.colcon_core.shell:Creating environment hook '/home/agilex/agilex_ws/install/limo_description/share/limo_description/hook/cmake_prefix_path.sh'
[1.192s] Level 1:colcon.colcon_core.environment:checking '/home/agilex/agilex_ws/install/limo_description/bin'
[1.192s] Level 1:colcon.colcon_core.environment:checking '/home/agilex/agilex_ws/install/limo_description/lib/pkgconfig/limo_description.pc'
[1.193s] Level 1:colcon.colcon_core.environment:checking '/home/agilex/agilex_ws/install/limo_description/lib/python3.10/site-packages'
[1.193s] Level 1:colcon.colcon_core.environment:checking '/home/agilex/agilex_ws/install/limo_description/bin'
[1.197s] INFO:colcon.colcon_core.shell:Creating package script '/home/agilex/agilex_ws/install/limo_description/share/limo_description/package.ps1'
[1.197s] INFO:colcon.colcon_core.shell:Creating package descriptor '/home/agilex/agilex_ws/install/limo_description/share/limo_description/package.dsv'
[1.197s] INFO:colcon.colcon_core.shell:Creating package script '/home/agilex/agilex_ws/install/limo_description/share/limo_description/package.sh'
[1.197s] INFO:colcon.colcon_core.shell:Creating package script '/home/agilex/agilex_ws/install/limo_description/share/limo_description/package.bash'
[1.198s] INFO:colcon.colcon_core.shell:Creating package script '/home/agilex/agilex_ws/install/limo_description/share/limo_description/package.zsh'
[1.198s] Level 1:colcon.colcon_core.environment:create_file_with_runtime_dependencies(/home/agilex/agilex_ws/install/limo_description/share/colcon-core/packages/limo_description)
[1.199s] Level 1:colcon.colcon_core.environment:create_environment_scripts_only(rf2o_laser_odometry)
[1.204s] DEBUG:colcon.colcon_core.event_handler.log_command:Invoked command in '/home/agilex/agilex_ws/build/rf2o_laser_odometry' returned '0': /usr/bin/cmake --install /home/agilex/agilex_ws/build/rf2o_laser_odometry
[1.207s] Level 1:colcon.colcon_core.environment:checking '/home/agilex/agilex_ws/install/rf2o_laser_odometry' for CMake module files
[1.208s] Level 1:colcon.colcon_core.environment:checking '/home/agilex/agilex_ws/install/rf2o_laser_odometry' for CMake config files
[1.208s] Level 1:colcon.colcon_core.shell:create_environment_hook('rf2o_laser_odometry', 'cmake_prefix_path')
[1.211s] INFO:colcon.colcon_core.shell:Creating environment hook '/home/agilex/agilex_ws/install/rf2o_laser_odometry/share/rf2o_laser_odometry/hook/cmake_prefix_path.ps1'
[1.212s] INFO:colcon.colcon_core.shell:Creating environment descriptor '/home/agilex/agilex_ws/install/rf2o_laser_odometry/share/rf2o_laser_odometry/hook/cmake_prefix_path.dsv'
[1.212s] INFO:colcon.colcon_core.shell:Creating environment hook '/home/agilex/agilex_ws/install/rf2o_laser_odometry/share/rf2o_laser_odometry/hook/cmake_prefix_path.sh'
[1.212s] Level 1:colcon.colcon_core.environment:checking '/home/agilex/agilex_ws/install/rf2o_laser_odometry/lib'
[1.212s] Level 1:colcon.colcon_core.environment:checking '/home/agilex/agilex_ws/install/rf2o_laser_odometry/bin'
[1.212s] Level 1:colcon.colcon_core.environment:checking '/home/agilex/agilex_ws/install/rf2o_laser_odometry/lib/pkgconfig/rf2o_laser_odometry.pc'
[1.212s] Level 1:colcon.colcon_core.environment:checking '/home/agilex/agilex_ws/install/rf2o_laser_odometry/lib/python3.10/site-packages'
[1.213s] Level 1:colcon.colcon_core.environment:checking '/home/agilex/agilex_ws/install/rf2o_laser_odometry/bin'
[1.216s] INFO:colcon.colcon_core.shell:Creating package script '/home/agilex/agilex_ws/install/rf2o_laser_odometry/share/rf2o_laser_odometry/package.ps1'
[1.216s] INFO:colcon.colcon_core.shell:Creating package descriptor '/home/agilex/agilex_ws/install/rf2o_laser_odometry/share/rf2o_laser_odometry/package.dsv'
[1.217s] INFO:colcon.colcon_core.shell:Creating package script '/home/agilex/agilex_ws/install/rf2o_laser_odometry/share/rf2o_laser_odometry/package.sh'
[1.217s] INFO:colcon.colcon_core.shell:Creating package script '/home/agilex/agilex_ws/install/rf2o_laser_odometry/share/rf2o_laser_odometry/package.bash'
[1.217s] INFO:colcon.colcon_core.shell:Creating package script '/home/agilex/agilex_ws/install/rf2o_laser_odometry/share/rf2o_laser_odometry/package.zsh'
[1.217s] Level 1:colcon.colcon_core.environment:create_file_with_runtime_dependencies(/home/agilex/agilex_ws/install/rf2o_laser_odometry/share/colcon-core/packages/rf2o_laser_odometry)
[1.218s] Level 1:colcon.colcon_core.environment:create_environment_scripts_only(orbbec_description)
[1.218s] DEBUG:colcon.colcon_core.event_handler.log_command:Invoked command in '/home/agilex/agilex_ws/build/orbbec_description' returned '0': /usr/bin/cmake --install /home/agilex/agilex_ws/build/orbbec_description
[1.225s] Level 1:colcon.colcon_core.environment:checking '/home/agilex/agilex_ws/install/orbbec_description' for CMake module files
[1.226s] Level 1:colcon.colcon_core.environment:checking '/home/agilex/agilex_ws/install/orbbec_description' for CMake config files
[1.226s] Level 1:colcon.colcon_core.shell:create_environment_hook('orbbec_description', 'cmake_prefix_path')
[1.233s] INFO:colcon.colcon_core.shell:Creating environment hook '/home/agilex/agilex_ws/install/orbbec_description/share/orbbec_description/hook/cmake_prefix_path.ps1'
[1.233s] INFO:colcon.colcon_core.shell:Creating environment descriptor '/home/agilex/agilex_ws/install/orbbec_description/share/orbbec_description/hook/cmake_prefix_path.dsv'
[1.233s] INFO:colcon.colcon_core.shell:Creating environment hook '/home/agilex/agilex_ws/install/orbbec_description/share/orbbec_description/hook/cmake_prefix_path.sh'
[1.233s] Level 1:colcon.colcon_core.environment:checking '/home/agilex/agilex_ws/install/orbbec_description/bin'
[1.234s] Level 1:colcon.colcon_core.environment:checking '/home/agilex/agilex_ws/install/orbbec_description/lib/pkgconfig/orbbec_description.pc'
[1.234s] Level 1:colcon.colcon_core.environment:checking '/home/agilex/agilex_ws/install/orbbec_description/lib/python3.10/site-packages'
[1.234s] Level 1:colcon.colcon_core.environment:checking '/home/agilex/agilex_ws/install/orbbec_description/bin'
[1.237s] INFO:colcon.colcon_core.shell:Creating package script '/home/agilex/agilex_ws/install/orbbec_description/share/orbbec_description/package.ps1'
[1.238s] INFO:colcon.colcon_core.shell:Creating package descriptor '/home/agilex/agilex_ws/install/orbbec_description/share/orbbec_description/package.dsv'
[1.238s] INFO:colcon.colcon_core.shell:Creating package script '/home/agilex/agilex_ws/install/orbbec_description/share/orbbec_description/package.sh'
[1.238s] INFO:colcon.colcon_core.shell:Creating package script '/home/agilex/agilex_ws/install/orbbec_description/share/orbbec_description/package.bash'
[1.238s] INFO:colcon.colcon_core.shell:Creating package script '/home/agilex/agilex_ws/install/orbbec_description/share/orbbec_description/package.zsh'
[1.238s] Level 1:colcon.colcon_core.environment:create_file_with_runtime_dependencies(/home/agilex/agilex_ws/install/orbbec_description/share/colcon-core/packages/orbbec_description)
[1.240s] DEBUG:colcon.colcon_core.event_handler.log_command:Invoking command in '/home/agilex/agilex_ws/build/ydlidar_sdk': /usr/bin/cmake --install /home/agilex/agilex_ws/build/ydlidar_sdk
[1.242s] DEBUG:colcon.colcon_core.event_handler.log_command:Invoking command in '/home/agilex/agilex_ws/build/csm': /usr/bin/cmake --install /home/agilex/agilex_ws/build/csm
[1.243s] DEBUG:colcon.colcon_core.event_handler.log_command:Invoking command in '/home/agilex/agilex_ws/build/limo_msgs': /usr/bin/cmake --install /home/agilex/agilex_ws/build/limo_msgs
[1.246s] Level 1:colcon.colcon_core.environment:create_environment_scripts_only(ydlidar_ros2_driver)
[1.247s] DEBUG:colcon.colcon_core.event_handler.log_command:Invoked command in '/home/agilex/agilex_ws/build/ydlidar_ros2_driver' returned '0': /usr/bin/cmake --install /home/agilex/agilex_ws/build/ydlidar_ros2_driver
[1.266s] Level 1:colcon.colcon_core.environment:checking '/home/agilex/agilex_ws/install/ydlidar_ros2_driver' for CMake module files
[1.267s] Level 1:colcon.colcon_core.environment:checking '/home/agilex/agilex_ws/install/ydlidar_ros2_driver' for CMake config files
[1.267s] Level 1:colcon.colcon_core.shell:create_environment_hook('ydlidar_ros2_driver', 'cmake_prefix_path')
[1.271s] INFO:colcon.colcon_core.shell:Creating environment hook '/home/agilex/agilex_ws/install/ydlidar_ros2_driver/share/ydlidar_ros2_driver/hook/cmake_prefix_path.ps1'
[1.271s] INFO:colcon.colcon_core.shell:Creating environment descriptor '/home/agilex/agilex_ws/install/ydlidar_ros2_driver/share/ydlidar_ros2_driver/hook/cmake_prefix_path.dsv'
[1.271s] INFO:colcon.colcon_core.shell:Creating environment hook '/home/agilex/agilex_ws/install/ydlidar_ros2_driver/share/ydlidar_ros2_driver/hook/cmake_prefix_path.sh'
[1.272s] Level 1:colcon.colcon_core.environment:checking '/home/agilex/agilex_ws/install/ydlidar_ros2_driver/lib'
[1.272s] Level 1:colcon.colcon_core.environment:checking '/home/agilex/agilex_ws/install/ydlidar_ros2_driver/bin'
[1.272s] Level 1:colcon.colcon_core.environment:checking '/home/agilex/agilex_ws/install/ydlidar_ros2_driver/lib/pkgconfig/ydlidar_ros2_driver.pc'
[1.272s] Level 1:colcon.colcon_core.environment:checking '/home/agilex/agilex_ws/install/ydlidar_ros2_driver/lib/python3.10/site-packages'
[1.272s] Level 1:colcon.colcon_core.environment:checking '/home/agilex/agilex_ws/install/ydlidar_ros2_driver/bin'
[1.276s] INFO:colcon.colcon_core.shell:Creating package script '/home/agilex/agilex_ws/install/ydlidar_ros2_driver/share/ydlidar_ros2_driver/package.ps1'
[1.276s] INFO:colcon.colcon_core.shell:Creating package descriptor '/home/agilex/agilex_ws/install/ydlidar_ros2_driver/share/ydlidar_ros2_driver/package.dsv'
[1.276s] INFO:colcon.colcon_core.shell:Creating package script '/home/agilex/agilex_ws/install/ydlidar_ros2_driver/share/ydlidar_ros2_driver/package.sh'
[1.276s] INFO:colcon.colcon_core.shell:Creating package script '/home/agilex/agilex_ws/install/ydlidar_ros2_driver/share/ydlidar_ros2_driver/package.bash'
[1.277s] INFO:colcon.colcon_core.shell:Creating package script '/home/agilex/agilex_ws/install/ydlidar_ros2_driver/share/ydlidar_ros2_driver/package.zsh'
[1.277s] Level 1:colcon.colcon_core.environment:create_file_with_runtime_dependencies(/home/agilex/agilex_ws/install/ydlidar_ros2_driver/share/colcon-core/packages/ydlidar_ros2_driver)
[1.278s] Level 1:colcon.colcon_core.environment:create_environment_scripts_only(limo_visions)
[1.280s] DEBUG:colcon.colcon_core.event_handler.log_command:Invoked command in '/home/agilex/agilex_ws/build/limo_visions' returned '0': /usr/bin/cmake --install /home/agilex/agilex_ws/build/limo_visions
[1.293s] Level 1:colcon.colcon_core.environment:checking '/home/agilex/agilex_ws/install/limo_visions' for CMake module files
[1.294s] Level 1:colcon.colcon_core.environment:checking '/home/agilex/agilex_ws/install/limo_visions' for CMake config files
[1.294s] Level 1:colcon.colcon_core.shell:create_environment_hook('limo_visions', 'cmake_prefix_path')
[1.301s] INFO:colcon.colcon_core.shell:Creating environment hook '/home/agilex/agilex_ws/install/limo_visions/share/limo_visions/hook/cmake_prefix_path.ps1'
[1.302s] INFO:colcon.colcon_core.shell:Creating environment descriptor '/home/agilex/agilex_ws/install/limo_visions/share/limo_visions/hook/cmake_prefix_path.dsv'
[1.302s] INFO:colcon.colcon_core.shell:Creating environment hook '/home/agilex/agilex_ws/install/limo_visions/share/limo_visions/hook/cmake_prefix_path.sh'
[1.303s] Level 1:colcon.colcon_core.environment:checking '/home/agilex/agilex_ws/install/limo_visions/lib'
[1.303s] Level 1:colcon.colcon_core.environment:checking '/home/agilex/agilex_ws/install/limo_visions/bin'
[1.303s] Level 1:colcon.colcon_core.environment:checking '/home/agilex/agilex_ws/install/limo_visions/lib/pkgconfig/limo_visions.pc'
[1.303s] Level 1:colcon.colcon_core.environment:checking '/home/agilex/agilex_ws/install/limo_visions/lib/python3.10/site-packages'
[1.303s] Level 1:colcon.colcon_core.environment:checking '/home/agilex/agilex_ws/install/limo_visions/bin'
[1.306s] INFO:colcon.colcon_core.shell:Creating package script '/home/agilex/agilex_ws/install/limo_visions/share/limo_visions/package.ps1'
[1.306s] INFO:colcon.colcon_core.shell:Creating package descriptor '/home/agilex/agilex_ws/install/limo_visions/share/limo_visions/package.dsv'
[1.306s] INFO:colcon.colcon_core.shell:Creating package script '/home/agilex/agilex_ws/install/limo_visions/share/limo_visions/package.sh'
[1.307s] INFO:colcon.colcon_core.shell:Creating package script '/home/agilex/agilex_ws/install/limo_visions/share/limo_visions/package.bash'
[1.307s] INFO:colcon.colcon_core.shell:Creating package script '/home/agilex/agilex_ws/install/limo_visions/share/limo_visions/package.zsh'
[1.307s] Level 1:colcon.colcon_core.environment:create_file_with_runtime_dependencies(/home/agilex/agilex_ws/install/limo_visions/share/colcon-core/packages/limo_visions)
[1.308s] Level 1:colcon.colcon_core.environment:create_environment_scripts_only(aruco)
[1.308s] DEBUG:colcon.colcon_core.event_handler.log_command:Invoked command in '/home/agilex/agilex_ws/build/aruco' returned '0': /usr/bin/cmake --install /home/agilex/agilex_ws/build/aruco
[1.311s] Level 1:colcon.colcon_core.environment:checking '/home/agilex/agilex_ws/install/aruco' for CMake module files
[1.311s] Level 1:colcon.colcon_core.environment:checking '/home/agilex/agilex_ws/install/aruco' for CMake config files
[1.311s] Level 1:colcon.colcon_core.shell:create_environment_hook('aruco', 'cmake_prefix_path')
[1.314s] INFO:colcon.colcon_core.shell:Creating environment hook '/home/agilex/agilex_ws/install/aruco/share/aruco/hook/cmake_prefix_path.ps1'
[1.315s] INFO:colcon.colcon_core.shell:Creating environment descriptor '/home/agilex/agilex_ws/install/aruco/share/aruco/hook/cmake_prefix_path.dsv'
[1.315s] INFO:colcon.colcon_core.shell:Creating environment hook '/home/agilex/agilex_ws/install/aruco/share/aruco/hook/cmake_prefix_path.sh'
[1.315s] Level 1:colcon.colcon_core.environment:checking '/home/agilex/agilex_ws/install/aruco/lib'
[1.315s] Level 1:colcon.colcon_core.shell:create_environment_hook('aruco', 'ld_library_path_lib')
[1.318s] INFO:colcon.colcon_core.shell:Creating environment hook '/home/agilex/agilex_ws/install/aruco/share/aruco/hook/ld_library_path_lib.ps1'
[1.318s] INFO:colcon.colcon_core.shell:Creating environment descriptor '/home/agilex/agilex_ws/install/aruco/share/aruco/hook/ld_library_path_lib.dsv'
[1.318s] INFO:colcon.colcon_core.shell:Creating environment hook '/home/agilex/agilex_ws/install/aruco/share/aruco/hook/ld_library_path_lib.sh'
[1.319s] Level 1:colcon.colcon_core.environment:checking '/home/agilex/agilex_ws/install/aruco/bin'
[1.319s] Level 1:colcon.colcon_core.environment:checking '/home/agilex/agilex_ws/install/aruco/lib/pkgconfig/aruco.pc'
[1.319s] Level 1:colcon.colcon_core.environment:checking '/home/agilex/agilex_ws/install/aruco/lib/python3.10/site-packages'
[1.319s] Level 1:colcon.colcon_core.environment:checking '/home/agilex/agilex_ws/install/aruco/bin'
[1.322s] INFO:colcon.colcon_core.shell:Creating package script '/home/agilex/agilex_ws/install/aruco/share/aruco/package.ps1'
[1.322s] INFO:colcon.colcon_core.shell:Creating package descriptor '/home/agilex/agilex_ws/install/aruco/share/aruco/package.dsv'
[1.322s] INFO:colcon.colcon_core.shell:Creating package script '/home/agilex/agilex_ws/install/aruco/share/aruco/package.sh'
[1.323s] INFO:colcon.colcon_core.shell:Creating package script '/home/agilex/agilex_ws/install/aruco/share/aruco/package.bash'
[1.323s] INFO:colcon.colcon_core.shell:Creating package script '/home/agilex/agilex_ws/install/aruco/share/aruco/package.zsh'
[1.323s] Level 1:colcon.colcon_core.environment:create_file_with_runtime_dependencies(/home/agilex/agilex_ws/install/aruco/share/colcon-core/packages/aruco)
[1.324s] Level 1:colcon.colcon_core.environment:create_environment_scripts_only(nav2_common)
[1.325s] DEBUG:colcon.colcon_core.event_handler.log_command:Invoked command in '/home/agilex/agilex_ws/build/nav2_common' returned '0': /usr/bin/cmake --install /home/agilex/agilex_ws/build/nav2_common
[1.328s] Level 1:colcon.colcon_core.environment:checking '/home/agilex/agilex_ws/install/nav2_common' for CMake module files
[1.329s] Level 1:colcon.colcon_core.environment:checking '/home/agilex/agilex_ws/install/nav2_common' for CMake config files
[1.329s] Level 1:colcon.colcon_core.shell:create_environment_hook('nav2_common', 'cmake_prefix_path')
[1.332s] INFO:colcon.colcon_core.shell:Creating environment hook '/home/agilex/agilex_ws/install/nav2_common/share/nav2_common/hook/cmake_prefix_path.ps1'
[1.332s] INFO:colcon.colcon_core.shell:Creating environment descriptor '/home/agilex/agilex_ws/install/nav2_common/share/nav2_common/hook/cmake_prefix_path.dsv'
[1.332s] INFO:colcon.colcon_core.shell:Creating environment hook '/home/agilex/agilex_ws/install/nav2_common/share/nav2_common/hook/cmake_prefix_path.sh'
[1.333s] Level 1:colcon.colcon_core.environment:checking '/home/agilex/agilex_ws/install/nav2_common/bin'
[1.333s] Level 1:colcon.colcon_core.environment:checking '/home/agilex/agilex_ws/install/nav2_common/lib/pkgconfig/nav2_common.pc'
[1.333s] Level 1:colcon.colcon_core.environment:checking '/home/agilex/agilex_ws/install/nav2_common/lib/python3.10/site-packages'
[1.333s] Level 1:colcon.colcon_core.environment:checking '/home/agilex/agilex_ws/install/nav2_common/bin'
[1.336s] INFO:colcon.colcon_core.shell:Creating package script '/home/agilex/agilex_ws/install/nav2_common/share/nav2_common/package.ps1'
[1.336s] INFO:colcon.colcon_core.shell:Creating package descriptor '/home/agilex/agilex_ws/install/nav2_common/share/nav2_common/package.dsv'
[1.337s] INFO:colcon.colcon_core.shell:Creating package script '/home/agilex/agilex_ws/install/nav2_common/share/nav2_common/package.sh'
[1.337s] INFO:colcon.colcon_core.shell:Creating package script '/home/agilex/agilex_ws/install/nav2_common/share/nav2_common/package.bash'
[1.337s] INFO:colcon.colcon_core.shell:Creating package script '/home/agilex/agilex_ws/install/nav2_common/share/nav2_common/package.zsh'
[1.337s] Level 1:colcon.colcon_core.environment:create_file_with_runtime_dependencies(/home/agilex/agilex_ws/install/nav2_common/share/colcon-core/packages/nav2_common)
[1.338s] DEBUG:colcon.colcon_core.event_handler.log_command:Invoking command in '/home/agilex/agilex_ws/build/costmap_converter_msgs': /usr/bin/cmake --install /home/agilex/agilex_ws/build/costmap_converter_msgs
[1.339s] DEBUG:colcon.colcon_core.event_handler.log_command:Invoking command in '/home/agilex/agilex_ws/build/aruco_msgs': /usr/bin/cmake --install /home/agilex/agilex_ws/build/aruco_msgs
[1.341s] DEBUG:colcon.colcon_core.event_handler.log_command:Invoking command in '/home/agilex/agilex_ws/build/nav_2d_msgs': /usr/bin/cmake --install /home/agilex/agilex_ws/build/nav_2d_msgs
[1.360s] Level 1:colcon.colcon_core.environment:create_environment_scripts_only(limo_car)
[1.367s] Level 1:colcon.colcon_core.environment:checking '/home/agilex/agilex_ws/install/limo_car' for CMake module files
[1.367s] Level 1:colcon.colcon_core.environment:checking '/home/agilex/agilex_ws/install/limo_car' for CMake config files
[1.368s] Level 1:colcon.colcon_core.shell:create_environment_hook('limo_car', 'cmake_prefix_path')
[1.374s] INFO:colcon.colcon_core.shell:Creating environment hook '/home/agilex/agilex_ws/install/limo_car/share/limo_car/hook/cmake_prefix_path.ps1'
[1.375s] INFO:colcon.colcon_core.shell:Creating environment descriptor '/home/agilex/agilex_ws/install/limo_car/share/limo_car/hook/cmake_prefix_path.dsv'
[1.376s] INFO:colcon.colcon_core.shell:Creating environment hook '/home/agilex/agilex_ws/install/limo_car/share/limo_car/hook/cmake_prefix_path.sh'
[1.377s] Level 1:colcon.colcon_core.environment:checking '/home/agilex/agilex_ws/install/limo_car/bin'
[1.377s] Level 1:colcon.colcon_core.environment:checking '/home/agilex/agilex_ws/install/limo_car/lib/pkgconfig/limo_car.pc'
[1.377s] Level 1:colcon.colcon_core.environment:checking '/home/agilex/agilex_ws/install/limo_car/lib/python3.10/site-packages'
[1.377s] Level 1:colcon.colcon_core.environment:checking '/home/agilex/agilex_ws/install/limo_car/bin'
[1.381s] INFO:colcon.colcon_core.shell:Creating package script '/home/agilex/agilex_ws/install/limo_car/share/limo_car/package.ps1'
[1.381s] INFO:colcon.colcon_core.shell:Creating package descriptor '/home/agilex/agilex_ws/install/limo_car/share/limo_car/package.dsv'
[1.381s] INFO:colcon.colcon_core.shell:Creating package script '/home/agilex/agilex_ws/install/limo_car/share/limo_car/package.sh'
[1.382s] INFO:colcon.colcon_core.shell:Creating package script '/home/agilex/agilex_ws/install/limo_car/share/limo_car/package.bash'
[1.382s] INFO:colcon.colcon_core.shell:Creating package script '/home/agilex/agilex_ws/install/limo_car/share/limo_car/package.zsh'
[1.382s] Level 1:colcon.colcon_core.environment:create_file_with_runtime_dependencies(/home/agilex/agilex_ws/install/limo_car/share/colcon-core/packages/limo_car)
[1.386s] Level 1:colcon.colcon_core.environment:create_environment_scripts_only(limo_description)
[1.390s] Level 1:colcon.colcon_core.environment:checking '/home/agilex/agilex_ws/install/limo_description' for CMake module files
[1.390s] Level 1:colcon.colcon_core.environment:checking '/home/agilex/agilex_ws/install/limo_description' for CMake config files
[1.390s] Level 1:colcon.colcon_core.shell:create_environment_hook('limo_description', 'cmake_prefix_path')
[1.393s] INFO:colcon.colcon_core.shell:Creating environment hook '/home/agilex/agilex_ws/install/limo_description/share/limo_description/hook/cmake_prefix_path.ps1'
[1.394s] INFO:colcon.colcon_core.shell:Creating environment descriptor '/home/agilex/agilex_ws/install/limo_description/share/limo_description/hook/cmake_prefix_path.dsv'
[1.394s] INFO:colcon.colcon_core.shell:Creating environment hook '/home/agilex/agilex_ws/install/limo_description/share/limo_description/hook/cmake_prefix_path.sh'
[1.394s] Level 1:colcon.colcon_core.environment:checking '/home/agilex/agilex_ws/install/limo_description/bin'
[1.394s] Level 1:colcon.colcon_core.environment:checking '/home/agilex/agilex_ws/install/limo_description/lib/pkgconfig/limo_description.pc'
[1.394s] Level 1:colcon.colcon_core.environment:checking '/home/agilex/agilex_ws/install/limo_description/lib/python3.10/site-packages'
[1.395s] Level 1:colcon.colcon_core.environment:checking '/home/agilex/agilex_ws/install/limo_description/bin'
[1.399s] INFO:colcon.colcon_core.shell:Creating package script '/home/agilex/agilex_ws/install/limo_description/share/limo_description/package.ps1'
[1.399s] INFO:colcon.colcon_core.shell:Creating package descriptor '/home/agilex/agilex_ws/install/limo_description/share/limo_description/package.dsv'
[1.399s] INFO:colcon.colcon_core.shell:Creating package script '/home/agilex/agilex_ws/install/limo_description/share/limo_description/package.sh'
[1.399s] INFO:colcon.colcon_core.shell:Creating package script '/home/agilex/agilex_ws/install/limo_description/share/limo_description/package.bash'
[1.399s] INFO:colcon.colcon_core.shell:Creating package script '/home/agilex/agilex_ws/install/limo_description/share/limo_description/package.zsh'
[1.400s] Level 1:colcon.colcon_core.environment:create_file_with_runtime_dependencies(/home/agilex/agilex_ws/install/limo_description/share/colcon-core/packages/limo_description)
[1.403s] DEBUG:colcon.colcon_core.event_handler.log_command:Invoking command in '/home/agilex/agilex_ws/build/orbbec_camera_msgs': /usr/bin/cmake --install /home/agilex/agilex_ws/build/orbbec_camera_msgs
[1.411s] Level 1:colcon.colcon_core.environment:create_environment_scripts_only(rf2o_laser_odometry)
[1.415s] Level 1:colcon.colcon_core.environment:checking '/home/agilex/agilex_ws/install/rf2o_laser_odometry' for CMake module files
[1.415s] Level 1:colcon.colcon_core.environment:checking '/home/agilex/agilex_ws/install/rf2o_laser_odometry' for CMake config files
[1.415s] Level 1:colcon.colcon_core.shell:create_environment_hook('rf2o_laser_odometry', 'cmake_prefix_path')
[1.420s] INFO:colcon.colcon_core.shell:Creating environment hook '/home/agilex/agilex_ws/install/rf2o_laser_odometry/share/rf2o_laser_odometry/hook/cmake_prefix_path.ps1'
[1.420s] INFO:colcon.colcon_core.shell:Creating environment descriptor '/home/agilex/agilex_ws/install/rf2o_laser_odometry/share/rf2o_laser_odometry/hook/cmake_prefix_path.dsv'
[1.420s] INFO:colcon.colcon_core.shell:Creating environment hook '/home/agilex/agilex_ws/install/rf2o_laser_odometry/share/rf2o_laser_odometry/hook/cmake_prefix_path.sh'
[1.420s] Level 1:colcon.colcon_core.environment:checking '/home/agilex/agilex_ws/install/rf2o_laser_odometry/lib'
[1.421s] Level 1:colcon.colcon_core.environment:checking '/home/agilex/agilex_ws/install/rf2o_laser_odometry/bin'
[1.421s] Level 1:colcon.colcon_core.environment:checking '/home/agilex/agilex_ws/install/rf2o_laser_odometry/lib/pkgconfig/rf2o_laser_odometry.pc'
[1.421s] Level 1:colcon.colcon_core.environment:checking '/home/agilex/agilex_ws/install/rf2o_laser_odometry/lib/python3.10/site-packages'
[1.421s] Level 1:colcon.colcon_core.environment:checking '/home/agilex/agilex_ws/install/rf2o_laser_odometry/bin'
[1.424s] INFO:colcon.colcon_core.shell:Creating package script '/home/agilex/agilex_ws/install/rf2o_laser_odometry/share/rf2o_laser_odometry/package.ps1'
[1.424s] INFO:colcon.colcon_core.shell:Creating package descriptor '/home/agilex/agilex_ws/install/rf2o_laser_odometry/share/rf2o_laser_odometry/package.dsv'
[1.424s] INFO:colcon.colcon_core.shell:Creating package script '/home/agilex/agilex_ws/install/rf2o_laser_odometry/share/rf2o_laser_odometry/package.sh'
[1.425s] INFO:colcon.colcon_core.shell:Creating package script '/home/agilex/agilex_ws/install/rf2o_laser_odometry/share/rf2o_laser_odometry/package.bash'
[1.425s] INFO:colcon.colcon_core.shell:Creating package script '/home/agilex/agilex_ws/install/rf2o_laser_odometry/share/rf2o_laser_odometry/package.zsh'
[1.425s] Level 1:colcon.colcon_core.environment:create_file_with_runtime_dependencies(/home/agilex/agilex_ws/install/rf2o_laser_odometry/share/colcon-core/packages/rf2o_laser_odometry)
[1.425s] Level 1:colcon.colcon_core.environment:create_environment_scripts_only(ydlidar_sdk)
[1.426s] DEBUG:colcon.colcon_core.event_handler.log_command:Invoked command in '/home/agilex/agilex_ws/build/ydlidar_sdk' returned '0': /usr/bin/cmake --install /home/agilex/agilex_ws/build/ydlidar_sdk
[1.429s] Level 1:colcon.colcon_core.environment:checking '/home/agilex/agilex_ws/install/ydlidar_sdk' for CMake module files
[1.429s] Level 1:colcon.colcon_core.environment:checking '/home/agilex/agilex_ws/install/ydlidar_sdk' for CMake config files
[1.429s] Level 1:colcon.colcon_core.shell:create_environment_hook('ydlidar_sdk', 'cmake_prefix_path')
[1.434s] INFO:colcon.colcon_core.shell:Creating environment hook '/home/agilex/agilex_ws/install/ydlidar_sdk/share/ydlidar_sdk/hook/cmake_prefix_path.ps1'
[1.435s] INFO:colcon.colcon_core.shell:Creating environment descriptor '/home/agilex/agilex_ws/install/ydlidar_sdk/share/ydlidar_sdk/hook/cmake_prefix_path.dsv'
[1.435s] INFO:colcon.colcon_core.shell:Creating environment hook '/home/agilex/agilex_ws/install/ydlidar_sdk/share/ydlidar_sdk/hook/cmake_prefix_path.sh'
[1.435s] Level 1:colcon.colcon_core.environment:checking '/home/agilex/agilex_ws/install/ydlidar_sdk/lib'
[1.436s] Level 1:colcon.colcon_core.environment:checking '/home/agilex/agilex_ws/install/ydlidar_sdk/bin'
[1.436s] Level 1:colcon.colcon_core.shell:create_environment_hook('ydlidar_sdk', 'path')
[1.439s] INFO:colcon.colcon_core.shell:Creating environment hook '/home/agilex/agilex_ws/install/ydlidar_sdk/share/ydlidar_sdk/hook/path.ps1'
[1.440s] INFO:colcon.colcon_core.shell:Creating environment descriptor '/home/agilex/agilex_ws/install/ydlidar_sdk/share/ydlidar_sdk/hook/path.dsv'
[1.440s] INFO:colcon.colcon_core.shell:Creating environment hook '/home/agilex/agilex_ws/install/ydlidar_sdk/share/ydlidar_sdk/hook/path.sh'
[1.440s] Level 1:colcon.colcon_core.environment:checking '/home/agilex/agilex_ws/install/ydlidar_sdk/lib/pkgconfig/ydlidar_sdk.pc'
[1.440s] Level 1:colcon.colcon_core.environment:checking '/home/agilex/agilex_ws/install/ydlidar_sdk/lib/python3.10/site-packages'
[1.440s] Level 1:colcon.colcon_core.environment:checking '/home/agilex/agilex_ws/install/ydlidar_sdk/bin'
[1.440s] Level 1:colcon.colcon_core.shell:create_environment_hook('ydlidar_sdk', 'pythonscriptspath')
[1.444s] INFO:colcon.colcon_core.shell:Creating environment hook '/home/agilex/agilex_ws/install/ydlidar_sdk/share/ydlidar_sdk/hook/pythonscriptspath.ps1'
[1.444s] INFO:colcon.colcon_core.shell:Creating environment descriptor '/home/agilex/agilex_ws/install/ydlidar_sdk/share/ydlidar_sdk/hook/pythonscriptspath.dsv'
[1.444s] INFO:colcon.colcon_core.shell:Creating environment hook '/home/agilex/agilex_ws/install/ydlidar_sdk/share/ydlidar_sdk/hook/pythonscriptspath.sh'
[1.447s] INFO:colcon.colcon_core.shell:Creating package script '/home/agilex/agilex_ws/install/ydlidar_sdk/share/ydlidar_sdk/package.ps1'
[1.447s] INFO:colcon.colcon_core.shell:Creating package descriptor '/home/agilex/agilex_ws/install/ydlidar_sdk/share/ydlidar_sdk/package.dsv'
[1.448s] INFO:colcon.colcon_core.shell:Creating package script '/home/agilex/agilex_ws/install/ydlidar_sdk/share/ydlidar_sdk/package.sh'
[1.448s] INFO:colcon.colcon_core.shell:Creating package script '/home/agilex/agilex_ws/install/ydlidar_sdk/share/ydlidar_sdk/package.bash'
[1.448s] INFO:colcon.colcon_core.shell:Creating package script '/home/agilex/agilex_ws/install/ydlidar_sdk/share/ydlidar_sdk/package.zsh'
[1.448s] Level 1:colcon.colcon_core.environment:create_file_with_runtime_dependencies(/home/agilex/agilex_ws/install/ydlidar_sdk/share/colcon-core/packages/ydlidar_sdk)
[1.448s] Level 1:colcon.colcon_core.environment:create_environment_scripts_only(limo_msgs)
[1.449s] DEBUG:colcon.colcon_core.event_handler.log_command:Invoked command in '/home/agilex/agilex_ws/build/limo_msgs' returned '0': /usr/bin/cmake --install /home/agilex/agilex_ws/build/limo_msgs
[1.452s] Level 1:colcon.colcon_core.environment:checking '/home/agilex/agilex_ws/install/limo_msgs' for CMake module files
[1.452s] Level 1:colcon.colcon_core.environment:checking '/home/agilex/agilex_ws/install/limo_msgs' for CMake config files
[1.452s] Level 1:colcon.colcon_core.shell:create_environment_hook('limo_msgs', 'cmake_prefix_path')
[1.455s] INFO:colcon.colcon_core.shell:Creating environment hook '/home/agilex/agilex_ws/install/limo_msgs/share/limo_msgs/hook/cmake_prefix_path.ps1'
[1.455s] INFO:colcon.colcon_core.shell:Creating environment descriptor '/home/agilex/agilex_ws/install/limo_msgs/share/limo_msgs/hook/cmake_prefix_path.dsv'
[1.455s] INFO:colcon.colcon_core.shell:Creating environment hook '/home/agilex/agilex_ws/install/limo_msgs/share/limo_msgs/hook/cmake_prefix_path.sh'
[1.456s] Level 1:colcon.colcon_core.environment:checking '/home/agilex/agilex_ws/install/limo_msgs/lib'
[1.456s] Level 1:colcon.colcon_core.shell:create_environment_hook('limo_msgs', 'ld_library_path_lib')
[1.458s] INFO:colcon.colcon_core.shell:Creating environment hook '/home/agilex/agilex_ws/install/limo_msgs/share/limo_msgs/hook/ld_library_path_lib.ps1'
[1.459s] INFO:colcon.colcon_core.shell:Creating environment descriptor '/home/agilex/agilex_ws/install/limo_msgs/share/limo_msgs/hook/ld_library_path_lib.dsv'
[1.459s] INFO:colcon.colcon_core.shell:Creating environment hook '/home/agilex/agilex_ws/install/limo_msgs/share/limo_msgs/hook/ld_library_path_lib.sh'
[1.459s] Level 1:colcon.colcon_core.environment:checking '/home/agilex/agilex_ws/install/limo_msgs/bin'
[1.459s] Level 1:colcon.colcon_core.environment:checking '/home/agilex/agilex_ws/install/limo_msgs/lib/pkgconfig/limo_msgs.pc'
[1.459s] Level 1:colcon.colcon_core.environment:checking '/home/agilex/agilex_ws/install/limo_msgs/lib/python3.10/site-packages'
[1.459s] Level 1:colcon.colcon_core.environment:checking '/home/agilex/agilex_ws/install/limo_msgs/bin'
[1.462s] INFO:colcon.colcon_core.shell:Creating package script '/home/agilex/agilex_ws/install/limo_msgs/share/limo_msgs/package.ps1'
[1.462s] INFO:colcon.colcon_core.shell:Creating package descriptor '/home/agilex/agilex_ws/install/limo_msgs/share/limo_msgs/package.dsv'
[1.463s] INFO:colcon.colcon_core.shell:Creating package script '/home/agilex/agilex_ws/install/limo_msgs/share/limo_msgs/package.sh'
[1.463s] INFO:colcon.colcon_core.shell:Creating package script '/home/agilex/agilex_ws/install/limo_msgs/share/limo_msgs/package.bash'
[1.463s] INFO:colcon.colcon_core.shell:Creating package script '/home/agilex/agilex_ws/install/limo_msgs/share/limo_msgs/package.zsh'
[1.463s] Level 1:colcon.colcon_core.environment:create_file_with_runtime_dependencies(/home/agilex/agilex_ws/install/limo_msgs/share/colcon-core/packages/limo_msgs)
[1.464s] Level 1:colcon.colcon_core.environment:create_environment_scripts_only(csm)
[1.464s] DEBUG:colcon.colcon_core.event_handler.log_command:Invoked command in '/home/agilex/agilex_ws/build/csm' returned '0': /usr/bin/cmake --install /home/agilex/agilex_ws/build/csm
[1.468s] Level 1:colcon.colcon_core.environment:checking '/home/agilex/agilex_ws/install/csm' for CMake module files
[1.468s] Level 1:colcon.colcon_core.environment:checking '/home/agilex/agilex_ws/install/csm' for CMake config files
[1.468s] Level 1:colcon.colcon_core.shell:create_environment_hook('csm', 'cmake_prefix_path')
[1.471s] INFO:colcon.colcon_core.shell:Creating environment hook '/home/agilex/agilex_ws/install/csm/share/csm/hook/cmake_prefix_path.ps1'
[1.472s] INFO:colcon.colcon_core.shell:Creating environment descriptor '/home/agilex/agilex_ws/install/csm/share/csm/hook/cmake_prefix_path.dsv'
[1.472s] INFO:colcon.colcon_core.shell:Creating environment hook '/home/agilex/agilex_ws/install/csm/share/csm/hook/cmake_prefix_path.sh'
[1.472s] Level 1:colcon.colcon_core.environment:checking '/home/agilex/agilex_ws/install/csm/lib'
[1.472s] Level 1:colcon.colcon_core.shell:create_environment_hook('csm', 'ld_library_path_lib')
[1.476s] INFO:colcon.colcon_core.shell:Creating environment hook '/home/agilex/agilex_ws/install/csm/share/csm/hook/ld_library_path_lib.ps1'
[1.476s] INFO:colcon.colcon_core.shell:Creating environment descriptor '/home/agilex/agilex_ws/install/csm/share/csm/hook/ld_library_path_lib.dsv'
[1.476s] INFO:colcon.colcon_core.shell:Creating environment hook '/home/agilex/agilex_ws/install/csm/share/csm/hook/ld_library_path_lib.sh'
[1.476s] Level 1:colcon.colcon_core.environment:checking '/home/agilex/agilex_ws/install/csm/bin'
[1.476s] Level 1:colcon.colcon_core.environment:checking '/home/agilex/agilex_ws/install/csm/lib/pkgconfig/csm.pc'
[1.476s] Level 1:colcon.colcon_core.environment:checking '/home/agilex/agilex_ws/install/csm/lib/python3.10/site-packages'
[1.476s] Level 1:colcon.colcon_core.environment:checking '/home/agilex/agilex_ws/install/csm/bin'
[1.480s] INFO:colcon.colcon_core.shell:Creating package script '/home/agilex/agilex_ws/install/csm/share/csm/package.ps1'
[1.481s] INFO:colcon.colcon_core.shell:Creating package descriptor '/home/agilex/agilex_ws/install/csm/share/csm/package.dsv'
[1.481s] INFO:colcon.colcon_core.shell:Creating package script '/home/agilex/agilex_ws/install/csm/share/csm/package.sh'
[1.481s] INFO:colcon.colcon_core.shell:Creating package script '/home/agilex/agilex_ws/install/csm/share/csm/package.bash'
[1.481s] INFO:colcon.colcon_core.shell:Creating package script '/home/agilex/agilex_ws/install/csm/share/csm/package.zsh'
[1.481s] Level 1:colcon.colcon_core.environment:create_file_with_runtime_dependencies(/home/agilex/agilex_ws/install/csm/share/colcon-core/packages/csm)
[1.494s] Level 1:colcon.colcon_core.environment:create_environment_scripts_only(orbbec_description)
[1.498s] Level 1:colcon.colcon_core.environment:checking '/home/agilex/agilex_ws/install/orbbec_description' for CMake module files
[1.498s] Level 1:colcon.colcon_core.environment:checking '/home/agilex/agilex_ws/install/orbbec_description' for CMake config files
[1.498s] Level 1:colcon.colcon_core.shell:create_environment_hook('orbbec_description', 'cmake_prefix_path')
[1.503s] INFO:colcon.colcon_core.shell:Creating environment hook '/home/agilex/agilex_ws/install/orbbec_description/share/orbbec_description/hook/cmake_prefix_path.ps1'
[1.503s] INFO:colcon.colcon_core.shell:Creating environment descriptor '/home/agilex/agilex_ws/install/orbbec_description/share/orbbec_description/hook/cmake_prefix_path.dsv'
[1.504s] INFO:colcon.colcon_core.shell:Creating environment hook '/home/agilex/agilex_ws/install/orbbec_description/share/orbbec_description/hook/cmake_prefix_path.sh'
[1.504s] Level 1:colcon.colcon_core.environment:checking '/home/agilex/agilex_ws/install/orbbec_description/bin'
[1.504s] Level 1:colcon.colcon_core.environment:checking '/home/agilex/agilex_ws/install/orbbec_description/lib/pkgconfig/orbbec_description.pc'
[1.504s] Level 1:colcon.colcon_core.environment:checking '/home/agilex/agilex_ws/install/orbbec_description/lib/python3.10/site-packages'
[1.504s] Level 1:colcon.colcon_core.environment:checking '/home/agilex/agilex_ws/install/orbbec_description/bin'
[1.508s] INFO:colcon.colcon_core.shell:Creating package script '/home/agilex/agilex_ws/install/orbbec_description/share/orbbec_description/package.ps1'
[1.508s] INFO:colcon.colcon_core.shell:Creating package descriptor '/home/agilex/agilex_ws/install/orbbec_description/share/orbbec_description/package.dsv'
[1.508s] INFO:colcon.colcon_core.shell:Creating package script '/home/agilex/agilex_ws/install/orbbec_description/share/orbbec_description/package.sh'
[1.509s] INFO:colcon.colcon_core.shell:Creating package script '/home/agilex/agilex_ws/install/orbbec_description/share/orbbec_description/package.bash'
[1.509s] INFO:colcon.colcon_core.shell:Creating package script '/home/agilex/agilex_ws/install/orbbec_description/share/orbbec_description/package.zsh'
[1.509s] Level 1:colcon.colcon_core.environment:create_file_with_runtime_dependencies(/home/agilex/agilex_ws/install/orbbec_description/share/colcon-core/packages/orbbec_description)
[1.512s] DEBUG:colcon.colcon_core.event_handler.log_command:Invoking command in '/home/agilex/agilex_ws/src/yolov5_ros2': PYTHONPATH=/home/agilex/agilex_ws/build/yolov5_ros2/prefix_override:/home/agilex/agilex_ws/install/yolov5_ros2/lib/python3.10/site-packages: /usr/bin/python3 setup.py egg_info --egg-base ../../build/yolov5_ros2 build --build-base /home/agilex/agilex_ws/build/yolov5_ros2/build install --record /home/agilex/agilex_ws/build/yolov5_ros2/install.log --single-version-externally-managed
[1.525s] Level 1:colcon.colcon_core.environment:create_environment_scripts_only(ydlidar_ros2_driver)
[1.533s] Level 1:colcon.colcon_core.environment:checking '/home/agilex/agilex_ws/install/ydlidar_ros2_driver' for CMake module files
[1.533s] Level 1:colcon.colcon_core.environment:checking '/home/agilex/agilex_ws/install/ydlidar_ros2_driver' for CMake config files
[1.534s] Level 1:colcon.colcon_core.shell:create_environment_hook('ydlidar_ros2_driver', 'cmake_prefix_path')
[1.541s] INFO:colcon.colcon_core.shell:Creating environment hook '/home/agilex/agilex_ws/install/ydlidar_ros2_driver/share/ydlidar_ros2_driver/hook/cmake_prefix_path.ps1'
[1.541s] INFO:colcon.colcon_core.shell:Creating environment descriptor '/home/agilex/agilex_ws/install/ydlidar_ros2_driver/share/ydlidar_ros2_driver/hook/cmake_prefix_path.dsv'
[1.541s] INFO:colcon.colcon_core.shell:Creating environment hook '/home/agilex/agilex_ws/install/ydlidar_ros2_driver/share/ydlidar_ros2_driver/hook/cmake_prefix_path.sh'
[1.542s] Level 1:colcon.colcon_core.environment:checking '/home/agilex/agilex_ws/install/ydlidar_ros2_driver/lib'
[1.542s] Level 1:colcon.colcon_core.environment:checking '/home/agilex/agilex_ws/install/ydlidar_ros2_driver/bin'
[1.542s] Level 1:colcon.colcon_core.environment:checking '/home/agilex/agilex_ws/install/ydlidar_ros2_driver/lib/pkgconfig/ydlidar_ros2_driver.pc'
[1.542s] Level 1:colcon.colcon_core.environment:checking '/home/agilex/agilex_ws/install/ydlidar_ros2_driver/lib/python3.10/site-packages'
[1.542s] Level 1:colcon.colcon_core.environment:checking '/home/agilex/agilex_ws/install/ydlidar_ros2_driver/bin'
[1.547s] INFO:colcon.colcon_core.shell:Creating package script '/home/agilex/agilex_ws/install/ydlidar_ros2_driver/share/ydlidar_ros2_driver/package.ps1'
[1.547s] INFO:colcon.colcon_core.shell:Creating package descriptor '/home/agilex/agilex_ws/install/ydlidar_ros2_driver/share/ydlidar_ros2_driver/package.dsv'
[1.548s] INFO:colcon.colcon_core.shell:Creating package script '/home/agilex/agilex_ws/install/ydlidar_ros2_driver/share/ydlidar_ros2_driver/package.sh'
[1.548s] INFO:colcon.colcon_core.shell:Creating package script '/home/agilex/agilex_ws/install/ydlidar_ros2_driver/share/ydlidar_ros2_driver/package.bash'
[1.548s] INFO:colcon.colcon_core.shell:Creating package script '/home/agilex/agilex_ws/install/ydlidar_ros2_driver/share/ydlidar_ros2_driver/package.zsh'
[1.548s] Level 1:colcon.colcon_core.environment:create_file_with_runtime_dependencies(/home/agilex/agilex_ws/install/ydlidar_ros2_driver/share/colcon-core/packages/ydlidar_ros2_driver)
[1.553s] Level 1:colcon.colcon_core.environment:create_environment_scripts_only(limo_visions)
[1.556s] Level 1:colcon.colcon_core.environment:checking '/home/agilex/agilex_ws/install/limo_visions' for CMake module files
[1.557s] Level 1:colcon.colcon_core.environment:checking '/home/agilex/agilex_ws/install/limo_visions' for CMake config files
[1.557s] Level 1:colcon.colcon_core.shell:create_environment_hook('limo_visions', 'cmake_prefix_path')
[1.560s] INFO:colcon.colcon_core.shell:Creating environment hook '/home/agilex/agilex_ws/install/limo_visions/share/limo_visions/hook/cmake_prefix_path.ps1'
[1.560s] INFO:colcon.colcon_core.shell:Creating environment descriptor '/home/agilex/agilex_ws/install/limo_visions/share/limo_visions/hook/cmake_prefix_path.dsv'
[1.561s] INFO:colcon.colcon_core.shell:Creating environment hook '/home/agilex/agilex_ws/install/limo_visions/share/limo_visions/hook/cmake_prefix_path.sh'
[1.561s] Level 1:colcon.colcon_core.environment:checking '/home/agilex/agilex_ws/install/limo_visions/lib'
[1.561s] Level 1:colcon.colcon_core.environment:checking '/home/agilex/agilex_ws/install/limo_visions/bin'
[1.561s] Level 1:colcon.colcon_core.environment:checking '/home/agilex/agilex_ws/install/limo_visions/lib/pkgconfig/limo_visions.pc'
[1.561s] Level 1:colcon.colcon_core.environment:checking '/home/agilex/agilex_ws/install/limo_visions/lib/python3.10/site-packages'
[1.561s] Level 1:colcon.colcon_core.environment:checking '/home/agilex/agilex_ws/install/limo_visions/bin'
[1.564s] INFO:colcon.colcon_core.shell:Creating package script '/home/agilex/agilex_ws/install/limo_visions/share/limo_visions/package.ps1'
[1.565s] INFO:colcon.colcon_core.shell:Creating package descriptor '/home/agilex/agilex_ws/install/limo_visions/share/limo_visions/package.dsv'
[1.565s] INFO:colcon.colcon_core.shell:Creating package script '/home/agilex/agilex_ws/install/limo_visions/share/limo_visions/package.sh'
[1.565s] INFO:colcon.colcon_core.shell:Creating package script '/home/agilex/agilex_ws/install/limo_visions/share/limo_visions/package.bash'
[1.565s] INFO:colcon.colcon_core.shell:Creating package script '/home/agilex/agilex_ws/install/limo_visions/share/limo_visions/package.zsh'
[1.565s] Level 1:colcon.colcon_core.environment:create_file_with_runtime_dependencies(/home/agilex/agilex_ws/install/limo_visions/share/colcon-core/packages/limo_visions)
[1.565s] Level 1:colcon.colcon_core.environment:create_environment_scripts_only(costmap_converter_msgs)
[1.567s] DEBUG:colcon.colcon_core.event_handler.log_command:Invoked command in '/home/agilex/agilex_ws/build/costmap_converter_msgs' returned '0': /usr/bin/cmake --install /home/agilex/agilex_ws/build/costmap_converter_msgs
[1.569s] Level 1:colcon.colcon_core.environment:checking '/home/agilex/agilex_ws/install/costmap_converter_msgs' for CMake module files
[1.569s] Level 1:colcon.colcon_core.environment:checking '/home/agilex/agilex_ws/install/costmap_converter_msgs' for CMake config files
[1.569s] Level 1:colcon.colcon_core.shell:create_environment_hook('costmap_converter_msgs', 'cmake_prefix_path')
[1.572s] INFO:colcon.colcon_core.shell:Creating environment hook '/home/agilex/agilex_ws/install/costmap_converter_msgs/share/costmap_converter_msgs/hook/cmake_prefix_path.ps1'
[1.573s] INFO:colcon.colcon_core.shell:Creating environment descriptor '/home/agilex/agilex_ws/install/costmap_converter_msgs/share/costmap_converter_msgs/hook/cmake_prefix_path.dsv'
[1.573s] INFO:colcon.colcon_core.shell:Creating environment hook '/home/agilex/agilex_ws/install/costmap_converter_msgs/share/costmap_converter_msgs/hook/cmake_prefix_path.sh'
[1.573s] Level 1:colcon.colcon_core.environment:checking '/home/agilex/agilex_ws/install/costmap_converter_msgs/lib'
[1.573s] Level 1:colcon.colcon_core.shell:create_environment_hook('costmap_converter_msgs', 'ld_library_path_lib')
[1.576s] INFO:colcon.colcon_core.shell:Creating environment hook '/home/agilex/agilex_ws/install/costmap_converter_msgs/share/costmap_converter_msgs/hook/ld_library_path_lib.ps1'
[1.576s] INFO:colcon.colcon_core.shell:Creating environment descriptor '/home/agilex/agilex_ws/install/costmap_converter_msgs/share/costmap_converter_msgs/hook/ld_library_path_lib.dsv'
[1.576s] INFO:colcon.colcon_core.shell:Creating environment hook '/home/agilex/agilex_ws/install/costmap_converter_msgs/share/costmap_converter_msgs/hook/ld_library_path_lib.sh'
[1.576s] Level 1:colcon.colcon_core.environment:checking '/home/agilex/agilex_ws/install/costmap_converter_msgs/bin'
[1.577s] Level 1:colcon.colcon_core.environment:checking '/home/agilex/agilex_ws/install/costmap_converter_msgs/lib/pkgconfig/costmap_converter_msgs.pc'
[1.577s] Level 1:colcon.colcon_core.environment:checking '/home/agilex/agilex_ws/install/costmap_converter_msgs/lib/python3.10/site-packages'
[1.577s] Level 1:colcon.colcon_core.environment:checking '/home/agilex/agilex_ws/install/costmap_converter_msgs/bin'
[1.580s] INFO:colcon.colcon_core.shell:Creating package script '/home/agilex/agilex_ws/install/costmap_converter_msgs/share/costmap_converter_msgs/package.ps1'
[1.580s] INFO:colcon.colcon_core.shell:Creating package descriptor '/home/agilex/agilex_ws/install/costmap_converter_msgs/share/costmap_converter_msgs/package.dsv'
[1.580s] INFO:colcon.colcon_core.shell:Creating package script '/home/agilex/agilex_ws/install/costmap_converter_msgs/share/costmap_converter_msgs/package.sh'
[1.581s] INFO:colcon.colcon_core.shell:Creating package script '/home/agilex/agilex_ws/install/costmap_converter_msgs/share/costmap_converter_msgs/package.bash'
[1.581s] INFO:colcon.colcon_core.shell:Creating package script '/home/agilex/agilex_ws/install/costmap_converter_msgs/share/costmap_converter_msgs/package.zsh'
[1.581s] Level 1:colcon.colcon_core.environment:create_file_with_runtime_dependencies(/home/agilex/agilex_ws/install/costmap_converter_msgs/share/colcon-core/packages/costmap_converter_msgs)
[1.582s] Level 1:colcon.colcon_core.environment:create_environment_scripts_only(aruco_msgs)
[1.583s] DEBUG:colcon.colcon_core.event_handler.log_command:Invoked command in '/home/agilex/agilex_ws/build/aruco_msgs' returned '0': /usr/bin/cmake --install /home/agilex/agilex_ws/build/aruco_msgs
[1.590s] Level 1:colcon.colcon_core.environment:checking '/home/agilex/agilex_ws/install/aruco_msgs' for CMake module files
[1.590s] Level 1:colcon.colcon_core.environment:checking '/home/agilex/agilex_ws/install/aruco_msgs' for CMake config files
[1.591s] Level 1:colcon.colcon_core.shell:create_environment_hook('aruco_msgs', 'cmake_prefix_path')
[1.597s] INFO:colcon.colcon_core.shell:Creating environment hook '/home/agilex/agilex_ws/install/aruco_msgs/share/aruco_msgs/hook/cmake_prefix_path.ps1'
[1.598s] INFO:colcon.colcon_core.shell:Creating environment descriptor '/home/agilex/agilex_ws/install/aruco_msgs/share/aruco_msgs/hook/cmake_prefix_path.dsv'
[1.598s] INFO:colcon.colcon_core.shell:Creating environment hook '/home/agilex/agilex_ws/install/aruco_msgs/share/aruco_msgs/hook/cmake_prefix_path.sh'
[1.599s] Level 1:colcon.colcon_core.environment:checking '/home/agilex/agilex_ws/install/aruco_msgs/lib'
[1.599s] Level 1:colcon.colcon_core.shell:create_environment_hook('aruco_msgs', 'ld_library_path_lib')
[1.607s] INFO:colcon.colcon_core.shell:Creating environment hook '/home/agilex/agilex_ws/install/aruco_msgs/share/aruco_msgs/hook/ld_library_path_lib.ps1'
[1.607s] INFO:colcon.colcon_core.shell:Creating environment descriptor '/home/agilex/agilex_ws/install/aruco_msgs/share/aruco_msgs/hook/ld_library_path_lib.dsv'
[1.607s] INFO:colcon.colcon_core.shell:Creating environment hook '/home/agilex/agilex_ws/install/aruco_msgs/share/aruco_msgs/hook/ld_library_path_lib.sh'
[1.608s] Level 1:colcon.colcon_core.environment:checking '/home/agilex/agilex_ws/install/aruco_msgs/bin'
[1.608s] Level 1:colcon.colcon_core.environment:checking '/home/agilex/agilex_ws/install/aruco_msgs/lib/pkgconfig/aruco_msgs.pc'
[1.608s] Level 1:colcon.colcon_core.environment:checking '/home/agilex/agilex_ws/install/aruco_msgs/lib/python3.10/site-packages'
[1.608s] Level 1:colcon.colcon_core.environment:checking '/home/agilex/agilex_ws/install/aruco_msgs/bin'
[1.615s] INFO:colcon.colcon_core.shell:Creating package script '/home/agilex/agilex_ws/install/aruco_msgs/share/aruco_msgs/package.ps1'
[1.615s] INFO:colcon.colcon_core.shell:Creating package descriptor '/home/agilex/agilex_ws/install/aruco_msgs/share/aruco_msgs/package.dsv'
[1.616s] INFO:colcon.colcon_core.shell:Creating package script '/home/agilex/agilex_ws/install/aruco_msgs/share/aruco_msgs/package.sh'
[1.616s] INFO:colcon.colcon_core.shell:Creating package script '/home/agilex/agilex_ws/install/aruco_msgs/share/aruco_msgs/package.bash'
[1.616s] INFO:colcon.colcon_core.shell:Creating package script '/home/agilex/agilex_ws/install/aruco_msgs/share/aruco_msgs/package.zsh'
[1.617s] Level 1:colcon.colcon_core.environment:create_file_with_runtime_dependencies(/home/agilex/agilex_ws/install/aruco_msgs/share/colcon-core/packages/aruco_msgs)
[1.627s] Level 1:colcon.colcon_core.environment:create_environment_scripts_only(aruco)
[1.636s] Level 1:colcon.colcon_core.environment:checking '/home/agilex/agilex_ws/install/aruco' for CMake module files
[1.637s] Level 1:colcon.colcon_core.environment:checking '/home/agilex/agilex_ws/install/aruco' for CMake config files
[1.637s] Level 1:colcon.colcon_core.shell:create_environment_hook('aruco', 'cmake_prefix_path')
[1.644s] INFO:colcon.colcon_core.shell:Creating environment hook '/home/agilex/agilex_ws/install/aruco/share/aruco/hook/cmake_prefix_path.ps1'
[1.644s] INFO:colcon.colcon_core.shell:Creating environment descriptor '/home/agilex/agilex_ws/install/aruco/share/aruco/hook/cmake_prefix_path.dsv'
[1.645s] INFO:colcon.colcon_core.shell:Creating environment hook '/home/agilex/agilex_ws/install/aruco/share/aruco/hook/cmake_prefix_path.sh'
[1.645s] Level 1:colcon.colcon_core.environment:checking '/home/agilex/agilex_ws/install/aruco/lib'
[1.646s] Level 1:colcon.colcon_core.shell:create_environment_hook('aruco', 'ld_library_path_lib')
[1.653s] INFO:colcon.colcon_core.shell:Creating environment hook '/home/agilex/agilex_ws/install/aruco/share/aruco/hook/ld_library_path_lib.ps1'
[1.654s] INFO:colcon.colcon_core.shell:Creating environment descriptor '/home/agilex/agilex_ws/install/aruco/share/aruco/hook/ld_library_path_lib.dsv'
[1.654s] INFO:colcon.colcon_core.shell:Creating environment hook '/home/agilex/agilex_ws/install/aruco/share/aruco/hook/ld_library_path_lib.sh'
[1.654s] Level 1:colcon.colcon_core.environment:checking '/home/agilex/agilex_ws/install/aruco/bin'
[1.654s] Level 1:colcon.colcon_core.environment:checking '/home/agilex/agilex_ws/install/aruco/lib/pkgconfig/aruco.pc'
[1.655s] Level 1:colcon.colcon_core.environment:checking '/home/agilex/agilex_ws/install/aruco/lib/python3.10/site-packages'
[1.655s] Level 1:colcon.colcon_core.environment:checking '/home/agilex/agilex_ws/install/aruco/bin'
[1.662s] INFO:colcon.colcon_core.shell:Creating package script '/home/agilex/agilex_ws/install/aruco/share/aruco/package.ps1'
[1.663s] INFO:colcon.colcon_core.shell:Creating package descriptor '/home/agilex/agilex_ws/install/aruco/share/aruco/package.dsv'
[1.663s] INFO:colcon.colcon_core.shell:Creating package script '/home/agilex/agilex_ws/install/aruco/share/aruco/package.sh'
[1.663s] INFO:colcon.colcon_core.shell:Creating package script '/home/agilex/agilex_ws/install/aruco/share/aruco/package.bash'
[1.664s] INFO:colcon.colcon_core.shell:Creating package script '/home/agilex/agilex_ws/install/aruco/share/aruco/package.zsh'
[1.664s] Level 1:colcon.colcon_core.environment:create_file_with_runtime_dependencies(/home/agilex/agilex_ws/install/aruco/share/colcon-core/packages/aruco)
[1.671s] Level 1:colcon.colcon_core.environment:create_environment_scripts_only(nav2_common)
[1.674s] Level 1:colcon.colcon_core.environment:checking '/home/agilex/agilex_ws/install/nav2_common' for CMake module files
[1.674s] Level 1:colcon.colcon_core.environment:checking '/home/agilex/agilex_ws/install/nav2_common' for CMake config files
[1.674s] Level 1:colcon.colcon_core.shell:create_environment_hook('nav2_common', 'cmake_prefix_path')
[1.677s] INFO:colcon.colcon_core.shell:Creating environment hook '/home/agilex/agilex_ws/install/nav2_common/share/nav2_common/hook/cmake_prefix_path.ps1'
[1.677s] INFO:colcon.colcon_core.shell:Creating environment descriptor '/home/agilex/agilex_ws/install/nav2_common/share/nav2_common/hook/cmake_prefix_path.dsv'
[1.678s] INFO:colcon.colcon_core.shell:Creating environment hook '/home/agilex/agilex_ws/install/nav2_common/share/nav2_common/hook/cmake_prefix_path.sh'
[1.678s] Level 1:colcon.colcon_core.environment:checking '/home/agilex/agilex_ws/install/nav2_common/bin'
[1.678s] Level 1:colcon.colcon_core.environment:checking '/home/agilex/agilex_ws/install/nav2_common/lib/pkgconfig/nav2_common.pc'
[1.678s] Level 1:colcon.colcon_core.environment:checking '/home/agilex/agilex_ws/install/nav2_common/lib/python3.10/site-packages'
[1.678s] Level 1:colcon.colcon_core.environment:checking '/home/agilex/agilex_ws/install/nav2_common/bin'
[1.681s] INFO:colcon.colcon_core.shell:Creating package script '/home/agilex/agilex_ws/install/nav2_common/share/nav2_common/package.ps1'
[1.681s] INFO:colcon.colcon_core.shell:Creating package descriptor '/home/agilex/agilex_ws/install/nav2_common/share/nav2_common/package.dsv'
[1.681s] INFO:colcon.colcon_core.shell:Creating package script '/home/agilex/agilex_ws/install/nav2_common/share/nav2_common/package.sh'
[1.682s] INFO:colcon.colcon_core.shell:Creating package script '/home/agilex/agilex_ws/install/nav2_common/share/nav2_common/package.bash'
[1.682s] INFO:colcon.colcon_core.shell:Creating package script '/home/agilex/agilex_ws/install/nav2_common/share/nav2_common/package.zsh'
[1.682s] Level 1:colcon.colcon_core.environment:create_file_with_runtime_dependencies(/home/agilex/agilex_ws/install/nav2_common/share/colcon-core/packages/nav2_common)
[1.683s] Level 1:colcon.colcon_core.environment:create_environment_scripts_only(nav_2d_msgs)
[1.686s] DEBUG:colcon.colcon_core.event_handler.log_command:Invoked command in '/home/agilex/agilex_ws/build/nav_2d_msgs' returned '0': /usr/bin/cmake --install /home/agilex/agilex_ws/build/nav_2d_msgs
[1.689s] Level 1:colcon.colcon_core.environment:checking '/home/agilex/agilex_ws/install/nav_2d_msgs' for CMake module files
[1.689s] Level 1:colcon.colcon_core.environment:checking '/home/agilex/agilex_ws/install/nav_2d_msgs' for CMake config files
[1.690s] Level 1:colcon.colcon_core.shell:create_environment_hook('nav_2d_msgs', 'cmake_prefix_path')
[1.695s] INFO:colcon.colcon_core.shell:Creating environment hook '/home/agilex/agilex_ws/install/nav_2d_msgs/share/nav_2d_msgs/hook/cmake_prefix_path.ps1'
[1.696s] INFO:colcon.colcon_core.shell:Creating environment descriptor '/home/agilex/agilex_ws/install/nav_2d_msgs/share/nav_2d_msgs/hook/cmake_prefix_path.dsv'
[1.696s] INFO:colcon.colcon_core.shell:Creating environment hook '/home/agilex/agilex_ws/install/nav_2d_msgs/share/nav_2d_msgs/hook/cmake_prefix_path.sh'
[1.696s] Level 1:colcon.colcon_core.environment:checking '/home/agilex/agilex_ws/install/nav_2d_msgs/lib'
[1.696s] Level 1:colcon.colcon_core.shell:create_environment_hook('nav_2d_msgs', 'ld_library_path_lib')
[1.700s] INFO:colcon.colcon_core.shell:Creating environment hook '/home/agilex/agilex_ws/install/nav_2d_msgs/share/nav_2d_msgs/hook/ld_library_path_lib.ps1'
[1.700s] INFO:colcon.colcon_core.shell:Creating environment descriptor '/home/agilex/agilex_ws/install/nav_2d_msgs/share/nav_2d_msgs/hook/ld_library_path_lib.dsv'
[1.700s] INFO:colcon.colcon_core.shell:Creating environment hook '/home/agilex/agilex_ws/install/nav_2d_msgs/share/nav_2d_msgs/hook/ld_library_path_lib.sh'
[1.700s] Level 1:colcon.colcon_core.environment:checking '/home/agilex/agilex_ws/install/nav_2d_msgs/bin'
[1.700s] Level 1:colcon.colcon_core.environment:checking '/home/agilex/agilex_ws/install/nav_2d_msgs/lib/pkgconfig/nav_2d_msgs.pc'
[1.700s] Level 1:colcon.colcon_core.environment:checking '/home/agilex/agilex_ws/install/nav_2d_msgs/lib/python3.10/site-packages'
[1.700s] Level 1:colcon.colcon_core.environment:checking '/home/agilex/agilex_ws/install/nav_2d_msgs/bin'
[1.704s] INFO:colcon.colcon_core.shell:Creating package script '/home/agilex/agilex_ws/install/nav_2d_msgs/share/nav_2d_msgs/package.ps1'
[1.704s] INFO:colcon.colcon_core.shell:Creating package descriptor '/home/agilex/agilex_ws/install/nav_2d_msgs/share/nav_2d_msgs/package.dsv'
[1.704s] INFO:colcon.colcon_core.shell:Creating package script '/home/agilex/agilex_ws/install/nav_2d_msgs/share/nav_2d_msgs/package.sh'
[1.704s] INFO:colcon.colcon_core.shell:Creating package script '/home/agilex/agilex_ws/install/nav_2d_msgs/share/nav_2d_msgs/package.bash'
[1.704s] INFO:colcon.colcon_core.shell:Creating package script '/home/agilex/agilex_ws/install/nav_2d_msgs/share/nav_2d_msgs/package.zsh'
[1.704s] Level 1:colcon.colcon_core.environment:create_file_with_runtime_dependencies(/home/agilex/agilex_ws/install/nav_2d_msgs/share/colcon-core/packages/nav_2d_msgs)
[1.705s] INFO:colcon.colcon_ros.task.ament_cmake.build:Building ROS package in '/home/agilex/agilex_ws/src/navigation2/nav2_msgs' with build type 'ament_cmake'
[1.706s] INFO:colcon.colcon_cmake.task.cmake.build:Building CMake package in '/home/agilex/agilex_ws/src/navigation2/nav2_msgs'
[1.710s] INFO:colcon.colcon_core.shell:Skip shell extension 'powershell' for command environment: Not usable outside of PowerShell
[1.710s] DEBUG:colcon.colcon_core.shell:Skip shell extension 'dsv' for command environment
[1.714s] INFO:colcon.colcon_ros.task.ament_cmake.build:Building ROS package in '/home/agilex/agilex_ws/src/navigation2/nav2_voxel_grid' with build type 'ament_cmake'
[1.714s] INFO:colcon.colcon_cmake.task.cmake.build:Building CMake package in '/home/agilex/agilex_ws/src/navigation2/nav2_voxel_grid'
[1.718s] INFO:colcon.colcon_core.shell:Skip shell extension 'powershell' for command environment: Not usable outside of PowerShell
[1.718s] DEBUG:colcon.colcon_core.shell:Skip shell extension 'dsv' for command environment
[1.727s] Level 1:colcon.colcon_core.environment:create_environment_scripts_only(limo_msgs)
[1.731s] Level 1:colcon.colcon_core.environment:checking '/home/agilex/agilex_ws/install/limo_msgs' for CMake module files
[1.731s] Level 1:colcon.colcon_core.environment:checking '/home/agilex/agilex_ws/install/limo_msgs' for CMake config files
[1.731s] Level 1:colcon.colcon_core.shell:create_environment_hook('limo_msgs', 'cmake_prefix_path')
[1.735s] INFO:colcon.colcon_core.shell:Creating environment hook '/home/agilex/agilex_ws/install/limo_msgs/share/limo_msgs/hook/cmake_prefix_path.ps1'
[1.735s] INFO:colcon.colcon_core.shell:Creating environment descriptor '/home/agilex/agilex_ws/install/limo_msgs/share/limo_msgs/hook/cmake_prefix_path.dsv'
[1.735s] INFO:colcon.colcon_core.shell:Creating environment hook '/home/agilex/agilex_ws/install/limo_msgs/share/limo_msgs/hook/cmake_prefix_path.sh'
[1.736s] Level 1:colcon.colcon_core.environment:checking '/home/agilex/agilex_ws/install/limo_msgs/lib'
[1.736s] Level 1:colcon.colcon_core.shell:create_environment_hook('limo_msgs', 'ld_library_path_lib')
[1.740s] INFO:colcon.colcon_core.shell:Creating environment hook '/home/agilex/agilex_ws/install/limo_msgs/share/limo_msgs/hook/ld_library_path_lib.ps1'
[1.740s] INFO:colcon.colcon_core.shell:Creating environment descriptor '/home/agilex/agilex_ws/install/limo_msgs/share/limo_msgs/hook/ld_library_path_lib.dsv'
[1.740s] INFO:colcon.colcon_core.shell:Creating environment hook '/home/agilex/agilex_ws/install/limo_msgs/share/limo_msgs/hook/ld_library_path_lib.sh'
[1.740s] Level 1:colcon.colcon_core.environment:checking '/home/agilex/agilex_ws/install/limo_msgs/bin'
[1.740s] Level 1:colcon.colcon_core.environment:checking '/home/agilex/agilex_ws/install/limo_msgs/lib/pkgconfig/limo_msgs.pc'
[1.740s] Level 1:colcon.colcon_core.environment:checking '/home/agilex/agilex_ws/install/limo_msgs/lib/python3.10/site-packages'
[1.741s] Level 1:colcon.colcon_core.environment:checking '/home/agilex/agilex_ws/install/limo_msgs/bin'
[1.744s] INFO:colcon.colcon_core.shell:Creating package script '/home/agilex/agilex_ws/install/limo_msgs/share/limo_msgs/package.ps1'
[1.744s] INFO:colcon.colcon_core.shell:Creating package descriptor '/home/agilex/agilex_ws/install/limo_msgs/share/limo_msgs/package.dsv'
[1.744s] INFO:colcon.colcon_core.shell:Creating package script '/home/agilex/agilex_ws/install/limo_msgs/share/limo_msgs/package.sh'
[1.745s] INFO:colcon.colcon_core.shell:Creating package script '/home/agilex/agilex_ws/install/limo_msgs/share/limo_msgs/package.bash'
[1.745s] INFO:colcon.colcon_core.shell:Creating package script '/home/agilex/agilex_ws/install/limo_msgs/share/limo_msgs/package.zsh'
[1.745s] Level 1:colcon.colcon_core.environment:create_file_with_runtime_dependencies(/home/agilex/agilex_ws/install/limo_msgs/share/colcon-core/packages/limo_msgs)
[1.745s] Level 1:colcon.colcon_core.environment:create_environment_scripts_only(orbbec_camera_msgs)
[1.747s] DEBUG:colcon.colcon_core.event_handler.log_command:Invoked command in '/home/agilex/agilex_ws/build/orbbec_camera_msgs' returned '0': /usr/bin/cmake --install /home/agilex/agilex_ws/build/orbbec_camera_msgs
[1.750s] Level 1:colcon.colcon_core.environment:checking '/home/agilex/agilex_ws/install/orbbec_camera_msgs' for CMake module files
[1.751s] Level 1:colcon.colcon_core.environment:checking '/home/agilex/agilex_ws/install/orbbec_camera_msgs' for CMake config files
[1.751s] Level 1:colcon.colcon_core.shell:create_environment_hook('orbbec_camera_msgs', 'cmake_prefix_path')
[1.754s] INFO:colcon.colcon_core.shell:Creating environment hook '/home/agilex/agilex_ws/install/orbbec_camera_msgs/share/orbbec_camera_msgs/hook/cmake_prefix_path.ps1'
[1.755s] INFO:colcon.colcon_core.shell:Creating environment descriptor '/home/agilex/agilex_ws/install/orbbec_camera_msgs/share/orbbec_camera_msgs/hook/cmake_prefix_path.dsv'
[1.755s] INFO:colcon.colcon_core.shell:Creating environment hook '/home/agilex/agilex_ws/install/orbbec_camera_msgs/share/orbbec_camera_msgs/hook/cmake_prefix_path.sh'
[1.755s] Level 1:colcon.colcon_core.environment:checking '/home/agilex/agilex_ws/install/orbbec_camera_msgs/lib'
[1.755s] Level 1:colcon.colcon_core.shell:create_environment_hook('orbbec_camera_msgs', 'ld_library_path_lib')
[1.759s] INFO:colcon.colcon_core.shell:Creating environment hook '/home/agilex/agilex_ws/install/orbbec_camera_msgs/share/orbbec_camera_msgs/hook/ld_library_path_lib.ps1'
[1.759s] INFO:colcon.colcon_core.shell:Creating environment descriptor '/home/agilex/agilex_ws/install/orbbec_camera_msgs/share/orbbec_camera_msgs/hook/ld_library_path_lib.dsv'
[1.759s] INFO:colcon.colcon_core.shell:Creating environment hook '/home/agilex/agilex_ws/install/orbbec_camera_msgs/share/orbbec_camera_msgs/hook/ld_library_path_lib.sh'
[1.759s] Level 1:colcon.colcon_core.environment:checking '/home/agilex/agilex_ws/install/orbbec_camera_msgs/bin'
[1.759s] Level 1:colcon.colcon_core.environment:checking '/home/agilex/agilex_ws/install/orbbec_camera_msgs/lib/pkgconfig/orbbec_camera_msgs.pc'
[1.759s] Level 1:colcon.colcon_core.environment:checking '/home/agilex/agilex_ws/install/orbbec_camera_msgs/lib/python3.10/site-packages'
[1.759s] Level 1:colcon.colcon_core.environment:checking '/home/agilex/agilex_ws/install/orbbec_camera_msgs/bin'
[1.763s] INFO:colcon.colcon_core.shell:Creating package script '/home/agilex/agilex_ws/install/orbbec_camera_msgs/share/orbbec_camera_msgs/package.ps1'
[1.763s] INFO:colcon.colcon_core.shell:Creating package descriptor '/home/agilex/agilex_ws/install/orbbec_camera_msgs/share/orbbec_camera_msgs/package.dsv'
[1.763s] INFO:colcon.colcon_core.shell:Creating package script '/home/agilex/agilex_ws/install/orbbec_camera_msgs/share/orbbec_camera_msgs/package.sh'
[1.763s] INFO:colcon.colcon_core.shell:Creating package script '/home/agilex/agilex_ws/install/orbbec_camera_msgs/share/orbbec_camera_msgs/package.bash'
[1.764s] INFO:colcon.colcon_core.shell:Creating package script '/home/agilex/agilex_ws/install/orbbec_camera_msgs/share/orbbec_camera_msgs/package.zsh'
[1.764s] Level 1:colcon.colcon_core.environment:create_file_with_runtime_dependencies(/home/agilex/agilex_ws/install/orbbec_camera_msgs/share/colcon-core/packages/orbbec_camera_msgs)
[1.768s] Level 1:colcon.colcon_core.environment:create_environment_scripts_only(csm)
[1.772s] Level 1:colcon.colcon_core.environment:checking '/home/agilex/agilex_ws/install/csm' for CMake module files
[1.772s] Level 1:colcon.colcon_core.environment:checking '/home/agilex/agilex_ws/install/csm' for CMake config files
[1.772s] Level 1:colcon.colcon_core.shell:create_environment_hook('csm', 'cmake_prefix_path')
[1.776s] INFO:colcon.colcon_core.shell:Creating environment hook '/home/agilex/agilex_ws/install/csm/share/csm/hook/cmake_prefix_path.ps1'
[1.776s] INFO:colcon.colcon_core.shell:Creating environment descriptor '/home/agilex/agilex_ws/install/csm/share/csm/hook/cmake_prefix_path.dsv'
[1.777s] INFO:colcon.colcon_core.shell:Creating environment hook '/home/agilex/agilex_ws/install/csm/share/csm/hook/cmake_prefix_path.sh'
[1.777s] Level 1:colcon.colcon_core.environment:checking '/home/agilex/agilex_ws/install/csm/lib'
[1.777s] Level 1:colcon.colcon_core.shell:create_environment_hook('csm', 'ld_library_path_lib')
[1.781s] INFO:colcon.colcon_core.shell:Creating environment hook '/home/agilex/agilex_ws/install/csm/share/csm/hook/ld_library_path_lib.ps1'
[1.781s] INFO:colcon.colcon_core.shell:Creating environment descriptor '/home/agilex/agilex_ws/install/csm/share/csm/hook/ld_library_path_lib.dsv'
[1.781s] INFO:colcon.colcon_core.shell:Creating environment hook '/home/agilex/agilex_ws/install/csm/share/csm/hook/ld_library_path_lib.sh'
[1.781s] Level 1:colcon.colcon_core.environment:checking '/home/agilex/agilex_ws/install/csm/bin'
[1.781s] Level 1:colcon.colcon_core.environment:checking '/home/agilex/agilex_ws/install/csm/lib/pkgconfig/csm.pc'
[1.782s] Level 1:colcon.colcon_core.environment:checking '/home/agilex/agilex_ws/install/csm/lib/python3.10/site-packages'
[1.782s] Level 1:colcon.colcon_core.environment:checking '/home/agilex/agilex_ws/install/csm/bin'
[1.785s] INFO:colcon.colcon_core.shell:Creating package script '/home/agilex/agilex_ws/install/csm/share/csm/package.ps1'
[1.786s] INFO:colcon.colcon_core.shell:Creating package descriptor '/home/agilex/agilex_ws/install/csm/share/csm/package.dsv'
[1.786s] INFO:colcon.colcon_core.shell:Creating package script '/home/agilex/agilex_ws/install/csm/share/csm/package.sh'
[1.786s] INFO:colcon.colcon_core.shell:Creating package script '/home/agilex/agilex_ws/install/csm/share/csm/package.bash'
[1.786s] INFO:colcon.colcon_core.shell:Creating package script '/home/agilex/agilex_ws/install/csm/share/csm/package.zsh'
[1.786s] Level 1:colcon.colcon_core.environment:create_file_with_runtime_dependencies(/home/agilex/agilex_ws/install/csm/share/colcon-core/packages/csm)
[1.787s] INFO:colcon.colcon_ros.task.ament_cmake.build:Building ROS package in '/home/agilex/agilex_ws/src/limo_ros2/limo_base' with build type 'ament_cmake'
[1.787s] INFO:colcon.colcon_cmake.task.cmake.build:Building CMake package in '/home/agilex/agilex_ws/src/limo_ros2/limo_base'
[1.791s] INFO:colcon.colcon_core.shell:Skip shell extension 'powershell' for command environment: Not usable outside of PowerShell
[1.791s] DEBUG:colcon.colcon_core.shell:Skip shell extension 'dsv' for command environment
[1.796s] DEBUG:colcon.colcon_core.event_handler.log_command:Invoked command in '/home/agilex/agilex_ws/src/yolov5_ros2' returned '0': PYTHONPATH=/home/agilex/agilex_ws/build/yolov5_ros2/prefix_override:/home/agilex/agilex_ws/install/yolov5_ros2/lib/python3.10/site-packages: /usr/bin/python3 setup.py egg_info --egg-base ../../build/yolov5_ros2 build --build-base /home/agilex/agilex_ws/build/yolov5_ros2/build install --record /home/agilex/agilex_ws/build/yolov5_ros2/install.log --single-version-externally-managed
[1.800s] Level 1:colcon.colcon_core.environment:checking '/home/agilex/agilex_ws/install/yolov5_ros2' for CMake module files
[1.800s] Level 1:colcon.colcon_core.environment:checking '/home/agilex/agilex_ws/install/yolov5_ros2' for CMake config files
[1.800s] Level 1:colcon.colcon_core.environment:checking '/home/agilex/agilex_ws/install/yolov5_ros2/lib'
[1.801s] Level 1:colcon.colcon_core.environment:checking '/home/agilex/agilex_ws/install/yolov5_ros2/bin'
[1.801s] Level 1:colcon.colcon_core.environment:checking '/home/agilex/agilex_ws/install/yolov5_ros2/lib/pkgconfig/yolov5_ros2.pc'
[1.801s] Level 1:colcon.colcon_core.environment:checking '/home/agilex/agilex_ws/install/yolov5_ros2/lib/python3.10/site-packages'
[1.801s] Level 1:colcon.colcon_core.shell:create_environment_hook('yolov5_ros2', 'pythonpath')
[1.804s] INFO:colcon.colcon_core.shell:Creating environment hook '/home/agilex/agilex_ws/install/yolov5_ros2/share/yolov5_ros2/hook/pythonpath.ps1'
[1.805s] INFO:colcon.colcon_core.shell:Creating environment descriptor '/home/agilex/agilex_ws/install/yolov5_ros2/share/yolov5_ros2/hook/pythonpath.dsv'
[1.805s] INFO:colcon.colcon_core.shell:Creating environment hook '/home/agilex/agilex_ws/install/yolov5_ros2/share/yolov5_ros2/hook/pythonpath.sh'
[1.805s] Level 1:colcon.colcon_core.environment:checking '/home/agilex/agilex_ws/install/yolov5_ros2/bin'
[1.805s] Level 1:colcon.colcon_core.environment:create_environment_scripts_only(yolov5_ros2)
[1.809s] INFO:colcon.colcon_core.shell:Creating package script '/home/agilex/agilex_ws/install/yolov5_ros2/share/yolov5_ros2/package.ps1'
[1.809s] INFO:colcon.colcon_core.shell:Creating package descriptor '/home/agilex/agilex_ws/install/yolov5_ros2/share/yolov5_ros2/package.dsv'
[1.809s] INFO:colcon.colcon_core.shell:Creating package script '/home/agilex/agilex_ws/install/yolov5_ros2/share/yolov5_ros2/package.sh'
[1.809s] INFO:colcon.colcon_core.shell:Creating package script '/home/agilex/agilex_ws/install/yolov5_ros2/share/yolov5_ros2/package.bash'
[1.810s] INFO:colcon.colcon_core.shell:Creating package script '/home/agilex/agilex_ws/install/yolov5_ros2/share/yolov5_ros2/package.zsh'
[1.810s] Level 1:colcon.colcon_core.environment:create_file_with_runtime_dependencies(/home/agilex/agilex_ws/install/yolov5_ros2/share/colcon-core/packages/yolov5_ros2)
[1.814s] Level 1:colcon.colcon_core.environment:create_environment_scripts_only(costmap_converter_msgs)
[1.817s] Level 1:colcon.colcon_core.environment:checking '/home/agilex/agilex_ws/install/costmap_converter_msgs' for CMake module files
[1.818s] Level 1:colcon.colcon_core.environment:checking '/home/agilex/agilex_ws/install/costmap_converter_msgs' for CMake config files
[1.818s] Level 1:colcon.colcon_core.shell:create_environment_hook('costmap_converter_msgs', 'cmake_prefix_path')
[1.821s] INFO:colcon.colcon_core.shell:Creating environment hook '/home/agilex/agilex_ws/install/costmap_converter_msgs/share/costmap_converter_msgs/hook/cmake_prefix_path.ps1'
[1.822s] INFO:colcon.colcon_core.shell:Creating environment descriptor '/home/agilex/agilex_ws/install/costmap_converter_msgs/share/costmap_converter_msgs/hook/cmake_prefix_path.dsv'
[1.822s] INFO:colcon.colcon_core.shell:Creating environment hook '/home/agilex/agilex_ws/install/costmap_converter_msgs/share/costmap_converter_msgs/hook/cmake_prefix_path.sh'
[1.822s] Level 1:colcon.colcon_core.environment:checking '/home/agilex/agilex_ws/install/costmap_converter_msgs/lib'
[1.822s] Level 1:colcon.colcon_core.shell:create_environment_hook('costmap_converter_msgs', 'ld_library_path_lib')
[1.826s] INFO:colcon.colcon_core.shell:Creating environment hook '/home/agilex/agilex_ws/install/costmap_converter_msgs/share/costmap_converter_msgs/hook/ld_library_path_lib.ps1'
[1.826s] INFO:colcon.colcon_core.shell:Creating environment descriptor '/home/agilex/agilex_ws/install/costmap_converter_msgs/share/costmap_converter_msgs/hook/ld_library_path_lib.dsv'
[1.826s] INFO:colcon.colcon_core.shell:Creating environment hook '/home/agilex/agilex_ws/install/costmap_converter_msgs/share/costmap_converter_msgs/hook/ld_library_path_lib.sh'
[1.826s] Level 1:colcon.colcon_core.environment:checking '/home/agilex/agilex_ws/install/costmap_converter_msgs/bin'
[1.826s] Level 1:colcon.colcon_core.environment:checking '/home/agilex/agilex_ws/install/costmap_converter_msgs/lib/pkgconfig/costmap_converter_msgs.pc'
[1.826s] Level 1:colcon.colcon_core.environment:checking '/home/agilex/agilex_ws/install/costmap_converter_msgs/lib/python3.10/site-packages'
[1.827s] Level 1:colcon.colcon_core.environment:checking '/home/agilex/agilex_ws/install/costmap_converter_msgs/bin'
[1.831s] INFO:colcon.colcon_core.shell:Creating package script '/home/agilex/agilex_ws/install/costmap_converter_msgs/share/costmap_converter_msgs/package.ps1'
[1.831s] INFO:colcon.colcon_core.shell:Creating package descriptor '/home/agilex/agilex_ws/install/costmap_converter_msgs/share/costmap_converter_msgs/package.dsv'
[1.831s] INFO:colcon.colcon_core.shell:Creating package script '/home/agilex/agilex_ws/install/costmap_converter_msgs/share/costmap_converter_msgs/package.sh'
[1.832s] INFO:colcon.colcon_core.shell:Creating package script '/home/agilex/agilex_ws/install/costmap_converter_msgs/share/costmap_converter_msgs/package.bash'
[1.832s] INFO:colcon.colcon_core.shell:Creating package script '/home/agilex/agilex_ws/install/costmap_converter_msgs/share/costmap_converter_msgs/package.zsh'
[1.832s] Level 1:colcon.colcon_core.environment:create_file_with_runtime_dependencies(/home/agilex/agilex_ws/install/costmap_converter_msgs/share/colcon-core/packages/costmap_converter_msgs)
[1.836s] Level 1:colcon.colcon_core.environment:create_environment_scripts_only(aruco_msgs)
[1.840s] Level 1:colcon.colcon_core.environment:checking '/home/agilex/agilex_ws/install/aruco_msgs' for CMake module files
[1.840s] Level 1:colcon.colcon_core.environment:checking '/home/agilex/agilex_ws/install/aruco_msgs' for CMake config files
[1.840s] Level 1:colcon.colcon_core.shell:create_environment_hook('aruco_msgs', 'cmake_prefix_path')
[1.843s] INFO:colcon.colcon_core.shell:Creating environment hook '/home/agilex/agilex_ws/install/aruco_msgs/share/aruco_msgs/hook/cmake_prefix_path.ps1'
[1.844s] INFO:colcon.colcon_core.shell:Creating environment descriptor '/home/agilex/agilex_ws/install/aruco_msgs/share/aruco_msgs/hook/cmake_prefix_path.dsv'
[1.844s] INFO:colcon.colcon_core.shell:Creating environment hook '/home/agilex/agilex_ws/install/aruco_msgs/share/aruco_msgs/hook/cmake_prefix_path.sh'
[1.844s] Level 1:colcon.colcon_core.environment:checking '/home/agilex/agilex_ws/install/aruco_msgs/lib'
[1.844s] Level 1:colcon.colcon_core.shell:create_environment_hook('aruco_msgs', 'ld_library_path_lib')
[1.847s] INFO:colcon.colcon_core.shell:Creating environment hook '/home/agilex/agilex_ws/install/aruco_msgs/share/aruco_msgs/hook/ld_library_path_lib.ps1'
[1.848s] INFO:colcon.colcon_core.shell:Creating environment descriptor '/home/agilex/agilex_ws/install/aruco_msgs/share/aruco_msgs/hook/ld_library_path_lib.dsv'
[1.848s] INFO:colcon.colcon_core.shell:Creating environment hook '/home/agilex/agilex_ws/install/aruco_msgs/share/aruco_msgs/hook/ld_library_path_lib.sh'
[1.848s] Level 1:colcon.colcon_core.environment:checking '/home/agilex/agilex_ws/install/aruco_msgs/bin'
[1.848s] Level 1:colcon.colcon_core.environment:checking '/home/agilex/agilex_ws/install/aruco_msgs/lib/pkgconfig/aruco_msgs.pc'
[1.848s] Level 1:colcon.colcon_core.environment:checking '/home/agilex/agilex_ws/install/aruco_msgs/lib/python3.10/site-packages'
[1.848s] Level 1:colcon.colcon_core.environment:checking '/home/agilex/agilex_ws/install/aruco_msgs/bin'
[1.852s] INFO:colcon.colcon_core.shell:Creating package script '/home/agilex/agilex_ws/install/aruco_msgs/share/aruco_msgs/package.ps1'
[1.853s] INFO:colcon.colcon_core.shell:Creating package descriptor '/home/agilex/agilex_ws/install/aruco_msgs/share/aruco_msgs/package.dsv'
[1.853s] INFO:colcon.colcon_core.shell:Creating package script '/home/agilex/agilex_ws/install/aruco_msgs/share/aruco_msgs/package.sh'
[1.853s] INFO:colcon.colcon_core.shell:Creating package script '/home/agilex/agilex_ws/install/aruco_msgs/share/aruco_msgs/package.bash'
[1.853s] INFO:colcon.colcon_core.shell:Creating package script '/home/agilex/agilex_ws/install/aruco_msgs/share/aruco_msgs/package.zsh'
[1.853s] Level 1:colcon.colcon_core.environment:create_file_with_runtime_dependencies(/home/agilex/agilex_ws/install/aruco_msgs/share/colcon-core/packages/aruco_msgs)
[1.854s] INFO:colcon.colcon_ros.task.ament_cmake.build:Building ROS package in '/home/agilex/agilex_ws/src/teb_local_planner/teb_msgs' with build type 'ament_cmake'
[1.854s] INFO:colcon.colcon_cmake.task.cmake.build:Building CMake package in '/home/agilex/agilex_ws/src/teb_local_planner/teb_msgs'
[1.858s] INFO:colcon.colcon_core.shell:Skip shell extension 'powershell' for command environment: Not usable outside of PowerShell
[1.858s] DEBUG:colcon.colcon_core.shell:Skip shell extension 'dsv' for command environment
[1.862s] INFO:colcon.colcon_ros.task.ament_cmake.build:Building ROS package in '/home/agilex/agilex_ws/src/aruco_ros/aruco_ros' with build type 'ament_cmake'
[1.862s] INFO:colcon.colcon_cmake.task.cmake.build:Building CMake package in '/home/agilex/agilex_ws/src/aruco_ros/aruco_ros'
[1.866s] INFO:colcon.colcon_core.shell:Skip shell extension 'powershell' for command environment: Not usable outside of PowerShell
[1.866s] DEBUG:colcon.colcon_core.shell:Skip shell extension 'dsv' for command environment
[1.873s] DEBUG:colcon.colcon_core.event_handler.log_command:Invoking command in '/home/agilex/agilex_ws/build/nav2_msgs': AMENT_PREFIX_PATH=/home/agilex/agilex_ws/install/nav2_common CMAKE_PREFIX_PATH=/home/agilex/agilex_ws/install/nav2_common PYTHONPATH=/home/agilex/agilex_ws/install/nav2_common/local/lib/python3.10/dist-packages /usr/bin/cmake --build /home/agilex/agilex_ws/build/nav2_msgs -- -j16 -l16
[1.875s] DEBUG:colcon.colcon_core.event_handler.log_command:Invoking command in '/home/agilex/agilex_ws/build/nav2_voxel_grid': AMENT_PREFIX_PATH=/home/agilex/agilex_ws/install/nav2_common CMAKE_PREFIX_PATH=/home/agilex/agilex_ws/install/nav2_common PYTHONPATH=/home/agilex/agilex_ws/install/nav2_common/local/lib/python3.10/dist-packages /usr/bin/cmake --build /home/agilex/agilex_ws/build/nav2_voxel_grid -- -j16 -l16
[1.879s] Level 1:colcon.colcon_core.environment:create_environment_scripts_only(nav_2d_msgs)
[1.882s] Level 1:colcon.colcon_core.environment:checking '/home/agilex/agilex_ws/install/nav_2d_msgs' for CMake module files
[1.883s] Level 1:colcon.colcon_core.environment:checking '/home/agilex/agilex_ws/install/nav_2d_msgs' for CMake config files
[1.883s] Level 1:colcon.colcon_core.shell:create_environment_hook('nav_2d_msgs', 'cmake_prefix_path')
[1.887s] INFO:colcon.colcon_core.shell:Creating environment hook '/home/agilex/agilex_ws/install/nav_2d_msgs/share/nav_2d_msgs/hook/cmake_prefix_path.ps1'
[1.887s] INFO:colcon.colcon_core.shell:Creating environment descriptor '/home/agilex/agilex_ws/install/nav_2d_msgs/share/nav_2d_msgs/hook/cmake_prefix_path.dsv'
[1.887s] INFO:colcon.colcon_core.shell:Creating environment hook '/home/agilex/agilex_ws/install/nav_2d_msgs/share/nav_2d_msgs/hook/cmake_prefix_path.sh'
[1.887s] Level 1:colcon.colcon_core.environment:checking '/home/agilex/agilex_ws/install/nav_2d_msgs/lib'
[1.887s] Level 1:colcon.colcon_core.shell:create_environment_hook('nav_2d_msgs', 'ld_library_path_lib')
[1.891s] INFO:colcon.colcon_core.shell:Creating environment hook '/home/agilex/agilex_ws/install/nav_2d_msgs/share/nav_2d_msgs/hook/ld_library_path_lib.ps1'
[1.891s] INFO:colcon.colcon_core.shell:Creating environment descriptor '/home/agilex/agilex_ws/install/nav_2d_msgs/share/nav_2d_msgs/hook/ld_library_path_lib.dsv'
[1.892s] INFO:colcon.colcon_core.shell:Creating environment hook '/home/agilex/agilex_ws/install/nav_2d_msgs/share/nav_2d_msgs/hook/ld_library_path_lib.sh'
[1.892s] Level 1:colcon.colcon_core.environment:checking '/home/agilex/agilex_ws/install/nav_2d_msgs/bin'
[1.892s] Level 1:colcon.colcon_core.environment:checking '/home/agilex/agilex_ws/install/nav_2d_msgs/lib/pkgconfig/nav_2d_msgs.pc'
[1.892s] Level 1:colcon.colcon_core.environment:checking '/home/agilex/agilex_ws/install/nav_2d_msgs/lib/python3.10/site-packages'
[1.892s] Level 1:colcon.colcon_core.environment:checking '/home/agilex/agilex_ws/install/nav_2d_msgs/bin'
[1.896s] INFO:colcon.colcon_core.shell:Creating package script '/home/agilex/agilex_ws/install/nav_2d_msgs/share/nav_2d_msgs/package.ps1'
[1.897s] INFO:colcon.colcon_core.shell:Creating package descriptor '/home/agilex/agilex_ws/install/nav_2d_msgs/share/nav_2d_msgs/package.dsv'
[1.897s] INFO:colcon.colcon_core.shell:Creating package script '/home/agilex/agilex_ws/install/nav_2d_msgs/share/nav_2d_msgs/package.sh'
[1.897s] INFO:colcon.colcon_core.shell:Creating package script '/home/agilex/agilex_ws/install/nav_2d_msgs/share/nav_2d_msgs/package.bash'
[1.898s] INFO:colcon.colcon_core.shell:Creating package script '/home/agilex/agilex_ws/install/nav_2d_msgs/share/nav_2d_msgs/package.zsh'
[1.898s] Level 1:colcon.colcon_core.environment:create_file_with_runtime_dependencies(/home/agilex/agilex_ws/install/nav_2d_msgs/share/colcon-core/packages/nav_2d_msgs)
[1.901s] INFO:colcon.colcon_ros.task.ament_cmake.build:Building ROS package in '/home/agilex/agilex_ws/src/navigation2/nav2_dwb_controller/dwb_msgs' with build type 'ament_cmake'
[1.901s] INFO:colcon.colcon_cmake.task.cmake.build:Building CMake package in '/home/agilex/agilex_ws/src/navigation2/nav2_dwb_controller/dwb_msgs'
[1.903s] DEBUG:colcon.colcon_core.event_handler.log_command:Invoking command in '/home/agilex/agilex_ws/build/limo_base': AMENT_PREFIX_PATH=/home/agilex/agilex_ws/install/limo_msgs CMAKE_PREFIX_PATH=/home/agilex/agilex_ws/install/limo_msgs LD_LIBRARY_PATH=/home/agilex/agilex_ws/install/limo_msgs/lib PYTHONPATH=/home/agilex/agilex_ws/install/limo_msgs/local/lib/python3.10/dist-packages /usr/bin/cmake --build /home/agilex/agilex_ws/build/limo_base -- -j16 -l16
[1.907s] INFO:colcon.colcon_core.shell:Skip shell extension 'powershell' for command environment: Not usable outside of PowerShell
[1.907s] DEBUG:colcon.colcon_core.shell:Skip shell extension 'dsv' for command environment
[1.916s] DEBUG:colcon.colcon_core.event_handler.log_command:Invoking command in '/home/agilex/agilex_ws/build/teb_msgs': AMENT_PREFIX_PATH=/home/agilex/agilex_ws/install/costmap_converter_msgs CMAKE_PREFIX_PATH=/home/agilex/agilex_ws/install/costmap_converter_msgs LD_LIBRARY_PATH=/home/agilex/agilex_ws/install/costmap_converter_msgs/lib PYTHONPATH=/home/agilex/agilex_ws/install/costmap_converter_msgs/local/lib/python3.10/dist-packages /usr/bin/cmake --build /home/agilex/agilex_ws/build/teb_msgs -- -j16 -l16
[1.920s] DEBUG:colcon.colcon_core.event_handler.log_command:Invoking command in '/home/agilex/agilex_ws/build/aruco_ros': AMENT_PREFIX_PATH=/home/agilex/agilex_ws/install/aruco_msgs:/home/agilex/agilex_ws/install/aruco CMAKE_PREFIX_PATH=/home/agilex/agilex_ws/install/aruco_msgs:/home/agilex/agilex_ws/install/aruco LD_LIBRARY_PATH=/home/agilex/agilex_ws/install/aruco_msgs/lib:/home/agilex/agilex_ws/install/aruco/lib PYTHONPATH=/home/agilex/agilex_ws/install/aruco_msgs/local/lib/python3.10/dist-packages /usr/bin/cmake --build /home/agilex/agilex_ws/build/aruco_ros -- -j16 -l16
[1.931s] Level 1:colcon.colcon_core.environment:create_environment_scripts_only(orbbec_camera_msgs)
[1.941s] Level 1:colcon.colcon_core.environment:checking '/home/agilex/agilex_ws/install/orbbec_camera_msgs' for CMake module files
[1.943s] Level 1:colcon.colcon_core.environment:checking '/home/agilex/agilex_ws/install/orbbec_camera_msgs' for CMake config files
[1.944s] Level 1:colcon.colcon_core.shell:create_environment_hook('orbbec_camera_msgs', 'cmake_prefix_path')
[1.958s] INFO:colcon.colcon_core.shell:Creating environment hook '/home/agilex/agilex_ws/install/orbbec_camera_msgs/share/orbbec_camera_msgs/hook/cmake_prefix_path.ps1'
[1.959s] INFO:colcon.colcon_core.shell:Creating environment descriptor '/home/agilex/agilex_ws/install/orbbec_camera_msgs/share/orbbec_camera_msgs/hook/cmake_prefix_path.dsv'
[1.960s] INFO:colcon.colcon_core.shell:Creating environment hook '/home/agilex/agilex_ws/install/orbbec_camera_msgs/share/orbbec_camera_msgs/hook/cmake_prefix_path.sh'
[1.960s] Level 1:colcon.colcon_core.environment:checking '/home/agilex/agilex_ws/install/orbbec_camera_msgs/lib'
[1.960s] Level 1:colcon.colcon_core.shell:create_environment_hook('orbbec_camera_msgs', 'ld_library_path_lib')
[1.992s] INFO:colcon.colcon_core.shell:Creating environment hook '/home/agilex/agilex_ws/install/orbbec_camera_msgs/share/orbbec_camera_msgs/hook/ld_library_path_lib.ps1'
[1.993s] INFO:colcon.colcon_core.shell:Creating environment descriptor '/home/agilex/agilex_ws/install/orbbec_camera_msgs/share/orbbec_camera_msgs/hook/ld_library_path_lib.dsv'
[1.993s] INFO:colcon.colcon_core.shell:Creating environment hook '/home/agilex/agilex_ws/install/orbbec_camera_msgs/share/orbbec_camera_msgs/hook/ld_library_path_lib.sh'
[1.994s] Level 1:colcon.colcon_core.environment:checking '/home/agilex/agilex_ws/install/orbbec_camera_msgs/bin'
[1.994s] Level 1:colcon.colcon_core.environment:checking '/home/agilex/agilex_ws/install/orbbec_camera_msgs/lib/pkgconfig/orbbec_camera_msgs.pc'
[1.994s] Level 1:colcon.colcon_core.environment:checking '/home/agilex/agilex_ws/install/orbbec_camera_msgs/lib/python3.10/site-packages'
[1.994s] Level 1:colcon.colcon_core.environment:checking '/home/agilex/agilex_ws/install/orbbec_camera_msgs/bin'
[2.003s] INFO:colcon.colcon_core.shell:Creating package script '/home/agilex/agilex_ws/install/orbbec_camera_msgs/share/orbbec_camera_msgs/package.ps1'
[2.003s] INFO:colcon.colcon_core.shell:Creating package descriptor '/home/agilex/agilex_ws/install/orbbec_camera_msgs/share/orbbec_camera_msgs/package.dsv'
[2.004s] INFO:colcon.colcon_core.shell:Creating package script '/home/agilex/agilex_ws/install/orbbec_camera_msgs/share/orbbec_camera_msgs/package.sh'
[2.005s] INFO:colcon.colcon_core.shell:Creating package script '/home/agilex/agilex_ws/install/orbbec_camera_msgs/share/orbbec_camera_msgs/package.bash'
[2.005s] INFO:colcon.colcon_core.shell:Creating package script '/home/agilex/agilex_ws/install/orbbec_camera_msgs/share/orbbec_camera_msgs/package.zsh'
[2.005s] Level 1:colcon.colcon_core.environment:create_file_with_runtime_dependencies(/home/agilex/agilex_ws/install/orbbec_camera_msgs/share/colcon-core/packages/orbbec_camera_msgs)
[2.006s] INFO:colcon.colcon_ros.task.ament_cmake.build:Building ROS package in '/home/agilex/agilex_ws/src/OrbbecSDK_ROS2/orbbec_camera' with build type 'ament_cmake'
[2.007s] INFO:colcon.colcon_cmake.task.cmake.build:Building CMake package in '/home/agilex/agilex_ws/src/OrbbecSDK_ROS2/orbbec_camera'
[2.015s] INFO:colcon.colcon_core.shell:Skip shell extension 'powershell' for command environment: Not usable outside of PowerShell
[2.015s] DEBUG:colcon.colcon_core.shell:Skip shell extension 'dsv' for command environment
[2.026s] DEBUG:colcon.colcon_core.event_handler.log_command:Invoking command in '/home/agilex/agilex_ws/build/dwb_msgs': AMENT_PREFIX_PATH=/home/agilex/agilex_ws/install/nav_2d_msgs CMAKE_PREFIX_PATH=/home/agilex/agilex_ws/install/nav_2d_msgs LD_LIBRARY_PATH=/home/agilex/agilex_ws/install/nav_2d_msgs/lib PYTHONPATH=/home/agilex/agilex_ws/install/nav_2d_msgs/local/lib/python3.10/dist-packages /usr/bin/cmake --build /home/agilex/agilex_ws/build/dwb_msgs -- -j16 -l16
[2.026s] DEBUG:colcon.colcon_core.event_handler.log_command:Invoked command in '/home/agilex/agilex_ws/build/nav2_voxel_grid' returned '0': AMENT_PREFIX_PATH=/home/agilex/agilex_ws/install/nav2_common CMAKE_PREFIX_PATH=/home/agilex/agilex_ws/install/nav2_common PYTHONPATH=/home/agilex/agilex_ws/install/nav2_common/local/lib/python3.10/dist-packages /usr/bin/cmake --build /home/agilex/agilex_ws/build/nav2_voxel_grid -- -j16 -l16
[2.027s] DEBUG:colcon.colcon_core.event_handler.log_command:Invoked command in '/home/agilex/agilex_ws/build/limo_base' returned '0': AMENT_PREFIX_PATH=/home/agilex/agilex_ws/install/limo_msgs CMAKE_PREFIX_PATH=/home/agilex/agilex_ws/install/limo_msgs LD_LIBRARY_PATH=/home/agilex/agilex_ws/install/limo_msgs/lib PYTHONPATH=/home/agilex/agilex_ws/install/limo_msgs/local/lib/python3.10/dist-packages /usr/bin/cmake --build /home/agilex/agilex_ws/build/limo_base -- -j16 -l16
[2.028s] DEBUG:colcon.colcon_core.event_handler.log_command:Invoked command in '/home/agilex/agilex_ws/build/aruco_ros' returned '0': AMENT_PREFIX_PATH=/home/agilex/agilex_ws/install/aruco_msgs:/home/agilex/agilex_ws/install/aruco CMAKE_PREFIX_PATH=/home/agilex/agilex_ws/install/aruco_msgs:/home/agilex/agilex_ws/install/aruco LD_LIBRARY_PATH=/home/agilex/agilex_ws/install/aruco_msgs/lib:/home/agilex/agilex_ws/install/aruco/lib PYTHONPATH=/home/agilex/agilex_ws/install/aruco_msgs/local/lib/python3.10/dist-packages /usr/bin/cmake --build /home/agilex/agilex_ws/build/aruco_ros -- -j16 -l16
[2.033s] DEBUG:colcon.colcon_core.event_handler.log_command:Invoking command in '/home/agilex/agilex_ws/build/orbbec_camera': AMENT_PREFIX_PATH=/home/agilex/agilex_ws/install/orbbec_camera_msgs CMAKE_PREFIX_PATH=/home/agilex/agilex_ws/install/orbbec_camera_msgs LD_LIBRARY_PATH=/home/agilex/agilex_ws/install/orbbec_camera_msgs/lib PYTHONPATH=/home/agilex/agilex_ws/install/orbbec_camera_msgs/local/lib/python3.10/dist-packages /usr/bin/cmake --build /home/agilex/agilex_ws/build/orbbec_camera -- -j16 -l16
[2.047s] DEBUG:colcon.colcon_core.event_handler.log_command:Invoking command in '/home/agilex/agilex_ws/build/nav2_voxel_grid': AMENT_PREFIX_PATH=/home/agilex/agilex_ws/install/nav2_common CMAKE_PREFIX_PATH=/home/agilex/agilex_ws/install/nav2_common PYTHONPATH=/home/agilex/agilex_ws/install/nav2_common/local/lib/python3.10/dist-packages /usr/bin/cmake --install /home/agilex/agilex_ws/build/nav2_voxel_grid
[2.048s] DEBUG:colcon.colcon_core.event_handler.log_command:Invoking command in '/home/agilex/agilex_ws/build/limo_base': AMENT_PREFIX_PATH=/home/agilex/agilex_ws/install/limo_msgs CMAKE_PREFIX_PATH=/home/agilex/agilex_ws/install/limo_msgs LD_LIBRARY_PATH=/home/agilex/agilex_ws/install/limo_msgs/lib PYTHONPATH=/home/agilex/agilex_ws/install/limo_msgs/local/lib/python3.10/dist-packages /usr/bin/cmake --install /home/agilex/agilex_ws/build/limo_base
[2.060s] Level 1:colcon.colcon_core.environment:create_environment_scripts_only(nav2_voxel_grid)
[2.065s] DEBUG:colcon.colcon_core.event_handler.log_command:Invoking command in '/home/agilex/agilex_ws/build/aruco_ros': AMENT_PREFIX_PATH=/home/agilex/agilex_ws/install/aruco_msgs:/home/agilex/agilex_ws/install/aruco CMAKE_PREFIX_PATH=/home/agilex/agilex_ws/install/aruco_msgs:/home/agilex/agilex_ws/install/aruco LD_LIBRARY_PATH=/home/agilex/agilex_ws/install/aruco_msgs/lib:/home/agilex/agilex_ws/install/aruco/lib PYTHONPATH=/home/agilex/agilex_ws/install/aruco_msgs/local/lib/python3.10/dist-packages /usr/bin/cmake --install /home/agilex/agilex_ws/build/aruco_ros
[2.075s] DEBUG:colcon.colcon_core.event_handler.log_command:Invoked command in '/home/agilex/agilex_ws/build/nav2_voxel_grid' returned '0': AMENT_PREFIX_PATH=/home/agilex/agilex_ws/install/nav2_common CMAKE_PREFIX_PATH=/home/agilex/agilex_ws/install/nav2_common PYTHONPATH=/home/agilex/agilex_ws/install/nav2_common/local/lib/python3.10/dist-packages /usr/bin/cmake --install /home/agilex/agilex_ws/build/nav2_voxel_grid
[2.081s] Level 1:colcon.colcon_core.environment:checking '/home/agilex/agilex_ws/install/nav2_voxel_grid' for CMake module files
[2.082s] Level 1:colcon.colcon_core.environment:checking '/home/agilex/agilex_ws/install/nav2_voxel_grid' for CMake config files
[2.083s] Level 1:colcon.colcon_core.shell:create_environment_hook('nav2_voxel_grid', 'cmake_prefix_path')
[2.094s] INFO:colcon.colcon_core.shell:Creating environment hook '/home/agilex/agilex_ws/install/nav2_voxel_grid/share/nav2_voxel_grid/hook/cmake_prefix_path.ps1'
[2.095s] INFO:colcon.colcon_core.shell:Creating environment descriptor '/home/agilex/agilex_ws/install/nav2_voxel_grid/share/nav2_voxel_grid/hook/cmake_prefix_path.dsv'
[2.096s] INFO:colcon.colcon_core.shell:Creating environment hook '/home/agilex/agilex_ws/install/nav2_voxel_grid/share/nav2_voxel_grid/hook/cmake_prefix_path.sh'
[2.097s] Level 1:colcon.colcon_core.environment:checking '/home/agilex/agilex_ws/install/nav2_voxel_grid/lib'
[2.097s] Level 1:colcon.colcon_core.shell:create_environment_hook('nav2_voxel_grid', 'ld_library_path_lib')
[2.107s] INFO:colcon.colcon_core.shell:Creating environment hook '/home/agilex/agilex_ws/install/nav2_voxel_grid/share/nav2_voxel_grid/hook/ld_library_path_lib.ps1'
[2.107s] INFO:colcon.colcon_core.shell:Creating environment descriptor '/home/agilex/agilex_ws/install/nav2_voxel_grid/share/nav2_voxel_grid/hook/ld_library_path_lib.dsv'
[2.108s] INFO:colcon.colcon_core.shell:Creating environment hook '/home/agilex/agilex_ws/install/nav2_voxel_grid/share/nav2_voxel_grid/hook/ld_library_path_lib.sh'
[2.108s] Level 1:colcon.colcon_core.environment:checking '/home/agilex/agilex_ws/install/nav2_voxel_grid/bin'
[2.108s] Level 1:colcon.colcon_core.environment:checking '/home/agilex/agilex_ws/install/nav2_voxel_grid/lib/pkgconfig/nav2_voxel_grid.pc'
[2.108s] Level 1:colcon.colcon_core.environment:checking '/home/agilex/agilex_ws/install/nav2_voxel_grid/lib/python3.10/site-packages'
[2.109s] Level 1:colcon.colcon_core.environment:checking '/home/agilex/agilex_ws/install/nav2_voxel_grid/bin'
[2.117s] INFO:colcon.colcon_core.shell:Creating package script '/home/agilex/agilex_ws/install/nav2_voxel_grid/share/nav2_voxel_grid/package.ps1'
[2.118s] INFO:colcon.colcon_core.shell:Creating package descriptor '/home/agilex/agilex_ws/install/nav2_voxel_grid/share/nav2_voxel_grid/package.dsv'
[2.118s] INFO:colcon.colcon_core.shell:Creating package script '/home/agilex/agilex_ws/install/nav2_voxel_grid/share/nav2_voxel_grid/package.sh'
[2.119s] INFO:colcon.colcon_core.shell:Creating package script '/home/agilex/agilex_ws/install/nav2_voxel_grid/share/nav2_voxel_grid/package.bash'
[2.120s] INFO:colcon.colcon_core.shell:Creating package script '/home/agilex/agilex_ws/install/nav2_voxel_grid/share/nav2_voxel_grid/package.zsh'
[2.120s] Level 1:colcon.colcon_core.environment:create_file_with_runtime_dependencies(/home/agilex/agilex_ws/install/nav2_voxel_grid/share/colcon-core/packages/nav2_voxel_grid)
[2.122s] Level 1:colcon.colcon_core.environment:create_environment_scripts_only(limo_base)
[2.122s] DEBUG:colcon.colcon_core.event_handler.log_command:Invoked command in '/home/agilex/agilex_ws/build/limo_base' returned '0': AMENT_PREFIX_PATH=/home/agilex/agilex_ws/install/limo_msgs CMAKE_PREFIX_PATH=/home/agilex/agilex_ws/install/limo_msgs LD_LIBRARY_PATH=/home/agilex/agilex_ws/install/limo_msgs/lib PYTHONPATH=/home/agilex/agilex_ws/install/limo_msgs/local/lib/python3.10/dist-packages /usr/bin/cmake --install /home/agilex/agilex_ws/build/limo_base
[2.132s] Level 1:colcon.colcon_core.environment:checking '/home/agilex/agilex_ws/install/limo_base' for CMake module files
[2.133s] Level 1:colcon.colcon_core.environment:checking '/home/agilex/agilex_ws/install/limo_base' for CMake config files
[2.133s] Level 1:colcon.colcon_core.shell:create_environment_hook('limo_base', 'cmake_prefix_path')
[2.137s] INFO:colcon.colcon_core.shell:Creating environment hook '/home/agilex/agilex_ws/install/limo_base/share/limo_base/hook/cmake_prefix_path.ps1'
[2.138s] INFO:colcon.colcon_core.shell:Creating environment descriptor '/home/agilex/agilex_ws/install/limo_base/share/limo_base/hook/cmake_prefix_path.dsv'
[2.138s] INFO:colcon.colcon_core.shell:Creating environment hook '/home/agilex/agilex_ws/install/limo_base/share/limo_base/hook/cmake_prefix_path.sh'
[2.138s] Level 1:colcon.colcon_core.environment:checking '/home/agilex/agilex_ws/install/limo_base/lib'
[2.138s] Level 1:colcon.colcon_core.environment:checking '/home/agilex/agilex_ws/install/limo_base/bin'
[2.138s] Level 1:colcon.colcon_core.environment:checking '/home/agilex/agilex_ws/install/limo_base/lib/pkgconfig/limo_base.pc'
[2.138s] Level 1:colcon.colcon_core.environment:checking '/home/agilex/agilex_ws/install/limo_base/lib/python3.10/site-packages'
[2.138s] Level 1:colcon.colcon_core.environment:checking '/home/agilex/agilex_ws/install/limo_base/bin'
[2.142s] INFO:colcon.colcon_core.shell:Creating package script '/home/agilex/agilex_ws/install/limo_base/share/limo_base/package.ps1'
[2.143s] INFO:colcon.colcon_core.shell:Creating package descriptor '/home/agilex/agilex_ws/install/limo_base/share/limo_base/package.dsv'
[2.143s] INFO:colcon.colcon_core.shell:Creating package script '/home/agilex/agilex_ws/install/limo_base/share/limo_base/package.sh'
[2.143s] INFO:colcon.colcon_core.shell:Creating package script '/home/agilex/agilex_ws/install/limo_base/share/limo_base/package.bash'
[2.143s] INFO:colcon.colcon_core.shell:Creating package script '/home/agilex/agilex_ws/install/limo_base/share/limo_base/package.zsh'
[2.143s] Level 1:colcon.colcon_core.environment:create_file_with_runtime_dependencies(/home/agilex/agilex_ws/install/limo_base/share/colcon-core/packages/limo_base)
[2.144s] Level 1:colcon.colcon_core.environment:create_environment_scripts_only(aruco_ros)
[2.145s] DEBUG:colcon.colcon_core.event_handler.log_command:Invoked command in '/home/agilex/agilex_ws/build/aruco_ros' returned '0': AMENT_PREFIX_PATH=/home/agilex/agilex_ws/install/aruco_msgs:/home/agilex/agilex_ws/install/aruco CMAKE_PREFIX_PATH=/home/agilex/agilex_ws/install/aruco_msgs:/home/agilex/agilex_ws/install/aruco LD_LIBRARY_PATH=/home/agilex/agilex_ws/install/aruco_msgs/lib:/home/agilex/agilex_ws/install/aruco/lib PYTHONPATH=/home/agilex/agilex_ws/install/aruco_msgs/local/lib/python3.10/dist-packages /usr/bin/cmake --install /home/agilex/agilex_ws/build/aruco_ros
[2.154s] Level 1:colcon.colcon_core.environment:checking '/home/agilex/agilex_ws/install/aruco_ros' for CMake module files
[2.155s] Level 1:colcon.colcon_core.environment:checking '/home/agilex/agilex_ws/install/aruco_ros' for CMake config files
[2.155s] Level 1:colcon.colcon_core.shell:create_environment_hook('aruco_ros', 'cmake_prefix_path')
[2.163s] INFO:colcon.colcon_core.shell:Creating environment hook '/home/agilex/agilex_ws/install/aruco_ros/share/aruco_ros/hook/cmake_prefix_path.ps1'
[2.164s] INFO:colcon.colcon_core.shell:Creating environment descriptor '/home/agilex/agilex_ws/install/aruco_ros/share/aruco_ros/hook/cmake_prefix_path.dsv'
[2.164s] INFO:colcon.colcon_core.shell:Creating environment hook '/home/agilex/agilex_ws/install/aruco_ros/share/aruco_ros/hook/cmake_prefix_path.sh'
[2.165s] Level 1:colcon.colcon_core.environment:checking '/home/agilex/agilex_ws/install/aruco_ros/lib'
[2.165s] Level 1:colcon.colcon_core.shell:create_environment_hook('aruco_ros', 'ld_library_path_lib')
[2.174s] INFO:colcon.colcon_core.shell:Creating environment hook '/home/agilex/agilex_ws/install/aruco_ros/share/aruco_ros/hook/ld_library_path_lib.ps1'
[2.175s] INFO:colcon.colcon_core.shell:Creating environment descriptor '/home/agilex/agilex_ws/install/aruco_ros/share/aruco_ros/hook/ld_library_path_lib.dsv'
[2.175s] INFO:colcon.colcon_core.shell:Creating environment hook '/home/agilex/agilex_ws/install/aruco_ros/share/aruco_ros/hook/ld_library_path_lib.sh'
[2.175s] Level 1:colcon.colcon_core.environment:checking '/home/agilex/agilex_ws/install/aruco_ros/bin'
[2.175s] Level 1:colcon.colcon_core.environment:checking '/home/agilex/agilex_ws/install/aruco_ros/lib/pkgconfig/aruco_ros.pc'
[2.176s] Level 1:colcon.colcon_core.environment:checking '/home/agilex/agilex_ws/install/aruco_ros/lib/python3.10/site-packages'
[2.176s] Level 1:colcon.colcon_core.environment:checking '/home/agilex/agilex_ws/install/aruco_ros/bin'
[2.181s] INFO:colcon.colcon_core.shell:Creating package script '/home/agilex/agilex_ws/install/aruco_ros/share/aruco_ros/package.ps1'
[2.181s] INFO:colcon.colcon_core.shell:Creating package descriptor '/home/agilex/agilex_ws/install/aruco_ros/share/aruco_ros/package.dsv'
[2.181s] INFO:colcon.colcon_core.shell:Creating package script '/home/agilex/agilex_ws/install/aruco_ros/share/aruco_ros/package.sh'
[2.182s] INFO:colcon.colcon_core.shell:Creating package script '/home/agilex/agilex_ws/install/aruco_ros/share/aruco_ros/package.bash'
[2.182s] INFO:colcon.colcon_core.shell:Creating package script '/home/agilex/agilex_ws/install/aruco_ros/share/aruco_ros/package.zsh'
[2.182s] Level 1:colcon.colcon_core.environment:create_file_with_runtime_dependencies(/home/agilex/agilex_ws/install/aruco_ros/share/colcon-core/packages/aruco_ros)
[2.184s] DEBUG:colcon.colcon_core.event_handler.log_command:Invoked command in '/home/agilex/agilex_ws/build/nav2_msgs' returned '0': AMENT_PREFIX_PATH=/home/agilex/agilex_ws/install/nav2_common CMAKE_PREFIX_PATH=/home/agilex/agilex_ws/install/nav2_common PYTHONPATH=/home/agilex/agilex_ws/install/nav2_common/local/lib/python3.10/dist-packages /usr/bin/cmake --build /home/agilex/agilex_ws/build/nav2_msgs -- -j16 -l16
[2.184s] DEBUG:colcon.colcon_core.event_handler.log_command:Invoked command in '/home/agilex/agilex_ws/build/orbbec_camera' returned '0': AMENT_PREFIX_PATH=/home/agilex/agilex_ws/install/orbbec_camera_msgs CMAKE_PREFIX_PATH=/home/agilex/agilex_ws/install/orbbec_camera_msgs LD_LIBRARY_PATH=/home/agilex/agilex_ws/install/orbbec_camera_msgs/lib PYTHONPATH=/home/agilex/agilex_ws/install/orbbec_camera_msgs/local/lib/python3.10/dist-packages /usr/bin/cmake --build /home/agilex/agilex_ws/build/orbbec_camera -- -j16 -l16
[2.193s] Level 1:colcon.colcon_core.environment:create_environment_scripts_only(nav2_voxel_grid)
[2.200s] Level 1:colcon.colcon_core.environment:checking '/home/agilex/agilex_ws/install/nav2_voxel_grid' for CMake module files
[2.200s] Level 1:colcon.colcon_core.environment:checking '/home/agilex/agilex_ws/install/nav2_voxel_grid' for CMake config files
[2.201s] Level 1:colcon.colcon_core.shell:create_environment_hook('nav2_voxel_grid', 'cmake_prefix_path')
[2.209s] INFO:colcon.colcon_core.shell:Creating environment hook '/home/agilex/agilex_ws/install/nav2_voxel_grid/share/nav2_voxel_grid/hook/cmake_prefix_path.ps1'
[2.210s] INFO:colcon.colcon_core.shell:Creating environment descriptor '/home/agilex/agilex_ws/install/nav2_voxel_grid/share/nav2_voxel_grid/hook/cmake_prefix_path.dsv'
[2.210s] INFO:colcon.colcon_core.shell:Creating environment hook '/home/agilex/agilex_ws/install/nav2_voxel_grid/share/nav2_voxel_grid/hook/cmake_prefix_path.sh'
[2.211s] Level 1:colcon.colcon_core.environment:checking '/home/agilex/agilex_ws/install/nav2_voxel_grid/lib'
[2.211s] Level 1:colcon.colcon_core.shell:create_environment_hook('nav2_voxel_grid', 'ld_library_path_lib')
[2.220s] INFO:colcon.colcon_core.shell:Creating environment hook '/home/agilex/agilex_ws/install/nav2_voxel_grid/share/nav2_voxel_grid/hook/ld_library_path_lib.ps1'
[2.221s] INFO:colcon.colcon_core.shell:Creating environment descriptor '/home/agilex/agilex_ws/install/nav2_voxel_grid/share/nav2_voxel_grid/hook/ld_library_path_lib.dsv'
[2.221s] INFO:colcon.colcon_core.shell:Creating environment hook '/home/agilex/agilex_ws/install/nav2_voxel_grid/share/nav2_voxel_grid/hook/ld_library_path_lib.sh'
[2.221s] Level 1:colcon.colcon_core.environment:checking '/home/agilex/agilex_ws/install/nav2_voxel_grid/bin'
[2.221s] Level 1:colcon.colcon_core.environment:checking '/home/agilex/agilex_ws/install/nav2_voxel_grid/lib/pkgconfig/nav2_voxel_grid.pc'
[2.222s] Level 1:colcon.colcon_core.environment:checking '/home/agilex/agilex_ws/install/nav2_voxel_grid/lib/python3.10/site-packages'
[2.222s] Level 1:colcon.colcon_core.environment:checking '/home/agilex/agilex_ws/install/nav2_voxel_grid/bin'
[2.229s] INFO:colcon.colcon_core.shell:Creating package script '/home/agilex/agilex_ws/install/nav2_voxel_grid/share/nav2_voxel_grid/package.ps1'
[2.230s] INFO:colcon.colcon_core.shell:Creating package descriptor '/home/agilex/agilex_ws/install/nav2_voxel_grid/share/nav2_voxel_grid/package.dsv'
[2.231s] INFO:colcon.colcon_core.shell:Creating package script '/home/agilex/agilex_ws/install/nav2_voxel_grid/share/nav2_voxel_grid/package.sh'
[2.231s] INFO:colcon.colcon_core.shell:Creating package script '/home/agilex/agilex_ws/install/nav2_voxel_grid/share/nav2_voxel_grid/package.bash'
[2.231s] INFO:colcon.colcon_core.shell:Creating package script '/home/agilex/agilex_ws/install/nav2_voxel_grid/share/nav2_voxel_grid/package.zsh'
[2.232s] Level 1:colcon.colcon_core.environment:create_file_with_runtime_dependencies(/home/agilex/agilex_ws/install/nav2_voxel_grid/share/colcon-core/packages/nav2_voxel_grid)
[2.233s] DEBUG:colcon.colcon_core.event_handler.log_command:Invoked command in '/home/agilex/agilex_ws/build/teb_msgs' returned '0': AMENT_PREFIX_PATH=/home/agilex/agilex_ws/install/costmap_converter_msgs CMAKE_PREFIX_PATH=/home/agilex/agilex_ws/install/costmap_converter_msgs LD_LIBRARY_PATH=/home/agilex/agilex_ws/install/costmap_converter_msgs/lib PYTHONPATH=/home/agilex/agilex_ws/install/costmap_converter_msgs/local/lib/python3.10/dist-packages /usr/bin/cmake --build /home/agilex/agilex_ws/build/teb_msgs -- -j16 -l16
[2.242s] Level 1:colcon.colcon_core.environment:create_environment_scripts_only(limo_base)
[2.249s] Level 1:colcon.colcon_core.environment:checking '/home/agilex/agilex_ws/install/limo_base' for CMake module files
[2.250s] Level 1:colcon.colcon_core.environment:checking '/home/agilex/agilex_ws/install/limo_base' for CMake config files
[2.250s] Level 1:colcon.colcon_core.shell:create_environment_hook('limo_base', 'cmake_prefix_path')
[2.254s] INFO:colcon.colcon_core.shell:Creating environment hook '/home/agilex/agilex_ws/install/limo_base/share/limo_base/hook/cmake_prefix_path.ps1'
[2.254s] INFO:colcon.colcon_core.shell:Creating environment descriptor '/home/agilex/agilex_ws/install/limo_base/share/limo_base/hook/cmake_prefix_path.dsv'
[2.254s] INFO:colcon.colcon_core.shell:Creating environment hook '/home/agilex/agilex_ws/install/limo_base/share/limo_base/hook/cmake_prefix_path.sh'
[2.254s] Level 1:colcon.colcon_core.environment:checking '/home/agilex/agilex_ws/install/limo_base/lib'
[2.255s] Level 1:colcon.colcon_core.environment:checking '/home/agilex/agilex_ws/install/limo_base/bin'
[2.255s] Level 1:colcon.colcon_core.environment:checking '/home/agilex/agilex_ws/install/limo_base/lib/pkgconfig/limo_base.pc'
[2.255s] Level 1:colcon.colcon_core.environment:checking '/home/agilex/agilex_ws/install/limo_base/lib/python3.10/site-packages'
[2.255s] Level 1:colcon.colcon_core.environment:checking '/home/agilex/agilex_ws/install/limo_base/bin'
[2.259s] INFO:colcon.colcon_core.shell:Creating package script '/home/agilex/agilex_ws/install/limo_base/share/limo_base/package.ps1'
[2.259s] INFO:colcon.colcon_core.shell:Creating package descriptor '/home/agilex/agilex_ws/install/limo_base/share/limo_base/package.dsv'
[2.259s] INFO:colcon.colcon_core.shell:Creating package script '/home/agilex/agilex_ws/install/limo_base/share/limo_base/package.sh'
[2.259s] INFO:colcon.colcon_core.shell:Creating package script '/home/agilex/agilex_ws/install/limo_base/share/limo_base/package.bash'
[2.260s] INFO:colcon.colcon_core.shell:Creating package script '/home/agilex/agilex_ws/install/limo_base/share/limo_base/package.zsh'
[2.260s] Level 1:colcon.colcon_core.environment:create_file_with_runtime_dependencies(/home/agilex/agilex_ws/install/limo_base/share/colcon-core/packages/limo_base)
[2.269s] Level 1:colcon.colcon_core.environment:create_environment_scripts_only(aruco_ros)
[2.276s] Level 1:colcon.colcon_core.environment:checking '/home/agilex/agilex_ws/install/aruco_ros' for CMake module files
[2.277s] Level 1:colcon.colcon_core.environment:checking '/home/agilex/agilex_ws/install/aruco_ros' for CMake config files
[2.277s] Level 1:colcon.colcon_core.shell:create_environment_hook('aruco_ros', 'cmake_prefix_path')
[2.284s] INFO:colcon.colcon_core.shell:Creating environment hook '/home/agilex/agilex_ws/install/aruco_ros/share/aruco_ros/hook/cmake_prefix_path.ps1'
[2.284s] INFO:colcon.colcon_core.shell:Creating environment descriptor '/home/agilex/agilex_ws/install/aruco_ros/share/aruco_ros/hook/cmake_prefix_path.dsv'
[2.285s] INFO:colcon.colcon_core.shell:Creating environment hook '/home/agilex/agilex_ws/install/aruco_ros/share/aruco_ros/hook/cmake_prefix_path.sh'
[2.285s] Level 1:colcon.colcon_core.environment:checking '/home/agilex/agilex_ws/install/aruco_ros/lib'
[2.285s] Level 1:colcon.colcon_core.shell:create_environment_hook('aruco_ros', 'ld_library_path_lib')
[2.291s] INFO:colcon.colcon_core.shell:Creating environment hook '/home/agilex/agilex_ws/install/aruco_ros/share/aruco_ros/hook/ld_library_path_lib.ps1'
[2.292s] INFO:colcon.colcon_core.shell:Creating environment descriptor '/home/agilex/agilex_ws/install/aruco_ros/share/aruco_ros/hook/ld_library_path_lib.dsv'
[2.292s] INFO:colcon.colcon_core.shell:Creating environment hook '/home/agilex/agilex_ws/install/aruco_ros/share/aruco_ros/hook/ld_library_path_lib.sh'
[2.293s] Level 1:colcon.colcon_core.environment:checking '/home/agilex/agilex_ws/install/aruco_ros/bin'
[2.293s] Level 1:colcon.colcon_core.environment:checking '/home/agilex/agilex_ws/install/aruco_ros/lib/pkgconfig/aruco_ros.pc'
[2.293s] Level 1:colcon.colcon_core.environment:checking '/home/agilex/agilex_ws/install/aruco_ros/lib/python3.10/site-packages'
[2.294s] Level 1:colcon.colcon_core.environment:checking '/home/agilex/agilex_ws/install/aruco_ros/bin'
[2.298s] INFO:colcon.colcon_core.shell:Creating package script '/home/agilex/agilex_ws/install/aruco_ros/share/aruco_ros/package.ps1'
[2.298s] INFO:colcon.colcon_core.shell:Creating package descriptor '/home/agilex/agilex_ws/install/aruco_ros/share/aruco_ros/package.dsv'
[2.299s] INFO:colcon.colcon_core.shell:Creating package script '/home/agilex/agilex_ws/install/aruco_ros/share/aruco_ros/package.sh'
[2.299s] INFO:colcon.colcon_core.shell:Creating package script '/home/agilex/agilex_ws/install/aruco_ros/share/aruco_ros/package.bash'
[2.299s] INFO:colcon.colcon_core.shell:Creating package script '/home/agilex/agilex_ws/install/aruco_ros/share/aruco_ros/package.zsh'
[2.299s] Level 1:colcon.colcon_core.environment:create_file_with_runtime_dependencies(/home/agilex/agilex_ws/install/aruco_ros/share/colcon-core/packages/aruco_ros)
[2.302s] DEBUG:colcon.colcon_core.event_handler.log_command:Invoking command in '/home/agilex/agilex_ws/build/orbbec_camera': AMENT_PREFIX_PATH=/home/agilex/agilex_ws/install/orbbec_camera_msgs CMAKE_PREFIX_PATH=/home/agilex/agilex_ws/install/orbbec_camera_msgs LD_LIBRARY_PATH=/home/agilex/agilex_ws/install/orbbec_camera_msgs/lib PYTHONPATH=/home/agilex/agilex_ws/install/orbbec_camera_msgs/local/lib/python3.10/dist-packages /usr/bin/cmake --install /home/agilex/agilex_ws/build/orbbec_camera
[2.303s] DEBUG:colcon.colcon_core.event_handler.log_command:Invoked command in '/home/agilex/agilex_ws/build/dwb_msgs' returned '0': AMENT_PREFIX_PATH=/home/agilex/agilex_ws/install/nav_2d_msgs CMAKE_PREFIX_PATH=/home/agilex/agilex_ws/install/nav_2d_msgs LD_LIBRARY_PATH=/home/agilex/agilex_ws/install/nav_2d_msgs/lib PYTHONPATH=/home/agilex/agilex_ws/install/nav_2d_msgs/local/lib/python3.10/dist-packages /usr/bin/cmake --build /home/agilex/agilex_ws/build/dwb_msgs -- -j16 -l16
[2.304s] DEBUG:colcon.colcon_core.event_handler.log_command:Invoking command in '/home/agilex/agilex_ws/build/teb_msgs': AMENT_PREFIX_PATH=/home/agilex/agilex_ws/install/costmap_converter_msgs CMAKE_PREFIX_PATH=/home/agilex/agilex_ws/install/costmap_converter_msgs LD_LIBRARY_PATH=/home/agilex/agilex_ws/install/costmap_converter_msgs/lib PYTHONPATH=/home/agilex/agilex_ws/install/costmap_converter_msgs/local/lib/python3.10/dist-packages /usr/bin/cmake --install /home/agilex/agilex_ws/build/teb_msgs
[2.310s] Level 1:colcon.colcon_core.environment:create_environment_scripts_only(orbbec_camera)
[2.322s] DEBUG:colcon.colcon_core.event_handler.log_command:Invoked command in '/home/agilex/agilex_ws/build/orbbec_camera' returned '0': AMENT_PREFIX_PATH=/home/agilex/agilex_ws/install/orbbec_camera_msgs CMAKE_PREFIX_PATH=/home/agilex/agilex_ws/install/orbbec_camera_msgs LD_LIBRARY_PATH=/home/agilex/agilex_ws/install/orbbec_camera_msgs/lib PYTHONPATH=/home/agilex/agilex_ws/install/orbbec_camera_msgs/local/lib/python3.10/dist-packages /usr/bin/cmake --install /home/agilex/agilex_ws/build/orbbec_camera
[2.325s] Level 1:colcon.colcon_core.environment:checking '/home/agilex/agilex_ws/install/orbbec_camera' for CMake module files
[2.325s] Level 1:colcon.colcon_core.environment:checking '/home/agilex/agilex_ws/install/orbbec_camera' for CMake config files
[2.325s] Level 1:colcon.colcon_core.shell:create_environment_hook('orbbec_camera', 'cmake_prefix_path')
[2.330s] INFO:colcon.colcon_core.shell:Creating environment hook '/home/agilex/agilex_ws/install/orbbec_camera/share/orbbec_camera/hook/cmake_prefix_path.ps1'
[2.331s] INFO:colcon.colcon_core.shell:Creating environment descriptor '/home/agilex/agilex_ws/install/orbbec_camera/share/orbbec_camera/hook/cmake_prefix_path.dsv'
[2.331s] INFO:colcon.colcon_core.shell:Creating environment hook '/home/agilex/agilex_ws/install/orbbec_camera/share/orbbec_camera/hook/cmake_prefix_path.sh'
[2.331s] Level 1:colcon.colcon_core.environment:checking '/home/agilex/agilex_ws/install/orbbec_camera/lib'
[2.331s] Level 1:colcon.colcon_core.shell:create_environment_hook('orbbec_camera', 'ld_library_path_lib')
[2.335s] INFO:colcon.colcon_core.shell:Creating environment hook '/home/agilex/agilex_ws/install/orbbec_camera/share/orbbec_camera/hook/ld_library_path_lib.ps1'
[2.336s] INFO:colcon.colcon_core.shell:Creating environment descriptor '/home/agilex/agilex_ws/install/orbbec_camera/share/orbbec_camera/hook/ld_library_path_lib.dsv'
[2.336s] INFO:colcon.colcon_core.shell:Creating environment hook '/home/agilex/agilex_ws/install/orbbec_camera/share/orbbec_camera/hook/ld_library_path_lib.sh'
[2.336s] Level 1:colcon.colcon_core.environment:checking '/home/agilex/agilex_ws/install/orbbec_camera/bin'
[2.336s] Level 1:colcon.colcon_core.environment:checking '/home/agilex/agilex_ws/install/orbbec_camera/lib/pkgconfig/orbbec_camera.pc'
[2.336s] Level 1:colcon.colcon_core.environment:checking '/home/agilex/agilex_ws/install/orbbec_camera/lib/python3.10/site-packages'
[2.337s] Level 1:colcon.colcon_core.environment:checking '/home/agilex/agilex_ws/install/orbbec_camera/bin'
[2.341s] INFO:colcon.colcon_core.shell:Creating package script '/home/agilex/agilex_ws/install/orbbec_camera/share/orbbec_camera/package.ps1'
[2.342s] INFO:colcon.colcon_core.shell:Creating package descriptor '/home/agilex/agilex_ws/install/orbbec_camera/share/orbbec_camera/package.dsv'
[2.342s] INFO:colcon.colcon_core.shell:Creating package script '/home/agilex/agilex_ws/install/orbbec_camera/share/orbbec_camera/package.sh'
[2.343s] INFO:colcon.colcon_core.shell:Creating package script '/home/agilex/agilex_ws/install/orbbec_camera/share/orbbec_camera/package.bash'
[2.344s] INFO:colcon.colcon_core.shell:Creating package script '/home/agilex/agilex_ws/install/orbbec_camera/share/orbbec_camera/package.zsh'
[2.345s] Level 1:colcon.colcon_core.environment:create_file_with_runtime_dependencies(/home/agilex/agilex_ws/install/orbbec_camera/share/colcon-core/packages/orbbec_camera)
[2.347s] Level 1:colcon.colcon_core.environment:create_environment_scripts_only(teb_msgs)
[2.347s] DEBUG:colcon.colcon_core.event_handler.log_command:Invoked command in '/home/agilex/agilex_ws/build/teb_msgs' returned '0': AMENT_PREFIX_PATH=/home/agilex/agilex_ws/install/costmap_converter_msgs CMAKE_PREFIX_PATH=/home/agilex/agilex_ws/install/costmap_converter_msgs LD_LIBRARY_PATH=/home/agilex/agilex_ws/install/costmap_converter_msgs/lib PYTHONPATH=/home/agilex/agilex_ws/install/costmap_converter_msgs/local/lib/python3.10/dist-packages /usr/bin/cmake --install /home/agilex/agilex_ws/build/teb_msgs
[2.355s] Level 1:colcon.colcon_core.environment:checking '/home/agilex/agilex_ws/install/teb_msgs' for CMake module files
[2.355s] Level 1:colcon.colcon_core.environment:checking '/home/agilex/agilex_ws/install/teb_msgs' for CMake config files
[2.356s] Level 1:colcon.colcon_core.shell:create_environment_hook('teb_msgs', 'cmake_prefix_path')
[2.359s] INFO:colcon.colcon_core.shell:Creating environment hook '/home/agilex/agilex_ws/install/teb_msgs/share/teb_msgs/hook/cmake_prefix_path.ps1'
[2.359s] INFO:colcon.colcon_core.shell:Creating environment descriptor '/home/agilex/agilex_ws/install/teb_msgs/share/teb_msgs/hook/cmake_prefix_path.dsv'
[2.360s] INFO:colcon.colcon_core.shell:Creating environment hook '/home/agilex/agilex_ws/install/teb_msgs/share/teb_msgs/hook/cmake_prefix_path.sh'
[2.360s] Level 1:colcon.colcon_core.environment:checking '/home/agilex/agilex_ws/install/teb_msgs/lib'
[2.360s] Level 1:colcon.colcon_core.shell:create_environment_hook('teb_msgs', 'ld_library_path_lib')
[2.363s] INFO:colcon.colcon_core.shell:Creating environment hook '/home/agilex/agilex_ws/install/teb_msgs/share/teb_msgs/hook/ld_library_path_lib.ps1'
[2.363s] INFO:colcon.colcon_core.shell:Creating environment descriptor '/home/agilex/agilex_ws/install/teb_msgs/share/teb_msgs/hook/ld_library_path_lib.dsv'
[2.364s] INFO:colcon.colcon_core.shell:Creating environment hook '/home/agilex/agilex_ws/install/teb_msgs/share/teb_msgs/hook/ld_library_path_lib.sh'
[2.364s] Level 1:colcon.colcon_core.environment:checking '/home/agilex/agilex_ws/install/teb_msgs/bin'
[2.364s] Level 1:colcon.colcon_core.environment:checking '/home/agilex/agilex_ws/install/teb_msgs/lib/pkgconfig/teb_msgs.pc'
[2.364s] Level 1:colcon.colcon_core.environment:checking '/home/agilex/agilex_ws/install/teb_msgs/lib/python3.10/site-packages'
[2.364s] Level 1:colcon.colcon_core.environment:checking '/home/agilex/agilex_ws/install/teb_msgs/bin'
[2.368s] INFO:colcon.colcon_core.shell:Creating package script '/home/agilex/agilex_ws/install/teb_msgs/share/teb_msgs/package.ps1'
[2.368s] INFO:colcon.colcon_core.shell:Creating package descriptor '/home/agilex/agilex_ws/install/teb_msgs/share/teb_msgs/package.dsv'
[2.368s] INFO:colcon.colcon_core.shell:Creating package script '/home/agilex/agilex_ws/install/teb_msgs/share/teb_msgs/package.sh'
[2.369s] INFO:colcon.colcon_core.shell:Creating package script '/home/agilex/agilex_ws/install/teb_msgs/share/teb_msgs/package.bash'
[2.369s] INFO:colcon.colcon_core.shell:Creating package script '/home/agilex/agilex_ws/install/teb_msgs/share/teb_msgs/package.zsh'
[2.369s] Level 1:colcon.colcon_core.environment:create_file_with_runtime_dependencies(/home/agilex/agilex_ws/install/teb_msgs/share/colcon-core/packages/teb_msgs)
[2.387s] Level 1:colcon.colcon_core.environment:create_environment_scripts_only(orbbec_camera)
[2.391s] Level 1:colcon.colcon_core.environment:checking '/home/agilex/agilex_ws/install/orbbec_camera' for CMake module files
[2.391s] Level 1:colcon.colcon_core.environment:checking '/home/agilex/agilex_ws/install/orbbec_camera' for CMake config files
[2.391s] Level 1:colcon.colcon_core.shell:create_environment_hook('orbbec_camera', 'cmake_prefix_path')
[2.395s] INFO:colcon.colcon_core.shell:Creating environment hook '/home/agilex/agilex_ws/install/orbbec_camera/share/orbbec_camera/hook/cmake_prefix_path.ps1'
[2.395s] INFO:colcon.colcon_core.shell:Creating environment descriptor '/home/agilex/agilex_ws/install/orbbec_camera/share/orbbec_camera/hook/cmake_prefix_path.dsv'
[2.395s] INFO:colcon.colcon_core.shell:Creating environment hook '/home/agilex/agilex_ws/install/orbbec_camera/share/orbbec_camera/hook/cmake_prefix_path.sh'
[2.396s] Level 1:colcon.colcon_core.environment:checking '/home/agilex/agilex_ws/install/orbbec_camera/lib'
[2.396s] Level 1:colcon.colcon_core.shell:create_environment_hook('orbbec_camera', 'ld_library_path_lib')
[2.399s] INFO:colcon.colcon_core.shell:Creating environment hook '/home/agilex/agilex_ws/install/orbbec_camera/share/orbbec_camera/hook/ld_library_path_lib.ps1'
[2.399s] INFO:colcon.colcon_core.shell:Creating environment descriptor '/home/agilex/agilex_ws/install/orbbec_camera/share/orbbec_camera/hook/ld_library_path_lib.dsv'
[2.400s] INFO:colcon.colcon_core.shell:Creating environment hook '/home/agilex/agilex_ws/install/orbbec_camera/share/orbbec_camera/hook/ld_library_path_lib.sh'
[2.400s] Level 1:colcon.colcon_core.environment:checking '/home/agilex/agilex_ws/install/orbbec_camera/bin'
[2.400s] Level 1:colcon.colcon_core.environment:checking '/home/agilex/agilex_ws/install/orbbec_camera/lib/pkgconfig/orbbec_camera.pc'
[2.400s] Level 1:colcon.colcon_core.environment:checking '/home/agilex/agilex_ws/install/orbbec_camera/lib/python3.10/site-packages'
[2.400s] Level 1:colcon.colcon_core.environment:checking '/home/agilex/agilex_ws/install/orbbec_camera/bin'
[2.405s] INFO:colcon.colcon_core.shell:Creating package script '/home/agilex/agilex_ws/install/orbbec_camera/share/orbbec_camera/package.ps1'
[2.405s] INFO:colcon.colcon_core.shell:Creating package descriptor '/home/agilex/agilex_ws/install/orbbec_camera/share/orbbec_camera/package.dsv'
[2.406s] INFO:colcon.colcon_core.shell:Creating package script '/home/agilex/agilex_ws/install/orbbec_camera/share/orbbec_camera/package.sh'
[2.406s] INFO:colcon.colcon_core.shell:Creating package script '/home/agilex/agilex_ws/install/orbbec_camera/share/orbbec_camera/package.bash'
[2.406s] INFO:colcon.colcon_core.shell:Creating package script '/home/agilex/agilex_ws/install/orbbec_camera/share/orbbec_camera/package.zsh'
[2.406s] Level 1:colcon.colcon_core.environment:create_file_with_runtime_dependencies(/home/agilex/agilex_ws/install/orbbec_camera/share/colcon-core/packages/orbbec_camera)
[2.434s] Level 1:colcon.colcon_core.environment:create_environment_scripts_only(teb_msgs)
[2.438s] Level 1:colcon.colcon_core.environment:checking '/home/agilex/agilex_ws/install/teb_msgs' for CMake module files
[2.438s] Level 1:colcon.colcon_core.environment:checking '/home/agilex/agilex_ws/install/teb_msgs' for CMake config files
[2.439s] Level 1:colcon.colcon_core.shell:create_environment_hook('teb_msgs', 'cmake_prefix_path')
[2.442s] INFO:colcon.colcon_core.shell:Creating environment hook '/home/agilex/agilex_ws/install/teb_msgs/share/teb_msgs/hook/cmake_prefix_path.ps1'
[2.443s] INFO:colcon.colcon_core.shell:Creating environment descriptor '/home/agilex/agilex_ws/install/teb_msgs/share/teb_msgs/hook/cmake_prefix_path.dsv'
[2.443s] INFO:colcon.colcon_core.shell:Creating environment hook '/home/agilex/agilex_ws/install/teb_msgs/share/teb_msgs/hook/cmake_prefix_path.sh'
[2.443s] Level 1:colcon.colcon_core.environment:checking '/home/agilex/agilex_ws/install/teb_msgs/lib'
[2.443s] Level 1:colcon.colcon_core.shell:create_environment_hook('teb_msgs', 'ld_library_path_lib')
[2.446s] INFO:colcon.colcon_core.shell:Creating environment hook '/home/agilex/agilex_ws/install/teb_msgs/share/teb_msgs/hook/ld_library_path_lib.ps1'
[2.447s] INFO:colcon.colcon_core.shell:Creating environment descriptor '/home/agilex/agilex_ws/install/teb_msgs/share/teb_msgs/hook/ld_library_path_lib.dsv'
[2.447s] INFO:colcon.colcon_core.shell:Creating environment hook '/home/agilex/agilex_ws/install/teb_msgs/share/teb_msgs/hook/ld_library_path_lib.sh'
[2.447s] Level 1:colcon.colcon_core.environment:checking '/home/agilex/agilex_ws/install/teb_msgs/bin'
[2.447s] Level 1:colcon.colcon_core.environment:checking '/home/agilex/agilex_ws/install/teb_msgs/lib/pkgconfig/teb_msgs.pc'
[2.447s] Level 1:colcon.colcon_core.environment:checking '/home/agilex/agilex_ws/install/teb_msgs/lib/python3.10/site-packages'
[2.447s] Level 1:colcon.colcon_core.environment:checking '/home/agilex/agilex_ws/install/teb_msgs/bin'
[2.450s] INFO:colcon.colcon_core.shell:Creating package script '/home/agilex/agilex_ws/install/teb_msgs/share/teb_msgs/package.ps1'
[2.451s] INFO:colcon.colcon_core.shell:Creating package descriptor '/home/agilex/agilex_ws/install/teb_msgs/share/teb_msgs/package.dsv'
[2.451s] INFO:colcon.colcon_core.shell:Creating package script '/home/agilex/agilex_ws/install/teb_msgs/share/teb_msgs/package.sh'
[2.451s] INFO:colcon.colcon_core.shell:Creating package script '/home/agilex/agilex_ws/install/teb_msgs/share/teb_msgs/package.bash'
[2.451s] INFO:colcon.colcon_core.shell:Creating package script '/home/agilex/agilex_ws/install/teb_msgs/share/teb_msgs/package.zsh'
[2.451s] Level 1:colcon.colcon_core.environment:create_file_with_runtime_dependencies(/home/agilex/agilex_ws/install/teb_msgs/share/colcon-core/packages/teb_msgs)
[2.453s] DEBUG:colcon.colcon_core.event_handler.log_command:Invoking command in '/home/agilex/agilex_ws/build/dwb_msgs': AMENT_PREFIX_PATH=/home/agilex/agilex_ws/install/nav_2d_msgs CMAKE_PREFIX_PATH=/home/agilex/agilex_ws/install/nav_2d_msgs LD_LIBRARY_PATH=/home/agilex/agilex_ws/install/nav_2d_msgs/lib PYTHONPATH=/home/agilex/agilex_ws/install/nav_2d_msgs/local/lib/python3.10/dist-packages /usr/bin/cmake --install /home/agilex/agilex_ws/build/dwb_msgs
[2.500s] Level 1:colcon.colcon_core.environment:create_environment_scripts_only(dwb_msgs)
[2.500s] DEBUG:colcon.colcon_core.event_handler.log_command:Invoked command in '/home/agilex/agilex_ws/build/dwb_msgs' returned '0': AMENT_PREFIX_PATH=/home/agilex/agilex_ws/install/nav_2d_msgs CMAKE_PREFIX_PATH=/home/agilex/agilex_ws/install/nav_2d_msgs LD_LIBRARY_PATH=/home/agilex/agilex_ws/install/nav_2d_msgs/lib PYTHONPATH=/home/agilex/agilex_ws/install/nav_2d_msgs/local/lib/python3.10/dist-packages /usr/bin/cmake --install /home/agilex/agilex_ws/build/dwb_msgs
[2.504s] Level 1:colcon.colcon_core.environment:checking '/home/agilex/agilex_ws/install/dwb_msgs' for CMake module files
[2.504s] Level 1:colcon.colcon_core.environment:checking '/home/agilex/agilex_ws/install/dwb_msgs' for CMake config files
[2.504s] Level 1:colcon.colcon_core.shell:create_environment_hook('dwb_msgs', 'cmake_prefix_path')
[2.508s] INFO:colcon.colcon_core.shell:Creating environment hook '/home/agilex/agilex_ws/install/dwb_msgs/share/dwb_msgs/hook/cmake_prefix_path.ps1'
[2.509s] INFO:colcon.colcon_core.shell:Creating environment descriptor '/home/agilex/agilex_ws/install/dwb_msgs/share/dwb_msgs/hook/cmake_prefix_path.dsv'
[2.509s] INFO:colcon.colcon_core.shell:Creating environment hook '/home/agilex/agilex_ws/install/dwb_msgs/share/dwb_msgs/hook/cmake_prefix_path.sh'
[2.510s] Level 1:colcon.colcon_core.environment:checking '/home/agilex/agilex_ws/install/dwb_msgs/lib'
[2.510s] Level 1:colcon.colcon_core.shell:create_environment_hook('dwb_msgs', 'ld_library_path_lib')
[2.518s] INFO:colcon.colcon_core.shell:Creating environment hook '/home/agilex/agilex_ws/install/dwb_msgs/share/dwb_msgs/hook/ld_library_path_lib.ps1'
[2.518s] INFO:colcon.colcon_core.shell:Creating environment descriptor '/home/agilex/agilex_ws/install/dwb_msgs/share/dwb_msgs/hook/ld_library_path_lib.dsv'
[2.518s] INFO:colcon.colcon_core.shell:Creating environment hook '/home/agilex/agilex_ws/install/dwb_msgs/share/dwb_msgs/hook/ld_library_path_lib.sh'
[2.519s] Level 1:colcon.colcon_core.environment:checking '/home/agilex/agilex_ws/install/dwb_msgs/bin'
[2.519s] Level 1:colcon.colcon_core.environment:checking '/home/agilex/agilex_ws/install/dwb_msgs/lib/pkgconfig/dwb_msgs.pc'
[2.519s] Level 1:colcon.colcon_core.environment:checking '/home/agilex/agilex_ws/install/dwb_msgs/lib/python3.10/site-packages'
[2.519s] Level 1:colcon.colcon_core.environment:checking '/home/agilex/agilex_ws/install/dwb_msgs/bin'
[2.523s] INFO:colcon.colcon_core.shell:Creating package script '/home/agilex/agilex_ws/install/dwb_msgs/share/dwb_msgs/package.ps1'
[2.523s] INFO:colcon.colcon_core.shell:Creating package descriptor '/home/agilex/agilex_ws/install/dwb_msgs/share/dwb_msgs/package.dsv'
[2.524s] INFO:colcon.colcon_core.shell:Creating package script '/home/agilex/agilex_ws/install/dwb_msgs/share/dwb_msgs/package.sh'
[2.524s] INFO:colcon.colcon_core.shell:Creating package script '/home/agilex/agilex_ws/install/dwb_msgs/share/dwb_msgs/package.bash'
[2.524s] INFO:colcon.colcon_core.shell:Creating package script '/home/agilex/agilex_ws/install/dwb_msgs/share/dwb_msgs/package.zsh'
[2.524s] Level 1:colcon.colcon_core.environment:create_file_with_runtime_dependencies(/home/agilex/agilex_ws/install/dwb_msgs/share/colcon-core/packages/dwb_msgs)
[2.536s] DEBUG:colcon.colcon_core.event_handler.log_command:Invoking command in '/home/agilex/agilex_ws/build/nav2_msgs': AMENT_PREFIX_PATH=/home/agilex/agilex_ws/install/nav2_common CMAKE_PREFIX_PATH=/home/agilex/agilex_ws/install/nav2_common PYTHONPATH=/home/agilex/agilex_ws/install/nav2_common/local/lib/python3.10/dist-packages /usr/bin/cmake --install /home/agilex/agilex_ws/build/nav2_msgs
[2.582s] Level 1:colcon.colcon_core.environment:create_environment_scripts_only(nav2_msgs)
[2.582s] DEBUG:colcon.colcon_core.event_handler.log_command:Invoked command in '/home/agilex/agilex_ws/build/nav2_msgs' returned '0': AMENT_PREFIX_PATH=/home/agilex/agilex_ws/install/nav2_common CMAKE_PREFIX_PATH=/home/agilex/agilex_ws/install/nav2_common PYTHONPATH=/home/agilex/agilex_ws/install/nav2_common/local/lib/python3.10/dist-packages /usr/bin/cmake --install /home/agilex/agilex_ws/build/nav2_msgs
[2.589s] Level 1:colcon.colcon_core.environment:checking '/home/agilex/agilex_ws/install/nav2_msgs' for CMake module files
[2.590s] Level 1:colcon.colcon_core.environment:checking '/home/agilex/agilex_ws/install/nav2_msgs' for CMake config files
[2.590s] Level 1:colcon.colcon_core.shell:create_environment_hook('nav2_msgs', 'cmake_prefix_path')
[2.594s] INFO:colcon.colcon_core.shell:Creating environment hook '/home/agilex/agilex_ws/install/nav2_msgs/share/nav2_msgs/hook/cmake_prefix_path.ps1'
[2.594s] INFO:colcon.colcon_core.shell:Creating environment descriptor '/home/agilex/agilex_ws/install/nav2_msgs/share/nav2_msgs/hook/cmake_prefix_path.dsv'
[2.594s] INFO:colcon.colcon_core.shell:Creating environment hook '/home/agilex/agilex_ws/install/nav2_msgs/share/nav2_msgs/hook/cmake_prefix_path.sh'
[2.595s] Level 1:colcon.colcon_core.environment:checking '/home/agilex/agilex_ws/install/nav2_msgs/lib'
[2.595s] Level 1:colcon.colcon_core.shell:create_environment_hook('nav2_msgs', 'ld_library_path_lib')
[2.598s] INFO:colcon.colcon_core.shell:Creating environment hook '/home/agilex/agilex_ws/install/nav2_msgs/share/nav2_msgs/hook/ld_library_path_lib.ps1'
[2.599s] INFO:colcon.colcon_core.shell:Creating environment descriptor '/home/agilex/agilex_ws/install/nav2_msgs/share/nav2_msgs/hook/ld_library_path_lib.dsv'
[2.599s] INFO:colcon.colcon_core.shell:Creating environment hook '/home/agilex/agilex_ws/install/nav2_msgs/share/nav2_msgs/hook/ld_library_path_lib.sh'
[2.599s] Level 1:colcon.colcon_core.environment:checking '/home/agilex/agilex_ws/install/nav2_msgs/bin'
[2.599s] Level 1:colcon.colcon_core.environment:checking '/home/agilex/agilex_ws/install/nav2_msgs/lib/pkgconfig/nav2_msgs.pc'
[2.599s] Level 1:colcon.colcon_core.environment:checking '/home/agilex/agilex_ws/install/nav2_msgs/lib/python3.10/site-packages'
[2.599s] Level 1:colcon.colcon_core.environment:checking '/home/agilex/agilex_ws/install/nav2_msgs/bin'
[2.603s] INFO:colcon.colcon_core.shell:Creating package script '/home/agilex/agilex_ws/install/nav2_msgs/share/nav2_msgs/package.ps1'
[2.604s] INFO:colcon.colcon_core.shell:Creating package descriptor '/home/agilex/agilex_ws/install/nav2_msgs/share/nav2_msgs/package.dsv'
[2.604s] INFO:colcon.colcon_core.shell:Creating package script '/home/agilex/agilex_ws/install/nav2_msgs/share/nav2_msgs/package.sh'
[2.604s] INFO:colcon.colcon_core.shell:Creating package script '/home/agilex/agilex_ws/install/nav2_msgs/share/nav2_msgs/package.bash'
[2.604s] INFO:colcon.colcon_core.shell:Creating package script '/home/agilex/agilex_ws/install/nav2_msgs/share/nav2_msgs/package.zsh'
[2.604s] Level 1:colcon.colcon_core.environment:create_file_with_runtime_dependencies(/home/agilex/agilex_ws/install/nav2_msgs/share/colcon-core/packages/nav2_msgs)
[2.652s] Level 1:colcon.colcon_core.environment:create_environment_scripts_only(dwb_msgs)
[2.656s] Level 1:colcon.colcon_core.environment:checking '/home/agilex/agilex_ws/install/dwb_msgs' for CMake module files
[2.656s] Level 1:colcon.colcon_core.environment:checking '/home/agilex/agilex_ws/install/dwb_msgs' for CMake config files
[2.657s] Level 1:colcon.colcon_core.shell:create_environment_hook('dwb_msgs', 'cmake_prefix_path')
[2.661s] INFO:colcon.colcon_core.shell:Creating environment hook '/home/agilex/agilex_ws/install/dwb_msgs/share/dwb_msgs/hook/cmake_prefix_path.ps1'
[2.661s] INFO:colcon.colcon_core.shell:Creating environment descriptor '/home/agilex/agilex_ws/install/dwb_msgs/share/dwb_msgs/hook/cmake_prefix_path.dsv'
[2.661s] INFO:colcon.colcon_core.shell:Creating environment hook '/home/agilex/agilex_ws/install/dwb_msgs/share/dwb_msgs/hook/cmake_prefix_path.sh'
[2.661s] Level 1:colcon.colcon_core.environment:checking '/home/agilex/agilex_ws/install/dwb_msgs/lib'
[2.661s] Level 1:colcon.colcon_core.shell:create_environment_hook('dwb_msgs', 'ld_library_path_lib')
[2.665s] INFO:colcon.colcon_core.shell:Creating environment hook '/home/agilex/agilex_ws/install/dwb_msgs/share/dwb_msgs/hook/ld_library_path_lib.ps1'
[2.665s] INFO:colcon.colcon_core.shell:Creating environment descriptor '/home/agilex/agilex_ws/install/dwb_msgs/share/dwb_msgs/hook/ld_library_path_lib.dsv'
[2.666s] INFO:colcon.colcon_core.shell:Creating environment hook '/home/agilex/agilex_ws/install/dwb_msgs/share/dwb_msgs/hook/ld_library_path_lib.sh'
[2.666s] Level 1:colcon.colcon_core.environment:checking '/home/agilex/agilex_ws/install/dwb_msgs/bin'
[2.666s] Level 1:colcon.colcon_core.environment:checking '/home/agilex/agilex_ws/install/dwb_msgs/lib/pkgconfig/dwb_msgs.pc'
[2.666s] Level 1:colcon.colcon_core.environment:checking '/home/agilex/agilex_ws/install/dwb_msgs/lib/python3.10/site-packages'
[2.666s] Level 1:colcon.colcon_core.environment:checking '/home/agilex/agilex_ws/install/dwb_msgs/bin'
[2.669s] INFO:colcon.colcon_core.shell:Creating package script '/home/agilex/agilex_ws/install/dwb_msgs/share/dwb_msgs/package.ps1'
[2.670s] INFO:colcon.colcon_core.shell:Creating package descriptor '/home/agilex/agilex_ws/install/dwb_msgs/share/dwb_msgs/package.dsv'
[2.670s] INFO:colcon.colcon_core.shell:Creating package script '/home/agilex/agilex_ws/install/dwb_msgs/share/dwb_msgs/package.sh'
[2.670s] INFO:colcon.colcon_core.shell:Creating package script '/home/agilex/agilex_ws/install/dwb_msgs/share/dwb_msgs/package.bash'
[2.670s] INFO:colcon.colcon_core.shell:Creating package script '/home/agilex/agilex_ws/install/dwb_msgs/share/dwb_msgs/package.zsh'
[2.671s] Level 1:colcon.colcon_core.environment:create_file_with_runtime_dependencies(/home/agilex/agilex_ws/install/dwb_msgs/share/colcon-core/packages/dwb_msgs)
[2.935s] Level 1:colcon.colcon_core.environment:create_environment_scripts_only(nav2_msgs)
[2.938s] Level 1:colcon.colcon_core.environment:checking '/home/agilex/agilex_ws/install/nav2_msgs' for CMake module files
[2.938s] Level 1:colcon.colcon_core.environment:checking '/home/agilex/agilex_ws/install/nav2_msgs' for CMake config files
[2.939s] Level 1:colcon.colcon_core.shell:create_environment_hook('nav2_msgs', 'cmake_prefix_path')
[2.942s] INFO:colcon.colcon_core.shell:Creating environment hook '/home/agilex/agilex_ws/install/nav2_msgs/share/nav2_msgs/hook/cmake_prefix_path.ps1'
[2.942s] INFO:colcon.colcon_core.shell:Creating environment descriptor '/home/agilex/agilex_ws/install/nav2_msgs/share/nav2_msgs/hook/cmake_prefix_path.dsv'
[2.942s] INFO:colcon.colcon_core.shell:Creating environment hook '/home/agilex/agilex_ws/install/nav2_msgs/share/nav2_msgs/hook/cmake_prefix_path.sh'
[2.942s] Level 1:colcon.colcon_core.environment:checking '/home/agilex/agilex_ws/install/nav2_msgs/lib'
[2.942s] Level 1:colcon.colcon_core.shell:create_environment_hook('nav2_msgs', 'ld_library_path_lib')
[2.946s] INFO:colcon.colcon_core.shell:Creating environment hook '/home/agilex/agilex_ws/install/nav2_msgs/share/nav2_msgs/hook/ld_library_path_lib.ps1'
[2.946s] INFO:colcon.colcon_core.shell:Creating environment descriptor '/home/agilex/agilex_ws/install/nav2_msgs/share/nav2_msgs/hook/ld_library_path_lib.dsv'
[2.946s] INFO:colcon.colcon_core.shell:Creating environment hook '/home/agilex/agilex_ws/install/nav2_msgs/share/nav2_msgs/hook/ld_library_path_lib.sh'
[2.947s] Level 1:colcon.colcon_core.environment:checking '/home/agilex/agilex_ws/install/nav2_msgs/bin'
[2.947s] Level 1:colcon.colcon_core.environment:checking '/home/agilex/agilex_ws/install/nav2_msgs/lib/pkgconfig/nav2_msgs.pc'
[2.947s] Level 1:colcon.colcon_core.environment:checking '/home/agilex/agilex_ws/install/nav2_msgs/lib/python3.10/site-packages'
[2.947s] Level 1:colcon.colcon_core.environment:checking '/home/agilex/agilex_ws/install/nav2_msgs/bin'
[2.950s] INFO:colcon.colcon_core.shell:Creating package script '/home/agilex/agilex_ws/install/nav2_msgs/share/nav2_msgs/package.ps1'
[2.950s] INFO:colcon.colcon_core.shell:Creating package descriptor '/home/agilex/agilex_ws/install/nav2_msgs/share/nav2_msgs/package.dsv'
[2.951s] INFO:colcon.colcon_core.shell:Creating package script '/home/agilex/agilex_ws/install/nav2_msgs/share/nav2_msgs/package.sh'
[2.951s] INFO:colcon.colcon_core.shell:Creating package script '/home/agilex/agilex_ws/install/nav2_msgs/share/nav2_msgs/package.bash'
[2.951s] INFO:colcon.colcon_core.shell:Creating package script '/home/agilex/agilex_ws/install/nav2_msgs/share/nav2_msgs/package.zsh'
[2.951s] Level 1:colcon.colcon_core.environment:create_file_with_runtime_dependencies(/home/agilex/agilex_ws/install/nav2_msgs/share/colcon-core/packages/nav2_msgs)
[2.952s] INFO:colcon.colcon_ros.task.ament_cmake.build:Building ROS package in '/home/agilex/agilex_ws/src/navigation2/nav2_util' with build type 'ament_cmake'
[2.952s] INFO:colcon.colcon_cmake.task.cmake.build:Building CMake package in '/home/agilex/agilex_ws/src/navigation2/nav2_util'
[2.956s] INFO:colcon.colcon_core.shell:Skip shell extension 'powershell' for command environment: Not usable outside of PowerShell
[2.956s] DEBUG:colcon.colcon_core.shell:Skip shell extension 'dsv' for command environment
[2.959s] INFO:colcon.colcon_ros.task.ament_python.build:Building ROS package in '/home/agilex/agilex_ws/src/navigation2/nav2_simple_commander' with build type 'ament_python'
[2.959s] Level 1:colcon.colcon_core.shell:create_environment_hook('nav2_simple_commander', 'ament_prefix_path')
[2.962s] INFO:colcon.colcon_core.shell:Creating environment hook '/home/agilex/agilex_ws/install/nav2_simple_commander/share/nav2_simple_commander/hook/ament_prefix_path.ps1'
[2.963s] INFO:colcon.colcon_core.shell:Creating environment descriptor '/home/agilex/agilex_ws/install/nav2_simple_commander/share/nav2_simple_commander/hook/ament_prefix_path.dsv'
[2.963s] INFO:colcon.colcon_core.shell:Creating environment hook '/home/agilex/agilex_ws/install/nav2_simple_commander/share/nav2_simple_commander/hook/ament_prefix_path.sh'
[2.966s] INFO:colcon.colcon_core.shell:Skip shell extension 'powershell' for command environment: Not usable outside of PowerShell
[2.966s] DEBUG:colcon.colcon_core.shell:Skip shell extension 'dsv' for command environment
[2.971s] DEBUG:colcon.colcon_core.event_handler.log_command:Invoking command in '/home/agilex/agilex_ws/build/nav2_util': AMENT_PREFIX_PATH=/home/agilex/agilex_ws/install/nav2_msgs:/home/agilex/agilex_ws/install/nav2_common CMAKE_PREFIX_PATH=/home/agilex/agilex_ws/install/nav2_msgs:/home/agilex/agilex_ws/install/nav2_common LD_LIBRARY_PATH=/home/agilex/agilex_ws/install/nav2_msgs/lib PYTHONPATH=/home/agilex/agilex_ws/install/nav2_msgs/local/lib/python3.10/dist-packages:/home/agilex/agilex_ws/install/nav2_common/local/lib/python3.10/dist-packages /usr/bin/cmake --build /home/agilex/agilex_ws/build/nav2_util -- -j16 -l16
[3.095s] INFO:colcon.colcon_core.task.python.build:Building Python package in '/home/agilex/agilex_ws/src/navigation2/nav2_simple_commander'
[3.098s] INFO:colcon.colcon_core.shell:Skip shell extension 'powershell' for command environment: Not usable outside of PowerShell
[3.099s] DEBUG:colcon.colcon_core.shell:Skip shell extension 'dsv' for command environment
[3.103s] DEBUG:colcon.colcon_core.event_handler.log_command:Invoked command in '/home/agilex/agilex_ws/build/nav2_util' returned '0': AMENT_PREFIX_PATH=/home/agilex/agilex_ws/install/nav2_msgs:/home/agilex/agilex_ws/install/nav2_common CMAKE_PREFIX_PATH=/home/agilex/agilex_ws/install/nav2_msgs:/home/agilex/agilex_ws/install/nav2_common LD_LIBRARY_PATH=/home/agilex/agilex_ws/install/nav2_msgs/lib PYTHONPATH=/home/agilex/agilex_ws/install/nav2_msgs/local/lib/python3.10/dist-packages:/home/agilex/agilex_ws/install/nav2_common/local/lib/python3.10/dist-packages /usr/bin/cmake --build /home/agilex/agilex_ws/build/nav2_util -- -j16 -l16
[3.125s] DEBUG:colcon.colcon_core.event_handler.log_command:Invoking command in '/home/agilex/agilex_ws/build/nav2_util': AMENT_PREFIX_PATH=/home/agilex/agilex_ws/install/nav2_msgs:/home/agilex/agilex_ws/install/nav2_common CMAKE_PREFIX_PATH=/home/agilex/agilex_ws/install/nav2_msgs:/home/agilex/agilex_ws/install/nav2_common LD_LIBRARY_PATH=/home/agilex/agilex_ws/install/nav2_msgs/lib PYTHONPATH=/home/agilex/agilex_ws/install/nav2_msgs/local/lib/python3.10/dist-packages:/home/agilex/agilex_ws/install/nav2_common/local/lib/python3.10/dist-packages /usr/bin/cmake --install /home/agilex/agilex_ws/build/nav2_util
[3.133s] Level 1:colcon.colcon_core.environment:create_environment_scripts_only(nav2_util)
[3.133s] DEBUG:colcon.colcon_core.event_handler.log_command:Invoked command in '/home/agilex/agilex_ws/build/nav2_util' returned '0': AMENT_PREFIX_PATH=/home/agilex/agilex_ws/install/nav2_msgs:/home/agilex/agilex_ws/install/nav2_common CMAKE_PREFIX_PATH=/home/agilex/agilex_ws/install/nav2_msgs:/home/agilex/agilex_ws/install/nav2_common LD_LIBRARY_PATH=/home/agilex/agilex_ws/install/nav2_msgs/lib PYTHONPATH=/home/agilex/agilex_ws/install/nav2_msgs/local/lib/python3.10/dist-packages:/home/agilex/agilex_ws/install/nav2_common/local/lib/python3.10/dist-packages /usr/bin/cmake --install /home/agilex/agilex_ws/build/nav2_util
[3.137s] Level 1:colcon.colcon_core.environment:checking '/home/agilex/agilex_ws/install/nav2_util' for CMake module files
[3.137s] Level 1:colcon.colcon_core.environment:checking '/home/agilex/agilex_ws/install/nav2_util' for CMake config files
[3.137s] Level 1:colcon.colcon_core.shell:create_environment_hook('nav2_util', 'cmake_prefix_path')
[3.141s] INFO:colcon.colcon_core.shell:Creating environment hook '/home/agilex/agilex_ws/install/nav2_util/share/nav2_util/hook/cmake_prefix_path.ps1'
[3.141s] INFO:colcon.colcon_core.shell:Creating environment descriptor '/home/agilex/agilex_ws/install/nav2_util/share/nav2_util/hook/cmake_prefix_path.dsv'
[3.141s] INFO:colcon.colcon_core.shell:Creating environment hook '/home/agilex/agilex_ws/install/nav2_util/share/nav2_util/hook/cmake_prefix_path.sh'
[3.141s] Level 1:colcon.colcon_core.environment:checking '/home/agilex/agilex_ws/install/nav2_util/lib'
[3.141s] Level 1:colcon.colcon_core.shell:create_environment_hook('nav2_util', 'ld_library_path_lib')
[3.145s] INFO:colcon.colcon_core.shell:Creating environment hook '/home/agilex/agilex_ws/install/nav2_util/share/nav2_util/hook/ld_library_path_lib.ps1'
[3.146s] INFO:colcon.colcon_core.shell:Creating environment descriptor '/home/agilex/agilex_ws/install/nav2_util/share/nav2_util/hook/ld_library_path_lib.dsv'
[3.146s] INFO:colcon.colcon_core.shell:Creating environment hook '/home/agilex/agilex_ws/install/nav2_util/share/nav2_util/hook/ld_library_path_lib.sh'
[3.146s] Level 1:colcon.colcon_core.environment:checking '/home/agilex/agilex_ws/install/nav2_util/bin'
[3.146s] Level 1:colcon.colcon_core.environment:checking '/home/agilex/agilex_ws/install/nav2_util/lib/pkgconfig/nav2_util.pc'
[3.146s] Level 1:colcon.colcon_core.environment:checking '/home/agilex/agilex_ws/install/nav2_util/lib/python3.10/site-packages'
[3.146s] Level 1:colcon.colcon_core.environment:checking '/home/agilex/agilex_ws/install/nav2_util/bin'
[3.150s] INFO:colcon.colcon_core.shell:Creating package script '/home/agilex/agilex_ws/install/nav2_util/share/nav2_util/package.ps1'
[3.150s] INFO:colcon.colcon_core.shell:Creating package descriptor '/home/agilex/agilex_ws/install/nav2_util/share/nav2_util/package.dsv'
[3.150s] INFO:colcon.colcon_core.shell:Creating package script '/home/agilex/agilex_ws/install/nav2_util/share/nav2_util/package.sh'
[3.150s] INFO:colcon.colcon_core.shell:Creating package script '/home/agilex/agilex_ws/install/nav2_util/share/nav2_util/package.bash'
[3.150s] INFO:colcon.colcon_core.shell:Creating package script '/home/agilex/agilex_ws/install/nav2_util/share/nav2_util/package.zsh'
[3.150s] Level 1:colcon.colcon_core.environment:create_file_with_runtime_dependencies(/home/agilex/agilex_ws/install/nav2_util/share/colcon-core/packages/nav2_util)
[3.175s] Level 1:colcon.colcon_core.environment:create_environment_scripts_only(nav2_util)
[3.179s] Level 1:colcon.colcon_core.environment:checking '/home/agilex/agilex_ws/install/nav2_util' for CMake module files
[3.179s] Level 1:colcon.colcon_core.environment:checking '/home/agilex/agilex_ws/install/nav2_util' for CMake config files
[3.179s] Level 1:colcon.colcon_core.shell:create_environment_hook('nav2_util', 'cmake_prefix_path')
[3.182s] INFO:colcon.colcon_core.shell:Creating environment hook '/home/agilex/agilex_ws/install/nav2_util/share/nav2_util/hook/cmake_prefix_path.ps1'
[3.183s] INFO:colcon.colcon_core.shell:Creating environment descriptor '/home/agilex/agilex_ws/install/nav2_util/share/nav2_util/hook/cmake_prefix_path.dsv'
[3.183s] INFO:colcon.colcon_core.shell:Creating environment hook '/home/agilex/agilex_ws/install/nav2_util/share/nav2_util/hook/cmake_prefix_path.sh'
[3.183s] Level 1:colcon.colcon_core.environment:checking '/home/agilex/agilex_ws/install/nav2_util/lib'
[3.183s] Level 1:colcon.colcon_core.shell:create_environment_hook('nav2_util', 'ld_library_path_lib')
[3.187s] INFO:colcon.colcon_core.shell:Creating environment hook '/home/agilex/agilex_ws/install/nav2_util/share/nav2_util/hook/ld_library_path_lib.ps1'
[3.187s] INFO:colcon.colcon_core.shell:Creating environment descriptor '/home/agilex/agilex_ws/install/nav2_util/share/nav2_util/hook/ld_library_path_lib.dsv'
[3.187s] INFO:colcon.colcon_core.shell:Creating environment hook '/home/agilex/agilex_ws/install/nav2_util/share/nav2_util/hook/ld_library_path_lib.sh'
[3.187s] Level 1:colcon.colcon_core.environment:checking '/home/agilex/agilex_ws/install/nav2_util/bin'
[3.187s] Level 1:colcon.colcon_core.environment:checking '/home/agilex/agilex_ws/install/nav2_util/lib/pkgconfig/nav2_util.pc'
[3.188s] Level 1:colcon.colcon_core.environment:checking '/home/agilex/agilex_ws/install/nav2_util/lib/python3.10/site-packages'
[3.188s] Level 1:colcon.colcon_core.environment:checking '/home/agilex/agilex_ws/install/nav2_util/bin'
[3.191s] INFO:colcon.colcon_core.shell:Creating package script '/home/agilex/agilex_ws/install/nav2_util/share/nav2_util/package.ps1'
[3.191s] INFO:colcon.colcon_core.shell:Creating package descriptor '/home/agilex/agilex_ws/install/nav2_util/share/nav2_util/package.dsv'
[3.192s] INFO:colcon.colcon_core.shell:Creating package script '/home/agilex/agilex_ws/install/nav2_util/share/nav2_util/package.sh'
[3.192s] INFO:colcon.colcon_core.shell:Creating package script '/home/agilex/agilex_ws/install/nav2_util/share/nav2_util/package.bash'
[3.192s] INFO:colcon.colcon_core.shell:Creating package script '/home/agilex/agilex_ws/install/nav2_util/share/nav2_util/package.zsh'
[3.192s] Level 1:colcon.colcon_core.environment:create_file_with_runtime_dependencies(/home/agilex/agilex_ws/install/nav2_util/share/colcon-core/packages/nav2_util)
[3.193s] INFO:colcon.colcon_ros.task.ament_cmake.build:Building ROS package in '/home/agilex/agilex_ws/src/navigation2/nav2_dwb_controller/nav_2d_utils' with build type 'ament_cmake'
[3.193s] INFO:colcon.colcon_cmake.task.cmake.build:Building CMake package in '/home/agilex/agilex_ws/src/navigation2/nav2_dwb_controller/nav_2d_utils'
[3.197s] INFO:colcon.colcon_core.shell:Skip shell extension 'powershell' for command environment: Not usable outside of PowerShell
[3.197s] DEBUG:colcon.colcon_core.shell:Skip shell extension 'dsv' for command environment
[3.201s] INFO:colcon.colcon_ros.task.ament_cmake.build:Building ROS package in '/home/agilex/agilex_ws/src/navigation2/nav2_behavior_tree' with build type 'ament_cmake'
[3.201s] INFO:colcon.colcon_cmake.task.cmake.build:Building CMake package in '/home/agilex/agilex_ws/src/navigation2/nav2_behavior_tree'
[3.205s] INFO:colcon.colcon_core.shell:Skip shell extension 'powershell' for command environment: Not usable outside of PowerShell
[3.205s] DEBUG:colcon.colcon_core.shell:Skip shell extension 'dsv' for command environment
[3.211s] INFO:colcon.colcon_ros.task.ament_cmake.build:Building ROS package in '/home/agilex/agilex_ws/src/navigation2/nav2_lifecycle_manager' with build type 'ament_cmake'
[3.211s] INFO:colcon.colcon_cmake.task.cmake.build:Building CMake package in '/home/agilex/agilex_ws/src/navigation2/nav2_lifecycle_manager'
[3.218s] INFO:colcon.colcon_core.shell:Skip shell extension 'powershell' for command environment: Not usable outside of PowerShell
[3.218s] DEBUG:colcon.colcon_core.shell:Skip shell extension 'dsv' for command environment
[3.222s] INFO:colcon.colcon_ros.task.ament_cmake.build:Building ROS package in '/home/agilex/agilex_ws/src/navigation2/nav2_map_server' with build type 'ament_cmake'
[3.222s] INFO:colcon.colcon_cmake.task.cmake.build:Building CMake package in '/home/agilex/agilex_ws/src/navigation2/nav2_map_server'
[3.230s] INFO:colcon.colcon_core.shell:Skip shell extension 'powershell' for command environment: Not usable outside of PowerShell
[3.230s] DEBUG:colcon.colcon_core.shell:Skip shell extension 'dsv' for command environment
[3.236s] INFO:colcon.colcon_ros.task.ament_cmake.build:Building ROS package in '/home/agilex/agilex_ws/src/navigation2/nav2_amcl' with build type 'ament_cmake'
[3.236s] INFO:colcon.colcon_cmake.task.cmake.build:Building CMake package in '/home/agilex/agilex_ws/src/navigation2/nav2_amcl'
[3.239s] INFO:colcon.colcon_core.shell:Skip shell extension 'powershell' for command environment: Not usable outside of PowerShell
[3.239s] DEBUG:colcon.colcon_core.shell:Skip shell extension 'dsv' for command environment
[3.247s] DEBUG:colcon.colcon_core.event_handler.log_command:Invoking command in '/home/agilex/agilex_ws/build/nav_2d_utils': AMENT_PREFIX_PATH=/home/agilex/agilex_ws/install/nav2_util:/home/agilex/agilex_ws/install/nav2_msgs:/home/agilex/agilex_ws/install/nav_2d_msgs:/home/agilex/agilex_ws/install/nav2_common CMAKE_PREFIX_PATH=/home/agilex/agilex_ws/install/nav2_util:/home/agilex/agilex_ws/install/nav2_msgs:/home/agilex/agilex_ws/install/nav_2d_msgs:/home/agilex/agilex_ws/install/nav2_common LD_LIBRARY_PATH=/home/agilex/agilex_ws/install/nav2_util/lib:/home/agilex/agilex_ws/install/nav2_msgs/lib:/home/agilex/agilex_ws/install/nav_2d_msgs/lib PYTHONPATH=/home/agilex/agilex_ws/install/nav2_msgs/local/lib/python3.10/dist-packages:/home/agilex/agilex_ws/install/nav_2d_msgs/local/lib/python3.10/dist-packages:/home/agilex/agilex_ws/install/nav2_common/local/lib/python3.10/dist-packages /usr/bin/cmake --build /home/agilex/agilex_ws/build/nav_2d_utils -- -j16 -l16
[3.252s] DEBUG:colcon.colcon_core.event_handler.log_command:Invoking command in '/home/agilex/agilex_ws/build/nav2_behavior_tree': AMENT_PREFIX_PATH=/home/agilex/agilex_ws/install/nav2_util:/home/agilex/agilex_ws/install/nav2_msgs:/home/agilex/agilex_ws/install/nav2_common CMAKE_PREFIX_PATH=/home/agilex/agilex_ws/install/nav2_util:/home/agilex/agilex_ws/install/nav2_msgs:/home/agilex/agilex_ws/install/nav2_common LD_LIBRARY_PATH=/home/agilex/agilex_ws/install/nav2_util/lib:/home/agilex/agilex_ws/install/nav2_msgs/lib PYTHONPATH=/home/agilex/agilex_ws/install/nav2_msgs/local/lib/python3.10/dist-packages:/home/agilex/agilex_ws/install/nav2_common/local/lib/python3.10/dist-packages /usr/bin/cmake --build /home/agilex/agilex_ws/build/nav2_behavior_tree -- -j16 -l16
[3.255s] DEBUG:colcon.colcon_core.event_handler.log_command:Invoking command in '/home/agilex/agilex_ws/build/nav2_lifecycle_manager': AMENT_PREFIX_PATH=/home/agilex/agilex_ws/install/nav2_util:/home/agilex/agilex_ws/install/nav2_msgs:/home/agilex/agilex_ws/install/nav2_common CMAKE_PREFIX_PATH=/home/agilex/agilex_ws/install/nav2_util:/home/agilex/agilex_ws/install/nav2_msgs:/home/agilex/agilex_ws/install/nav2_common LD_LIBRARY_PATH=/home/agilex/agilex_ws/install/nav2_util/lib:/home/agilex/agilex_ws/install/nav2_msgs/lib PYTHONPATH=/home/agilex/agilex_ws/install/nav2_msgs/local/lib/python3.10/dist-packages:/home/agilex/agilex_ws/install/nav2_common/local/lib/python3.10/dist-packages /usr/bin/cmake --build /home/agilex/agilex_ws/build/nav2_lifecycle_manager -- -j16 -l16
[3.258s] DEBUG:colcon.colcon_core.event_handler.log_command:Invoking command in '/home/agilex/agilex_ws/build/nav2_map_server': AMENT_PREFIX_PATH=/home/agilex/agilex_ws/install/nav2_util:/home/agilex/agilex_ws/install/nav2_msgs:/home/agilex/agilex_ws/install/nav2_common CMAKE_PREFIX_PATH=/home/agilex/agilex_ws/install/nav2_util:/home/agilex/agilex_ws/install/nav2_msgs:/home/agilex/agilex_ws/install/nav2_common LD_LIBRARY_PATH=/home/agilex/agilex_ws/install/nav2_util/lib:/home/agilex/agilex_ws/install/nav2_msgs/lib PYTHONPATH=/home/agilex/agilex_ws/install/nav2_msgs/local/lib/python3.10/dist-packages:/home/agilex/agilex_ws/install/nav2_common/local/lib/python3.10/dist-packages /usr/bin/cmake --build /home/agilex/agilex_ws/build/nav2_map_server -- -j16 -l16
[3.263s] DEBUG:colcon.colcon_core.event_handler.log_command:Invoking command in '/home/agilex/agilex_ws/build/nav2_amcl': AMENT_PREFIX_PATH=/home/agilex/agilex_ws/install/nav2_util:/home/agilex/agilex_ws/install/nav2_msgs:/home/agilex/agilex_ws/install/nav2_common CMAKE_PREFIX_PATH=/home/agilex/agilex_ws/install/nav2_util:/home/agilex/agilex_ws/install/nav2_msgs:/home/agilex/agilex_ws/install/nav2_common LD_LIBRARY_PATH=/home/agilex/agilex_ws/install/nav2_util/lib:/home/agilex/agilex_ws/install/nav2_msgs/lib PYTHONPATH=/home/agilex/agilex_ws/install/nav2_msgs/local/lib/python3.10/dist-packages:/home/agilex/agilex_ws/install/nav2_common/local/lib/python3.10/dist-packages /usr/bin/cmake --build /home/agilex/agilex_ws/build/nav2_amcl -- -j16 -l16
[3.274s] DEBUG:colcon.colcon_core.event_handler.log_command:Invoking command in '/home/agilex/agilex_ws/src/navigation2/nav2_simple_commander': AMENT_PREFIX_PATH=/home/agilex/agilex_ws/install/nav2_msgs CMAKE_PREFIX_PATH=/home/agilex/agilex_ws/install/nav2_msgs LD_LIBRARY_PATH=/home/agilex/agilex_ws/install/nav2_msgs/lib PYTHONPATH=/home/agilex/agilex_ws/build/nav2_simple_commander/prefix_override:/home/agilex/agilex_ws/install/nav2_simple_commander/lib/python3.10/site-packages:/home/agilex/agilex_ws/install/nav2_msgs/local/lib/python3.10/dist-packages /usr/bin/python3 setup.py egg_info --egg-base ../../../build/nav2_simple_commander build --build-base /home/agilex/agilex_ws/build/nav2_simple_commander/build install --record /home/agilex/agilex_ws/build/nav2_simple_commander/install.log --single-version-externally-managed
[3.412s] DEBUG:colcon.colcon_core.event_handler.log_command:Invoked command in '/home/agilex/agilex_ws/build/nav2_lifecycle_manager' returned '0': AMENT_PREFIX_PATH=/home/agilex/agilex_ws/install/nav2_util:/home/agilex/agilex_ws/install/nav2_msgs:/home/agilex/agilex_ws/install/nav2_common CMAKE_PREFIX_PATH=/home/agilex/agilex_ws/install/nav2_util:/home/agilex/agilex_ws/install/nav2_msgs:/home/agilex/agilex_ws/install/nav2_common LD_LIBRARY_PATH=/home/agilex/agilex_ws/install/nav2_util/lib:/home/agilex/agilex_ws/install/nav2_msgs/lib PYTHONPATH=/home/agilex/agilex_ws/install/nav2_msgs/local/lib/python3.10/dist-packages:/home/agilex/agilex_ws/install/nav2_common/local/lib/python3.10/dist-packages /usr/bin/cmake --build /home/agilex/agilex_ws/build/nav2_lifecycle_manager -- -j16 -l16
[3.427s] DEBUG:colcon.colcon_core.event_handler.log_command:Invoked command in '/home/agilex/agilex_ws/build/nav_2d_utils' returned '0': AMENT_PREFIX_PATH=/home/agilex/agilex_ws/install/nav2_util:/home/agilex/agilex_ws/install/nav2_msgs:/home/agilex/agilex_ws/install/nav_2d_msgs:/home/agilex/agilex_ws/install/nav2_common CMAKE_PREFIX_PATH=/home/agilex/agilex_ws/install/nav2_util:/home/agilex/agilex_ws/install/nav2_msgs:/home/agilex/agilex_ws/install/nav_2d_msgs:/home/agilex/agilex_ws/install/nav2_common LD_LIBRARY_PATH=/home/agilex/agilex_ws/install/nav2_util/lib:/home/agilex/agilex_ws/install/nav2_msgs/lib:/home/agilex/agilex_ws/install/nav_2d_msgs/lib PYTHONPATH=/home/agilex/agilex_ws/install/nav2_msgs/local/lib/python3.10/dist-packages:/home/agilex/agilex_ws/install/nav_2d_msgs/local/lib/python3.10/dist-packages:/home/agilex/agilex_ws/install/nav2_common/local/lib/python3.10/dist-packages /usr/bin/cmake --build /home/agilex/agilex_ws/build/nav_2d_utils -- -j16 -l16
[3.436s] DEBUG:colcon.colcon_core.event_handler.log_command:Invoked command in '/home/agilex/agilex_ws/build/nav2_amcl' returned '0': AMENT_PREFIX_PATH=/home/agilex/agilex_ws/install/nav2_util:/home/agilex/agilex_ws/install/nav2_msgs:/home/agilex/agilex_ws/install/nav2_common CMAKE_PREFIX_PATH=/home/agilex/agilex_ws/install/nav2_util:/home/agilex/agilex_ws/install/nav2_msgs:/home/agilex/agilex_ws/install/nav2_common LD_LIBRARY_PATH=/home/agilex/agilex_ws/install/nav2_util/lib:/home/agilex/agilex_ws/install/nav2_msgs/lib PYTHONPATH=/home/agilex/agilex_ws/install/nav2_msgs/local/lib/python3.10/dist-packages:/home/agilex/agilex_ws/install/nav2_common/local/lib/python3.10/dist-packages /usr/bin/cmake --build /home/agilex/agilex_ws/build/nav2_amcl -- -j16 -l16
[3.438s] DEBUG:colcon.colcon_core.event_handler.log_command:Invoked command in '/home/agilex/agilex_ws/build/nav2_map_server' returned '0': AMENT_PREFIX_PATH=/home/agilex/agilex_ws/install/nav2_util:/home/agilex/agilex_ws/install/nav2_msgs:/home/agilex/agilex_ws/install/nav2_common CMAKE_PREFIX_PATH=/home/agilex/agilex_ws/install/nav2_util:/home/agilex/agilex_ws/install/nav2_msgs:/home/agilex/agilex_ws/install/nav2_common LD_LIBRARY_PATH=/home/agilex/agilex_ws/install/nav2_util/lib:/home/agilex/agilex_ws/install/nav2_msgs/lib PYTHONPATH=/home/agilex/agilex_ws/install/nav2_msgs/local/lib/python3.10/dist-packages:/home/agilex/agilex_ws/install/nav2_common/local/lib/python3.10/dist-packages /usr/bin/cmake --build /home/agilex/agilex_ws/build/nav2_map_server -- -j16 -l16
[3.440s] DEBUG:colcon.colcon_core.event_handler.log_command:Invoking command in '/home/agilex/agilex_ws/build/nav2_lifecycle_manager': AMENT_PREFIX_PATH=/home/agilex/agilex_ws/install/nav2_util:/home/agilex/agilex_ws/install/nav2_msgs:/home/agilex/agilex_ws/install/nav2_common CMAKE_PREFIX_PATH=/home/agilex/agilex_ws/install/nav2_util:/home/agilex/agilex_ws/install/nav2_msgs:/home/agilex/agilex_ws/install/nav2_common LD_LIBRARY_PATH=/home/agilex/agilex_ws/install/nav2_util/lib:/home/agilex/agilex_ws/install/nav2_msgs/lib PYTHONPATH=/home/agilex/agilex_ws/install/nav2_msgs/local/lib/python3.10/dist-packages:/home/agilex/agilex_ws/install/nav2_common/local/lib/python3.10/dist-packages /usr/bin/cmake --install /home/agilex/agilex_ws/build/nav2_lifecycle_manager
[3.454s] Level 1:colcon.colcon_core.environment:create_environment_scripts_only(nav2_lifecycle_manager)
[3.455s] DEBUG:colcon.colcon_core.event_handler.log_command:Invoked command in '/home/agilex/agilex_ws/build/nav2_lifecycle_manager' returned '0': AMENT_PREFIX_PATH=/home/agilex/agilex_ws/install/nav2_util:/home/agilex/agilex_ws/install/nav2_msgs:/home/agilex/agilex_ws/install/nav2_common CMAKE_PREFIX_PATH=/home/agilex/agilex_ws/install/nav2_util:/home/agilex/agilex_ws/install/nav2_msgs:/home/agilex/agilex_ws/install/nav2_common LD_LIBRARY_PATH=/home/agilex/agilex_ws/install/nav2_util/lib:/home/agilex/agilex_ws/install/nav2_msgs/lib PYTHONPATH=/home/agilex/agilex_ws/install/nav2_msgs/local/lib/python3.10/dist-packages:/home/agilex/agilex_ws/install/nav2_common/local/lib/python3.10/dist-packages /usr/bin/cmake --install /home/agilex/agilex_ws/build/nav2_lifecycle_manager
[3.468s] Level 1:colcon.colcon_core.environment:checking '/home/agilex/agilex_ws/install/nav2_lifecycle_manager' for CMake module files
[3.469s] Level 1:colcon.colcon_core.environment:checking '/home/agilex/agilex_ws/install/nav2_lifecycle_manager' for CMake config files
[3.469s] Level 1:colcon.colcon_core.shell:create_environment_hook('nav2_lifecycle_manager', 'cmake_prefix_path')
[3.481s] INFO:colcon.colcon_core.shell:Creating environment hook '/home/agilex/agilex_ws/install/nav2_lifecycle_manager/share/nav2_lifecycle_manager/hook/cmake_prefix_path.ps1'
[3.482s] INFO:colcon.colcon_core.shell:Creating environment descriptor '/home/agilex/agilex_ws/install/nav2_lifecycle_manager/share/nav2_lifecycle_manager/hook/cmake_prefix_path.dsv'
[3.483s] INFO:colcon.colcon_core.shell:Creating environment hook '/home/agilex/agilex_ws/install/nav2_lifecycle_manager/share/nav2_lifecycle_manager/hook/cmake_prefix_path.sh'
[3.484s] Level 1:colcon.colcon_core.environment:checking '/home/agilex/agilex_ws/install/nav2_lifecycle_manager/lib'
[3.484s] Level 1:colcon.colcon_core.shell:create_environment_hook('nav2_lifecycle_manager', 'ld_library_path_lib')
[3.494s] INFO:colcon.colcon_core.shell:Creating environment hook '/home/agilex/agilex_ws/install/nav2_lifecycle_manager/share/nav2_lifecycle_manager/hook/ld_library_path_lib.ps1'
[3.495s] INFO:colcon.colcon_core.shell:Creating environment descriptor '/home/agilex/agilex_ws/install/nav2_lifecycle_manager/share/nav2_lifecycle_manager/hook/ld_library_path_lib.dsv'
[3.495s] INFO:colcon.colcon_core.shell:Creating environment hook '/home/agilex/agilex_ws/install/nav2_lifecycle_manager/share/nav2_lifecycle_manager/hook/ld_library_path_lib.sh'
[3.496s] Level 1:colcon.colcon_core.environment:checking '/home/agilex/agilex_ws/install/nav2_lifecycle_manager/bin'
[3.496s] Level 1:colcon.colcon_core.environment:checking '/home/agilex/agilex_ws/install/nav2_lifecycle_manager/lib/pkgconfig/nav2_lifecycle_manager.pc'
[3.496s] Level 1:colcon.colcon_core.environment:checking '/home/agilex/agilex_ws/install/nav2_lifecycle_manager/lib/python3.10/site-packages'
[3.496s] Level 1:colcon.colcon_core.environment:checking '/home/agilex/agilex_ws/install/nav2_lifecycle_manager/bin'
[3.505s] INFO:colcon.colcon_core.shell:Creating package script '/home/agilex/agilex_ws/install/nav2_lifecycle_manager/share/nav2_lifecycle_manager/package.ps1'
[3.506s] INFO:colcon.colcon_core.shell:Creating package descriptor '/home/agilex/agilex_ws/install/nav2_lifecycle_manager/share/nav2_lifecycle_manager/package.dsv'
[3.507s] INFO:colcon.colcon_core.shell:Creating package script '/home/agilex/agilex_ws/install/nav2_lifecycle_manager/share/nav2_lifecycle_manager/package.sh'
[3.507s] INFO:colcon.colcon_core.shell:Creating package script '/home/agilex/agilex_ws/install/nav2_lifecycle_manager/share/nav2_lifecycle_manager/package.bash'
[3.508s] INFO:colcon.colcon_core.shell:Creating package script '/home/agilex/agilex_ws/install/nav2_lifecycle_manager/share/nav2_lifecycle_manager/package.zsh'
[3.508s] Level 1:colcon.colcon_core.environment:create_file_with_runtime_dependencies(/home/agilex/agilex_ws/install/nav2_lifecycle_manager/share/colcon-core/packages/nav2_lifecycle_manager)
[3.522s] DEBUG:colcon.colcon_core.event_handler.log_command:Invoking command in '/home/agilex/agilex_ws/build/nav_2d_utils': AMENT_PREFIX_PATH=/home/agilex/agilex_ws/install/nav2_util:/home/agilex/agilex_ws/install/nav2_msgs:/home/agilex/agilex_ws/install/nav_2d_msgs:/home/agilex/agilex_ws/install/nav2_common CMAKE_PREFIX_PATH=/home/agilex/agilex_ws/install/nav2_util:/home/agilex/agilex_ws/install/nav2_msgs:/home/agilex/agilex_ws/install/nav_2d_msgs:/home/agilex/agilex_ws/install/nav2_common LD_LIBRARY_PATH=/home/agilex/agilex_ws/install/nav2_util/lib:/home/agilex/agilex_ws/install/nav2_msgs/lib:/home/agilex/agilex_ws/install/nav_2d_msgs/lib PYTHONPATH=/home/agilex/agilex_ws/install/nav2_msgs/local/lib/python3.10/dist-packages:/home/agilex/agilex_ws/install/nav_2d_msgs/local/lib/python3.10/dist-packages:/home/agilex/agilex_ws/install/nav2_common/local/lib/python3.10/dist-packages /usr/bin/cmake --install /home/agilex/agilex_ws/build/nav_2d_utils
[3.523s] DEBUG:colcon.colcon_core.event_handler.log_command:Invoking command in '/home/agilex/agilex_ws/build/nav2_amcl': AMENT_PREFIX_PATH=/home/agilex/agilex_ws/install/nav2_util:/home/agilex/agilex_ws/install/nav2_msgs:/home/agilex/agilex_ws/install/nav2_common CMAKE_PREFIX_PATH=/home/agilex/agilex_ws/install/nav2_util:/home/agilex/agilex_ws/install/nav2_msgs:/home/agilex/agilex_ws/install/nav2_common LD_LIBRARY_PATH=/home/agilex/agilex_ws/install/nav2_util/lib:/home/agilex/agilex_ws/install/nav2_msgs/lib PYTHONPATH=/home/agilex/agilex_ws/install/nav2_msgs/local/lib/python3.10/dist-packages:/home/agilex/agilex_ws/install/nav2_common/local/lib/python3.10/dist-packages /usr/bin/cmake --install /home/agilex/agilex_ws/build/nav2_amcl
[3.535s] DEBUG:colcon.colcon_core.event_handler.log_command:Invoking command in '/home/agilex/agilex_ws/build/nav2_map_server': AMENT_PREFIX_PATH=/home/agilex/agilex_ws/install/nav2_util:/home/agilex/agilex_ws/install/nav2_msgs:/home/agilex/agilex_ws/install/nav2_common CMAKE_PREFIX_PATH=/home/agilex/agilex_ws/install/nav2_util:/home/agilex/agilex_ws/install/nav2_msgs:/home/agilex/agilex_ws/install/nav2_common LD_LIBRARY_PATH=/home/agilex/agilex_ws/install/nav2_util/lib:/home/agilex/agilex_ws/install/nav2_msgs/lib PYTHONPATH=/home/agilex/agilex_ws/install/nav2_msgs/local/lib/python3.10/dist-packages:/home/agilex/agilex_ws/install/nav2_common/local/lib/python3.10/dist-packages /usr/bin/cmake --install /home/agilex/agilex_ws/build/nav2_map_server
[3.537s] Level 1:colcon.colcon_core.environment:create_environment_scripts_only(nav2_map_server)
[3.559s] DEBUG:colcon.colcon_core.event_handler.log_command:Invoked command in '/home/agilex/agilex_ws/build/nav2_map_server' returned '0': AMENT_PREFIX_PATH=/home/agilex/agilex_ws/install/nav2_util:/home/agilex/agilex_ws/install/nav2_msgs:/home/agilex/agilex_ws/install/nav2_common CMAKE_PREFIX_PATH=/home/agilex/agilex_ws/install/nav2_util:/home/agilex/agilex_ws/install/nav2_msgs:/home/agilex/agilex_ws/install/nav2_common LD_LIBRARY_PATH=/home/agilex/agilex_ws/install/nav2_util/lib:/home/agilex/agilex_ws/install/nav2_msgs/lib PYTHONPATH=/home/agilex/agilex_ws/install/nav2_msgs/local/lib/python3.10/dist-packages:/home/agilex/agilex_ws/install/nav2_common/local/lib/python3.10/dist-packages /usr/bin/cmake --install /home/agilex/agilex_ws/build/nav2_map_server
[3.561s] Level 1:colcon.colcon_core.environment:checking '/home/agilex/agilex_ws/install/nav2_map_server' for CMake module files
[3.562s] Level 1:colcon.colcon_core.environment:checking '/home/agilex/agilex_ws/install/nav2_map_server' for CMake config files
[3.562s] Level 1:colcon.colcon_core.shell:create_environment_hook('nav2_map_server', 'cmake_prefix_path')
[3.568s] INFO:colcon.colcon_core.shell:Creating environment hook '/home/agilex/agilex_ws/install/nav2_map_server/share/nav2_map_server/hook/cmake_prefix_path.ps1'
[3.568s] INFO:colcon.colcon_core.shell:Creating environment descriptor '/home/agilex/agilex_ws/install/nav2_map_server/share/nav2_map_server/hook/cmake_prefix_path.dsv'
[3.568s] INFO:colcon.colcon_core.shell:Creating environment hook '/home/agilex/agilex_ws/install/nav2_map_server/share/nav2_map_server/hook/cmake_prefix_path.sh'
[3.569s] Level 1:colcon.colcon_core.environment:checking '/home/agilex/agilex_ws/install/nav2_map_server/lib'
[3.569s] Level 1:colcon.colcon_core.shell:create_environment_hook('nav2_map_server', 'ld_library_path_lib')
[3.575s] INFO:colcon.colcon_core.shell:Creating environment hook '/home/agilex/agilex_ws/install/nav2_map_server/share/nav2_map_server/hook/ld_library_path_lib.ps1'
[3.575s] INFO:colcon.colcon_core.shell:Creating environment descriptor '/home/agilex/agilex_ws/install/nav2_map_server/share/nav2_map_server/hook/ld_library_path_lib.dsv'
[3.575s] INFO:colcon.colcon_core.shell:Creating environment hook '/home/agilex/agilex_ws/install/nav2_map_server/share/nav2_map_server/hook/ld_library_path_lib.sh'
[3.576s] Level 1:colcon.colcon_core.environment:checking '/home/agilex/agilex_ws/install/nav2_map_server/bin'
[3.576s] Level 1:colcon.colcon_core.environment:checking '/home/agilex/agilex_ws/install/nav2_map_server/lib/pkgconfig/nav2_map_server.pc'
[3.576s] Level 1:colcon.colcon_core.environment:checking '/home/agilex/agilex_ws/install/nav2_map_server/lib/python3.10/site-packages'
[3.576s] Level 1:colcon.colcon_core.environment:checking '/home/agilex/agilex_ws/install/nav2_map_server/bin'
[3.579s] INFO:colcon.colcon_core.shell:Creating package script '/home/agilex/agilex_ws/install/nav2_map_server/share/nav2_map_server/package.ps1'
[3.580s] INFO:colcon.colcon_core.shell:Creating package descriptor '/home/agilex/agilex_ws/install/nav2_map_server/share/nav2_map_server/package.dsv'
[3.580s] INFO:colcon.colcon_core.shell:Creating package script '/home/agilex/agilex_ws/install/nav2_map_server/share/nav2_map_server/package.sh'
[3.580s] INFO:colcon.colcon_core.shell:Creating package script '/home/agilex/agilex_ws/install/nav2_map_server/share/nav2_map_server/package.bash'
[3.580s] INFO:colcon.colcon_core.shell:Creating package script '/home/agilex/agilex_ws/install/nav2_map_server/share/nav2_map_server/package.zsh'
[3.580s] Level 1:colcon.colcon_core.environment:create_file_with_runtime_dependencies(/home/agilex/agilex_ws/install/nav2_map_server/share/colcon-core/packages/nav2_map_server)
[3.581s] Level 1:colcon.colcon_core.environment:create_environment_scripts_only(nav_2d_utils)
[3.582s] DEBUG:colcon.colcon_core.event_handler.log_command:Invoked command in '/home/agilex/agilex_ws/build/nav_2d_utils' returned '0': AMENT_PREFIX_PATH=/home/agilex/agilex_ws/install/nav2_util:/home/agilex/agilex_ws/install/nav2_msgs:/home/agilex/agilex_ws/install/nav_2d_msgs:/home/agilex/agilex_ws/install/nav2_common CMAKE_PREFIX_PATH=/home/agilex/agilex_ws/install/nav2_util:/home/agilex/agilex_ws/install/nav2_msgs:/home/agilex/agilex_ws/install/nav_2d_msgs:/home/agilex/agilex_ws/install/nav2_common LD_LIBRARY_PATH=/home/agilex/agilex_ws/install/nav2_util/lib:/home/agilex/agilex_ws/install/nav2_msgs/lib:/home/agilex/agilex_ws/install/nav_2d_msgs/lib PYTHONPATH=/home/agilex/agilex_ws/install/nav2_msgs/local/lib/python3.10/dist-packages:/home/agilex/agilex_ws/install/nav_2d_msgs/local/lib/python3.10/dist-packages:/home/agilex/agilex_ws/install/nav2_common/local/lib/python3.10/dist-packages /usr/bin/cmake --install /home/agilex/agilex_ws/build/nav_2d_utils
[3.585s] Level 1:colcon.colcon_core.environment:checking '/home/agilex/agilex_ws/install/nav_2d_utils' for CMake module files
[3.585s] Level 1:colcon.colcon_core.environment:checking '/home/agilex/agilex_ws/install/nav_2d_utils' for CMake config files
[3.585s] Level 1:colcon.colcon_core.shell:create_environment_hook('nav_2d_utils', 'cmake_prefix_path')
[3.588s] INFO:colcon.colcon_core.shell:Creating environment hook '/home/agilex/agilex_ws/install/nav_2d_utils/share/nav_2d_utils/hook/cmake_prefix_path.ps1'
[3.588s] INFO:colcon.colcon_core.shell:Creating environment descriptor '/home/agilex/agilex_ws/install/nav_2d_utils/share/nav_2d_utils/hook/cmake_prefix_path.dsv'
[3.589s] INFO:colcon.colcon_core.shell:Creating environment hook '/home/agilex/agilex_ws/install/nav_2d_utils/share/nav_2d_utils/hook/cmake_prefix_path.sh'
[3.589s] Level 1:colcon.colcon_core.environment:checking '/home/agilex/agilex_ws/install/nav_2d_utils/lib'
[3.589s] Level 1:colcon.colcon_core.shell:create_environment_hook('nav_2d_utils', 'ld_library_path_lib')
[3.592s] INFO:colcon.colcon_core.shell:Creating environment hook '/home/agilex/agilex_ws/install/nav_2d_utils/share/nav_2d_utils/hook/ld_library_path_lib.ps1'
[3.592s] INFO:colcon.colcon_core.shell:Creating environment descriptor '/home/agilex/agilex_ws/install/nav_2d_utils/share/nav_2d_utils/hook/ld_library_path_lib.dsv'
[3.592s] INFO:colcon.colcon_core.shell:Creating environment hook '/home/agilex/agilex_ws/install/nav_2d_utils/share/nav_2d_utils/hook/ld_library_path_lib.sh'
[3.593s] Level 1:colcon.colcon_core.environment:checking '/home/agilex/agilex_ws/install/nav_2d_utils/bin'
[3.593s] Level 1:colcon.colcon_core.environment:checking '/home/agilex/agilex_ws/install/nav_2d_utils/lib/pkgconfig/nav_2d_utils.pc'
[3.593s] Level 1:colcon.colcon_core.environment:checking '/home/agilex/agilex_ws/install/nav_2d_utils/lib/python3.10/site-packages'
[3.593s] Level 1:colcon.colcon_core.environment:checking '/home/agilex/agilex_ws/install/nav_2d_utils/bin'
[3.597s] INFO:colcon.colcon_core.shell:Creating package script '/home/agilex/agilex_ws/install/nav_2d_utils/share/nav_2d_utils/package.ps1'
[3.597s] INFO:colcon.colcon_core.shell:Creating package descriptor '/home/agilex/agilex_ws/install/nav_2d_utils/share/nav_2d_utils/package.dsv'
[3.598s] INFO:colcon.colcon_core.shell:Creating package script '/home/agilex/agilex_ws/install/nav_2d_utils/share/nav_2d_utils/package.sh'
[3.598s] INFO:colcon.colcon_core.shell:Creating package script '/home/agilex/agilex_ws/install/nav_2d_utils/share/nav_2d_utils/package.bash'
[3.598s] INFO:colcon.colcon_core.shell:Creating package script '/home/agilex/agilex_ws/install/nav_2d_utils/share/nav_2d_utils/package.zsh'
[3.598s] Level 1:colcon.colcon_core.environment:create_file_with_runtime_dependencies(/home/agilex/agilex_ws/install/nav_2d_utils/share/colcon-core/packages/nav_2d_utils)
[3.599s] Level 1:colcon.colcon_core.environment:create_environment_scripts_only(nav2_amcl)
[3.600s] DEBUG:colcon.colcon_core.event_handler.log_command:Invoked command in '/home/agilex/agilex_ws/build/nav2_amcl' returned '0': AMENT_PREFIX_PATH=/home/agilex/agilex_ws/install/nav2_util:/home/agilex/agilex_ws/install/nav2_msgs:/home/agilex/agilex_ws/install/nav2_common CMAKE_PREFIX_PATH=/home/agilex/agilex_ws/install/nav2_util:/home/agilex/agilex_ws/install/nav2_msgs:/home/agilex/agilex_ws/install/nav2_common LD_LIBRARY_PATH=/home/agilex/agilex_ws/install/nav2_util/lib:/home/agilex/agilex_ws/install/nav2_msgs/lib PYTHONPATH=/home/agilex/agilex_ws/install/nav2_msgs/local/lib/python3.10/dist-packages:/home/agilex/agilex_ws/install/nav2_common/local/lib/python3.10/dist-packages /usr/bin/cmake --install /home/agilex/agilex_ws/build/nav2_amcl
[3.603s] Level 1:colcon.colcon_core.environment:checking '/home/agilex/agilex_ws/install/nav2_amcl' for CMake module files
[3.604s] Level 1:colcon.colcon_core.environment:checking '/home/agilex/agilex_ws/install/nav2_amcl' for CMake config files
[3.604s] Level 1:colcon.colcon_core.shell:create_environment_hook('nav2_amcl', 'cmake_prefix_path')
[3.607s] INFO:colcon.colcon_core.shell:Creating environment hook '/home/agilex/agilex_ws/install/nav2_amcl/share/nav2_amcl/hook/cmake_prefix_path.ps1'
[3.607s] INFO:colcon.colcon_core.shell:Creating environment descriptor '/home/agilex/agilex_ws/install/nav2_amcl/share/nav2_amcl/hook/cmake_prefix_path.dsv'
[3.608s] INFO:colcon.colcon_core.shell:Creating environment hook '/home/agilex/agilex_ws/install/nav2_amcl/share/nav2_amcl/hook/cmake_prefix_path.sh'
[3.608s] Level 1:colcon.colcon_core.environment:checking '/home/agilex/agilex_ws/install/nav2_amcl/lib'
[3.608s] Level 1:colcon.colcon_core.shell:create_environment_hook('nav2_amcl', 'ld_library_path_lib')
[3.611s] INFO:colcon.colcon_core.shell:Creating environment hook '/home/agilex/agilex_ws/install/nav2_amcl/share/nav2_amcl/hook/ld_library_path_lib.ps1'
[3.611s] INFO:colcon.colcon_core.shell:Creating environment descriptor '/home/agilex/agilex_ws/install/nav2_amcl/share/nav2_amcl/hook/ld_library_path_lib.dsv'
[3.611s] INFO:colcon.colcon_core.shell:Creating environment hook '/home/agilex/agilex_ws/install/nav2_amcl/share/nav2_amcl/hook/ld_library_path_lib.sh'
[3.611s] Level 1:colcon.colcon_core.environment:checking '/home/agilex/agilex_ws/install/nav2_amcl/bin'
[3.611s] Level 1:colcon.colcon_core.environment:checking '/home/agilex/agilex_ws/install/nav2_amcl/lib/pkgconfig/nav2_amcl.pc'
[3.612s] Level 1:colcon.colcon_core.environment:checking '/home/agilex/agilex_ws/install/nav2_amcl/lib/python3.10/site-packages'
[3.612s] Level 1:colcon.colcon_core.environment:checking '/home/agilex/agilex_ws/install/nav2_amcl/bin'
[3.615s] INFO:colcon.colcon_core.shell:Creating package script '/home/agilex/agilex_ws/install/nav2_amcl/share/nav2_amcl/package.ps1'
[3.616s] INFO:colcon.colcon_core.shell:Creating package descriptor '/home/agilex/agilex_ws/install/nav2_amcl/share/nav2_amcl/package.dsv'
[3.616s] INFO:colcon.colcon_core.shell:Creating package script '/home/agilex/agilex_ws/install/nav2_amcl/share/nav2_amcl/package.sh'
[3.616s] INFO:colcon.colcon_core.shell:Creating package script '/home/agilex/agilex_ws/install/nav2_amcl/share/nav2_amcl/package.bash'
[3.616s] INFO:colcon.colcon_core.shell:Creating package script '/home/agilex/agilex_ws/install/nav2_amcl/share/nav2_amcl/package.zsh'
[3.616s] Level 1:colcon.colcon_core.environment:create_file_with_runtime_dependencies(/home/agilex/agilex_ws/install/nav2_amcl/share/colcon-core/packages/nav2_amcl)
[3.621s] Level 1:colcon.colcon_core.environment:create_environment_scripts_only(nav2_lifecycle_manager)
[3.625s] Level 1:colcon.colcon_core.environment:checking '/home/agilex/agilex_ws/install/nav2_lifecycle_manager' for CMake module files
[3.625s] Level 1:colcon.colcon_core.environment:checking '/home/agilex/agilex_ws/install/nav2_lifecycle_manager' for CMake config files
[3.625s] Level 1:colcon.colcon_core.shell:create_environment_hook('nav2_lifecycle_manager', 'cmake_prefix_path')
[3.629s] INFO:colcon.colcon_core.shell:Creating environment hook '/home/agilex/agilex_ws/install/nav2_lifecycle_manager/share/nav2_lifecycle_manager/hook/cmake_prefix_path.ps1'
[3.629s] INFO:colcon.colcon_core.shell:Creating environment descriptor '/home/agilex/agilex_ws/install/nav2_lifecycle_manager/share/nav2_lifecycle_manager/hook/cmake_prefix_path.dsv'
[3.629s] INFO:colcon.colcon_core.shell:Creating environment hook '/home/agilex/agilex_ws/install/nav2_lifecycle_manager/share/nav2_lifecycle_manager/hook/cmake_prefix_path.sh'
[3.630s] Level 1:colcon.colcon_core.environment:checking '/home/agilex/agilex_ws/install/nav2_lifecycle_manager/lib'
[3.630s] Level 1:colcon.colcon_core.shell:create_environment_hook('nav2_lifecycle_manager', 'ld_library_path_lib')
[3.633s] INFO:colcon.colcon_core.shell:Creating environment hook '/home/agilex/agilex_ws/install/nav2_lifecycle_manager/share/nav2_lifecycle_manager/hook/ld_library_path_lib.ps1'
[3.633s] INFO:colcon.colcon_core.shell:Creating environment descriptor '/home/agilex/agilex_ws/install/nav2_lifecycle_manager/share/nav2_lifecycle_manager/hook/ld_library_path_lib.dsv'
[3.633s] INFO:colcon.colcon_core.shell:Creating environment hook '/home/agilex/agilex_ws/install/nav2_lifecycle_manager/share/nav2_lifecycle_manager/hook/ld_library_path_lib.sh'
[3.634s] Level 1:colcon.colcon_core.environment:checking '/home/agilex/agilex_ws/install/nav2_lifecycle_manager/bin'
[3.634s] Level 1:colcon.colcon_core.environment:checking '/home/agilex/agilex_ws/install/nav2_lifecycle_manager/lib/pkgconfig/nav2_lifecycle_manager.pc'
[3.634s] Level 1:colcon.colcon_core.environment:checking '/home/agilex/agilex_ws/install/nav2_lifecycle_manager/lib/python3.10/site-packages'
[3.634s] Level 1:colcon.colcon_core.environment:checking '/home/agilex/agilex_ws/install/nav2_lifecycle_manager/bin'
[3.637s] INFO:colcon.colcon_core.shell:Creating package script '/home/agilex/agilex_ws/install/nav2_lifecycle_manager/share/nav2_lifecycle_manager/package.ps1'
[3.638s] INFO:colcon.colcon_core.shell:Creating package descriptor '/home/agilex/agilex_ws/install/nav2_lifecycle_manager/share/nav2_lifecycle_manager/package.dsv'
[3.638s] INFO:colcon.colcon_core.shell:Creating package script '/home/agilex/agilex_ws/install/nav2_lifecycle_manager/share/nav2_lifecycle_manager/package.sh'
[3.638s] INFO:colcon.colcon_core.shell:Creating package script '/home/agilex/agilex_ws/install/nav2_lifecycle_manager/share/nav2_lifecycle_manager/package.bash'
[3.638s] INFO:colcon.colcon_core.shell:Creating package script '/home/agilex/agilex_ws/install/nav2_lifecycle_manager/share/nav2_lifecycle_manager/package.zsh'
[3.639s] Level 1:colcon.colcon_core.environment:create_file_with_runtime_dependencies(/home/agilex/agilex_ws/install/nav2_lifecycle_manager/share/colcon-core/packages/nav2_lifecycle_manager)
[3.640s] DEBUG:colcon.colcon_core.event_handler.log_command:Invoked command in '/home/agilex/agilex_ws/build/nav2_behavior_tree' returned '0': AMENT_PREFIX_PATH=/home/agilex/agilex_ws/install/nav2_util:/home/agilex/agilex_ws/install/nav2_msgs:/home/agilex/agilex_ws/install/nav2_common CMAKE_PREFIX_PATH=/home/agilex/agilex_ws/install/nav2_util:/home/agilex/agilex_ws/install/nav2_msgs:/home/agilex/agilex_ws/install/nav2_common LD_LIBRARY_PATH=/home/agilex/agilex_ws/install/nav2_util/lib:/home/agilex/agilex_ws/install/nav2_msgs/lib PYTHONPATH=/home/agilex/agilex_ws/install/nav2_msgs/local/lib/python3.10/dist-packages:/home/agilex/agilex_ws/install/nav2_common/local/lib/python3.10/dist-packages /usr/bin/cmake --build /home/agilex/agilex_ws/build/nav2_behavior_tree -- -j16 -l16
[3.641s] DEBUG:colcon.colcon_core.event_handler.log_command:Invoked command in '/home/agilex/agilex_ws/src/navigation2/nav2_simple_commander' returned '0': AMENT_PREFIX_PATH=/home/agilex/agilex_ws/install/nav2_msgs CMAKE_PREFIX_PATH=/home/agilex/agilex_ws/install/nav2_msgs LD_LIBRARY_PATH=/home/agilex/agilex_ws/install/nav2_msgs/lib PYTHONPATH=/home/agilex/agilex_ws/build/nav2_simple_commander/prefix_override:/home/agilex/agilex_ws/install/nav2_simple_commander/lib/python3.10/site-packages:/home/agilex/agilex_ws/install/nav2_msgs/local/lib/python3.10/dist-packages /usr/bin/python3 setup.py egg_info --egg-base ../../../build/nav2_simple_commander build --build-base /home/agilex/agilex_ws/build/nav2_simple_commander/build install --record /home/agilex/agilex_ws/build/nav2_simple_commander/install.log --single-version-externally-managed
[3.644s] Level 1:colcon.colcon_core.environment:checking '/home/agilex/agilex_ws/install/nav2_simple_commander' for CMake module files
[3.645s] Level 1:colcon.colcon_core.environment:checking '/home/agilex/agilex_ws/install/nav2_simple_commander' for CMake config files
[3.645s] Level 1:colcon.colcon_core.environment:checking '/home/agilex/agilex_ws/install/nav2_simple_commander/lib'
[3.645s] Level 1:colcon.colcon_core.environment:checking '/home/agilex/agilex_ws/install/nav2_simple_commander/bin'
[3.645s] Level 1:colcon.colcon_core.environment:checking '/home/agilex/agilex_ws/install/nav2_simple_commander/lib/pkgconfig/nav2_simple_commander.pc'
[3.645s] Level 1:colcon.colcon_core.environment:checking '/home/agilex/agilex_ws/install/nav2_simple_commander/lib/python3.10/site-packages'
[3.645s] Level 1:colcon.colcon_core.shell:create_environment_hook('nav2_simple_commander', 'pythonpath')
[3.649s] INFO:colcon.colcon_core.shell:Creating environment hook '/home/agilex/agilex_ws/install/nav2_simple_commander/share/nav2_simple_commander/hook/pythonpath.ps1'
[3.649s] INFO:colcon.colcon_core.shell:Creating environment descriptor '/home/agilex/agilex_ws/install/nav2_simple_commander/share/nav2_simple_commander/hook/pythonpath.dsv'
[3.649s] INFO:colcon.colcon_core.shell:Creating environment hook '/home/agilex/agilex_ws/install/nav2_simple_commander/share/nav2_simple_commander/hook/pythonpath.sh'
[3.650s] Level 1:colcon.colcon_core.environment:checking '/home/agilex/agilex_ws/install/nav2_simple_commander/bin'
[3.650s] Level 1:colcon.colcon_core.environment:create_environment_scripts_only(nav2_simple_commander)
[3.653s] INFO:colcon.colcon_core.shell:Creating package script '/home/agilex/agilex_ws/install/nav2_simple_commander/share/nav2_simple_commander/package.ps1'
[3.653s] INFO:colcon.colcon_core.shell:Creating package descriptor '/home/agilex/agilex_ws/install/nav2_simple_commander/share/nav2_simple_commander/package.dsv'
[3.653s] INFO:colcon.colcon_core.shell:Creating package script '/home/agilex/agilex_ws/install/nav2_simple_commander/share/nav2_simple_commander/package.sh'
[3.654s] INFO:colcon.colcon_core.shell:Creating package script '/home/agilex/agilex_ws/install/nav2_simple_commander/share/nav2_simple_commander/package.bash'
[3.654s] INFO:colcon.colcon_core.shell:Creating package script '/home/agilex/agilex_ws/install/nav2_simple_commander/share/nav2_simple_commander/package.zsh'
[3.654s] Level 1:colcon.colcon_core.environment:create_file_with_runtime_dependencies(/home/agilex/agilex_ws/install/nav2_simple_commander/share/colcon-core/packages/nav2_simple_commander)
[3.654s] INFO:colcon.colcon_ros.task.ament_cmake.build:Building ROS package in '/home/agilex/agilex_ws/src/navigation2/nav2_rviz_plugins' with build type 'ament_cmake'
[3.654s] INFO:colcon.colcon_cmake.task.cmake.build:Building CMake package in '/home/agilex/agilex_ws/src/navigation2/nav2_rviz_plugins'
[3.658s] INFO:colcon.colcon_core.shell:Skip shell extension 'powershell' for command environment: Not usable outside of PowerShell
[3.658s] DEBUG:colcon.colcon_core.shell:Skip shell extension 'dsv' for command environment
[3.667s] Level 1:colcon.colcon_core.environment:create_environment_scripts_only(nav2_map_server)
[3.670s] Level 1:colcon.colcon_core.environment:checking '/home/agilex/agilex_ws/install/nav2_map_server' for CMake module files
[3.671s] Level 1:colcon.colcon_core.environment:checking '/home/agilex/agilex_ws/install/nav2_map_server' for CMake config files
[3.671s] Level 1:colcon.colcon_core.shell:create_environment_hook('nav2_map_server', 'cmake_prefix_path')
[3.674s] INFO:colcon.colcon_core.shell:Creating environment hook '/home/agilex/agilex_ws/install/nav2_map_server/share/nav2_map_server/hook/cmake_prefix_path.ps1'
[3.674s] INFO:colcon.colcon_core.shell:Creating environment descriptor '/home/agilex/agilex_ws/install/nav2_map_server/share/nav2_map_server/hook/cmake_prefix_path.dsv'
[3.674s] INFO:colcon.colcon_core.shell:Creating environment hook '/home/agilex/agilex_ws/install/nav2_map_server/share/nav2_map_server/hook/cmake_prefix_path.sh'
[3.675s] Level 1:colcon.colcon_core.environment:checking '/home/agilex/agilex_ws/install/nav2_map_server/lib'
[3.675s] Level 1:colcon.colcon_core.shell:create_environment_hook('nav2_map_server', 'ld_library_path_lib')
[3.678s] INFO:colcon.colcon_core.shell:Creating environment hook '/home/agilex/agilex_ws/install/nav2_map_server/share/nav2_map_server/hook/ld_library_path_lib.ps1'
[3.678s] INFO:colcon.colcon_core.shell:Creating environment descriptor '/home/agilex/agilex_ws/install/nav2_map_server/share/nav2_map_server/hook/ld_library_path_lib.dsv'
[3.678s] INFO:colcon.colcon_core.shell:Creating environment hook '/home/agilex/agilex_ws/install/nav2_map_server/share/nav2_map_server/hook/ld_library_path_lib.sh'
[3.678s] Level 1:colcon.colcon_core.environment:checking '/home/agilex/agilex_ws/install/nav2_map_server/bin'
[3.678s] Level 1:colcon.colcon_core.environment:checking '/home/agilex/agilex_ws/install/nav2_map_server/lib/pkgconfig/nav2_map_server.pc'
[3.678s] Level 1:colcon.colcon_core.environment:checking '/home/agilex/agilex_ws/install/nav2_map_server/lib/python3.10/site-packages'
[3.678s] Level 1:colcon.colcon_core.environment:checking '/home/agilex/agilex_ws/install/nav2_map_server/bin'
[3.681s] INFO:colcon.colcon_core.shell:Creating package script '/home/agilex/agilex_ws/install/nav2_map_server/share/nav2_map_server/package.ps1'
[3.682s] INFO:colcon.colcon_core.shell:Creating package descriptor '/home/agilex/agilex_ws/install/nav2_map_server/share/nav2_map_server/package.dsv'
[3.682s] INFO:colcon.colcon_core.shell:Creating package script '/home/agilex/agilex_ws/install/nav2_map_server/share/nav2_map_server/package.sh'
[3.682s] INFO:colcon.colcon_core.shell:Creating package script '/home/agilex/agilex_ws/install/nav2_map_server/share/nav2_map_server/package.bash'
[3.682s] INFO:colcon.colcon_core.shell:Creating package script '/home/agilex/agilex_ws/install/nav2_map_server/share/nav2_map_server/package.zsh'
[3.682s] Level 1:colcon.colcon_core.environment:create_file_with_runtime_dependencies(/home/agilex/agilex_ws/install/nav2_map_server/share/colcon-core/packages/nav2_map_server)
[3.690s] Level 1:colcon.colcon_core.environment:create_environment_scripts_only(nav_2d_utils)
[3.697s] Level 1:colcon.colcon_core.environment:checking '/home/agilex/agilex_ws/install/nav_2d_utils' for CMake module files
[3.698s] Level 1:colcon.colcon_core.environment:checking '/home/agilex/agilex_ws/install/nav_2d_utils' for CMake config files
[3.698s] Level 1:colcon.colcon_core.shell:create_environment_hook('nav_2d_utils', 'cmake_prefix_path')
[3.705s] INFO:colcon.colcon_core.shell:Creating environment hook '/home/agilex/agilex_ws/install/nav_2d_utils/share/nav_2d_utils/hook/cmake_prefix_path.ps1'
[3.705s] INFO:colcon.colcon_core.shell:Creating environment descriptor '/home/agilex/agilex_ws/install/nav_2d_utils/share/nav_2d_utils/hook/cmake_prefix_path.dsv'
[3.706s] INFO:colcon.colcon_core.shell:Creating environment hook '/home/agilex/agilex_ws/install/nav_2d_utils/share/nav_2d_utils/hook/cmake_prefix_path.sh'
[3.706s] Level 1:colcon.colcon_core.environment:checking '/home/agilex/agilex_ws/install/nav_2d_utils/lib'
[3.706s] Level 1:colcon.colcon_core.shell:create_environment_hook('nav_2d_utils', 'ld_library_path_lib')
[3.713s] INFO:colcon.colcon_core.shell:Creating environment hook '/home/agilex/agilex_ws/install/nav_2d_utils/share/nav_2d_utils/hook/ld_library_path_lib.ps1'
[3.714s] INFO:colcon.colcon_core.shell:Creating environment descriptor '/home/agilex/agilex_ws/install/nav_2d_utils/share/nav_2d_utils/hook/ld_library_path_lib.dsv'
[3.714s] INFO:colcon.colcon_core.shell:Creating environment hook '/home/agilex/agilex_ws/install/nav_2d_utils/share/nav_2d_utils/hook/ld_library_path_lib.sh'
[3.715s] Level 1:colcon.colcon_core.environment:checking '/home/agilex/agilex_ws/install/nav_2d_utils/bin'
[3.715s] Level 1:colcon.colcon_core.environment:checking '/home/agilex/agilex_ws/install/nav_2d_utils/lib/pkgconfig/nav_2d_utils.pc'
[3.715s] Level 1:colcon.colcon_core.environment:checking '/home/agilex/agilex_ws/install/nav_2d_utils/lib/python3.10/site-packages'
[3.715s] Level 1:colcon.colcon_core.environment:checking '/home/agilex/agilex_ws/install/nav_2d_utils/bin'
[3.719s] INFO:colcon.colcon_core.shell:Creating package script '/home/agilex/agilex_ws/install/nav_2d_utils/share/nav_2d_utils/package.ps1'
[3.720s] INFO:colcon.colcon_core.shell:Creating package descriptor '/home/agilex/agilex_ws/install/nav_2d_utils/share/nav_2d_utils/package.dsv'
[3.720s] INFO:colcon.colcon_core.shell:Creating package script '/home/agilex/agilex_ws/install/nav_2d_utils/share/nav_2d_utils/package.sh'
[3.720s] INFO:colcon.colcon_core.shell:Creating package script '/home/agilex/agilex_ws/install/nav_2d_utils/share/nav_2d_utils/package.bash'
[3.720s] INFO:colcon.colcon_core.shell:Creating package script '/home/agilex/agilex_ws/install/nav_2d_utils/share/nav_2d_utils/package.zsh'
[3.720s] Level 1:colcon.colcon_core.environment:create_file_with_runtime_dependencies(/home/agilex/agilex_ws/install/nav_2d_utils/share/colcon-core/packages/nav_2d_utils)
[3.725s] Level 1:colcon.colcon_core.environment:create_environment_scripts_only(nav2_amcl)
[3.728s] Level 1:colcon.colcon_core.environment:checking '/home/agilex/agilex_ws/install/nav2_amcl' for CMake module files
[3.728s] Level 1:colcon.colcon_core.environment:checking '/home/agilex/agilex_ws/install/nav2_amcl' for CMake config files
[3.729s] Level 1:colcon.colcon_core.shell:create_environment_hook('nav2_amcl', 'cmake_prefix_path')
[3.732s] INFO:colcon.colcon_core.shell:Creating environment hook '/home/agilex/agilex_ws/install/nav2_amcl/share/nav2_amcl/hook/cmake_prefix_path.ps1'
[3.733s] INFO:colcon.colcon_core.shell:Creating environment descriptor '/home/agilex/agilex_ws/install/nav2_amcl/share/nav2_amcl/hook/cmake_prefix_path.dsv'
[3.733s] INFO:colcon.colcon_core.shell:Creating environment hook '/home/agilex/agilex_ws/install/nav2_amcl/share/nav2_amcl/hook/cmake_prefix_path.sh'
[3.733s] Level 1:colcon.colcon_core.environment:checking '/home/agilex/agilex_ws/install/nav2_amcl/lib'
[3.733s] Level 1:colcon.colcon_core.shell:create_environment_hook('nav2_amcl', 'ld_library_path_lib')
[3.737s] INFO:colcon.colcon_core.shell:Creating environment hook '/home/agilex/agilex_ws/install/nav2_amcl/share/nav2_amcl/hook/ld_library_path_lib.ps1'
[3.737s] INFO:colcon.colcon_core.shell:Creating environment descriptor '/home/agilex/agilex_ws/install/nav2_amcl/share/nav2_amcl/hook/ld_library_path_lib.dsv'
[3.737s] INFO:colcon.colcon_core.shell:Creating environment hook '/home/agilex/agilex_ws/install/nav2_amcl/share/nav2_amcl/hook/ld_library_path_lib.sh'
[3.737s] Level 1:colcon.colcon_core.environment:checking '/home/agilex/agilex_ws/install/nav2_amcl/bin'
[3.737s] Level 1:colcon.colcon_core.environment:checking '/home/agilex/agilex_ws/install/nav2_amcl/lib/pkgconfig/nav2_amcl.pc'
[3.738s] Level 1:colcon.colcon_core.environment:checking '/home/agilex/agilex_ws/install/nav2_amcl/lib/python3.10/site-packages'
[3.738s] Level 1:colcon.colcon_core.environment:checking '/home/agilex/agilex_ws/install/nav2_amcl/bin'
[3.741s] INFO:colcon.colcon_core.shell:Creating package script '/home/agilex/agilex_ws/install/nav2_amcl/share/nav2_amcl/package.ps1'
[3.742s] INFO:colcon.colcon_core.shell:Creating package descriptor '/home/agilex/agilex_ws/install/nav2_amcl/share/nav2_amcl/package.dsv'
[3.742s] INFO:colcon.colcon_core.shell:Creating package script '/home/agilex/agilex_ws/install/nav2_amcl/share/nav2_amcl/package.sh'
[3.742s] INFO:colcon.colcon_core.shell:Creating package script '/home/agilex/agilex_ws/install/nav2_amcl/share/nav2_amcl/package.bash'
[3.743s] INFO:colcon.colcon_core.shell:Creating package script '/home/agilex/agilex_ws/install/nav2_amcl/share/nav2_amcl/package.zsh'
[3.743s] Level 1:colcon.colcon_core.environment:create_file_with_runtime_dependencies(/home/agilex/agilex_ws/install/nav2_amcl/share/colcon-core/packages/nav2_amcl)
[3.743s] INFO:colcon.colcon_ros.task.ament_cmake.build:Building ROS package in '/home/agilex/agilex_ws/src/navigation2/nav2_costmap_2d' with build type 'ament_cmake'
[3.743s] INFO:colcon.colcon_cmake.task.cmake.build:Building CMake package in '/home/agilex/agilex_ws/src/navigation2/nav2_costmap_2d'
[3.748s] INFO:colcon.colcon_core.shell:Skip shell extension 'powershell' for command environment: Not usable outside of PowerShell
[3.748s] DEBUG:colcon.colcon_core.shell:Skip shell extension 'dsv' for command environment
[3.755s] DEBUG:colcon.colcon_core.event_handler.log_command:Invoking command in '/home/agilex/agilex_ws/build/nav2_rviz_plugins': AMENT_PREFIX_PATH=/home/agilex/agilex_ws/install/nav2_lifecycle_manager:/home/agilex/agilex_ws/install/nav2_util:/home/agilex/agilex_ws/install/nav2_msgs:/home/agilex/agilex_ws/install/nav2_common CMAKE_PREFIX_PATH=/home/agilex/agilex_ws/install/nav2_lifecycle_manager:/home/agilex/agilex_ws/install/nav2_util:/home/agilex/agilex_ws/install/nav2_msgs:/home/agilex/agilex_ws/install/nav2_common LD_LIBRARY_PATH=/home/agilex/agilex_ws/install/nav2_lifecycle_manager/lib:/home/agilex/agilex_ws/install/nav2_util/lib:/home/agilex/agilex_ws/install/nav2_msgs/lib PYTHONPATH=/home/agilex/agilex_ws/install/nav2_msgs/local/lib/python3.10/dist-packages:/home/agilex/agilex_ws/install/nav2_common/local/lib/python3.10/dist-packages /usr/bin/cmake --build /home/agilex/agilex_ws/build/nav2_rviz_plugins -- -j16 -l16
[3.758s] DEBUG:colcon.colcon_core.event_handler.log_command:Invoking command in '/home/agilex/agilex_ws/build/nav2_behavior_tree': AMENT_PREFIX_PATH=/home/agilex/agilex_ws/install/nav2_util:/home/agilex/agilex_ws/install/nav2_msgs:/home/agilex/agilex_ws/install/nav2_common CMAKE_PREFIX_PATH=/home/agilex/agilex_ws/install/nav2_util:/home/agilex/agilex_ws/install/nav2_msgs:/home/agilex/agilex_ws/install/nav2_common LD_LIBRARY_PATH=/home/agilex/agilex_ws/install/nav2_util/lib:/home/agilex/agilex_ws/install/nav2_msgs/lib PYTHONPATH=/home/agilex/agilex_ws/install/nav2_msgs/local/lib/python3.10/dist-packages:/home/agilex/agilex_ws/install/nav2_common/local/lib/python3.10/dist-packages /usr/bin/cmake --install /home/agilex/agilex_ws/build/nav2_behavior_tree
[3.764s] DEBUG:colcon.colcon_core.event_handler.log_command:Invoking command in '/home/agilex/agilex_ws/build/nav2_costmap_2d': AMENT_PREFIX_PATH=/home/agilex/agilex_ws/install/nav2_map_server:/home/agilex/agilex_ws/install/nav2_lifecycle_manager:/home/agilex/agilex_ws/install/nav2_util:/home/agilex/agilex_ws/install/nav2_voxel_grid:/home/agilex/agilex_ws/install/nav2_msgs:/home/agilex/agilex_ws/install/nav2_common CMAKE_PREFIX_PATH=/home/agilex/agilex_ws/install/nav2_map_server:/home/agilex/agilex_ws/install/nav2_lifecycle_manager:/home/agilex/agilex_ws/install/nav2_util:/home/agilex/agilex_ws/install/nav2_voxel_grid:/home/agilex/agilex_ws/install/nav2_msgs:/home/agilex/agilex_ws/install/nav2_common LD_LIBRARY_PATH=/home/agilex/agilex_ws/install/nav2_map_server/lib:/home/agilex/agilex_ws/install/nav2_lifecycle_manager/lib:/home/agilex/agilex_ws/install/nav2_util/lib:/home/agilex/agilex_ws/install/nav2_voxel_grid/lib:/home/agilex/agilex_ws/install/nav2_msgs/lib PYTHONPATH=/home/agilex/agilex_ws/install/nav2_msgs/local/lib/python3.10/dist-packages:/home/agilex/agilex_ws/install/nav2_common/local/lib/python3.10/dist-packages /usr/bin/cmake --build /home/agilex/agilex_ws/build/nav2_costmap_2d -- -j16 -l16
[3.779s] Level 1:colcon.colcon_core.environment:create_environment_scripts_only(nav2_behavior_tree)
[3.781s] DEBUG:colcon.colcon_core.event_handler.log_command:Invoked command in '/home/agilex/agilex_ws/build/nav2_behavior_tree' returned '0': AMENT_PREFIX_PATH=/home/agilex/agilex_ws/install/nav2_util:/home/agilex/agilex_ws/install/nav2_msgs:/home/agilex/agilex_ws/install/nav2_common CMAKE_PREFIX_PATH=/home/agilex/agilex_ws/install/nav2_util:/home/agilex/agilex_ws/install/nav2_msgs:/home/agilex/agilex_ws/install/nav2_common LD_LIBRARY_PATH=/home/agilex/agilex_ws/install/nav2_util/lib:/home/agilex/agilex_ws/install/nav2_msgs/lib PYTHONPATH=/home/agilex/agilex_ws/install/nav2_msgs/local/lib/python3.10/dist-packages:/home/agilex/agilex_ws/install/nav2_common/local/lib/python3.10/dist-packages /usr/bin/cmake --install /home/agilex/agilex_ws/build/nav2_behavior_tree
[3.789s] Level 1:colcon.colcon_core.environment:checking '/home/agilex/agilex_ws/install/nav2_behavior_tree' for CMake module files
[3.790s] Level 1:colcon.colcon_core.environment:checking '/home/agilex/agilex_ws/install/nav2_behavior_tree' for CMake config files
[3.790s] Level 1:colcon.colcon_core.shell:create_environment_hook('nav2_behavior_tree', 'cmake_prefix_path')
[3.798s] INFO:colcon.colcon_core.shell:Creating environment hook '/home/agilex/agilex_ws/install/nav2_behavior_tree/share/nav2_behavior_tree/hook/cmake_prefix_path.ps1'
[3.798s] INFO:colcon.colcon_core.shell:Creating environment descriptor '/home/agilex/agilex_ws/install/nav2_behavior_tree/share/nav2_behavior_tree/hook/cmake_prefix_path.dsv'
[3.799s] INFO:colcon.colcon_core.shell:Creating environment hook '/home/agilex/agilex_ws/install/nav2_behavior_tree/share/nav2_behavior_tree/hook/cmake_prefix_path.sh'
[3.799s] Level 1:colcon.colcon_core.environment:checking '/home/agilex/agilex_ws/install/nav2_behavior_tree/lib'
[3.800s] Level 1:colcon.colcon_core.shell:create_environment_hook('nav2_behavior_tree', 'ld_library_path_lib')
[3.808s] INFO:colcon.colcon_core.shell:Creating environment hook '/home/agilex/agilex_ws/install/nav2_behavior_tree/share/nav2_behavior_tree/hook/ld_library_path_lib.ps1'
[3.808s] INFO:colcon.colcon_core.shell:Creating environment descriptor '/home/agilex/agilex_ws/install/nav2_behavior_tree/share/nav2_behavior_tree/hook/ld_library_path_lib.dsv'
[3.808s] INFO:colcon.colcon_core.shell:Creating environment hook '/home/agilex/agilex_ws/install/nav2_behavior_tree/share/nav2_behavior_tree/hook/ld_library_path_lib.sh'
[3.809s] Level 1:colcon.colcon_core.environment:checking '/home/agilex/agilex_ws/install/nav2_behavior_tree/bin'
[3.809s] Level 1:colcon.colcon_core.environment:checking '/home/agilex/agilex_ws/install/nav2_behavior_tree/lib/pkgconfig/nav2_behavior_tree.pc'
[3.809s] Level 1:colcon.colcon_core.environment:checking '/home/agilex/agilex_ws/install/nav2_behavior_tree/lib/python3.10/site-packages'
[3.809s] Level 1:colcon.colcon_core.environment:checking '/home/agilex/agilex_ws/install/nav2_behavior_tree/bin'
[3.817s] INFO:colcon.colcon_core.shell:Creating package script '/home/agilex/agilex_ws/install/nav2_behavior_tree/share/nav2_behavior_tree/package.ps1'
[3.817s] INFO:colcon.colcon_core.shell:Creating package descriptor '/home/agilex/agilex_ws/install/nav2_behavior_tree/share/nav2_behavior_tree/package.dsv'
[3.818s] INFO:colcon.colcon_core.shell:Creating package script '/home/agilex/agilex_ws/install/nav2_behavior_tree/share/nav2_behavior_tree/package.sh'
[3.819s] INFO:colcon.colcon_core.shell:Creating package script '/home/agilex/agilex_ws/install/nav2_behavior_tree/share/nav2_behavior_tree/package.bash'
[3.819s] INFO:colcon.colcon_core.shell:Creating package script '/home/agilex/agilex_ws/install/nav2_behavior_tree/share/nav2_behavior_tree/package.zsh'
[3.819s] Level 1:colcon.colcon_core.environment:create_file_with_runtime_dependencies(/home/agilex/agilex_ws/install/nav2_behavior_tree/share/colcon-core/packages/nav2_behavior_tree)
[3.847s] DEBUG:colcon.colcon_core.event_handler.log_command:Invoked command in '/home/agilex/agilex_ws/build/nav2_rviz_plugins' returned '0': AMENT_PREFIX_PATH=/home/agilex/agilex_ws/install/nav2_lifecycle_manager:/home/agilex/agilex_ws/install/nav2_util:/home/agilex/agilex_ws/install/nav2_msgs:/home/agilex/agilex_ws/install/nav2_common CMAKE_PREFIX_PATH=/home/agilex/agilex_ws/install/nav2_lifecycle_manager:/home/agilex/agilex_ws/install/nav2_util:/home/agilex/agilex_ws/install/nav2_msgs:/home/agilex/agilex_ws/install/nav2_common LD_LIBRARY_PATH=/home/agilex/agilex_ws/install/nav2_lifecycle_manager/lib:/home/agilex/agilex_ws/install/nav2_util/lib:/home/agilex/agilex_ws/install/nav2_msgs/lib PYTHONPATH=/home/agilex/agilex_ws/install/nav2_msgs/local/lib/python3.10/dist-packages:/home/agilex/agilex_ws/install/nav2_common/local/lib/python3.10/dist-packages /usr/bin/cmake --build /home/agilex/agilex_ws/build/nav2_rviz_plugins -- -j16 -l16
[3.873s] DEBUG:colcon.colcon_core.event_handler.log_command:Invoking command in '/home/agilex/agilex_ws/build/nav2_rviz_plugins': AMENT_PREFIX_PATH=/home/agilex/agilex_ws/install/nav2_lifecycle_manager:/home/agilex/agilex_ws/install/nav2_util:/home/agilex/agilex_ws/install/nav2_msgs:/home/agilex/agilex_ws/install/nav2_common CMAKE_PREFIX_PATH=/home/agilex/agilex_ws/install/nav2_lifecycle_manager:/home/agilex/agilex_ws/install/nav2_util:/home/agilex/agilex_ws/install/nav2_msgs:/home/agilex/agilex_ws/install/nav2_common LD_LIBRARY_PATH=/home/agilex/agilex_ws/install/nav2_lifecycle_manager/lib:/home/agilex/agilex_ws/install/nav2_util/lib:/home/agilex/agilex_ws/install/nav2_msgs/lib PYTHONPATH=/home/agilex/agilex_ws/install/nav2_msgs/local/lib/python3.10/dist-packages:/home/agilex/agilex_ws/install/nav2_common/local/lib/python3.10/dist-packages /usr/bin/cmake --install /home/agilex/agilex_ws/build/nav2_rviz_plugins
[3.883s] Level 1:colcon.colcon_core.environment:create_environment_scripts_only(nav2_rviz_plugins)
[3.885s] DEBUG:colcon.colcon_core.event_handler.log_command:Invoked command in '/home/agilex/agilex_ws/build/nav2_rviz_plugins' returned '0': AMENT_PREFIX_PATH=/home/agilex/agilex_ws/install/nav2_lifecycle_manager:/home/agilex/agilex_ws/install/nav2_util:/home/agilex/agilex_ws/install/nav2_msgs:/home/agilex/agilex_ws/install/nav2_common CMAKE_PREFIX_PATH=/home/agilex/agilex_ws/install/nav2_lifecycle_manager:/home/agilex/agilex_ws/install/nav2_util:/home/agilex/agilex_ws/install/nav2_msgs:/home/agilex/agilex_ws/install/nav2_common LD_LIBRARY_PATH=/home/agilex/agilex_ws/install/nav2_lifecycle_manager/lib:/home/agilex/agilex_ws/install/nav2_util/lib:/home/agilex/agilex_ws/install/nav2_msgs/lib PYTHONPATH=/home/agilex/agilex_ws/install/nav2_msgs/local/lib/python3.10/dist-packages:/home/agilex/agilex_ws/install/nav2_common/local/lib/python3.10/dist-packages /usr/bin/cmake --install /home/agilex/agilex_ws/build/nav2_rviz_plugins
[3.891s] Level 1:colcon.colcon_core.environment:checking '/home/agilex/agilex_ws/install/nav2_rviz_plugins' for CMake module files
[3.892s] Level 1:colcon.colcon_core.environment:checking '/home/agilex/agilex_ws/install/nav2_rviz_plugins' for CMake config files
[3.892s] Level 1:colcon.colcon_core.shell:create_environment_hook('nav2_rviz_plugins', 'cmake_prefix_path')
[3.895s] INFO:colcon.colcon_core.shell:Creating environment hook '/home/agilex/agilex_ws/install/nav2_rviz_plugins/share/nav2_rviz_plugins/hook/cmake_prefix_path.ps1'
[3.895s] INFO:colcon.colcon_core.shell:Creating environment descriptor '/home/agilex/agilex_ws/install/nav2_rviz_plugins/share/nav2_rviz_plugins/hook/cmake_prefix_path.dsv'
[3.896s] INFO:colcon.colcon_core.shell:Creating environment hook '/home/agilex/agilex_ws/install/nav2_rviz_plugins/share/nav2_rviz_plugins/hook/cmake_prefix_path.sh'
[3.896s] Level 1:colcon.colcon_core.environment:checking '/home/agilex/agilex_ws/install/nav2_rviz_plugins/lib'
[3.896s] Level 1:colcon.colcon_core.shell:create_environment_hook('nav2_rviz_plugins', 'ld_library_path_lib')
[3.900s] INFO:colcon.colcon_core.shell:Creating environment hook '/home/agilex/agilex_ws/install/nav2_rviz_plugins/share/nav2_rviz_plugins/hook/ld_library_path_lib.ps1'
[3.900s] INFO:colcon.colcon_core.shell:Creating environment descriptor '/home/agilex/agilex_ws/install/nav2_rviz_plugins/share/nav2_rviz_plugins/hook/ld_library_path_lib.dsv'
[3.900s] INFO:colcon.colcon_core.shell:Creating environment hook '/home/agilex/agilex_ws/install/nav2_rviz_plugins/share/nav2_rviz_plugins/hook/ld_library_path_lib.sh'
[3.900s] Level 1:colcon.colcon_core.environment:checking '/home/agilex/agilex_ws/install/nav2_rviz_plugins/bin'
[3.900s] Level 1:colcon.colcon_core.environment:checking '/home/agilex/agilex_ws/install/nav2_rviz_plugins/lib/pkgconfig/nav2_rviz_plugins.pc'
[3.900s] Level 1:colcon.colcon_core.environment:checking '/home/agilex/agilex_ws/install/nav2_rviz_plugins/lib/python3.10/site-packages'
[3.901s] Level 1:colcon.colcon_core.environment:checking '/home/agilex/agilex_ws/install/nav2_rviz_plugins/bin'
[3.904s] INFO:colcon.colcon_core.shell:Creating package script '/home/agilex/agilex_ws/install/nav2_rviz_plugins/share/nav2_rviz_plugins/package.ps1'
[3.904s] INFO:colcon.colcon_core.shell:Creating package descriptor '/home/agilex/agilex_ws/install/nav2_rviz_plugins/share/nav2_rviz_plugins/package.dsv'
[3.904s] INFO:colcon.colcon_core.shell:Creating package script '/home/agilex/agilex_ws/install/nav2_rviz_plugins/share/nav2_rviz_plugins/package.sh'
[3.905s] INFO:colcon.colcon_core.shell:Creating package script '/home/agilex/agilex_ws/install/nav2_rviz_plugins/share/nav2_rviz_plugins/package.bash'
[3.905s] INFO:colcon.colcon_core.shell:Creating package script '/home/agilex/agilex_ws/install/nav2_rviz_plugins/share/nav2_rviz_plugins/package.zsh'
[3.905s] Level 1:colcon.colcon_core.environment:create_file_with_runtime_dependencies(/home/agilex/agilex_ws/install/nav2_rviz_plugins/share/colcon-core/packages/nav2_rviz_plugins)
[3.907s] DEBUG:colcon.colcon_core.event_handler.log_command:Invoked command in '/home/agilex/agilex_ws/build/nav2_costmap_2d' returned '0': AMENT_PREFIX_PATH=/home/agilex/agilex_ws/install/nav2_map_server:/home/agilex/agilex_ws/install/nav2_lifecycle_manager:/home/agilex/agilex_ws/install/nav2_util:/home/agilex/agilex_ws/install/nav2_voxel_grid:/home/agilex/agilex_ws/install/nav2_msgs:/home/agilex/agilex_ws/install/nav2_common CMAKE_PREFIX_PATH=/home/agilex/agilex_ws/install/nav2_map_server:/home/agilex/agilex_ws/install/nav2_lifecycle_manager:/home/agilex/agilex_ws/install/nav2_util:/home/agilex/agilex_ws/install/nav2_voxel_grid:/home/agilex/agilex_ws/install/nav2_msgs:/home/agilex/agilex_ws/install/nav2_common LD_LIBRARY_PATH=/home/agilex/agilex_ws/install/nav2_map_server/lib:/home/agilex/agilex_ws/install/nav2_lifecycle_manager/lib:/home/agilex/agilex_ws/install/nav2_util/lib:/home/agilex/agilex_ws/install/nav2_voxel_grid/lib:/home/agilex/agilex_ws/install/nav2_msgs/lib PYTHONPATH=/home/agilex/agilex_ws/install/nav2_msgs/local/lib/python3.10/dist-packages:/home/agilex/agilex_ws/install/nav2_common/local/lib/python3.10/dist-packages /usr/bin/cmake --build /home/agilex/agilex_ws/build/nav2_costmap_2d -- -j16 -l16
[3.932s] Level 1:colcon.colcon_core.environment:create_environment_scripts_only(nav2_rviz_plugins)
[3.935s] Level 1:colcon.colcon_core.environment:checking '/home/agilex/agilex_ws/install/nav2_rviz_plugins' for CMake module files
[3.936s] Level 1:colcon.colcon_core.environment:checking '/home/agilex/agilex_ws/install/nav2_rviz_plugins' for CMake config files
[3.936s] Level 1:colcon.colcon_core.shell:create_environment_hook('nav2_rviz_plugins', 'cmake_prefix_path')
[3.939s] INFO:colcon.colcon_core.shell:Creating environment hook '/home/agilex/agilex_ws/install/nav2_rviz_plugins/share/nav2_rviz_plugins/hook/cmake_prefix_path.ps1'
[3.940s] INFO:colcon.colcon_core.shell:Creating environment descriptor '/home/agilex/agilex_ws/install/nav2_rviz_plugins/share/nav2_rviz_plugins/hook/cmake_prefix_path.dsv'
[3.940s] INFO:colcon.colcon_core.shell:Creating environment hook '/home/agilex/agilex_ws/install/nav2_rviz_plugins/share/nav2_rviz_plugins/hook/cmake_prefix_path.sh'
[3.940s] Level 1:colcon.colcon_core.environment:checking '/home/agilex/agilex_ws/install/nav2_rviz_plugins/lib'
[3.940s] Level 1:colcon.colcon_core.shell:create_environment_hook('nav2_rviz_plugins', 'ld_library_path_lib')
[3.944s] INFO:colcon.colcon_core.shell:Creating environment hook '/home/agilex/agilex_ws/install/nav2_rviz_plugins/share/nav2_rviz_plugins/hook/ld_library_path_lib.ps1'
[3.944s] INFO:colcon.colcon_core.shell:Creating environment descriptor '/home/agilex/agilex_ws/install/nav2_rviz_plugins/share/nav2_rviz_plugins/hook/ld_library_path_lib.dsv'
[3.944s] INFO:colcon.colcon_core.shell:Creating environment hook '/home/agilex/agilex_ws/install/nav2_rviz_plugins/share/nav2_rviz_plugins/hook/ld_library_path_lib.sh'
[3.945s] Level 1:colcon.colcon_core.environment:checking '/home/agilex/agilex_ws/install/nav2_rviz_plugins/bin'
[3.945s] Level 1:colcon.colcon_core.environment:checking '/home/agilex/agilex_ws/install/nav2_rviz_plugins/lib/pkgconfig/nav2_rviz_plugins.pc'
[3.945s] Level 1:colcon.colcon_core.environment:checking '/home/agilex/agilex_ws/install/nav2_rviz_plugins/lib/python3.10/site-packages'
[3.945s] Level 1:colcon.colcon_core.environment:checking '/home/agilex/agilex_ws/install/nav2_rviz_plugins/bin'
[3.948s] INFO:colcon.colcon_core.shell:Creating package script '/home/agilex/agilex_ws/install/nav2_rviz_plugins/share/nav2_rviz_plugins/package.ps1'
[3.949s] INFO:colcon.colcon_core.shell:Creating package descriptor '/home/agilex/agilex_ws/install/nav2_rviz_plugins/share/nav2_rviz_plugins/package.dsv'
[3.949s] INFO:colcon.colcon_core.shell:Creating package script '/home/agilex/agilex_ws/install/nav2_rviz_plugins/share/nav2_rviz_plugins/package.sh'
[3.949s] INFO:colcon.colcon_core.shell:Creating package script '/home/agilex/agilex_ws/install/nav2_rviz_plugins/share/nav2_rviz_plugins/package.bash'
[3.949s] INFO:colcon.colcon_core.shell:Creating package script '/home/agilex/agilex_ws/install/nav2_rviz_plugins/share/nav2_rviz_plugins/package.zsh'
[3.949s] Level 1:colcon.colcon_core.environment:create_file_with_runtime_dependencies(/home/agilex/agilex_ws/install/nav2_rviz_plugins/share/colcon-core/packages/nav2_rviz_plugins)
[3.956s] Level 1:colcon.colcon_core.environment:create_environment_scripts_only(nav2_behavior_tree)
[3.959s] Level 1:colcon.colcon_core.environment:checking '/home/agilex/agilex_ws/install/nav2_behavior_tree' for CMake module files
[3.959s] Level 1:colcon.colcon_core.environment:checking '/home/agilex/agilex_ws/install/nav2_behavior_tree' for CMake config files
[3.959s] Level 1:colcon.colcon_core.shell:create_environment_hook('nav2_behavior_tree', 'cmake_prefix_path')
[3.963s] INFO:colcon.colcon_core.shell:Creating environment hook '/home/agilex/agilex_ws/install/nav2_behavior_tree/share/nav2_behavior_tree/hook/cmake_prefix_path.ps1'
[3.963s] INFO:colcon.colcon_core.shell:Creating environment descriptor '/home/agilex/agilex_ws/install/nav2_behavior_tree/share/nav2_behavior_tree/hook/cmake_prefix_path.dsv'
[3.963s] INFO:colcon.colcon_core.shell:Creating environment hook '/home/agilex/agilex_ws/install/nav2_behavior_tree/share/nav2_behavior_tree/hook/cmake_prefix_path.sh'
[3.964s] Level 1:colcon.colcon_core.environment:checking '/home/agilex/agilex_ws/install/nav2_behavior_tree/lib'
[3.964s] Level 1:colcon.colcon_core.shell:create_environment_hook('nav2_behavior_tree', 'ld_library_path_lib')
[3.968s] INFO:colcon.colcon_core.shell:Creating environment hook '/home/agilex/agilex_ws/install/nav2_behavior_tree/share/nav2_behavior_tree/hook/ld_library_path_lib.ps1'
[3.968s] INFO:colcon.colcon_core.shell:Creating environment descriptor '/home/agilex/agilex_ws/install/nav2_behavior_tree/share/nav2_behavior_tree/hook/ld_library_path_lib.dsv'
[3.968s] INFO:colcon.colcon_core.shell:Creating environment hook '/home/agilex/agilex_ws/install/nav2_behavior_tree/share/nav2_behavior_tree/hook/ld_library_path_lib.sh'
[3.968s] Level 1:colcon.colcon_core.environment:checking '/home/agilex/agilex_ws/install/nav2_behavior_tree/bin'
[3.968s] Level 1:colcon.colcon_core.environment:checking '/home/agilex/agilex_ws/install/nav2_behavior_tree/lib/pkgconfig/nav2_behavior_tree.pc'
[3.968s] Level 1:colcon.colcon_core.environment:checking '/home/agilex/agilex_ws/install/nav2_behavior_tree/lib/python3.10/site-packages'
[3.968s] Level 1:colcon.colcon_core.environment:checking '/home/agilex/agilex_ws/install/nav2_behavior_tree/bin'
[3.972s] INFO:colcon.colcon_core.shell:Creating package script '/home/agilex/agilex_ws/install/nav2_behavior_tree/share/nav2_behavior_tree/package.ps1'
[3.972s] INFO:colcon.colcon_core.shell:Creating package descriptor '/home/agilex/agilex_ws/install/nav2_behavior_tree/share/nav2_behavior_tree/package.dsv'
[3.972s] INFO:colcon.colcon_core.shell:Creating package script '/home/agilex/agilex_ws/install/nav2_behavior_tree/share/nav2_behavior_tree/package.sh'
[3.972s] INFO:colcon.colcon_core.shell:Creating package script '/home/agilex/agilex_ws/install/nav2_behavior_tree/share/nav2_behavior_tree/package.bash'
[3.973s] INFO:colcon.colcon_core.shell:Creating package script '/home/agilex/agilex_ws/install/nav2_behavior_tree/share/nav2_behavior_tree/package.zsh'
[3.973s] Level 1:colcon.colcon_core.environment:create_file_with_runtime_dependencies(/home/agilex/agilex_ws/install/nav2_behavior_tree/share/colcon-core/packages/nav2_behavior_tree)
[3.975s] DEBUG:colcon.colcon_core.event_handler.log_command:Invoking command in '/home/agilex/agilex_ws/build/nav2_costmap_2d': AMENT_PREFIX_PATH=/home/agilex/agilex_ws/install/nav2_map_server:/home/agilex/agilex_ws/install/nav2_lifecycle_manager:/home/agilex/agilex_ws/install/nav2_util:/home/agilex/agilex_ws/install/nav2_voxel_grid:/home/agilex/agilex_ws/install/nav2_msgs:/home/agilex/agilex_ws/install/nav2_common CMAKE_PREFIX_PATH=/home/agilex/agilex_ws/install/nav2_map_server:/home/agilex/agilex_ws/install/nav2_lifecycle_manager:/home/agilex/agilex_ws/install/nav2_util:/home/agilex/agilex_ws/install/nav2_voxel_grid:/home/agilex/agilex_ws/install/nav2_msgs:/home/agilex/agilex_ws/install/nav2_common LD_LIBRARY_PATH=/home/agilex/agilex_ws/install/nav2_map_server/lib:/home/agilex/agilex_ws/install/nav2_lifecycle_manager/lib:/home/agilex/agilex_ws/install/nav2_util/lib:/home/agilex/agilex_ws/install/nav2_voxel_grid/lib:/home/agilex/agilex_ws/install/nav2_msgs/lib PYTHONPATH=/home/agilex/agilex_ws/install/nav2_msgs/local/lib/python3.10/dist-packages:/home/agilex/agilex_ws/install/nav2_common/local/lib/python3.10/dist-packages /usr/bin/cmake --install /home/agilex/agilex_ws/build/nav2_costmap_2d
[3.983s] Level 1:colcon.colcon_core.environment:create_environment_scripts_only(nav2_costmap_2d)
[3.983s] DEBUG:colcon.colcon_core.event_handler.log_command:Invoked command in '/home/agilex/agilex_ws/build/nav2_costmap_2d' returned '0': AMENT_PREFIX_PATH=/home/agilex/agilex_ws/install/nav2_map_server:/home/agilex/agilex_ws/install/nav2_lifecycle_manager:/home/agilex/agilex_ws/install/nav2_util:/home/agilex/agilex_ws/install/nav2_voxel_grid:/home/agilex/agilex_ws/install/nav2_msgs:/home/agilex/agilex_ws/install/nav2_common CMAKE_PREFIX_PATH=/home/agilex/agilex_ws/install/nav2_map_server:/home/agilex/agilex_ws/install/nav2_lifecycle_manager:/home/agilex/agilex_ws/install/nav2_util:/home/agilex/agilex_ws/install/nav2_voxel_grid:/home/agilex/agilex_ws/install/nav2_msgs:/home/agilex/agilex_ws/install/nav2_common LD_LIBRARY_PATH=/home/agilex/agilex_ws/install/nav2_map_server/lib:/home/agilex/agilex_ws/install/nav2_lifecycle_manager/lib:/home/agilex/agilex_ws/install/nav2_util/lib:/home/agilex/agilex_ws/install/nav2_voxel_grid/lib:/home/agilex/agilex_ws/install/nav2_msgs/lib PYTHONPATH=/home/agilex/agilex_ws/install/nav2_msgs/local/lib/python3.10/dist-packages:/home/agilex/agilex_ws/install/nav2_common/local/lib/python3.10/dist-packages /usr/bin/cmake --install /home/agilex/agilex_ws/build/nav2_costmap_2d
[3.987s] Level 1:colcon.colcon_core.environment:checking '/home/agilex/agilex_ws/install/nav2_costmap_2d' for CMake module files
[3.987s] Level 1:colcon.colcon_core.environment:checking '/home/agilex/agilex_ws/install/nav2_costmap_2d' for CMake config files
[3.987s] Level 1:colcon.colcon_core.shell:create_environment_hook('nav2_costmap_2d', 'cmake_prefix_path')
[3.991s] INFO:colcon.colcon_core.shell:Creating environment hook '/home/agilex/agilex_ws/install/nav2_costmap_2d/share/nav2_costmap_2d/hook/cmake_prefix_path.ps1'
[3.991s] INFO:colcon.colcon_core.shell:Creating environment descriptor '/home/agilex/agilex_ws/install/nav2_costmap_2d/share/nav2_costmap_2d/hook/cmake_prefix_path.dsv'
[3.991s] INFO:colcon.colcon_core.shell:Creating environment hook '/home/agilex/agilex_ws/install/nav2_costmap_2d/share/nav2_costmap_2d/hook/cmake_prefix_path.sh'
[3.991s] Level 1:colcon.colcon_core.environment:checking '/home/agilex/agilex_ws/install/nav2_costmap_2d/lib'
[3.991s] Level 1:colcon.colcon_core.shell:create_environment_hook('nav2_costmap_2d', 'ld_library_path_lib')
[3.995s] INFO:colcon.colcon_core.shell:Creating environment hook '/home/agilex/agilex_ws/install/nav2_costmap_2d/share/nav2_costmap_2d/hook/ld_library_path_lib.ps1'
[3.995s] INFO:colcon.colcon_core.shell:Creating environment descriptor '/home/agilex/agilex_ws/install/nav2_costmap_2d/share/nav2_costmap_2d/hook/ld_library_path_lib.dsv'
[3.995s] INFO:colcon.colcon_core.shell:Creating environment hook '/home/agilex/agilex_ws/install/nav2_costmap_2d/share/nav2_costmap_2d/hook/ld_library_path_lib.sh'
[3.995s] Level 1:colcon.colcon_core.environment:checking '/home/agilex/agilex_ws/install/nav2_costmap_2d/bin'
[3.995s] Level 1:colcon.colcon_core.environment:checking '/home/agilex/agilex_ws/install/nav2_costmap_2d/lib/pkgconfig/nav2_costmap_2d.pc'
[3.995s] Level 1:colcon.colcon_core.environment:checking '/home/agilex/agilex_ws/install/nav2_costmap_2d/lib/python3.10/site-packages'
[3.995s] Level 1:colcon.colcon_core.environment:checking '/home/agilex/agilex_ws/install/nav2_costmap_2d/bin'
[3.999s] INFO:colcon.colcon_core.shell:Creating package script '/home/agilex/agilex_ws/install/nav2_costmap_2d/share/nav2_costmap_2d/package.ps1'
[3.999s] INFO:colcon.colcon_core.shell:Creating package descriptor '/home/agilex/agilex_ws/install/nav2_costmap_2d/share/nav2_costmap_2d/package.dsv'
[3.999s] INFO:colcon.colcon_core.shell:Creating package script '/home/agilex/agilex_ws/install/nav2_costmap_2d/share/nav2_costmap_2d/package.sh'
[4.000s] INFO:colcon.colcon_core.shell:Creating package script '/home/agilex/agilex_ws/install/nav2_costmap_2d/share/nav2_costmap_2d/package.bash'
[4.000s] INFO:colcon.colcon_core.shell:Creating package script '/home/agilex/agilex_ws/install/nav2_costmap_2d/share/nav2_costmap_2d/package.zsh'
[4.000s] Level 1:colcon.colcon_core.environment:create_file_with_runtime_dependencies(/home/agilex/agilex_ws/install/nav2_costmap_2d/share/colcon-core/packages/nav2_costmap_2d)
[4.062s] Level 1:colcon.colcon_core.environment:create_environment_scripts_only(nav2_costmap_2d)
[4.065s] Level 1:colcon.colcon_core.environment:checking '/home/agilex/agilex_ws/install/nav2_costmap_2d' for CMake module files
[4.066s] Level 1:colcon.colcon_core.environment:checking '/home/agilex/agilex_ws/install/nav2_costmap_2d' for CMake config files
[4.066s] Level 1:colcon.colcon_core.shell:create_environment_hook('nav2_costmap_2d', 'cmake_prefix_path')
[4.069s] INFO:colcon.colcon_core.shell:Creating environment hook '/home/agilex/agilex_ws/install/nav2_costmap_2d/share/nav2_costmap_2d/hook/cmake_prefix_path.ps1'
[4.069s] INFO:colcon.colcon_core.shell:Creating environment descriptor '/home/agilex/agilex_ws/install/nav2_costmap_2d/share/nav2_costmap_2d/hook/cmake_prefix_path.dsv'
[4.070s] INFO:colcon.colcon_core.shell:Creating environment hook '/home/agilex/agilex_ws/install/nav2_costmap_2d/share/nav2_costmap_2d/hook/cmake_prefix_path.sh'
[4.070s] Level 1:colcon.colcon_core.environment:checking '/home/agilex/agilex_ws/install/nav2_costmap_2d/lib'
[4.070s] Level 1:colcon.colcon_core.shell:create_environment_hook('nav2_costmap_2d', 'ld_library_path_lib')
[4.073s] INFO:colcon.colcon_core.shell:Creating environment hook '/home/agilex/agilex_ws/install/nav2_costmap_2d/share/nav2_costmap_2d/hook/ld_library_path_lib.ps1'
[4.073s] INFO:colcon.colcon_core.shell:Creating environment descriptor '/home/agilex/agilex_ws/install/nav2_costmap_2d/share/nav2_costmap_2d/hook/ld_library_path_lib.dsv'
[4.073s] INFO:colcon.colcon_core.shell:Creating environment hook '/home/agilex/agilex_ws/install/nav2_costmap_2d/share/nav2_costmap_2d/hook/ld_library_path_lib.sh'
[4.074s] Level 1:colcon.colcon_core.environment:checking '/home/agilex/agilex_ws/install/nav2_costmap_2d/bin'
[4.074s] Level 1:colcon.colcon_core.environment:checking '/home/agilex/agilex_ws/install/nav2_costmap_2d/lib/pkgconfig/nav2_costmap_2d.pc'
[4.074s] Level 1:colcon.colcon_core.environment:checking '/home/agilex/agilex_ws/install/nav2_costmap_2d/lib/python3.10/site-packages'
[4.074s] Level 1:colcon.colcon_core.environment:checking '/home/agilex/agilex_ws/install/nav2_costmap_2d/bin'
[4.077s] INFO:colcon.colcon_core.shell:Creating package script '/home/agilex/agilex_ws/install/nav2_costmap_2d/share/nav2_costmap_2d/package.ps1'
[4.077s] INFO:colcon.colcon_core.shell:Creating package descriptor '/home/agilex/agilex_ws/install/nav2_costmap_2d/share/nav2_costmap_2d/package.dsv'
[4.077s] INFO:colcon.colcon_core.shell:Creating package script '/home/agilex/agilex_ws/install/nav2_costmap_2d/share/nav2_costmap_2d/package.sh'
[4.077s] INFO:colcon.colcon_core.shell:Creating package script '/home/agilex/agilex_ws/install/nav2_costmap_2d/share/nav2_costmap_2d/package.bash'
[4.078s] INFO:colcon.colcon_core.shell:Creating package script '/home/agilex/agilex_ws/install/nav2_costmap_2d/share/nav2_costmap_2d/package.zsh'
[4.078s] Level 1:colcon.colcon_core.environment:create_file_with_runtime_dependencies(/home/agilex/agilex_ws/install/nav2_costmap_2d/share/colcon-core/packages/nav2_costmap_2d)
[4.078s] INFO:colcon.colcon_ros.task.ament_cmake.build:Building ROS package in '/home/agilex/agilex_ws/src/navigation2/nav2_core' with build type 'ament_cmake'
[4.078s] INFO:colcon.colcon_cmake.task.cmake.build:Building CMake package in '/home/agilex/agilex_ws/src/navigation2/nav2_core'
[4.082s] INFO:colcon.colcon_core.shell:Skip shell extension 'powershell' for command environment: Not usable outside of PowerShell
[4.082s] DEBUG:colcon.colcon_core.shell:Skip shell extension 'dsv' for command environment
[4.086s] INFO:colcon.colcon_ros.task.ament_cmake.build:Building ROS package in '/home/agilex/agilex_ws/src/navigation2/nav2_dwb_controller/costmap_queue' with build type 'ament_cmake'
[4.086s] INFO:colcon.colcon_cmake.task.cmake.build:Building CMake package in '/home/agilex/agilex_ws/src/navigation2/nav2_dwb_controller/costmap_queue'
[4.090s] INFO:colcon.colcon_core.shell:Skip shell extension 'powershell' for command environment: Not usable outside of PowerShell
[4.090s] DEBUG:colcon.colcon_core.shell:Skip shell extension 'dsv' for command environment
[4.093s] INFO:colcon.colcon_ros.task.ament_cmake.build:Building ROS package in '/home/agilex/agilex_ws/src/costmap_converter/costmap_converter' with build type 'ament_cmake'
[4.093s] INFO:colcon.colcon_cmake.task.cmake.build:Building CMake package in '/home/agilex/agilex_ws/src/costmap_converter/costmap_converter'
[4.096s] INFO:colcon.colcon_core.shell:Skip shell extension 'powershell' for command environment: Not usable outside of PowerShell
[4.096s] DEBUG:colcon.colcon_core.shell:Skip shell extension 'dsv' for command environment
[4.104s] DEBUG:colcon.colcon_core.event_handler.log_command:Invoking command in '/home/agilex/agilex_ws/build/nav2_core': AMENT_PREFIX_PATH=/home/agilex/agilex_ws/install/nav2_costmap_2d:/home/agilex/agilex_ws/install/nav2_util:/home/agilex/agilex_ws/install/nav2_voxel_grid:/home/agilex/agilex_ws/install/nav2_msgs:/home/agilex/agilex_ws/install/nav2_common CMAKE_PREFIX_PATH=/home/agilex/agilex_ws/install/nav2_costmap_2d:/home/agilex/agilex_ws/install/nav2_util:/home/agilex/agilex_ws/install/nav2_voxel_grid:/home/agilex/agilex_ws/install/nav2_msgs:/home/agilex/agilex_ws/install/nav2_common LD_LIBRARY_PATH=/home/agilex/agilex_ws/install/nav2_costmap_2d/lib:/home/agilex/agilex_ws/install/nav2_util/lib:/home/agilex/agilex_ws/install/nav2_voxel_grid/lib:/home/agilex/agilex_ws/install/nav2_msgs/lib PYTHONPATH=/home/agilex/agilex_ws/install/nav2_msgs/local/lib/python3.10/dist-packages:/home/agilex/agilex_ws/install/nav2_common/local/lib/python3.10/dist-packages /usr/bin/cmake --build /home/agilex/agilex_ws/build/nav2_core -- -j16 -l16
[4.105s] DEBUG:colcon.colcon_core.event_handler.log_command:Invoking command in '/home/agilex/agilex_ws/build/costmap_queue': AMENT_PREFIX_PATH=/home/agilex/agilex_ws/install/nav2_costmap_2d:/home/agilex/agilex_ws/install/nav2_util:/home/agilex/agilex_ws/install/nav2_voxel_grid:/home/agilex/agilex_ws/install/nav2_msgs:/home/agilex/agilex_ws/install/nav2_common CMAKE_PREFIX_PATH=/home/agilex/agilex_ws/install/nav2_costmap_2d:/home/agilex/agilex_ws/install/nav2_util:/home/agilex/agilex_ws/install/nav2_voxel_grid:/home/agilex/agilex_ws/install/nav2_msgs:/home/agilex/agilex_ws/install/nav2_common LD_LIBRARY_PATH=/home/agilex/agilex_ws/install/nav2_costmap_2d/lib:/home/agilex/agilex_ws/install/nav2_util/lib:/home/agilex/agilex_ws/install/nav2_voxel_grid/lib:/home/agilex/agilex_ws/install/nav2_msgs/lib PYTHONPATH=/home/agilex/agilex_ws/install/nav2_msgs/local/lib/python3.10/dist-packages:/home/agilex/agilex_ws/install/nav2_common/local/lib/python3.10/dist-packages /usr/bin/cmake --build /home/agilex/agilex_ws/build/costmap_queue -- -j16 -l16
[4.112s] DEBUG:colcon.colcon_core.event_handler.log_command:Invoking command in '/home/agilex/agilex_ws/build/costmap_converter': AMENT_PREFIX_PATH=/home/agilex/agilex_ws/install/nav2_costmap_2d:/home/agilex/agilex_ws/install/nav2_util:/home/agilex/agilex_ws/install/nav2_voxel_grid:/home/agilex/agilex_ws/install/nav2_msgs:/home/agilex/agilex_ws/install/nav2_common:/home/agilex/agilex_ws/install/costmap_converter_msgs CMAKE_PREFIX_PATH=/home/agilex/agilex_ws/install/nav2_costmap_2d:/home/agilex/agilex_ws/install/nav2_util:/home/agilex/agilex_ws/install/nav2_voxel_grid:/home/agilex/agilex_ws/install/nav2_msgs:/home/agilex/agilex_ws/install/nav2_common:/home/agilex/agilex_ws/install/costmap_converter_msgs LD_LIBRARY_PATH=/home/agilex/agilex_ws/install/nav2_costmap_2d/lib:/home/agilex/agilex_ws/install/nav2_util/lib:/home/agilex/agilex_ws/install/nav2_voxel_grid/lib:/home/agilex/agilex_ws/install/nav2_msgs/lib:/home/agilex/agilex_ws/install/costmap_converter_msgs/lib PYTHONPATH=/home/agilex/agilex_ws/install/nav2_msgs/local/lib/python3.10/dist-packages:/home/agilex/agilex_ws/install/nav2_common/local/lib/python3.10/dist-packages:/home/agilex/agilex_ws/install/costmap_converter_msgs/local/lib/python3.10/dist-packages /usr/bin/cmake --build /home/agilex/agilex_ws/build/costmap_converter -- -j16 -l16
[4.134s] DEBUG:colcon.colcon_core.event_handler.log_command:Invoked command in '/home/agilex/agilex_ws/build/nav2_core' returned '0': AMENT_PREFIX_PATH=/home/agilex/agilex_ws/install/nav2_costmap_2d:/home/agilex/agilex_ws/install/nav2_util:/home/agilex/agilex_ws/install/nav2_voxel_grid:/home/agilex/agilex_ws/install/nav2_msgs:/home/agilex/agilex_ws/install/nav2_common CMAKE_PREFIX_PATH=/home/agilex/agilex_ws/install/nav2_costmap_2d:/home/agilex/agilex_ws/install/nav2_util:/home/agilex/agilex_ws/install/nav2_voxel_grid:/home/agilex/agilex_ws/install/nav2_msgs:/home/agilex/agilex_ws/install/nav2_common LD_LIBRARY_PATH=/home/agilex/agilex_ws/install/nav2_costmap_2d/lib:/home/agilex/agilex_ws/install/nav2_util/lib:/home/agilex/agilex_ws/install/nav2_voxel_grid/lib:/home/agilex/agilex_ws/install/nav2_msgs/lib PYTHONPATH=/home/agilex/agilex_ws/install/nav2_msgs/local/lib/python3.10/dist-packages:/home/agilex/agilex_ws/install/nav2_common/local/lib/python3.10/dist-packages /usr/bin/cmake --build /home/agilex/agilex_ws/build/nav2_core -- -j16 -l16
[4.152s] DEBUG:colcon.colcon_core.event_handler.log_command:Invoking command in '/home/agilex/agilex_ws/build/nav2_core': AMENT_PREFIX_PATH=/home/agilex/agilex_ws/install/nav2_costmap_2d:/home/agilex/agilex_ws/install/nav2_util:/home/agilex/agilex_ws/install/nav2_voxel_grid:/home/agilex/agilex_ws/install/nav2_msgs:/home/agilex/agilex_ws/install/nav2_common CMAKE_PREFIX_PATH=/home/agilex/agilex_ws/install/nav2_costmap_2d:/home/agilex/agilex_ws/install/nav2_util:/home/agilex/agilex_ws/install/nav2_voxel_grid:/home/agilex/agilex_ws/install/nav2_msgs:/home/agilex/agilex_ws/install/nav2_common LD_LIBRARY_PATH=/home/agilex/agilex_ws/install/nav2_costmap_2d/lib:/home/agilex/agilex_ws/install/nav2_util/lib:/home/agilex/agilex_ws/install/nav2_voxel_grid/lib:/home/agilex/agilex_ws/install/nav2_msgs/lib PYTHONPATH=/home/agilex/agilex_ws/install/nav2_msgs/local/lib/python3.10/dist-packages:/home/agilex/agilex_ws/install/nav2_common/local/lib/python3.10/dist-packages /usr/bin/cmake --install /home/agilex/agilex_ws/build/nav2_core
[4.160s] Level 1:colcon.colcon_core.environment:create_environment_scripts_only(nav2_core)
[4.160s] DEBUG:colcon.colcon_core.event_handler.log_command:Invoked command in '/home/agilex/agilex_ws/build/nav2_core' returned '0': AMENT_PREFIX_PATH=/home/agilex/agilex_ws/install/nav2_costmap_2d:/home/agilex/agilex_ws/install/nav2_util:/home/agilex/agilex_ws/install/nav2_voxel_grid:/home/agilex/agilex_ws/install/nav2_msgs:/home/agilex/agilex_ws/install/nav2_common CMAKE_PREFIX_PATH=/home/agilex/agilex_ws/install/nav2_costmap_2d:/home/agilex/agilex_ws/install/nav2_util:/home/agilex/agilex_ws/install/nav2_voxel_grid:/home/agilex/agilex_ws/install/nav2_msgs:/home/agilex/agilex_ws/install/nav2_common LD_LIBRARY_PATH=/home/agilex/agilex_ws/install/nav2_costmap_2d/lib:/home/agilex/agilex_ws/install/nav2_util/lib:/home/agilex/agilex_ws/install/nav2_voxel_grid/lib:/home/agilex/agilex_ws/install/nav2_msgs/lib PYTHONPATH=/home/agilex/agilex_ws/install/nav2_msgs/local/lib/python3.10/dist-packages:/home/agilex/agilex_ws/install/nav2_common/local/lib/python3.10/dist-packages /usr/bin/cmake --install /home/agilex/agilex_ws/build/nav2_core
[4.165s] Level 1:colcon.colcon_core.environment:checking '/home/agilex/agilex_ws/install/nav2_core' for CMake module files
[4.165s] Level 1:colcon.colcon_core.environment:checking '/home/agilex/agilex_ws/install/nav2_core' for CMake config files
[4.165s] Level 1:colcon.colcon_core.shell:create_environment_hook('nav2_core', 'cmake_prefix_path')
[4.170s] INFO:colcon.colcon_core.shell:Creating environment hook '/home/agilex/agilex_ws/install/nav2_core/share/nav2_core/hook/cmake_prefix_path.ps1'
[4.170s] INFO:colcon.colcon_core.shell:Creating environment descriptor '/home/agilex/agilex_ws/install/nav2_core/share/nav2_core/hook/cmake_prefix_path.dsv'
[4.170s] INFO:colcon.colcon_core.shell:Creating environment hook '/home/agilex/agilex_ws/install/nav2_core/share/nav2_core/hook/cmake_prefix_path.sh'
[4.171s] Level 1:colcon.colcon_core.environment:checking '/home/agilex/agilex_ws/install/nav2_core/bin'
[4.171s] Level 1:colcon.colcon_core.environment:checking '/home/agilex/agilex_ws/install/nav2_core/lib/pkgconfig/nav2_core.pc'
[4.171s] Level 1:colcon.colcon_core.environment:checking '/home/agilex/agilex_ws/install/nav2_core/lib/python3.10/site-packages'
[4.171s] Level 1:colcon.colcon_core.environment:checking '/home/agilex/agilex_ws/install/nav2_core/bin'
[4.176s] INFO:colcon.colcon_core.shell:Creating package script '/home/agilex/agilex_ws/install/nav2_core/share/nav2_core/package.ps1'
[4.176s] INFO:colcon.colcon_core.shell:Creating package descriptor '/home/agilex/agilex_ws/install/nav2_core/share/nav2_core/package.dsv'
[4.176s] INFO:colcon.colcon_core.shell:Creating package script '/home/agilex/agilex_ws/install/nav2_core/share/nav2_core/package.sh'
[4.176s] INFO:colcon.colcon_core.shell:Creating package script '/home/agilex/agilex_ws/install/nav2_core/share/nav2_core/package.bash'
[4.177s] INFO:colcon.colcon_core.shell:Creating package script '/home/agilex/agilex_ws/install/nav2_core/share/nav2_core/package.zsh'
[4.177s] Level 1:colcon.colcon_core.environment:create_file_with_runtime_dependencies(/home/agilex/agilex_ws/install/nav2_core/share/colcon-core/packages/nav2_core)
[4.178s] DEBUG:colcon.colcon_core.event_handler.log_command:Invoked command in '/home/agilex/agilex_ws/build/costmap_queue' returned '0': AMENT_PREFIX_PATH=/home/agilex/agilex_ws/install/nav2_costmap_2d:/home/agilex/agilex_ws/install/nav2_util:/home/agilex/agilex_ws/install/nav2_voxel_grid:/home/agilex/agilex_ws/install/nav2_msgs:/home/agilex/agilex_ws/install/nav2_common CMAKE_PREFIX_PATH=/home/agilex/agilex_ws/install/nav2_costmap_2d:/home/agilex/agilex_ws/install/nav2_util:/home/agilex/agilex_ws/install/nav2_voxel_grid:/home/agilex/agilex_ws/install/nav2_msgs:/home/agilex/agilex_ws/install/nav2_common LD_LIBRARY_PATH=/home/agilex/agilex_ws/install/nav2_costmap_2d/lib:/home/agilex/agilex_ws/install/nav2_util/lib:/home/agilex/agilex_ws/install/nav2_voxel_grid/lib:/home/agilex/agilex_ws/install/nav2_msgs/lib PYTHONPATH=/home/agilex/agilex_ws/install/nav2_msgs/local/lib/python3.10/dist-packages:/home/agilex/agilex_ws/install/nav2_common/local/lib/python3.10/dist-packages /usr/bin/cmake --build /home/agilex/agilex_ws/build/costmap_queue -- -j16 -l16
[4.199s] Level 1:colcon.colcon_core.environment:create_environment_scripts_only(nav2_core)
[4.203s] Level 1:colcon.colcon_core.environment:checking '/home/agilex/agilex_ws/install/nav2_core' for CMake module files
[4.203s] Level 1:colcon.colcon_core.environment:checking '/home/agilex/agilex_ws/install/nav2_core' for CMake config files
[4.203s] Level 1:colcon.colcon_core.shell:create_environment_hook('nav2_core', 'cmake_prefix_path')
[4.206s] INFO:colcon.colcon_core.shell:Creating environment hook '/home/agilex/agilex_ws/install/nav2_core/share/nav2_core/hook/cmake_prefix_path.ps1'
[4.207s] INFO:colcon.colcon_core.shell:Creating environment descriptor '/home/agilex/agilex_ws/install/nav2_core/share/nav2_core/hook/cmake_prefix_path.dsv'
[4.207s] INFO:colcon.colcon_core.shell:Creating environment hook '/home/agilex/agilex_ws/install/nav2_core/share/nav2_core/hook/cmake_prefix_path.sh'
[4.207s] Level 1:colcon.colcon_core.environment:checking '/home/agilex/agilex_ws/install/nav2_core/bin'
[4.207s] Level 1:colcon.colcon_core.environment:checking '/home/agilex/agilex_ws/install/nav2_core/lib/pkgconfig/nav2_core.pc'
[4.207s] Level 1:colcon.colcon_core.environment:checking '/home/agilex/agilex_ws/install/nav2_core/lib/python3.10/site-packages'
[4.208s] Level 1:colcon.colcon_core.environment:checking '/home/agilex/agilex_ws/install/nav2_core/bin'
[4.211s] INFO:colcon.colcon_core.shell:Creating package script '/home/agilex/agilex_ws/install/nav2_core/share/nav2_core/package.ps1'
[4.212s] INFO:colcon.colcon_core.shell:Creating package descriptor '/home/agilex/agilex_ws/install/nav2_core/share/nav2_core/package.dsv'
[4.212s] INFO:colcon.colcon_core.shell:Creating package script '/home/agilex/agilex_ws/install/nav2_core/share/nav2_core/package.sh'
[4.212s] INFO:colcon.colcon_core.shell:Creating package script '/home/agilex/agilex_ws/install/nav2_core/share/nav2_core/package.bash'
[4.212s] INFO:colcon.colcon_core.shell:Creating package script '/home/agilex/agilex_ws/install/nav2_core/share/nav2_core/package.zsh'
[4.213s] Level 1:colcon.colcon_core.environment:create_file_with_runtime_dependencies(/home/agilex/agilex_ws/install/nav2_core/share/colcon-core/packages/nav2_core)
[4.213s] INFO:colcon.colcon_ros.task.ament_cmake.build:Building ROS package in '/home/agilex/agilex_ws/src/navigation2/nav2_dwb_controller/dwb_core' with build type 'ament_cmake'
[4.213s] INFO:colcon.colcon_cmake.task.cmake.build:Building CMake package in '/home/agilex/agilex_ws/src/navigation2/nav2_dwb_controller/dwb_core'
[4.217s] INFO:colcon.colcon_core.shell:Skip shell extension 'powershell' for command environment: Not usable outside of PowerShell
[4.217s] DEBUG:colcon.colcon_core.shell:Skip shell extension 'dsv' for command environment
[4.221s] INFO:colcon.colcon_ros.task.ament_cmake.build:Building ROS package in '/home/agilex/agilex_ws/src/navigation2/nav2_controller' with build type 'ament_cmake'
[4.221s] INFO:colcon.colcon_cmake.task.cmake.build:Building CMake package in '/home/agilex/agilex_ws/src/navigation2/nav2_controller'
[4.225s] INFO:colcon.colcon_core.shell:Skip shell extension 'powershell' for command environment: Not usable outside of PowerShell
[4.225s] DEBUG:colcon.colcon_core.shell:Skip shell extension 'dsv' for command environment
[4.229s] INFO:colcon.colcon_ros.task.ament_cmake.build:Building ROS package in '/home/agilex/agilex_ws/src/navigation2/nav2_bt_navigator' with build type 'ament_cmake'
[4.230s] INFO:colcon.colcon_cmake.task.cmake.build:Building CMake package in '/home/agilex/agilex_ws/src/navigation2/nav2_bt_navigator'
[4.233s] INFO:colcon.colcon_core.shell:Skip shell extension 'powershell' for command environment: Not usable outside of PowerShell
[4.233s] DEBUG:colcon.colcon_core.shell:Skip shell extension 'dsv' for command environment
[4.238s] INFO:colcon.colcon_ros.task.ament_cmake.build:Building ROS package in '/home/agilex/agilex_ws/src/navigation2/nav2_planner' with build type 'ament_cmake'
[4.238s] INFO:colcon.colcon_cmake.task.cmake.build:Building CMake package in '/home/agilex/agilex_ws/src/navigation2/nav2_planner'
[4.242s] INFO:colcon.colcon_core.shell:Skip shell extension 'powershell' for command environment: Not usable outside of PowerShell
[4.242s] DEBUG:colcon.colcon_core.shell:Skip shell extension 'dsv' for command environment
[4.249s] INFO:colcon.colcon_ros.task.ament_cmake.build:Building ROS package in '/home/agilex/agilex_ws/src/navigation2/nav2_regulated_pure_pursuit_controller' with build type 'ament_cmake'
[4.250s] INFO:colcon.colcon_cmake.task.cmake.build:Building CMake package in '/home/agilex/agilex_ws/src/navigation2/nav2_regulated_pure_pursuit_controller'
[4.253s] INFO:colcon.colcon_core.shell:Skip shell extension 'powershell' for command environment: Not usable outside of PowerShell
[4.253s] DEBUG:colcon.colcon_core.shell:Skip shell extension 'dsv' for command environment
[4.257s] INFO:colcon.colcon_ros.task.ament_cmake.build:Building ROS package in '/home/agilex/agilex_ws/src/navigation2/nav2_waypoint_follower' with build type 'ament_cmake'
[4.257s] INFO:colcon.colcon_cmake.task.cmake.build:Building CMake package in '/home/agilex/agilex_ws/src/navigation2/nav2_waypoint_follower'
[4.263s] INFO:colcon.colcon_core.shell:Skip shell extension 'powershell' for command environment: Not usable outside of PowerShell
[4.263s] DEBUG:colcon.colcon_core.shell:Skip shell extension 'dsv' for command environment
[4.268s] INFO:colcon.colcon_ros.task.ament_cmake.build:Building ROS package in '/home/agilex/agilex_ws/src/navigation2/nav2_behaviors' with build type 'ament_cmake'
[4.268s] INFO:colcon.colcon_cmake.task.cmake.build:Building CMake package in '/home/agilex/agilex_ws/src/navigation2/nav2_behaviors'
[4.271s] INFO:colcon.colcon_core.shell:Skip shell extension 'powershell' for command environment: Not usable outside of PowerShell
[4.271s] DEBUG:colcon.colcon_core.shell:Skip shell extension 'dsv' for command environment
[4.275s] INFO:colcon.colcon_ros.task.ament_cmake.build:Building ROS package in '/home/agilex/agilex_ws/src/navigation2/nav2_navfn_planner' with build type 'ament_cmake'
[4.275s] INFO:colcon.colcon_cmake.task.cmake.build:Building CMake package in '/home/agilex/agilex_ws/src/navigation2/nav2_navfn_planner'
[4.278s] INFO:colcon.colcon_core.shell:Skip shell extension 'powershell' for command environment: Not usable outside of PowerShell
[4.279s] DEBUG:colcon.colcon_core.shell:Skip shell extension 'dsv' for command environment
[4.282s] INFO:colcon.colcon_ros.task.ament_cmake.build:Building ROS package in '/home/agilex/agilex_ws/src/navigation2/nav2_smac_planner' with build type 'ament_cmake'
[4.282s] INFO:colcon.colcon_cmake.task.cmake.build:Building CMake package in '/home/agilex/agilex_ws/src/navigation2/nav2_smac_planner'
[4.286s] INFO:colcon.colcon_core.shell:Skip shell extension 'powershell' for command environment: Not usable outside of PowerShell
[4.286s] DEBUG:colcon.colcon_core.shell:Skip shell extension 'dsv' for command environment
[4.290s] INFO:colcon.colcon_ros.task.ament_cmake.build:Building ROS package in '/home/agilex/agilex_ws/src/navigation2/nav2_smoother' with build type 'ament_cmake'
[4.290s] INFO:colcon.colcon_cmake.task.cmake.build:Building CMake package in '/home/agilex/agilex_ws/src/navigation2/nav2_smoother'
[4.297s] INFO:colcon.colcon_core.shell:Skip shell extension 'powershell' for command environment: Not usable outside of PowerShell
[4.297s] DEBUG:colcon.colcon_core.shell:Skip shell extension 'dsv' for command environment
[4.303s] INFO:colcon.colcon_ros.task.ament_cmake.build:Building ROS package in '/home/agilex/agilex_ws/src/navigation2/nav2_theta_star_planner' with build type 'ament_cmake'
[4.303s] INFO:colcon.colcon_cmake.task.cmake.build:Building CMake package in '/home/agilex/agilex_ws/src/navigation2/nav2_theta_star_planner'
[4.306s] INFO:colcon.colcon_core.shell:Skip shell extension 'powershell' for command environment: Not usable outside of PowerShell
[4.306s] DEBUG:colcon.colcon_core.shell:Skip shell extension 'dsv' for command environment
[4.310s] INFO:colcon.colcon_ros.task.ament_cmake.build:Building ROS package in '/home/agilex/agilex_ws/src/navigation2/nav2_constrained_smoother' with build type 'ament_cmake'
[4.310s] INFO:colcon.colcon_cmake.task.cmake.build:Building CMake package in '/home/agilex/agilex_ws/src/navigation2/nav2_constrained_smoother'
[4.314s] INFO:colcon.colcon_core.shell:Skip shell extension 'powershell' for command environment: Not usable outside of PowerShell
[4.314s] DEBUG:colcon.colcon_core.shell:Skip shell extension 'dsv' for command environment
[4.321s] DEBUG:colcon.colcon_core.event_handler.log_command:Invoked command in '/home/agilex/agilex_ws/build/costmap_converter' returned '0': AMENT_PREFIX_PATH=/home/agilex/agilex_ws/install/nav2_costmap_2d:/home/agilex/agilex_ws/install/nav2_util:/home/agilex/agilex_ws/install/nav2_voxel_grid:/home/agilex/agilex_ws/install/nav2_msgs:/home/agilex/agilex_ws/install/nav2_common:/home/agilex/agilex_ws/install/costmap_converter_msgs CMAKE_PREFIX_PATH=/home/agilex/agilex_ws/install/nav2_costmap_2d:/home/agilex/agilex_ws/install/nav2_util:/home/agilex/agilex_ws/install/nav2_voxel_grid:/home/agilex/agilex_ws/install/nav2_msgs:/home/agilex/agilex_ws/install/nav2_common:/home/agilex/agilex_ws/install/costmap_converter_msgs LD_LIBRARY_PATH=/home/agilex/agilex_ws/install/nav2_costmap_2d/lib:/home/agilex/agilex_ws/install/nav2_util/lib:/home/agilex/agilex_ws/install/nav2_voxel_grid/lib:/home/agilex/agilex_ws/install/nav2_msgs/lib:/home/agilex/agilex_ws/install/costmap_converter_msgs/lib PYTHONPATH=/home/agilex/agilex_ws/install/nav2_msgs/local/lib/python3.10/dist-packages:/home/agilex/agilex_ws/install/nav2_common/local/lib/python3.10/dist-packages:/home/agilex/agilex_ws/install/costmap_converter_msgs/local/lib/python3.10/dist-packages /usr/bin/cmake --build /home/agilex/agilex_ws/build/costmap_converter -- -j16 -l16
[4.323s] DEBUG:colcon.colcon_core.event_handler.log_command:Invoking command in '/home/agilex/agilex_ws/build/costmap_queue': AMENT_PREFIX_PATH=/home/agilex/agilex_ws/install/nav2_costmap_2d:/home/agilex/agilex_ws/install/nav2_util:/home/agilex/agilex_ws/install/nav2_voxel_grid:/home/agilex/agilex_ws/install/nav2_msgs:/home/agilex/agilex_ws/install/nav2_common CMAKE_PREFIX_PATH=/home/agilex/agilex_ws/install/nav2_costmap_2d:/home/agilex/agilex_ws/install/nav2_util:/home/agilex/agilex_ws/install/nav2_voxel_grid:/home/agilex/agilex_ws/install/nav2_msgs:/home/agilex/agilex_ws/install/nav2_common LD_LIBRARY_PATH=/home/agilex/agilex_ws/install/nav2_costmap_2d/lib:/home/agilex/agilex_ws/install/nav2_util/lib:/home/agilex/agilex_ws/install/nav2_voxel_grid/lib:/home/agilex/agilex_ws/install/nav2_msgs/lib PYTHONPATH=/home/agilex/agilex_ws/install/nav2_msgs/local/lib/python3.10/dist-packages:/home/agilex/agilex_ws/install/nav2_common/local/lib/python3.10/dist-packages /usr/bin/cmake --install /home/agilex/agilex_ws/build/costmap_queue
[4.325s] DEBUG:colcon.colcon_core.event_handler.log_command:Invoking command in '/home/agilex/agilex_ws/build/dwb_core': AMENT_PREFIX_PATH=/home/agilex/agilex_ws/install/nav2_core:/home/agilex/agilex_ws/install/nav2_costmap_2d:/home/agilex/agilex_ws/install/nav_2d_utils:/home/agilex/agilex_ws/install/nav2_util:/home/agilex/agilex_ws/install/nav2_voxel_grid:/home/agilex/agilex_ws/install/nav2_msgs:/home/agilex/agilex_ws/install/dwb_msgs:/home/agilex/agilex_ws/install/nav_2d_msgs:/home/agilex/agilex_ws/install/nav2_common CMAKE_PREFIX_PATH=/home/agilex/agilex_ws/install/nav2_core:/home/agilex/agilex_ws/install/nav2_costmap_2d:/home/agilex/agilex_ws/install/nav_2d_utils:/home/agilex/agilex_ws/install/nav2_util:/home/agilex/agilex_ws/install/nav2_voxel_grid:/home/agilex/agilex_ws/install/nav2_msgs:/home/agilex/agilex_ws/install/dwb_msgs:/home/agilex/agilex_ws/install/nav_2d_msgs:/home/agilex/agilex_ws/install/nav2_common LD_LIBRARY_PATH=/home/agilex/agilex_ws/install/nav2_costmap_2d/lib:/home/agilex/agilex_ws/install/nav_2d_utils/lib:/home/agilex/agilex_ws/install/nav2_util/lib:/home/agilex/agilex_ws/install/nav2_voxel_grid/lib:/home/agilex/agilex_ws/install/nav2_msgs/lib:/home/agilex/agilex_ws/install/dwb_msgs/lib:/home/agilex/agilex_ws/install/nav_2d_msgs/lib PYTHONPATH=/home/agilex/agilex_ws/install/nav2_msgs/local/lib/python3.10/dist-packages:/home/agilex/agilex_ws/install/dwb_msgs/local/lib/python3.10/dist-packages:/home/agilex/agilex_ws/install/nav_2d_msgs/local/lib/python3.10/dist-packages:/home/agilex/agilex_ws/install/nav2_common/local/lib/python3.10/dist-packages /usr/bin/cmake --build /home/agilex/agilex_ws/build/dwb_core -- -j16 -l16
[4.326s] DEBUG:colcon.colcon_core.event_handler.log_command:Invoking command in '/home/agilex/agilex_ws/build/nav2_controller': AMENT_PREFIX_PATH=/home/agilex/agilex_ws/install/nav2_core:/home/agilex/agilex_ws/install/nav2_costmap_2d:/home/agilex/agilex_ws/install/nav_2d_utils:/home/agilex/agilex_ws/install/nav2_util:/home/agilex/agilex_ws/install/nav2_voxel_grid:/home/agilex/agilex_ws/install/nav2_msgs:/home/agilex/agilex_ws/install/nav_2d_msgs:/home/agilex/agilex_ws/install/nav2_common CMAKE_PREFIX_PATH=/home/agilex/agilex_ws/install/nav2_core:/home/agilex/agilex_ws/install/nav2_costmap_2d:/home/agilex/agilex_ws/install/nav_2d_utils:/home/agilex/agilex_ws/install/nav2_util:/home/agilex/agilex_ws/install/nav2_voxel_grid:/home/agilex/agilex_ws/install/nav2_msgs:/home/agilex/agilex_ws/install/nav_2d_msgs:/home/agilex/agilex_ws/install/nav2_common LD_LIBRARY_PATH=/home/agilex/agilex_ws/install/nav2_costmap_2d/lib:/home/agilex/agilex_ws/install/nav_2d_utils/lib:/home/agilex/agilex_ws/install/nav2_util/lib:/home/agilex/agilex_ws/install/nav2_voxel_grid/lib:/home/agilex/agilex_ws/install/nav2_msgs/lib:/home/agilex/agilex_ws/install/nav_2d_msgs/lib PYTHONPATH=/home/agilex/agilex_ws/install/nav2_msgs/local/lib/python3.10/dist-packages:/home/agilex/agilex_ws/install/nav_2d_msgs/local/lib/python3.10/dist-packages:/home/agilex/agilex_ws/install/nav2_common/local/lib/python3.10/dist-packages /usr/bin/cmake --build /home/agilex/agilex_ws/build/nav2_controller -- -j16 -l16
[4.329s] DEBUG:colcon.colcon_core.event_handler.log_command:Invoking command in '/home/agilex/agilex_ws/build/nav2_bt_navigator': AMENT_PREFIX_PATH=/home/agilex/agilex_ws/install/nav2_core:/home/agilex/agilex_ws/install/nav2_costmap_2d:/home/agilex/agilex_ws/install/nav2_behavior_tree:/home/agilex/agilex_ws/install/nav2_util:/home/agilex/agilex_ws/install/nav2_voxel_grid:/home/agilex/agilex_ws/install/nav2_msgs:/home/agilex/agilex_ws/install/nav2_common CMAKE_PREFIX_PATH=/home/agilex/agilex_ws/install/nav2_core:/home/agilex/agilex_ws/install/nav2_costmap_2d:/home/agilex/agilex_ws/install/nav2_behavior_tree:/home/agilex/agilex_ws/install/nav2_util:/home/agilex/agilex_ws/install/nav2_voxel_grid:/home/agilex/agilex_ws/install/nav2_msgs:/home/agilex/agilex_ws/install/nav2_common LD_LIBRARY_PATH=/home/agilex/agilex_ws/install/nav2_costmap_2d/lib:/home/agilex/agilex_ws/install/nav2_behavior_tree/lib:/home/agilex/agilex_ws/install/nav2_util/lib:/home/agilex/agilex_ws/install/nav2_voxel_grid/lib:/home/agilex/agilex_ws/install/nav2_msgs/lib PYTHONPATH=/home/agilex/agilex_ws/install/nav2_msgs/local/lib/python3.10/dist-packages:/home/agilex/agilex_ws/install/nav2_common/local/lib/python3.10/dist-packages /usr/bin/cmake --build /home/agilex/agilex_ws/build/nav2_bt_navigator -- -j16 -l16
[4.332s] DEBUG:colcon.colcon_core.event_handler.log_command:Invoking command in '/home/agilex/agilex_ws/build/nav2_planner': AMENT_PREFIX_PATH=/home/agilex/agilex_ws/install/nav2_core:/home/agilex/agilex_ws/install/nav2_costmap_2d:/home/agilex/agilex_ws/install/nav2_util:/home/agilex/agilex_ws/install/nav2_voxel_grid:/home/agilex/agilex_ws/install/nav2_msgs:/home/agilex/agilex_ws/install/nav2_common CMAKE_PREFIX_PATH=/home/agilex/agilex_ws/install/nav2_core:/home/agilex/agilex_ws/install/nav2_costmap_2d:/home/agilex/agilex_ws/install/nav2_util:/home/agilex/agilex_ws/install/nav2_voxel_grid:/home/agilex/agilex_ws/install/nav2_msgs:/home/agilex/agilex_ws/install/nav2_common LD_LIBRARY_PATH=/home/agilex/agilex_ws/install/nav2_costmap_2d/lib:/home/agilex/agilex_ws/install/nav2_util/lib:/home/agilex/agilex_ws/install/nav2_voxel_grid/lib:/home/agilex/agilex_ws/install/nav2_msgs/lib PYTHONPATH=/home/agilex/agilex_ws/install/nav2_msgs/local/lib/python3.10/dist-packages:/home/agilex/agilex_ws/install/nav2_common/local/lib/python3.10/dist-packages /usr/bin/cmake --build /home/agilex/agilex_ws/build/nav2_planner -- -j16 -l16
[4.334s] DEBUG:colcon.colcon_core.event_handler.log_command:Invoking command in '/home/agilex/agilex_ws/build/nav2_regulated_pure_pursuit_controller': AMENT_PREFIX_PATH=/home/agilex/agilex_ws/install/nav2_core:/home/agilex/agilex_ws/install/nav2_costmap_2d:/home/agilex/agilex_ws/install/nav2_util:/home/agilex/agilex_ws/install/nav2_voxel_grid:/home/agilex/agilex_ws/install/nav2_msgs:/home/agilex/agilex_ws/install/nav2_common CMAKE_PREFIX_PATH=/home/agilex/agilex_ws/install/nav2_core:/home/agilex/agilex_ws/install/nav2_costmap_2d:/home/agilex/agilex_ws/install/nav2_util:/home/agilex/agilex_ws/install/nav2_voxel_grid:/home/agilex/agilex_ws/install/nav2_msgs:/home/agilex/agilex_ws/install/nav2_common LD_LIBRARY_PATH=/home/agilex/agilex_ws/install/nav2_costmap_2d/lib:/home/agilex/agilex_ws/install/nav2_util/lib:/home/agilex/agilex_ws/install/nav2_voxel_grid/lib:/home/agilex/agilex_ws/install/nav2_msgs/lib PYTHONPATH=/home/agilex/agilex_ws/install/nav2_msgs/local/lib/python3.10/dist-packages:/home/agilex/agilex_ws/install/nav2_common/local/lib/python3.10/dist-packages /usr/bin/cmake --build /home/agilex/agilex_ws/build/nav2_regulated_pure_pursuit_controller -- -j16 -l16
[4.338s] DEBUG:colcon.colcon_core.event_handler.log_command:Invoking command in '/home/agilex/agilex_ws/build/nav2_waypoint_follower': AMENT_PREFIX_PATH=/home/agilex/agilex_ws/install/nav2_core:/home/agilex/agilex_ws/install/nav2_costmap_2d:/home/agilex/agilex_ws/install/nav2_util:/home/agilex/agilex_ws/install/nav2_voxel_grid:/home/agilex/agilex_ws/install/nav2_msgs:/home/agilex/agilex_ws/install/nav2_common CMAKE_PREFIX_PATH=/home/agilex/agilex_ws/install/nav2_core:/home/agilex/agilex_ws/install/nav2_costmap_2d:/home/agilex/agilex_ws/install/nav2_util:/home/agilex/agilex_ws/install/nav2_voxel_grid:/home/agilex/agilex_ws/install/nav2_msgs:/home/agilex/agilex_ws/install/nav2_common LD_LIBRARY_PATH=/home/agilex/agilex_ws/install/nav2_costmap_2d/lib:/home/agilex/agilex_ws/install/nav2_util/lib:/home/agilex/agilex_ws/install/nav2_voxel_grid/lib:/home/agilex/agilex_ws/install/nav2_msgs/lib PYTHONPATH=/home/agilex/agilex_ws/install/nav2_msgs/local/lib/python3.10/dist-packages:/home/agilex/agilex_ws/install/nav2_common/local/lib/python3.10/dist-packages /usr/bin/cmake --build /home/agilex/agilex_ws/build/nav2_waypoint_follower -- -j16 -l16
[4.342s] DEBUG:colcon.colcon_core.event_handler.log_command:Invoking command in '/home/agilex/agilex_ws/build/nav2_behaviors': AMENT_PREFIX_PATH=/home/agilex/agilex_ws/install/nav2_core:/home/agilex/agilex_ws/install/nav2_costmap_2d:/home/agilex/agilex_ws/install/nav2_behavior_tree:/home/agilex/agilex_ws/install/nav2_util:/home/agilex/agilex_ws/install/nav2_voxel_grid:/home/agilex/agilex_ws/install/nav2_msgs:/home/agilex/agilex_ws/install/nav2_common CMAKE_PREFIX_PATH=/home/agilex/agilex_ws/install/nav2_core:/home/agilex/agilex_ws/install/nav2_costmap_2d:/home/agilex/agilex_ws/install/nav2_behavior_tree:/home/agilex/agilex_ws/install/nav2_util:/home/agilex/agilex_ws/install/nav2_voxel_grid:/home/agilex/agilex_ws/install/nav2_msgs:/home/agilex/agilex_ws/install/nav2_common LD_LIBRARY_PATH=/home/agilex/agilex_ws/install/nav2_costmap_2d/lib:/home/agilex/agilex_ws/install/nav2_behavior_tree/lib:/home/agilex/agilex_ws/install/nav2_util/lib:/home/agilex/agilex_ws/install/nav2_voxel_grid/lib:/home/agilex/agilex_ws/install/nav2_msgs/lib PYTHONPATH=/home/agilex/agilex_ws/install/nav2_msgs/local/lib/python3.10/dist-packages:/home/agilex/agilex_ws/install/nav2_common/local/lib/python3.10/dist-packages /usr/bin/cmake --build /home/agilex/agilex_ws/build/nav2_behaviors -- -j16 -l16
[4.345s] DEBUG:colcon.colcon_core.event_handler.log_command:Invoking command in '/home/agilex/agilex_ws/build/nav2_navfn_planner': AMENT_PREFIX_PATH=/home/agilex/agilex_ws/install/nav2_core:/home/agilex/agilex_ws/install/nav2_costmap_2d:/home/agilex/agilex_ws/install/nav2_util:/home/agilex/agilex_ws/install/nav2_voxel_grid:/home/agilex/agilex_ws/install/nav2_msgs:/home/agilex/agilex_ws/install/nav2_common CMAKE_PREFIX_PATH=/home/agilex/agilex_ws/install/nav2_core:/home/agilex/agilex_ws/install/nav2_costmap_2d:/home/agilex/agilex_ws/install/nav2_util:/home/agilex/agilex_ws/install/nav2_voxel_grid:/home/agilex/agilex_ws/install/nav2_msgs:/home/agilex/agilex_ws/install/nav2_common LD_LIBRARY_PATH=/home/agilex/agilex_ws/install/nav2_costmap_2d/lib:/home/agilex/agilex_ws/install/nav2_util/lib:/home/agilex/agilex_ws/install/nav2_voxel_grid/lib:/home/agilex/agilex_ws/install/nav2_msgs/lib PYTHONPATH=/home/agilex/agilex_ws/install/nav2_msgs/local/lib/python3.10/dist-packages:/home/agilex/agilex_ws/install/nav2_common/local/lib/python3.10/dist-packages /usr/bin/cmake --build /home/agilex/agilex_ws/build/nav2_navfn_planner -- -j16 -l16
[4.348s] DEBUG:colcon.colcon_core.event_handler.log_command:Invoking command in '/home/agilex/agilex_ws/build/nav2_smac_planner': AMENT_PREFIX_PATH=/home/agilex/agilex_ws/install/nav2_core:/home/agilex/agilex_ws/install/nav2_costmap_2d:/home/agilex/agilex_ws/install/nav2_util:/home/agilex/agilex_ws/install/nav2_voxel_grid:/home/agilex/agilex_ws/install/nav2_msgs:/home/agilex/agilex_ws/install/nav2_common CMAKE_PREFIX_PATH=/home/agilex/agilex_ws/install/nav2_core:/home/agilex/agilex_ws/install/nav2_costmap_2d:/home/agilex/agilex_ws/install/nav2_util:/home/agilex/agilex_ws/install/nav2_voxel_grid:/home/agilex/agilex_ws/install/nav2_msgs:/home/agilex/agilex_ws/install/nav2_common LD_LIBRARY_PATH=/home/agilex/agilex_ws/install/nav2_costmap_2d/lib:/home/agilex/agilex_ws/install/nav2_util/lib:/home/agilex/agilex_ws/install/nav2_voxel_grid/lib:/home/agilex/agilex_ws/install/nav2_msgs/lib PYTHONPATH=/home/agilex/agilex_ws/install/nav2_msgs/local/lib/python3.10/dist-packages:/home/agilex/agilex_ws/install/nav2_common/local/lib/python3.10/dist-packages /usr/bin/cmake --build /home/agilex/agilex_ws/build/nav2_smac_planner -- -j16 -l16
[4.352s] DEBUG:colcon.colcon_core.event_handler.log_command:Invoking command in '/home/agilex/agilex_ws/build/nav2_smoother': AMENT_PREFIX_PATH=/home/agilex/agilex_ws/install/nav2_core:/home/agilex/agilex_ws/install/nav2_costmap_2d:/home/agilex/agilex_ws/install/nav_2d_utils:/home/agilex/agilex_ws/install/nav2_util:/home/agilex/agilex_ws/install/nav2_voxel_grid:/home/agilex/agilex_ws/install/nav2_msgs:/home/agilex/agilex_ws/install/nav_2d_msgs:/home/agilex/agilex_ws/install/nav2_common CMAKE_PREFIX_PATH=/home/agilex/agilex_ws/install/nav2_core:/home/agilex/agilex_ws/install/nav2_costmap_2d:/home/agilex/agilex_ws/install/nav_2d_utils:/home/agilex/agilex_ws/install/nav2_util:/home/agilex/agilex_ws/install/nav2_voxel_grid:/home/agilex/agilex_ws/install/nav2_msgs:/home/agilex/agilex_ws/install/nav_2d_msgs:/home/agilex/agilex_ws/install/nav2_common LD_LIBRARY_PATH=/home/agilex/agilex_ws/install/nav2_costmap_2d/lib:/home/agilex/agilex_ws/install/nav_2d_utils/lib:/home/agilex/agilex_ws/install/nav2_util/lib:/home/agilex/agilex_ws/install/nav2_voxel_grid/lib:/home/agilex/agilex_ws/install/nav2_msgs/lib:/home/agilex/agilex_ws/install/nav_2d_msgs/lib PYTHONPATH=/home/agilex/agilex_ws/install/nav2_msgs/local/lib/python3.10/dist-packages:/home/agilex/agilex_ws/install/nav_2d_msgs/local/lib/python3.10/dist-packages:/home/agilex/agilex_ws/install/nav2_common/local/lib/python3.10/dist-packages /usr/bin/cmake --build /home/agilex/agilex_ws/build/nav2_smoother -- -j16 -l16
[4.358s] DEBUG:colcon.colcon_core.event_handler.log_command:Invoking command in '/home/agilex/agilex_ws/build/nav2_theta_star_planner': AMENT_PREFIX_PATH=/home/agilex/agilex_ws/install/nav2_core:/home/agilex/agilex_ws/install/nav2_costmap_2d:/home/agilex/agilex_ws/install/nav2_util:/home/agilex/agilex_ws/install/nav2_voxel_grid:/home/agilex/agilex_ws/install/nav2_msgs:/home/agilex/agilex_ws/install/nav2_common CMAKE_PREFIX_PATH=/home/agilex/agilex_ws/install/nav2_core:/home/agilex/agilex_ws/install/nav2_costmap_2d:/home/agilex/agilex_ws/install/nav2_util:/home/agilex/agilex_ws/install/nav2_voxel_grid:/home/agilex/agilex_ws/install/nav2_msgs:/home/agilex/agilex_ws/install/nav2_common LD_LIBRARY_PATH=/home/agilex/agilex_ws/install/nav2_costmap_2d/lib:/home/agilex/agilex_ws/install/nav2_util/lib:/home/agilex/agilex_ws/install/nav2_voxel_grid/lib:/home/agilex/agilex_ws/install/nav2_msgs/lib PYTHONPATH=/home/agilex/agilex_ws/install/nav2_msgs/local/lib/python3.10/dist-packages:/home/agilex/agilex_ws/install/nav2_common/local/lib/python3.10/dist-packages /usr/bin/cmake --build /home/agilex/agilex_ws/build/nav2_theta_star_planner -- -j16 -l16
[4.377s] Level 1:colcon.colcon_core.environment:create_environment_scripts_only(costmap_queue)
[4.381s] DEBUG:colcon.colcon_core.event_handler.log_command:Invoking command in '/home/agilex/agilex_ws/build/nav2_constrained_smoother': AMENT_PREFIX_PATH=/home/agilex/agilex_ws/install/nav2_core:/home/agilex/agilex_ws/install/nav2_costmap_2d:/home/agilex/agilex_ws/install/nav2_util:/home/agilex/agilex_ws/install/nav2_voxel_grid:/home/agilex/agilex_ws/install/nav2_msgs:/home/agilex/agilex_ws/install/nav2_common CMAKE_PREFIX_PATH=/home/agilex/agilex_ws/install/nav2_core:/home/agilex/agilex_ws/install/nav2_costmap_2d:/home/agilex/agilex_ws/install/nav2_util:/home/agilex/agilex_ws/install/nav2_voxel_grid:/home/agilex/agilex_ws/install/nav2_msgs:/home/agilex/agilex_ws/install/nav2_common LD_LIBRARY_PATH=/home/agilex/agilex_ws/install/nav2_costmap_2d/lib:/home/agilex/agilex_ws/install/nav2_util/lib:/home/agilex/agilex_ws/install/nav2_voxel_grid/lib:/home/agilex/agilex_ws/install/nav2_msgs/lib PYTHONPATH=/home/agilex/agilex_ws/install/nav2_msgs/local/lib/python3.10/dist-packages:/home/agilex/agilex_ws/install/nav2_common/local/lib/python3.10/dist-packages /usr/bin/cmake --build /home/agilex/agilex_ws/build/nav2_constrained_smoother -- -j16 -l16
[4.385s] DEBUG:colcon.colcon_core.event_handler.log_command:Invoked command in '/home/agilex/agilex_ws/build/costmap_queue' returned '0': AMENT_PREFIX_PATH=/home/agilex/agilex_ws/install/nav2_costmap_2d:/home/agilex/agilex_ws/install/nav2_util:/home/agilex/agilex_ws/install/nav2_voxel_grid:/home/agilex/agilex_ws/install/nav2_msgs:/home/agilex/agilex_ws/install/nav2_common CMAKE_PREFIX_PATH=/home/agilex/agilex_ws/install/nav2_costmap_2d:/home/agilex/agilex_ws/install/nav2_util:/home/agilex/agilex_ws/install/nav2_voxel_grid:/home/agilex/agilex_ws/install/nav2_msgs:/home/agilex/agilex_ws/install/nav2_common LD_LIBRARY_PATH=/home/agilex/agilex_ws/install/nav2_costmap_2d/lib:/home/agilex/agilex_ws/install/nav2_util/lib:/home/agilex/agilex_ws/install/nav2_voxel_grid/lib:/home/agilex/agilex_ws/install/nav2_msgs/lib PYTHONPATH=/home/agilex/agilex_ws/install/nav2_msgs/local/lib/python3.10/dist-packages:/home/agilex/agilex_ws/install/nav2_common/local/lib/python3.10/dist-packages /usr/bin/cmake --install /home/agilex/agilex_ws/build/costmap_queue
[4.414s] Level 1:colcon.colcon_core.environment:checking '/home/agilex/agilex_ws/install/costmap_queue' for CMake module files
[4.417s] Level 1:colcon.colcon_core.environment:checking '/home/agilex/agilex_ws/install/costmap_queue' for CMake config files
[4.417s] Level 1:colcon.colcon_core.shell:create_environment_hook('costmap_queue', 'cmake_prefix_path')
[4.429s] INFO:colcon.colcon_core.shell:Creating environment hook '/home/agilex/agilex_ws/install/costmap_queue/share/costmap_queue/hook/cmake_prefix_path.ps1'
[4.432s] INFO:colcon.colcon_core.shell:Creating environment descriptor '/home/agilex/agilex_ws/install/costmap_queue/share/costmap_queue/hook/cmake_prefix_path.dsv'
[4.435s] INFO:colcon.colcon_core.shell:Creating environment hook '/home/agilex/agilex_ws/install/costmap_queue/share/costmap_queue/hook/cmake_prefix_path.sh'
[4.437s] Level 1:colcon.colcon_core.environment:checking '/home/agilex/agilex_ws/install/costmap_queue/lib'
[4.437s] Level 1:colcon.colcon_core.environment:checking '/home/agilex/agilex_ws/install/costmap_queue/bin'
[4.437s] Level 1:colcon.colcon_core.environment:checking '/home/agilex/agilex_ws/install/costmap_queue/lib/pkgconfig/costmap_queue.pc'
[4.438s] Level 1:colcon.colcon_core.environment:checking '/home/agilex/agilex_ws/install/costmap_queue/lib/python3.10/site-packages'
[4.438s] Level 1:colcon.colcon_core.environment:checking '/home/agilex/agilex_ws/install/costmap_queue/bin'
[4.460s] INFO:colcon.colcon_core.shell:Creating package script '/home/agilex/agilex_ws/install/costmap_queue/share/costmap_queue/package.ps1'
[4.469s] INFO:colcon.colcon_core.shell:Creating package descriptor '/home/agilex/agilex_ws/install/costmap_queue/share/costmap_queue/package.dsv'
[4.470s] INFO:colcon.colcon_core.shell:Creating package script '/home/agilex/agilex_ws/install/costmap_queue/share/costmap_queue/package.sh'
[4.471s] INFO:colcon.colcon_core.shell:Creating package script '/home/agilex/agilex_ws/install/costmap_queue/share/costmap_queue/package.bash'
[4.472s] INFO:colcon.colcon_core.shell:Creating package script '/home/agilex/agilex_ws/install/costmap_queue/share/costmap_queue/package.zsh'
[4.473s] Level 1:colcon.colcon_core.environment:create_file_with_runtime_dependencies(/home/agilex/agilex_ws/install/costmap_queue/share/colcon-core/packages/costmap_queue)
[4.488s] DEBUG:colcon.colcon_core.event_handler.log_command:Invoking command in '/home/agilex/agilex_ws/build/costmap_converter': AMENT_PREFIX_PATH=/home/agilex/agilex_ws/install/nav2_costmap_2d:/home/agilex/agilex_ws/install/nav2_util:/home/agilex/agilex_ws/install/nav2_voxel_grid:/home/agilex/agilex_ws/install/nav2_msgs:/home/agilex/agilex_ws/install/nav2_common:/home/agilex/agilex_ws/install/costmap_converter_msgs CMAKE_PREFIX_PATH=/home/agilex/agilex_ws/install/nav2_costmap_2d:/home/agilex/agilex_ws/install/nav2_util:/home/agilex/agilex_ws/install/nav2_voxel_grid:/home/agilex/agilex_ws/install/nav2_msgs:/home/agilex/agilex_ws/install/nav2_common:/home/agilex/agilex_ws/install/costmap_converter_msgs LD_LIBRARY_PATH=/home/agilex/agilex_ws/install/nav2_costmap_2d/lib:/home/agilex/agilex_ws/install/nav2_util/lib:/home/agilex/agilex_ws/install/nav2_voxel_grid/lib:/home/agilex/agilex_ws/install/nav2_msgs/lib:/home/agilex/agilex_ws/install/costmap_converter_msgs/lib PYTHONPATH=/home/agilex/agilex_ws/install/nav2_msgs/local/lib/python3.10/dist-packages:/home/agilex/agilex_ws/install/nav2_common/local/lib/python3.10/dist-packages:/home/agilex/agilex_ws/install/costmap_converter_msgs/local/lib/python3.10/dist-packages /usr/bin/cmake --install /home/agilex/agilex_ws/build/costmap_converter
[4.500s] DEBUG:colcon.colcon_core.event_handler.log_command:Invoked command in '/home/agilex/agilex_ws/build/dwb_core' returned '0': AMENT_PREFIX_PATH=/home/agilex/agilex_ws/install/nav2_core:/home/agilex/agilex_ws/install/nav2_costmap_2d:/home/agilex/agilex_ws/install/nav_2d_utils:/home/agilex/agilex_ws/install/nav2_util:/home/agilex/agilex_ws/install/nav2_voxel_grid:/home/agilex/agilex_ws/install/nav2_msgs:/home/agilex/agilex_ws/install/dwb_msgs:/home/agilex/agilex_ws/install/nav_2d_msgs:/home/agilex/agilex_ws/install/nav2_common CMAKE_PREFIX_PATH=/home/agilex/agilex_ws/install/nav2_core:/home/agilex/agilex_ws/install/nav2_costmap_2d:/home/agilex/agilex_ws/install/nav_2d_utils:/home/agilex/agilex_ws/install/nav2_util:/home/agilex/agilex_ws/install/nav2_voxel_grid:/home/agilex/agilex_ws/install/nav2_msgs:/home/agilex/agilex_ws/install/dwb_msgs:/home/agilex/agilex_ws/install/nav_2d_msgs:/home/agilex/agilex_ws/install/nav2_common LD_LIBRARY_PATH=/home/agilex/agilex_ws/install/nav2_costmap_2d/lib:/home/agilex/agilex_ws/install/nav_2d_utils/lib:/home/agilex/agilex_ws/install/nav2_util/lib:/home/agilex/agilex_ws/install/nav2_voxel_grid/lib:/home/agilex/agilex_ws/install/nav2_msgs/lib:/home/agilex/agilex_ws/install/dwb_msgs/lib:/home/agilex/agilex_ws/install/nav_2d_msgs/lib PYTHONPATH=/home/agilex/agilex_ws/install/nav2_msgs/local/lib/python3.10/dist-packages:/home/agilex/agilex_ws/install/dwb_msgs/local/lib/python3.10/dist-packages:/home/agilex/agilex_ws/install/nav_2d_msgs/local/lib/python3.10/dist-packages:/home/agilex/agilex_ws/install/nav2_common/local/lib/python3.10/dist-packages /usr/bin/cmake --build /home/agilex/agilex_ws/build/dwb_core -- -j16 -l16
[4.524s] DEBUG:colcon.colcon_core.event_handler.log_command:Invoked command in '/home/agilex/agilex_ws/build/nav2_regulated_pure_pursuit_controller' returned '0': AMENT_PREFIX_PATH=/home/agilex/agilex_ws/install/nav2_core:/home/agilex/agilex_ws/install/nav2_costmap_2d:/home/agilex/agilex_ws/install/nav2_util:/home/agilex/agilex_ws/install/nav2_voxel_grid:/home/agilex/agilex_ws/install/nav2_msgs:/home/agilex/agilex_ws/install/nav2_common CMAKE_PREFIX_PATH=/home/agilex/agilex_ws/install/nav2_core:/home/agilex/agilex_ws/install/nav2_costmap_2d:/home/agilex/agilex_ws/install/nav2_util:/home/agilex/agilex_ws/install/nav2_voxel_grid:/home/agilex/agilex_ws/install/nav2_msgs:/home/agilex/agilex_ws/install/nav2_common LD_LIBRARY_PATH=/home/agilex/agilex_ws/install/nav2_costmap_2d/lib:/home/agilex/agilex_ws/install/nav2_util/lib:/home/agilex/agilex_ws/install/nav2_voxel_grid/lib:/home/agilex/agilex_ws/install/nav2_msgs/lib PYTHONPATH=/home/agilex/agilex_ws/install/nav2_msgs/local/lib/python3.10/dist-packages:/home/agilex/agilex_ws/install/nav2_common/local/lib/python3.10/dist-packages /usr/bin/cmake --build /home/agilex/agilex_ws/build/nav2_regulated_pure_pursuit_controller -- -j16 -l16
[4.541s] Level 1:colcon.colcon_core.environment:create_environment_scripts_only(costmap_converter)
[4.542s] DEBUG:colcon.colcon_core.event_handler.log_command:Invoked command in '/home/agilex/agilex_ws/build/nav2_planner' returned '0': AMENT_PREFIX_PATH=/home/agilex/agilex_ws/install/nav2_core:/home/agilex/agilex_ws/install/nav2_costmap_2d:/home/agilex/agilex_ws/install/nav2_util:/home/agilex/agilex_ws/install/nav2_voxel_grid:/home/agilex/agilex_ws/install/nav2_msgs:/home/agilex/agilex_ws/install/nav2_common CMAKE_PREFIX_PATH=/home/agilex/agilex_ws/install/nav2_core:/home/agilex/agilex_ws/install/nav2_costmap_2d:/home/agilex/agilex_ws/install/nav2_util:/home/agilex/agilex_ws/install/nav2_voxel_grid:/home/agilex/agilex_ws/install/nav2_msgs:/home/agilex/agilex_ws/install/nav2_common LD_LIBRARY_PATH=/home/agilex/agilex_ws/install/nav2_costmap_2d/lib:/home/agilex/agilex_ws/install/nav2_util/lib:/home/agilex/agilex_ws/install/nav2_voxel_grid/lib:/home/agilex/agilex_ws/install/nav2_msgs/lib PYTHONPATH=/home/agilex/agilex_ws/install/nav2_msgs/local/lib/python3.10/dist-packages:/home/agilex/agilex_ws/install/nav2_common/local/lib/python3.10/dist-packages /usr/bin/cmake --build /home/agilex/agilex_ws/build/nav2_planner -- -j16 -l16
[4.543s] DEBUG:colcon.colcon_core.event_handler.log_command:Invoked command in '/home/agilex/agilex_ws/build/costmap_converter' returned '0': AMENT_PREFIX_PATH=/home/agilex/agilex_ws/install/nav2_costmap_2d:/home/agilex/agilex_ws/install/nav2_util:/home/agilex/agilex_ws/install/nav2_voxel_grid:/home/agilex/agilex_ws/install/nav2_msgs:/home/agilex/agilex_ws/install/nav2_common:/home/agilex/agilex_ws/install/costmap_converter_msgs CMAKE_PREFIX_PATH=/home/agilex/agilex_ws/install/nav2_costmap_2d:/home/agilex/agilex_ws/install/nav2_util:/home/agilex/agilex_ws/install/nav2_voxel_grid:/home/agilex/agilex_ws/install/nav2_msgs:/home/agilex/agilex_ws/install/nav2_common:/home/agilex/agilex_ws/install/costmap_converter_msgs LD_LIBRARY_PATH=/home/agilex/agilex_ws/install/nav2_costmap_2d/lib:/home/agilex/agilex_ws/install/nav2_util/lib:/home/agilex/agilex_ws/install/nav2_voxel_grid/lib:/home/agilex/agilex_ws/install/nav2_msgs/lib:/home/agilex/agilex_ws/install/costmap_converter_msgs/lib PYTHONPATH=/home/agilex/agilex_ws/install/nav2_msgs/local/lib/python3.10/dist-packages:/home/agilex/agilex_ws/install/nav2_common/local/lib/python3.10/dist-packages:/home/agilex/agilex_ws/install/costmap_converter_msgs/local/lib/python3.10/dist-packages /usr/bin/cmake --install /home/agilex/agilex_ws/build/costmap_converter
[4.554s] Level 1:colcon.colcon_core.environment:checking '/home/agilex/agilex_ws/install/costmap_converter' for CMake module files
[4.555s] Level 1:colcon.colcon_core.environment:checking '/home/agilex/agilex_ws/install/costmap_converter' for CMake config files
[4.555s] Level 1:colcon.colcon_core.shell:create_environment_hook('costmap_converter', 'cmake_prefix_path')
[4.563s] INFO:colcon.colcon_core.shell:Creating environment hook '/home/agilex/agilex_ws/install/costmap_converter/share/costmap_converter/hook/cmake_prefix_path.ps1'
[4.563s] INFO:colcon.colcon_core.shell:Creating environment descriptor '/home/agilex/agilex_ws/install/costmap_converter/share/costmap_converter/hook/cmake_prefix_path.dsv'
[4.563s] INFO:colcon.colcon_core.shell:Creating environment hook '/home/agilex/agilex_ws/install/costmap_converter/share/costmap_converter/hook/cmake_prefix_path.sh'
[4.564s] Level 1:colcon.colcon_core.environment:checking '/home/agilex/agilex_ws/install/costmap_converter/lib'
[4.564s] Level 1:colcon.colcon_core.shell:create_environment_hook('costmap_converter', 'ld_library_path_lib')
[4.570s] INFO:colcon.colcon_core.shell:Creating environment hook '/home/agilex/agilex_ws/install/costmap_converter/share/costmap_converter/hook/ld_library_path_lib.ps1'
[4.570s] INFO:colcon.colcon_core.shell:Creating environment descriptor '/home/agilex/agilex_ws/install/costmap_converter/share/costmap_converter/hook/ld_library_path_lib.dsv'
[4.571s] INFO:colcon.colcon_core.shell:Creating environment hook '/home/agilex/agilex_ws/install/costmap_converter/share/costmap_converter/hook/ld_library_path_lib.sh'
[4.571s] Level 1:colcon.colcon_core.environment:checking '/home/agilex/agilex_ws/install/costmap_converter/bin'
[4.571s] Level 1:colcon.colcon_core.shell:create_environment_hook('costmap_converter', 'path')
[4.575s] INFO:colcon.colcon_core.shell:Creating environment hook '/home/agilex/agilex_ws/install/costmap_converter/share/costmap_converter/hook/path.ps1'
[4.575s] INFO:colcon.colcon_core.shell:Creating environment descriptor '/home/agilex/agilex_ws/install/costmap_converter/share/costmap_converter/hook/path.dsv'
[4.575s] INFO:colcon.colcon_core.shell:Creating environment hook '/home/agilex/agilex_ws/install/costmap_converter/share/costmap_converter/hook/path.sh'
[4.575s] Level 1:colcon.colcon_core.environment:checking '/home/agilex/agilex_ws/install/costmap_converter/lib/pkgconfig/costmap_converter.pc'
[4.575s] Level 1:colcon.colcon_core.environment:checking '/home/agilex/agilex_ws/install/costmap_converter/lib/python3.10/site-packages'
[4.576s] Level 1:colcon.colcon_core.environment:checking '/home/agilex/agilex_ws/install/costmap_converter/bin'
[4.576s] Level 1:colcon.colcon_core.shell:create_environment_hook('costmap_converter', 'pythonscriptspath')
[4.579s] INFO:colcon.colcon_core.shell:Creating environment hook '/home/agilex/agilex_ws/install/costmap_converter/share/costmap_converter/hook/pythonscriptspath.ps1'
[4.579s] INFO:colcon.colcon_core.shell:Creating environment descriptor '/home/agilex/agilex_ws/install/costmap_converter/share/costmap_converter/hook/pythonscriptspath.dsv'
[4.579s] INFO:colcon.colcon_core.shell:Creating environment hook '/home/agilex/agilex_ws/install/costmap_converter/share/costmap_converter/hook/pythonscriptspath.sh'
[4.582s] INFO:colcon.colcon_core.shell:Creating package script '/home/agilex/agilex_ws/install/costmap_converter/share/costmap_converter/package.ps1'
[4.583s] INFO:colcon.colcon_core.shell:Creating package descriptor '/home/agilex/agilex_ws/install/costmap_converter/share/costmap_converter/package.dsv'
[4.583s] INFO:colcon.colcon_core.shell:Creating package script '/home/agilex/agilex_ws/install/costmap_converter/share/costmap_converter/package.sh'
[4.583s] INFO:colcon.colcon_core.shell:Creating package script '/home/agilex/agilex_ws/install/costmap_converter/share/costmap_converter/package.bash'
[4.583s] INFO:colcon.colcon_core.shell:Creating package script '/home/agilex/agilex_ws/install/costmap_converter/share/costmap_converter/package.zsh'
[4.584s] Level 1:colcon.colcon_core.environment:create_file_with_runtime_dependencies(/home/agilex/agilex_ws/install/costmap_converter/share/colcon-core/packages/costmap_converter)
[4.586s] DEBUG:colcon.colcon_core.event_handler.log_command:Invoked command in '/home/agilex/agilex_ws/build/nav2_bt_navigator' returned '0': AMENT_PREFIX_PATH=/home/agilex/agilex_ws/install/nav2_core:/home/agilex/agilex_ws/install/nav2_costmap_2d:/home/agilex/agilex_ws/install/nav2_behavior_tree:/home/agilex/agilex_ws/install/nav2_util:/home/agilex/agilex_ws/install/nav2_voxel_grid:/home/agilex/agilex_ws/install/nav2_msgs:/home/agilex/agilex_ws/install/nav2_common CMAKE_PREFIX_PATH=/home/agilex/agilex_ws/install/nav2_core:/home/agilex/agilex_ws/install/nav2_costmap_2d:/home/agilex/agilex_ws/install/nav2_behavior_tree:/home/agilex/agilex_ws/install/nav2_util:/home/agilex/agilex_ws/install/nav2_voxel_grid:/home/agilex/agilex_ws/install/nav2_msgs:/home/agilex/agilex_ws/install/nav2_common LD_LIBRARY_PATH=/home/agilex/agilex_ws/install/nav2_costmap_2d/lib:/home/agilex/agilex_ws/install/nav2_behavior_tree/lib:/home/agilex/agilex_ws/install/nav2_util/lib:/home/agilex/agilex_ws/install/nav2_voxel_grid/lib:/home/agilex/agilex_ws/install/nav2_msgs/lib PYTHONPATH=/home/agilex/agilex_ws/install/nav2_msgs/local/lib/python3.10/dist-packages:/home/agilex/agilex_ws/install/nav2_common/local/lib/python3.10/dist-packages /usr/bin/cmake --build /home/agilex/agilex_ws/build/nav2_bt_navigator -- -j16 -l16
[4.587s] DEBUG:colcon.colcon_core.event_handler.log_command:Invoked command in '/home/agilex/agilex_ws/build/nav2_navfn_planner' returned '0': AMENT_PREFIX_PATH=/home/agilex/agilex_ws/install/nav2_core:/home/agilex/agilex_ws/install/nav2_costmap_2d:/home/agilex/agilex_ws/install/nav2_util:/home/agilex/agilex_ws/install/nav2_voxel_grid:/home/agilex/agilex_ws/install/nav2_msgs:/home/agilex/agilex_ws/install/nav2_common CMAKE_PREFIX_PATH=/home/agilex/agilex_ws/install/nav2_core:/home/agilex/agilex_ws/install/nav2_costmap_2d:/home/agilex/agilex_ws/install/nav2_util:/home/agilex/agilex_ws/install/nav2_voxel_grid:/home/agilex/agilex_ws/install/nav2_msgs:/home/agilex/agilex_ws/install/nav2_common LD_LIBRARY_PATH=/home/agilex/agilex_ws/install/nav2_costmap_2d/lib:/home/agilex/agilex_ws/install/nav2_util/lib:/home/agilex/agilex_ws/install/nav2_voxel_grid/lib:/home/agilex/agilex_ws/install/nav2_msgs/lib PYTHONPATH=/home/agilex/agilex_ws/install/nav2_msgs/local/lib/python3.10/dist-packages:/home/agilex/agilex_ws/install/nav2_common/local/lib/python3.10/dist-packages /usr/bin/cmake --build /home/agilex/agilex_ws/build/nav2_navfn_planner -- -j16 -l16
[4.590s] DEBUG:colcon.colcon_core.event_handler.log_command:Invoking command in '/home/agilex/agilex_ws/build/dwb_core': AMENT_PREFIX_PATH=/home/agilex/agilex_ws/install/nav2_core:/home/agilex/agilex_ws/install/nav2_costmap_2d:/home/agilex/agilex_ws/install/nav_2d_utils:/home/agilex/agilex_ws/install/nav2_util:/home/agilex/agilex_ws/install/nav2_voxel_grid:/home/agilex/agilex_ws/install/nav2_msgs:/home/agilex/agilex_ws/install/dwb_msgs:/home/agilex/agilex_ws/install/nav_2d_msgs:/home/agilex/agilex_ws/install/nav2_common CMAKE_PREFIX_PATH=/home/agilex/agilex_ws/install/nav2_core:/home/agilex/agilex_ws/install/nav2_costmap_2d:/home/agilex/agilex_ws/install/nav_2d_utils:/home/agilex/agilex_ws/install/nav2_util:/home/agilex/agilex_ws/install/nav2_voxel_grid:/home/agilex/agilex_ws/install/nav2_msgs:/home/agilex/agilex_ws/install/dwb_msgs:/home/agilex/agilex_ws/install/nav_2d_msgs:/home/agilex/agilex_ws/install/nav2_common LD_LIBRARY_PATH=/home/agilex/agilex_ws/install/nav2_costmap_2d/lib:/home/agilex/agilex_ws/install/nav_2d_utils/lib:/home/agilex/agilex_ws/install/nav2_util/lib:/home/agilex/agilex_ws/install/nav2_voxel_grid/lib:/home/agilex/agilex_ws/install/nav2_msgs/lib:/home/agilex/agilex_ws/install/dwb_msgs/lib:/home/agilex/agilex_ws/install/nav_2d_msgs/lib PYTHONPATH=/home/agilex/agilex_ws/install/nav2_msgs/local/lib/python3.10/dist-packages:/home/agilex/agilex_ws/install/dwb_msgs/local/lib/python3.10/dist-packages:/home/agilex/agilex_ws/install/nav_2d_msgs/local/lib/python3.10/dist-packages:/home/agilex/agilex_ws/install/nav2_common/local/lib/python3.10/dist-packages /usr/bin/cmake --install /home/agilex/agilex_ws/build/dwb_core
[4.591s] DEBUG:colcon.colcon_core.event_handler.log_command:Invoked command in '/home/agilex/agilex_ws/build/nav2_behaviors' returned '0': AMENT_PREFIX_PATH=/home/agilex/agilex_ws/install/nav2_core:/home/agilex/agilex_ws/install/nav2_costmap_2d:/home/agilex/agilex_ws/install/nav2_behavior_tree:/home/agilex/agilex_ws/install/nav2_util:/home/agilex/agilex_ws/install/nav2_voxel_grid:/home/agilex/agilex_ws/install/nav2_msgs:/home/agilex/agilex_ws/install/nav2_common CMAKE_PREFIX_PATH=/home/agilex/agilex_ws/install/nav2_core:/home/agilex/agilex_ws/install/nav2_costmap_2d:/home/agilex/agilex_ws/install/nav2_behavior_tree:/home/agilex/agilex_ws/install/nav2_util:/home/agilex/agilex_ws/install/nav2_voxel_grid:/home/agilex/agilex_ws/install/nav2_msgs:/home/agilex/agilex_ws/install/nav2_common LD_LIBRARY_PATH=/home/agilex/agilex_ws/install/nav2_costmap_2d/lib:/home/agilex/agilex_ws/install/nav2_behavior_tree/lib:/home/agilex/agilex_ws/install/nav2_util/lib:/home/agilex/agilex_ws/install/nav2_voxel_grid/lib:/home/agilex/agilex_ws/install/nav2_msgs/lib PYTHONPATH=/home/agilex/agilex_ws/install/nav2_msgs/local/lib/python3.10/dist-packages:/home/agilex/agilex_ws/install/nav2_common/local/lib/python3.10/dist-packages /usr/bin/cmake --build /home/agilex/agilex_ws/build/nav2_behaviors -- -j16 -l16
[4.600s] Level 1:colcon.colcon_core.environment:create_environment_scripts_only(costmap_queue)
[4.605s] Level 1:colcon.colcon_core.environment:checking '/home/agilex/agilex_ws/install/costmap_queue' for CMake module files
[4.606s] Level 1:colcon.colcon_core.environment:checking '/home/agilex/agilex_ws/install/costmap_queue' for CMake config files
[4.606s] Level 1:colcon.colcon_core.shell:create_environment_hook('costmap_queue', 'cmake_prefix_path')
[4.609s] INFO:colcon.colcon_core.shell:Creating environment hook '/home/agilex/agilex_ws/install/costmap_queue/share/costmap_queue/hook/cmake_prefix_path.ps1'
[4.610s] INFO:colcon.colcon_core.shell:Creating environment descriptor '/home/agilex/agilex_ws/install/costmap_queue/share/costmap_queue/hook/cmake_prefix_path.dsv'
[4.610s] INFO:colcon.colcon_core.shell:Creating environment hook '/home/agilex/agilex_ws/install/costmap_queue/share/costmap_queue/hook/cmake_prefix_path.sh'
[4.610s] Level 1:colcon.colcon_core.environment:checking '/home/agilex/agilex_ws/install/costmap_queue/lib'
[4.610s] Level 1:colcon.colcon_core.environment:checking '/home/agilex/agilex_ws/install/costmap_queue/bin'
[4.610s] Level 1:colcon.colcon_core.environment:checking '/home/agilex/agilex_ws/install/costmap_queue/lib/pkgconfig/costmap_queue.pc'
[4.610s] Level 1:colcon.colcon_core.environment:checking '/home/agilex/agilex_ws/install/costmap_queue/lib/python3.10/site-packages'
[4.611s] Level 1:colcon.colcon_core.environment:checking '/home/agilex/agilex_ws/install/costmap_queue/bin'
[4.615s] INFO:colcon.colcon_core.shell:Creating package script '/home/agilex/agilex_ws/install/costmap_queue/share/costmap_queue/package.ps1'
[4.615s] INFO:colcon.colcon_core.shell:Creating package descriptor '/home/agilex/agilex_ws/install/costmap_queue/share/costmap_queue/package.dsv'
[4.615s] INFO:colcon.colcon_core.shell:Creating package script '/home/agilex/agilex_ws/install/costmap_queue/share/costmap_queue/package.sh'
[4.616s] INFO:colcon.colcon_core.shell:Creating package script '/home/agilex/agilex_ws/install/costmap_queue/share/costmap_queue/package.bash'
[4.616s] INFO:colcon.colcon_core.shell:Creating package script '/home/agilex/agilex_ws/install/costmap_queue/share/costmap_queue/package.zsh'
[4.616s] Level 1:colcon.colcon_core.environment:create_file_with_runtime_dependencies(/home/agilex/agilex_ws/install/costmap_queue/share/colcon-core/packages/costmap_queue)
[4.617s] DEBUG:colcon.colcon_core.event_handler.log_command:Invoked command in '/home/agilex/agilex_ws/build/nav2_waypoint_follower' returned '0': AMENT_PREFIX_PATH=/home/agilex/agilex_ws/install/nav2_core:/home/agilex/agilex_ws/install/nav2_costmap_2d:/home/agilex/agilex_ws/install/nav2_util:/home/agilex/agilex_ws/install/nav2_voxel_grid:/home/agilex/agilex_ws/install/nav2_msgs:/home/agilex/agilex_ws/install/nav2_common CMAKE_PREFIX_PATH=/home/agilex/agilex_ws/install/nav2_core:/home/agilex/agilex_ws/install/nav2_costmap_2d:/home/agilex/agilex_ws/install/nav2_util:/home/agilex/agilex_ws/install/nav2_voxel_grid:/home/agilex/agilex_ws/install/nav2_msgs:/home/agilex/agilex_ws/install/nav2_common LD_LIBRARY_PATH=/home/agilex/agilex_ws/install/nav2_costmap_2d/lib:/home/agilex/agilex_ws/install/nav2_util/lib:/home/agilex/agilex_ws/install/nav2_voxel_grid/lib:/home/agilex/agilex_ws/install/nav2_msgs/lib PYTHONPATH=/home/agilex/agilex_ws/install/nav2_msgs/local/lib/python3.10/dist-packages:/home/agilex/agilex_ws/install/nav2_common/local/lib/python3.10/dist-packages /usr/bin/cmake --build /home/agilex/agilex_ws/build/nav2_waypoint_follower -- -j16 -l16
[4.617s] DEBUG:colcon.colcon_core.event_handler.log_command:Invoked command in '/home/agilex/agilex_ws/build/nav2_theta_star_planner' returned '0': AMENT_PREFIX_PATH=/home/agilex/agilex_ws/install/nav2_core:/home/agilex/agilex_ws/install/nav2_costmap_2d:/home/agilex/agilex_ws/install/nav2_util:/home/agilex/agilex_ws/install/nav2_voxel_grid:/home/agilex/agilex_ws/install/nav2_msgs:/home/agilex/agilex_ws/install/nav2_common CMAKE_PREFIX_PATH=/home/agilex/agilex_ws/install/nav2_core:/home/agilex/agilex_ws/install/nav2_costmap_2d:/home/agilex/agilex_ws/install/nav2_util:/home/agilex/agilex_ws/install/nav2_voxel_grid:/home/agilex/agilex_ws/install/nav2_msgs:/home/agilex/agilex_ws/install/nav2_common LD_LIBRARY_PATH=/home/agilex/agilex_ws/install/nav2_costmap_2d/lib:/home/agilex/agilex_ws/install/nav2_util/lib:/home/agilex/agilex_ws/install/nav2_voxel_grid/lib:/home/agilex/agilex_ws/install/nav2_msgs/lib PYTHONPATH=/home/agilex/agilex_ws/install/nav2_msgs/local/lib/python3.10/dist-packages:/home/agilex/agilex_ws/install/nav2_common/local/lib/python3.10/dist-packages /usr/bin/cmake --build /home/agilex/agilex_ws/build/nav2_theta_star_planner -- -j16 -l16
[4.618s] DEBUG:colcon.colcon_core.event_handler.log_command:Invoked command in '/home/agilex/agilex_ws/build/nav2_smoother' returned '0': AMENT_PREFIX_PATH=/home/agilex/agilex_ws/install/nav2_core:/home/agilex/agilex_ws/install/nav2_costmap_2d:/home/agilex/agilex_ws/install/nav_2d_utils:/home/agilex/agilex_ws/install/nav2_util:/home/agilex/agilex_ws/install/nav2_voxel_grid:/home/agilex/agilex_ws/install/nav2_msgs:/home/agilex/agilex_ws/install/nav_2d_msgs:/home/agilex/agilex_ws/install/nav2_common CMAKE_PREFIX_PATH=/home/agilex/agilex_ws/install/nav2_core:/home/agilex/agilex_ws/install/nav2_costmap_2d:/home/agilex/agilex_ws/install/nav_2d_utils:/home/agilex/agilex_ws/install/nav2_util:/home/agilex/agilex_ws/install/nav2_voxel_grid:/home/agilex/agilex_ws/install/nav2_msgs:/home/agilex/agilex_ws/install/nav_2d_msgs:/home/agilex/agilex_ws/install/nav2_common LD_LIBRARY_PATH=/home/agilex/agilex_ws/install/nav2_costmap_2d/lib:/home/agilex/agilex_ws/install/nav_2d_utils/lib:/home/agilex/agilex_ws/install/nav2_util/lib:/home/agilex/agilex_ws/install/nav2_voxel_grid/lib:/home/agilex/agilex_ws/install/nav2_msgs/lib:/home/agilex/agilex_ws/install/nav_2d_msgs/lib PYTHONPATH=/home/agilex/agilex_ws/install/nav2_msgs/local/lib/python3.10/dist-packages:/home/agilex/agilex_ws/install/nav_2d_msgs/local/lib/python3.10/dist-packages:/home/agilex/agilex_ws/install/nav2_common/local/lib/python3.10/dist-packages /usr/bin/cmake --build /home/agilex/agilex_ws/build/nav2_smoother -- -j16 -l16
[4.619s] DEBUG:colcon.colcon_core.event_handler.log_command:Invoked command in '/home/agilex/agilex_ws/build/nav2_controller' returned '0': AMENT_PREFIX_PATH=/home/agilex/agilex_ws/install/nav2_core:/home/agilex/agilex_ws/install/nav2_costmap_2d:/home/agilex/agilex_ws/install/nav_2d_utils:/home/agilex/agilex_ws/install/nav2_util:/home/agilex/agilex_ws/install/nav2_voxel_grid:/home/agilex/agilex_ws/install/nav2_msgs:/home/agilex/agilex_ws/install/nav_2d_msgs:/home/agilex/agilex_ws/install/nav2_common CMAKE_PREFIX_PATH=/home/agilex/agilex_ws/install/nav2_core:/home/agilex/agilex_ws/install/nav2_costmap_2d:/home/agilex/agilex_ws/install/nav_2d_utils:/home/agilex/agilex_ws/install/nav2_util:/home/agilex/agilex_ws/install/nav2_voxel_grid:/home/agilex/agilex_ws/install/nav2_msgs:/home/agilex/agilex_ws/install/nav_2d_msgs:/home/agilex/agilex_ws/install/nav2_common LD_LIBRARY_PATH=/home/agilex/agilex_ws/install/nav2_costmap_2d/lib:/home/agilex/agilex_ws/install/nav_2d_utils/lib:/home/agilex/agilex_ws/install/nav2_util/lib:/home/agilex/agilex_ws/install/nav2_voxel_grid/lib:/home/agilex/agilex_ws/install/nav2_msgs/lib:/home/agilex/agilex_ws/install/nav_2d_msgs/lib PYTHONPATH=/home/agilex/agilex_ws/install/nav2_msgs/local/lib/python3.10/dist-packages:/home/agilex/agilex_ws/install/nav_2d_msgs/local/lib/python3.10/dist-packages:/home/agilex/agilex_ws/install/nav2_common/local/lib/python3.10/dist-packages /usr/bin/cmake --build /home/agilex/agilex_ws/build/nav2_controller -- -j16 -l16
[4.621s] DEBUG:colcon.colcon_core.event_handler.log_command:Invoked command in '/home/agilex/agilex_ws/build/nav2_constrained_smoother' returned '0': AMENT_PREFIX_PATH=/home/agilex/agilex_ws/install/nav2_core:/home/agilex/agilex_ws/install/nav2_costmap_2d:/home/agilex/agilex_ws/install/nav2_util:/home/agilex/agilex_ws/install/nav2_voxel_grid:/home/agilex/agilex_ws/install/nav2_msgs:/home/agilex/agilex_ws/install/nav2_common CMAKE_PREFIX_PATH=/home/agilex/agilex_ws/install/nav2_core:/home/agilex/agilex_ws/install/nav2_costmap_2d:/home/agilex/agilex_ws/install/nav2_util:/home/agilex/agilex_ws/install/nav2_voxel_grid:/home/agilex/agilex_ws/install/nav2_msgs:/home/agilex/agilex_ws/install/nav2_common LD_LIBRARY_PATH=/home/agilex/agilex_ws/install/nav2_costmap_2d/lib:/home/agilex/agilex_ws/install/nav2_util/lib:/home/agilex/agilex_ws/install/nav2_voxel_grid/lib:/home/agilex/agilex_ws/install/nav2_msgs/lib PYTHONPATH=/home/agilex/agilex_ws/install/nav2_msgs/local/lib/python3.10/dist-packages:/home/agilex/agilex_ws/install/nav2_common/local/lib/python3.10/dist-packages /usr/bin/cmake --build /home/agilex/agilex_ws/build/nav2_constrained_smoother -- -j16 -l16
[4.623s] DEBUG:colcon.colcon_core.event_handler.log_command:Invoked command in '/home/agilex/agilex_ws/build/nav2_smac_planner' returned '0': AMENT_PREFIX_PATH=/home/agilex/agilex_ws/install/nav2_core:/home/agilex/agilex_ws/install/nav2_costmap_2d:/home/agilex/agilex_ws/install/nav2_util:/home/agilex/agilex_ws/install/nav2_voxel_grid:/home/agilex/agilex_ws/install/nav2_msgs:/home/agilex/agilex_ws/install/nav2_common CMAKE_PREFIX_PATH=/home/agilex/agilex_ws/install/nav2_core:/home/agilex/agilex_ws/install/nav2_costmap_2d:/home/agilex/agilex_ws/install/nav2_util:/home/agilex/agilex_ws/install/nav2_voxel_grid:/home/agilex/agilex_ws/install/nav2_msgs:/home/agilex/agilex_ws/install/nav2_common LD_LIBRARY_PATH=/home/agilex/agilex_ws/install/nav2_costmap_2d/lib:/home/agilex/agilex_ws/install/nav2_util/lib:/home/agilex/agilex_ws/install/nav2_voxel_grid/lib:/home/agilex/agilex_ws/install/nav2_msgs/lib PYTHONPATH=/home/agilex/agilex_ws/install/nav2_msgs/local/lib/python3.10/dist-packages:/home/agilex/agilex_ws/install/nav2_common/local/lib/python3.10/dist-packages /usr/bin/cmake --build /home/agilex/agilex_ws/build/nav2_smac_planner -- -j16 -l16
[4.625s] DEBUG:colcon.colcon_core.event_handler.log_command:Invoking command in '/home/agilex/agilex_ws/build/nav2_regulated_pure_pursuit_controller': AMENT_PREFIX_PATH=/home/agilex/agilex_ws/install/nav2_core:/home/agilex/agilex_ws/install/nav2_costmap_2d:/home/agilex/agilex_ws/install/nav2_util:/home/agilex/agilex_ws/install/nav2_voxel_grid:/home/agilex/agilex_ws/install/nav2_msgs:/home/agilex/agilex_ws/install/nav2_common CMAKE_PREFIX_PATH=/home/agilex/agilex_ws/install/nav2_core:/home/agilex/agilex_ws/install/nav2_costmap_2d:/home/agilex/agilex_ws/install/nav2_util:/home/agilex/agilex_ws/install/nav2_voxel_grid:/home/agilex/agilex_ws/install/nav2_msgs:/home/agilex/agilex_ws/install/nav2_common LD_LIBRARY_PATH=/home/agilex/agilex_ws/install/nav2_costmap_2d/lib:/home/agilex/agilex_ws/install/nav2_util/lib:/home/agilex/agilex_ws/install/nav2_voxel_grid/lib:/home/agilex/agilex_ws/install/nav2_msgs/lib PYTHONPATH=/home/agilex/agilex_ws/install/nav2_msgs/local/lib/python3.10/dist-packages:/home/agilex/agilex_ws/install/nav2_common/local/lib/python3.10/dist-packages /usr/bin/cmake --install /home/agilex/agilex_ws/build/nav2_regulated_pure_pursuit_controller
[4.627s] DEBUG:colcon.colcon_core.event_handler.log_command:Invoking command in '/home/agilex/agilex_ws/build/nav2_planner': AMENT_PREFIX_PATH=/home/agilex/agilex_ws/install/nav2_core:/home/agilex/agilex_ws/install/nav2_costmap_2d:/home/agilex/agilex_ws/install/nav2_util:/home/agilex/agilex_ws/install/nav2_voxel_grid:/home/agilex/agilex_ws/install/nav2_msgs:/home/agilex/agilex_ws/install/nav2_common CMAKE_PREFIX_PATH=/home/agilex/agilex_ws/install/nav2_core:/home/agilex/agilex_ws/install/nav2_costmap_2d:/home/agilex/agilex_ws/install/nav2_util:/home/agilex/agilex_ws/install/nav2_voxel_grid:/home/agilex/agilex_ws/install/nav2_msgs:/home/agilex/agilex_ws/install/nav2_common LD_LIBRARY_PATH=/home/agilex/agilex_ws/install/nav2_costmap_2d/lib:/home/agilex/agilex_ws/install/nav2_util/lib:/home/agilex/agilex_ws/install/nav2_voxel_grid/lib:/home/agilex/agilex_ws/install/nav2_msgs/lib PYTHONPATH=/home/agilex/agilex_ws/install/nav2_msgs/local/lib/python3.10/dist-packages:/home/agilex/agilex_ws/install/nav2_common/local/lib/python3.10/dist-packages /usr/bin/cmake --install /home/agilex/agilex_ws/build/nav2_planner
[4.628s] Level 1:colcon.colcon_core.environment:create_environment_scripts_only(dwb_core)
[4.629s] DEBUG:colcon.colcon_core.event_handler.log_command:Invoked command in '/home/agilex/agilex_ws/build/dwb_core' returned '0': AMENT_PREFIX_PATH=/home/agilex/agilex_ws/install/nav2_core:/home/agilex/agilex_ws/install/nav2_costmap_2d:/home/agilex/agilex_ws/install/nav_2d_utils:/home/agilex/agilex_ws/install/nav2_util:/home/agilex/agilex_ws/install/nav2_voxel_grid:/home/agilex/agilex_ws/install/nav2_msgs:/home/agilex/agilex_ws/install/dwb_msgs:/home/agilex/agilex_ws/install/nav_2d_msgs:/home/agilex/agilex_ws/install/nav2_common CMAKE_PREFIX_PATH=/home/agilex/agilex_ws/install/nav2_core:/home/agilex/agilex_ws/install/nav2_costmap_2d:/home/agilex/agilex_ws/install/nav_2d_utils:/home/agilex/agilex_ws/install/nav2_util:/home/agilex/agilex_ws/install/nav2_voxel_grid:/home/agilex/agilex_ws/install/nav2_msgs:/home/agilex/agilex_ws/install/dwb_msgs:/home/agilex/agilex_ws/install/nav_2d_msgs:/home/agilex/agilex_ws/install/nav2_common LD_LIBRARY_PATH=/home/agilex/agilex_ws/install/nav2_costmap_2d/lib:/home/agilex/agilex_ws/install/nav_2d_utils/lib:/home/agilex/agilex_ws/install/nav2_util/lib:/home/agilex/agilex_ws/install/nav2_voxel_grid/lib:/home/agilex/agilex_ws/install/nav2_msgs/lib:/home/agilex/agilex_ws/install/dwb_msgs/lib:/home/agilex/agilex_ws/install/nav_2d_msgs/lib PYTHONPATH=/home/agilex/agilex_ws/install/nav2_msgs/local/lib/python3.10/dist-packages:/home/agilex/agilex_ws/install/dwb_msgs/local/lib/python3.10/dist-packages:/home/agilex/agilex_ws/install/nav_2d_msgs/local/lib/python3.10/dist-packages:/home/agilex/agilex_ws/install/nav2_common/local/lib/python3.10/dist-packages /usr/bin/cmake --install /home/agilex/agilex_ws/build/dwb_core
[4.641s] Level 1:colcon.colcon_core.environment:checking '/home/agilex/agilex_ws/install/dwb_core' for CMake module files
[4.642s] Level 1:colcon.colcon_core.environment:checking '/home/agilex/agilex_ws/install/dwb_core' for CMake config files
[4.642s] Level 1:colcon.colcon_core.shell:create_environment_hook('dwb_core', 'cmake_prefix_path')
[4.649s] INFO:colcon.colcon_core.shell:Creating environment hook '/home/agilex/agilex_ws/install/dwb_core/share/dwb_core/hook/cmake_prefix_path.ps1'
[4.649s] INFO:colcon.colcon_core.shell:Creating environment descriptor '/home/agilex/agilex_ws/install/dwb_core/share/dwb_core/hook/cmake_prefix_path.dsv'
[4.649s] INFO:colcon.colcon_core.shell:Creating environment hook '/home/agilex/agilex_ws/install/dwb_core/share/dwb_core/hook/cmake_prefix_path.sh'
[4.650s] Level 1:colcon.colcon_core.environment:checking '/home/agilex/agilex_ws/install/dwb_core/lib'
[4.650s] Level 1:colcon.colcon_core.shell:create_environment_hook('dwb_core', 'ld_library_path_lib')
[4.654s] INFO:colcon.colcon_core.shell:Creating environment hook '/home/agilex/agilex_ws/install/dwb_core/share/dwb_core/hook/ld_library_path_lib.ps1'
[4.654s] INFO:colcon.colcon_core.shell:Creating environment descriptor '/home/agilex/agilex_ws/install/dwb_core/share/dwb_core/hook/ld_library_path_lib.dsv'
[4.654s] INFO:colcon.colcon_core.shell:Creating environment hook '/home/agilex/agilex_ws/install/dwb_core/share/dwb_core/hook/ld_library_path_lib.sh'
[4.654s] Level 1:colcon.colcon_core.environment:checking '/home/agilex/agilex_ws/install/dwb_core/bin'
[4.654s] Level 1:colcon.colcon_core.environment:checking '/home/agilex/agilex_ws/install/dwb_core/lib/pkgconfig/dwb_core.pc'
[4.655s] Level 1:colcon.colcon_core.environment:checking '/home/agilex/agilex_ws/install/dwb_core/lib/python3.10/site-packages'
[4.655s] Level 1:colcon.colcon_core.environment:checking '/home/agilex/agilex_ws/install/dwb_core/bin'
[4.658s] INFO:colcon.colcon_core.shell:Creating package script '/home/agilex/agilex_ws/install/dwb_core/share/dwb_core/package.ps1'
[4.658s] INFO:colcon.colcon_core.shell:Creating package descriptor '/home/agilex/agilex_ws/install/dwb_core/share/dwb_core/package.dsv'
[4.659s] INFO:colcon.colcon_core.shell:Creating package script '/home/agilex/agilex_ws/install/dwb_core/share/dwb_core/package.sh'
[4.659s] INFO:colcon.colcon_core.shell:Creating package script '/home/agilex/agilex_ws/install/dwb_core/share/dwb_core/package.bash'
[4.659s] INFO:colcon.colcon_core.shell:Creating package script '/home/agilex/agilex_ws/install/dwb_core/share/dwb_core/package.zsh'
[4.659s] Level 1:colcon.colcon_core.environment:create_file_with_runtime_dependencies(/home/agilex/agilex_ws/install/dwb_core/share/colcon-core/packages/dwb_core)
[4.661s] DEBUG:colcon.colcon_core.event_handler.log_command:Invoking command in '/home/agilex/agilex_ws/build/nav2_bt_navigator': AMENT_PREFIX_PATH=/home/agilex/agilex_ws/install/nav2_core:/home/agilex/agilex_ws/install/nav2_costmap_2d:/home/agilex/agilex_ws/install/nav2_behavior_tree:/home/agilex/agilex_ws/install/nav2_util:/home/agilex/agilex_ws/install/nav2_voxel_grid:/home/agilex/agilex_ws/install/nav2_msgs:/home/agilex/agilex_ws/install/nav2_common CMAKE_PREFIX_PATH=/home/agilex/agilex_ws/install/nav2_core:/home/agilex/agilex_ws/install/nav2_costmap_2d:/home/agilex/agilex_ws/install/nav2_behavior_tree:/home/agilex/agilex_ws/install/nav2_util:/home/agilex/agilex_ws/install/nav2_voxel_grid:/home/agilex/agilex_ws/install/nav2_msgs:/home/agilex/agilex_ws/install/nav2_common LD_LIBRARY_PATH=/home/agilex/agilex_ws/install/nav2_costmap_2d/lib:/home/agilex/agilex_ws/install/nav2_behavior_tree/lib:/home/agilex/agilex_ws/install/nav2_util/lib:/home/agilex/agilex_ws/install/nav2_voxel_grid/lib:/home/agilex/agilex_ws/install/nav2_msgs/lib PYTHONPATH=/home/agilex/agilex_ws/install/nav2_msgs/local/lib/python3.10/dist-packages:/home/agilex/agilex_ws/install/nav2_common/local/lib/python3.10/dist-packages /usr/bin/cmake --install /home/agilex/agilex_ws/build/nav2_bt_navigator
[4.662s] DEBUG:colcon.colcon_core.event_handler.log_command:Invoking command in '/home/agilex/agilex_ws/build/nav2_navfn_planner': AMENT_PREFIX_PATH=/home/agilex/agilex_ws/install/nav2_core:/home/agilex/agilex_ws/install/nav2_costmap_2d:/home/agilex/agilex_ws/install/nav2_util:/home/agilex/agilex_ws/install/nav2_voxel_grid:/home/agilex/agilex_ws/install/nav2_msgs:/home/agilex/agilex_ws/install/nav2_common CMAKE_PREFIX_PATH=/home/agilex/agilex_ws/install/nav2_core:/home/agilex/agilex_ws/install/nav2_costmap_2d:/home/agilex/agilex_ws/install/nav2_util:/home/agilex/agilex_ws/install/nav2_voxel_grid:/home/agilex/agilex_ws/install/nav2_msgs:/home/agilex/agilex_ws/install/nav2_common LD_LIBRARY_PATH=/home/agilex/agilex_ws/install/nav2_costmap_2d/lib:/home/agilex/agilex_ws/install/nav2_util/lib:/home/agilex/agilex_ws/install/nav2_voxel_grid/lib:/home/agilex/agilex_ws/install/nav2_msgs/lib PYTHONPATH=/home/agilex/agilex_ws/install/nav2_msgs/local/lib/python3.10/dist-packages:/home/agilex/agilex_ws/install/nav2_common/local/lib/python3.10/dist-packages /usr/bin/cmake --install /home/agilex/agilex_ws/build/nav2_navfn_planner
[4.668s] Level 1:colcon.colcon_core.environment:create_environment_scripts_only(costmap_converter)
[4.672s] Level 1:colcon.colcon_core.environment:checking '/home/agilex/agilex_ws/install/costmap_converter' for CMake module files
[4.672s] Level 1:colcon.colcon_core.environment:checking '/home/agilex/agilex_ws/install/costmap_converter' for CMake config files
[4.672s] Level 1:colcon.colcon_core.shell:create_environment_hook('costmap_converter', 'cmake_prefix_path')
[4.676s] INFO:colcon.colcon_core.shell:Creating environment hook '/home/agilex/agilex_ws/install/costmap_converter/share/costmap_converter/hook/cmake_prefix_path.ps1'
[4.676s] INFO:colcon.colcon_core.shell:Creating environment descriptor '/home/agilex/agilex_ws/install/costmap_converter/share/costmap_converter/hook/cmake_prefix_path.dsv'
[4.676s] INFO:colcon.colcon_core.shell:Creating environment hook '/home/agilex/agilex_ws/install/costmap_converter/share/costmap_converter/hook/cmake_prefix_path.sh'
[4.676s] Level 1:colcon.colcon_core.environment:checking '/home/agilex/agilex_ws/install/costmap_converter/lib'
[4.677s] Level 1:colcon.colcon_core.shell:create_environment_hook('costmap_converter', 'ld_library_path_lib')
[4.680s] INFO:colcon.colcon_core.shell:Creating environment hook '/home/agilex/agilex_ws/install/costmap_converter/share/costmap_converter/hook/ld_library_path_lib.ps1'
[4.680s] INFO:colcon.colcon_core.shell:Creating environment descriptor '/home/agilex/agilex_ws/install/costmap_converter/share/costmap_converter/hook/ld_library_path_lib.dsv'
[4.680s] INFO:colcon.colcon_core.shell:Creating environment hook '/home/agilex/agilex_ws/install/costmap_converter/share/costmap_converter/hook/ld_library_path_lib.sh'
[4.680s] Level 1:colcon.colcon_core.environment:checking '/home/agilex/agilex_ws/install/costmap_converter/bin'
[4.680s] Level 1:colcon.colcon_core.shell:create_environment_hook('costmap_converter', 'path')
[4.683s] INFO:colcon.colcon_core.shell:Creating environment hook '/home/agilex/agilex_ws/install/costmap_converter/share/costmap_converter/hook/path.ps1'
[4.684s] INFO:colcon.colcon_core.shell:Creating environment descriptor '/home/agilex/agilex_ws/install/costmap_converter/share/costmap_converter/hook/path.dsv'
[4.684s] INFO:colcon.colcon_core.shell:Creating environment hook '/home/agilex/agilex_ws/install/costmap_converter/share/costmap_converter/hook/path.sh'
[4.684s] Level 1:colcon.colcon_core.environment:checking '/home/agilex/agilex_ws/install/costmap_converter/lib/pkgconfig/costmap_converter.pc'
[4.684s] Level 1:colcon.colcon_core.environment:checking '/home/agilex/agilex_ws/install/costmap_converter/lib/python3.10/site-packages'
[4.684s] Level 1:colcon.colcon_core.environment:checking '/home/agilex/agilex_ws/install/costmap_converter/bin'
[4.684s] Level 1:colcon.colcon_core.shell:create_environment_hook('costmap_converter', 'pythonscriptspath')
[4.687s] INFO:colcon.colcon_core.shell:Creating environment hook '/home/agilex/agilex_ws/install/costmap_converter/share/costmap_converter/hook/pythonscriptspath.ps1'
[4.687s] INFO:colcon.colcon_core.shell:Creating environment descriptor '/home/agilex/agilex_ws/install/costmap_converter/share/costmap_converter/hook/pythonscriptspath.dsv'
[4.687s] INFO:colcon.colcon_core.shell:Creating environment hook '/home/agilex/agilex_ws/install/costmap_converter/share/costmap_converter/hook/pythonscriptspath.sh'
[4.691s] INFO:colcon.colcon_core.shell:Creating package script '/home/agilex/agilex_ws/install/costmap_converter/share/costmap_converter/package.ps1'
[4.691s] INFO:colcon.colcon_core.shell:Creating package descriptor '/home/agilex/agilex_ws/install/costmap_converter/share/costmap_converter/package.dsv'
[4.691s] INFO:colcon.colcon_core.shell:Creating package script '/home/agilex/agilex_ws/install/costmap_converter/share/costmap_converter/package.sh'
[4.691s] INFO:colcon.colcon_core.shell:Creating package script '/home/agilex/agilex_ws/install/costmap_converter/share/costmap_converter/package.bash'
[4.692s] INFO:colcon.colcon_core.shell:Creating package script '/home/agilex/agilex_ws/install/costmap_converter/share/costmap_converter/package.zsh'
[4.692s] Level 1:colcon.colcon_core.environment:create_file_with_runtime_dependencies(/home/agilex/agilex_ws/install/costmap_converter/share/colcon-core/packages/costmap_converter)
[4.694s] DEBUG:colcon.colcon_core.event_handler.log_command:Invoking command in '/home/agilex/agilex_ws/build/nav2_behaviors': AMENT_PREFIX_PATH=/home/agilex/agilex_ws/install/nav2_core:/home/agilex/agilex_ws/install/nav2_costmap_2d:/home/agilex/agilex_ws/install/nav2_behavior_tree:/home/agilex/agilex_ws/install/nav2_util:/home/agilex/agilex_ws/install/nav2_voxel_grid:/home/agilex/agilex_ws/install/nav2_msgs:/home/agilex/agilex_ws/install/nav2_common CMAKE_PREFIX_PATH=/home/agilex/agilex_ws/install/nav2_core:/home/agilex/agilex_ws/install/nav2_costmap_2d:/home/agilex/agilex_ws/install/nav2_behavior_tree:/home/agilex/agilex_ws/install/nav2_util:/home/agilex/agilex_ws/install/nav2_voxel_grid:/home/agilex/agilex_ws/install/nav2_msgs:/home/agilex/agilex_ws/install/nav2_common LD_LIBRARY_PATH=/home/agilex/agilex_ws/install/nav2_costmap_2d/lib:/home/agilex/agilex_ws/install/nav2_behavior_tree/lib:/home/agilex/agilex_ws/install/nav2_util/lib:/home/agilex/agilex_ws/install/nav2_voxel_grid/lib:/home/agilex/agilex_ws/install/nav2_msgs/lib PYTHONPATH=/home/agilex/agilex_ws/install/nav2_msgs/local/lib/python3.10/dist-packages:/home/agilex/agilex_ws/install/nav2_common/local/lib/python3.10/dist-packages /usr/bin/cmake --install /home/agilex/agilex_ws/build/nav2_behaviors
[4.701s] DEBUG:colcon.colcon_core.event_handler.log_command:Invoking command in '/home/agilex/agilex_ws/build/nav2_theta_star_planner': AMENT_PREFIX_PATH=/home/agilex/agilex_ws/install/nav2_core:/home/agilex/agilex_ws/install/nav2_costmap_2d:/home/agilex/agilex_ws/install/nav2_util:/home/agilex/agilex_ws/install/nav2_voxel_grid:/home/agilex/agilex_ws/install/nav2_msgs:/home/agilex/agilex_ws/install/nav2_common CMAKE_PREFIX_PATH=/home/agilex/agilex_ws/install/nav2_core:/home/agilex/agilex_ws/install/nav2_costmap_2d:/home/agilex/agilex_ws/install/nav2_util:/home/agilex/agilex_ws/install/nav2_voxel_grid:/home/agilex/agilex_ws/install/nav2_msgs:/home/agilex/agilex_ws/install/nav2_common LD_LIBRARY_PATH=/home/agilex/agilex_ws/install/nav2_costmap_2d/lib:/home/agilex/agilex_ws/install/nav2_util/lib:/home/agilex/agilex_ws/install/nav2_voxel_grid/lib:/home/agilex/agilex_ws/install/nav2_msgs/lib PYTHONPATH=/home/agilex/agilex_ws/install/nav2_msgs/local/lib/python3.10/dist-packages:/home/agilex/agilex_ws/install/nav2_common/local/lib/python3.10/dist-packages /usr/bin/cmake --install /home/agilex/agilex_ws/build/nav2_theta_star_planner
[4.701s] DEBUG:colcon.colcon_core.event_handler.log_command:Invoking command in '/home/agilex/agilex_ws/build/nav2_smoother': AMENT_PREFIX_PATH=/home/agilex/agilex_ws/install/nav2_core:/home/agilex/agilex_ws/install/nav2_costmap_2d:/home/agilex/agilex_ws/install/nav_2d_utils:/home/agilex/agilex_ws/install/nav2_util:/home/agilex/agilex_ws/install/nav2_voxel_grid:/home/agilex/agilex_ws/install/nav2_msgs:/home/agilex/agilex_ws/install/nav_2d_msgs:/home/agilex/agilex_ws/install/nav2_common CMAKE_PREFIX_PATH=/home/agilex/agilex_ws/install/nav2_core:/home/agilex/agilex_ws/install/nav2_costmap_2d:/home/agilex/agilex_ws/install/nav_2d_utils:/home/agilex/agilex_ws/install/nav2_util:/home/agilex/agilex_ws/install/nav2_voxel_grid:/home/agilex/agilex_ws/install/nav2_msgs:/home/agilex/agilex_ws/install/nav_2d_msgs:/home/agilex/agilex_ws/install/nav2_common LD_LIBRARY_PATH=/home/agilex/agilex_ws/install/nav2_costmap_2d/lib:/home/agilex/agilex_ws/install/nav_2d_utils/lib:/home/agilex/agilex_ws/install/nav2_util/lib:/home/agilex/agilex_ws/install/nav2_voxel_grid/lib:/home/agilex/agilex_ws/install/nav2_msgs/lib:/home/agilex/agilex_ws/install/nav_2d_msgs/lib PYTHONPATH=/home/agilex/agilex_ws/install/nav2_msgs/local/lib/python3.10/dist-packages:/home/agilex/agilex_ws/install/nav_2d_msgs/local/lib/python3.10/dist-packages:/home/agilex/agilex_ws/install/nav2_common/local/lib/python3.10/dist-packages /usr/bin/cmake --install /home/agilex/agilex_ws/build/nav2_smoother
[4.702s] DEBUG:colcon.colcon_core.event_handler.log_command:Invoking command in '/home/agilex/agilex_ws/build/nav2_waypoint_follower': AMENT_PREFIX_PATH=/home/agilex/agilex_ws/install/nav2_core:/home/agilex/agilex_ws/install/nav2_costmap_2d:/home/agilex/agilex_ws/install/nav2_util:/home/agilex/agilex_ws/install/nav2_voxel_grid:/home/agilex/agilex_ws/install/nav2_msgs:/home/agilex/agilex_ws/install/nav2_common CMAKE_PREFIX_PATH=/home/agilex/agilex_ws/install/nav2_core:/home/agilex/agilex_ws/install/nav2_costmap_2d:/home/agilex/agilex_ws/install/nav2_util:/home/agilex/agilex_ws/install/nav2_voxel_grid:/home/agilex/agilex_ws/install/nav2_msgs:/home/agilex/agilex_ws/install/nav2_common LD_LIBRARY_PATH=/home/agilex/agilex_ws/install/nav2_costmap_2d/lib:/home/agilex/agilex_ws/install/nav2_util/lib:/home/agilex/agilex_ws/install/nav2_voxel_grid/lib:/home/agilex/agilex_ws/install/nav2_msgs/lib PYTHONPATH=/home/agilex/agilex_ws/install/nav2_msgs/local/lib/python3.10/dist-packages:/home/agilex/agilex_ws/install/nav2_common/local/lib/python3.10/dist-packages /usr/bin/cmake --install /home/agilex/agilex_ws/build/nav2_waypoint_follower
[4.703s] DEBUG:colcon.colcon_core.event_handler.log_command:Invoking command in '/home/agilex/agilex_ws/build/nav2_constrained_smoother': AMENT_PREFIX_PATH=/home/agilex/agilex_ws/install/nav2_core:/home/agilex/agilex_ws/install/nav2_costmap_2d:/home/agilex/agilex_ws/install/nav2_util:/home/agilex/agilex_ws/install/nav2_voxel_grid:/home/agilex/agilex_ws/install/nav2_msgs:/home/agilex/agilex_ws/install/nav2_common CMAKE_PREFIX_PATH=/home/agilex/agilex_ws/install/nav2_core:/home/agilex/agilex_ws/install/nav2_costmap_2d:/home/agilex/agilex_ws/install/nav2_util:/home/agilex/agilex_ws/install/nav2_voxel_grid:/home/agilex/agilex_ws/install/nav2_msgs:/home/agilex/agilex_ws/install/nav2_common LD_LIBRARY_PATH=/home/agilex/agilex_ws/install/nav2_costmap_2d/lib:/home/agilex/agilex_ws/install/nav2_util/lib:/home/agilex/agilex_ws/install/nav2_voxel_grid/lib:/home/agilex/agilex_ws/install/nav2_msgs/lib PYTHONPATH=/home/agilex/agilex_ws/install/nav2_msgs/local/lib/python3.10/dist-packages:/home/agilex/agilex_ws/install/nav2_common/local/lib/python3.10/dist-packages /usr/bin/cmake --install /home/agilex/agilex_ws/build/nav2_constrained_smoother
[4.706s] DEBUG:colcon.colcon_core.event_handler.log_command:Invoking command in '/home/agilex/agilex_ws/build/nav2_controller': AMENT_PREFIX_PATH=/home/agilex/agilex_ws/install/nav2_core:/home/agilex/agilex_ws/install/nav2_costmap_2d:/home/agilex/agilex_ws/install/nav_2d_utils:/home/agilex/agilex_ws/install/nav2_util:/home/agilex/agilex_ws/install/nav2_voxel_grid:/home/agilex/agilex_ws/install/nav2_msgs:/home/agilex/agilex_ws/install/nav_2d_msgs:/home/agilex/agilex_ws/install/nav2_common CMAKE_PREFIX_PATH=/home/agilex/agilex_ws/install/nav2_core:/home/agilex/agilex_ws/install/nav2_costmap_2d:/home/agilex/agilex_ws/install/nav_2d_utils:/home/agilex/agilex_ws/install/nav2_util:/home/agilex/agilex_ws/install/nav2_voxel_grid:/home/agilex/agilex_ws/install/nav2_msgs:/home/agilex/agilex_ws/install/nav_2d_msgs:/home/agilex/agilex_ws/install/nav2_common LD_LIBRARY_PATH=/home/agilex/agilex_ws/install/nav2_costmap_2d/lib:/home/agilex/agilex_ws/install/nav_2d_utils/lib:/home/agilex/agilex_ws/install/nav2_util/lib:/home/agilex/agilex_ws/install/nav2_voxel_grid/lib:/home/agilex/agilex_ws/install/nav2_msgs/lib:/home/agilex/agilex_ws/install/nav_2d_msgs/lib PYTHONPATH=/home/agilex/agilex_ws/install/nav2_msgs/local/lib/python3.10/dist-packages:/home/agilex/agilex_ws/install/nav_2d_msgs/local/lib/python3.10/dist-packages:/home/agilex/agilex_ws/install/nav2_common/local/lib/python3.10/dist-packages /usr/bin/cmake --install /home/agilex/agilex_ws/build/nav2_controller
[4.707s] DEBUG:colcon.colcon_core.event_handler.log_command:Invoking command in '/home/agilex/agilex_ws/build/nav2_smac_planner': AMENT_PREFIX_PATH=/home/agilex/agilex_ws/install/nav2_core:/home/agilex/agilex_ws/install/nav2_costmap_2d:/home/agilex/agilex_ws/install/nav2_util:/home/agilex/agilex_ws/install/nav2_voxel_grid:/home/agilex/agilex_ws/install/nav2_msgs:/home/agilex/agilex_ws/install/nav2_common CMAKE_PREFIX_PATH=/home/agilex/agilex_ws/install/nav2_core:/home/agilex/agilex_ws/install/nav2_costmap_2d:/home/agilex/agilex_ws/install/nav2_util:/home/agilex/agilex_ws/install/nav2_voxel_grid:/home/agilex/agilex_ws/install/nav2_msgs:/home/agilex/agilex_ws/install/nav2_common LD_LIBRARY_PATH=/home/agilex/agilex_ws/install/nav2_costmap_2d/lib:/home/agilex/agilex_ws/install/nav2_util/lib:/home/agilex/agilex_ws/install/nav2_voxel_grid/lib:/home/agilex/agilex_ws/install/nav2_msgs/lib PYTHONPATH=/home/agilex/agilex_ws/install/nav2_msgs/local/lib/python3.10/dist-packages:/home/agilex/agilex_ws/install/nav2_common/local/lib/python3.10/dist-packages /usr/bin/cmake --install /home/agilex/agilex_ws/build/nav2_smac_planner
[4.708s] Level 1:colcon.colcon_core.environment:create_environment_scripts_only(nav2_regulated_pure_pursuit_controller)
[4.708s] DEBUG:colcon.colcon_core.event_handler.log_command:Invoked command in '/home/agilex/agilex_ws/build/nav2_regulated_pure_pursuit_controller' returned '0': AMENT_PREFIX_PATH=/home/agilex/agilex_ws/install/nav2_core:/home/agilex/agilex_ws/install/nav2_costmap_2d:/home/agilex/agilex_ws/install/nav2_util:/home/agilex/agilex_ws/install/nav2_voxel_grid:/home/agilex/agilex_ws/install/nav2_msgs:/home/agilex/agilex_ws/install/nav2_common CMAKE_PREFIX_PATH=/home/agilex/agilex_ws/install/nav2_core:/home/agilex/agilex_ws/install/nav2_costmap_2d:/home/agilex/agilex_ws/install/nav2_util:/home/agilex/agilex_ws/install/nav2_voxel_grid:/home/agilex/agilex_ws/install/nav2_msgs:/home/agilex/agilex_ws/install/nav2_common LD_LIBRARY_PATH=/home/agilex/agilex_ws/install/nav2_costmap_2d/lib:/home/agilex/agilex_ws/install/nav2_util/lib:/home/agilex/agilex_ws/install/nav2_voxel_grid/lib:/home/agilex/agilex_ws/install/nav2_msgs/lib PYTHONPATH=/home/agilex/agilex_ws/install/nav2_msgs/local/lib/python3.10/dist-packages:/home/agilex/agilex_ws/install/nav2_common/local/lib/python3.10/dist-packages /usr/bin/cmake --install /home/agilex/agilex_ws/build/nav2_regulated_pure_pursuit_controller
[4.715s] Level 1:colcon.colcon_core.environment:checking '/home/agilex/agilex_ws/install/nav2_regulated_pure_pursuit_controller' for CMake module files
[4.715s] Level 1:colcon.colcon_core.environment:checking '/home/agilex/agilex_ws/install/nav2_regulated_pure_pursuit_controller' for CMake config files
[4.715s] Level 1:colcon.colcon_core.shell:create_environment_hook('nav2_regulated_pure_pursuit_controller', 'cmake_prefix_path')
[4.719s] INFO:colcon.colcon_core.shell:Creating environment hook '/home/agilex/agilex_ws/install/nav2_regulated_pure_pursuit_controller/share/nav2_regulated_pure_pursuit_controller/hook/cmake_prefix_path.ps1'
[4.719s] INFO:colcon.colcon_core.shell:Creating environment descriptor '/home/agilex/agilex_ws/install/nav2_regulated_pure_pursuit_controller/share/nav2_regulated_pure_pursuit_controller/hook/cmake_prefix_path.dsv'
[4.719s] INFO:colcon.colcon_core.shell:Creating environment hook '/home/agilex/agilex_ws/install/nav2_regulated_pure_pursuit_controller/share/nav2_regulated_pure_pursuit_controller/hook/cmake_prefix_path.sh'
[4.720s] Level 1:colcon.colcon_core.environment:checking '/home/agilex/agilex_ws/install/nav2_regulated_pure_pursuit_controller/lib'
[4.720s] Level 1:colcon.colcon_core.shell:create_environment_hook('nav2_regulated_pure_pursuit_controller', 'ld_library_path_lib')
[4.723s] INFO:colcon.colcon_core.shell:Creating environment hook '/home/agilex/agilex_ws/install/nav2_regulated_pure_pursuit_controller/share/nav2_regulated_pure_pursuit_controller/hook/ld_library_path_lib.ps1'
[4.724s] INFO:colcon.colcon_core.shell:Creating environment descriptor '/home/agilex/agilex_ws/install/nav2_regulated_pure_pursuit_controller/share/nav2_regulated_pure_pursuit_controller/hook/ld_library_path_lib.dsv'
[4.724s] INFO:colcon.colcon_core.shell:Creating environment hook '/home/agilex/agilex_ws/install/nav2_regulated_pure_pursuit_controller/share/nav2_regulated_pure_pursuit_controller/hook/ld_library_path_lib.sh'
[4.724s] Level 1:colcon.colcon_core.environment:checking '/home/agilex/agilex_ws/install/nav2_regulated_pure_pursuit_controller/bin'
[4.724s] Level 1:colcon.colcon_core.environment:checking '/home/agilex/agilex_ws/install/nav2_regulated_pure_pursuit_controller/lib/pkgconfig/nav2_regulated_pure_pursuit_controller.pc'
[4.724s] Level 1:colcon.colcon_core.environment:checking '/home/agilex/agilex_ws/install/nav2_regulated_pure_pursuit_controller/lib/python3.10/site-packages'
[4.724s] Level 1:colcon.colcon_core.environment:checking '/home/agilex/agilex_ws/install/nav2_regulated_pure_pursuit_controller/bin'
[4.727s] INFO:colcon.colcon_core.shell:Creating package script '/home/agilex/agilex_ws/install/nav2_regulated_pure_pursuit_controller/share/nav2_regulated_pure_pursuit_controller/package.ps1'
[4.728s] INFO:colcon.colcon_core.shell:Creating package descriptor '/home/agilex/agilex_ws/install/nav2_regulated_pure_pursuit_controller/share/nav2_regulated_pure_pursuit_controller/package.dsv'
[4.728s] INFO:colcon.colcon_core.shell:Creating package script '/home/agilex/agilex_ws/install/nav2_regulated_pure_pursuit_controller/share/nav2_regulated_pure_pursuit_controller/package.sh'
[4.728s] INFO:colcon.colcon_core.shell:Creating package script '/home/agilex/agilex_ws/install/nav2_regulated_pure_pursuit_controller/share/nav2_regulated_pure_pursuit_controller/package.bash'
[4.728s] INFO:colcon.colcon_core.shell:Creating package script '/home/agilex/agilex_ws/install/nav2_regulated_pure_pursuit_controller/share/nav2_regulated_pure_pursuit_controller/package.zsh'
[4.728s] Level 1:colcon.colcon_core.environment:create_file_with_runtime_dependencies(/home/agilex/agilex_ws/install/nav2_regulated_pure_pursuit_controller/share/colcon-core/packages/nav2_regulated_pure_pursuit_controller)
[4.737s] Level 1:colcon.colcon_core.environment:create_environment_scripts_only(dwb_core)
[4.740s] Level 1:colcon.colcon_core.environment:checking '/home/agilex/agilex_ws/install/dwb_core' for CMake module files
[4.740s] Level 1:colcon.colcon_core.environment:checking '/home/agilex/agilex_ws/install/dwb_core' for CMake config files
[4.740s] Level 1:colcon.colcon_core.shell:create_environment_hook('dwb_core', 'cmake_prefix_path')
[4.743s] INFO:colcon.colcon_core.shell:Creating environment hook '/home/agilex/agilex_ws/install/dwb_core/share/dwb_core/hook/cmake_prefix_path.ps1'
[4.744s] INFO:colcon.colcon_core.shell:Creating environment descriptor '/home/agilex/agilex_ws/install/dwb_core/share/dwb_core/hook/cmake_prefix_path.dsv'
[4.744s] INFO:colcon.colcon_core.shell:Creating environment hook '/home/agilex/agilex_ws/install/dwb_core/share/dwb_core/hook/cmake_prefix_path.sh'
[4.744s] Level 1:colcon.colcon_core.environment:checking '/home/agilex/agilex_ws/install/dwb_core/lib'
[4.744s] Level 1:colcon.colcon_core.shell:create_environment_hook('dwb_core', 'ld_library_path_lib')
[4.747s] INFO:colcon.colcon_core.shell:Creating environment hook '/home/agilex/agilex_ws/install/dwb_core/share/dwb_core/hook/ld_library_path_lib.ps1'
[4.748s] INFO:colcon.colcon_core.shell:Creating environment descriptor '/home/agilex/agilex_ws/install/dwb_core/share/dwb_core/hook/ld_library_path_lib.dsv'
[4.748s] INFO:colcon.colcon_core.shell:Creating environment hook '/home/agilex/agilex_ws/install/dwb_core/share/dwb_core/hook/ld_library_path_lib.sh'
[4.748s] Level 1:colcon.colcon_core.environment:checking '/home/agilex/agilex_ws/install/dwb_core/bin'
[4.748s] Level 1:colcon.colcon_core.environment:checking '/home/agilex/agilex_ws/install/dwb_core/lib/pkgconfig/dwb_core.pc'
[4.748s] Level 1:colcon.colcon_core.environment:checking '/home/agilex/agilex_ws/install/dwb_core/lib/python3.10/site-packages'
[4.748s] Level 1:colcon.colcon_core.environment:checking '/home/agilex/agilex_ws/install/dwb_core/bin'
[4.751s] INFO:colcon.colcon_core.shell:Creating package script '/home/agilex/agilex_ws/install/dwb_core/share/dwb_core/package.ps1'
[4.751s] INFO:colcon.colcon_core.shell:Creating package descriptor '/home/agilex/agilex_ws/install/dwb_core/share/dwb_core/package.dsv'
[4.752s] INFO:colcon.colcon_core.shell:Creating package script '/home/agilex/agilex_ws/install/dwb_core/share/dwb_core/package.sh'
[4.752s] INFO:colcon.colcon_core.shell:Creating package script '/home/agilex/agilex_ws/install/dwb_core/share/dwb_core/package.bash'
[4.752s] INFO:colcon.colcon_core.shell:Creating package script '/home/agilex/agilex_ws/install/dwb_core/share/dwb_core/package.zsh'
[4.752s] Level 1:colcon.colcon_core.environment:create_file_with_runtime_dependencies(/home/agilex/agilex_ws/install/dwb_core/share/colcon-core/packages/dwb_core)
[4.752s] Level 1:colcon.colcon_core.environment:create_environment_scripts_only(nav2_navfn_planner)
[4.753s] DEBUG:colcon.colcon_core.event_handler.log_command:Invoked command in '/home/agilex/agilex_ws/build/nav2_navfn_planner' returned '0': AMENT_PREFIX_PATH=/home/agilex/agilex_ws/install/nav2_core:/home/agilex/agilex_ws/install/nav2_costmap_2d:/home/agilex/agilex_ws/install/nav2_util:/home/agilex/agilex_ws/install/nav2_voxel_grid:/home/agilex/agilex_ws/install/nav2_msgs:/home/agilex/agilex_ws/install/nav2_common CMAKE_PREFIX_PATH=/home/agilex/agilex_ws/install/nav2_core:/home/agilex/agilex_ws/install/nav2_costmap_2d:/home/agilex/agilex_ws/install/nav2_util:/home/agilex/agilex_ws/install/nav2_voxel_grid:/home/agilex/agilex_ws/install/nav2_msgs:/home/agilex/agilex_ws/install/nav2_common LD_LIBRARY_PATH=/home/agilex/agilex_ws/install/nav2_costmap_2d/lib:/home/agilex/agilex_ws/install/nav2_util/lib:/home/agilex/agilex_ws/install/nav2_voxel_grid/lib:/home/agilex/agilex_ws/install/nav2_msgs/lib PYTHONPATH=/home/agilex/agilex_ws/install/nav2_msgs/local/lib/python3.10/dist-packages:/home/agilex/agilex_ws/install/nav2_common/local/lib/python3.10/dist-packages /usr/bin/cmake --install /home/agilex/agilex_ws/build/nav2_navfn_planner
[4.756s] Level 1:colcon.colcon_core.environment:checking '/home/agilex/agilex_ws/install/nav2_navfn_planner' for CMake module files
[4.757s] Level 1:colcon.colcon_core.environment:checking '/home/agilex/agilex_ws/install/nav2_navfn_planner' for CMake config files
[4.757s] Level 1:colcon.colcon_core.shell:create_environment_hook('nav2_navfn_planner', 'cmake_prefix_path')
[4.760s] INFO:colcon.colcon_core.shell:Creating environment hook '/home/agilex/agilex_ws/install/nav2_navfn_planner/share/nav2_navfn_planner/hook/cmake_prefix_path.ps1'
[4.760s] INFO:colcon.colcon_core.shell:Creating environment descriptor '/home/agilex/agilex_ws/install/nav2_navfn_planner/share/nav2_navfn_planner/hook/cmake_prefix_path.dsv'
[4.760s] INFO:colcon.colcon_core.shell:Creating environment hook '/home/agilex/agilex_ws/install/nav2_navfn_planner/share/nav2_navfn_planner/hook/cmake_prefix_path.sh'
[4.761s] Level 1:colcon.colcon_core.environment:checking '/home/agilex/agilex_ws/install/nav2_navfn_planner/lib'
[4.761s] Level 1:colcon.colcon_core.shell:create_environment_hook('nav2_navfn_planner', 'ld_library_path_lib')
[4.764s] INFO:colcon.colcon_core.shell:Creating environment hook '/home/agilex/agilex_ws/install/nav2_navfn_planner/share/nav2_navfn_planner/hook/ld_library_path_lib.ps1'
[4.764s] INFO:colcon.colcon_core.shell:Creating environment descriptor '/home/agilex/agilex_ws/install/nav2_navfn_planner/share/nav2_navfn_planner/hook/ld_library_path_lib.dsv'
[4.765s] INFO:colcon.colcon_core.shell:Creating environment hook '/home/agilex/agilex_ws/install/nav2_navfn_planner/share/nav2_navfn_planner/hook/ld_library_path_lib.sh'
[4.765s] Level 1:colcon.colcon_core.environment:checking '/home/agilex/agilex_ws/install/nav2_navfn_planner/bin'
[4.765s] Level 1:colcon.colcon_core.environment:checking '/home/agilex/agilex_ws/install/nav2_navfn_planner/lib/pkgconfig/nav2_navfn_planner.pc'
[4.765s] Level 1:colcon.colcon_core.environment:checking '/home/agilex/agilex_ws/install/nav2_navfn_planner/lib/python3.10/site-packages'
[4.765s] Level 1:colcon.colcon_core.environment:checking '/home/agilex/agilex_ws/install/nav2_navfn_planner/bin'
[4.768s] INFO:colcon.colcon_core.shell:Creating package script '/home/agilex/agilex_ws/install/nav2_navfn_planner/share/nav2_navfn_planner/package.ps1'
[4.769s] INFO:colcon.colcon_core.shell:Creating package descriptor '/home/agilex/agilex_ws/install/nav2_navfn_planner/share/nav2_navfn_planner/package.dsv'
[4.769s] INFO:colcon.colcon_core.shell:Creating package script '/home/agilex/agilex_ws/install/nav2_navfn_planner/share/nav2_navfn_planner/package.sh'
[4.769s] INFO:colcon.colcon_core.shell:Creating package script '/home/agilex/agilex_ws/install/nav2_navfn_planner/share/nav2_navfn_planner/package.bash'
[4.769s] INFO:colcon.colcon_core.shell:Creating package script '/home/agilex/agilex_ws/install/nav2_navfn_planner/share/nav2_navfn_planner/package.zsh'
[4.769s] Level 1:colcon.colcon_core.environment:create_file_with_runtime_dependencies(/home/agilex/agilex_ws/install/nav2_navfn_planner/share/colcon-core/packages/nav2_navfn_planner)
[4.770s] Level 1:colcon.colcon_core.environment:create_environment_scripts_only(nav2_planner)
[4.770s] DEBUG:colcon.colcon_core.event_handler.log_command:Invoked command in '/home/agilex/agilex_ws/build/nav2_planner' returned '0': AMENT_PREFIX_PATH=/home/agilex/agilex_ws/install/nav2_core:/home/agilex/agilex_ws/install/nav2_costmap_2d:/home/agilex/agilex_ws/install/nav2_util:/home/agilex/agilex_ws/install/nav2_voxel_grid:/home/agilex/agilex_ws/install/nav2_msgs:/home/agilex/agilex_ws/install/nav2_common CMAKE_PREFIX_PATH=/home/agilex/agilex_ws/install/nav2_core:/home/agilex/agilex_ws/install/nav2_costmap_2d:/home/agilex/agilex_ws/install/nav2_util:/home/agilex/agilex_ws/install/nav2_voxel_grid:/home/agilex/agilex_ws/install/nav2_msgs:/home/agilex/agilex_ws/install/nav2_common LD_LIBRARY_PATH=/home/agilex/agilex_ws/install/nav2_costmap_2d/lib:/home/agilex/agilex_ws/install/nav2_util/lib:/home/agilex/agilex_ws/install/nav2_voxel_grid/lib:/home/agilex/agilex_ws/install/nav2_msgs/lib PYTHONPATH=/home/agilex/agilex_ws/install/nav2_msgs/local/lib/python3.10/dist-packages:/home/agilex/agilex_ws/install/nav2_common/local/lib/python3.10/dist-packages /usr/bin/cmake --install /home/agilex/agilex_ws/build/nav2_planner
[4.773s] Level 1:colcon.colcon_core.environment:checking '/home/agilex/agilex_ws/install/nav2_planner' for CMake module files
[4.774s] Level 1:colcon.colcon_core.environment:checking '/home/agilex/agilex_ws/install/nav2_planner' for CMake config files
[4.774s] Level 1:colcon.colcon_core.shell:create_environment_hook('nav2_planner', 'cmake_prefix_path')
[4.777s] INFO:colcon.colcon_core.shell:Creating environment hook '/home/agilex/agilex_ws/install/nav2_planner/share/nav2_planner/hook/cmake_prefix_path.ps1'
[4.777s] INFO:colcon.colcon_core.shell:Creating environment descriptor '/home/agilex/agilex_ws/install/nav2_planner/share/nav2_planner/hook/cmake_prefix_path.dsv'
[4.778s] INFO:colcon.colcon_core.shell:Creating environment hook '/home/agilex/agilex_ws/install/nav2_planner/share/nav2_planner/hook/cmake_prefix_path.sh'
[4.778s] Level 1:colcon.colcon_core.environment:checking '/home/agilex/agilex_ws/install/nav2_planner/lib'
[4.778s] Level 1:colcon.colcon_core.shell:create_environment_hook('nav2_planner', 'ld_library_path_lib')
[4.781s] INFO:colcon.colcon_core.shell:Creating environment hook '/home/agilex/agilex_ws/install/nav2_planner/share/nav2_planner/hook/ld_library_path_lib.ps1'
[4.781s] INFO:colcon.colcon_core.shell:Creating environment descriptor '/home/agilex/agilex_ws/install/nav2_planner/share/nav2_planner/hook/ld_library_path_lib.dsv'
[4.781s] INFO:colcon.colcon_core.shell:Creating environment hook '/home/agilex/agilex_ws/install/nav2_planner/share/nav2_planner/hook/ld_library_path_lib.sh'
[4.781s] Level 1:colcon.colcon_core.environment:checking '/home/agilex/agilex_ws/install/nav2_planner/bin'
[4.782s] Level 1:colcon.colcon_core.environment:checking '/home/agilex/agilex_ws/install/nav2_planner/lib/pkgconfig/nav2_planner.pc'
[4.782s] Level 1:colcon.colcon_core.environment:checking '/home/agilex/agilex_ws/install/nav2_planner/lib/python3.10/site-packages'
[4.782s] Level 1:colcon.colcon_core.environment:checking '/home/agilex/agilex_ws/install/nav2_planner/bin'
[4.785s] INFO:colcon.colcon_core.shell:Creating package script '/home/agilex/agilex_ws/install/nav2_planner/share/nav2_planner/package.ps1'
[4.785s] INFO:colcon.colcon_core.shell:Creating package descriptor '/home/agilex/agilex_ws/install/nav2_planner/share/nav2_planner/package.dsv'
[4.786s] INFO:colcon.colcon_core.shell:Creating package script '/home/agilex/agilex_ws/install/nav2_planner/share/nav2_planner/package.sh'
[4.786s] INFO:colcon.colcon_core.shell:Creating package script '/home/agilex/agilex_ws/install/nav2_planner/share/nav2_planner/package.bash'
[4.786s] INFO:colcon.colcon_core.shell:Creating package script '/home/agilex/agilex_ws/install/nav2_planner/share/nav2_planner/package.zsh'
[4.786s] Level 1:colcon.colcon_core.environment:create_file_with_runtime_dependencies(/home/agilex/agilex_ws/install/nav2_planner/share/colcon-core/packages/nav2_planner)
[4.787s] Level 1:colcon.colcon_core.environment:create_environment_scripts_only(nav2_bt_navigator)
[4.787s] DEBUG:colcon.colcon_core.event_handler.log_command:Invoked command in '/home/agilex/agilex_ws/build/nav2_bt_navigator' returned '0': AMENT_PREFIX_PATH=/home/agilex/agilex_ws/install/nav2_core:/home/agilex/agilex_ws/install/nav2_costmap_2d:/home/agilex/agilex_ws/install/nav2_behavior_tree:/home/agilex/agilex_ws/install/nav2_util:/home/agilex/agilex_ws/install/nav2_voxel_grid:/home/agilex/agilex_ws/install/nav2_msgs:/home/agilex/agilex_ws/install/nav2_common CMAKE_PREFIX_PATH=/home/agilex/agilex_ws/install/nav2_core:/home/agilex/agilex_ws/install/nav2_costmap_2d:/home/agilex/agilex_ws/install/nav2_behavior_tree:/home/agilex/agilex_ws/install/nav2_util:/home/agilex/agilex_ws/install/nav2_voxel_grid:/home/agilex/agilex_ws/install/nav2_msgs:/home/agilex/agilex_ws/install/nav2_common LD_LIBRARY_PATH=/home/agilex/agilex_ws/install/nav2_costmap_2d/lib:/home/agilex/agilex_ws/install/nav2_behavior_tree/lib:/home/agilex/agilex_ws/install/nav2_util/lib:/home/agilex/agilex_ws/install/nav2_voxel_grid/lib:/home/agilex/agilex_ws/install/nav2_msgs/lib PYTHONPATH=/home/agilex/agilex_ws/install/nav2_msgs/local/lib/python3.10/dist-packages:/home/agilex/agilex_ws/install/nav2_common/local/lib/python3.10/dist-packages /usr/bin/cmake --install /home/agilex/agilex_ws/build/nav2_bt_navigator
[4.791s] Level 1:colcon.colcon_core.environment:checking '/home/agilex/agilex_ws/install/nav2_bt_navigator' for CMake module files
[4.791s] Level 1:colcon.colcon_core.environment:checking '/home/agilex/agilex_ws/install/nav2_bt_navigator' for CMake config files
[4.791s] Level 1:colcon.colcon_core.shell:create_environment_hook('nav2_bt_navigator', 'cmake_prefix_path')
[4.794s] INFO:colcon.colcon_core.shell:Creating environment hook '/home/agilex/agilex_ws/install/nav2_bt_navigator/share/nav2_bt_navigator/hook/cmake_prefix_path.ps1'
[4.795s] INFO:colcon.colcon_core.shell:Creating environment descriptor '/home/agilex/agilex_ws/install/nav2_bt_navigator/share/nav2_bt_navigator/hook/cmake_prefix_path.dsv'
[4.795s] INFO:colcon.colcon_core.shell:Creating environment hook '/home/agilex/agilex_ws/install/nav2_bt_navigator/share/nav2_bt_navigator/hook/cmake_prefix_path.sh'
[4.795s] Level 1:colcon.colcon_core.environment:checking '/home/agilex/agilex_ws/install/nav2_bt_navigator/lib'
[4.796s] Level 1:colcon.colcon_core.shell:create_environment_hook('nav2_bt_navigator', 'ld_library_path_lib')
[4.799s] INFO:colcon.colcon_core.shell:Creating environment hook '/home/agilex/agilex_ws/install/nav2_bt_navigator/share/nav2_bt_navigator/hook/ld_library_path_lib.ps1'
[4.799s] INFO:colcon.colcon_core.shell:Creating environment descriptor '/home/agilex/agilex_ws/install/nav2_bt_navigator/share/nav2_bt_navigator/hook/ld_library_path_lib.dsv'
[4.799s] INFO:colcon.colcon_core.shell:Creating environment hook '/home/agilex/agilex_ws/install/nav2_bt_navigator/share/nav2_bt_navigator/hook/ld_library_path_lib.sh'
[4.800s] Level 1:colcon.colcon_core.environment:checking '/home/agilex/agilex_ws/install/nav2_bt_navigator/bin'
[4.800s] Level 1:colcon.colcon_core.environment:checking '/home/agilex/agilex_ws/install/nav2_bt_navigator/lib/pkgconfig/nav2_bt_navigator.pc'
[4.800s] Level 1:colcon.colcon_core.environment:checking '/home/agilex/agilex_ws/install/nav2_bt_navigator/lib/python3.10/site-packages'
[4.800s] Level 1:colcon.colcon_core.environment:checking '/home/agilex/agilex_ws/install/nav2_bt_navigator/bin'
[4.803s] INFO:colcon.colcon_core.shell:Creating package script '/home/agilex/agilex_ws/install/nav2_bt_navigator/share/nav2_bt_navigator/package.ps1'
[4.803s] INFO:colcon.colcon_core.shell:Creating package descriptor '/home/agilex/agilex_ws/install/nav2_bt_navigator/share/nav2_bt_navigator/package.dsv'
[4.804s] INFO:colcon.colcon_core.shell:Creating package script '/home/agilex/agilex_ws/install/nav2_bt_navigator/share/nav2_bt_navigator/package.sh'
[4.804s] INFO:colcon.colcon_core.shell:Creating package script '/home/agilex/agilex_ws/install/nav2_bt_navigator/share/nav2_bt_navigator/package.bash'
[4.804s] INFO:colcon.colcon_core.shell:Creating package script '/home/agilex/agilex_ws/install/nav2_bt_navigator/share/nav2_bt_navigator/package.zsh'
[4.804s] Level 1:colcon.colcon_core.environment:create_file_with_runtime_dependencies(/home/agilex/agilex_ws/install/nav2_bt_navigator/share/colcon-core/packages/nav2_bt_navigator)
[4.808s] INFO:colcon.colcon_ros.task.ament_cmake.build:Building ROS package in '/home/agilex/agilex_ws/src/navigation2/nav2_dwb_controller/dwb_critics' with build type 'ament_cmake'
[4.809s] INFO:colcon.colcon_cmake.task.cmake.build:Building CMake package in '/home/agilex/agilex_ws/src/navigation2/nav2_dwb_controller/dwb_critics'
[4.816s] INFO:colcon.colcon_core.shell:Skip shell extension 'powershell' for command environment: Not usable outside of PowerShell
[4.816s] DEBUG:colcon.colcon_core.shell:Skip shell extension 'dsv' for command environment
[4.821s] INFO:colcon.colcon_ros.task.ament_cmake.build:Building ROS package in '/home/agilex/agilex_ws/src/navigation2/nav2_dwb_controller/dwb_plugins' with build type 'ament_cmake'
[4.821s] INFO:colcon.colcon_cmake.task.cmake.build:Building CMake package in '/home/agilex/agilex_ws/src/navigation2/nav2_dwb_controller/dwb_plugins'
[4.825s] INFO:colcon.colcon_core.shell:Skip shell extension 'powershell' for command environment: Not usable outside of PowerShell
[4.825s] DEBUG:colcon.colcon_core.shell:Skip shell extension 'dsv' for command environment
[4.830s] Level 1:colcon.colcon_core.environment:create_environment_scripts_only(nav2_behaviors)
[4.831s] DEBUG:colcon.colcon_core.event_handler.log_command:Invoked command in '/home/agilex/agilex_ws/build/nav2_behaviors' returned '0': AMENT_PREFIX_PATH=/home/agilex/agilex_ws/install/nav2_core:/home/agilex/agilex_ws/install/nav2_costmap_2d:/home/agilex/agilex_ws/install/nav2_behavior_tree:/home/agilex/agilex_ws/install/nav2_util:/home/agilex/agilex_ws/install/nav2_voxel_grid:/home/agilex/agilex_ws/install/nav2_msgs:/home/agilex/agilex_ws/install/nav2_common CMAKE_PREFIX_PATH=/home/agilex/agilex_ws/install/nav2_core:/home/agilex/agilex_ws/install/nav2_costmap_2d:/home/agilex/agilex_ws/install/nav2_behavior_tree:/home/agilex/agilex_ws/install/nav2_util:/home/agilex/agilex_ws/install/nav2_voxel_grid:/home/agilex/agilex_ws/install/nav2_msgs:/home/agilex/agilex_ws/install/nav2_common LD_LIBRARY_PATH=/home/agilex/agilex_ws/install/nav2_costmap_2d/lib:/home/agilex/agilex_ws/install/nav2_behavior_tree/lib:/home/agilex/agilex_ws/install/nav2_util/lib:/home/agilex/agilex_ws/install/nav2_voxel_grid/lib:/home/agilex/agilex_ws/install/nav2_msgs/lib PYTHONPATH=/home/agilex/agilex_ws/install/nav2_msgs/local/lib/python3.10/dist-packages:/home/agilex/agilex_ws/install/nav2_common/local/lib/python3.10/dist-packages /usr/bin/cmake --install /home/agilex/agilex_ws/build/nav2_behaviors
[4.834s] Level 1:colcon.colcon_core.environment:checking '/home/agilex/agilex_ws/install/nav2_behaviors' for CMake module files
[4.835s] Level 1:colcon.colcon_core.environment:checking '/home/agilex/agilex_ws/install/nav2_behaviors' for CMake config files
[4.835s] Level 1:colcon.colcon_core.shell:create_environment_hook('nav2_behaviors', 'cmake_prefix_path')
[4.838s] INFO:colcon.colcon_core.shell:Creating environment hook '/home/agilex/agilex_ws/install/nav2_behaviors/share/nav2_behaviors/hook/cmake_prefix_path.ps1'
[4.839s] INFO:colcon.colcon_core.shell:Creating environment descriptor '/home/agilex/agilex_ws/install/nav2_behaviors/share/nav2_behaviors/hook/cmake_prefix_path.dsv'
[4.839s] INFO:colcon.colcon_core.shell:Creating environment hook '/home/agilex/agilex_ws/install/nav2_behaviors/share/nav2_behaviors/hook/cmake_prefix_path.sh'
[4.839s] Level 1:colcon.colcon_core.environment:checking '/home/agilex/agilex_ws/install/nav2_behaviors/lib'
[4.839s] Level 1:colcon.colcon_core.shell:create_environment_hook('nav2_behaviors', 'ld_library_path_lib')
[4.843s] INFO:colcon.colcon_core.shell:Creating environment hook '/home/agilex/agilex_ws/install/nav2_behaviors/share/nav2_behaviors/hook/ld_library_path_lib.ps1'
[4.843s] INFO:colcon.colcon_core.shell:Creating environment descriptor '/home/agilex/agilex_ws/install/nav2_behaviors/share/nav2_behaviors/hook/ld_library_path_lib.dsv'
[4.843s] INFO:colcon.colcon_core.shell:Creating environment hook '/home/agilex/agilex_ws/install/nav2_behaviors/share/nav2_behaviors/hook/ld_library_path_lib.sh'
[4.843s] Level 1:colcon.colcon_core.environment:checking '/home/agilex/agilex_ws/install/nav2_behaviors/bin'
[4.843s] Level 1:colcon.colcon_core.environment:checking '/home/agilex/agilex_ws/install/nav2_behaviors/lib/pkgconfig/nav2_behaviors.pc'
[4.843s] Level 1:colcon.colcon_core.environment:checking '/home/agilex/agilex_ws/install/nav2_behaviors/lib/python3.10/site-packages'
[4.844s] Level 1:colcon.colcon_core.environment:checking '/home/agilex/agilex_ws/install/nav2_behaviors/bin'
[4.848s] INFO:colcon.colcon_core.shell:Creating package script '/home/agilex/agilex_ws/install/nav2_behaviors/share/nav2_behaviors/package.ps1'
[4.848s] INFO:colcon.colcon_core.shell:Creating package descriptor '/home/agilex/agilex_ws/install/nav2_behaviors/share/nav2_behaviors/package.dsv'
[4.849s] INFO:colcon.colcon_core.shell:Creating package script '/home/agilex/agilex_ws/install/nav2_behaviors/share/nav2_behaviors/package.sh'
[4.849s] INFO:colcon.colcon_core.shell:Creating package script '/home/agilex/agilex_ws/install/nav2_behaviors/share/nav2_behaviors/package.bash'
[4.849s] INFO:colcon.colcon_core.shell:Creating package script '/home/agilex/agilex_ws/install/nav2_behaviors/share/nav2_behaviors/package.zsh'
[4.849s] Level 1:colcon.colcon_core.environment:create_file_with_runtime_dependencies(/home/agilex/agilex_ws/install/nav2_behaviors/share/colcon-core/packages/nav2_behaviors)
[4.850s] Level 1:colcon.colcon_core.environment:create_environment_scripts_only(nav2_smoother)
[4.851s] DEBUG:colcon.colcon_core.event_handler.log_command:Invoked command in '/home/agilex/agilex_ws/build/nav2_smoother' returned '0': AMENT_PREFIX_PATH=/home/agilex/agilex_ws/install/nav2_core:/home/agilex/agilex_ws/install/nav2_costmap_2d:/home/agilex/agilex_ws/install/nav_2d_utils:/home/agilex/agilex_ws/install/nav2_util:/home/agilex/agilex_ws/install/nav2_voxel_grid:/home/agilex/agilex_ws/install/nav2_msgs:/home/agilex/agilex_ws/install/nav_2d_msgs:/home/agilex/agilex_ws/install/nav2_common CMAKE_PREFIX_PATH=/home/agilex/agilex_ws/install/nav2_core:/home/agilex/agilex_ws/install/nav2_costmap_2d:/home/agilex/agilex_ws/install/nav_2d_utils:/home/agilex/agilex_ws/install/nav2_util:/home/agilex/agilex_ws/install/nav2_voxel_grid:/home/agilex/agilex_ws/install/nav2_msgs:/home/agilex/agilex_ws/install/nav_2d_msgs:/home/agilex/agilex_ws/install/nav2_common LD_LIBRARY_PATH=/home/agilex/agilex_ws/install/nav2_costmap_2d/lib:/home/agilex/agilex_ws/install/nav_2d_utils/lib:/home/agilex/agilex_ws/install/nav2_util/lib:/home/agilex/agilex_ws/install/nav2_voxel_grid/lib:/home/agilex/agilex_ws/install/nav2_msgs/lib:/home/agilex/agilex_ws/install/nav_2d_msgs/lib PYTHONPATH=/home/agilex/agilex_ws/install/nav2_msgs/local/lib/python3.10/dist-packages:/home/agilex/agilex_ws/install/nav_2d_msgs/local/lib/python3.10/dist-packages:/home/agilex/agilex_ws/install/nav2_common/local/lib/python3.10/dist-packages /usr/bin/cmake --install /home/agilex/agilex_ws/build/nav2_smoother
[4.854s] Level 1:colcon.colcon_core.environment:checking '/home/agilex/agilex_ws/install/nav2_smoother' for CMake module files
[4.855s] Level 1:colcon.colcon_core.environment:checking '/home/agilex/agilex_ws/install/nav2_smoother' for CMake config files
[4.855s] Level 1:colcon.colcon_core.shell:create_environment_hook('nav2_smoother', 'cmake_prefix_path')
[4.859s] INFO:colcon.colcon_core.shell:Creating environment hook '/home/agilex/agilex_ws/install/nav2_smoother/share/nav2_smoother/hook/cmake_prefix_path.ps1'
[4.859s] INFO:colcon.colcon_core.shell:Creating environment descriptor '/home/agilex/agilex_ws/install/nav2_smoother/share/nav2_smoother/hook/cmake_prefix_path.dsv'
[4.860s] INFO:colcon.colcon_core.shell:Creating environment hook '/home/agilex/agilex_ws/install/nav2_smoother/share/nav2_smoother/hook/cmake_prefix_path.sh'
[4.860s] Level 1:colcon.colcon_core.environment:checking '/home/agilex/agilex_ws/install/nav2_smoother/lib'
[4.860s] Level 1:colcon.colcon_core.shell:create_environment_hook('nav2_smoother', 'ld_library_path_lib')
[4.864s] INFO:colcon.colcon_core.shell:Creating environment hook '/home/agilex/agilex_ws/install/nav2_smoother/share/nav2_smoother/hook/ld_library_path_lib.ps1'
[4.864s] INFO:colcon.colcon_core.shell:Creating environment descriptor '/home/agilex/agilex_ws/install/nav2_smoother/share/nav2_smoother/hook/ld_library_path_lib.dsv'
[4.864s] INFO:colcon.colcon_core.shell:Creating environment hook '/home/agilex/agilex_ws/install/nav2_smoother/share/nav2_smoother/hook/ld_library_path_lib.sh'
[4.864s] Level 1:colcon.colcon_core.environment:checking '/home/agilex/agilex_ws/install/nav2_smoother/bin'
[4.864s] Level 1:colcon.colcon_core.environment:checking '/home/agilex/agilex_ws/install/nav2_smoother/lib/pkgconfig/nav2_smoother.pc'
[4.864s] Level 1:colcon.colcon_core.environment:checking '/home/agilex/agilex_ws/install/nav2_smoother/lib/python3.10/site-packages'
[4.864s] Level 1:colcon.colcon_core.environment:checking '/home/agilex/agilex_ws/install/nav2_smoother/bin'
[4.870s] INFO:colcon.colcon_core.shell:Creating package script '/home/agilex/agilex_ws/install/nav2_smoother/share/nav2_smoother/package.ps1'
[4.870s] INFO:colcon.colcon_core.shell:Creating package descriptor '/home/agilex/agilex_ws/install/nav2_smoother/share/nav2_smoother/package.dsv'
[4.871s] INFO:colcon.colcon_core.shell:Creating package script '/home/agilex/agilex_ws/install/nav2_smoother/share/nav2_smoother/package.sh'
[4.871s] INFO:colcon.colcon_core.shell:Creating package script '/home/agilex/agilex_ws/install/nav2_smoother/share/nav2_smoother/package.bash'
[4.872s] INFO:colcon.colcon_core.shell:Creating package script '/home/agilex/agilex_ws/install/nav2_smoother/share/nav2_smoother/package.zsh'
[4.872s] Level 1:colcon.colcon_core.environment:create_file_with_runtime_dependencies(/home/agilex/agilex_ws/install/nav2_smoother/share/colcon-core/packages/nav2_smoother)
[4.873s] Level 1:colcon.colcon_core.environment:create_environment_scripts_only(nav2_constrained_smoother)
[4.874s] DEBUG:colcon.colcon_core.event_handler.log_command:Invoked command in '/home/agilex/agilex_ws/build/nav2_constrained_smoother' returned '0': AMENT_PREFIX_PATH=/home/agilex/agilex_ws/install/nav2_core:/home/agilex/agilex_ws/install/nav2_costmap_2d:/home/agilex/agilex_ws/install/nav2_util:/home/agilex/agilex_ws/install/nav2_voxel_grid:/home/agilex/agilex_ws/install/nav2_msgs:/home/agilex/agilex_ws/install/nav2_common CMAKE_PREFIX_PATH=/home/agilex/agilex_ws/install/nav2_core:/home/agilex/agilex_ws/install/nav2_costmap_2d:/home/agilex/agilex_ws/install/nav2_util:/home/agilex/agilex_ws/install/nav2_voxel_grid:/home/agilex/agilex_ws/install/nav2_msgs:/home/agilex/agilex_ws/install/nav2_common LD_LIBRARY_PATH=/home/agilex/agilex_ws/install/nav2_costmap_2d/lib:/home/agilex/agilex_ws/install/nav2_util/lib:/home/agilex/agilex_ws/install/nav2_voxel_grid/lib:/home/agilex/agilex_ws/install/nav2_msgs/lib PYTHONPATH=/home/agilex/agilex_ws/install/nav2_msgs/local/lib/python3.10/dist-packages:/home/agilex/agilex_ws/install/nav2_common/local/lib/python3.10/dist-packages /usr/bin/cmake --install /home/agilex/agilex_ws/build/nav2_constrained_smoother
[4.879s] Level 1:colcon.colcon_core.environment:checking '/home/agilex/agilex_ws/install/nav2_constrained_smoother' for CMake module files
[4.879s] Level 1:colcon.colcon_core.environment:checking '/home/agilex/agilex_ws/install/nav2_constrained_smoother' for CMake config files
[4.879s] Level 1:colcon.colcon_core.shell:create_environment_hook('nav2_constrained_smoother', 'cmake_prefix_path')
[4.883s] INFO:colcon.colcon_core.shell:Creating environment hook '/home/agilex/agilex_ws/install/nav2_constrained_smoother/share/nav2_constrained_smoother/hook/cmake_prefix_path.ps1'
[4.883s] INFO:colcon.colcon_core.shell:Creating environment descriptor '/home/agilex/agilex_ws/install/nav2_constrained_smoother/share/nav2_constrained_smoother/hook/cmake_prefix_path.dsv'
[4.883s] INFO:colcon.colcon_core.shell:Creating environment hook '/home/agilex/agilex_ws/install/nav2_constrained_smoother/share/nav2_constrained_smoother/hook/cmake_prefix_path.sh'
[4.883s] Level 1:colcon.colcon_core.environment:checking '/home/agilex/agilex_ws/install/nav2_constrained_smoother/lib'
[4.883s] Level 1:colcon.colcon_core.shell:create_environment_hook('nav2_constrained_smoother', 'ld_library_path_lib')
[4.887s] INFO:colcon.colcon_core.shell:Creating environment hook '/home/agilex/agilex_ws/install/nav2_constrained_smoother/share/nav2_constrained_smoother/hook/ld_library_path_lib.ps1'
[4.887s] INFO:colcon.colcon_core.shell:Creating environment descriptor '/home/agilex/agilex_ws/install/nav2_constrained_smoother/share/nav2_constrained_smoother/hook/ld_library_path_lib.dsv'
[4.887s] INFO:colcon.colcon_core.shell:Creating environment hook '/home/agilex/agilex_ws/install/nav2_constrained_smoother/share/nav2_constrained_smoother/hook/ld_library_path_lib.sh'
[4.887s] Level 1:colcon.colcon_core.environment:checking '/home/agilex/agilex_ws/install/nav2_constrained_smoother/bin'
[4.887s] Level 1:colcon.colcon_core.environment:checking '/home/agilex/agilex_ws/install/nav2_constrained_smoother/lib/pkgconfig/nav2_constrained_smoother.pc'
[4.887s] Level 1:colcon.colcon_core.environment:checking '/home/agilex/agilex_ws/install/nav2_constrained_smoother/lib/python3.10/site-packages'
[4.887s] Level 1:colcon.colcon_core.environment:checking '/home/agilex/agilex_ws/install/nav2_constrained_smoother/bin'
[4.891s] INFO:colcon.colcon_core.shell:Creating package script '/home/agilex/agilex_ws/install/nav2_constrained_smoother/share/nav2_constrained_smoother/package.ps1'
[4.891s] INFO:colcon.colcon_core.shell:Creating package descriptor '/home/agilex/agilex_ws/install/nav2_constrained_smoother/share/nav2_constrained_smoother/package.dsv'
[4.891s] INFO:colcon.colcon_core.shell:Creating package script '/home/agilex/agilex_ws/install/nav2_constrained_smoother/share/nav2_constrained_smoother/package.sh'
[4.891s] INFO:colcon.colcon_core.shell:Creating package script '/home/agilex/agilex_ws/install/nav2_constrained_smoother/share/nav2_constrained_smoother/package.bash'
[4.891s] INFO:colcon.colcon_core.shell:Creating package script '/home/agilex/agilex_ws/install/nav2_constrained_smoother/share/nav2_constrained_smoother/package.zsh'
[4.891s] Level 1:colcon.colcon_core.environment:create_file_with_runtime_dependencies(/home/agilex/agilex_ws/install/nav2_constrained_smoother/share/colcon-core/packages/nav2_constrained_smoother)
[4.892s] Level 1:colcon.colcon_core.environment:create_environment_scripts_only(nav2_theta_star_planner)
[4.892s] DEBUG:colcon.colcon_core.event_handler.log_command:Invoked command in '/home/agilex/agilex_ws/build/nav2_theta_star_planner' returned '0': AMENT_PREFIX_PATH=/home/agilex/agilex_ws/install/nav2_core:/home/agilex/agilex_ws/install/nav2_costmap_2d:/home/agilex/agilex_ws/install/nav2_util:/home/agilex/agilex_ws/install/nav2_voxel_grid:/home/agilex/agilex_ws/install/nav2_msgs:/home/agilex/agilex_ws/install/nav2_common CMAKE_PREFIX_PATH=/home/agilex/agilex_ws/install/nav2_core:/home/agilex/agilex_ws/install/nav2_costmap_2d:/home/agilex/agilex_ws/install/nav2_util:/home/agilex/agilex_ws/install/nav2_voxel_grid:/home/agilex/agilex_ws/install/nav2_msgs:/home/agilex/agilex_ws/install/nav2_common LD_LIBRARY_PATH=/home/agilex/agilex_ws/install/nav2_costmap_2d/lib:/home/agilex/agilex_ws/install/nav2_util/lib:/home/agilex/agilex_ws/install/nav2_voxel_grid/lib:/home/agilex/agilex_ws/install/nav2_msgs/lib PYTHONPATH=/home/agilex/agilex_ws/install/nav2_msgs/local/lib/python3.10/dist-packages:/home/agilex/agilex_ws/install/nav2_common/local/lib/python3.10/dist-packages /usr/bin/cmake --install /home/agilex/agilex_ws/build/nav2_theta_star_planner
[4.896s] Level 1:colcon.colcon_core.environment:checking '/home/agilex/agilex_ws/install/nav2_theta_star_planner' for CMake module files
[4.896s] Level 1:colcon.colcon_core.environment:checking '/home/agilex/agilex_ws/install/nav2_theta_star_planner' for CMake config files
[4.897s] Level 1:colcon.colcon_core.shell:create_environment_hook('nav2_theta_star_planner', 'cmake_prefix_path')
[4.902s] INFO:colcon.colcon_core.shell:Creating environment hook '/home/agilex/agilex_ws/install/nav2_theta_star_planner/share/nav2_theta_star_planner/hook/cmake_prefix_path.ps1'
[4.902s] INFO:colcon.colcon_core.shell:Creating environment descriptor '/home/agilex/agilex_ws/install/nav2_theta_star_planner/share/nav2_theta_star_planner/hook/cmake_prefix_path.dsv'
[4.902s] INFO:colcon.colcon_core.shell:Creating environment hook '/home/agilex/agilex_ws/install/nav2_theta_star_planner/share/nav2_theta_star_planner/hook/cmake_prefix_path.sh'
[4.903s] Level 1:colcon.colcon_core.environment:checking '/home/agilex/agilex_ws/install/nav2_theta_star_planner/lib'
[4.903s] Level 1:colcon.colcon_core.shell:create_environment_hook('nav2_theta_star_planner', 'ld_library_path_lib')
[4.910s] INFO:colcon.colcon_core.shell:Creating environment hook '/home/agilex/agilex_ws/install/nav2_theta_star_planner/share/nav2_theta_star_planner/hook/ld_library_path_lib.ps1'
[4.910s] INFO:colcon.colcon_core.shell:Creating environment descriptor '/home/agilex/agilex_ws/install/nav2_theta_star_planner/share/nav2_theta_star_planner/hook/ld_library_path_lib.dsv'
[4.910s] INFO:colcon.colcon_core.shell:Creating environment hook '/home/agilex/agilex_ws/install/nav2_theta_star_planner/share/nav2_theta_star_planner/hook/ld_library_path_lib.sh'
[4.911s] Level 1:colcon.colcon_core.environment:checking '/home/agilex/agilex_ws/install/nav2_theta_star_planner/bin'
[4.911s] Level 1:colcon.colcon_core.environment:checking '/home/agilex/agilex_ws/install/nav2_theta_star_planner/lib/pkgconfig/nav2_theta_star_planner.pc'
[4.911s] Level 1:colcon.colcon_core.environment:checking '/home/agilex/agilex_ws/install/nav2_theta_star_planner/lib/python3.10/site-packages'
[4.911s] Level 1:colcon.colcon_core.environment:checking '/home/agilex/agilex_ws/install/nav2_theta_star_planner/bin'
[4.914s] INFO:colcon.colcon_core.shell:Creating package script '/home/agilex/agilex_ws/install/nav2_theta_star_planner/share/nav2_theta_star_planner/package.ps1'
[4.914s] INFO:colcon.colcon_core.shell:Creating package descriptor '/home/agilex/agilex_ws/install/nav2_theta_star_planner/share/nav2_theta_star_planner/package.dsv'
[4.915s] INFO:colcon.colcon_core.shell:Creating package script '/home/agilex/agilex_ws/install/nav2_theta_star_planner/share/nav2_theta_star_planner/package.sh'
[4.915s] INFO:colcon.colcon_core.shell:Creating package script '/home/agilex/agilex_ws/install/nav2_theta_star_planner/share/nav2_theta_star_planner/package.bash'
[4.915s] INFO:colcon.colcon_core.shell:Creating package script '/home/agilex/agilex_ws/install/nav2_theta_star_planner/share/nav2_theta_star_planner/package.zsh'
[4.915s] Level 1:colcon.colcon_core.environment:create_file_with_runtime_dependencies(/home/agilex/agilex_ws/install/nav2_theta_star_planner/share/colcon-core/packages/nav2_theta_star_planner)
[4.916s] Level 1:colcon.colcon_core.environment:create_environment_scripts_only(nav2_waypoint_follower)
[4.917s] DEBUG:colcon.colcon_core.event_handler.log_command:Invoked command in '/home/agilex/agilex_ws/build/nav2_waypoint_follower' returned '0': AMENT_PREFIX_PATH=/home/agilex/agilex_ws/install/nav2_core:/home/agilex/agilex_ws/install/nav2_costmap_2d:/home/agilex/agilex_ws/install/nav2_util:/home/agilex/agilex_ws/install/nav2_voxel_grid:/home/agilex/agilex_ws/install/nav2_msgs:/home/agilex/agilex_ws/install/nav2_common CMAKE_PREFIX_PATH=/home/agilex/agilex_ws/install/nav2_core:/home/agilex/agilex_ws/install/nav2_costmap_2d:/home/agilex/agilex_ws/install/nav2_util:/home/agilex/agilex_ws/install/nav2_voxel_grid:/home/agilex/agilex_ws/install/nav2_msgs:/home/agilex/agilex_ws/install/nav2_common LD_LIBRARY_PATH=/home/agilex/agilex_ws/install/nav2_costmap_2d/lib:/home/agilex/agilex_ws/install/nav2_util/lib:/home/agilex/agilex_ws/install/nav2_voxel_grid/lib:/home/agilex/agilex_ws/install/nav2_msgs/lib PYTHONPATH=/home/agilex/agilex_ws/install/nav2_msgs/local/lib/python3.10/dist-packages:/home/agilex/agilex_ws/install/nav2_common/local/lib/python3.10/dist-packages /usr/bin/cmake --install /home/agilex/agilex_ws/build/nav2_waypoint_follower
[4.919s] Level 1:colcon.colcon_core.environment:checking '/home/agilex/agilex_ws/install/nav2_waypoint_follower' for CMake module files
[4.920s] Level 1:colcon.colcon_core.environment:checking '/home/agilex/agilex_ws/install/nav2_waypoint_follower' for CMake config files
[4.920s] Level 1:colcon.colcon_core.shell:create_environment_hook('nav2_waypoint_follower', 'cmake_prefix_path')
[4.924s] INFO:colcon.colcon_core.shell:Creating environment hook '/home/agilex/agilex_ws/install/nav2_waypoint_follower/share/nav2_waypoint_follower/hook/cmake_prefix_path.ps1'
[4.925s] INFO:colcon.colcon_core.shell:Creating environment descriptor '/home/agilex/agilex_ws/install/nav2_waypoint_follower/share/nav2_waypoint_follower/hook/cmake_prefix_path.dsv'
[4.925s] INFO:colcon.colcon_core.shell:Creating environment hook '/home/agilex/agilex_ws/install/nav2_waypoint_follower/share/nav2_waypoint_follower/hook/cmake_prefix_path.sh'
[4.925s] Level 1:colcon.colcon_core.environment:checking '/home/agilex/agilex_ws/install/nav2_waypoint_follower/lib'
[4.925s] Level 1:colcon.colcon_core.shell:create_environment_hook('nav2_waypoint_follower', 'ld_library_path_lib')
[4.929s] INFO:colcon.colcon_core.shell:Creating environment hook '/home/agilex/agilex_ws/install/nav2_waypoint_follower/share/nav2_waypoint_follower/hook/ld_library_path_lib.ps1'
[4.929s] INFO:colcon.colcon_core.shell:Creating environment descriptor '/home/agilex/agilex_ws/install/nav2_waypoint_follower/share/nav2_waypoint_follower/hook/ld_library_path_lib.dsv'
[4.929s] INFO:colcon.colcon_core.shell:Creating environment hook '/home/agilex/agilex_ws/install/nav2_waypoint_follower/share/nav2_waypoint_follower/hook/ld_library_path_lib.sh'
[4.929s] Level 1:colcon.colcon_core.environment:checking '/home/agilex/agilex_ws/install/nav2_waypoint_follower/bin'
[4.929s] Level 1:colcon.colcon_core.environment:checking '/home/agilex/agilex_ws/install/nav2_waypoint_follower/lib/pkgconfig/nav2_waypoint_follower.pc'
[4.929s] Level 1:colcon.colcon_core.environment:checking '/home/agilex/agilex_ws/install/nav2_waypoint_follower/lib/python3.10/site-packages'
[4.929s] Level 1:colcon.colcon_core.environment:checking '/home/agilex/agilex_ws/install/nav2_waypoint_follower/bin'
[4.932s] INFO:colcon.colcon_core.shell:Creating package script '/home/agilex/agilex_ws/install/nav2_waypoint_follower/share/nav2_waypoint_follower/package.ps1'
[4.933s] INFO:colcon.colcon_core.shell:Creating package descriptor '/home/agilex/agilex_ws/install/nav2_waypoint_follower/share/nav2_waypoint_follower/package.dsv'
[4.933s] INFO:colcon.colcon_core.shell:Creating package script '/home/agilex/agilex_ws/install/nav2_waypoint_follower/share/nav2_waypoint_follower/package.sh'
[4.933s] INFO:colcon.colcon_core.shell:Creating package script '/home/agilex/agilex_ws/install/nav2_waypoint_follower/share/nav2_waypoint_follower/package.bash'
[4.933s] INFO:colcon.colcon_core.shell:Creating package script '/home/agilex/agilex_ws/install/nav2_waypoint_follower/share/nav2_waypoint_follower/package.zsh'
[4.933s] Level 1:colcon.colcon_core.environment:create_file_with_runtime_dependencies(/home/agilex/agilex_ws/install/nav2_waypoint_follower/share/colcon-core/packages/nav2_waypoint_follower)
[4.934s] Level 1:colcon.colcon_core.environment:create_environment_scripts_only(nav2_controller)
[4.934s] DEBUG:colcon.colcon_core.event_handler.log_command:Invoked command in '/home/agilex/agilex_ws/build/nav2_controller' returned '0': AMENT_PREFIX_PATH=/home/agilex/agilex_ws/install/nav2_core:/home/agilex/agilex_ws/install/nav2_costmap_2d:/home/agilex/agilex_ws/install/nav_2d_utils:/home/agilex/agilex_ws/install/nav2_util:/home/agilex/agilex_ws/install/nav2_voxel_grid:/home/agilex/agilex_ws/install/nav2_msgs:/home/agilex/agilex_ws/install/nav_2d_msgs:/home/agilex/agilex_ws/install/nav2_common CMAKE_PREFIX_PATH=/home/agilex/agilex_ws/install/nav2_core:/home/agilex/agilex_ws/install/nav2_costmap_2d:/home/agilex/agilex_ws/install/nav_2d_utils:/home/agilex/agilex_ws/install/nav2_util:/home/agilex/agilex_ws/install/nav2_voxel_grid:/home/agilex/agilex_ws/install/nav2_msgs:/home/agilex/agilex_ws/install/nav_2d_msgs:/home/agilex/agilex_ws/install/nav2_common LD_LIBRARY_PATH=/home/agilex/agilex_ws/install/nav2_costmap_2d/lib:/home/agilex/agilex_ws/install/nav_2d_utils/lib:/home/agilex/agilex_ws/install/nav2_util/lib:/home/agilex/agilex_ws/install/nav2_voxel_grid/lib:/home/agilex/agilex_ws/install/nav2_msgs/lib:/home/agilex/agilex_ws/install/nav_2d_msgs/lib PYTHONPATH=/home/agilex/agilex_ws/install/nav2_msgs/local/lib/python3.10/dist-packages:/home/agilex/agilex_ws/install/nav_2d_msgs/local/lib/python3.10/dist-packages:/home/agilex/agilex_ws/install/nav2_common/local/lib/python3.10/dist-packages /usr/bin/cmake --install /home/agilex/agilex_ws/build/nav2_controller
[4.937s] Level 1:colcon.colcon_core.environment:checking '/home/agilex/agilex_ws/install/nav2_controller' for CMake module files
[4.938s] Level 1:colcon.colcon_core.environment:checking '/home/agilex/agilex_ws/install/nav2_controller' for CMake config files
[4.938s] Level 1:colcon.colcon_core.shell:create_environment_hook('nav2_controller', 'cmake_prefix_path')
[4.941s] INFO:colcon.colcon_core.shell:Creating environment hook '/home/agilex/agilex_ws/install/nav2_controller/share/nav2_controller/hook/cmake_prefix_path.ps1'
[4.941s] INFO:colcon.colcon_core.shell:Creating environment descriptor '/home/agilex/agilex_ws/install/nav2_controller/share/nav2_controller/hook/cmake_prefix_path.dsv'
[4.941s] INFO:colcon.colcon_core.shell:Creating environment hook '/home/agilex/agilex_ws/install/nav2_controller/share/nav2_controller/hook/cmake_prefix_path.sh'
[4.942s] Level 1:colcon.colcon_core.environment:checking '/home/agilex/agilex_ws/install/nav2_controller/lib'
[4.942s] Level 1:colcon.colcon_core.shell:create_environment_hook('nav2_controller', 'ld_library_path_lib')
[4.945s] INFO:colcon.colcon_core.shell:Creating environment hook '/home/agilex/agilex_ws/install/nav2_controller/share/nav2_controller/hook/ld_library_path_lib.ps1'
[4.946s] INFO:colcon.colcon_core.shell:Creating environment descriptor '/home/agilex/agilex_ws/install/nav2_controller/share/nav2_controller/hook/ld_library_path_lib.dsv'
[4.946s] INFO:colcon.colcon_core.shell:Creating environment hook '/home/agilex/agilex_ws/install/nav2_controller/share/nav2_controller/hook/ld_library_path_lib.sh'
[4.946s] Level 1:colcon.colcon_core.environment:checking '/home/agilex/agilex_ws/install/nav2_controller/bin'
[4.946s] Level 1:colcon.colcon_core.environment:checking '/home/agilex/agilex_ws/install/nav2_controller/lib/pkgconfig/nav2_controller.pc'
[4.946s] Level 1:colcon.colcon_core.environment:checking '/home/agilex/agilex_ws/install/nav2_controller/lib/python3.10/site-packages'
[4.946s] Level 1:colcon.colcon_core.environment:checking '/home/agilex/agilex_ws/install/nav2_controller/bin'
[4.950s] INFO:colcon.colcon_core.shell:Creating package script '/home/agilex/agilex_ws/install/nav2_controller/share/nav2_controller/package.ps1'
[4.950s] INFO:colcon.colcon_core.shell:Creating package descriptor '/home/agilex/agilex_ws/install/nav2_controller/share/nav2_controller/package.dsv'
[4.950s] INFO:colcon.colcon_core.shell:Creating package script '/home/agilex/agilex_ws/install/nav2_controller/share/nav2_controller/package.sh'
[4.950s] INFO:colcon.colcon_core.shell:Creating package script '/home/agilex/agilex_ws/install/nav2_controller/share/nav2_controller/package.bash'
[4.950s] INFO:colcon.colcon_core.shell:Creating package script '/home/agilex/agilex_ws/install/nav2_controller/share/nav2_controller/package.zsh'
[4.951s] Level 1:colcon.colcon_core.environment:create_file_with_runtime_dependencies(/home/agilex/agilex_ws/install/nav2_controller/share/colcon-core/packages/nav2_controller)
[4.952s] Level 1:colcon.colcon_core.environment:create_environment_scripts_only(nav2_smac_planner)
[4.952s] DEBUG:colcon.colcon_core.event_handler.log_command:Invoked command in '/home/agilex/agilex_ws/build/nav2_smac_planner' returned '0': AMENT_PREFIX_PATH=/home/agilex/agilex_ws/install/nav2_core:/home/agilex/agilex_ws/install/nav2_costmap_2d:/home/agilex/agilex_ws/install/nav2_util:/home/agilex/agilex_ws/install/nav2_voxel_grid:/home/agilex/agilex_ws/install/nav2_msgs:/home/agilex/agilex_ws/install/nav2_common CMAKE_PREFIX_PATH=/home/agilex/agilex_ws/install/nav2_core:/home/agilex/agilex_ws/install/nav2_costmap_2d:/home/agilex/agilex_ws/install/nav2_util:/home/agilex/agilex_ws/install/nav2_voxel_grid:/home/agilex/agilex_ws/install/nav2_msgs:/home/agilex/agilex_ws/install/nav2_common LD_LIBRARY_PATH=/home/agilex/agilex_ws/install/nav2_costmap_2d/lib:/home/agilex/agilex_ws/install/nav2_util/lib:/home/agilex/agilex_ws/install/nav2_voxel_grid/lib:/home/agilex/agilex_ws/install/nav2_msgs/lib PYTHONPATH=/home/agilex/agilex_ws/install/nav2_msgs/local/lib/python3.10/dist-packages:/home/agilex/agilex_ws/install/nav2_common/local/lib/python3.10/dist-packages /usr/bin/cmake --install /home/agilex/agilex_ws/build/nav2_smac_planner
[4.955s] Level 1:colcon.colcon_core.environment:checking '/home/agilex/agilex_ws/install/nav2_smac_planner' for CMake module files
[4.955s] Level 1:colcon.colcon_core.environment:checking '/home/agilex/agilex_ws/install/nav2_smac_planner' for CMake config files
[4.956s] Level 1:colcon.colcon_core.shell:create_environment_hook('nav2_smac_planner', 'cmake_prefix_path')
[4.959s] INFO:colcon.colcon_core.shell:Creating environment hook '/home/agilex/agilex_ws/install/nav2_smac_planner/share/nav2_smac_planner/hook/cmake_prefix_path.ps1'
[4.959s] INFO:colcon.colcon_core.shell:Creating environment descriptor '/home/agilex/agilex_ws/install/nav2_smac_planner/share/nav2_smac_planner/hook/cmake_prefix_path.dsv'
[4.959s] INFO:colcon.colcon_core.shell:Creating environment hook '/home/agilex/agilex_ws/install/nav2_smac_planner/share/nav2_smac_planner/hook/cmake_prefix_path.sh'
[4.960s] Level 1:colcon.colcon_core.environment:checking '/home/agilex/agilex_ws/install/nav2_smac_planner/lib'
[4.960s] Level 1:colcon.colcon_core.shell:create_environment_hook('nav2_smac_planner', 'ld_library_path_lib')
[4.963s] INFO:colcon.colcon_core.shell:Creating environment hook '/home/agilex/agilex_ws/install/nav2_smac_planner/share/nav2_smac_planner/hook/ld_library_path_lib.ps1'
[4.963s] INFO:colcon.colcon_core.shell:Creating environment descriptor '/home/agilex/agilex_ws/install/nav2_smac_planner/share/nav2_smac_planner/hook/ld_library_path_lib.dsv'
[4.963s] INFO:colcon.colcon_core.shell:Creating environment hook '/home/agilex/agilex_ws/install/nav2_smac_planner/share/nav2_smac_planner/hook/ld_library_path_lib.sh'
[4.964s] Level 1:colcon.colcon_core.environment:checking '/home/agilex/agilex_ws/install/nav2_smac_planner/bin'
[4.964s] Level 1:colcon.colcon_core.environment:checking '/home/agilex/agilex_ws/install/nav2_smac_planner/lib/pkgconfig/nav2_smac_planner.pc'
[4.964s] Level 1:colcon.colcon_core.environment:checking '/home/agilex/agilex_ws/install/nav2_smac_planner/lib/python3.10/site-packages'
[4.964s] Level 1:colcon.colcon_core.environment:checking '/home/agilex/agilex_ws/install/nav2_smac_planner/bin'
[4.969s] INFO:colcon.colcon_core.shell:Creating package script '/home/agilex/agilex_ws/install/nav2_smac_planner/share/nav2_smac_planner/package.ps1'
[4.970s] INFO:colcon.colcon_core.shell:Creating package descriptor '/home/agilex/agilex_ws/install/nav2_smac_planner/share/nav2_smac_planner/package.dsv'
[4.970s] INFO:colcon.colcon_core.shell:Creating package script '/home/agilex/agilex_ws/install/nav2_smac_planner/share/nav2_smac_planner/package.sh'
[4.971s] INFO:colcon.colcon_core.shell:Creating package script '/home/agilex/agilex_ws/install/nav2_smac_planner/share/nav2_smac_planner/package.bash'
[4.972s] INFO:colcon.colcon_core.shell:Creating package script '/home/agilex/agilex_ws/install/nav2_smac_planner/share/nav2_smac_planner/package.zsh'
[4.978s] Level 1:colcon.colcon_core.environment:create_file_with_runtime_dependencies(/home/agilex/agilex_ws/install/nav2_smac_planner/share/colcon-core/packages/nav2_smac_planner)
[4.983s] Level 1:colcon.colcon_core.environment:create_environment_scripts_only(nav2_regulated_pure_pursuit_controller)
[4.986s] Level 1:colcon.colcon_core.environment:checking '/home/agilex/agilex_ws/install/nav2_regulated_pure_pursuit_controller' for CMake module files
[4.986s] Level 1:colcon.colcon_core.environment:checking '/home/agilex/agilex_ws/install/nav2_regulated_pure_pursuit_controller' for CMake config files
[4.986s] Level 1:colcon.colcon_core.shell:create_environment_hook('nav2_regulated_pure_pursuit_controller', 'cmake_prefix_path')
[4.989s] INFO:colcon.colcon_core.shell:Creating environment hook '/home/agilex/agilex_ws/install/nav2_regulated_pure_pursuit_controller/share/nav2_regulated_pure_pursuit_controller/hook/cmake_prefix_path.ps1'
[4.989s] INFO:colcon.colcon_core.shell:Creating environment descriptor '/home/agilex/agilex_ws/install/nav2_regulated_pure_pursuit_controller/share/nav2_regulated_pure_pursuit_controller/hook/cmake_prefix_path.dsv'
[4.989s] INFO:colcon.colcon_core.shell:Creating environment hook '/home/agilex/agilex_ws/install/nav2_regulated_pure_pursuit_controller/share/nav2_regulated_pure_pursuit_controller/hook/cmake_prefix_path.sh'
[4.990s] Level 1:colcon.colcon_core.environment:checking '/home/agilex/agilex_ws/install/nav2_regulated_pure_pursuit_controller/lib'
[4.990s] Level 1:colcon.colcon_core.shell:create_environment_hook('nav2_regulated_pure_pursuit_controller', 'ld_library_path_lib')
[4.993s] INFO:colcon.colcon_core.shell:Creating environment hook '/home/agilex/agilex_ws/install/nav2_regulated_pure_pursuit_controller/share/nav2_regulated_pure_pursuit_controller/hook/ld_library_path_lib.ps1'
[4.993s] INFO:colcon.colcon_core.shell:Creating environment descriptor '/home/agilex/agilex_ws/install/nav2_regulated_pure_pursuit_controller/share/nav2_regulated_pure_pursuit_controller/hook/ld_library_path_lib.dsv'
[4.993s] INFO:colcon.colcon_core.shell:Creating environment hook '/home/agilex/agilex_ws/install/nav2_regulated_pure_pursuit_controller/share/nav2_regulated_pure_pursuit_controller/hook/ld_library_path_lib.sh'
[4.994s] Level 1:colcon.colcon_core.environment:checking '/home/agilex/agilex_ws/install/nav2_regulated_pure_pursuit_controller/bin'
[4.994s] Level 1:colcon.colcon_core.environment:checking '/home/agilex/agilex_ws/install/nav2_regulated_pure_pursuit_controller/lib/pkgconfig/nav2_regulated_pure_pursuit_controller.pc'
[4.994s] Level 1:colcon.colcon_core.environment:checking '/home/agilex/agilex_ws/install/nav2_regulated_pure_pursuit_controller/lib/python3.10/site-packages'
[4.994s] Level 1:colcon.colcon_core.environment:checking '/home/agilex/agilex_ws/install/nav2_regulated_pure_pursuit_controller/bin'
[4.997s] INFO:colcon.colcon_core.shell:Creating package script '/home/agilex/agilex_ws/install/nav2_regulated_pure_pursuit_controller/share/nav2_regulated_pure_pursuit_controller/package.ps1'
[4.997s] INFO:colcon.colcon_core.shell:Creating package descriptor '/home/agilex/agilex_ws/install/nav2_regulated_pure_pursuit_controller/share/nav2_regulated_pure_pursuit_controller/package.dsv'
[4.997s] INFO:colcon.colcon_core.shell:Creating package script '/home/agilex/agilex_ws/install/nav2_regulated_pure_pursuit_controller/share/nav2_regulated_pure_pursuit_controller/package.sh'
[4.998s] INFO:colcon.colcon_core.shell:Creating package script '/home/agilex/agilex_ws/install/nav2_regulated_pure_pursuit_controller/share/nav2_regulated_pure_pursuit_controller/package.bash'
[4.998s] INFO:colcon.colcon_core.shell:Creating package script '/home/agilex/agilex_ws/install/nav2_regulated_pure_pursuit_controller/share/nav2_regulated_pure_pursuit_controller/package.zsh'
[4.998s] Level 1:colcon.colcon_core.environment:create_file_with_runtime_dependencies(/home/agilex/agilex_ws/install/nav2_regulated_pure_pursuit_controller/share/colcon-core/packages/nav2_regulated_pure_pursuit_controller)
[5.006s] Level 1:colcon.colcon_core.environment:create_environment_scripts_only(nav2_navfn_planner)
[5.013s] Level 1:colcon.colcon_core.environment:checking '/home/agilex/agilex_ws/install/nav2_navfn_planner' for CMake module files
[5.014s] Level 1:colcon.colcon_core.environment:checking '/home/agilex/agilex_ws/install/nav2_navfn_planner' for CMake config files
[5.014s] Level 1:colcon.colcon_core.shell:create_environment_hook('nav2_navfn_planner', 'cmake_prefix_path')
[5.017s] INFO:colcon.colcon_core.shell:Creating environment hook '/home/agilex/agilex_ws/install/nav2_navfn_planner/share/nav2_navfn_planner/hook/cmake_prefix_path.ps1'
[5.017s] INFO:colcon.colcon_core.shell:Creating environment descriptor '/home/agilex/agilex_ws/install/nav2_navfn_planner/share/nav2_navfn_planner/hook/cmake_prefix_path.dsv'
[5.018s] INFO:colcon.colcon_core.shell:Creating environment hook '/home/agilex/agilex_ws/install/nav2_navfn_planner/share/nav2_navfn_planner/hook/cmake_prefix_path.sh'
[5.018s] Level 1:colcon.colcon_core.environment:checking '/home/agilex/agilex_ws/install/nav2_navfn_planner/lib'
[5.018s] Level 1:colcon.colcon_core.shell:create_environment_hook('nav2_navfn_planner', 'ld_library_path_lib')
[5.021s] INFO:colcon.colcon_core.shell:Creating environment hook '/home/agilex/agilex_ws/install/nav2_navfn_planner/share/nav2_navfn_planner/hook/ld_library_path_lib.ps1'
[5.021s] INFO:colcon.colcon_core.shell:Creating environment descriptor '/home/agilex/agilex_ws/install/nav2_navfn_planner/share/nav2_navfn_planner/hook/ld_library_path_lib.dsv'
[5.021s] INFO:colcon.colcon_core.shell:Creating environment hook '/home/agilex/agilex_ws/install/nav2_navfn_planner/share/nav2_navfn_planner/hook/ld_library_path_lib.sh'
[5.022s] Level 1:colcon.colcon_core.environment:checking '/home/agilex/agilex_ws/install/nav2_navfn_planner/bin'
[5.022s] Level 1:colcon.colcon_core.environment:checking '/home/agilex/agilex_ws/install/nav2_navfn_planner/lib/pkgconfig/nav2_navfn_planner.pc'
[5.022s] Level 1:colcon.colcon_core.environment:checking '/home/agilex/agilex_ws/install/nav2_navfn_planner/lib/python3.10/site-packages'
[5.022s] Level 1:colcon.colcon_core.environment:checking '/home/agilex/agilex_ws/install/nav2_navfn_planner/bin'
[5.025s] INFO:colcon.colcon_core.shell:Creating package script '/home/agilex/agilex_ws/install/nav2_navfn_planner/share/nav2_navfn_planner/package.ps1'
[5.025s] INFO:colcon.colcon_core.shell:Creating package descriptor '/home/agilex/agilex_ws/install/nav2_navfn_planner/share/nav2_navfn_planner/package.dsv'
[5.025s] INFO:colcon.colcon_core.shell:Creating package script '/home/agilex/agilex_ws/install/nav2_navfn_planner/share/nav2_navfn_planner/package.sh'
[5.026s] INFO:colcon.colcon_core.shell:Creating package script '/home/agilex/agilex_ws/install/nav2_navfn_planner/share/nav2_navfn_planner/package.bash'
[5.026s] INFO:colcon.colcon_core.shell:Creating package script '/home/agilex/agilex_ws/install/nav2_navfn_planner/share/nav2_navfn_planner/package.zsh'
[5.026s] Level 1:colcon.colcon_core.environment:create_file_with_runtime_dependencies(/home/agilex/agilex_ws/install/nav2_navfn_planner/share/colcon-core/packages/nav2_navfn_planner)
[5.029s] Level 1:colcon.colcon_core.environment:create_environment_scripts_only(nav2_planner)
[5.032s] Level 1:colcon.colcon_core.environment:checking '/home/agilex/agilex_ws/install/nav2_planner' for CMake module files
[5.033s] Level 1:colcon.colcon_core.environment:checking '/home/agilex/agilex_ws/install/nav2_planner' for CMake config files
[5.033s] Level 1:colcon.colcon_core.shell:create_environment_hook('nav2_planner', 'cmake_prefix_path')
[5.036s] INFO:colcon.colcon_core.shell:Creating environment hook '/home/agilex/agilex_ws/install/nav2_planner/share/nav2_planner/hook/cmake_prefix_path.ps1'
[5.036s] INFO:colcon.colcon_core.shell:Creating environment descriptor '/home/agilex/agilex_ws/install/nav2_planner/share/nav2_planner/hook/cmake_prefix_path.dsv'
[5.036s] INFO:colcon.colcon_core.shell:Creating environment hook '/home/agilex/agilex_ws/install/nav2_planner/share/nav2_planner/hook/cmake_prefix_path.sh'
[5.037s] Level 1:colcon.colcon_core.environment:checking '/home/agilex/agilex_ws/install/nav2_planner/lib'
[5.037s] Level 1:colcon.colcon_core.shell:create_environment_hook('nav2_planner', 'ld_library_path_lib')
[5.040s] INFO:colcon.colcon_core.shell:Creating environment hook '/home/agilex/agilex_ws/install/nav2_planner/share/nav2_planner/hook/ld_library_path_lib.ps1'
[5.040s] INFO:colcon.colcon_core.shell:Creating environment descriptor '/home/agilex/agilex_ws/install/nav2_planner/share/nav2_planner/hook/ld_library_path_lib.dsv'
[5.040s] INFO:colcon.colcon_core.shell:Creating environment hook '/home/agilex/agilex_ws/install/nav2_planner/share/nav2_planner/hook/ld_library_path_lib.sh'
[5.040s] Level 1:colcon.colcon_core.environment:checking '/home/agilex/agilex_ws/install/nav2_planner/bin'
[5.040s] Level 1:colcon.colcon_core.environment:checking '/home/agilex/agilex_ws/install/nav2_planner/lib/pkgconfig/nav2_planner.pc'
[5.040s] Level 1:colcon.colcon_core.environment:checking '/home/agilex/agilex_ws/install/nav2_planner/lib/python3.10/site-packages'
[5.040s] Level 1:colcon.colcon_core.environment:checking '/home/agilex/agilex_ws/install/nav2_planner/bin'
[5.044s] INFO:colcon.colcon_core.shell:Creating package script '/home/agilex/agilex_ws/install/nav2_planner/share/nav2_planner/package.ps1'
[5.044s] INFO:colcon.colcon_core.shell:Creating package descriptor '/home/agilex/agilex_ws/install/nav2_planner/share/nav2_planner/package.dsv'
[5.044s] INFO:colcon.colcon_core.shell:Creating package script '/home/agilex/agilex_ws/install/nav2_planner/share/nav2_planner/package.sh'
[5.045s] INFO:colcon.colcon_core.shell:Creating package script '/home/agilex/agilex_ws/install/nav2_planner/share/nav2_planner/package.bash'
[5.045s] INFO:colcon.colcon_core.shell:Creating package script '/home/agilex/agilex_ws/install/nav2_planner/share/nav2_planner/package.zsh'
[5.045s] Level 1:colcon.colcon_core.environment:create_file_with_runtime_dependencies(/home/agilex/agilex_ws/install/nav2_planner/share/colcon-core/packages/nav2_planner)
[5.048s] Level 1:colcon.colcon_core.environment:create_environment_scripts_only(nav2_bt_navigator)
[5.051s] Level 1:colcon.colcon_core.environment:checking '/home/agilex/agilex_ws/install/nav2_bt_navigator' for CMake module files
[5.052s] Level 1:colcon.colcon_core.environment:checking '/home/agilex/agilex_ws/install/nav2_bt_navigator' for CMake config files
[5.052s] Level 1:colcon.colcon_core.shell:create_environment_hook('nav2_bt_navigator', 'cmake_prefix_path')
[5.055s] INFO:colcon.colcon_core.shell:Creating environment hook '/home/agilex/agilex_ws/install/nav2_bt_navigator/share/nav2_bt_navigator/hook/cmake_prefix_path.ps1'
[5.055s] INFO:colcon.colcon_core.shell:Creating environment descriptor '/home/agilex/agilex_ws/install/nav2_bt_navigator/share/nav2_bt_navigator/hook/cmake_prefix_path.dsv'
[5.055s] INFO:colcon.colcon_core.shell:Creating environment hook '/home/agilex/agilex_ws/install/nav2_bt_navigator/share/nav2_bt_navigator/hook/cmake_prefix_path.sh'
[5.055s] Level 1:colcon.colcon_core.environment:checking '/home/agilex/agilex_ws/install/nav2_bt_navigator/lib'
[5.055s] Level 1:colcon.colcon_core.shell:create_environment_hook('nav2_bt_navigator', 'ld_library_path_lib')
[5.058s] INFO:colcon.colcon_core.shell:Creating environment hook '/home/agilex/agilex_ws/install/nav2_bt_navigator/share/nav2_bt_navigator/hook/ld_library_path_lib.ps1'
[5.059s] INFO:colcon.colcon_core.shell:Creating environment descriptor '/home/agilex/agilex_ws/install/nav2_bt_navigator/share/nav2_bt_navigator/hook/ld_library_path_lib.dsv'
[5.059s] INFO:colcon.colcon_core.shell:Creating environment hook '/home/agilex/agilex_ws/install/nav2_bt_navigator/share/nav2_bt_navigator/hook/ld_library_path_lib.sh'
[5.059s] Level 1:colcon.colcon_core.environment:checking '/home/agilex/agilex_ws/install/nav2_bt_navigator/bin'
[5.059s] Level 1:colcon.colcon_core.environment:checking '/home/agilex/agilex_ws/install/nav2_bt_navigator/lib/pkgconfig/nav2_bt_navigator.pc'
[5.059s] Level 1:colcon.colcon_core.environment:checking '/home/agilex/agilex_ws/install/nav2_bt_navigator/lib/python3.10/site-packages'
[5.059s] Level 1:colcon.colcon_core.environment:checking '/home/agilex/agilex_ws/install/nav2_bt_navigator/bin'
[5.062s] INFO:colcon.colcon_core.shell:Creating package script '/home/agilex/agilex_ws/install/nav2_bt_navigator/share/nav2_bt_navigator/package.ps1'
[5.062s] INFO:colcon.colcon_core.shell:Creating package descriptor '/home/agilex/agilex_ws/install/nav2_bt_navigator/share/nav2_bt_navigator/package.dsv'
[5.063s] INFO:colcon.colcon_core.shell:Creating package script '/home/agilex/agilex_ws/install/nav2_bt_navigator/share/nav2_bt_navigator/package.sh'
[5.063s] INFO:colcon.colcon_core.shell:Creating package script '/home/agilex/agilex_ws/install/nav2_bt_navigator/share/nav2_bt_navigator/package.bash'
[5.063s] INFO:colcon.colcon_core.shell:Creating package script '/home/agilex/agilex_ws/install/nav2_bt_navigator/share/nav2_bt_navigator/package.zsh'
[5.063s] Level 1:colcon.colcon_core.environment:create_file_with_runtime_dependencies(/home/agilex/agilex_ws/install/nav2_bt_navigator/share/colcon-core/packages/nav2_bt_navigator)
[5.068s] DEBUG:colcon.colcon_core.event_handler.log_command:Invoking command in '/home/agilex/agilex_ws/build/dwb_critics': AMENT_PREFIX_PATH=/home/agilex/agilex_ws/install/dwb_core:/home/agilex/agilex_ws/install/nav2_core:/home/agilex/agilex_ws/install/costmap_queue:/home/agilex/agilex_ws/install/nav2_costmap_2d:/home/agilex/agilex_ws/install/nav_2d_utils:/home/agilex/agilex_ws/install/nav2_util:/home/agilex/agilex_ws/install/nav2_voxel_grid:/home/agilex/agilex_ws/install/nav2_msgs:/home/agilex/agilex_ws/install/dwb_msgs:/home/agilex/agilex_ws/install/nav_2d_msgs:/home/agilex/agilex_ws/install/nav2_common CMAKE_PREFIX_PATH=/home/agilex/agilex_ws/install/dwb_core:/home/agilex/agilex_ws/install/nav2_core:/home/agilex/agilex_ws/install/costmap_queue:/home/agilex/agilex_ws/install/nav2_costmap_2d:/home/agilex/agilex_ws/install/nav_2d_utils:/home/agilex/agilex_ws/install/nav2_util:/home/agilex/agilex_ws/install/nav2_voxel_grid:/home/agilex/agilex_ws/install/nav2_msgs:/home/agilex/agilex_ws/install/dwb_msgs:/home/agilex/agilex_ws/install/nav_2d_msgs:/home/agilex/agilex_ws/install/nav2_common LD_LIBRARY_PATH=/home/agilex/agilex_ws/install/dwb_core/lib:/home/agilex/agilex_ws/install/costmap_queue/lib:/home/agilex/agilex_ws/install/nav2_costmap_2d/lib:/home/agilex/agilex_ws/install/nav_2d_utils/lib:/home/agilex/agilex_ws/install/nav2_util/lib:/home/agilex/agilex_ws/install/nav2_voxel_grid/lib:/home/agilex/agilex_ws/install/nav2_msgs/lib:/home/agilex/agilex_ws/install/dwb_msgs/lib:/home/agilex/agilex_ws/install/nav_2d_msgs/lib PYTHONPATH=/home/agilex/agilex_ws/install/nav2_msgs/local/lib/python3.10/dist-packages:/home/agilex/agilex_ws/install/dwb_msgs/local/lib/python3.10/dist-packages:/home/agilex/agilex_ws/install/nav_2d_msgs/local/lib/python3.10/dist-packages:/home/agilex/agilex_ws/install/nav2_common/local/lib/python3.10/dist-packages /usr/bin/cmake --build /home/agilex/agilex_ws/build/dwb_critics -- -j16 -l16
[5.070s] DEBUG:colcon.colcon_core.event_handler.log_command:Invoking command in '/home/agilex/agilex_ws/build/dwb_plugins': AMENT_PREFIX_PATH=/home/agilex/agilex_ws/install/dwb_core:/home/agilex/agilex_ws/install/nav2_core:/home/agilex/agilex_ws/install/nav2_costmap_2d:/home/agilex/agilex_ws/install/nav_2d_utils:/home/agilex/agilex_ws/install/nav2_util:/home/agilex/agilex_ws/install/nav2_voxel_grid:/home/agilex/agilex_ws/install/nav2_msgs:/home/agilex/agilex_ws/install/dwb_msgs:/home/agilex/agilex_ws/install/nav_2d_msgs:/home/agilex/agilex_ws/install/nav2_common CMAKE_PREFIX_PATH=/home/agilex/agilex_ws/install/dwb_core:/home/agilex/agilex_ws/install/nav2_core:/home/agilex/agilex_ws/install/nav2_costmap_2d:/home/agilex/agilex_ws/install/nav_2d_utils:/home/agilex/agilex_ws/install/nav2_util:/home/agilex/agilex_ws/install/nav2_voxel_grid:/home/agilex/agilex_ws/install/nav2_msgs:/home/agilex/agilex_ws/install/dwb_msgs:/home/agilex/agilex_ws/install/nav_2d_msgs:/home/agilex/agilex_ws/install/nav2_common LD_LIBRARY_PATH=/home/agilex/agilex_ws/install/dwb_core/lib:/home/agilex/agilex_ws/install/nav2_costmap_2d/lib:/home/agilex/agilex_ws/install/nav_2d_utils/lib:/home/agilex/agilex_ws/install/nav2_util/lib:/home/agilex/agilex_ws/install/nav2_voxel_grid/lib:/home/agilex/agilex_ws/install/nav2_msgs/lib:/home/agilex/agilex_ws/install/dwb_msgs/lib:/home/agilex/agilex_ws/install/nav_2d_msgs/lib PYTHONPATH=/home/agilex/agilex_ws/install/nav2_msgs/local/lib/python3.10/dist-packages:/home/agilex/agilex_ws/install/dwb_msgs/local/lib/python3.10/dist-packages:/home/agilex/agilex_ws/install/nav_2d_msgs/local/lib/python3.10/dist-packages:/home/agilex/agilex_ws/install/nav2_common/local/lib/python3.10/dist-packages /usr/bin/cmake --build /home/agilex/agilex_ws/build/dwb_plugins -- -j16 -l16
[5.077s] Level 1:colcon.colcon_core.environment:create_environment_scripts_only(nav2_behaviors)
[5.084s] Level 1:colcon.colcon_core.environment:checking '/home/agilex/agilex_ws/install/nav2_behaviors' for CMake module files
[5.084s] Level 1:colcon.colcon_core.environment:checking '/home/agilex/agilex_ws/install/nav2_behaviors' for CMake config files
[5.084s] Level 1:colcon.colcon_core.shell:create_environment_hook('nav2_behaviors', 'cmake_prefix_path')
[5.088s] INFO:colcon.colcon_core.shell:Creating environment hook '/home/agilex/agilex_ws/install/nav2_behaviors/share/nav2_behaviors/hook/cmake_prefix_path.ps1'
[5.089s] INFO:colcon.colcon_core.shell:Creating environment descriptor '/home/agilex/agilex_ws/install/nav2_behaviors/share/nav2_behaviors/hook/cmake_prefix_path.dsv'
[5.089s] INFO:colcon.colcon_core.shell:Creating environment hook '/home/agilex/agilex_ws/install/nav2_behaviors/share/nav2_behaviors/hook/cmake_prefix_path.sh'
[5.090s] Level 1:colcon.colcon_core.environment:checking '/home/agilex/agilex_ws/install/nav2_behaviors/lib'
[5.090s] Level 1:colcon.colcon_core.shell:create_environment_hook('nav2_behaviors', 'ld_library_path_lib')
[5.093s] INFO:colcon.colcon_core.shell:Creating environment hook '/home/agilex/agilex_ws/install/nav2_behaviors/share/nav2_behaviors/hook/ld_library_path_lib.ps1'
[5.094s] INFO:colcon.colcon_core.shell:Creating environment descriptor '/home/agilex/agilex_ws/install/nav2_behaviors/share/nav2_behaviors/hook/ld_library_path_lib.dsv'
[5.094s] INFO:colcon.colcon_core.shell:Creating environment hook '/home/agilex/agilex_ws/install/nav2_behaviors/share/nav2_behaviors/hook/ld_library_path_lib.sh'
[5.094s] Level 1:colcon.colcon_core.environment:checking '/home/agilex/agilex_ws/install/nav2_behaviors/bin'
[5.094s] Level 1:colcon.colcon_core.environment:checking '/home/agilex/agilex_ws/install/nav2_behaviors/lib/pkgconfig/nav2_behaviors.pc'
[5.094s] Level 1:colcon.colcon_core.environment:checking '/home/agilex/agilex_ws/install/nav2_behaviors/lib/python3.10/site-packages'
[5.094s] Level 1:colcon.colcon_core.environment:checking '/home/agilex/agilex_ws/install/nav2_behaviors/bin'
[5.100s] INFO:colcon.colcon_core.shell:Creating package script '/home/agilex/agilex_ws/install/nav2_behaviors/share/nav2_behaviors/package.ps1'
[5.101s] INFO:colcon.colcon_core.shell:Creating package descriptor '/home/agilex/agilex_ws/install/nav2_behaviors/share/nav2_behaviors/package.dsv'
[5.101s] INFO:colcon.colcon_core.shell:Creating package script '/home/agilex/agilex_ws/install/nav2_behaviors/share/nav2_behaviors/package.sh'
[5.101s] INFO:colcon.colcon_core.shell:Creating package script '/home/agilex/agilex_ws/install/nav2_behaviors/share/nav2_behaviors/package.bash'
[5.101s] INFO:colcon.colcon_core.shell:Creating package script '/home/agilex/agilex_ws/install/nav2_behaviors/share/nav2_behaviors/package.zsh'
[5.102s] Level 1:colcon.colcon_core.environment:create_file_with_runtime_dependencies(/home/agilex/agilex_ws/install/nav2_behaviors/share/colcon-core/packages/nav2_behaviors)
[5.113s] Level 1:colcon.colcon_core.environment:create_environment_scripts_only(nav2_smoother)
[5.120s] Level 1:colcon.colcon_core.environment:checking '/home/agilex/agilex_ws/install/nav2_smoother' for CMake module files
[5.121s] Level 1:colcon.colcon_core.environment:checking '/home/agilex/agilex_ws/install/nav2_smoother' for CMake config files
[5.121s] Level 1:colcon.colcon_core.shell:create_environment_hook('nav2_smoother', 'cmake_prefix_path')
[5.128s] INFO:colcon.colcon_core.shell:Creating environment hook '/home/agilex/agilex_ws/install/nav2_smoother/share/nav2_smoother/hook/cmake_prefix_path.ps1'
[5.129s] INFO:colcon.colcon_core.shell:Creating environment descriptor '/home/agilex/agilex_ws/install/nav2_smoother/share/nav2_smoother/hook/cmake_prefix_path.dsv'
[5.129s] INFO:colcon.colcon_core.shell:Creating environment hook '/home/agilex/agilex_ws/install/nav2_smoother/share/nav2_smoother/hook/cmake_prefix_path.sh'
[5.129s] Level 1:colcon.colcon_core.environment:checking '/home/agilex/agilex_ws/install/nav2_smoother/lib'
[5.129s] Level 1:colcon.colcon_core.shell:create_environment_hook('nav2_smoother', 'ld_library_path_lib')
[5.137s] INFO:colcon.colcon_core.shell:Creating environment hook '/home/agilex/agilex_ws/install/nav2_smoother/share/nav2_smoother/hook/ld_library_path_lib.ps1'
[5.138s] INFO:colcon.colcon_core.shell:Creating environment descriptor '/home/agilex/agilex_ws/install/nav2_smoother/share/nav2_smoother/hook/ld_library_path_lib.dsv'
[5.139s] INFO:colcon.colcon_core.shell:Creating environment hook '/home/agilex/agilex_ws/install/nav2_smoother/share/nav2_smoother/hook/ld_library_path_lib.sh'
[5.139s] Level 1:colcon.colcon_core.environment:checking '/home/agilex/agilex_ws/install/nav2_smoother/bin'
[5.139s] Level 1:colcon.colcon_core.environment:checking '/home/agilex/agilex_ws/install/nav2_smoother/lib/pkgconfig/nav2_smoother.pc'
[5.139s] Level 1:colcon.colcon_core.environment:checking '/home/agilex/agilex_ws/install/nav2_smoother/lib/python3.10/site-packages'
[5.140s] Level 1:colcon.colcon_core.environment:checking '/home/agilex/agilex_ws/install/nav2_smoother/bin'
[5.147s] INFO:colcon.colcon_core.shell:Creating package script '/home/agilex/agilex_ws/install/nav2_smoother/share/nav2_smoother/package.ps1'
[5.148s] INFO:colcon.colcon_core.shell:Creating package descriptor '/home/agilex/agilex_ws/install/nav2_smoother/share/nav2_smoother/package.dsv'
[5.149s] INFO:colcon.colcon_core.shell:Creating package script '/home/agilex/agilex_ws/install/nav2_smoother/share/nav2_smoother/package.sh'
[5.149s] INFO:colcon.colcon_core.shell:Creating package script '/home/agilex/agilex_ws/install/nav2_smoother/share/nav2_smoother/package.bash'
[5.150s] INFO:colcon.colcon_core.shell:Creating package script '/home/agilex/agilex_ws/install/nav2_smoother/share/nav2_smoother/package.zsh'
[5.150s] Level 1:colcon.colcon_core.environment:create_file_with_runtime_dependencies(/home/agilex/agilex_ws/install/nav2_smoother/share/colcon-core/packages/nav2_smoother)
[5.158s] Level 1:colcon.colcon_core.environment:create_environment_scripts_only(nav2_constrained_smoother)
[5.166s] Level 1:colcon.colcon_core.environment:checking '/home/agilex/agilex_ws/install/nav2_constrained_smoother' for CMake module files
[5.166s] Level 1:colcon.colcon_core.environment:checking '/home/agilex/agilex_ws/install/nav2_constrained_smoother' for CMake config files
[5.167s] Level 1:colcon.colcon_core.shell:create_environment_hook('nav2_constrained_smoother', 'cmake_prefix_path')
[5.172s] INFO:colcon.colcon_core.shell:Creating environment hook '/home/agilex/agilex_ws/install/nav2_constrained_smoother/share/nav2_constrained_smoother/hook/cmake_prefix_path.ps1'
[5.172s] INFO:colcon.colcon_core.shell:Creating environment descriptor '/home/agilex/agilex_ws/install/nav2_constrained_smoother/share/nav2_constrained_smoother/hook/cmake_prefix_path.dsv'
[5.172s] INFO:colcon.colcon_core.shell:Creating environment hook '/home/agilex/agilex_ws/install/nav2_constrained_smoother/share/nav2_constrained_smoother/hook/cmake_prefix_path.sh'
[5.173s] Level 1:colcon.colcon_core.environment:checking '/home/agilex/agilex_ws/install/nav2_constrained_smoother/lib'
[5.173s] Level 1:colcon.colcon_core.shell:create_environment_hook('nav2_constrained_smoother', 'ld_library_path_lib')
[5.176s] INFO:colcon.colcon_core.shell:Creating environment hook '/home/agilex/agilex_ws/install/nav2_constrained_smoother/share/nav2_constrained_smoother/hook/ld_library_path_lib.ps1'
[5.176s] INFO:colcon.colcon_core.shell:Creating environment descriptor '/home/agilex/agilex_ws/install/nav2_constrained_smoother/share/nav2_constrained_smoother/hook/ld_library_path_lib.dsv'
[5.176s] INFO:colcon.colcon_core.shell:Creating environment hook '/home/agilex/agilex_ws/install/nav2_constrained_smoother/share/nav2_constrained_smoother/hook/ld_library_path_lib.sh'
[5.176s] Level 1:colcon.colcon_core.environment:checking '/home/agilex/agilex_ws/install/nav2_constrained_smoother/bin'
[5.176s] Level 1:colcon.colcon_core.environment:checking '/home/agilex/agilex_ws/install/nav2_constrained_smoother/lib/pkgconfig/nav2_constrained_smoother.pc'
[5.177s] Level 1:colcon.colcon_core.environment:checking '/home/agilex/agilex_ws/install/nav2_constrained_smoother/lib/python3.10/site-packages'
[5.177s] Level 1:colcon.colcon_core.environment:checking '/home/agilex/agilex_ws/install/nav2_constrained_smoother/bin'
[5.180s] INFO:colcon.colcon_core.shell:Creating package script '/home/agilex/agilex_ws/install/nav2_constrained_smoother/share/nav2_constrained_smoother/package.ps1'
[5.180s] INFO:colcon.colcon_core.shell:Creating package descriptor '/home/agilex/agilex_ws/install/nav2_constrained_smoother/share/nav2_constrained_smoother/package.dsv'
[5.180s] INFO:colcon.colcon_core.shell:Creating package script '/home/agilex/agilex_ws/install/nav2_constrained_smoother/share/nav2_constrained_smoother/package.sh'
[5.180s] INFO:colcon.colcon_core.shell:Creating package script '/home/agilex/agilex_ws/install/nav2_constrained_smoother/share/nav2_constrained_smoother/package.bash'
[5.181s] INFO:colcon.colcon_core.shell:Creating package script '/home/agilex/agilex_ws/install/nav2_constrained_smoother/share/nav2_constrained_smoother/package.zsh'
[5.181s] Level 1:colcon.colcon_core.environment:create_file_with_runtime_dependencies(/home/agilex/agilex_ws/install/nav2_constrained_smoother/share/colcon-core/packages/nav2_constrained_smoother)
[5.184s] Level 1:colcon.colcon_core.environment:create_environment_scripts_only(nav2_theta_star_planner)
[5.187s] Level 1:colcon.colcon_core.environment:checking '/home/agilex/agilex_ws/install/nav2_theta_star_planner' for CMake module files
[5.187s] Level 1:colcon.colcon_core.environment:checking '/home/agilex/agilex_ws/install/nav2_theta_star_planner' for CMake config files
[5.187s] Level 1:colcon.colcon_core.shell:create_environment_hook('nav2_theta_star_planner', 'cmake_prefix_path')
[5.190s] INFO:colcon.colcon_core.shell:Creating environment hook '/home/agilex/agilex_ws/install/nav2_theta_star_planner/share/nav2_theta_star_planner/hook/cmake_prefix_path.ps1'
[5.191s] INFO:colcon.colcon_core.shell:Creating environment descriptor '/home/agilex/agilex_ws/install/nav2_theta_star_planner/share/nav2_theta_star_planner/hook/cmake_prefix_path.dsv'
[5.191s] INFO:colcon.colcon_core.shell:Creating environment hook '/home/agilex/agilex_ws/install/nav2_theta_star_planner/share/nav2_theta_star_planner/hook/cmake_prefix_path.sh'
[5.191s] Level 1:colcon.colcon_core.environment:checking '/home/agilex/agilex_ws/install/nav2_theta_star_planner/lib'
[5.191s] Level 1:colcon.colcon_core.shell:create_environment_hook('nav2_theta_star_planner', 'ld_library_path_lib')
[5.195s] INFO:colcon.colcon_core.shell:Creating environment hook '/home/agilex/agilex_ws/install/nav2_theta_star_planner/share/nav2_theta_star_planner/hook/ld_library_path_lib.ps1'
[5.195s] INFO:colcon.colcon_core.shell:Creating environment descriptor '/home/agilex/agilex_ws/install/nav2_theta_star_planner/share/nav2_theta_star_planner/hook/ld_library_path_lib.dsv'
[5.195s] INFO:colcon.colcon_core.shell:Creating environment hook '/home/agilex/agilex_ws/install/nav2_theta_star_planner/share/nav2_theta_star_planner/hook/ld_library_path_lib.sh'
[5.195s] Level 1:colcon.colcon_core.environment:checking '/home/agilex/agilex_ws/install/nav2_theta_star_planner/bin'
[5.195s] Level 1:colcon.colcon_core.environment:checking '/home/agilex/agilex_ws/install/nav2_theta_star_planner/lib/pkgconfig/nav2_theta_star_planner.pc'
[5.195s] Level 1:colcon.colcon_core.environment:checking '/home/agilex/agilex_ws/install/nav2_theta_star_planner/lib/python3.10/site-packages'
[5.195s] Level 1:colcon.colcon_core.environment:checking '/home/agilex/agilex_ws/install/nav2_theta_star_planner/bin'
[5.198s] INFO:colcon.colcon_core.shell:Creating package script '/home/agilex/agilex_ws/install/nav2_theta_star_planner/share/nav2_theta_star_planner/package.ps1'
[5.199s] INFO:colcon.colcon_core.shell:Creating package descriptor '/home/agilex/agilex_ws/install/nav2_theta_star_planner/share/nav2_theta_star_planner/package.dsv'
[5.199s] INFO:colcon.colcon_core.shell:Creating package script '/home/agilex/agilex_ws/install/nav2_theta_star_planner/share/nav2_theta_star_planner/package.sh'
[5.199s] INFO:colcon.colcon_core.shell:Creating package script '/home/agilex/agilex_ws/install/nav2_theta_star_planner/share/nav2_theta_star_planner/package.bash'
[5.199s] INFO:colcon.colcon_core.shell:Creating package script '/home/agilex/agilex_ws/install/nav2_theta_star_planner/share/nav2_theta_star_planner/package.zsh'
[5.199s] Level 1:colcon.colcon_core.environment:create_file_with_runtime_dependencies(/home/agilex/agilex_ws/install/nav2_theta_star_planner/share/colcon-core/packages/nav2_theta_star_planner)
[5.203s] Level 1:colcon.colcon_core.environment:create_environment_scripts_only(nav2_waypoint_follower)
[5.206s] Level 1:colcon.colcon_core.environment:checking '/home/agilex/agilex_ws/install/nav2_waypoint_follower' for CMake module files
[5.206s] Level 1:colcon.colcon_core.environment:checking '/home/agilex/agilex_ws/install/nav2_waypoint_follower' for CMake config files
[5.206s] Level 1:colcon.colcon_core.shell:create_environment_hook('nav2_waypoint_follower', 'cmake_prefix_path')
[5.209s] INFO:colcon.colcon_core.shell:Creating environment hook '/home/agilex/agilex_ws/install/nav2_waypoint_follower/share/nav2_waypoint_follower/hook/cmake_prefix_path.ps1'
[5.209s] INFO:colcon.colcon_core.shell:Creating environment descriptor '/home/agilex/agilex_ws/install/nav2_waypoint_follower/share/nav2_waypoint_follower/hook/cmake_prefix_path.dsv'
[5.209s] INFO:colcon.colcon_core.shell:Creating environment hook '/home/agilex/agilex_ws/install/nav2_waypoint_follower/share/nav2_waypoint_follower/hook/cmake_prefix_path.sh'
[5.209s] Level 1:colcon.colcon_core.environment:checking '/home/agilex/agilex_ws/install/nav2_waypoint_follower/lib'
[5.210s] Level 1:colcon.colcon_core.shell:create_environment_hook('nav2_waypoint_follower', 'ld_library_path_lib')
[5.212s] INFO:colcon.colcon_core.shell:Creating environment hook '/home/agilex/agilex_ws/install/nav2_waypoint_follower/share/nav2_waypoint_follower/hook/ld_library_path_lib.ps1'
[5.213s] INFO:colcon.colcon_core.shell:Creating environment descriptor '/home/agilex/agilex_ws/install/nav2_waypoint_follower/share/nav2_waypoint_follower/hook/ld_library_path_lib.dsv'
[5.213s] INFO:colcon.colcon_core.shell:Creating environment hook '/home/agilex/agilex_ws/install/nav2_waypoint_follower/share/nav2_waypoint_follower/hook/ld_library_path_lib.sh'
[5.213s] Level 1:colcon.colcon_core.environment:checking '/home/agilex/agilex_ws/install/nav2_waypoint_follower/bin'
[5.213s] Level 1:colcon.colcon_core.environment:checking '/home/agilex/agilex_ws/install/nav2_waypoint_follower/lib/pkgconfig/nav2_waypoint_follower.pc'
[5.213s] Level 1:colcon.colcon_core.environment:checking '/home/agilex/agilex_ws/install/nav2_waypoint_follower/lib/python3.10/site-packages'
[5.213s] Level 1:colcon.colcon_core.environment:checking '/home/agilex/agilex_ws/install/nav2_waypoint_follower/bin'
[5.216s] INFO:colcon.colcon_core.shell:Creating package script '/home/agilex/agilex_ws/install/nav2_waypoint_follower/share/nav2_waypoint_follower/package.ps1'
[5.216s] INFO:colcon.colcon_core.shell:Creating package descriptor '/home/agilex/agilex_ws/install/nav2_waypoint_follower/share/nav2_waypoint_follower/package.dsv'
[5.217s] INFO:colcon.colcon_core.shell:Creating package script '/home/agilex/agilex_ws/install/nav2_waypoint_follower/share/nav2_waypoint_follower/package.sh'
[5.217s] INFO:colcon.colcon_core.shell:Creating package script '/home/agilex/agilex_ws/install/nav2_waypoint_follower/share/nav2_waypoint_follower/package.bash'
[5.217s] INFO:colcon.colcon_core.shell:Creating package script '/home/agilex/agilex_ws/install/nav2_waypoint_follower/share/nav2_waypoint_follower/package.zsh'
[5.217s] Level 1:colcon.colcon_core.environment:create_file_with_runtime_dependencies(/home/agilex/agilex_ws/install/nav2_waypoint_follower/share/colcon-core/packages/nav2_waypoint_follower)
[5.221s] Level 1:colcon.colcon_core.environment:create_environment_scripts_only(nav2_controller)
[5.225s] Level 1:colcon.colcon_core.environment:checking '/home/agilex/agilex_ws/install/nav2_controller' for CMake module files
[5.225s] Level 1:colcon.colcon_core.environment:checking '/home/agilex/agilex_ws/install/nav2_controller' for CMake config files
[5.225s] Level 1:colcon.colcon_core.shell:create_environment_hook('nav2_controller', 'cmake_prefix_path')
[5.228s] INFO:colcon.colcon_core.shell:Creating environment hook '/home/agilex/agilex_ws/install/nav2_controller/share/nav2_controller/hook/cmake_prefix_path.ps1'
[5.229s] INFO:colcon.colcon_core.shell:Creating environment descriptor '/home/agilex/agilex_ws/install/nav2_controller/share/nav2_controller/hook/cmake_prefix_path.dsv'
[5.229s] INFO:colcon.colcon_core.shell:Creating environment hook '/home/agilex/agilex_ws/install/nav2_controller/share/nav2_controller/hook/cmake_prefix_path.sh'
[5.229s] Level 1:colcon.colcon_core.environment:checking '/home/agilex/agilex_ws/install/nav2_controller/lib'
[5.229s] Level 1:colcon.colcon_core.shell:create_environment_hook('nav2_controller', 'ld_library_path_lib')
[5.232s] INFO:colcon.colcon_core.shell:Creating environment hook '/home/agilex/agilex_ws/install/nav2_controller/share/nav2_controller/hook/ld_library_path_lib.ps1'
[5.232s] INFO:colcon.colcon_core.shell:Creating environment descriptor '/home/agilex/agilex_ws/install/nav2_controller/share/nav2_controller/hook/ld_library_path_lib.dsv'
[5.232s] INFO:colcon.colcon_core.shell:Creating environment hook '/home/agilex/agilex_ws/install/nav2_controller/share/nav2_controller/hook/ld_library_path_lib.sh'
[5.232s] Level 1:colcon.colcon_core.environment:checking '/home/agilex/agilex_ws/install/nav2_controller/bin'
[5.232s] Level 1:colcon.colcon_core.environment:checking '/home/agilex/agilex_ws/install/nav2_controller/lib/pkgconfig/nav2_controller.pc'
[5.233s] Level 1:colcon.colcon_core.environment:checking '/home/agilex/agilex_ws/install/nav2_controller/lib/python3.10/site-packages'
[5.233s] Level 1:colcon.colcon_core.environment:checking '/home/agilex/agilex_ws/install/nav2_controller/bin'
[5.236s] INFO:colcon.colcon_core.shell:Creating package script '/home/agilex/agilex_ws/install/nav2_controller/share/nav2_controller/package.ps1'
[5.236s] INFO:colcon.colcon_core.shell:Creating package descriptor '/home/agilex/agilex_ws/install/nav2_controller/share/nav2_controller/package.dsv'
[5.236s] INFO:colcon.colcon_core.shell:Creating package script '/home/agilex/agilex_ws/install/nav2_controller/share/nav2_controller/package.sh'
[5.236s] INFO:colcon.colcon_core.shell:Creating package script '/home/agilex/agilex_ws/install/nav2_controller/share/nav2_controller/package.bash'
[5.237s] INFO:colcon.colcon_core.shell:Creating package script '/home/agilex/agilex_ws/install/nav2_controller/share/nav2_controller/package.zsh'
[5.237s] Level 1:colcon.colcon_core.environment:create_file_with_runtime_dependencies(/home/agilex/agilex_ws/install/nav2_controller/share/colcon-core/packages/nav2_controller)
[5.237s] INFO:colcon.colcon_ros.task.ament_cmake.build:Building ROS package in '/home/agilex/agilex_ws/src/navigation2/nav2_rotation_shim_controller' with build type 'ament_cmake'
[5.237s] INFO:colcon.colcon_cmake.task.cmake.build:Building CMake package in '/home/agilex/agilex_ws/src/navigation2/nav2_rotation_shim_controller'
[5.244s] INFO:colcon.colcon_core.shell:Skip shell extension 'powershell' for command environment: Not usable outside of PowerShell
[5.244s] DEBUG:colcon.colcon_core.shell:Skip shell extension 'dsv' for command environment
[5.248s] INFO:colcon.colcon_ros.task.ament_cmake.build:Building ROS package in '/home/agilex/agilex_ws/src/limo_ros2/limo_bringup' with build type 'ament_cmake'
[5.249s] INFO:colcon.colcon_cmake.task.cmake.build:Building CMake package in '/home/agilex/agilex_ws/src/limo_ros2/limo_bringup'
[5.252s] INFO:colcon.colcon_core.shell:Skip shell extension 'powershell' for command environment: Not usable outside of PowerShell
[5.252s] DEBUG:colcon.colcon_core.shell:Skip shell extension 'dsv' for command environment
[5.260s] Level 1:colcon.colcon_core.environment:create_environment_scripts_only(nav2_smac_planner)
[5.264s] Level 1:colcon.colcon_core.environment:checking '/home/agilex/agilex_ws/install/nav2_smac_planner' for CMake module files
[5.264s] Level 1:colcon.colcon_core.environment:checking '/home/agilex/agilex_ws/install/nav2_smac_planner' for CMake config files
[5.264s] Level 1:colcon.colcon_core.shell:create_environment_hook('nav2_smac_planner', 'cmake_prefix_path')
[5.267s] INFO:colcon.colcon_core.shell:Creating environment hook '/home/agilex/agilex_ws/install/nav2_smac_planner/share/nav2_smac_planner/hook/cmake_prefix_path.ps1'
[5.268s] INFO:colcon.colcon_core.shell:Creating environment descriptor '/home/agilex/agilex_ws/install/nav2_smac_planner/share/nav2_smac_planner/hook/cmake_prefix_path.dsv'
[5.268s] INFO:colcon.colcon_core.shell:Creating environment hook '/home/agilex/agilex_ws/install/nav2_smac_planner/share/nav2_smac_planner/hook/cmake_prefix_path.sh'
[5.268s] Level 1:colcon.colcon_core.environment:checking '/home/agilex/agilex_ws/install/nav2_smac_planner/lib'
[5.268s] Level 1:colcon.colcon_core.shell:create_environment_hook('nav2_smac_planner', 'ld_library_path_lib')
[5.271s] INFO:colcon.colcon_core.shell:Creating environment hook '/home/agilex/agilex_ws/install/nav2_smac_planner/share/nav2_smac_planner/hook/ld_library_path_lib.ps1'
[5.271s] INFO:colcon.colcon_core.shell:Creating environment descriptor '/home/agilex/agilex_ws/install/nav2_smac_planner/share/nav2_smac_planner/hook/ld_library_path_lib.dsv'
[5.272s] INFO:colcon.colcon_core.shell:Creating environment hook '/home/agilex/agilex_ws/install/nav2_smac_planner/share/nav2_smac_planner/hook/ld_library_path_lib.sh'
[5.272s] Level 1:colcon.colcon_core.environment:checking '/home/agilex/agilex_ws/install/nav2_smac_planner/bin'
[5.272s] Level 1:colcon.colcon_core.environment:checking '/home/agilex/agilex_ws/install/nav2_smac_planner/lib/pkgconfig/nav2_smac_planner.pc'
[5.272s] Level 1:colcon.colcon_core.environment:checking '/home/agilex/agilex_ws/install/nav2_smac_planner/lib/python3.10/site-packages'
[5.272s] Level 1:colcon.colcon_core.environment:checking '/home/agilex/agilex_ws/install/nav2_smac_planner/bin'
[5.275s] INFO:colcon.colcon_core.shell:Creating package script '/home/agilex/agilex_ws/install/nav2_smac_planner/share/nav2_smac_planner/package.ps1'
[5.275s] INFO:colcon.colcon_core.shell:Creating package descriptor '/home/agilex/agilex_ws/install/nav2_smac_planner/share/nav2_smac_planner/package.dsv'
[5.276s] INFO:colcon.colcon_core.shell:Creating package script '/home/agilex/agilex_ws/install/nav2_smac_planner/share/nav2_smac_planner/package.sh'
[5.276s] INFO:colcon.colcon_core.shell:Creating package script '/home/agilex/agilex_ws/install/nav2_smac_planner/share/nav2_smac_planner/package.bash'
[5.276s] INFO:colcon.colcon_core.shell:Creating package script '/home/agilex/agilex_ws/install/nav2_smac_planner/share/nav2_smac_planner/package.zsh'
[5.276s] Level 1:colcon.colcon_core.environment:create_file_with_runtime_dependencies(/home/agilex/agilex_ws/install/nav2_smac_planner/share/colcon-core/packages/nav2_smac_planner)
[5.278s] DEBUG:colcon.colcon_core.event_handler.log_command:Invoked command in '/home/agilex/agilex_ws/build/dwb_plugins' returned '0': AMENT_PREFIX_PATH=/home/agilex/agilex_ws/install/dwb_core:/home/agilex/agilex_ws/install/nav2_core:/home/agilex/agilex_ws/install/nav2_costmap_2d:/home/agilex/agilex_ws/install/nav_2d_utils:/home/agilex/agilex_ws/install/nav2_util:/home/agilex/agilex_ws/install/nav2_voxel_grid:/home/agilex/agilex_ws/install/nav2_msgs:/home/agilex/agilex_ws/install/dwb_msgs:/home/agilex/agilex_ws/install/nav_2d_msgs:/home/agilex/agilex_ws/install/nav2_common CMAKE_PREFIX_PATH=/home/agilex/agilex_ws/install/dwb_core:/home/agilex/agilex_ws/install/nav2_core:/home/agilex/agilex_ws/install/nav2_costmap_2d:/home/agilex/agilex_ws/install/nav_2d_utils:/home/agilex/agilex_ws/install/nav2_util:/home/agilex/agilex_ws/install/nav2_voxel_grid:/home/agilex/agilex_ws/install/nav2_msgs:/home/agilex/agilex_ws/install/dwb_msgs:/home/agilex/agilex_ws/install/nav_2d_msgs:/home/agilex/agilex_ws/install/nav2_common LD_LIBRARY_PATH=/home/agilex/agilex_ws/install/dwb_core/lib:/home/agilex/agilex_ws/install/nav2_costmap_2d/lib:/home/agilex/agilex_ws/install/nav_2d_utils/lib:/home/agilex/agilex_ws/install/nav2_util/lib:/home/agilex/agilex_ws/install/nav2_voxel_grid/lib:/home/agilex/agilex_ws/install/nav2_msgs/lib:/home/agilex/agilex_ws/install/dwb_msgs/lib:/home/agilex/agilex_ws/install/nav_2d_msgs/lib PYTHONPATH=/home/agilex/agilex_ws/install/nav2_msgs/local/lib/python3.10/dist-packages:/home/agilex/agilex_ws/install/dwb_msgs/local/lib/python3.10/dist-packages:/home/agilex/agilex_ws/install/nav_2d_msgs/local/lib/python3.10/dist-packages:/home/agilex/agilex_ws/install/nav2_common/local/lib/python3.10/dist-packages /usr/bin/cmake --build /home/agilex/agilex_ws/build/dwb_plugins -- -j16 -l16
[5.279s] DEBUG:colcon.colcon_core.event_handler.log_command:Invoked command in '/home/agilex/agilex_ws/build/dwb_critics' returned '0': AMENT_PREFIX_PATH=/home/agilex/agilex_ws/install/dwb_core:/home/agilex/agilex_ws/install/nav2_core:/home/agilex/agilex_ws/install/costmap_queue:/home/agilex/agilex_ws/install/nav2_costmap_2d:/home/agilex/agilex_ws/install/nav_2d_utils:/home/agilex/agilex_ws/install/nav2_util:/home/agilex/agilex_ws/install/nav2_voxel_grid:/home/agilex/agilex_ws/install/nav2_msgs:/home/agilex/agilex_ws/install/dwb_msgs:/home/agilex/agilex_ws/install/nav_2d_msgs:/home/agilex/agilex_ws/install/nav2_common CMAKE_PREFIX_PATH=/home/agilex/agilex_ws/install/dwb_core:/home/agilex/agilex_ws/install/nav2_core:/home/agilex/agilex_ws/install/costmap_queue:/home/agilex/agilex_ws/install/nav2_costmap_2d:/home/agilex/agilex_ws/install/nav_2d_utils:/home/agilex/agilex_ws/install/nav2_util:/home/agilex/agilex_ws/install/nav2_voxel_grid:/home/agilex/agilex_ws/install/nav2_msgs:/home/agilex/agilex_ws/install/dwb_msgs:/home/agilex/agilex_ws/install/nav_2d_msgs:/home/agilex/agilex_ws/install/nav2_common LD_LIBRARY_PATH=/home/agilex/agilex_ws/install/dwb_core/lib:/home/agilex/agilex_ws/install/costmap_queue/lib:/home/agilex/agilex_ws/install/nav2_costmap_2d/lib:/home/agilex/agilex_ws/install/nav_2d_utils/lib:/home/agilex/agilex_ws/install/nav2_util/lib:/home/agilex/agilex_ws/install/nav2_voxel_grid/lib:/home/agilex/agilex_ws/install/nav2_msgs/lib:/home/agilex/agilex_ws/install/dwb_msgs/lib:/home/agilex/agilex_ws/install/nav_2d_msgs/lib PYTHONPATH=/home/agilex/agilex_ws/install/nav2_msgs/local/lib/python3.10/dist-packages:/home/agilex/agilex_ws/install/dwb_msgs/local/lib/python3.10/dist-packages:/home/agilex/agilex_ws/install/nav_2d_msgs/local/lib/python3.10/dist-packages:/home/agilex/agilex_ws/install/nav2_common/local/lib/python3.10/dist-packages /usr/bin/cmake --build /home/agilex/agilex_ws/build/dwb_critics -- -j16 -l16
[5.280s] DEBUG:colcon.colcon_core.event_handler.log_command:Invoking command in '/home/agilex/agilex_ws/build/nav2_rotation_shim_controller': AMENT_PREFIX_PATH=/home/agilex/agilex_ws/install/nav2_regulated_pure_pursuit_controller:/home/agilex/agilex_ws/install/nav2_controller:/home/agilex/agilex_ws/install/nav2_core:/home/agilex/agilex_ws/install/nav2_costmap_2d:/home/agilex/agilex_ws/install/nav_2d_utils:/home/agilex/agilex_ws/install/nav2_util:/home/agilex/agilex_ws/install/nav2_voxel_grid:/home/agilex/agilex_ws/install/nav2_msgs:/home/agilex/agilex_ws/install/nav_2d_msgs:/home/agilex/agilex_ws/install/nav2_common CMAKE_PREFIX_PATH=/home/agilex/agilex_ws/install/nav2_regulated_pure_pursuit_controller:/home/agilex/agilex_ws/install/nav2_controller:/home/agilex/agilex_ws/install/nav2_core:/home/agilex/agilex_ws/install/nav2_costmap_2d:/home/agilex/agilex_ws/install/nav_2d_utils:/home/agilex/agilex_ws/install/nav2_util:/home/agilex/agilex_ws/install/nav2_voxel_grid:/home/agilex/agilex_ws/install/nav2_msgs:/home/agilex/agilex_ws/install/nav_2d_msgs:/home/agilex/agilex_ws/install/nav2_common LD_LIBRARY_PATH=/home/agilex/agilex_ws/install/nav2_regulated_pure_pursuit_controller/lib:/home/agilex/agilex_ws/install/nav2_controller/lib:/home/agilex/agilex_ws/install/nav2_costmap_2d/lib:/home/agilex/agilex_ws/install/nav_2d_utils/lib:/home/agilex/agilex_ws/install/nav2_util/lib:/home/agilex/agilex_ws/install/nav2_voxel_grid/lib:/home/agilex/agilex_ws/install/nav2_msgs/lib:/home/agilex/agilex_ws/install/nav_2d_msgs/lib PYTHONPATH=/home/agilex/agilex_ws/install/nav2_msgs/local/lib/python3.10/dist-packages:/home/agilex/agilex_ws/install/nav_2d_msgs/local/lib/python3.10/dist-packages:/home/agilex/agilex_ws/install/nav2_common/local/lib/python3.10/dist-packages /usr/bin/cmake --build /home/agilex/agilex_ws/build/nav2_rotation_shim_controller -- -j16 -l16
[5.286s] DEBUG:colcon.colcon_core.event_handler.log_command:Invoking command in '/home/agilex/agilex_ws/build/limo_bringup': AMENT_PREFIX_PATH=/home/agilex/agilex_ws/install/nav2_waypoint_follower:/home/agilex/agilex_ws/install/nav2_planner:/home/agilex/agilex_ws/install/nav2_controller:/home/agilex/agilex_ws/install/nav2_bt_navigator:/home/agilex/agilex_ws/install/nav2_core:/home/agilex/agilex_ws/install/nav2_costmap_2d:/home/agilex/agilex_ws/install/nav_2d_utils:/home/agilex/agilex_ws/install/nav2_map_server:/home/agilex/agilex_ws/install/nav2_lifecycle_manager:/home/agilex/agilex_ws/install/nav2_behavior_tree:/home/agilex/agilex_ws/install/nav2_amcl:/home/agilex/agilex_ws/install/nav2_util:/home/agilex/agilex_ws/install/nav2_voxel_grid:/home/agilex/agilex_ws/install/nav2_msgs:/home/agilex/agilex_ws/install/nav_2d_msgs:/home/agilex/agilex_ws/install/nav2_common:/home/agilex/agilex_ws/install/limo_msgs CMAKE_PREFIX_PATH=/home/agilex/agilex_ws/install/nav2_waypoint_follower:/home/agilex/agilex_ws/install/nav2_planner:/home/agilex/agilex_ws/install/nav2_controller:/home/agilex/agilex_ws/install/nav2_bt_navigator:/home/agilex/agilex_ws/install/nav2_core:/home/agilex/agilex_ws/install/nav2_costmap_2d:/home/agilex/agilex_ws/install/nav_2d_utils:/home/agilex/agilex_ws/install/nav2_map_server:/home/agilex/agilex_ws/install/nav2_lifecycle_manager:/home/agilex/agilex_ws/install/nav2_behavior_tree:/home/agilex/agilex_ws/install/nav2_amcl:/home/agilex/agilex_ws/install/nav2_util:/home/agilex/agilex_ws/install/nav2_voxel_grid:/home/agilex/agilex_ws/install/nav2_msgs:/home/agilex/agilex_ws/install/nav_2d_msgs:/home/agilex/agilex_ws/install/nav2_common:/home/agilex/agilex_ws/install/limo_msgs LD_LIBRARY_PATH=/home/agilex/agilex_ws/install/nav2_waypoint_follower/lib:/home/agilex/agilex_ws/install/nav2_planner/lib:/home/agilex/agilex_ws/install/nav2_controller/lib:/home/agilex/agilex_ws/install/nav2_bt_navigator/lib:/home/agilex/agilex_ws/install/nav2_costmap_2d/lib:/home/agilex/agilex_ws/install/nav_2d_utils/lib:/home/agilex/agilex_ws/install/nav2_map_server/lib:/home/agilex/agilex_ws/install/nav2_lifecycle_manager/lib:/home/agilex/agilex_ws/install/nav2_behavior_tree/lib:/home/agilex/agilex_ws/install/nav2_amcl/lib:/home/agilex/agilex_ws/install/nav2_util/lib:/home/agilex/agilex_ws/install/nav2_voxel_grid/lib:/home/agilex/agilex_ws/install/nav2_msgs/lib:/home/agilex/agilex_ws/install/nav_2d_msgs/lib:/home/agilex/agilex_ws/install/limo_msgs/lib PYTHONPATH=/home/agilex/agilex_ws/install/nav2_msgs/local/lib/python3.10/dist-packages:/home/agilex/agilex_ws/install/nav_2d_msgs/local/lib/python3.10/dist-packages:/home/agilex/agilex_ws/install/nav2_common/local/lib/python3.10/dist-packages:/home/agilex/agilex_ws/install/limo_msgs/local/lib/python3.10/dist-packages /usr/bin/cmake --build /home/agilex/agilex_ws/build/limo_bringup -- -j16 -l16
[5.302s] DEBUG:colcon.colcon_core.event_handler.log_command:Invoking command in '/home/agilex/agilex_ws/build/dwb_plugins': AMENT_PREFIX_PATH=/home/agilex/agilex_ws/install/dwb_core:/home/agilex/agilex_ws/install/nav2_core:/home/agilex/agilex_ws/install/nav2_costmap_2d:/home/agilex/agilex_ws/install/nav_2d_utils:/home/agilex/agilex_ws/install/nav2_util:/home/agilex/agilex_ws/install/nav2_voxel_grid:/home/agilex/agilex_ws/install/nav2_msgs:/home/agilex/agilex_ws/install/dwb_msgs:/home/agilex/agilex_ws/install/nav_2d_msgs:/home/agilex/agilex_ws/install/nav2_common CMAKE_PREFIX_PATH=/home/agilex/agilex_ws/install/dwb_core:/home/agilex/agilex_ws/install/nav2_core:/home/agilex/agilex_ws/install/nav2_costmap_2d:/home/agilex/agilex_ws/install/nav_2d_utils:/home/agilex/agilex_ws/install/nav2_util:/home/agilex/agilex_ws/install/nav2_voxel_grid:/home/agilex/agilex_ws/install/nav2_msgs:/home/agilex/agilex_ws/install/dwb_msgs:/home/agilex/agilex_ws/install/nav_2d_msgs:/home/agilex/agilex_ws/install/nav2_common LD_LIBRARY_PATH=/home/agilex/agilex_ws/install/dwb_core/lib:/home/agilex/agilex_ws/install/nav2_costmap_2d/lib:/home/agilex/agilex_ws/install/nav_2d_utils/lib:/home/agilex/agilex_ws/install/nav2_util/lib:/home/agilex/agilex_ws/install/nav2_voxel_grid/lib:/home/agilex/agilex_ws/install/nav2_msgs/lib:/home/agilex/agilex_ws/install/dwb_msgs/lib:/home/agilex/agilex_ws/install/nav_2d_msgs/lib PYTHONPATH=/home/agilex/agilex_ws/install/nav2_msgs/local/lib/python3.10/dist-packages:/home/agilex/agilex_ws/install/dwb_msgs/local/lib/python3.10/dist-packages:/home/agilex/agilex_ws/install/nav_2d_msgs/local/lib/python3.10/dist-packages:/home/agilex/agilex_ws/install/nav2_common/local/lib/python3.10/dist-packages /usr/bin/cmake --install /home/agilex/agilex_ws/build/dwb_plugins
[5.310s] Level 1:colcon.colcon_core.environment:create_environment_scripts_only(dwb_plugins)
[5.311s] DEBUG:colcon.colcon_core.event_handler.log_command:Invoked command in '/home/agilex/agilex_ws/build/dwb_plugins' returned '0': AMENT_PREFIX_PATH=/home/agilex/agilex_ws/install/dwb_core:/home/agilex/agilex_ws/install/nav2_core:/home/agilex/agilex_ws/install/nav2_costmap_2d:/home/agilex/agilex_ws/install/nav_2d_utils:/home/agilex/agilex_ws/install/nav2_util:/home/agilex/agilex_ws/install/nav2_voxel_grid:/home/agilex/agilex_ws/install/nav2_msgs:/home/agilex/agilex_ws/install/dwb_msgs:/home/agilex/agilex_ws/install/nav_2d_msgs:/home/agilex/agilex_ws/install/nav2_common CMAKE_PREFIX_PATH=/home/agilex/agilex_ws/install/dwb_core:/home/agilex/agilex_ws/install/nav2_core:/home/agilex/agilex_ws/install/nav2_costmap_2d:/home/agilex/agilex_ws/install/nav_2d_utils:/home/agilex/agilex_ws/install/nav2_util:/home/agilex/agilex_ws/install/nav2_voxel_grid:/home/agilex/agilex_ws/install/nav2_msgs:/home/agilex/agilex_ws/install/dwb_msgs:/home/agilex/agilex_ws/install/nav_2d_msgs:/home/agilex/agilex_ws/install/nav2_common LD_LIBRARY_PATH=/home/agilex/agilex_ws/install/dwb_core/lib:/home/agilex/agilex_ws/install/nav2_costmap_2d/lib:/home/agilex/agilex_ws/install/nav_2d_utils/lib:/home/agilex/agilex_ws/install/nav2_util/lib:/home/agilex/agilex_ws/install/nav2_voxel_grid/lib:/home/agilex/agilex_ws/install/nav2_msgs/lib:/home/agilex/agilex_ws/install/dwb_msgs/lib:/home/agilex/agilex_ws/install/nav_2d_msgs/lib PYTHONPATH=/home/agilex/agilex_ws/install/nav2_msgs/local/lib/python3.10/dist-packages:/home/agilex/agilex_ws/install/dwb_msgs/local/lib/python3.10/dist-packages:/home/agilex/agilex_ws/install/nav_2d_msgs/local/lib/python3.10/dist-packages:/home/agilex/agilex_ws/install/nav2_common/local/lib/python3.10/dist-packages /usr/bin/cmake --install /home/agilex/agilex_ws/build/dwb_plugins
[5.320s] Level 1:colcon.colcon_core.environment:checking '/home/agilex/agilex_ws/install/dwb_plugins' for CMake module files
[5.321s] Level 1:colcon.colcon_core.environment:checking '/home/agilex/agilex_ws/install/dwb_plugins' for CMake config files
[5.321s] Level 1:colcon.colcon_core.shell:create_environment_hook('dwb_plugins', 'cmake_prefix_path')
[5.327s] INFO:colcon.colcon_core.shell:Creating environment hook '/home/agilex/agilex_ws/install/dwb_plugins/share/dwb_plugins/hook/cmake_prefix_path.ps1'
[5.327s] INFO:colcon.colcon_core.shell:Creating environment descriptor '/home/agilex/agilex_ws/install/dwb_plugins/share/dwb_plugins/hook/cmake_prefix_path.dsv'
[5.327s] INFO:colcon.colcon_core.shell:Creating environment hook '/home/agilex/agilex_ws/install/dwb_plugins/share/dwb_plugins/hook/cmake_prefix_path.sh'
[5.328s] Level 1:colcon.colcon_core.environment:checking '/home/agilex/agilex_ws/install/dwb_plugins/lib'
[5.328s] Level 1:colcon.colcon_core.shell:create_environment_hook('dwb_plugins', 'ld_library_path_lib')
[5.339s] INFO:colcon.colcon_core.shell:Creating environment hook '/home/agilex/agilex_ws/install/dwb_plugins/share/dwb_plugins/hook/ld_library_path_lib.ps1'
[5.339s] INFO:colcon.colcon_core.shell:Creating environment descriptor '/home/agilex/agilex_ws/install/dwb_plugins/share/dwb_plugins/hook/ld_library_path_lib.dsv'
[5.340s] INFO:colcon.colcon_core.shell:Creating environment hook '/home/agilex/agilex_ws/install/dwb_plugins/share/dwb_plugins/hook/ld_library_path_lib.sh'
[5.340s] Level 1:colcon.colcon_core.environment:checking '/home/agilex/agilex_ws/install/dwb_plugins/bin'
[5.340s] Level 1:colcon.colcon_core.environment:checking '/home/agilex/agilex_ws/install/dwb_plugins/lib/pkgconfig/dwb_plugins.pc'
[5.340s] Level 1:colcon.colcon_core.environment:checking '/home/agilex/agilex_ws/install/dwb_plugins/lib/python3.10/site-packages'
[5.340s] Level 1:colcon.colcon_core.environment:checking '/home/agilex/agilex_ws/install/dwb_plugins/bin'
[5.343s] INFO:colcon.colcon_core.shell:Creating package script '/home/agilex/agilex_ws/install/dwb_plugins/share/dwb_plugins/package.ps1'
[5.344s] INFO:colcon.colcon_core.shell:Creating package descriptor '/home/agilex/agilex_ws/install/dwb_plugins/share/dwb_plugins/package.dsv'
[5.344s] INFO:colcon.colcon_core.shell:Creating package script '/home/agilex/agilex_ws/install/dwb_plugins/share/dwb_plugins/package.sh'
[5.344s] INFO:colcon.colcon_core.shell:Creating package script '/home/agilex/agilex_ws/install/dwb_plugins/share/dwb_plugins/package.bash'
[5.344s] INFO:colcon.colcon_core.shell:Creating package script '/home/agilex/agilex_ws/install/dwb_plugins/share/dwb_plugins/package.zsh'
[5.344s] Level 1:colcon.colcon_core.environment:create_file_with_runtime_dependencies(/home/agilex/agilex_ws/install/dwb_plugins/share/colcon-core/packages/dwb_plugins)
[5.346s] DEBUG:colcon.colcon_core.event_handler.log_command:Invoking command in '/home/agilex/agilex_ws/build/dwb_critics': AMENT_PREFIX_PATH=/home/agilex/agilex_ws/install/dwb_core:/home/agilex/agilex_ws/install/nav2_core:/home/agilex/agilex_ws/install/costmap_queue:/home/agilex/agilex_ws/install/nav2_costmap_2d:/home/agilex/agilex_ws/install/nav_2d_utils:/home/agilex/agilex_ws/install/nav2_util:/home/agilex/agilex_ws/install/nav2_voxel_grid:/home/agilex/agilex_ws/install/nav2_msgs:/home/agilex/agilex_ws/install/dwb_msgs:/home/agilex/agilex_ws/install/nav_2d_msgs:/home/agilex/agilex_ws/install/nav2_common CMAKE_PREFIX_PATH=/home/agilex/agilex_ws/install/dwb_core:/home/agilex/agilex_ws/install/nav2_core:/home/agilex/agilex_ws/install/costmap_queue:/home/agilex/agilex_ws/install/nav2_costmap_2d:/home/agilex/agilex_ws/install/nav_2d_utils:/home/agilex/agilex_ws/install/nav2_util:/home/agilex/agilex_ws/install/nav2_voxel_grid:/home/agilex/agilex_ws/install/nav2_msgs:/home/agilex/agilex_ws/install/dwb_msgs:/home/agilex/agilex_ws/install/nav_2d_msgs:/home/agilex/agilex_ws/install/nav2_common LD_LIBRARY_PATH=/home/agilex/agilex_ws/install/dwb_core/lib:/home/agilex/agilex_ws/install/costmap_queue/lib:/home/agilex/agilex_ws/install/nav2_costmap_2d/lib:/home/agilex/agilex_ws/install/nav_2d_utils/lib:/home/agilex/agilex_ws/install/nav2_util/lib:/home/agilex/agilex_ws/install/nav2_voxel_grid/lib:/home/agilex/agilex_ws/install/nav2_msgs/lib:/home/agilex/agilex_ws/install/dwb_msgs/lib:/home/agilex/agilex_ws/install/nav_2d_msgs/lib PYTHONPATH=/home/agilex/agilex_ws/install/nav2_msgs/local/lib/python3.10/dist-packages:/home/agilex/agilex_ws/install/dwb_msgs/local/lib/python3.10/dist-packages:/home/agilex/agilex_ws/install/nav_2d_msgs/local/lib/python3.10/dist-packages:/home/agilex/agilex_ws/install/nav2_common/local/lib/python3.10/dist-packages /usr/bin/cmake --install /home/agilex/agilex_ws/build/dwb_critics
[5.347s] DEBUG:colcon.colcon_core.event_handler.log_command:Invoked command in '/home/agilex/agilex_ws/build/limo_bringup' returned '0': AMENT_PREFIX_PATH=/home/agilex/agilex_ws/install/nav2_waypoint_follower:/home/agilex/agilex_ws/install/nav2_planner:/home/agilex/agilex_ws/install/nav2_controller:/home/agilex/agilex_ws/install/nav2_bt_navigator:/home/agilex/agilex_ws/install/nav2_core:/home/agilex/agilex_ws/install/nav2_costmap_2d:/home/agilex/agilex_ws/install/nav_2d_utils:/home/agilex/agilex_ws/install/nav2_map_server:/home/agilex/agilex_ws/install/nav2_lifecycle_manager:/home/agilex/agilex_ws/install/nav2_behavior_tree:/home/agilex/agilex_ws/install/nav2_amcl:/home/agilex/agilex_ws/install/nav2_util:/home/agilex/agilex_ws/install/nav2_voxel_grid:/home/agilex/agilex_ws/install/nav2_msgs:/home/agilex/agilex_ws/install/nav_2d_msgs:/home/agilex/agilex_ws/install/nav2_common:/home/agilex/agilex_ws/install/limo_msgs CMAKE_PREFIX_PATH=/home/agilex/agilex_ws/install/nav2_waypoint_follower:/home/agilex/agilex_ws/install/nav2_planner:/home/agilex/agilex_ws/install/nav2_controller:/home/agilex/agilex_ws/install/nav2_bt_navigator:/home/agilex/agilex_ws/install/nav2_core:/home/agilex/agilex_ws/install/nav2_costmap_2d:/home/agilex/agilex_ws/install/nav_2d_utils:/home/agilex/agilex_ws/install/nav2_map_server:/home/agilex/agilex_ws/install/nav2_lifecycle_manager:/home/agilex/agilex_ws/install/nav2_behavior_tree:/home/agilex/agilex_ws/install/nav2_amcl:/home/agilex/agilex_ws/install/nav2_util:/home/agilex/agilex_ws/install/nav2_voxel_grid:/home/agilex/agilex_ws/install/nav2_msgs:/home/agilex/agilex_ws/install/nav_2d_msgs:/home/agilex/agilex_ws/install/nav2_common:/home/agilex/agilex_ws/install/limo_msgs LD_LIBRARY_PATH=/home/agilex/agilex_ws/install/nav2_waypoint_follower/lib:/home/agilex/agilex_ws/install/nav2_planner/lib:/home/agilex/agilex_ws/install/nav2_controller/lib:/home/agilex/agilex_ws/install/nav2_bt_navigator/lib:/home/agilex/agilex_ws/install/nav2_costmap_2d/lib:/home/agilex/agilex_ws/install/nav_2d_utils/lib:/home/agilex/agilex_ws/install/nav2_map_server/lib:/home/agilex/agilex_ws/install/nav2_lifecycle_manager/lib:/home/agilex/agilex_ws/install/nav2_behavior_tree/lib:/home/agilex/agilex_ws/install/nav2_amcl/lib:/home/agilex/agilex_ws/install/nav2_util/lib:/home/agilex/agilex_ws/install/nav2_voxel_grid/lib:/home/agilex/agilex_ws/install/nav2_msgs/lib:/home/agilex/agilex_ws/install/nav_2d_msgs/lib:/home/agilex/agilex_ws/install/limo_msgs/lib PYTHONPATH=/home/agilex/agilex_ws/install/nav2_msgs/local/lib/python3.10/dist-packages:/home/agilex/agilex_ws/install/nav_2d_msgs/local/lib/python3.10/dist-packages:/home/agilex/agilex_ws/install/nav2_common/local/lib/python3.10/dist-packages:/home/agilex/agilex_ws/install/limo_msgs/local/lib/python3.10/dist-packages /usr/bin/cmake --build /home/agilex/agilex_ws/build/limo_bringup -- -j16 -l16
[5.355s] Level 1:colcon.colcon_core.environment:create_environment_scripts_only(dwb_critics)
[5.355s] DEBUG:colcon.colcon_core.event_handler.log_command:Invoked command in '/home/agilex/agilex_ws/build/dwb_critics' returned '0': AMENT_PREFIX_PATH=/home/agilex/agilex_ws/install/dwb_core:/home/agilex/agilex_ws/install/nav2_core:/home/agilex/agilex_ws/install/costmap_queue:/home/agilex/agilex_ws/install/nav2_costmap_2d:/home/agilex/agilex_ws/install/nav_2d_utils:/home/agilex/agilex_ws/install/nav2_util:/home/agilex/agilex_ws/install/nav2_voxel_grid:/home/agilex/agilex_ws/install/nav2_msgs:/home/agilex/agilex_ws/install/dwb_msgs:/home/agilex/agilex_ws/install/nav_2d_msgs:/home/agilex/agilex_ws/install/nav2_common CMAKE_PREFIX_PATH=/home/agilex/agilex_ws/install/dwb_core:/home/agilex/agilex_ws/install/nav2_core:/home/agilex/agilex_ws/install/costmap_queue:/home/agilex/agilex_ws/install/nav2_costmap_2d:/home/agilex/agilex_ws/install/nav_2d_utils:/home/agilex/agilex_ws/install/nav2_util:/home/agilex/agilex_ws/install/nav2_voxel_grid:/home/agilex/agilex_ws/install/nav2_msgs:/home/agilex/agilex_ws/install/dwb_msgs:/home/agilex/agilex_ws/install/nav_2d_msgs:/home/agilex/agilex_ws/install/nav2_common LD_LIBRARY_PATH=/home/agilex/agilex_ws/install/dwb_core/lib:/home/agilex/agilex_ws/install/costmap_queue/lib:/home/agilex/agilex_ws/install/nav2_costmap_2d/lib:/home/agilex/agilex_ws/install/nav_2d_utils/lib:/home/agilex/agilex_ws/install/nav2_util/lib:/home/agilex/agilex_ws/install/nav2_voxel_grid/lib:/home/agilex/agilex_ws/install/nav2_msgs/lib:/home/agilex/agilex_ws/install/dwb_msgs/lib:/home/agilex/agilex_ws/install/nav_2d_msgs/lib PYTHONPATH=/home/agilex/agilex_ws/install/nav2_msgs/local/lib/python3.10/dist-packages:/home/agilex/agilex_ws/install/dwb_msgs/local/lib/python3.10/dist-packages:/home/agilex/agilex_ws/install/nav_2d_msgs/local/lib/python3.10/dist-packages:/home/agilex/agilex_ws/install/nav2_common/local/lib/python3.10/dist-packages /usr/bin/cmake --install /home/agilex/agilex_ws/build/dwb_critics
[5.359s] Level 1:colcon.colcon_core.environment:checking '/home/agilex/agilex_ws/install/dwb_critics' for CMake module files
[5.360s] Level 1:colcon.colcon_core.environment:checking '/home/agilex/agilex_ws/install/dwb_critics' for CMake config files
[5.360s] Level 1:colcon.colcon_core.shell:create_environment_hook('dwb_critics', 'cmake_prefix_path')
[5.364s] INFO:colcon.colcon_core.shell:Creating environment hook '/home/agilex/agilex_ws/install/dwb_critics/share/dwb_critics/hook/cmake_prefix_path.ps1'
[5.364s] INFO:colcon.colcon_core.shell:Creating environment descriptor '/home/agilex/agilex_ws/install/dwb_critics/share/dwb_critics/hook/cmake_prefix_path.dsv'
[5.364s] INFO:colcon.colcon_core.shell:Creating environment hook '/home/agilex/agilex_ws/install/dwb_critics/share/dwb_critics/hook/cmake_prefix_path.sh'
[5.364s] Level 1:colcon.colcon_core.environment:checking '/home/agilex/agilex_ws/install/dwb_critics/lib'
[5.364s] Level 1:colcon.colcon_core.shell:create_environment_hook('dwb_critics', 'ld_library_path_lib')
[5.368s] INFO:colcon.colcon_core.shell:Creating environment hook '/home/agilex/agilex_ws/install/dwb_critics/share/dwb_critics/hook/ld_library_path_lib.ps1'
[5.369s] INFO:colcon.colcon_core.shell:Creating environment descriptor '/home/agilex/agilex_ws/install/dwb_critics/share/dwb_critics/hook/ld_library_path_lib.dsv'
[5.369s] INFO:colcon.colcon_core.shell:Creating environment hook '/home/agilex/agilex_ws/install/dwb_critics/share/dwb_critics/hook/ld_library_path_lib.sh'
[5.369s] Level 1:colcon.colcon_core.environment:checking '/home/agilex/agilex_ws/install/dwb_critics/bin'
[5.369s] Level 1:colcon.colcon_core.environment:checking '/home/agilex/agilex_ws/install/dwb_critics/lib/pkgconfig/dwb_critics.pc'
[5.369s] Level 1:colcon.colcon_core.environment:checking '/home/agilex/agilex_ws/install/dwb_critics/lib/python3.10/site-packages'
[5.369s] Level 1:colcon.colcon_core.environment:checking '/home/agilex/agilex_ws/install/dwb_critics/bin'
[5.373s] INFO:colcon.colcon_core.shell:Creating package script '/home/agilex/agilex_ws/install/dwb_critics/share/dwb_critics/package.ps1'
[5.373s] INFO:colcon.colcon_core.shell:Creating package descriptor '/home/agilex/agilex_ws/install/dwb_critics/share/dwb_critics/package.dsv'
[5.374s] INFO:colcon.colcon_core.shell:Creating package script '/home/agilex/agilex_ws/install/dwb_critics/share/dwb_critics/package.sh'
[5.374s] INFO:colcon.colcon_core.shell:Creating package script '/home/agilex/agilex_ws/install/dwb_critics/share/dwb_critics/package.bash'
[5.374s] INFO:colcon.colcon_core.shell:Creating package script '/home/agilex/agilex_ws/install/dwb_critics/share/dwb_critics/package.zsh'
[5.374s] Level 1:colcon.colcon_core.environment:create_file_with_runtime_dependencies(/home/agilex/agilex_ws/install/dwb_critics/share/colcon-core/packages/dwb_critics)
[5.379s] Level 1:colcon.colcon_core.environment:create_environment_scripts_only(dwb_plugins)
[5.382s] Level 1:colcon.colcon_core.environment:checking '/home/agilex/agilex_ws/install/dwb_plugins' for CMake module files
[5.383s] Level 1:colcon.colcon_core.environment:checking '/home/agilex/agilex_ws/install/dwb_plugins' for CMake config files
[5.383s] Level 1:colcon.colcon_core.shell:create_environment_hook('dwb_plugins', 'cmake_prefix_path')
[5.386s] INFO:colcon.colcon_core.shell:Creating environment hook '/home/agilex/agilex_ws/install/dwb_plugins/share/dwb_plugins/hook/cmake_prefix_path.ps1'
[5.386s] INFO:colcon.colcon_core.shell:Creating environment descriptor '/home/agilex/agilex_ws/install/dwb_plugins/share/dwb_plugins/hook/cmake_prefix_path.dsv'
[5.386s] INFO:colcon.colcon_core.shell:Creating environment hook '/home/agilex/agilex_ws/install/dwb_plugins/share/dwb_plugins/hook/cmake_prefix_path.sh'
[5.387s] Level 1:colcon.colcon_core.environment:checking '/home/agilex/agilex_ws/install/dwb_plugins/lib'
[5.387s] Level 1:colcon.colcon_core.shell:create_environment_hook('dwb_plugins', 'ld_library_path_lib')
[5.390s] INFO:colcon.colcon_core.shell:Creating environment hook '/home/agilex/agilex_ws/install/dwb_plugins/share/dwb_plugins/hook/ld_library_path_lib.ps1'
[5.390s] INFO:colcon.colcon_core.shell:Creating environment descriptor '/home/agilex/agilex_ws/install/dwb_plugins/share/dwb_plugins/hook/ld_library_path_lib.dsv'
[5.390s] INFO:colcon.colcon_core.shell:Creating environment hook '/home/agilex/agilex_ws/install/dwb_plugins/share/dwb_plugins/hook/ld_library_path_lib.sh'
[5.390s] Level 1:colcon.colcon_core.environment:checking '/home/agilex/agilex_ws/install/dwb_plugins/bin'
[5.390s] Level 1:colcon.colcon_core.environment:checking '/home/agilex/agilex_ws/install/dwb_plugins/lib/pkgconfig/dwb_plugins.pc'
[5.390s] Level 1:colcon.colcon_core.environment:checking '/home/agilex/agilex_ws/install/dwb_plugins/lib/python3.10/site-packages'
[5.390s] Level 1:colcon.colcon_core.environment:checking '/home/agilex/agilex_ws/install/dwb_plugins/bin'
[5.393s] INFO:colcon.colcon_core.shell:Creating package script '/home/agilex/agilex_ws/install/dwb_plugins/share/dwb_plugins/package.ps1'
[5.394s] INFO:colcon.colcon_core.shell:Creating package descriptor '/home/agilex/agilex_ws/install/dwb_plugins/share/dwb_plugins/package.dsv'
[5.394s] INFO:colcon.colcon_core.shell:Creating package script '/home/agilex/agilex_ws/install/dwb_plugins/share/dwb_plugins/package.sh'
[5.394s] INFO:colcon.colcon_core.shell:Creating package script '/home/agilex/agilex_ws/install/dwb_plugins/share/dwb_plugins/package.bash'
[5.394s] INFO:colcon.colcon_core.shell:Creating package script '/home/agilex/agilex_ws/install/dwb_plugins/share/dwb_plugins/package.zsh'
[5.394s] Level 1:colcon.colcon_core.environment:create_file_with_runtime_dependencies(/home/agilex/agilex_ws/install/dwb_plugins/share/colcon-core/packages/dwb_plugins)
[5.396s] DEBUG:colcon.colcon_core.event_handler.log_command:Invoking command in '/home/agilex/agilex_ws/build/limo_bringup': AMENT_PREFIX_PATH=/home/agilex/agilex_ws/install/nav2_waypoint_follower:/home/agilex/agilex_ws/install/nav2_planner:/home/agilex/agilex_ws/install/nav2_controller:/home/agilex/agilex_ws/install/nav2_bt_navigator:/home/agilex/agilex_ws/install/nav2_core:/home/agilex/agilex_ws/install/nav2_costmap_2d:/home/agilex/agilex_ws/install/nav_2d_utils:/home/agilex/agilex_ws/install/nav2_map_server:/home/agilex/agilex_ws/install/nav2_lifecycle_manager:/home/agilex/agilex_ws/install/nav2_behavior_tree:/home/agilex/agilex_ws/install/nav2_amcl:/home/agilex/agilex_ws/install/nav2_util:/home/agilex/agilex_ws/install/nav2_voxel_grid:/home/agilex/agilex_ws/install/nav2_msgs:/home/agilex/agilex_ws/install/nav_2d_msgs:/home/agilex/agilex_ws/install/nav2_common:/home/agilex/agilex_ws/install/limo_msgs CMAKE_PREFIX_PATH=/home/agilex/agilex_ws/install/nav2_waypoint_follower:/home/agilex/agilex_ws/install/nav2_planner:/home/agilex/agilex_ws/install/nav2_controller:/home/agilex/agilex_ws/install/nav2_bt_navigator:/home/agilex/agilex_ws/install/nav2_core:/home/agilex/agilex_ws/install/nav2_costmap_2d:/home/agilex/agilex_ws/install/nav_2d_utils:/home/agilex/agilex_ws/install/nav2_map_server:/home/agilex/agilex_ws/install/nav2_lifecycle_manager:/home/agilex/agilex_ws/install/nav2_behavior_tree:/home/agilex/agilex_ws/install/nav2_amcl:/home/agilex/agilex_ws/install/nav2_util:/home/agilex/agilex_ws/install/nav2_voxel_grid:/home/agilex/agilex_ws/install/nav2_msgs:/home/agilex/agilex_ws/install/nav_2d_msgs:/home/agilex/agilex_ws/install/nav2_common:/home/agilex/agilex_ws/install/limo_msgs LD_LIBRARY_PATH=/home/agilex/agilex_ws/install/nav2_waypoint_follower/lib:/home/agilex/agilex_ws/install/nav2_planner/lib:/home/agilex/agilex_ws/install/nav2_controller/lib:/home/agilex/agilex_ws/install/nav2_bt_navigator/lib:/home/agilex/agilex_ws/install/nav2_costmap_2d/lib:/home/agilex/agilex_ws/install/nav_2d_utils/lib:/home/agilex/agilex_ws/install/nav2_map_server/lib:/home/agilex/agilex_ws/install/nav2_lifecycle_manager/lib:/home/agilex/agilex_ws/install/nav2_behavior_tree/lib:/home/agilex/agilex_ws/install/nav2_amcl/lib:/home/agilex/agilex_ws/install/nav2_util/lib:/home/agilex/agilex_ws/install/nav2_voxel_grid/lib:/home/agilex/agilex_ws/install/nav2_msgs/lib:/home/agilex/agilex_ws/install/nav_2d_msgs/lib:/home/agilex/agilex_ws/install/limo_msgs/lib PYTHONPATH=/home/agilex/agilex_ws/install/nav2_msgs/local/lib/python3.10/dist-packages:/home/agilex/agilex_ws/install/nav_2d_msgs/local/lib/python3.10/dist-packages:/home/agilex/agilex_ws/install/nav2_common/local/lib/python3.10/dist-packages:/home/agilex/agilex_ws/install/limo_msgs/local/lib/python3.10/dist-packages /usr/bin/cmake --install /home/agilex/agilex_ws/build/limo_bringup
[5.396s] DEBUG:colcon.colcon_core.event_handler.log_command:Invoked command in '/home/agilex/agilex_ws/build/nav2_rotation_shim_controller' returned '0': AMENT_PREFIX_PATH=/home/agilex/agilex_ws/install/nav2_regulated_pure_pursuit_controller:/home/agilex/agilex_ws/install/nav2_controller:/home/agilex/agilex_ws/install/nav2_core:/home/agilex/agilex_ws/install/nav2_costmap_2d:/home/agilex/agilex_ws/install/nav_2d_utils:/home/agilex/agilex_ws/install/nav2_util:/home/agilex/agilex_ws/install/nav2_voxel_grid:/home/agilex/agilex_ws/install/nav2_msgs:/home/agilex/agilex_ws/install/nav_2d_msgs:/home/agilex/agilex_ws/install/nav2_common CMAKE_PREFIX_PATH=/home/agilex/agilex_ws/install/nav2_regulated_pure_pursuit_controller:/home/agilex/agilex_ws/install/nav2_controller:/home/agilex/agilex_ws/install/nav2_core:/home/agilex/agilex_ws/install/nav2_costmap_2d:/home/agilex/agilex_ws/install/nav_2d_utils:/home/agilex/agilex_ws/install/nav2_util:/home/agilex/agilex_ws/install/nav2_voxel_grid:/home/agilex/agilex_ws/install/nav2_msgs:/home/agilex/agilex_ws/install/nav_2d_msgs:/home/agilex/agilex_ws/install/nav2_common LD_LIBRARY_PATH=/home/agilex/agilex_ws/install/nav2_regulated_pure_pursuit_controller/lib:/home/agilex/agilex_ws/install/nav2_controller/lib:/home/agilex/agilex_ws/install/nav2_costmap_2d/lib:/home/agilex/agilex_ws/install/nav_2d_utils/lib:/home/agilex/agilex_ws/install/nav2_util/lib:/home/agilex/agilex_ws/install/nav2_voxel_grid/lib:/home/agilex/agilex_ws/install/nav2_msgs/lib:/home/agilex/agilex_ws/install/nav_2d_msgs/lib PYTHONPATH=/home/agilex/agilex_ws/install/nav2_msgs/local/lib/python3.10/dist-packages:/home/agilex/agilex_ws/install/nav_2d_msgs/local/lib/python3.10/dist-packages:/home/agilex/agilex_ws/install/nav2_common/local/lib/python3.10/dist-packages /usr/bin/cmake --build /home/agilex/agilex_ws/build/nav2_rotation_shim_controller -- -j16 -l16
[5.406s] Level 1:colcon.colcon_core.environment:create_environment_scripts_only(limo_bringup)
[5.408s] DEBUG:colcon.colcon_core.event_handler.log_command:Invoked command in '/home/agilex/agilex_ws/build/limo_bringup' returned '0': AMENT_PREFIX_PATH=/home/agilex/agilex_ws/install/nav2_waypoint_follower:/home/agilex/agilex_ws/install/nav2_planner:/home/agilex/agilex_ws/install/nav2_controller:/home/agilex/agilex_ws/install/nav2_bt_navigator:/home/agilex/agilex_ws/install/nav2_core:/home/agilex/agilex_ws/install/nav2_costmap_2d:/home/agilex/agilex_ws/install/nav_2d_utils:/home/agilex/agilex_ws/install/nav2_map_server:/home/agilex/agilex_ws/install/nav2_lifecycle_manager:/home/agilex/agilex_ws/install/nav2_behavior_tree:/home/agilex/agilex_ws/install/nav2_amcl:/home/agilex/agilex_ws/install/nav2_util:/home/agilex/agilex_ws/install/nav2_voxel_grid:/home/agilex/agilex_ws/install/nav2_msgs:/home/agilex/agilex_ws/install/nav_2d_msgs:/home/agilex/agilex_ws/install/nav2_common:/home/agilex/agilex_ws/install/limo_msgs CMAKE_PREFIX_PATH=/home/agilex/agilex_ws/install/nav2_waypoint_follower:/home/agilex/agilex_ws/install/nav2_planner:/home/agilex/agilex_ws/install/nav2_controller:/home/agilex/agilex_ws/install/nav2_bt_navigator:/home/agilex/agilex_ws/install/nav2_core:/home/agilex/agilex_ws/install/nav2_costmap_2d:/home/agilex/agilex_ws/install/nav_2d_utils:/home/agilex/agilex_ws/install/nav2_map_server:/home/agilex/agilex_ws/install/nav2_lifecycle_manager:/home/agilex/agilex_ws/install/nav2_behavior_tree:/home/agilex/agilex_ws/install/nav2_amcl:/home/agilex/agilex_ws/install/nav2_util:/home/agilex/agilex_ws/install/nav2_voxel_grid:/home/agilex/agilex_ws/install/nav2_msgs:/home/agilex/agilex_ws/install/nav_2d_msgs:/home/agilex/agilex_ws/install/nav2_common:/home/agilex/agilex_ws/install/limo_msgs LD_LIBRARY_PATH=/home/agilex/agilex_ws/install/nav2_waypoint_follower/lib:/home/agilex/agilex_ws/install/nav2_planner/lib:/home/agilex/agilex_ws/install/nav2_controller/lib:/home/agilex/agilex_ws/install/nav2_bt_navigator/lib:/home/agilex/agilex_ws/install/nav2_costmap_2d/lib:/home/agilex/agilex_ws/install/nav_2d_utils/lib:/home/agilex/agilex_ws/install/nav2_map_server/lib:/home/agilex/agilex_ws/install/nav2_lifecycle_manager/lib:/home/agilex/agilex_ws/install/nav2_behavior_tree/lib:/home/agilex/agilex_ws/install/nav2_amcl/lib:/home/agilex/agilex_ws/install/nav2_util/lib:/home/agilex/agilex_ws/install/nav2_voxel_grid/lib:/home/agilex/agilex_ws/install/nav2_msgs/lib:/home/agilex/agilex_ws/install/nav_2d_msgs/lib:/home/agilex/agilex_ws/install/limo_msgs/lib PYTHONPATH=/home/agilex/agilex_ws/install/nav2_msgs/local/lib/python3.10/dist-packages:/home/agilex/agilex_ws/install/nav_2d_msgs/local/lib/python3.10/dist-packages:/home/agilex/agilex_ws/install/nav2_common/local/lib/python3.10/dist-packages:/home/agilex/agilex_ws/install/limo_msgs/local/lib/python3.10/dist-packages /usr/bin/cmake --install /home/agilex/agilex_ws/build/limo_bringup
[5.411s] Level 1:colcon.colcon_core.environment:checking '/home/agilex/agilex_ws/install/limo_bringup' for CMake module files
[5.412s] Level 1:colcon.colcon_core.environment:checking '/home/agilex/agilex_ws/install/limo_bringup' for CMake config files
[5.412s] Level 1:colcon.colcon_core.shell:create_environment_hook('limo_bringup', 'cmake_prefix_path')
[5.416s] INFO:colcon.colcon_core.shell:Creating environment hook '/home/agilex/agilex_ws/install/limo_bringup/share/limo_bringup/hook/cmake_prefix_path.ps1'
[5.416s] INFO:colcon.colcon_core.shell:Creating environment descriptor '/home/agilex/agilex_ws/install/limo_bringup/share/limo_bringup/hook/cmake_prefix_path.dsv'
[5.416s] INFO:colcon.colcon_core.shell:Creating environment hook '/home/agilex/agilex_ws/install/limo_bringup/share/limo_bringup/hook/cmake_prefix_path.sh'
[5.416s] Level 1:colcon.colcon_core.environment:checking '/home/agilex/agilex_ws/install/limo_bringup/bin'
[5.416s] Level 1:colcon.colcon_core.environment:checking '/home/agilex/agilex_ws/install/limo_bringup/lib/pkgconfig/limo_bringup.pc'
[5.416s] Level 1:colcon.colcon_core.environment:checking '/home/agilex/agilex_ws/install/limo_bringup/lib/python3.10/site-packages'
[5.417s] Level 1:colcon.colcon_core.environment:checking '/home/agilex/agilex_ws/install/limo_bringup/bin'
[5.420s] INFO:colcon.colcon_core.shell:Creating package script '/home/agilex/agilex_ws/install/limo_bringup/share/limo_bringup/package.ps1'
[5.420s] INFO:colcon.colcon_core.shell:Creating package descriptor '/home/agilex/agilex_ws/install/limo_bringup/share/limo_bringup/package.dsv'
[5.421s] INFO:colcon.colcon_core.shell:Creating package script '/home/agilex/agilex_ws/install/limo_bringup/share/limo_bringup/package.sh'
[5.421s] INFO:colcon.colcon_core.shell:Creating package script '/home/agilex/agilex_ws/install/limo_bringup/share/limo_bringup/package.bash'
[5.421s] INFO:colcon.colcon_core.shell:Creating package script '/home/agilex/agilex_ws/install/limo_bringup/share/limo_bringup/package.zsh'
[5.421s] Level 1:colcon.colcon_core.environment:create_file_with_runtime_dependencies(/home/agilex/agilex_ws/install/limo_bringup/share/colcon-core/packages/limo_bringup)
[5.424s] DEBUG:colcon.colcon_core.event_handler.log_command:Invoking command in '/home/agilex/agilex_ws/build/nav2_rotation_shim_controller': AMENT_PREFIX_PATH=/home/agilex/agilex_ws/install/nav2_regulated_pure_pursuit_controller:/home/agilex/agilex_ws/install/nav2_controller:/home/agilex/agilex_ws/install/nav2_core:/home/agilex/agilex_ws/install/nav2_costmap_2d:/home/agilex/agilex_ws/install/nav_2d_utils:/home/agilex/agilex_ws/install/nav2_util:/home/agilex/agilex_ws/install/nav2_voxel_grid:/home/agilex/agilex_ws/install/nav2_msgs:/home/agilex/agilex_ws/install/nav_2d_msgs:/home/agilex/agilex_ws/install/nav2_common CMAKE_PREFIX_PATH=/home/agilex/agilex_ws/install/nav2_regulated_pure_pursuit_controller:/home/agilex/agilex_ws/install/nav2_controller:/home/agilex/agilex_ws/install/nav2_core:/home/agilex/agilex_ws/install/nav2_costmap_2d:/home/agilex/agilex_ws/install/nav_2d_utils:/home/agilex/agilex_ws/install/nav2_util:/home/agilex/agilex_ws/install/nav2_voxel_grid:/home/agilex/agilex_ws/install/nav2_msgs:/home/agilex/agilex_ws/install/nav_2d_msgs:/home/agilex/agilex_ws/install/nav2_common LD_LIBRARY_PATH=/home/agilex/agilex_ws/install/nav2_regulated_pure_pursuit_controller/lib:/home/agilex/agilex_ws/install/nav2_controller/lib:/home/agilex/agilex_ws/install/nav2_costmap_2d/lib:/home/agilex/agilex_ws/install/nav_2d_utils/lib:/home/agilex/agilex_ws/install/nav2_util/lib:/home/agilex/agilex_ws/install/nav2_voxel_grid/lib:/home/agilex/agilex_ws/install/nav2_msgs/lib:/home/agilex/agilex_ws/install/nav_2d_msgs/lib PYTHONPATH=/home/agilex/agilex_ws/install/nav2_msgs/local/lib/python3.10/dist-packages:/home/agilex/agilex_ws/install/nav_2d_msgs/local/lib/python3.10/dist-packages:/home/agilex/agilex_ws/install/nav2_common/local/lib/python3.10/dist-packages /usr/bin/cmake --install /home/agilex/agilex_ws/build/nav2_rotation_shim_controller
[5.428s] Level 1:colcon.colcon_core.environment:create_environment_scripts_only(dwb_critics)
[5.431s] Level 1:colcon.colcon_core.environment:checking '/home/agilex/agilex_ws/install/dwb_critics' for CMake module files
[5.432s] Level 1:colcon.colcon_core.environment:checking '/home/agilex/agilex_ws/install/dwb_critics' for CMake config files
[5.432s] Level 1:colcon.colcon_core.shell:create_environment_hook('dwb_critics', 'cmake_prefix_path')
[5.435s] INFO:colcon.colcon_core.shell:Creating environment hook '/home/agilex/agilex_ws/install/dwb_critics/share/dwb_critics/hook/cmake_prefix_path.ps1'
[5.435s] INFO:colcon.colcon_core.shell:Creating environment descriptor '/home/agilex/agilex_ws/install/dwb_critics/share/dwb_critics/hook/cmake_prefix_path.dsv'
[5.436s] INFO:colcon.colcon_core.shell:Creating environment hook '/home/agilex/agilex_ws/install/dwb_critics/share/dwb_critics/hook/cmake_prefix_path.sh'
[5.436s] Level 1:colcon.colcon_core.environment:checking '/home/agilex/agilex_ws/install/dwb_critics/lib'
[5.436s] Level 1:colcon.colcon_core.shell:create_environment_hook('dwb_critics', 'ld_library_path_lib')
[5.439s] INFO:colcon.colcon_core.shell:Creating environment hook '/home/agilex/agilex_ws/install/dwb_critics/share/dwb_critics/hook/ld_library_path_lib.ps1'
[5.439s] INFO:colcon.colcon_core.shell:Creating environment descriptor '/home/agilex/agilex_ws/install/dwb_critics/share/dwb_critics/hook/ld_library_path_lib.dsv'
[5.439s] INFO:colcon.colcon_core.shell:Creating environment hook '/home/agilex/agilex_ws/install/dwb_critics/share/dwb_critics/hook/ld_library_path_lib.sh'
[5.439s] Level 1:colcon.colcon_core.environment:checking '/home/agilex/agilex_ws/install/dwb_critics/bin'
[5.439s] Level 1:colcon.colcon_core.environment:checking '/home/agilex/agilex_ws/install/dwb_critics/lib/pkgconfig/dwb_critics.pc'
[5.440s] Level 1:colcon.colcon_core.environment:checking '/home/agilex/agilex_ws/install/dwb_critics/lib/python3.10/site-packages'
[5.440s] Level 1:colcon.colcon_core.environment:checking '/home/agilex/agilex_ws/install/dwb_critics/bin'
[5.443s] INFO:colcon.colcon_core.shell:Creating package script '/home/agilex/agilex_ws/install/dwb_critics/share/dwb_critics/package.ps1'
[5.443s] INFO:colcon.colcon_core.shell:Creating package descriptor '/home/agilex/agilex_ws/install/dwb_critics/share/dwb_critics/package.dsv'
[5.443s] INFO:colcon.colcon_core.shell:Creating package script '/home/agilex/agilex_ws/install/dwb_critics/share/dwb_critics/package.sh'
[5.443s] INFO:colcon.colcon_core.shell:Creating package script '/home/agilex/agilex_ws/install/dwb_critics/share/dwb_critics/package.bash'
[5.444s] INFO:colcon.colcon_core.shell:Creating package script '/home/agilex/agilex_ws/install/dwb_critics/share/dwb_critics/package.zsh'
[5.444s] Level 1:colcon.colcon_core.environment:create_file_with_runtime_dependencies(/home/agilex/agilex_ws/install/dwb_critics/share/colcon-core/packages/dwb_critics)
[5.444s] INFO:colcon.colcon_ros.task.ament_cmake.build:Building ROS package in '/home/agilex/agilex_ws/src/navigation2/nav2_dwb_controller/nav2_dwb_controller' with build type 'ament_cmake'
[5.444s] INFO:colcon.colcon_cmake.task.cmake.build:Building CMake package in '/home/agilex/agilex_ws/src/navigation2/nav2_dwb_controller/nav2_dwb_controller'
[5.449s] INFO:colcon.colcon_core.shell:Skip shell extension 'powershell' for command environment: Not usable outside of PowerShell
[5.449s] DEBUG:colcon.colcon_core.shell:Skip shell extension 'dsv' for command environment
[5.458s] Level 1:colcon.colcon_core.environment:create_environment_scripts_only(limo_bringup)
[5.461s] Level 1:colcon.colcon_core.environment:checking '/home/agilex/agilex_ws/install/limo_bringup' for CMake module files
[5.462s] Level 1:colcon.colcon_core.environment:checking '/home/agilex/agilex_ws/install/limo_bringup' for CMake config files
[5.462s] Level 1:colcon.colcon_core.shell:create_environment_hook('limo_bringup', 'cmake_prefix_path')
[5.465s] INFO:colcon.colcon_core.shell:Creating environment hook '/home/agilex/agilex_ws/install/limo_bringup/share/limo_bringup/hook/cmake_prefix_path.ps1'
[5.465s] INFO:colcon.colcon_core.shell:Creating environment descriptor '/home/agilex/agilex_ws/install/limo_bringup/share/limo_bringup/hook/cmake_prefix_path.dsv'
[5.465s] INFO:colcon.colcon_core.shell:Creating environment hook '/home/agilex/agilex_ws/install/limo_bringup/share/limo_bringup/hook/cmake_prefix_path.sh'
[5.466s] Level 1:colcon.colcon_core.environment:checking '/home/agilex/agilex_ws/install/limo_bringup/bin'
[5.466s] Level 1:colcon.colcon_core.environment:checking '/home/agilex/agilex_ws/install/limo_bringup/lib/pkgconfig/limo_bringup.pc'
[5.466s] Level 1:colcon.colcon_core.environment:checking '/home/agilex/agilex_ws/install/limo_bringup/lib/python3.10/site-packages'
[5.466s] Level 1:colcon.colcon_core.environment:checking '/home/agilex/agilex_ws/install/limo_bringup/bin'
[5.470s] INFO:colcon.colcon_core.shell:Creating package script '/home/agilex/agilex_ws/install/limo_bringup/share/limo_bringup/package.ps1'
[5.470s] INFO:colcon.colcon_core.shell:Creating package descriptor '/home/agilex/agilex_ws/install/limo_bringup/share/limo_bringup/package.dsv'
[5.470s] INFO:colcon.colcon_core.shell:Creating package script '/home/agilex/agilex_ws/install/limo_bringup/share/limo_bringup/package.sh'
[5.470s] INFO:colcon.colcon_core.shell:Creating package script '/home/agilex/agilex_ws/install/limo_bringup/share/limo_bringup/package.bash'
[5.471s] INFO:colcon.colcon_core.shell:Creating package script '/home/agilex/agilex_ws/install/limo_bringup/share/limo_bringup/package.zsh'
[5.471s] Level 1:colcon.colcon_core.environment:create_file_with_runtime_dependencies(/home/agilex/agilex_ws/install/limo_bringup/share/colcon-core/packages/limo_bringup)
[5.471s] Level 1:colcon.colcon_core.environment:create_environment_scripts_only(nav2_rotation_shim_controller)
[5.472s] DEBUG:colcon.colcon_core.event_handler.log_command:Invoked command in '/home/agilex/agilex_ws/build/nav2_rotation_shim_controller' returned '0': AMENT_PREFIX_PATH=/home/agilex/agilex_ws/install/nav2_regulated_pure_pursuit_controller:/home/agilex/agilex_ws/install/nav2_controller:/home/agilex/agilex_ws/install/nav2_core:/home/agilex/agilex_ws/install/nav2_costmap_2d:/home/agilex/agilex_ws/install/nav_2d_utils:/home/agilex/agilex_ws/install/nav2_util:/home/agilex/agilex_ws/install/nav2_voxel_grid:/home/agilex/agilex_ws/install/nav2_msgs:/home/agilex/agilex_ws/install/nav_2d_msgs:/home/agilex/agilex_ws/install/nav2_common CMAKE_PREFIX_PATH=/home/agilex/agilex_ws/install/nav2_regulated_pure_pursuit_controller:/home/agilex/agilex_ws/install/nav2_controller:/home/agilex/agilex_ws/install/nav2_core:/home/agilex/agilex_ws/install/nav2_costmap_2d:/home/agilex/agilex_ws/install/nav_2d_utils:/home/agilex/agilex_ws/install/nav2_util:/home/agilex/agilex_ws/install/nav2_voxel_grid:/home/agilex/agilex_ws/install/nav2_msgs:/home/agilex/agilex_ws/install/nav_2d_msgs:/home/agilex/agilex_ws/install/nav2_common LD_LIBRARY_PATH=/home/agilex/agilex_ws/install/nav2_regulated_pure_pursuit_controller/lib:/home/agilex/agilex_ws/install/nav2_controller/lib:/home/agilex/agilex_ws/install/nav2_costmap_2d/lib:/home/agilex/agilex_ws/install/nav_2d_utils/lib:/home/agilex/agilex_ws/install/nav2_util/lib:/home/agilex/agilex_ws/install/nav2_voxel_grid/lib:/home/agilex/agilex_ws/install/nav2_msgs/lib:/home/agilex/agilex_ws/install/nav_2d_msgs/lib PYTHONPATH=/home/agilex/agilex_ws/install/nav2_msgs/local/lib/python3.10/dist-packages:/home/agilex/agilex_ws/install/nav_2d_msgs/local/lib/python3.10/dist-packages:/home/agilex/agilex_ws/install/nav2_common/local/lib/python3.10/dist-packages /usr/bin/cmake --install /home/agilex/agilex_ws/build/nav2_rotation_shim_controller
[5.475s] Level 1:colcon.colcon_core.environment:checking '/home/agilex/agilex_ws/install/nav2_rotation_shim_controller' for CMake module files
[5.475s] Level 1:colcon.colcon_core.environment:checking '/home/agilex/agilex_ws/install/nav2_rotation_shim_controller' for CMake config files
[5.475s] Level 1:colcon.colcon_core.shell:create_environment_hook('nav2_rotation_shim_controller', 'cmake_prefix_path')
[5.478s] INFO:colcon.colcon_core.shell:Creating environment hook '/home/agilex/agilex_ws/install/nav2_rotation_shim_controller/share/nav2_rotation_shim_controller/hook/cmake_prefix_path.ps1'
[5.478s] INFO:colcon.colcon_core.shell:Creating environment descriptor '/home/agilex/agilex_ws/install/nav2_rotation_shim_controller/share/nav2_rotation_shim_controller/hook/cmake_prefix_path.dsv'
[5.478s] INFO:colcon.colcon_core.shell:Creating environment hook '/home/agilex/agilex_ws/install/nav2_rotation_shim_controller/share/nav2_rotation_shim_controller/hook/cmake_prefix_path.sh'
[5.479s] Level 1:colcon.colcon_core.environment:checking '/home/agilex/agilex_ws/install/nav2_rotation_shim_controller/lib'
[5.479s] Level 1:colcon.colcon_core.shell:create_environment_hook('nav2_rotation_shim_controller', 'ld_library_path_lib')
[5.482s] INFO:colcon.colcon_core.shell:Creating environment hook '/home/agilex/agilex_ws/install/nav2_rotation_shim_controller/share/nav2_rotation_shim_controller/hook/ld_library_path_lib.ps1'
[5.482s] INFO:colcon.colcon_core.shell:Creating environment descriptor '/home/agilex/agilex_ws/install/nav2_rotation_shim_controller/share/nav2_rotation_shim_controller/hook/ld_library_path_lib.dsv'
[5.482s] INFO:colcon.colcon_core.shell:Creating environment hook '/home/agilex/agilex_ws/install/nav2_rotation_shim_controller/share/nav2_rotation_shim_controller/hook/ld_library_path_lib.sh'
[5.482s] Level 1:colcon.colcon_core.environment:checking '/home/agilex/agilex_ws/install/nav2_rotation_shim_controller/bin'
[5.482s] Level 1:colcon.colcon_core.environment:checking '/home/agilex/agilex_ws/install/nav2_rotation_shim_controller/lib/pkgconfig/nav2_rotation_shim_controller.pc'
[5.483s] Level 1:colcon.colcon_core.environment:checking '/home/agilex/agilex_ws/install/nav2_rotation_shim_controller/lib/python3.10/site-packages'
[5.483s] Level 1:colcon.colcon_core.environment:checking '/home/agilex/agilex_ws/install/nav2_rotation_shim_controller/bin'
[5.487s] INFO:colcon.colcon_core.shell:Creating package script '/home/agilex/agilex_ws/install/nav2_rotation_shim_controller/share/nav2_rotation_shim_controller/package.ps1'
[5.487s] INFO:colcon.colcon_core.shell:Creating package descriptor '/home/agilex/agilex_ws/install/nav2_rotation_shim_controller/share/nav2_rotation_shim_controller/package.dsv'
[5.487s] INFO:colcon.colcon_core.shell:Creating package script '/home/agilex/agilex_ws/install/nav2_rotation_shim_controller/share/nav2_rotation_shim_controller/package.sh'
[5.488s] INFO:colcon.colcon_core.shell:Creating package script '/home/agilex/agilex_ws/install/nav2_rotation_shim_controller/share/nav2_rotation_shim_controller/package.bash'
[5.488s] INFO:colcon.colcon_core.shell:Creating package script '/home/agilex/agilex_ws/install/nav2_rotation_shim_controller/share/nav2_rotation_shim_controller/package.zsh'
[5.488s] Level 1:colcon.colcon_core.environment:create_file_with_runtime_dependencies(/home/agilex/agilex_ws/install/nav2_rotation_shim_controller/share/colcon-core/packages/nav2_rotation_shim_controller)
[5.490s] DEBUG:colcon.colcon_core.event_handler.log_command:Invoking command in '/home/agilex/agilex_ws/build/nav2_dwb_controller': AMENT_PREFIX_PATH=/home/agilex/agilex_ws/install/dwb_plugins:/home/agilex/agilex_ws/install/dwb_critics:/home/agilex/agilex_ws/install/dwb_core:/home/agilex/agilex_ws/install/nav2_core:/home/agilex/agilex_ws/install/costmap_queue:/home/agilex/agilex_ws/install/nav2_costmap_2d:/home/agilex/agilex_ws/install/nav_2d_utils:/home/agilex/agilex_ws/install/nav2_util:/home/agilex/agilex_ws/install/nav2_voxel_grid:/home/agilex/agilex_ws/install/nav2_msgs:/home/agilex/agilex_ws/install/dwb_msgs:/home/agilex/agilex_ws/install/nav_2d_msgs:/home/agilex/agilex_ws/install/nav2_common CMAKE_PREFIX_PATH=/home/agilex/agilex_ws/install/dwb_plugins:/home/agilex/agilex_ws/install/dwb_critics:/home/agilex/agilex_ws/install/dwb_core:/home/agilex/agilex_ws/install/nav2_core:/home/agilex/agilex_ws/install/costmap_queue:/home/agilex/agilex_ws/install/nav2_costmap_2d:/home/agilex/agilex_ws/install/nav_2d_utils:/home/agilex/agilex_ws/install/nav2_util:/home/agilex/agilex_ws/install/nav2_voxel_grid:/home/agilex/agilex_ws/install/nav2_msgs:/home/agilex/agilex_ws/install/dwb_msgs:/home/agilex/agilex_ws/install/nav_2d_msgs:/home/agilex/agilex_ws/install/nav2_common LD_LIBRARY_PATH=/home/agilex/agilex_ws/install/dwb_plugins/lib:/home/agilex/agilex_ws/install/dwb_critics/lib:/home/agilex/agilex_ws/install/dwb_core/lib:/home/agilex/agilex_ws/install/costmap_queue/lib:/home/agilex/agilex_ws/install/nav2_costmap_2d/lib:/home/agilex/agilex_ws/install/nav_2d_utils/lib:/home/agilex/agilex_ws/install/nav2_util/lib:/home/agilex/agilex_ws/install/nav2_voxel_grid/lib:/home/agilex/agilex_ws/install/nav2_msgs/lib:/home/agilex/agilex_ws/install/dwb_msgs/lib:/home/agilex/agilex_ws/install/nav_2d_msgs/lib PYTHONPATH=/home/agilex/agilex_ws/install/nav2_msgs/local/lib/python3.10/dist-packages:/home/agilex/agilex_ws/install/dwb_msgs/local/lib/python3.10/dist-packages:/home/agilex/agilex_ws/install/nav_2d_msgs/local/lib/python3.10/dist-packages:/home/agilex/agilex_ws/install/nav2_common/local/lib/python3.10/dist-packages /usr/bin/cmake --build /home/agilex/agilex_ws/build/nav2_dwb_controller -- -j16 -l16
[5.509s] Level 1:colcon.colcon_core.environment:create_environment_scripts_only(nav2_rotation_shim_controller)
[5.512s] Level 1:colcon.colcon_core.environment:checking '/home/agilex/agilex_ws/install/nav2_rotation_shim_controller' for CMake module files
[5.513s] Level 1:colcon.colcon_core.environment:checking '/home/agilex/agilex_ws/install/nav2_rotation_shim_controller' for CMake config files
[5.513s] Level 1:colcon.colcon_core.shell:create_environment_hook('nav2_rotation_shim_controller', 'cmake_prefix_path')
[5.517s] INFO:colcon.colcon_core.shell:Creating environment hook '/home/agilex/agilex_ws/install/nav2_rotation_shim_controller/share/nav2_rotation_shim_controller/hook/cmake_prefix_path.ps1'
[5.517s] INFO:colcon.colcon_core.shell:Creating environment descriptor '/home/agilex/agilex_ws/install/nav2_rotation_shim_controller/share/nav2_rotation_shim_controller/hook/cmake_prefix_path.dsv'
[5.517s] INFO:colcon.colcon_core.shell:Creating environment hook '/home/agilex/agilex_ws/install/nav2_rotation_shim_controller/share/nav2_rotation_shim_controller/hook/cmake_prefix_path.sh'
[5.517s] Level 1:colcon.colcon_core.environment:checking '/home/agilex/agilex_ws/install/nav2_rotation_shim_controller/lib'
[5.517s] Level 1:colcon.colcon_core.shell:create_environment_hook('nav2_rotation_shim_controller', 'ld_library_path_lib')
[5.521s] INFO:colcon.colcon_core.shell:Creating environment hook '/home/agilex/agilex_ws/install/nav2_rotation_shim_controller/share/nav2_rotation_shim_controller/hook/ld_library_path_lib.ps1'
[5.521s] INFO:colcon.colcon_core.shell:Creating environment descriptor '/home/agilex/agilex_ws/install/nav2_rotation_shim_controller/share/nav2_rotation_shim_controller/hook/ld_library_path_lib.dsv'
[5.521s] INFO:colcon.colcon_core.shell:Creating environment hook '/home/agilex/agilex_ws/install/nav2_rotation_shim_controller/share/nav2_rotation_shim_controller/hook/ld_library_path_lib.sh'
[5.521s] Level 1:colcon.colcon_core.environment:checking '/home/agilex/agilex_ws/install/nav2_rotation_shim_controller/bin'
[5.521s] Level 1:colcon.colcon_core.environment:checking '/home/agilex/agilex_ws/install/nav2_rotation_shim_controller/lib/pkgconfig/nav2_rotation_shim_controller.pc'
[5.521s] Level 1:colcon.colcon_core.environment:checking '/home/agilex/agilex_ws/install/nav2_rotation_shim_controller/lib/python3.10/site-packages'
[5.521s] Level 1:colcon.colcon_core.environment:checking '/home/agilex/agilex_ws/install/nav2_rotation_shim_controller/bin'
[5.525s] INFO:colcon.colcon_core.shell:Creating package script '/home/agilex/agilex_ws/install/nav2_rotation_shim_controller/share/nav2_rotation_shim_controller/package.ps1'
[5.525s] INFO:colcon.colcon_core.shell:Creating package descriptor '/home/agilex/agilex_ws/install/nav2_rotation_shim_controller/share/nav2_rotation_shim_controller/package.dsv'
[5.525s] INFO:colcon.colcon_core.shell:Creating package script '/home/agilex/agilex_ws/install/nav2_rotation_shim_controller/share/nav2_rotation_shim_controller/package.sh'
[5.525s] INFO:colcon.colcon_core.shell:Creating package script '/home/agilex/agilex_ws/install/nav2_rotation_shim_controller/share/nav2_rotation_shim_controller/package.bash'
[5.525s] INFO:colcon.colcon_core.shell:Creating package script '/home/agilex/agilex_ws/install/nav2_rotation_shim_controller/share/nav2_rotation_shim_controller/package.zsh'
[5.526s] Level 1:colcon.colcon_core.environment:create_file_with_runtime_dependencies(/home/agilex/agilex_ws/install/nav2_rotation_shim_controller/share/colcon-core/packages/nav2_rotation_shim_controller)
[5.526s] DEBUG:colcon.colcon_core.event_handler.log_command:Invoked command in '/home/agilex/agilex_ws/build/nav2_dwb_controller' returned '0': AMENT_PREFIX_PATH=/home/agilex/agilex_ws/install/dwb_plugins:/home/agilex/agilex_ws/install/dwb_critics:/home/agilex/agilex_ws/install/dwb_core:/home/agilex/agilex_ws/install/nav2_core:/home/agilex/agilex_ws/install/costmap_queue:/home/agilex/agilex_ws/install/nav2_costmap_2d:/home/agilex/agilex_ws/install/nav_2d_utils:/home/agilex/agilex_ws/install/nav2_util:/home/agilex/agilex_ws/install/nav2_voxel_grid:/home/agilex/agilex_ws/install/nav2_msgs:/home/agilex/agilex_ws/install/dwb_msgs:/home/agilex/agilex_ws/install/nav_2d_msgs:/home/agilex/agilex_ws/install/nav2_common CMAKE_PREFIX_PATH=/home/agilex/agilex_ws/install/dwb_plugins:/home/agilex/agilex_ws/install/dwb_critics:/home/agilex/agilex_ws/install/dwb_core:/home/agilex/agilex_ws/install/nav2_core:/home/agilex/agilex_ws/install/costmap_queue:/home/agilex/agilex_ws/install/nav2_costmap_2d:/home/agilex/agilex_ws/install/nav_2d_utils:/home/agilex/agilex_ws/install/nav2_util:/home/agilex/agilex_ws/install/nav2_voxel_grid:/home/agilex/agilex_ws/install/nav2_msgs:/home/agilex/agilex_ws/install/dwb_msgs:/home/agilex/agilex_ws/install/nav_2d_msgs:/home/agilex/agilex_ws/install/nav2_common LD_LIBRARY_PATH=/home/agilex/agilex_ws/install/dwb_plugins/lib:/home/agilex/agilex_ws/install/dwb_critics/lib:/home/agilex/agilex_ws/install/dwb_core/lib:/home/agilex/agilex_ws/install/costmap_queue/lib:/home/agilex/agilex_ws/install/nav2_costmap_2d/lib:/home/agilex/agilex_ws/install/nav_2d_utils/lib:/home/agilex/agilex_ws/install/nav2_util/lib:/home/agilex/agilex_ws/install/nav2_voxel_grid/lib:/home/agilex/agilex_ws/install/nav2_msgs/lib:/home/agilex/agilex_ws/install/dwb_msgs/lib:/home/agilex/agilex_ws/install/nav_2d_msgs/lib PYTHONPATH=/home/agilex/agilex_ws/install/nav2_msgs/local/lib/python3.10/dist-packages:/home/agilex/agilex_ws/install/dwb_msgs/local/lib/python3.10/dist-packages:/home/agilex/agilex_ws/install/nav_2d_msgs/local/lib/python3.10/dist-packages:/home/agilex/agilex_ws/install/nav2_common/local/lib/python3.10/dist-packages /usr/bin/cmake --build /home/agilex/agilex_ws/build/nav2_dwb_controller -- -j16 -l16
[5.541s] DEBUG:colcon.colcon_core.event_handler.log_command:Invoking command in '/home/agilex/agilex_ws/build/nav2_dwb_controller': AMENT_PREFIX_PATH=/home/agilex/agilex_ws/install/dwb_plugins:/home/agilex/agilex_ws/install/dwb_critics:/home/agilex/agilex_ws/install/dwb_core:/home/agilex/agilex_ws/install/nav2_core:/home/agilex/agilex_ws/install/costmap_queue:/home/agilex/agilex_ws/install/nav2_costmap_2d:/home/agilex/agilex_ws/install/nav_2d_utils:/home/agilex/agilex_ws/install/nav2_util:/home/agilex/agilex_ws/install/nav2_voxel_grid:/home/agilex/agilex_ws/install/nav2_msgs:/home/agilex/agilex_ws/install/dwb_msgs:/home/agilex/agilex_ws/install/nav_2d_msgs:/home/agilex/agilex_ws/install/nav2_common CMAKE_PREFIX_PATH=/home/agilex/agilex_ws/install/dwb_plugins:/home/agilex/agilex_ws/install/dwb_critics:/home/agilex/agilex_ws/install/dwb_core:/home/agilex/agilex_ws/install/nav2_core:/home/agilex/agilex_ws/install/costmap_queue:/home/agilex/agilex_ws/install/nav2_costmap_2d:/home/agilex/agilex_ws/install/nav_2d_utils:/home/agilex/agilex_ws/install/nav2_util:/home/agilex/agilex_ws/install/nav2_voxel_grid:/home/agilex/agilex_ws/install/nav2_msgs:/home/agilex/agilex_ws/install/dwb_msgs:/home/agilex/agilex_ws/install/nav_2d_msgs:/home/agilex/agilex_ws/install/nav2_common LD_LIBRARY_PATH=/home/agilex/agilex_ws/install/dwb_plugins/lib:/home/agilex/agilex_ws/install/dwb_critics/lib:/home/agilex/agilex_ws/install/dwb_core/lib:/home/agilex/agilex_ws/install/costmap_queue/lib:/home/agilex/agilex_ws/install/nav2_costmap_2d/lib:/home/agilex/agilex_ws/install/nav_2d_utils/lib:/home/agilex/agilex_ws/install/nav2_util/lib:/home/agilex/agilex_ws/install/nav2_voxel_grid/lib:/home/agilex/agilex_ws/install/nav2_msgs/lib:/home/agilex/agilex_ws/install/dwb_msgs/lib:/home/agilex/agilex_ws/install/nav_2d_msgs/lib PYTHONPATH=/home/agilex/agilex_ws/install/nav2_msgs/local/lib/python3.10/dist-packages:/home/agilex/agilex_ws/install/dwb_msgs/local/lib/python3.10/dist-packages:/home/agilex/agilex_ws/install/nav_2d_msgs/local/lib/python3.10/dist-packages:/home/agilex/agilex_ws/install/nav2_common/local/lib/python3.10/dist-packages /usr/bin/cmake --install /home/agilex/agilex_ws/build/nav2_dwb_controller
[5.547s] Level 1:colcon.colcon_core.environment:create_environment_scripts_only(nav2_dwb_controller)
[5.547s] DEBUG:colcon.colcon_core.event_handler.log_command:Invoked command in '/home/agilex/agilex_ws/build/nav2_dwb_controller' returned '0': AMENT_PREFIX_PATH=/home/agilex/agilex_ws/install/dwb_plugins:/home/agilex/agilex_ws/install/dwb_critics:/home/agilex/agilex_ws/install/dwb_core:/home/agilex/agilex_ws/install/nav2_core:/home/agilex/agilex_ws/install/costmap_queue:/home/agilex/agilex_ws/install/nav2_costmap_2d:/home/agilex/agilex_ws/install/nav_2d_utils:/home/agilex/agilex_ws/install/nav2_util:/home/agilex/agilex_ws/install/nav2_voxel_grid:/home/agilex/agilex_ws/install/nav2_msgs:/home/agilex/agilex_ws/install/dwb_msgs:/home/agilex/agilex_ws/install/nav_2d_msgs:/home/agilex/agilex_ws/install/nav2_common CMAKE_PREFIX_PATH=/home/agilex/agilex_ws/install/dwb_plugins:/home/agilex/agilex_ws/install/dwb_critics:/home/agilex/agilex_ws/install/dwb_core:/home/agilex/agilex_ws/install/nav2_core:/home/agilex/agilex_ws/install/costmap_queue:/home/agilex/agilex_ws/install/nav2_costmap_2d:/home/agilex/agilex_ws/install/nav_2d_utils:/home/agilex/agilex_ws/install/nav2_util:/home/agilex/agilex_ws/install/nav2_voxel_grid:/home/agilex/agilex_ws/install/nav2_msgs:/home/agilex/agilex_ws/install/dwb_msgs:/home/agilex/agilex_ws/install/nav_2d_msgs:/home/agilex/agilex_ws/install/nav2_common LD_LIBRARY_PATH=/home/agilex/agilex_ws/install/dwb_plugins/lib:/home/agilex/agilex_ws/install/dwb_critics/lib:/home/agilex/agilex_ws/install/dwb_core/lib:/home/agilex/agilex_ws/install/costmap_queue/lib:/home/agilex/agilex_ws/install/nav2_costmap_2d/lib:/home/agilex/agilex_ws/install/nav_2d_utils/lib:/home/agilex/agilex_ws/install/nav2_util/lib:/home/agilex/agilex_ws/install/nav2_voxel_grid/lib:/home/agilex/agilex_ws/install/nav2_msgs/lib:/home/agilex/agilex_ws/install/dwb_msgs/lib:/home/agilex/agilex_ws/install/nav_2d_msgs/lib PYTHONPATH=/home/agilex/agilex_ws/install/nav2_msgs/local/lib/python3.10/dist-packages:/home/agilex/agilex_ws/install/dwb_msgs/local/lib/python3.10/dist-packages:/home/agilex/agilex_ws/install/nav_2d_msgs/local/lib/python3.10/dist-packages:/home/agilex/agilex_ws/install/nav2_common/local/lib/python3.10/dist-packages /usr/bin/cmake --install /home/agilex/agilex_ws/build/nav2_dwb_controller
[5.551s] Level 1:colcon.colcon_core.environment:checking '/home/agilex/agilex_ws/install/nav2_dwb_controller' for CMake module files
[5.551s] Level 1:colcon.colcon_core.environment:checking '/home/agilex/agilex_ws/install/nav2_dwb_controller' for CMake config files
[5.551s] Level 1:colcon.colcon_core.shell:create_environment_hook('nav2_dwb_controller', 'cmake_prefix_path')
[5.555s] INFO:colcon.colcon_core.shell:Creating environment hook '/home/agilex/agilex_ws/install/nav2_dwb_controller/share/nav2_dwb_controller/hook/cmake_prefix_path.ps1'
[5.555s] INFO:colcon.colcon_core.shell:Creating environment descriptor '/home/agilex/agilex_ws/install/nav2_dwb_controller/share/nav2_dwb_controller/hook/cmake_prefix_path.dsv'
[5.555s] INFO:colcon.colcon_core.shell:Creating environment hook '/home/agilex/agilex_ws/install/nav2_dwb_controller/share/nav2_dwb_controller/hook/cmake_prefix_path.sh'
[5.556s] Level 1:colcon.colcon_core.environment:checking '/home/agilex/agilex_ws/install/nav2_dwb_controller/bin'
[5.556s] Level 1:colcon.colcon_core.environment:checking '/home/agilex/agilex_ws/install/nav2_dwb_controller/lib/pkgconfig/nav2_dwb_controller.pc'
[5.556s] Level 1:colcon.colcon_core.environment:checking '/home/agilex/agilex_ws/install/nav2_dwb_controller/lib/python3.10/site-packages'
[5.556s] Level 1:colcon.colcon_core.environment:checking '/home/agilex/agilex_ws/install/nav2_dwb_controller/bin'
[5.559s] INFO:colcon.colcon_core.shell:Creating package script '/home/agilex/agilex_ws/install/nav2_dwb_controller/share/nav2_dwb_controller/package.ps1'
[5.560s] INFO:colcon.colcon_core.shell:Creating package descriptor '/home/agilex/agilex_ws/install/nav2_dwb_controller/share/nav2_dwb_controller/package.dsv'
[5.560s] INFO:colcon.colcon_core.shell:Creating package script '/home/agilex/agilex_ws/install/nav2_dwb_controller/share/nav2_dwb_controller/package.sh'
[5.560s] INFO:colcon.colcon_core.shell:Creating package script '/home/agilex/agilex_ws/install/nav2_dwb_controller/share/nav2_dwb_controller/package.bash'
[5.560s] INFO:colcon.colcon_core.shell:Creating package script '/home/agilex/agilex_ws/install/nav2_dwb_controller/share/nav2_dwb_controller/package.zsh'
[5.560s] Level 1:colcon.colcon_core.environment:create_file_with_runtime_dependencies(/home/agilex/agilex_ws/install/nav2_dwb_controller/share/colcon-core/packages/nav2_dwb_controller)
[5.576s] Level 1:colcon.colcon_core.environment:create_environment_scripts_only(nav2_dwb_controller)
[5.579s] Level 1:colcon.colcon_core.environment:checking '/home/agilex/agilex_ws/install/nav2_dwb_controller' for CMake module files
[5.580s] Level 1:colcon.colcon_core.environment:checking '/home/agilex/agilex_ws/install/nav2_dwb_controller' for CMake config files
[5.580s] Level 1:colcon.colcon_core.shell:create_environment_hook('nav2_dwb_controller', 'cmake_prefix_path')
[5.583s] INFO:colcon.colcon_core.shell:Creating environment hook '/home/agilex/agilex_ws/install/nav2_dwb_controller/share/nav2_dwb_controller/hook/cmake_prefix_path.ps1'
[5.583s] INFO:colcon.colcon_core.shell:Creating environment descriptor '/home/agilex/agilex_ws/install/nav2_dwb_controller/share/nav2_dwb_controller/hook/cmake_prefix_path.dsv'
[5.584s] INFO:colcon.colcon_core.shell:Creating environment hook '/home/agilex/agilex_ws/install/nav2_dwb_controller/share/nav2_dwb_controller/hook/cmake_prefix_path.sh'
[5.584s] Level 1:colcon.colcon_core.environment:checking '/home/agilex/agilex_ws/install/nav2_dwb_controller/bin'
[5.584s] Level 1:colcon.colcon_core.environment:checking '/home/agilex/agilex_ws/install/nav2_dwb_controller/lib/pkgconfig/nav2_dwb_controller.pc'
[5.584s] Level 1:colcon.colcon_core.environment:checking '/home/agilex/agilex_ws/install/nav2_dwb_controller/lib/python3.10/site-packages'
[5.584s] Level 1:colcon.colcon_core.environment:checking '/home/agilex/agilex_ws/install/nav2_dwb_controller/bin'
[5.587s] INFO:colcon.colcon_core.shell:Creating package script '/home/agilex/agilex_ws/install/nav2_dwb_controller/share/nav2_dwb_controller/package.ps1'
[5.588s] INFO:colcon.colcon_core.shell:Creating package descriptor '/home/agilex/agilex_ws/install/nav2_dwb_controller/share/nav2_dwb_controller/package.dsv'
[5.588s] INFO:colcon.colcon_core.shell:Creating package script '/home/agilex/agilex_ws/install/nav2_dwb_controller/share/nav2_dwb_controller/package.sh'
[5.588s] INFO:colcon.colcon_core.shell:Creating package script '/home/agilex/agilex_ws/install/nav2_dwb_controller/share/nav2_dwb_controller/package.bash'
[5.588s] INFO:colcon.colcon_core.shell:Creating package script '/home/agilex/agilex_ws/install/nav2_dwb_controller/share/nav2_dwb_controller/package.zsh'
[5.588s] Level 1:colcon.colcon_core.environment:create_file_with_runtime_dependencies(/home/agilex/agilex_ws/install/nav2_dwb_controller/share/colcon-core/packages/nav2_dwb_controller)
[5.589s] INFO:colcon.colcon_ros.task.ament_cmake.build:Building ROS package in '/home/agilex/agilex_ws/src/navigation2/navigation2' with build type 'ament_cmake'
[5.589s] INFO:colcon.colcon_cmake.task.cmake.build:Building CMake package in '/home/agilex/agilex_ws/src/navigation2/navigation2'
[5.592s] INFO:colcon.colcon_core.shell:Skip shell extension 'powershell' for command environment: Not usable outside of PowerShell
[5.592s] DEBUG:colcon.colcon_core.shell:Skip shell extension 'dsv' for command environment
[5.682s] DEBUG:colcon.colcon_core.event_handler.log_command:Invoking command in '/home/agilex/agilex_ws/build/navigation2': AMENT_PREFIX_PATH=/home/agilex/agilex_ws/install/nav2_dwb_controller:/home/agilex/agilex_ws/install/nav2_rotation_shim_controller:/home/agilex/agilex_ws/install/dwb_plugins:/home/agilex/agilex_ws/install/dwb_critics:/home/agilex/agilex_ws/install/nav2_waypoint_follower:/home/agilex/agilex_ws/install/nav2_theta_star_planner:/home/agilex/agilex_ws/install/nav2_smoother:/home/agilex/agilex_ws/install/nav2_smac_planner:/home/agilex/agilex_ws/install/nav2_regulated_pure_pursuit_controller:/home/agilex/agilex_ws/install/nav2_planner:/home/agilex/agilex_ws/install/nav2_navfn_planner:/home/agilex/agilex_ws/install/nav2_controller:/home/agilex/agilex_ws/install/nav2_bt_navigator:/home/agilex/agilex_ws/install/nav2_behaviors:/home/agilex/agilex_ws/install/dwb_core:/home/agilex/agilex_ws/install/nav2_core:/home/agilex/agilex_ws/install/costmap_queue:/home/agilex/agilex_ws/install/nav2_rviz_plugins:/home/agilex/agilex_ws/install/nav2_costmap_2d:/home/agilex/agilex_ws/install/nav_2d_utils:/home/agilex/agilex_ws/install/nav2_map_server:/home/agilex/agilex_ws/install/nav2_lifecycle_manager:/home/agilex/agilex_ws/install/nav2_behavior_tree:/home/agilex/agilex_ws/install/nav2_amcl:/home/agilex/agilex_ws/install/nav2_util:/home/agilex/agilex_ws/install/nav2_simple_commander:/home/agilex/agilex_ws/install/nav2_voxel_grid:/home/agilex/agilex_ws/install/nav2_msgs:/home/agilex/agilex_ws/install/dwb_msgs:/home/agilex/agilex_ws/install/nav_2d_msgs:/home/agilex/agilex_ws/install/nav2_common CMAKE_PREFIX_PATH=/home/agilex/agilex_ws/install/nav2_dwb_controller:/home/agilex/agilex_ws/install/nav2_rotation_shim_controller:/home/agilex/agilex_ws/install/dwb_plugins:/home/agilex/agilex_ws/install/dwb_critics:/home/agilex/agilex_ws/install/nav2_waypoint_follower:/home/agilex/agilex_ws/install/nav2_theta_star_planner:/home/agilex/agilex_ws/install/nav2_smoother:/home/agilex/agilex_ws/install/nav2_smac_planner:/home/agilex/agilex_ws/install/nav2_regulated_pure_pursuit_controller:/home/agilex/agilex_ws/install/nav2_planner:/home/agilex/agilex_ws/install/nav2_navfn_planner:/home/agilex/agilex_ws/install/nav2_controller:/home/agilex/agilex_ws/install/nav2_bt_navigator:/home/agilex/agilex_ws/install/nav2_behaviors:/home/agilex/agilex_ws/install/dwb_core:/home/agilex/agilex_ws/install/nav2_core:/home/agilex/agilex_ws/install/costmap_queue:/home/agilex/agilex_ws/install/nav2_rviz_plugins:/home/agilex/agilex_ws/install/nav2_costmap_2d:/home/agilex/agilex_ws/install/nav_2d_utils:/home/agilex/agilex_ws/install/nav2_map_server:/home/agilex/agilex_ws/install/nav2_lifecycle_manager:/home/agilex/agilex_ws/install/nav2_behavior_tree:/home/agilex/agilex_ws/install/nav2_amcl:/home/agilex/agilex_ws/install/nav2_util:/home/agilex/agilex_ws/install/nav2_voxel_grid:/home/agilex/agilex_ws/install/nav2_msgs:/home/agilex/agilex_ws/install/dwb_msgs:/home/agilex/agilex_ws/install/nav_2d_msgs:/home/agilex/agilex_ws/install/nav2_common LD_LIBRARY_PATH=/home/agilex/agilex_ws/install/nav2_rotation_shim_controller/lib:/home/agilex/agilex_ws/install/dwb_plugins/lib:/home/agilex/agilex_ws/install/dwb_critics/lib:/home/agilex/agilex_ws/install/nav2_waypoint_follower/lib:/home/agilex/agilex_ws/install/nav2_theta_star_planner/lib:/home/agilex/agilex_ws/install/nav2_smoother/lib:/home/agilex/agilex_ws/install/nav2_smac_planner/lib:/home/agilex/agilex_ws/install/nav2_regulated_pure_pursuit_controller/lib:/home/agilex/agilex_ws/install/nav2_planner/lib:/home/agilex/agilex_ws/install/nav2_navfn_planner/lib:/home/agilex/agilex_ws/install/nav2_controller/lib:/home/agilex/agilex_ws/install/nav2_bt_navigator/lib:/home/agilex/agilex_ws/install/nav2_behaviors/lib:/home/agilex/agilex_ws/install/dwb_core/lib:/home/agilex/agilex_ws/install/costmap_queue/lib:/home/agilex/agilex_ws/install/nav2_rviz_plugins/lib:/home/agilex/agilex_ws/install/nav2_costmap_2d/lib:/home/agilex/agilex_ws/install/nav_2d_utils/lib:/home/agilex/agilex_ws/install/nav2_map_server/lib:/home/agilex/agilex_ws/install/nav2_lifecycle_manager/lib:/home/agilex/agilex_ws/install/nav2_behavior_tree/lib:/home/agilex/agilex_ws/install/nav2_amcl/lib:/home/agilex/agilex_ws/install/nav2_util/lib:/home/agilex/agilex_ws/install/nav2_voxel_grid/lib:/home/agilex/agilex_ws/install/nav2_msgs/lib:/home/agilex/agilex_ws/install/dwb_msgs/lib:/home/agilex/agilex_ws/install/nav_2d_msgs/lib PYTHONPATH=/home/agilex/agilex_ws/install/nav2_simple_commander/lib/python3.10/site-packages:/home/agilex/agilex_ws/install/nav2_msgs/local/lib/python3.10/dist-packages:/home/agilex/agilex_ws/install/dwb_msgs/local/lib/python3.10/dist-packages:/home/agilex/agilex_ws/install/nav_2d_msgs/local/lib/python3.10/dist-packages:/home/agilex/agilex_ws/install/nav2_common/local/lib/python3.10/dist-packages /usr/bin/cmake --build /home/agilex/agilex_ws/build/navigation2 -- -j16 -l16
[5.717s] DEBUG:colcon.colcon_core.event_handler.log_command:Invoked command in '/home/agilex/agilex_ws/build/navigation2' returned '0': AMENT_PREFIX_PATH=/home/agilex/agilex_ws/install/nav2_dwb_controller:/home/agilex/agilex_ws/install/nav2_rotation_shim_controller:/home/agilex/agilex_ws/install/dwb_plugins:/home/agilex/agilex_ws/install/dwb_critics:/home/agilex/agilex_ws/install/nav2_waypoint_follower:/home/agilex/agilex_ws/install/nav2_theta_star_planner:/home/agilex/agilex_ws/install/nav2_smoother:/home/agilex/agilex_ws/install/nav2_smac_planner:/home/agilex/agilex_ws/install/nav2_regulated_pure_pursuit_controller:/home/agilex/agilex_ws/install/nav2_planner:/home/agilex/agilex_ws/install/nav2_navfn_planner:/home/agilex/agilex_ws/install/nav2_controller:/home/agilex/agilex_ws/install/nav2_bt_navigator:/home/agilex/agilex_ws/install/nav2_behaviors:/home/agilex/agilex_ws/install/dwb_core:/home/agilex/agilex_ws/install/nav2_core:/home/agilex/agilex_ws/install/costmap_queue:/home/agilex/agilex_ws/install/nav2_rviz_plugins:/home/agilex/agilex_ws/install/nav2_costmap_2d:/home/agilex/agilex_ws/install/nav_2d_utils:/home/agilex/agilex_ws/install/nav2_map_server:/home/agilex/agilex_ws/install/nav2_lifecycle_manager:/home/agilex/agilex_ws/install/nav2_behavior_tree:/home/agilex/agilex_ws/install/nav2_amcl:/home/agilex/agilex_ws/install/nav2_util:/home/agilex/agilex_ws/install/nav2_simple_commander:/home/agilex/agilex_ws/install/nav2_voxel_grid:/home/agilex/agilex_ws/install/nav2_msgs:/home/agilex/agilex_ws/install/dwb_msgs:/home/agilex/agilex_ws/install/nav_2d_msgs:/home/agilex/agilex_ws/install/nav2_common CMAKE_PREFIX_PATH=/home/agilex/agilex_ws/install/nav2_dwb_controller:/home/agilex/agilex_ws/install/nav2_rotation_shim_controller:/home/agilex/agilex_ws/install/dwb_plugins:/home/agilex/agilex_ws/install/dwb_critics:/home/agilex/agilex_ws/install/nav2_waypoint_follower:/home/agilex/agilex_ws/install/nav2_theta_star_planner:/home/agilex/agilex_ws/install/nav2_smoother:/home/agilex/agilex_ws/install/nav2_smac_planner:/home/agilex/agilex_ws/install/nav2_regulated_pure_pursuit_controller:/home/agilex/agilex_ws/install/nav2_planner:/home/agilex/agilex_ws/install/nav2_navfn_planner:/home/agilex/agilex_ws/install/nav2_controller:/home/agilex/agilex_ws/install/nav2_bt_navigator:/home/agilex/agilex_ws/install/nav2_behaviors:/home/agilex/agilex_ws/install/dwb_core:/home/agilex/agilex_ws/install/nav2_core:/home/agilex/agilex_ws/install/costmap_queue:/home/agilex/agilex_ws/install/nav2_rviz_plugins:/home/agilex/agilex_ws/install/nav2_costmap_2d:/home/agilex/agilex_ws/install/nav_2d_utils:/home/agilex/agilex_ws/install/nav2_map_server:/home/agilex/agilex_ws/install/nav2_lifecycle_manager:/home/agilex/agilex_ws/install/nav2_behavior_tree:/home/agilex/agilex_ws/install/nav2_amcl:/home/agilex/agilex_ws/install/nav2_util:/home/agilex/agilex_ws/install/nav2_voxel_grid:/home/agilex/agilex_ws/install/nav2_msgs:/home/agilex/agilex_ws/install/dwb_msgs:/home/agilex/agilex_ws/install/nav_2d_msgs:/home/agilex/agilex_ws/install/nav2_common LD_LIBRARY_PATH=/home/agilex/agilex_ws/install/nav2_rotation_shim_controller/lib:/home/agilex/agilex_ws/install/dwb_plugins/lib:/home/agilex/agilex_ws/install/dwb_critics/lib:/home/agilex/agilex_ws/install/nav2_waypoint_follower/lib:/home/agilex/agilex_ws/install/nav2_theta_star_planner/lib:/home/agilex/agilex_ws/install/nav2_smoother/lib:/home/agilex/agilex_ws/install/nav2_smac_planner/lib:/home/agilex/agilex_ws/install/nav2_regulated_pure_pursuit_controller/lib:/home/agilex/agilex_ws/install/nav2_planner/lib:/home/agilex/agilex_ws/install/nav2_navfn_planner/lib:/home/agilex/agilex_ws/install/nav2_controller/lib:/home/agilex/agilex_ws/install/nav2_bt_navigator/lib:/home/agilex/agilex_ws/install/nav2_behaviors/lib:/home/agilex/agilex_ws/install/dwb_core/lib:/home/agilex/agilex_ws/install/costmap_queue/lib:/home/agilex/agilex_ws/install/nav2_rviz_plugins/lib:/home/agilex/agilex_ws/install/nav2_costmap_2d/lib:/home/agilex/agilex_ws/install/nav_2d_utils/lib:/home/agilex/agilex_ws/install/nav2_map_server/lib:/home/agilex/agilex_ws/install/nav2_lifecycle_manager/lib:/home/agilex/agilex_ws/install/nav2_behavior_tree/lib:/home/agilex/agilex_ws/install/nav2_amcl/lib:/home/agilex/agilex_ws/install/nav2_util/lib:/home/agilex/agilex_ws/install/nav2_voxel_grid/lib:/home/agilex/agilex_ws/install/nav2_msgs/lib:/home/agilex/agilex_ws/install/dwb_msgs/lib:/home/agilex/agilex_ws/install/nav_2d_msgs/lib PYTHONPATH=/home/agilex/agilex_ws/install/nav2_simple_commander/lib/python3.10/site-packages:/home/agilex/agilex_ws/install/nav2_msgs/local/lib/python3.10/dist-packages:/home/agilex/agilex_ws/install/dwb_msgs/local/lib/python3.10/dist-packages:/home/agilex/agilex_ws/install/nav_2d_msgs/local/lib/python3.10/dist-packages:/home/agilex/agilex_ws/install/nav2_common/local/lib/python3.10/dist-packages /usr/bin/cmake --build /home/agilex/agilex_ws/build/navigation2 -- -j16 -l16
[5.731s] DEBUG:colcon.colcon_core.event_handler.log_command:Invoking command in '/home/agilex/agilex_ws/build/navigation2': AMENT_PREFIX_PATH=/home/agilex/agilex_ws/install/nav2_dwb_controller:/home/agilex/agilex_ws/install/nav2_rotation_shim_controller:/home/agilex/agilex_ws/install/dwb_plugins:/home/agilex/agilex_ws/install/dwb_critics:/home/agilex/agilex_ws/install/nav2_waypoint_follower:/home/agilex/agilex_ws/install/nav2_theta_star_planner:/home/agilex/agilex_ws/install/nav2_smoother:/home/agilex/agilex_ws/install/nav2_smac_planner:/home/agilex/agilex_ws/install/nav2_regulated_pure_pursuit_controller:/home/agilex/agilex_ws/install/nav2_planner:/home/agilex/agilex_ws/install/nav2_navfn_planner:/home/agilex/agilex_ws/install/nav2_controller:/home/agilex/agilex_ws/install/nav2_bt_navigator:/home/agilex/agilex_ws/install/nav2_behaviors:/home/agilex/agilex_ws/install/dwb_core:/home/agilex/agilex_ws/install/nav2_core:/home/agilex/agilex_ws/install/costmap_queue:/home/agilex/agilex_ws/install/nav2_rviz_plugins:/home/agilex/agilex_ws/install/nav2_costmap_2d:/home/agilex/agilex_ws/install/nav_2d_utils:/home/agilex/agilex_ws/install/nav2_map_server:/home/agilex/agilex_ws/install/nav2_lifecycle_manager:/home/agilex/agilex_ws/install/nav2_behavior_tree:/home/agilex/agilex_ws/install/nav2_amcl:/home/agilex/agilex_ws/install/nav2_util:/home/agilex/agilex_ws/install/nav2_simple_commander:/home/agilex/agilex_ws/install/nav2_voxel_grid:/home/agilex/agilex_ws/install/nav2_msgs:/home/agilex/agilex_ws/install/dwb_msgs:/home/agilex/agilex_ws/install/nav_2d_msgs:/home/agilex/agilex_ws/install/nav2_common CMAKE_PREFIX_PATH=/home/agilex/agilex_ws/install/nav2_dwb_controller:/home/agilex/agilex_ws/install/nav2_rotation_shim_controller:/home/agilex/agilex_ws/install/dwb_plugins:/home/agilex/agilex_ws/install/dwb_critics:/home/agilex/agilex_ws/install/nav2_waypoint_follower:/home/agilex/agilex_ws/install/nav2_theta_star_planner:/home/agilex/agilex_ws/install/nav2_smoother:/home/agilex/agilex_ws/install/nav2_smac_planner:/home/agilex/agilex_ws/install/nav2_regulated_pure_pursuit_controller:/home/agilex/agilex_ws/install/nav2_planner:/home/agilex/agilex_ws/install/nav2_navfn_planner:/home/agilex/agilex_ws/install/nav2_controller:/home/agilex/agilex_ws/install/nav2_bt_navigator:/home/agilex/agilex_ws/install/nav2_behaviors:/home/agilex/agilex_ws/install/dwb_core:/home/agilex/agilex_ws/install/nav2_core:/home/agilex/agilex_ws/install/costmap_queue:/home/agilex/agilex_ws/install/nav2_rviz_plugins:/home/agilex/agilex_ws/install/nav2_costmap_2d:/home/agilex/agilex_ws/install/nav_2d_utils:/home/agilex/agilex_ws/install/nav2_map_server:/home/agilex/agilex_ws/install/nav2_lifecycle_manager:/home/agilex/agilex_ws/install/nav2_behavior_tree:/home/agilex/agilex_ws/install/nav2_amcl:/home/agilex/agilex_ws/install/nav2_util:/home/agilex/agilex_ws/install/nav2_voxel_grid:/home/agilex/agilex_ws/install/nav2_msgs:/home/agilex/agilex_ws/install/dwb_msgs:/home/agilex/agilex_ws/install/nav_2d_msgs:/home/agilex/agilex_ws/install/nav2_common LD_LIBRARY_PATH=/home/agilex/agilex_ws/install/nav2_rotation_shim_controller/lib:/home/agilex/agilex_ws/install/dwb_plugins/lib:/home/agilex/agilex_ws/install/dwb_critics/lib:/home/agilex/agilex_ws/install/nav2_waypoint_follower/lib:/home/agilex/agilex_ws/install/nav2_theta_star_planner/lib:/home/agilex/agilex_ws/install/nav2_smoother/lib:/home/agilex/agilex_ws/install/nav2_smac_planner/lib:/home/agilex/agilex_ws/install/nav2_regulated_pure_pursuit_controller/lib:/home/agilex/agilex_ws/install/nav2_planner/lib:/home/agilex/agilex_ws/install/nav2_navfn_planner/lib:/home/agilex/agilex_ws/install/nav2_controller/lib:/home/agilex/agilex_ws/install/nav2_bt_navigator/lib:/home/agilex/agilex_ws/install/nav2_behaviors/lib:/home/agilex/agilex_ws/install/dwb_core/lib:/home/agilex/agilex_ws/install/costmap_queue/lib:/home/agilex/agilex_ws/install/nav2_rviz_plugins/lib:/home/agilex/agilex_ws/install/nav2_costmap_2d/lib:/home/agilex/agilex_ws/install/nav_2d_utils/lib:/home/agilex/agilex_ws/install/nav2_map_server/lib:/home/agilex/agilex_ws/install/nav2_lifecycle_manager/lib:/home/agilex/agilex_ws/install/nav2_behavior_tree/lib:/home/agilex/agilex_ws/install/nav2_amcl/lib:/home/agilex/agilex_ws/install/nav2_util/lib:/home/agilex/agilex_ws/install/nav2_voxel_grid/lib:/home/agilex/agilex_ws/install/nav2_msgs/lib:/home/agilex/agilex_ws/install/dwb_msgs/lib:/home/agilex/agilex_ws/install/nav_2d_msgs/lib PYTHONPATH=/home/agilex/agilex_ws/install/nav2_simple_commander/lib/python3.10/site-packages:/home/agilex/agilex_ws/install/nav2_msgs/local/lib/python3.10/dist-packages:/home/agilex/agilex_ws/install/dwb_msgs/local/lib/python3.10/dist-packages:/home/agilex/agilex_ws/install/nav_2d_msgs/local/lib/python3.10/dist-packages:/home/agilex/agilex_ws/install/nav2_common/local/lib/python3.10/dist-packages /usr/bin/cmake --install /home/agilex/agilex_ws/build/navigation2
[5.738s] Level 1:colcon.colcon_core.environment:create_environment_scripts_only(navigation2)
[5.739s] DEBUG:colcon.colcon_core.event_handler.log_command:Invoked command in '/home/agilex/agilex_ws/build/navigation2' returned '0': AMENT_PREFIX_PATH=/home/agilex/agilex_ws/install/nav2_dwb_controller:/home/agilex/agilex_ws/install/nav2_rotation_shim_controller:/home/agilex/agilex_ws/install/dwb_plugins:/home/agilex/agilex_ws/install/dwb_critics:/home/agilex/agilex_ws/install/nav2_waypoint_follower:/home/agilex/agilex_ws/install/nav2_theta_star_planner:/home/agilex/agilex_ws/install/nav2_smoother:/home/agilex/agilex_ws/install/nav2_smac_planner:/home/agilex/agilex_ws/install/nav2_regulated_pure_pursuit_controller:/home/agilex/agilex_ws/install/nav2_planner:/home/agilex/agilex_ws/install/nav2_navfn_planner:/home/agilex/agilex_ws/install/nav2_controller:/home/agilex/agilex_ws/install/nav2_bt_navigator:/home/agilex/agilex_ws/install/nav2_behaviors:/home/agilex/agilex_ws/install/dwb_core:/home/agilex/agilex_ws/install/nav2_core:/home/agilex/agilex_ws/install/costmap_queue:/home/agilex/agilex_ws/install/nav2_rviz_plugins:/home/agilex/agilex_ws/install/nav2_costmap_2d:/home/agilex/agilex_ws/install/nav_2d_utils:/home/agilex/agilex_ws/install/nav2_map_server:/home/agilex/agilex_ws/install/nav2_lifecycle_manager:/home/agilex/agilex_ws/install/nav2_behavior_tree:/home/agilex/agilex_ws/install/nav2_amcl:/home/agilex/agilex_ws/install/nav2_util:/home/agilex/agilex_ws/install/nav2_simple_commander:/home/agilex/agilex_ws/install/nav2_voxel_grid:/home/agilex/agilex_ws/install/nav2_msgs:/home/agilex/agilex_ws/install/dwb_msgs:/home/agilex/agilex_ws/install/nav_2d_msgs:/home/agilex/agilex_ws/install/nav2_common CMAKE_PREFIX_PATH=/home/agilex/agilex_ws/install/nav2_dwb_controller:/home/agilex/agilex_ws/install/nav2_rotation_shim_controller:/home/agilex/agilex_ws/install/dwb_plugins:/home/agilex/agilex_ws/install/dwb_critics:/home/agilex/agilex_ws/install/nav2_waypoint_follower:/home/agilex/agilex_ws/install/nav2_theta_star_planner:/home/agilex/agilex_ws/install/nav2_smoother:/home/agilex/agilex_ws/install/nav2_smac_planner:/home/agilex/agilex_ws/install/nav2_regulated_pure_pursuit_controller:/home/agilex/agilex_ws/install/nav2_planner:/home/agilex/agilex_ws/install/nav2_navfn_planner:/home/agilex/agilex_ws/install/nav2_controller:/home/agilex/agilex_ws/install/nav2_bt_navigator:/home/agilex/agilex_ws/install/nav2_behaviors:/home/agilex/agilex_ws/install/dwb_core:/home/agilex/agilex_ws/install/nav2_core:/home/agilex/agilex_ws/install/costmap_queue:/home/agilex/agilex_ws/install/nav2_rviz_plugins:/home/agilex/agilex_ws/install/nav2_costmap_2d:/home/agilex/agilex_ws/install/nav_2d_utils:/home/agilex/agilex_ws/install/nav2_map_server:/home/agilex/agilex_ws/install/nav2_lifecycle_manager:/home/agilex/agilex_ws/install/nav2_behavior_tree:/home/agilex/agilex_ws/install/nav2_amcl:/home/agilex/agilex_ws/install/nav2_util:/home/agilex/agilex_ws/install/nav2_voxel_grid:/home/agilex/agilex_ws/install/nav2_msgs:/home/agilex/agilex_ws/install/dwb_msgs:/home/agilex/agilex_ws/install/nav_2d_msgs:/home/agilex/agilex_ws/install/nav2_common LD_LIBRARY_PATH=/home/agilex/agilex_ws/install/nav2_rotation_shim_controller/lib:/home/agilex/agilex_ws/install/dwb_plugins/lib:/home/agilex/agilex_ws/install/dwb_critics/lib:/home/agilex/agilex_ws/install/nav2_waypoint_follower/lib:/home/agilex/agilex_ws/install/nav2_theta_star_planner/lib:/home/agilex/agilex_ws/install/nav2_smoother/lib:/home/agilex/agilex_ws/install/nav2_smac_planner/lib:/home/agilex/agilex_ws/install/nav2_regulated_pure_pursuit_controller/lib:/home/agilex/agilex_ws/install/nav2_planner/lib:/home/agilex/agilex_ws/install/nav2_navfn_planner/lib:/home/agilex/agilex_ws/install/nav2_controller/lib:/home/agilex/agilex_ws/install/nav2_bt_navigator/lib:/home/agilex/agilex_ws/install/nav2_behaviors/lib:/home/agilex/agilex_ws/install/dwb_core/lib:/home/agilex/agilex_ws/install/costmap_queue/lib:/home/agilex/agilex_ws/install/nav2_rviz_plugins/lib:/home/agilex/agilex_ws/install/nav2_costmap_2d/lib:/home/agilex/agilex_ws/install/nav_2d_utils/lib:/home/agilex/agilex_ws/install/nav2_map_server/lib:/home/agilex/agilex_ws/install/nav2_lifecycle_manager/lib:/home/agilex/agilex_ws/install/nav2_behavior_tree/lib:/home/agilex/agilex_ws/install/nav2_amcl/lib:/home/agilex/agilex_ws/install/nav2_util/lib:/home/agilex/agilex_ws/install/nav2_voxel_grid/lib:/home/agilex/agilex_ws/install/nav2_msgs/lib:/home/agilex/agilex_ws/install/dwb_msgs/lib:/home/agilex/agilex_ws/install/nav_2d_msgs/lib PYTHONPATH=/home/agilex/agilex_ws/install/nav2_simple_commander/lib/python3.10/site-packages:/home/agilex/agilex_ws/install/nav2_msgs/local/lib/python3.10/dist-packages:/home/agilex/agilex_ws/install/dwb_msgs/local/lib/python3.10/dist-packages:/home/agilex/agilex_ws/install/nav_2d_msgs/local/lib/python3.10/dist-packages:/home/agilex/agilex_ws/install/nav2_common/local/lib/python3.10/dist-packages /usr/bin/cmake --install /home/agilex/agilex_ws/build/navigation2
[5.742s] Level 1:colcon.colcon_core.environment:checking '/home/agilex/agilex_ws/install/navigation2' for CMake module files
[5.743s] Level 1:colcon.colcon_core.environment:checking '/home/agilex/agilex_ws/install/navigation2' for CMake config files
[5.743s] Level 1:colcon.colcon_core.shell:create_environment_hook('navigation2', 'cmake_prefix_path')
[5.746s] INFO:colcon.colcon_core.shell:Creating environment hook '/home/agilex/agilex_ws/install/navigation2/share/navigation2/hook/cmake_prefix_path.ps1'
[5.746s] INFO:colcon.colcon_core.shell:Creating environment descriptor '/home/agilex/agilex_ws/install/navigation2/share/navigation2/hook/cmake_prefix_path.dsv'
[5.747s] INFO:colcon.colcon_core.shell:Creating environment hook '/home/agilex/agilex_ws/install/navigation2/share/navigation2/hook/cmake_prefix_path.sh'
[5.747s] Level 1:colcon.colcon_core.environment:checking '/home/agilex/agilex_ws/install/navigation2/bin'
[5.747s] Level 1:colcon.colcon_core.environment:checking '/home/agilex/agilex_ws/install/navigation2/lib/pkgconfig/navigation2.pc'
[5.747s] Level 1:colcon.colcon_core.environment:checking '/home/agilex/agilex_ws/install/navigation2/lib/python3.10/site-packages'
[5.747s] Level 1:colcon.colcon_core.environment:checking '/home/agilex/agilex_ws/install/navigation2/bin'
[5.750s] INFO:colcon.colcon_core.shell:Creating package script '/home/agilex/agilex_ws/install/navigation2/share/navigation2/package.ps1'
[5.751s] INFO:colcon.colcon_core.shell:Creating package descriptor '/home/agilex/agilex_ws/install/navigation2/share/navigation2/package.dsv'
[5.751s] INFO:colcon.colcon_core.shell:Creating package script '/home/agilex/agilex_ws/install/navigation2/share/navigation2/package.sh'
[5.751s] INFO:colcon.colcon_core.shell:Creating package script '/home/agilex/agilex_ws/install/navigation2/share/navigation2/package.bash'
[5.751s] INFO:colcon.colcon_core.shell:Creating package script '/home/agilex/agilex_ws/install/navigation2/share/navigation2/package.zsh'
[5.751s] Level 1:colcon.colcon_core.environment:create_file_with_runtime_dependencies(/home/agilex/agilex_ws/install/navigation2/share/colcon-core/packages/navigation2)
[5.769s] Level 1:colcon.colcon_core.environment:create_environment_scripts_only(navigation2)
[5.772s] Level 1:colcon.colcon_core.environment:checking '/home/agilex/agilex_ws/install/navigation2' for CMake module files
[5.773s] Level 1:colcon.colcon_core.environment:checking '/home/agilex/agilex_ws/install/navigation2' for CMake config files
[5.773s] Level 1:colcon.colcon_core.shell:create_environment_hook('navigation2', 'cmake_prefix_path')
[5.776s] INFO:colcon.colcon_core.shell:Creating environment hook '/home/agilex/agilex_ws/install/navigation2/share/navigation2/hook/cmake_prefix_path.ps1'
[5.776s] INFO:colcon.colcon_core.shell:Creating environment descriptor '/home/agilex/agilex_ws/install/navigation2/share/navigation2/hook/cmake_prefix_path.dsv'
[5.776s] INFO:colcon.colcon_core.shell:Creating environment hook '/home/agilex/agilex_ws/install/navigation2/share/navigation2/hook/cmake_prefix_path.sh'
[5.776s] Level 1:colcon.colcon_core.environment:checking '/home/agilex/agilex_ws/install/navigation2/bin'
[5.776s] Level 1:colcon.colcon_core.environment:checking '/home/agilex/agilex_ws/install/navigation2/lib/pkgconfig/navigation2.pc'
[5.776s] Level 1:colcon.colcon_core.environment:checking '/home/agilex/agilex_ws/install/navigation2/lib/python3.10/site-packages'
[5.777s] Level 1:colcon.colcon_core.environment:checking '/home/agilex/agilex_ws/install/navigation2/bin'
[5.780s] INFO:colcon.colcon_core.shell:Creating package script '/home/agilex/agilex_ws/install/navigation2/share/navigation2/package.ps1'
[5.780s] INFO:colcon.colcon_core.shell:Creating package descriptor '/home/agilex/agilex_ws/install/navigation2/share/navigation2/package.dsv'
[5.780s] INFO:colcon.colcon_core.shell:Creating package script '/home/agilex/agilex_ws/install/navigation2/share/navigation2/package.sh'
[5.781s] INFO:colcon.colcon_core.shell:Creating package script '/home/agilex/agilex_ws/install/navigation2/share/navigation2/package.bash'
[5.781s] INFO:colcon.colcon_core.shell:Creating package script '/home/agilex/agilex_ws/install/navigation2/share/navigation2/package.zsh'
[5.781s] Level 1:colcon.colcon_core.environment:create_file_with_runtime_dependencies(/home/agilex/agilex_ws/install/navigation2/share/colcon-core/packages/navigation2)
[5.781s] INFO:colcon.colcon_ros.task.ament_cmake.build:Building ROS package in '/home/agilex/agilex_ws/src/navigation2/nav2_bringup' with build type 'ament_cmake'
[5.781s] INFO:colcon.colcon_cmake.task.cmake.build:Building CMake package in '/home/agilex/agilex_ws/src/navigation2/nav2_bringup'
[5.785s] INFO:colcon.colcon_core.shell:Skip shell extension 'powershell' for command environment: Not usable outside of PowerShell
[5.785s] DEBUG:colcon.colcon_core.shell:Skip shell extension 'dsv' for command environment
[5.887s] DEBUG:colcon.colcon_core.event_handler.log_command:Invoking command in '/home/agilex/agilex_ws/build/nav2_bringup': AMENT_PREFIX_PATH=/home/agilex/agilex_ws/install/navigation2:/home/agilex/agilex_ws/install/nav2_dwb_controller:/home/agilex/agilex_ws/install/nav2_rotation_shim_controller:/home/agilex/agilex_ws/install/dwb_plugins:/home/agilex/agilex_ws/install/dwb_critics:/home/agilex/agilex_ws/install/nav2_waypoint_follower:/home/agilex/agilex_ws/install/nav2_theta_star_planner:/home/agilex/agilex_ws/install/nav2_smoother:/home/agilex/agilex_ws/install/nav2_smac_planner:/home/agilex/agilex_ws/install/nav2_regulated_pure_pursuit_controller:/home/agilex/agilex_ws/install/nav2_planner:/home/agilex/agilex_ws/install/nav2_navfn_planner:/home/agilex/agilex_ws/install/nav2_controller:/home/agilex/agilex_ws/install/nav2_bt_navigator:/home/agilex/agilex_ws/install/nav2_behaviors:/home/agilex/agilex_ws/install/dwb_core:/home/agilex/agilex_ws/install/nav2_core:/home/agilex/agilex_ws/install/costmap_queue:/home/agilex/agilex_ws/install/nav2_rviz_plugins:/home/agilex/agilex_ws/install/nav2_costmap_2d:/home/agilex/agilex_ws/install/nav_2d_utils:/home/agilex/agilex_ws/install/nav2_map_server:/home/agilex/agilex_ws/install/nav2_lifecycle_manager:/home/agilex/agilex_ws/install/nav2_behavior_tree:/home/agilex/agilex_ws/install/nav2_amcl:/home/agilex/agilex_ws/install/nav2_util:/home/agilex/agilex_ws/install/nav2_simple_commander:/home/agilex/agilex_ws/install/nav2_voxel_grid:/home/agilex/agilex_ws/install/nav2_msgs:/home/agilex/agilex_ws/install/dwb_msgs:/home/agilex/agilex_ws/install/nav_2d_msgs:/home/agilex/agilex_ws/install/nav2_common CMAKE_PREFIX_PATH=/home/agilex/agilex_ws/install/navigation2:/home/agilex/agilex_ws/install/nav2_dwb_controller:/home/agilex/agilex_ws/install/nav2_rotation_shim_controller:/home/agilex/agilex_ws/install/dwb_plugins:/home/agilex/agilex_ws/install/dwb_critics:/home/agilex/agilex_ws/install/nav2_waypoint_follower:/home/agilex/agilex_ws/install/nav2_theta_star_planner:/home/agilex/agilex_ws/install/nav2_smoother:/home/agilex/agilex_ws/install/nav2_smac_planner:/home/agilex/agilex_ws/install/nav2_regulated_pure_pursuit_controller:/home/agilex/agilex_ws/install/nav2_planner:/home/agilex/agilex_ws/install/nav2_navfn_planner:/home/agilex/agilex_ws/install/nav2_controller:/home/agilex/agilex_ws/install/nav2_bt_navigator:/home/agilex/agilex_ws/install/nav2_behaviors:/home/agilex/agilex_ws/install/dwb_core:/home/agilex/agilex_ws/install/nav2_core:/home/agilex/agilex_ws/install/costmap_queue:/home/agilex/agilex_ws/install/nav2_rviz_plugins:/home/agilex/agilex_ws/install/nav2_costmap_2d:/home/agilex/agilex_ws/install/nav_2d_utils:/home/agilex/agilex_ws/install/nav2_map_server:/home/agilex/agilex_ws/install/nav2_lifecycle_manager:/home/agilex/agilex_ws/install/nav2_behavior_tree:/home/agilex/agilex_ws/install/nav2_amcl:/home/agilex/agilex_ws/install/nav2_util:/home/agilex/agilex_ws/install/nav2_voxel_grid:/home/agilex/agilex_ws/install/nav2_msgs:/home/agilex/agilex_ws/install/dwb_msgs:/home/agilex/agilex_ws/install/nav_2d_msgs:/home/agilex/agilex_ws/install/nav2_common LD_LIBRARY_PATH=/home/agilex/agilex_ws/install/nav2_rotation_shim_controller/lib:/home/agilex/agilex_ws/install/dwb_plugins/lib:/home/agilex/agilex_ws/install/dwb_critics/lib:/home/agilex/agilex_ws/install/nav2_waypoint_follower/lib:/home/agilex/agilex_ws/install/nav2_theta_star_planner/lib:/home/agilex/agilex_ws/install/nav2_smoother/lib:/home/agilex/agilex_ws/install/nav2_smac_planner/lib:/home/agilex/agilex_ws/install/nav2_regulated_pure_pursuit_controller/lib:/home/agilex/agilex_ws/install/nav2_planner/lib:/home/agilex/agilex_ws/install/nav2_navfn_planner/lib:/home/agilex/agilex_ws/install/nav2_controller/lib:/home/agilex/agilex_ws/install/nav2_bt_navigator/lib:/home/agilex/agilex_ws/install/nav2_behaviors/lib:/home/agilex/agilex_ws/install/dwb_core/lib:/home/agilex/agilex_ws/install/costmap_queue/lib:/home/agilex/agilex_ws/install/nav2_rviz_plugins/lib:/home/agilex/agilex_ws/install/nav2_costmap_2d/lib:/home/agilex/agilex_ws/install/nav_2d_utils/lib:/home/agilex/agilex_ws/install/nav2_map_server/lib:/home/agilex/agilex_ws/install/nav2_lifecycle_manager/lib:/home/agilex/agilex_ws/install/nav2_behavior_tree/lib:/home/agilex/agilex_ws/install/nav2_amcl/lib:/home/agilex/agilex_ws/install/nav2_util/lib:/home/agilex/agilex_ws/install/nav2_voxel_grid/lib:/home/agilex/agilex_ws/install/nav2_msgs/lib:/home/agilex/agilex_ws/install/dwb_msgs/lib:/home/agilex/agilex_ws/install/nav_2d_msgs/lib PYTHONPATH=/home/agilex/agilex_ws/install/nav2_simple_commander/lib/python3.10/site-packages:/home/agilex/agilex_ws/install/nav2_msgs/local/lib/python3.10/dist-packages:/home/agilex/agilex_ws/install/dwb_msgs/local/lib/python3.10/dist-packages:/home/agilex/agilex_ws/install/nav_2d_msgs/local/lib/python3.10/dist-packages:/home/agilex/agilex_ws/install/nav2_common/local/lib/python3.10/dist-packages /usr/bin/cmake --build /home/agilex/agilex_ws/build/nav2_bringup -- -j16 -l16
[5.925s] DEBUG:colcon.colcon_core.event_handler.log_command:Invoked command in '/home/agilex/agilex_ws/build/nav2_bringup' returned '0': AMENT_PREFIX_PATH=/home/agilex/agilex_ws/install/navigation2:/home/agilex/agilex_ws/install/nav2_dwb_controller:/home/agilex/agilex_ws/install/nav2_rotation_shim_controller:/home/agilex/agilex_ws/install/dwb_plugins:/home/agilex/agilex_ws/install/dwb_critics:/home/agilex/agilex_ws/install/nav2_waypoint_follower:/home/agilex/agilex_ws/install/nav2_theta_star_planner:/home/agilex/agilex_ws/install/nav2_smoother:/home/agilex/agilex_ws/install/nav2_smac_planner:/home/agilex/agilex_ws/install/nav2_regulated_pure_pursuit_controller:/home/agilex/agilex_ws/install/nav2_planner:/home/agilex/agilex_ws/install/nav2_navfn_planner:/home/agilex/agilex_ws/install/nav2_controller:/home/agilex/agilex_ws/install/nav2_bt_navigator:/home/agilex/agilex_ws/install/nav2_behaviors:/home/agilex/agilex_ws/install/dwb_core:/home/agilex/agilex_ws/install/nav2_core:/home/agilex/agilex_ws/install/costmap_queue:/home/agilex/agilex_ws/install/nav2_rviz_plugins:/home/agilex/agilex_ws/install/nav2_costmap_2d:/home/agilex/agilex_ws/install/nav_2d_utils:/home/agilex/agilex_ws/install/nav2_map_server:/home/agilex/agilex_ws/install/nav2_lifecycle_manager:/home/agilex/agilex_ws/install/nav2_behavior_tree:/home/agilex/agilex_ws/install/nav2_amcl:/home/agilex/agilex_ws/install/nav2_util:/home/agilex/agilex_ws/install/nav2_simple_commander:/home/agilex/agilex_ws/install/nav2_voxel_grid:/home/agilex/agilex_ws/install/nav2_msgs:/home/agilex/agilex_ws/install/dwb_msgs:/home/agilex/agilex_ws/install/nav_2d_msgs:/home/agilex/agilex_ws/install/nav2_common CMAKE_PREFIX_PATH=/home/agilex/agilex_ws/install/navigation2:/home/agilex/agilex_ws/install/nav2_dwb_controller:/home/agilex/agilex_ws/install/nav2_rotation_shim_controller:/home/agilex/agilex_ws/install/dwb_plugins:/home/agilex/agilex_ws/install/dwb_critics:/home/agilex/agilex_ws/install/nav2_waypoint_follower:/home/agilex/agilex_ws/install/nav2_theta_star_planner:/home/agilex/agilex_ws/install/nav2_smoother:/home/agilex/agilex_ws/install/nav2_smac_planner:/home/agilex/agilex_ws/install/nav2_regulated_pure_pursuit_controller:/home/agilex/agilex_ws/install/nav2_planner:/home/agilex/agilex_ws/install/nav2_navfn_planner:/home/agilex/agilex_ws/install/nav2_controller:/home/agilex/agilex_ws/install/nav2_bt_navigator:/home/agilex/agilex_ws/install/nav2_behaviors:/home/agilex/agilex_ws/install/dwb_core:/home/agilex/agilex_ws/install/nav2_core:/home/agilex/agilex_ws/install/costmap_queue:/home/agilex/agilex_ws/install/nav2_rviz_plugins:/home/agilex/agilex_ws/install/nav2_costmap_2d:/home/agilex/agilex_ws/install/nav_2d_utils:/home/agilex/agilex_ws/install/nav2_map_server:/home/agilex/agilex_ws/install/nav2_lifecycle_manager:/home/agilex/agilex_ws/install/nav2_behavior_tree:/home/agilex/agilex_ws/install/nav2_amcl:/home/agilex/agilex_ws/install/nav2_util:/home/agilex/agilex_ws/install/nav2_voxel_grid:/home/agilex/agilex_ws/install/nav2_msgs:/home/agilex/agilex_ws/install/dwb_msgs:/home/agilex/agilex_ws/install/nav_2d_msgs:/home/agilex/agilex_ws/install/nav2_common LD_LIBRARY_PATH=/home/agilex/agilex_ws/install/nav2_rotation_shim_controller/lib:/home/agilex/agilex_ws/install/dwb_plugins/lib:/home/agilex/agilex_ws/install/dwb_critics/lib:/home/agilex/agilex_ws/install/nav2_waypoint_follower/lib:/home/agilex/agilex_ws/install/nav2_theta_star_planner/lib:/home/agilex/agilex_ws/install/nav2_smoother/lib:/home/agilex/agilex_ws/install/nav2_smac_planner/lib:/home/agilex/agilex_ws/install/nav2_regulated_pure_pursuit_controller/lib:/home/agilex/agilex_ws/install/nav2_planner/lib:/home/agilex/agilex_ws/install/nav2_navfn_planner/lib:/home/agilex/agilex_ws/install/nav2_controller/lib:/home/agilex/agilex_ws/install/nav2_bt_navigator/lib:/home/agilex/agilex_ws/install/nav2_behaviors/lib:/home/agilex/agilex_ws/install/dwb_core/lib:/home/agilex/agilex_ws/install/costmap_queue/lib:/home/agilex/agilex_ws/install/nav2_rviz_plugins/lib:/home/agilex/agilex_ws/install/nav2_costmap_2d/lib:/home/agilex/agilex_ws/install/nav_2d_utils/lib:/home/agilex/agilex_ws/install/nav2_map_server/lib:/home/agilex/agilex_ws/install/nav2_lifecycle_manager/lib:/home/agilex/agilex_ws/install/nav2_behavior_tree/lib:/home/agilex/agilex_ws/install/nav2_amcl/lib:/home/agilex/agilex_ws/install/nav2_util/lib:/home/agilex/agilex_ws/install/nav2_voxel_grid/lib:/home/agilex/agilex_ws/install/nav2_msgs/lib:/home/agilex/agilex_ws/install/dwb_msgs/lib:/home/agilex/agilex_ws/install/nav_2d_msgs/lib PYTHONPATH=/home/agilex/agilex_ws/install/nav2_simple_commander/lib/python3.10/site-packages:/home/agilex/agilex_ws/install/nav2_msgs/local/lib/python3.10/dist-packages:/home/agilex/agilex_ws/install/dwb_msgs/local/lib/python3.10/dist-packages:/home/agilex/agilex_ws/install/nav_2d_msgs/local/lib/python3.10/dist-packages:/home/agilex/agilex_ws/install/nav2_common/local/lib/python3.10/dist-packages /usr/bin/cmake --build /home/agilex/agilex_ws/build/nav2_bringup -- -j16 -l16
[5.940s] DEBUG:colcon.colcon_core.event_handler.log_command:Invoking command in '/home/agilex/agilex_ws/build/nav2_bringup': AMENT_PREFIX_PATH=/home/agilex/agilex_ws/install/navigation2:/home/agilex/agilex_ws/install/nav2_dwb_controller:/home/agilex/agilex_ws/install/nav2_rotation_shim_controller:/home/agilex/agilex_ws/install/dwb_plugins:/home/agilex/agilex_ws/install/dwb_critics:/home/agilex/agilex_ws/install/nav2_waypoint_follower:/home/agilex/agilex_ws/install/nav2_theta_star_planner:/home/agilex/agilex_ws/install/nav2_smoother:/home/agilex/agilex_ws/install/nav2_smac_planner:/home/agilex/agilex_ws/install/nav2_regulated_pure_pursuit_controller:/home/agilex/agilex_ws/install/nav2_planner:/home/agilex/agilex_ws/install/nav2_navfn_planner:/home/agilex/agilex_ws/install/nav2_controller:/home/agilex/agilex_ws/install/nav2_bt_navigator:/home/agilex/agilex_ws/install/nav2_behaviors:/home/agilex/agilex_ws/install/dwb_core:/home/agilex/agilex_ws/install/nav2_core:/home/agilex/agilex_ws/install/costmap_queue:/home/agilex/agilex_ws/install/nav2_rviz_plugins:/home/agilex/agilex_ws/install/nav2_costmap_2d:/home/agilex/agilex_ws/install/nav_2d_utils:/home/agilex/agilex_ws/install/nav2_map_server:/home/agilex/agilex_ws/install/nav2_lifecycle_manager:/home/agilex/agilex_ws/install/nav2_behavior_tree:/home/agilex/agilex_ws/install/nav2_amcl:/home/agilex/agilex_ws/install/nav2_util:/home/agilex/agilex_ws/install/nav2_simple_commander:/home/agilex/agilex_ws/install/nav2_voxel_grid:/home/agilex/agilex_ws/install/nav2_msgs:/home/agilex/agilex_ws/install/dwb_msgs:/home/agilex/agilex_ws/install/nav_2d_msgs:/home/agilex/agilex_ws/install/nav2_common CMAKE_PREFIX_PATH=/home/agilex/agilex_ws/install/navigation2:/home/agilex/agilex_ws/install/nav2_dwb_controller:/home/agilex/agilex_ws/install/nav2_rotation_shim_controller:/home/agilex/agilex_ws/install/dwb_plugins:/home/agilex/agilex_ws/install/dwb_critics:/home/agilex/agilex_ws/install/nav2_waypoint_follower:/home/agilex/agilex_ws/install/nav2_theta_star_planner:/home/agilex/agilex_ws/install/nav2_smoother:/home/agilex/agilex_ws/install/nav2_smac_planner:/home/agilex/agilex_ws/install/nav2_regulated_pure_pursuit_controller:/home/agilex/agilex_ws/install/nav2_planner:/home/agilex/agilex_ws/install/nav2_navfn_planner:/home/agilex/agilex_ws/install/nav2_controller:/home/agilex/agilex_ws/install/nav2_bt_navigator:/home/agilex/agilex_ws/install/nav2_behaviors:/home/agilex/agilex_ws/install/dwb_core:/home/agilex/agilex_ws/install/nav2_core:/home/agilex/agilex_ws/install/costmap_queue:/home/agilex/agilex_ws/install/nav2_rviz_plugins:/home/agilex/agilex_ws/install/nav2_costmap_2d:/home/agilex/agilex_ws/install/nav_2d_utils:/home/agilex/agilex_ws/install/nav2_map_server:/home/agilex/agilex_ws/install/nav2_lifecycle_manager:/home/agilex/agilex_ws/install/nav2_behavior_tree:/home/agilex/agilex_ws/install/nav2_amcl:/home/agilex/agilex_ws/install/nav2_util:/home/agilex/agilex_ws/install/nav2_voxel_grid:/home/agilex/agilex_ws/install/nav2_msgs:/home/agilex/agilex_ws/install/dwb_msgs:/home/agilex/agilex_ws/install/nav_2d_msgs:/home/agilex/agilex_ws/install/nav2_common LD_LIBRARY_PATH=/home/agilex/agilex_ws/install/nav2_rotation_shim_controller/lib:/home/agilex/agilex_ws/install/dwb_plugins/lib:/home/agilex/agilex_ws/install/dwb_critics/lib:/home/agilex/agilex_ws/install/nav2_waypoint_follower/lib:/home/agilex/agilex_ws/install/nav2_theta_star_planner/lib:/home/agilex/agilex_ws/install/nav2_smoother/lib:/home/agilex/agilex_ws/install/nav2_smac_planner/lib:/home/agilex/agilex_ws/install/nav2_regulated_pure_pursuit_controller/lib:/home/agilex/agilex_ws/install/nav2_planner/lib:/home/agilex/agilex_ws/install/nav2_navfn_planner/lib:/home/agilex/agilex_ws/install/nav2_controller/lib:/home/agilex/agilex_ws/install/nav2_bt_navigator/lib:/home/agilex/agilex_ws/install/nav2_behaviors/lib:/home/agilex/agilex_ws/install/dwb_core/lib:/home/agilex/agilex_ws/install/costmap_queue/lib:/home/agilex/agilex_ws/install/nav2_rviz_plugins/lib:/home/agilex/agilex_ws/install/nav2_costmap_2d/lib:/home/agilex/agilex_ws/install/nav_2d_utils/lib:/home/agilex/agilex_ws/install/nav2_map_server/lib:/home/agilex/agilex_ws/install/nav2_lifecycle_manager/lib:/home/agilex/agilex_ws/install/nav2_behavior_tree/lib:/home/agilex/agilex_ws/install/nav2_amcl/lib:/home/agilex/agilex_ws/install/nav2_util/lib:/home/agilex/agilex_ws/install/nav2_voxel_grid/lib:/home/agilex/agilex_ws/install/nav2_msgs/lib:/home/agilex/agilex_ws/install/dwb_msgs/lib:/home/agilex/agilex_ws/install/nav_2d_msgs/lib PYTHONPATH=/home/agilex/agilex_ws/install/nav2_simple_commander/lib/python3.10/site-packages:/home/agilex/agilex_ws/install/nav2_msgs/local/lib/python3.10/dist-packages:/home/agilex/agilex_ws/install/dwb_msgs/local/lib/python3.10/dist-packages:/home/agilex/agilex_ws/install/nav_2d_msgs/local/lib/python3.10/dist-packages:/home/agilex/agilex_ws/install/nav2_common/local/lib/python3.10/dist-packages /usr/bin/cmake --install /home/agilex/agilex_ws/build/nav2_bringup
[5.949s] Level 1:colcon.colcon_core.environment:create_environment_scripts_only(nav2_bringup)
[5.949s] DEBUG:colcon.colcon_core.event_handler.log_command:Invoked command in '/home/agilex/agilex_ws/build/nav2_bringup' returned '0': AMENT_PREFIX_PATH=/home/agilex/agilex_ws/install/navigation2:/home/agilex/agilex_ws/install/nav2_dwb_controller:/home/agilex/agilex_ws/install/nav2_rotation_shim_controller:/home/agilex/agilex_ws/install/dwb_plugins:/home/agilex/agilex_ws/install/dwb_critics:/home/agilex/agilex_ws/install/nav2_waypoint_follower:/home/agilex/agilex_ws/install/nav2_theta_star_planner:/home/agilex/agilex_ws/install/nav2_smoother:/home/agilex/agilex_ws/install/nav2_smac_planner:/home/agilex/agilex_ws/install/nav2_regulated_pure_pursuit_controller:/home/agilex/agilex_ws/install/nav2_planner:/home/agilex/agilex_ws/install/nav2_navfn_planner:/home/agilex/agilex_ws/install/nav2_controller:/home/agilex/agilex_ws/install/nav2_bt_navigator:/home/agilex/agilex_ws/install/nav2_behaviors:/home/agilex/agilex_ws/install/dwb_core:/home/agilex/agilex_ws/install/nav2_core:/home/agilex/agilex_ws/install/costmap_queue:/home/agilex/agilex_ws/install/nav2_rviz_plugins:/home/agilex/agilex_ws/install/nav2_costmap_2d:/home/agilex/agilex_ws/install/nav_2d_utils:/home/agilex/agilex_ws/install/nav2_map_server:/home/agilex/agilex_ws/install/nav2_lifecycle_manager:/home/agilex/agilex_ws/install/nav2_behavior_tree:/home/agilex/agilex_ws/install/nav2_amcl:/home/agilex/agilex_ws/install/nav2_util:/home/agilex/agilex_ws/install/nav2_simple_commander:/home/agilex/agilex_ws/install/nav2_voxel_grid:/home/agilex/agilex_ws/install/nav2_msgs:/home/agilex/agilex_ws/install/dwb_msgs:/home/agilex/agilex_ws/install/nav_2d_msgs:/home/agilex/agilex_ws/install/nav2_common CMAKE_PREFIX_PATH=/home/agilex/agilex_ws/install/navigation2:/home/agilex/agilex_ws/install/nav2_dwb_controller:/home/agilex/agilex_ws/install/nav2_rotation_shim_controller:/home/agilex/agilex_ws/install/dwb_plugins:/home/agilex/agilex_ws/install/dwb_critics:/home/agilex/agilex_ws/install/nav2_waypoint_follower:/home/agilex/agilex_ws/install/nav2_theta_star_planner:/home/agilex/agilex_ws/install/nav2_smoother:/home/agilex/agilex_ws/install/nav2_smac_planner:/home/agilex/agilex_ws/install/nav2_regulated_pure_pursuit_controller:/home/agilex/agilex_ws/install/nav2_planner:/home/agilex/agilex_ws/install/nav2_navfn_planner:/home/agilex/agilex_ws/install/nav2_controller:/home/agilex/agilex_ws/install/nav2_bt_navigator:/home/agilex/agilex_ws/install/nav2_behaviors:/home/agilex/agilex_ws/install/dwb_core:/home/agilex/agilex_ws/install/nav2_core:/home/agilex/agilex_ws/install/costmap_queue:/home/agilex/agilex_ws/install/nav2_rviz_plugins:/home/agilex/agilex_ws/install/nav2_costmap_2d:/home/agilex/agilex_ws/install/nav_2d_utils:/home/agilex/agilex_ws/install/nav2_map_server:/home/agilex/agilex_ws/install/nav2_lifecycle_manager:/home/agilex/agilex_ws/install/nav2_behavior_tree:/home/agilex/agilex_ws/install/nav2_amcl:/home/agilex/agilex_ws/install/nav2_util:/home/agilex/agilex_ws/install/nav2_voxel_grid:/home/agilex/agilex_ws/install/nav2_msgs:/home/agilex/agilex_ws/install/dwb_msgs:/home/agilex/agilex_ws/install/nav_2d_msgs:/home/agilex/agilex_ws/install/nav2_common LD_LIBRARY_PATH=/home/agilex/agilex_ws/install/nav2_rotation_shim_controller/lib:/home/agilex/agilex_ws/install/dwb_plugins/lib:/home/agilex/agilex_ws/install/dwb_critics/lib:/home/agilex/agilex_ws/install/nav2_waypoint_follower/lib:/home/agilex/agilex_ws/install/nav2_theta_star_planner/lib:/home/agilex/agilex_ws/install/nav2_smoother/lib:/home/agilex/agilex_ws/install/nav2_smac_planner/lib:/home/agilex/agilex_ws/install/nav2_regulated_pure_pursuit_controller/lib:/home/agilex/agilex_ws/install/nav2_planner/lib:/home/agilex/agilex_ws/install/nav2_navfn_planner/lib:/home/agilex/agilex_ws/install/nav2_controller/lib:/home/agilex/agilex_ws/install/nav2_bt_navigator/lib:/home/agilex/agilex_ws/install/nav2_behaviors/lib:/home/agilex/agilex_ws/install/dwb_core/lib:/home/agilex/agilex_ws/install/costmap_queue/lib:/home/agilex/agilex_ws/install/nav2_rviz_plugins/lib:/home/agilex/agilex_ws/install/nav2_costmap_2d/lib:/home/agilex/agilex_ws/install/nav_2d_utils/lib:/home/agilex/agilex_ws/install/nav2_map_server/lib:/home/agilex/agilex_ws/install/nav2_lifecycle_manager/lib:/home/agilex/agilex_ws/install/nav2_behavior_tree/lib:/home/agilex/agilex_ws/install/nav2_amcl/lib:/home/agilex/agilex_ws/install/nav2_util/lib:/home/agilex/agilex_ws/install/nav2_voxel_grid/lib:/home/agilex/agilex_ws/install/nav2_msgs/lib:/home/agilex/agilex_ws/install/dwb_msgs/lib:/home/agilex/agilex_ws/install/nav_2d_msgs/lib PYTHONPATH=/home/agilex/agilex_ws/install/nav2_simple_commander/lib/python3.10/site-packages:/home/agilex/agilex_ws/install/nav2_msgs/local/lib/python3.10/dist-packages:/home/agilex/agilex_ws/install/dwb_msgs/local/lib/python3.10/dist-packages:/home/agilex/agilex_ws/install/nav_2d_msgs/local/lib/python3.10/dist-packages:/home/agilex/agilex_ws/install/nav2_common/local/lib/python3.10/dist-packages /usr/bin/cmake --install /home/agilex/agilex_ws/build/nav2_bringup
[5.953s] Level 1:colcon.colcon_core.environment:checking '/home/agilex/agilex_ws/install/nav2_bringup' for CMake module files
[5.953s] Level 1:colcon.colcon_core.environment:checking '/home/agilex/agilex_ws/install/nav2_bringup' for CMake config files
[5.953s] Level 1:colcon.colcon_core.shell:create_environment_hook('nav2_bringup', 'cmake_prefix_path')
[5.956s] INFO:colcon.colcon_core.shell:Creating environment hook '/home/agilex/agilex_ws/install/nav2_bringup/share/nav2_bringup/hook/cmake_prefix_path.ps1'
[5.956s] INFO:colcon.colcon_core.shell:Creating environment descriptor '/home/agilex/agilex_ws/install/nav2_bringup/share/nav2_bringup/hook/cmake_prefix_path.dsv'
[5.956s] INFO:colcon.colcon_core.shell:Creating environment hook '/home/agilex/agilex_ws/install/nav2_bringup/share/nav2_bringup/hook/cmake_prefix_path.sh'
[5.957s] Level 1:colcon.colcon_core.environment:checking '/home/agilex/agilex_ws/install/nav2_bringup/bin'
[5.957s] Level 1:colcon.colcon_core.environment:checking '/home/agilex/agilex_ws/install/nav2_bringup/lib/pkgconfig/nav2_bringup.pc'
[5.957s] Level 1:colcon.colcon_core.environment:checking '/home/agilex/agilex_ws/install/nav2_bringup/lib/python3.10/site-packages'
[5.957s] Level 1:colcon.colcon_core.environment:checking '/home/agilex/agilex_ws/install/nav2_bringup/bin'
[5.960s] INFO:colcon.colcon_core.shell:Creating package script '/home/agilex/agilex_ws/install/nav2_bringup/share/nav2_bringup/package.ps1'
[5.960s] INFO:colcon.colcon_core.shell:Creating package descriptor '/home/agilex/agilex_ws/install/nav2_bringup/share/nav2_bringup/package.dsv'
[5.960s] INFO:colcon.colcon_core.shell:Creating package script '/home/agilex/agilex_ws/install/nav2_bringup/share/nav2_bringup/package.sh'
[5.961s] INFO:colcon.colcon_core.shell:Creating package script '/home/agilex/agilex_ws/install/nav2_bringup/share/nav2_bringup/package.bash'
[5.961s] INFO:colcon.colcon_core.shell:Creating package script '/home/agilex/agilex_ws/install/nav2_bringup/share/nav2_bringup/package.zsh'
[5.961s] Level 1:colcon.colcon_core.environment:create_file_with_runtime_dependencies(/home/agilex/agilex_ws/install/nav2_bringup/share/colcon-core/packages/nav2_bringup)
[5.978s] Level 1:colcon.colcon_core.environment:create_environment_scripts_only(nav2_bringup)
[5.981s] Level 1:colcon.colcon_core.environment:checking '/home/agilex/agilex_ws/install/nav2_bringup' for CMake module files
[5.981s] Level 1:colcon.colcon_core.environment:checking '/home/agilex/agilex_ws/install/nav2_bringup' for CMake config files
[5.982s] Level 1:colcon.colcon_core.shell:create_environment_hook('nav2_bringup', 'cmake_prefix_path')
[5.985s] INFO:colcon.colcon_core.shell:Creating environment hook '/home/agilex/agilex_ws/install/nav2_bringup/share/nav2_bringup/hook/cmake_prefix_path.ps1'
[5.985s] INFO:colcon.colcon_core.shell:Creating environment descriptor '/home/agilex/agilex_ws/install/nav2_bringup/share/nav2_bringup/hook/cmake_prefix_path.dsv'
[5.985s] INFO:colcon.colcon_core.shell:Creating environment hook '/home/agilex/agilex_ws/install/nav2_bringup/share/nav2_bringup/hook/cmake_prefix_path.sh'
[5.985s] Level 1:colcon.colcon_core.environment:checking '/home/agilex/agilex_ws/install/nav2_bringup/bin'
[5.985s] Level 1:colcon.colcon_core.environment:checking '/home/agilex/agilex_ws/install/nav2_bringup/lib/pkgconfig/nav2_bringup.pc'
[5.985s] Level 1:colcon.colcon_core.environment:checking '/home/agilex/agilex_ws/install/nav2_bringup/lib/python3.10/site-packages'
[5.985s] Level 1:colcon.colcon_core.environment:checking '/home/agilex/agilex_ws/install/nav2_bringup/bin'
[5.989s] INFO:colcon.colcon_core.shell:Creating package script '/home/agilex/agilex_ws/install/nav2_bringup/share/nav2_bringup/package.ps1'
[5.989s] INFO:colcon.colcon_core.shell:Creating package descriptor '/home/agilex/agilex_ws/install/nav2_bringup/share/nav2_bringup/package.dsv'
[5.989s] INFO:colcon.colcon_core.shell:Creating package script '/home/agilex/agilex_ws/install/nav2_bringup/share/nav2_bringup/package.sh'
[5.990s] INFO:colcon.colcon_core.shell:Creating package script '/home/agilex/agilex_ws/install/nav2_bringup/share/nav2_bringup/package.bash'
[5.990s] INFO:colcon.colcon_core.shell:Creating package script '/home/agilex/agilex_ws/install/nav2_bringup/share/nav2_bringup/package.zsh'
[5.990s] Level 1:colcon.colcon_core.environment:create_file_with_runtime_dependencies(/home/agilex/agilex_ws/install/nav2_bringup/share/colcon-core/packages/nav2_bringup)
[5.990s] INFO:colcon.colcon_ros.task.ament_cmake.build:Building ROS package in '/home/agilex/agilex_ws/src/navigation2/nav2_system_tests' with build type 'ament_cmake'
[5.990s] INFO:colcon.colcon_cmake.task.cmake.build:Building CMake package in '/home/agilex/agilex_ws/src/navigation2/nav2_system_tests'
[5.994s] INFO:colcon.colcon_core.shell:Skip shell extension 'powershell' for command environment: Not usable outside of PowerShell
[5.994s] DEBUG:colcon.colcon_core.shell:Skip shell extension 'dsv' for command environment
[6.000s] INFO:colcon.colcon_ros.task.ament_cmake.build:Building ROS package in '/home/agilex/agilex_ws/src/teb_local_planner/teb_local_planner' with build type 'ament_cmake'
[6.000s] INFO:colcon.colcon_cmake.task.cmake.build:Building CMake package in '/home/agilex/agilex_ws/src/teb_local_planner/teb_local_planner'
[6.003s] INFO:colcon.colcon_core.shell:Skip shell extension 'powershell' for command environment: Not usable outside of PowerShell
[6.003s] DEBUG:colcon.colcon_core.shell:Skip shell extension 'dsv' for command environment
[6.059s] DEBUG:colcon.colcon_core.event_handler.log_command:Invoking command in '/home/agilex/agilex_ws/build/nav2_system_tests': AMENT_PREFIX_PATH=/home/agilex/agilex_ws/install/nav2_bringup:/home/agilex/agilex_ws/install/navigation2:/home/agilex/agilex_ws/install/nav2_dwb_controller:/home/agilex/agilex_ws/install/nav2_rotation_shim_controller:/home/agilex/agilex_ws/install/dwb_plugins:/home/agilex/agilex_ws/install/dwb_critics:/home/agilex/agilex_ws/install/nav2_waypoint_follower:/home/agilex/agilex_ws/install/nav2_theta_star_planner:/home/agilex/agilex_ws/install/nav2_smoother:/home/agilex/agilex_ws/install/nav2_smac_planner:/home/agilex/agilex_ws/install/nav2_regulated_pure_pursuit_controller:/home/agilex/agilex_ws/install/nav2_planner:/home/agilex/agilex_ws/install/nav2_navfn_planner:/home/agilex/agilex_ws/install/nav2_controller:/home/agilex/agilex_ws/install/nav2_bt_navigator:/home/agilex/agilex_ws/install/nav2_behaviors:/home/agilex/agilex_ws/install/dwb_core:/home/agilex/agilex_ws/install/nav2_core:/home/agilex/agilex_ws/install/costmap_queue:/home/agilex/agilex_ws/install/nav2_rviz_plugins:/home/agilex/agilex_ws/install/nav2_costmap_2d:/home/agilex/agilex_ws/install/nav_2d_utils:/home/agilex/agilex_ws/install/nav2_map_server:/home/agilex/agilex_ws/install/nav2_lifecycle_manager:/home/agilex/agilex_ws/install/nav2_behavior_tree:/home/agilex/agilex_ws/install/nav2_amcl:/home/agilex/agilex_ws/install/nav2_util:/home/agilex/agilex_ws/install/nav2_simple_commander:/home/agilex/agilex_ws/install/nav2_voxel_grid:/home/agilex/agilex_ws/install/nav2_msgs:/home/agilex/agilex_ws/install/dwb_msgs:/home/agilex/agilex_ws/install/nav_2d_msgs:/home/agilex/agilex_ws/install/nav2_common CMAKE_PREFIX_PATH=/home/agilex/agilex_ws/install/nav2_bringup:/home/agilex/agilex_ws/install/navigation2:/home/agilex/agilex_ws/install/nav2_dwb_controller:/home/agilex/agilex_ws/install/nav2_rotation_shim_controller:/home/agilex/agilex_ws/install/dwb_plugins:/home/agilex/agilex_ws/install/dwb_critics:/home/agilex/agilex_ws/install/nav2_waypoint_follower:/home/agilex/agilex_ws/install/nav2_theta_star_planner:/home/agilex/agilex_ws/install/nav2_smoother:/home/agilex/agilex_ws/install/nav2_smac_planner:/home/agilex/agilex_ws/install/nav2_regulated_pure_pursuit_controller:/home/agilex/agilex_ws/install/nav2_planner:/home/agilex/agilex_ws/install/nav2_navfn_planner:/home/agilex/agilex_ws/install/nav2_controller:/home/agilex/agilex_ws/install/nav2_bt_navigator:/home/agilex/agilex_ws/install/nav2_behaviors:/home/agilex/agilex_ws/install/dwb_core:/home/agilex/agilex_ws/install/nav2_core:/home/agilex/agilex_ws/install/costmap_queue:/home/agilex/agilex_ws/install/nav2_rviz_plugins:/home/agilex/agilex_ws/install/nav2_costmap_2d:/home/agilex/agilex_ws/install/nav_2d_utils:/home/agilex/agilex_ws/install/nav2_map_server:/home/agilex/agilex_ws/install/nav2_lifecycle_manager:/home/agilex/agilex_ws/install/nav2_behavior_tree:/home/agilex/agilex_ws/install/nav2_amcl:/home/agilex/agilex_ws/install/nav2_util:/home/agilex/agilex_ws/install/nav2_voxel_grid:/home/agilex/agilex_ws/install/nav2_msgs:/home/agilex/agilex_ws/install/dwb_msgs:/home/agilex/agilex_ws/install/nav_2d_msgs:/home/agilex/agilex_ws/install/nav2_common LD_LIBRARY_PATH=/home/agilex/agilex_ws/install/nav2_rotation_shim_controller/lib:/home/agilex/agilex_ws/install/dwb_plugins/lib:/home/agilex/agilex_ws/install/dwb_critics/lib:/home/agilex/agilex_ws/install/nav2_waypoint_follower/lib:/home/agilex/agilex_ws/install/nav2_theta_star_planner/lib:/home/agilex/agilex_ws/install/nav2_smoother/lib:/home/agilex/agilex_ws/install/nav2_smac_planner/lib:/home/agilex/agilex_ws/install/nav2_regulated_pure_pursuit_controller/lib:/home/agilex/agilex_ws/install/nav2_planner/lib:/home/agilex/agilex_ws/install/nav2_navfn_planner/lib:/home/agilex/agilex_ws/install/nav2_controller/lib:/home/agilex/agilex_ws/install/nav2_bt_navigator/lib:/home/agilex/agilex_ws/install/nav2_behaviors/lib:/home/agilex/agilex_ws/install/dwb_core/lib:/home/agilex/agilex_ws/install/costmap_queue/lib:/home/agilex/agilex_ws/install/nav2_rviz_plugins/lib:/home/agilex/agilex_ws/install/nav2_costmap_2d/lib:/home/agilex/agilex_ws/install/nav_2d_utils/lib:/home/agilex/agilex_ws/install/nav2_map_server/lib:/home/agilex/agilex_ws/install/nav2_lifecycle_manager/lib:/home/agilex/agilex_ws/install/nav2_behavior_tree/lib:/home/agilex/agilex_ws/install/nav2_amcl/lib:/home/agilex/agilex_ws/install/nav2_util/lib:/home/agilex/agilex_ws/install/nav2_voxel_grid/lib:/home/agilex/agilex_ws/install/nav2_msgs/lib:/home/agilex/agilex_ws/install/dwb_msgs/lib:/home/agilex/agilex_ws/install/nav_2d_msgs/lib PYTHONPATH=/home/agilex/agilex_ws/install/nav2_simple_commander/lib/python3.10/site-packages:/home/agilex/agilex_ws/install/nav2_msgs/local/lib/python3.10/dist-packages:/home/agilex/agilex_ws/install/dwb_msgs/local/lib/python3.10/dist-packages:/home/agilex/agilex_ws/install/nav_2d_msgs/local/lib/python3.10/dist-packages:/home/agilex/agilex_ws/install/nav2_common/local/lib/python3.10/dist-packages /usr/bin/cmake --build /home/agilex/agilex_ws/build/nav2_system_tests -- -j16 -l16
[6.072s] DEBUG:colcon.colcon_core.event_handler.log_command:Invoking command in '/home/agilex/agilex_ws/build/teb_local_planner': AMENT_PREFIX_PATH=/home/agilex/agilex_ws/install/nav2_bringup:/home/agilex/agilex_ws/install/navigation2:/home/agilex/agilex_ws/install/nav2_dwb_controller:/home/agilex/agilex_ws/install/nav2_rotation_shim_controller:/home/agilex/agilex_ws/install/dwb_plugins:/home/agilex/agilex_ws/install/dwb_critics:/home/agilex/agilex_ws/install/nav2_waypoint_follower:/home/agilex/agilex_ws/install/nav2_theta_star_planner:/home/agilex/agilex_ws/install/nav2_smoother:/home/agilex/agilex_ws/install/nav2_smac_planner:/home/agilex/agilex_ws/install/nav2_regulated_pure_pursuit_controller:/home/agilex/agilex_ws/install/nav2_planner:/home/agilex/agilex_ws/install/nav2_navfn_planner:/home/agilex/agilex_ws/install/nav2_controller:/home/agilex/agilex_ws/install/nav2_bt_navigator:/home/agilex/agilex_ws/install/nav2_behaviors:/home/agilex/agilex_ws/install/dwb_core:/home/agilex/agilex_ws/install/nav2_core:/home/agilex/agilex_ws/install/costmap_queue:/home/agilex/agilex_ws/install/costmap_converter:/home/agilex/agilex_ws/install/nav2_rviz_plugins:/home/agilex/agilex_ws/install/nav2_costmap_2d:/home/agilex/agilex_ws/install/nav_2d_utils:/home/agilex/agilex_ws/install/nav2_map_server:/home/agilex/agilex_ws/install/nav2_lifecycle_manager:/home/agilex/agilex_ws/install/nav2_behavior_tree:/home/agilex/agilex_ws/install/nav2_amcl:/home/agilex/agilex_ws/install/nav2_util:/home/agilex/agilex_ws/install/nav2_simple_commander:/home/agilex/agilex_ws/install/teb_msgs:/home/agilex/agilex_ws/install/nav2_voxel_grid:/home/agilex/agilex_ws/install/nav2_msgs:/home/agilex/agilex_ws/install/dwb_msgs:/home/agilex/agilex_ws/install/nav_2d_msgs:/home/agilex/agilex_ws/install/nav2_common:/home/agilex/agilex_ws/install/costmap_converter_msgs CMAKE_PREFIX_PATH=/home/agilex/agilex_ws/install/nav2_bringup:/home/agilex/agilex_ws/install/navigation2:/home/agilex/agilex_ws/install/nav2_dwb_controller:/home/agilex/agilex_ws/install/nav2_rotation_shim_controller:/home/agilex/agilex_ws/install/dwb_plugins:/home/agilex/agilex_ws/install/dwb_critics:/home/agilex/agilex_ws/install/nav2_waypoint_follower:/home/agilex/agilex_ws/install/nav2_theta_star_planner:/home/agilex/agilex_ws/install/nav2_smoother:/home/agilex/agilex_ws/install/nav2_smac_planner:/home/agilex/agilex_ws/install/nav2_regulated_pure_pursuit_controller:/home/agilex/agilex_ws/install/nav2_planner:/home/agilex/agilex_ws/install/nav2_navfn_planner:/home/agilex/agilex_ws/install/nav2_controller:/home/agilex/agilex_ws/install/nav2_bt_navigator:/home/agilex/agilex_ws/install/nav2_behaviors:/home/agilex/agilex_ws/install/dwb_core:/home/agilex/agilex_ws/install/nav2_core:/home/agilex/agilex_ws/install/costmap_queue:/home/agilex/agilex_ws/install/costmap_converter:/home/agilex/agilex_ws/install/nav2_rviz_plugins:/home/agilex/agilex_ws/install/nav2_costmap_2d:/home/agilex/agilex_ws/install/nav_2d_utils:/home/agilex/agilex_ws/install/nav2_map_server:/home/agilex/agilex_ws/install/nav2_lifecycle_manager:/home/agilex/agilex_ws/install/nav2_behavior_tree:/home/agilex/agilex_ws/install/nav2_amcl:/home/agilex/agilex_ws/install/nav2_util:/home/agilex/agilex_ws/install/teb_msgs:/home/agilex/agilex_ws/install/nav2_voxel_grid:/home/agilex/agilex_ws/install/nav2_msgs:/home/agilex/agilex_ws/install/dwb_msgs:/home/agilex/agilex_ws/install/nav_2d_msgs:/home/agilex/agilex_ws/install/nav2_common:/home/agilex/agilex_ws/install/costmap_converter_msgs LD_LIBRARY_PATH=/home/agilex/agilex_ws/install/nav2_rotation_shim_controller/lib:/home/agilex/agilex_ws/install/dwb_plugins/lib:/home/agilex/agilex_ws/install/dwb_critics/lib:/home/agilex/agilex_ws/install/nav2_waypoint_follower/lib:/home/agilex/agilex_ws/install/nav2_theta_star_planner/lib:/home/agilex/agilex_ws/install/nav2_smoother/lib:/home/agilex/agilex_ws/install/nav2_smac_planner/lib:/home/agilex/agilex_ws/install/nav2_regulated_pure_pursuit_controller/lib:/home/agilex/agilex_ws/install/nav2_planner/lib:/home/agilex/agilex_ws/install/nav2_navfn_planner/lib:/home/agilex/agilex_ws/install/nav2_controller/lib:/home/agilex/agilex_ws/install/nav2_bt_navigator/lib:/home/agilex/agilex_ws/install/nav2_behaviors/lib:/home/agilex/agilex_ws/install/dwb_core/lib:/home/agilex/agilex_ws/install/costmap_queue/lib:/home/agilex/agilex_ws/install/costmap_converter/lib:/home/agilex/agilex_ws/install/nav2_rviz_plugins/lib:/home/agilex/agilex_ws/install/nav2_costmap_2d/lib:/home/agilex/agilex_ws/install/nav_2d_utils/lib:/home/agilex/agilex_ws/install/nav2_map_server/lib:/home/agilex/agilex_ws/install/nav2_lifecycle_manager/lib:/home/agilex/agilex_ws/install/nav2_behavior_tree/lib:/home/agilex/agilex_ws/install/nav2_amcl/lib:/home/agilex/agilex_ws/install/nav2_util/lib:/home/agilex/agilex_ws/install/teb_msgs/lib:/home/agilex/agilex_ws/install/nav2_voxel_grid/lib:/home/agilex/agilex_ws/install/nav2_msgs/lib:/home/agilex/agilex_ws/install/dwb_msgs/lib:/home/agilex/agilex_ws/install/nav_2d_msgs/lib:/home/agilex/agilex_ws/install/costmap_converter_msgs/lib PATH=/home/agilex/agilex_ws/install/costmap_converter/bin:${PATH} PYTHONPATH=/home/agilex/agilex_ws/install/nav2_simple_commander/lib/python3.10/site-packages:/home/agilex/agilex_ws/install/teb_msgs/local/lib/python3.10/dist-packages:/home/agilex/agilex_ws/install/nav2_msgs/local/lib/python3.10/dist-packages:/home/agilex/agilex_ws/install/dwb_msgs/local/lib/python3.10/dist-packages:/home/agilex/agilex_ws/install/nav_2d_msgs/local/lib/python3.10/dist-packages:/home/agilex/agilex_ws/install/nav2_common/local/lib/python3.10/dist-packages:/home/agilex/agilex_ws/install/costmap_converter_msgs/local/lib/python3.10/dist-packages /usr/bin/cmake --build /home/agilex/agilex_ws/build/teb_local_planner -- -j16 -l16
[6.161s] DEBUG:colcon.colcon_core.event_handler.log_command:Invoked command in '/home/agilex/agilex_ws/build/nav2_system_tests' returned '0': AMENT_PREFIX_PATH=/home/agilex/agilex_ws/install/nav2_bringup:/home/agilex/agilex_ws/install/navigation2:/home/agilex/agilex_ws/install/nav2_dwb_controller:/home/agilex/agilex_ws/install/nav2_rotation_shim_controller:/home/agilex/agilex_ws/install/dwb_plugins:/home/agilex/agilex_ws/install/dwb_critics:/home/agilex/agilex_ws/install/nav2_waypoint_follower:/home/agilex/agilex_ws/install/nav2_theta_star_planner:/home/agilex/agilex_ws/install/nav2_smoother:/home/agilex/agilex_ws/install/nav2_smac_planner:/home/agilex/agilex_ws/install/nav2_regulated_pure_pursuit_controller:/home/agilex/agilex_ws/install/nav2_planner:/home/agilex/agilex_ws/install/nav2_navfn_planner:/home/agilex/agilex_ws/install/nav2_controller:/home/agilex/agilex_ws/install/nav2_bt_navigator:/home/agilex/agilex_ws/install/nav2_behaviors:/home/agilex/agilex_ws/install/dwb_core:/home/agilex/agilex_ws/install/nav2_core:/home/agilex/agilex_ws/install/costmap_queue:/home/agilex/agilex_ws/install/nav2_rviz_plugins:/home/agilex/agilex_ws/install/nav2_costmap_2d:/home/agilex/agilex_ws/install/nav_2d_utils:/home/agilex/agilex_ws/install/nav2_map_server:/home/agilex/agilex_ws/install/nav2_lifecycle_manager:/home/agilex/agilex_ws/install/nav2_behavior_tree:/home/agilex/agilex_ws/install/nav2_amcl:/home/agilex/agilex_ws/install/nav2_util:/home/agilex/agilex_ws/install/nav2_simple_commander:/home/agilex/agilex_ws/install/nav2_voxel_grid:/home/agilex/agilex_ws/install/nav2_msgs:/home/agilex/agilex_ws/install/dwb_msgs:/home/agilex/agilex_ws/install/nav_2d_msgs:/home/agilex/agilex_ws/install/nav2_common CMAKE_PREFIX_PATH=/home/agilex/agilex_ws/install/nav2_bringup:/home/agilex/agilex_ws/install/navigation2:/home/agilex/agilex_ws/install/nav2_dwb_controller:/home/agilex/agilex_ws/install/nav2_rotation_shim_controller:/home/agilex/agilex_ws/install/dwb_plugins:/home/agilex/agilex_ws/install/dwb_critics:/home/agilex/agilex_ws/install/nav2_waypoint_follower:/home/agilex/agilex_ws/install/nav2_theta_star_planner:/home/agilex/agilex_ws/install/nav2_smoother:/home/agilex/agilex_ws/install/nav2_smac_planner:/home/agilex/agilex_ws/install/nav2_regulated_pure_pursuit_controller:/home/agilex/agilex_ws/install/nav2_planner:/home/agilex/agilex_ws/install/nav2_navfn_planner:/home/agilex/agilex_ws/install/nav2_controller:/home/agilex/agilex_ws/install/nav2_bt_navigator:/home/agilex/agilex_ws/install/nav2_behaviors:/home/agilex/agilex_ws/install/dwb_core:/home/agilex/agilex_ws/install/nav2_core:/home/agilex/agilex_ws/install/costmap_queue:/home/agilex/agilex_ws/install/nav2_rviz_plugins:/home/agilex/agilex_ws/install/nav2_costmap_2d:/home/agilex/agilex_ws/install/nav_2d_utils:/home/agilex/agilex_ws/install/nav2_map_server:/home/agilex/agilex_ws/install/nav2_lifecycle_manager:/home/agilex/agilex_ws/install/nav2_behavior_tree:/home/agilex/agilex_ws/install/nav2_amcl:/home/agilex/agilex_ws/install/nav2_util:/home/agilex/agilex_ws/install/nav2_voxel_grid:/home/agilex/agilex_ws/install/nav2_msgs:/home/agilex/agilex_ws/install/dwb_msgs:/home/agilex/agilex_ws/install/nav_2d_msgs:/home/agilex/agilex_ws/install/nav2_common LD_LIBRARY_PATH=/home/agilex/agilex_ws/install/nav2_rotation_shim_controller/lib:/home/agilex/agilex_ws/install/dwb_plugins/lib:/home/agilex/agilex_ws/install/dwb_critics/lib:/home/agilex/agilex_ws/install/nav2_waypoint_follower/lib:/home/agilex/agilex_ws/install/nav2_theta_star_planner/lib:/home/agilex/agilex_ws/install/nav2_smoother/lib:/home/agilex/agilex_ws/install/nav2_smac_planner/lib:/home/agilex/agilex_ws/install/nav2_regulated_pure_pursuit_controller/lib:/home/agilex/agilex_ws/install/nav2_planner/lib:/home/agilex/agilex_ws/install/nav2_navfn_planner/lib:/home/agilex/agilex_ws/install/nav2_controller/lib:/home/agilex/agilex_ws/install/nav2_bt_navigator/lib:/home/agilex/agilex_ws/install/nav2_behaviors/lib:/home/agilex/agilex_ws/install/dwb_core/lib:/home/agilex/agilex_ws/install/costmap_queue/lib:/home/agilex/agilex_ws/install/nav2_rviz_plugins/lib:/home/agilex/agilex_ws/install/nav2_costmap_2d/lib:/home/agilex/agilex_ws/install/nav_2d_utils/lib:/home/agilex/agilex_ws/install/nav2_map_server/lib:/home/agilex/agilex_ws/install/nav2_lifecycle_manager/lib:/home/agilex/agilex_ws/install/nav2_behavior_tree/lib:/home/agilex/agilex_ws/install/nav2_amcl/lib:/home/agilex/agilex_ws/install/nav2_util/lib:/home/agilex/agilex_ws/install/nav2_voxel_grid/lib:/home/agilex/agilex_ws/install/nav2_msgs/lib:/home/agilex/agilex_ws/install/dwb_msgs/lib:/home/agilex/agilex_ws/install/nav_2d_msgs/lib PYTHONPATH=/home/agilex/agilex_ws/install/nav2_simple_commander/lib/python3.10/site-packages:/home/agilex/agilex_ws/install/nav2_msgs/local/lib/python3.10/dist-packages:/home/agilex/agilex_ws/install/dwb_msgs/local/lib/python3.10/dist-packages:/home/agilex/agilex_ws/install/nav_2d_msgs/local/lib/python3.10/dist-packages:/home/agilex/agilex_ws/install/nav2_common/local/lib/python3.10/dist-packages /usr/bin/cmake --build /home/agilex/agilex_ws/build/nav2_system_tests -- -j16 -l16
[6.168s] DEBUG:colcon.colcon_core.event_handler.log_command:Invoked command in '/home/agilex/agilex_ws/build/teb_local_planner' returned '0': AMENT_PREFIX_PATH=/home/agilex/agilex_ws/install/nav2_bringup:/home/agilex/agilex_ws/install/navigation2:/home/agilex/agilex_ws/install/nav2_dwb_controller:/home/agilex/agilex_ws/install/nav2_rotation_shim_controller:/home/agilex/agilex_ws/install/dwb_plugins:/home/agilex/agilex_ws/install/dwb_critics:/home/agilex/agilex_ws/install/nav2_waypoint_follower:/home/agilex/agilex_ws/install/nav2_theta_star_planner:/home/agilex/agilex_ws/install/nav2_smoother:/home/agilex/agilex_ws/install/nav2_smac_planner:/home/agilex/agilex_ws/install/nav2_regulated_pure_pursuit_controller:/home/agilex/agilex_ws/install/nav2_planner:/home/agilex/agilex_ws/install/nav2_navfn_planner:/home/agilex/agilex_ws/install/nav2_controller:/home/agilex/agilex_ws/install/nav2_bt_navigator:/home/agilex/agilex_ws/install/nav2_behaviors:/home/agilex/agilex_ws/install/dwb_core:/home/agilex/agilex_ws/install/nav2_core:/home/agilex/agilex_ws/install/costmap_queue:/home/agilex/agilex_ws/install/costmap_converter:/home/agilex/agilex_ws/install/nav2_rviz_plugins:/home/agilex/agilex_ws/install/nav2_costmap_2d:/home/agilex/agilex_ws/install/nav_2d_utils:/home/agilex/agilex_ws/install/nav2_map_server:/home/agilex/agilex_ws/install/nav2_lifecycle_manager:/home/agilex/agilex_ws/install/nav2_behavior_tree:/home/agilex/agilex_ws/install/nav2_amcl:/home/agilex/agilex_ws/install/nav2_util:/home/agilex/agilex_ws/install/nav2_simple_commander:/home/agilex/agilex_ws/install/teb_msgs:/home/agilex/agilex_ws/install/nav2_voxel_grid:/home/agilex/agilex_ws/install/nav2_msgs:/home/agilex/agilex_ws/install/dwb_msgs:/home/agilex/agilex_ws/install/nav_2d_msgs:/home/agilex/agilex_ws/install/nav2_common:/home/agilex/agilex_ws/install/costmap_converter_msgs CMAKE_PREFIX_PATH=/home/agilex/agilex_ws/install/nav2_bringup:/home/agilex/agilex_ws/install/navigation2:/home/agilex/agilex_ws/install/nav2_dwb_controller:/home/agilex/agilex_ws/install/nav2_rotation_shim_controller:/home/agilex/agilex_ws/install/dwb_plugins:/home/agilex/agilex_ws/install/dwb_critics:/home/agilex/agilex_ws/install/nav2_waypoint_follower:/home/agilex/agilex_ws/install/nav2_theta_star_planner:/home/agilex/agilex_ws/install/nav2_smoother:/home/agilex/agilex_ws/install/nav2_smac_planner:/home/agilex/agilex_ws/install/nav2_regulated_pure_pursuit_controller:/home/agilex/agilex_ws/install/nav2_planner:/home/agilex/agilex_ws/install/nav2_navfn_planner:/home/agilex/agilex_ws/install/nav2_controller:/home/agilex/agilex_ws/install/nav2_bt_navigator:/home/agilex/agilex_ws/install/nav2_behaviors:/home/agilex/agilex_ws/install/dwb_core:/home/agilex/agilex_ws/install/nav2_core:/home/agilex/agilex_ws/install/costmap_queue:/home/agilex/agilex_ws/install/costmap_converter:/home/agilex/agilex_ws/install/nav2_rviz_plugins:/home/agilex/agilex_ws/install/nav2_costmap_2d:/home/agilex/agilex_ws/install/nav_2d_utils:/home/agilex/agilex_ws/install/nav2_map_server:/home/agilex/agilex_ws/install/nav2_lifecycle_manager:/home/agilex/agilex_ws/install/nav2_behavior_tree:/home/agilex/agilex_ws/install/nav2_amcl:/home/agilex/agilex_ws/install/nav2_util:/home/agilex/agilex_ws/install/teb_msgs:/home/agilex/agilex_ws/install/nav2_voxel_grid:/home/agilex/agilex_ws/install/nav2_msgs:/home/agilex/agilex_ws/install/dwb_msgs:/home/agilex/agilex_ws/install/nav_2d_msgs:/home/agilex/agilex_ws/install/nav2_common:/home/agilex/agilex_ws/install/costmap_converter_msgs LD_LIBRARY_PATH=/home/agilex/agilex_ws/install/nav2_rotation_shim_controller/lib:/home/agilex/agilex_ws/install/dwb_plugins/lib:/home/agilex/agilex_ws/install/dwb_critics/lib:/home/agilex/agilex_ws/install/nav2_waypoint_follower/lib:/home/agilex/agilex_ws/install/nav2_theta_star_planner/lib:/home/agilex/agilex_ws/install/nav2_smoother/lib:/home/agilex/agilex_ws/install/nav2_smac_planner/lib:/home/agilex/agilex_ws/install/nav2_regulated_pure_pursuit_controller/lib:/home/agilex/agilex_ws/install/nav2_planner/lib:/home/agilex/agilex_ws/install/nav2_navfn_planner/lib:/home/agilex/agilex_ws/install/nav2_controller/lib:/home/agilex/agilex_ws/install/nav2_bt_navigator/lib:/home/agilex/agilex_ws/install/nav2_behaviors/lib:/home/agilex/agilex_ws/install/dwb_core/lib:/home/agilex/agilex_ws/install/costmap_queue/lib:/home/agilex/agilex_ws/install/costmap_converter/lib:/home/agilex/agilex_ws/install/nav2_rviz_plugins/lib:/home/agilex/agilex_ws/install/nav2_costmap_2d/lib:/home/agilex/agilex_ws/install/nav_2d_utils/lib:/home/agilex/agilex_ws/install/nav2_map_server/lib:/home/agilex/agilex_ws/install/nav2_lifecycle_manager/lib:/home/agilex/agilex_ws/install/nav2_behavior_tree/lib:/home/agilex/agilex_ws/install/nav2_amcl/lib:/home/agilex/agilex_ws/install/nav2_util/lib:/home/agilex/agilex_ws/install/teb_msgs/lib:/home/agilex/agilex_ws/install/nav2_voxel_grid/lib:/home/agilex/agilex_ws/install/nav2_msgs/lib:/home/agilex/agilex_ws/install/dwb_msgs/lib:/home/agilex/agilex_ws/install/nav_2d_msgs/lib:/home/agilex/agilex_ws/install/costmap_converter_msgs/lib PATH=/home/agilex/agilex_ws/install/costmap_converter/bin:${PATH} PYTHONPATH=/home/agilex/agilex_ws/install/nav2_simple_commander/lib/python3.10/site-packages:/home/agilex/agilex_ws/install/teb_msgs/local/lib/python3.10/dist-packages:/home/agilex/agilex_ws/install/nav2_msgs/local/lib/python3.10/dist-packages:/home/agilex/agilex_ws/install/dwb_msgs/local/lib/python3.10/dist-packages:/home/agilex/agilex_ws/install/nav_2d_msgs/local/lib/python3.10/dist-packages:/home/agilex/agilex_ws/install/nav2_common/local/lib/python3.10/dist-packages:/home/agilex/agilex_ws/install/costmap_converter_msgs/local/lib/python3.10/dist-packages /usr/bin/cmake --build /home/agilex/agilex_ws/build/teb_local_planner -- -j16 -l16
[6.182s] DEBUG:colcon.colcon_core.event_handler.log_command:Invoking command in '/home/agilex/agilex_ws/build/nav2_system_tests': AMENT_PREFIX_PATH=/home/agilex/agilex_ws/install/nav2_bringup:/home/agilex/agilex_ws/install/navigation2:/home/agilex/agilex_ws/install/nav2_dwb_controller:/home/agilex/agilex_ws/install/nav2_rotation_shim_controller:/home/agilex/agilex_ws/install/dwb_plugins:/home/agilex/agilex_ws/install/dwb_critics:/home/agilex/agilex_ws/install/nav2_waypoint_follower:/home/agilex/agilex_ws/install/nav2_theta_star_planner:/home/agilex/agilex_ws/install/nav2_smoother:/home/agilex/agilex_ws/install/nav2_smac_planner:/home/agilex/agilex_ws/install/nav2_regulated_pure_pursuit_controller:/home/agilex/agilex_ws/install/nav2_planner:/home/agilex/agilex_ws/install/nav2_navfn_planner:/home/agilex/agilex_ws/install/nav2_controller:/home/agilex/agilex_ws/install/nav2_bt_navigator:/home/agilex/agilex_ws/install/nav2_behaviors:/home/agilex/agilex_ws/install/dwb_core:/home/agilex/agilex_ws/install/nav2_core:/home/agilex/agilex_ws/install/costmap_queue:/home/agilex/agilex_ws/install/nav2_rviz_plugins:/home/agilex/agilex_ws/install/nav2_costmap_2d:/home/agilex/agilex_ws/install/nav_2d_utils:/home/agilex/agilex_ws/install/nav2_map_server:/home/agilex/agilex_ws/install/nav2_lifecycle_manager:/home/agilex/agilex_ws/install/nav2_behavior_tree:/home/agilex/agilex_ws/install/nav2_amcl:/home/agilex/agilex_ws/install/nav2_util:/home/agilex/agilex_ws/install/nav2_simple_commander:/home/agilex/agilex_ws/install/nav2_voxel_grid:/home/agilex/agilex_ws/install/nav2_msgs:/home/agilex/agilex_ws/install/dwb_msgs:/home/agilex/agilex_ws/install/nav_2d_msgs:/home/agilex/agilex_ws/install/nav2_common CMAKE_PREFIX_PATH=/home/agilex/agilex_ws/install/nav2_bringup:/home/agilex/agilex_ws/install/navigation2:/home/agilex/agilex_ws/install/nav2_dwb_controller:/home/agilex/agilex_ws/install/nav2_rotation_shim_controller:/home/agilex/agilex_ws/install/dwb_plugins:/home/agilex/agilex_ws/install/dwb_critics:/home/agilex/agilex_ws/install/nav2_waypoint_follower:/home/agilex/agilex_ws/install/nav2_theta_star_planner:/home/agilex/agilex_ws/install/nav2_smoother:/home/agilex/agilex_ws/install/nav2_smac_planner:/home/agilex/agilex_ws/install/nav2_regulated_pure_pursuit_controller:/home/agilex/agilex_ws/install/nav2_planner:/home/agilex/agilex_ws/install/nav2_navfn_planner:/home/agilex/agilex_ws/install/nav2_controller:/home/agilex/agilex_ws/install/nav2_bt_navigator:/home/agilex/agilex_ws/install/nav2_behaviors:/home/agilex/agilex_ws/install/dwb_core:/home/agilex/agilex_ws/install/nav2_core:/home/agilex/agilex_ws/install/costmap_queue:/home/agilex/agilex_ws/install/nav2_rviz_plugins:/home/agilex/agilex_ws/install/nav2_costmap_2d:/home/agilex/agilex_ws/install/nav_2d_utils:/home/agilex/agilex_ws/install/nav2_map_server:/home/agilex/agilex_ws/install/nav2_lifecycle_manager:/home/agilex/agilex_ws/install/nav2_behavior_tree:/home/agilex/agilex_ws/install/nav2_amcl:/home/agilex/agilex_ws/install/nav2_util:/home/agilex/agilex_ws/install/nav2_voxel_grid:/home/agilex/agilex_ws/install/nav2_msgs:/home/agilex/agilex_ws/install/dwb_msgs:/home/agilex/agilex_ws/install/nav_2d_msgs:/home/agilex/agilex_ws/install/nav2_common LD_LIBRARY_PATH=/home/agilex/agilex_ws/install/nav2_rotation_shim_controller/lib:/home/agilex/agilex_ws/install/dwb_plugins/lib:/home/agilex/agilex_ws/install/dwb_critics/lib:/home/agilex/agilex_ws/install/nav2_waypoint_follower/lib:/home/agilex/agilex_ws/install/nav2_theta_star_planner/lib:/home/agilex/agilex_ws/install/nav2_smoother/lib:/home/agilex/agilex_ws/install/nav2_smac_planner/lib:/home/agilex/agilex_ws/install/nav2_regulated_pure_pursuit_controller/lib:/home/agilex/agilex_ws/install/nav2_planner/lib:/home/agilex/agilex_ws/install/nav2_navfn_planner/lib:/home/agilex/agilex_ws/install/nav2_controller/lib:/home/agilex/agilex_ws/install/nav2_bt_navigator/lib:/home/agilex/agilex_ws/install/nav2_behaviors/lib:/home/agilex/agilex_ws/install/dwb_core/lib:/home/agilex/agilex_ws/install/costmap_queue/lib:/home/agilex/agilex_ws/install/nav2_rviz_plugins/lib:/home/agilex/agilex_ws/install/nav2_costmap_2d/lib:/home/agilex/agilex_ws/install/nav_2d_utils/lib:/home/agilex/agilex_ws/install/nav2_map_server/lib:/home/agilex/agilex_ws/install/nav2_lifecycle_manager/lib:/home/agilex/agilex_ws/install/nav2_behavior_tree/lib:/home/agilex/agilex_ws/install/nav2_amcl/lib:/home/agilex/agilex_ws/install/nav2_util/lib:/home/agilex/agilex_ws/install/nav2_voxel_grid/lib:/home/agilex/agilex_ws/install/nav2_msgs/lib:/home/agilex/agilex_ws/install/dwb_msgs/lib:/home/agilex/agilex_ws/install/nav_2d_msgs/lib PYTHONPATH=/home/agilex/agilex_ws/install/nav2_simple_commander/lib/python3.10/site-packages:/home/agilex/agilex_ws/install/nav2_msgs/local/lib/python3.10/dist-packages:/home/agilex/agilex_ws/install/dwb_msgs/local/lib/python3.10/dist-packages:/home/agilex/agilex_ws/install/nav_2d_msgs/local/lib/python3.10/dist-packages:/home/agilex/agilex_ws/install/nav2_common/local/lib/python3.10/dist-packages /usr/bin/cmake --install /home/agilex/agilex_ws/build/nav2_system_tests
[6.191s] Level 1:colcon.colcon_core.environment:create_environment_scripts_only(nav2_system_tests)
[6.191s] DEBUG:colcon.colcon_core.event_handler.log_command:Invoked command in '/home/agilex/agilex_ws/build/nav2_system_tests' returned '0': AMENT_PREFIX_PATH=/home/agilex/agilex_ws/install/nav2_bringup:/home/agilex/agilex_ws/install/navigation2:/home/agilex/agilex_ws/install/nav2_dwb_controller:/home/agilex/agilex_ws/install/nav2_rotation_shim_controller:/home/agilex/agilex_ws/install/dwb_plugins:/home/agilex/agilex_ws/install/dwb_critics:/home/agilex/agilex_ws/install/nav2_waypoint_follower:/home/agilex/agilex_ws/install/nav2_theta_star_planner:/home/agilex/agilex_ws/install/nav2_smoother:/home/agilex/agilex_ws/install/nav2_smac_planner:/home/agilex/agilex_ws/install/nav2_regulated_pure_pursuit_controller:/home/agilex/agilex_ws/install/nav2_planner:/home/agilex/agilex_ws/install/nav2_navfn_planner:/home/agilex/agilex_ws/install/nav2_controller:/home/agilex/agilex_ws/install/nav2_bt_navigator:/home/agilex/agilex_ws/install/nav2_behaviors:/home/agilex/agilex_ws/install/dwb_core:/home/agilex/agilex_ws/install/nav2_core:/home/agilex/agilex_ws/install/costmap_queue:/home/agilex/agilex_ws/install/nav2_rviz_plugins:/home/agilex/agilex_ws/install/nav2_costmap_2d:/home/agilex/agilex_ws/install/nav_2d_utils:/home/agilex/agilex_ws/install/nav2_map_server:/home/agilex/agilex_ws/install/nav2_lifecycle_manager:/home/agilex/agilex_ws/install/nav2_behavior_tree:/home/agilex/agilex_ws/install/nav2_amcl:/home/agilex/agilex_ws/install/nav2_util:/home/agilex/agilex_ws/install/nav2_simple_commander:/home/agilex/agilex_ws/install/nav2_voxel_grid:/home/agilex/agilex_ws/install/nav2_msgs:/home/agilex/agilex_ws/install/dwb_msgs:/home/agilex/agilex_ws/install/nav_2d_msgs:/home/agilex/agilex_ws/install/nav2_common CMAKE_PREFIX_PATH=/home/agilex/agilex_ws/install/nav2_bringup:/home/agilex/agilex_ws/install/navigation2:/home/agilex/agilex_ws/install/nav2_dwb_controller:/home/agilex/agilex_ws/install/nav2_rotation_shim_controller:/home/agilex/agilex_ws/install/dwb_plugins:/home/agilex/agilex_ws/install/dwb_critics:/home/agilex/agilex_ws/install/nav2_waypoint_follower:/home/agilex/agilex_ws/install/nav2_theta_star_planner:/home/agilex/agilex_ws/install/nav2_smoother:/home/agilex/agilex_ws/install/nav2_smac_planner:/home/agilex/agilex_ws/install/nav2_regulated_pure_pursuit_controller:/home/agilex/agilex_ws/install/nav2_planner:/home/agilex/agilex_ws/install/nav2_navfn_planner:/home/agilex/agilex_ws/install/nav2_controller:/home/agilex/agilex_ws/install/nav2_bt_navigator:/home/agilex/agilex_ws/install/nav2_behaviors:/home/agilex/agilex_ws/install/dwb_core:/home/agilex/agilex_ws/install/nav2_core:/home/agilex/agilex_ws/install/costmap_queue:/home/agilex/agilex_ws/install/nav2_rviz_plugins:/home/agilex/agilex_ws/install/nav2_costmap_2d:/home/agilex/agilex_ws/install/nav_2d_utils:/home/agilex/agilex_ws/install/nav2_map_server:/home/agilex/agilex_ws/install/nav2_lifecycle_manager:/home/agilex/agilex_ws/install/nav2_behavior_tree:/home/agilex/agilex_ws/install/nav2_amcl:/home/agilex/agilex_ws/install/nav2_util:/home/agilex/agilex_ws/install/nav2_voxel_grid:/home/agilex/agilex_ws/install/nav2_msgs:/home/agilex/agilex_ws/install/dwb_msgs:/home/agilex/agilex_ws/install/nav_2d_msgs:/home/agilex/agilex_ws/install/nav2_common LD_LIBRARY_PATH=/home/agilex/agilex_ws/install/nav2_rotation_shim_controller/lib:/home/agilex/agilex_ws/install/dwb_plugins/lib:/home/agilex/agilex_ws/install/dwb_critics/lib:/home/agilex/agilex_ws/install/nav2_waypoint_follower/lib:/home/agilex/agilex_ws/install/nav2_theta_star_planner/lib:/home/agilex/agilex_ws/install/nav2_smoother/lib:/home/agilex/agilex_ws/install/nav2_smac_planner/lib:/home/agilex/agilex_ws/install/nav2_regulated_pure_pursuit_controller/lib:/home/agilex/agilex_ws/install/nav2_planner/lib:/home/agilex/agilex_ws/install/nav2_navfn_planner/lib:/home/agilex/agilex_ws/install/nav2_controller/lib:/home/agilex/agilex_ws/install/nav2_bt_navigator/lib:/home/agilex/agilex_ws/install/nav2_behaviors/lib:/home/agilex/agilex_ws/install/dwb_core/lib:/home/agilex/agilex_ws/install/costmap_queue/lib:/home/agilex/agilex_ws/install/nav2_rviz_plugins/lib:/home/agilex/agilex_ws/install/nav2_costmap_2d/lib:/home/agilex/agilex_ws/install/nav_2d_utils/lib:/home/agilex/agilex_ws/install/nav2_map_server/lib:/home/agilex/agilex_ws/install/nav2_lifecycle_manager/lib:/home/agilex/agilex_ws/install/nav2_behavior_tree/lib:/home/agilex/agilex_ws/install/nav2_amcl/lib:/home/agilex/agilex_ws/install/nav2_util/lib:/home/agilex/agilex_ws/install/nav2_voxel_grid/lib:/home/agilex/agilex_ws/install/nav2_msgs/lib:/home/agilex/agilex_ws/install/dwb_msgs/lib:/home/agilex/agilex_ws/install/nav_2d_msgs/lib PYTHONPATH=/home/agilex/agilex_ws/install/nav2_simple_commander/lib/python3.10/site-packages:/home/agilex/agilex_ws/install/nav2_msgs/local/lib/python3.10/dist-packages:/home/agilex/agilex_ws/install/dwb_msgs/local/lib/python3.10/dist-packages:/home/agilex/agilex_ws/install/nav_2d_msgs/local/lib/python3.10/dist-packages:/home/agilex/agilex_ws/install/nav2_common/local/lib/python3.10/dist-packages /usr/bin/cmake --install /home/agilex/agilex_ws/build/nav2_system_tests
[6.198s] Level 1:colcon.colcon_core.environment:checking '/home/agilex/agilex_ws/install/nav2_system_tests' for CMake module files
[6.198s] Level 1:colcon.colcon_core.environment:checking '/home/agilex/agilex_ws/install/nav2_system_tests' for CMake config files
[6.198s] Level 1:colcon.colcon_core.shell:create_environment_hook('nav2_system_tests', 'cmake_prefix_path')
[6.202s] INFO:colcon.colcon_core.shell:Creating environment hook '/home/agilex/agilex_ws/install/nav2_system_tests/share/nav2_system_tests/hook/cmake_prefix_path.ps1'
[6.202s] INFO:colcon.colcon_core.shell:Creating environment descriptor '/home/agilex/agilex_ws/install/nav2_system_tests/share/nav2_system_tests/hook/cmake_prefix_path.dsv'
[6.202s] INFO:colcon.colcon_core.shell:Creating environment hook '/home/agilex/agilex_ws/install/nav2_system_tests/share/nav2_system_tests/hook/cmake_prefix_path.sh'
[6.202s] Level 1:colcon.colcon_core.environment:checking '/home/agilex/agilex_ws/install/nav2_system_tests/lib'
[6.202s] Level 1:colcon.colcon_core.environment:checking '/home/agilex/agilex_ws/install/nav2_system_tests/bin'
[6.202s] Level 1:colcon.colcon_core.environment:checking '/home/agilex/agilex_ws/install/nav2_system_tests/lib/pkgconfig/nav2_system_tests.pc'
[6.203s] Level 1:colcon.colcon_core.environment:checking '/home/agilex/agilex_ws/install/nav2_system_tests/lib/python3.10/site-packages'
[6.203s] Level 1:colcon.colcon_core.environment:checking '/home/agilex/agilex_ws/install/nav2_system_tests/bin'
[6.206s] INFO:colcon.colcon_core.shell:Creating package script '/home/agilex/agilex_ws/install/nav2_system_tests/share/nav2_system_tests/package.ps1'
[6.207s] INFO:colcon.colcon_core.shell:Creating package descriptor '/home/agilex/agilex_ws/install/nav2_system_tests/share/nav2_system_tests/package.dsv'
[6.207s] INFO:colcon.colcon_core.shell:Creating package script '/home/agilex/agilex_ws/install/nav2_system_tests/share/nav2_system_tests/package.sh'
[6.207s] INFO:colcon.colcon_core.shell:Creating package script '/home/agilex/agilex_ws/install/nav2_system_tests/share/nav2_system_tests/package.bash'
[6.207s] INFO:colcon.colcon_core.shell:Creating package script '/home/agilex/agilex_ws/install/nav2_system_tests/share/nav2_system_tests/package.zsh'
[6.207s] Level 1:colcon.colcon_core.environment:create_file_with_runtime_dependencies(/home/agilex/agilex_ws/install/nav2_system_tests/share/colcon-core/packages/nav2_system_tests)
[6.209s] DEBUG:colcon.colcon_core.event_handler.log_command:Invoking command in '/home/agilex/agilex_ws/build/teb_local_planner': AMENT_PREFIX_PATH=/home/agilex/agilex_ws/install/nav2_bringup:/home/agilex/agilex_ws/install/navigation2:/home/agilex/agilex_ws/install/nav2_dwb_controller:/home/agilex/agilex_ws/install/nav2_rotation_shim_controller:/home/agilex/agilex_ws/install/dwb_plugins:/home/agilex/agilex_ws/install/dwb_critics:/home/agilex/agilex_ws/install/nav2_waypoint_follower:/home/agilex/agilex_ws/install/nav2_theta_star_planner:/home/agilex/agilex_ws/install/nav2_smoother:/home/agilex/agilex_ws/install/nav2_smac_planner:/home/agilex/agilex_ws/install/nav2_regulated_pure_pursuit_controller:/home/agilex/agilex_ws/install/nav2_planner:/home/agilex/agilex_ws/install/nav2_navfn_planner:/home/agilex/agilex_ws/install/nav2_controller:/home/agilex/agilex_ws/install/nav2_bt_navigator:/home/agilex/agilex_ws/install/nav2_behaviors:/home/agilex/agilex_ws/install/dwb_core:/home/agilex/agilex_ws/install/nav2_core:/home/agilex/agilex_ws/install/costmap_queue:/home/agilex/agilex_ws/install/costmap_converter:/home/agilex/agilex_ws/install/nav2_rviz_plugins:/home/agilex/agilex_ws/install/nav2_costmap_2d:/home/agilex/agilex_ws/install/nav_2d_utils:/home/agilex/agilex_ws/install/nav2_map_server:/home/agilex/agilex_ws/install/nav2_lifecycle_manager:/home/agilex/agilex_ws/install/nav2_behavior_tree:/home/agilex/agilex_ws/install/nav2_amcl:/home/agilex/agilex_ws/install/nav2_util:/home/agilex/agilex_ws/install/nav2_simple_commander:/home/agilex/agilex_ws/install/teb_msgs:/home/agilex/agilex_ws/install/nav2_voxel_grid:/home/agilex/agilex_ws/install/nav2_msgs:/home/agilex/agilex_ws/install/dwb_msgs:/home/agilex/agilex_ws/install/nav_2d_msgs:/home/agilex/agilex_ws/install/nav2_common:/home/agilex/agilex_ws/install/costmap_converter_msgs CMAKE_PREFIX_PATH=/home/agilex/agilex_ws/install/nav2_bringup:/home/agilex/agilex_ws/install/navigation2:/home/agilex/agilex_ws/install/nav2_dwb_controller:/home/agilex/agilex_ws/install/nav2_rotation_shim_controller:/home/agilex/agilex_ws/install/dwb_plugins:/home/agilex/agilex_ws/install/dwb_critics:/home/agilex/agilex_ws/install/nav2_waypoint_follower:/home/agilex/agilex_ws/install/nav2_theta_star_planner:/home/agilex/agilex_ws/install/nav2_smoother:/home/agilex/agilex_ws/install/nav2_smac_planner:/home/agilex/agilex_ws/install/nav2_regulated_pure_pursuit_controller:/home/agilex/agilex_ws/install/nav2_planner:/home/agilex/agilex_ws/install/nav2_navfn_planner:/home/agilex/agilex_ws/install/nav2_controller:/home/agilex/agilex_ws/install/nav2_bt_navigator:/home/agilex/agilex_ws/install/nav2_behaviors:/home/agilex/agilex_ws/install/dwb_core:/home/agilex/agilex_ws/install/nav2_core:/home/agilex/agilex_ws/install/costmap_queue:/home/agilex/agilex_ws/install/costmap_converter:/home/agilex/agilex_ws/install/nav2_rviz_plugins:/home/agilex/agilex_ws/install/nav2_costmap_2d:/home/agilex/agilex_ws/install/nav_2d_utils:/home/agilex/agilex_ws/install/nav2_map_server:/home/agilex/agilex_ws/install/nav2_lifecycle_manager:/home/agilex/agilex_ws/install/nav2_behavior_tree:/home/agilex/agilex_ws/install/nav2_amcl:/home/agilex/agilex_ws/install/nav2_util:/home/agilex/agilex_ws/install/teb_msgs:/home/agilex/agilex_ws/install/nav2_voxel_grid:/home/agilex/agilex_ws/install/nav2_msgs:/home/agilex/agilex_ws/install/dwb_msgs:/home/agilex/agilex_ws/install/nav_2d_msgs:/home/agilex/agilex_ws/install/nav2_common:/home/agilex/agilex_ws/install/costmap_converter_msgs LD_LIBRARY_PATH=/home/agilex/agilex_ws/install/nav2_rotation_shim_controller/lib:/home/agilex/agilex_ws/install/dwb_plugins/lib:/home/agilex/agilex_ws/install/dwb_critics/lib:/home/agilex/agilex_ws/install/nav2_waypoint_follower/lib:/home/agilex/agilex_ws/install/nav2_theta_star_planner/lib:/home/agilex/agilex_ws/install/nav2_smoother/lib:/home/agilex/agilex_ws/install/nav2_smac_planner/lib:/home/agilex/agilex_ws/install/nav2_regulated_pure_pursuit_controller/lib:/home/agilex/agilex_ws/install/nav2_planner/lib:/home/agilex/agilex_ws/install/nav2_navfn_planner/lib:/home/agilex/agilex_ws/install/nav2_controller/lib:/home/agilex/agilex_ws/install/nav2_bt_navigator/lib:/home/agilex/agilex_ws/install/nav2_behaviors/lib:/home/agilex/agilex_ws/install/dwb_core/lib:/home/agilex/agilex_ws/install/costmap_queue/lib:/home/agilex/agilex_ws/install/costmap_converter/lib:/home/agilex/agilex_ws/install/nav2_rviz_plugins/lib:/home/agilex/agilex_ws/install/nav2_costmap_2d/lib:/home/agilex/agilex_ws/install/nav_2d_utils/lib:/home/agilex/agilex_ws/install/nav2_map_server/lib:/home/agilex/agilex_ws/install/nav2_lifecycle_manager/lib:/home/agilex/agilex_ws/install/nav2_behavior_tree/lib:/home/agilex/agilex_ws/install/nav2_amcl/lib:/home/agilex/agilex_ws/install/nav2_util/lib:/home/agilex/agilex_ws/install/teb_msgs/lib:/home/agilex/agilex_ws/install/nav2_voxel_grid/lib:/home/agilex/agilex_ws/install/nav2_msgs/lib:/home/agilex/agilex_ws/install/dwb_msgs/lib:/home/agilex/agilex_ws/install/nav_2d_msgs/lib:/home/agilex/agilex_ws/install/costmap_converter_msgs/lib PATH=/home/agilex/agilex_ws/install/costmap_converter/bin:${PATH} PYTHONPATH=/home/agilex/agilex_ws/install/nav2_simple_commander/lib/python3.10/site-packages:/home/agilex/agilex_ws/install/teb_msgs/local/lib/python3.10/dist-packages:/home/agilex/agilex_ws/install/nav2_msgs/local/lib/python3.10/dist-packages:/home/agilex/agilex_ws/install/dwb_msgs/local/lib/python3.10/dist-packages:/home/agilex/agilex_ws/install/nav_2d_msgs/local/lib/python3.10/dist-packages:/home/agilex/agilex_ws/install/nav2_common/local/lib/python3.10/dist-packages:/home/agilex/agilex_ws/install/costmap_converter_msgs/local/lib/python3.10/dist-packages /usr/bin/cmake --install /home/agilex/agilex_ws/build/teb_local_planner
[6.221s] Level 1:colcon.colcon_core.environment:create_environment_scripts_only(teb_local_planner)
[6.221s] DEBUG:colcon.colcon_core.event_handler.log_command:Invoked command in '/home/agilex/agilex_ws/build/teb_local_planner' returned '0': AMENT_PREFIX_PATH=/home/agilex/agilex_ws/install/nav2_bringup:/home/agilex/agilex_ws/install/navigation2:/home/agilex/agilex_ws/install/nav2_dwb_controller:/home/agilex/agilex_ws/install/nav2_rotation_shim_controller:/home/agilex/agilex_ws/install/dwb_plugins:/home/agilex/agilex_ws/install/dwb_critics:/home/agilex/agilex_ws/install/nav2_waypoint_follower:/home/agilex/agilex_ws/install/nav2_theta_star_planner:/home/agilex/agilex_ws/install/nav2_smoother:/home/agilex/agilex_ws/install/nav2_smac_planner:/home/agilex/agilex_ws/install/nav2_regulated_pure_pursuit_controller:/home/agilex/agilex_ws/install/nav2_planner:/home/agilex/agilex_ws/install/nav2_navfn_planner:/home/agilex/agilex_ws/install/nav2_controller:/home/agilex/agilex_ws/install/nav2_bt_navigator:/home/agilex/agilex_ws/install/nav2_behaviors:/home/agilex/agilex_ws/install/dwb_core:/home/agilex/agilex_ws/install/nav2_core:/home/agilex/agilex_ws/install/costmap_queue:/home/agilex/agilex_ws/install/costmap_converter:/home/agilex/agilex_ws/install/nav2_rviz_plugins:/home/agilex/agilex_ws/install/nav2_costmap_2d:/home/agilex/agilex_ws/install/nav_2d_utils:/home/agilex/agilex_ws/install/nav2_map_server:/home/agilex/agilex_ws/install/nav2_lifecycle_manager:/home/agilex/agilex_ws/install/nav2_behavior_tree:/home/agilex/agilex_ws/install/nav2_amcl:/home/agilex/agilex_ws/install/nav2_util:/home/agilex/agilex_ws/install/nav2_simple_commander:/home/agilex/agilex_ws/install/teb_msgs:/home/agilex/agilex_ws/install/nav2_voxel_grid:/home/agilex/agilex_ws/install/nav2_msgs:/home/agilex/agilex_ws/install/dwb_msgs:/home/agilex/agilex_ws/install/nav_2d_msgs:/home/agilex/agilex_ws/install/nav2_common:/home/agilex/agilex_ws/install/costmap_converter_msgs CMAKE_PREFIX_PATH=/home/agilex/agilex_ws/install/nav2_bringup:/home/agilex/agilex_ws/install/navigation2:/home/agilex/agilex_ws/install/nav2_dwb_controller:/home/agilex/agilex_ws/install/nav2_rotation_shim_controller:/home/agilex/agilex_ws/install/dwb_plugins:/home/agilex/agilex_ws/install/dwb_critics:/home/agilex/agilex_ws/install/nav2_waypoint_follower:/home/agilex/agilex_ws/install/nav2_theta_star_planner:/home/agilex/agilex_ws/install/nav2_smoother:/home/agilex/agilex_ws/install/nav2_smac_planner:/home/agilex/agilex_ws/install/nav2_regulated_pure_pursuit_controller:/home/agilex/agilex_ws/install/nav2_planner:/home/agilex/agilex_ws/install/nav2_navfn_planner:/home/agilex/agilex_ws/install/nav2_controller:/home/agilex/agilex_ws/install/nav2_bt_navigator:/home/agilex/agilex_ws/install/nav2_behaviors:/home/agilex/agilex_ws/install/dwb_core:/home/agilex/agilex_ws/install/nav2_core:/home/agilex/agilex_ws/install/costmap_queue:/home/agilex/agilex_ws/install/costmap_converter:/home/agilex/agilex_ws/install/nav2_rviz_plugins:/home/agilex/agilex_ws/install/nav2_costmap_2d:/home/agilex/agilex_ws/install/nav_2d_utils:/home/agilex/agilex_ws/install/nav2_map_server:/home/agilex/agilex_ws/install/nav2_lifecycle_manager:/home/agilex/agilex_ws/install/nav2_behavior_tree:/home/agilex/agilex_ws/install/nav2_amcl:/home/agilex/agilex_ws/install/nav2_util:/home/agilex/agilex_ws/install/teb_msgs:/home/agilex/agilex_ws/install/nav2_voxel_grid:/home/agilex/agilex_ws/install/nav2_msgs:/home/agilex/agilex_ws/install/dwb_msgs:/home/agilex/agilex_ws/install/nav_2d_msgs:/home/agilex/agilex_ws/install/nav2_common:/home/agilex/agilex_ws/install/costmap_converter_msgs LD_LIBRARY_PATH=/home/agilex/agilex_ws/install/nav2_rotation_shim_controller/lib:/home/agilex/agilex_ws/install/dwb_plugins/lib:/home/agilex/agilex_ws/install/dwb_critics/lib:/home/agilex/agilex_ws/install/nav2_waypoint_follower/lib:/home/agilex/agilex_ws/install/nav2_theta_star_planner/lib:/home/agilex/agilex_ws/install/nav2_smoother/lib:/home/agilex/agilex_ws/install/nav2_smac_planner/lib:/home/agilex/agilex_ws/install/nav2_regulated_pure_pursuit_controller/lib:/home/agilex/agilex_ws/install/nav2_planner/lib:/home/agilex/agilex_ws/install/nav2_navfn_planner/lib:/home/agilex/agilex_ws/install/nav2_controller/lib:/home/agilex/agilex_ws/install/nav2_bt_navigator/lib:/home/agilex/agilex_ws/install/nav2_behaviors/lib:/home/agilex/agilex_ws/install/dwb_core/lib:/home/agilex/agilex_ws/install/costmap_queue/lib:/home/agilex/agilex_ws/install/costmap_converter/lib:/home/agilex/agilex_ws/install/nav2_rviz_plugins/lib:/home/agilex/agilex_ws/install/nav2_costmap_2d/lib:/home/agilex/agilex_ws/install/nav_2d_utils/lib:/home/agilex/agilex_ws/install/nav2_map_server/lib:/home/agilex/agilex_ws/install/nav2_lifecycle_manager/lib:/home/agilex/agilex_ws/install/nav2_behavior_tree/lib:/home/agilex/agilex_ws/install/nav2_amcl/lib:/home/agilex/agilex_ws/install/nav2_util/lib:/home/agilex/agilex_ws/install/teb_msgs/lib:/home/agilex/agilex_ws/install/nav2_voxel_grid/lib:/home/agilex/agilex_ws/install/nav2_msgs/lib:/home/agilex/agilex_ws/install/dwb_msgs/lib:/home/agilex/agilex_ws/install/nav_2d_msgs/lib:/home/agilex/agilex_ws/install/costmap_converter_msgs/lib PATH=/home/agilex/agilex_ws/install/costmap_converter/bin:${PATH} PYTHONPATH=/home/agilex/agilex_ws/install/nav2_simple_commander/lib/python3.10/site-packages:/home/agilex/agilex_ws/install/teb_msgs/local/lib/python3.10/dist-packages:/home/agilex/agilex_ws/install/nav2_msgs/local/lib/python3.10/dist-packages:/home/agilex/agilex_ws/install/dwb_msgs/local/lib/python3.10/dist-packages:/home/agilex/agilex_ws/install/nav_2d_msgs/local/lib/python3.10/dist-packages:/home/agilex/agilex_ws/install/nav2_common/local/lib/python3.10/dist-packages:/home/agilex/agilex_ws/install/costmap_converter_msgs/local/lib/python3.10/dist-packages /usr/bin/cmake --install /home/agilex/agilex_ws/build/teb_local_planner
[6.225s] Level 1:colcon.colcon_core.environment:checking '/home/agilex/agilex_ws/install/teb_local_planner' for CMake module files
[6.225s] Level 1:colcon.colcon_core.environment:checking '/home/agilex/agilex_ws/install/teb_local_planner' for CMake config files
[6.226s] Level 1:colcon.colcon_core.shell:create_environment_hook('teb_local_planner', 'cmake_prefix_path')
[6.229s] INFO:colcon.colcon_core.shell:Creating environment hook '/home/agilex/agilex_ws/install/teb_local_planner/share/teb_local_planner/hook/cmake_prefix_path.ps1'
[6.230s] INFO:colcon.colcon_core.shell:Creating environment descriptor '/home/agilex/agilex_ws/install/teb_local_planner/share/teb_local_planner/hook/cmake_prefix_path.dsv'
[6.230s] INFO:colcon.colcon_core.shell:Creating environment hook '/home/agilex/agilex_ws/install/teb_local_planner/share/teb_local_planner/hook/cmake_prefix_path.sh'
[6.230s] Level 1:colcon.colcon_core.environment:checking '/home/agilex/agilex_ws/install/teb_local_planner/lib'
[6.230s] Level 1:colcon.colcon_core.shell:create_environment_hook('teb_local_planner', 'ld_library_path_lib')
[6.234s] INFO:colcon.colcon_core.shell:Creating environment hook '/home/agilex/agilex_ws/install/teb_local_planner/share/teb_local_planner/hook/ld_library_path_lib.ps1'
[6.234s] INFO:colcon.colcon_core.shell:Creating environment descriptor '/home/agilex/agilex_ws/install/teb_local_planner/share/teb_local_planner/hook/ld_library_path_lib.dsv'
[6.234s] INFO:colcon.colcon_core.shell:Creating environment hook '/home/agilex/agilex_ws/install/teb_local_planner/share/teb_local_planner/hook/ld_library_path_lib.sh'
[6.234s] Level 1:colcon.colcon_core.environment:checking '/home/agilex/agilex_ws/install/teb_local_planner/bin'
[6.234s] Level 1:colcon.colcon_core.environment:checking '/home/agilex/agilex_ws/install/teb_local_planner/lib/pkgconfig/teb_local_planner.pc'
[6.234s] Level 1:colcon.colcon_core.environment:checking '/home/agilex/agilex_ws/install/teb_local_planner/lib/python3.10/site-packages'
[6.235s] Level 1:colcon.colcon_core.environment:checking '/home/agilex/agilex_ws/install/teb_local_planner/bin'
[6.238s] INFO:colcon.colcon_core.shell:Creating package script '/home/agilex/agilex_ws/install/teb_local_planner/share/teb_local_planner/package.ps1'
[6.238s] INFO:colcon.colcon_core.shell:Creating package descriptor '/home/agilex/agilex_ws/install/teb_local_planner/share/teb_local_planner/package.dsv'
[6.238s] INFO:colcon.colcon_core.shell:Creating package script '/home/agilex/agilex_ws/install/teb_local_planner/share/teb_local_planner/package.sh'
[6.239s] INFO:colcon.colcon_core.shell:Creating package script '/home/agilex/agilex_ws/install/teb_local_planner/share/teb_local_planner/package.bash'
[6.239s] INFO:colcon.colcon_core.shell:Creating package script '/home/agilex/agilex_ws/install/teb_local_planner/share/teb_local_planner/package.zsh'
[6.239s] Level 1:colcon.colcon_core.environment:create_file_with_runtime_dependencies(/home/agilex/agilex_ws/install/teb_local_planner/share/colcon-core/packages/teb_local_planner)
[6.243s] Level 1:colcon.colcon_core.environment:create_environment_scripts_only(nav2_system_tests)
[6.247s] Level 1:colcon.colcon_core.environment:checking '/home/agilex/agilex_ws/install/nav2_system_tests' for CMake module files
[6.247s] Level 1:colcon.colcon_core.environment:checking '/home/agilex/agilex_ws/install/nav2_system_tests' for CMake config files
[6.247s] Level 1:colcon.colcon_core.shell:create_environment_hook('nav2_system_tests', 'cmake_prefix_path')
[6.250s] INFO:colcon.colcon_core.shell:Creating environment hook '/home/agilex/agilex_ws/install/nav2_system_tests/share/nav2_system_tests/hook/cmake_prefix_path.ps1'
[6.250s] INFO:colcon.colcon_core.shell:Creating environment descriptor '/home/agilex/agilex_ws/install/nav2_system_tests/share/nav2_system_tests/hook/cmake_prefix_path.dsv'
[6.251s] INFO:colcon.colcon_core.shell:Creating environment hook '/home/agilex/agilex_ws/install/nav2_system_tests/share/nav2_system_tests/hook/cmake_prefix_path.sh'
[6.251s] Level 1:colcon.colcon_core.environment:checking '/home/agilex/agilex_ws/install/nav2_system_tests/lib'
[6.251s] Level 1:colcon.colcon_core.environment:checking '/home/agilex/agilex_ws/install/nav2_system_tests/bin'
[6.251s] Level 1:colcon.colcon_core.environment:checking '/home/agilex/agilex_ws/install/nav2_system_tests/lib/pkgconfig/nav2_system_tests.pc'
[6.251s] Level 1:colcon.colcon_core.environment:checking '/home/agilex/agilex_ws/install/nav2_system_tests/lib/python3.10/site-packages'
[6.251s] Level 1:colcon.colcon_core.environment:checking '/home/agilex/agilex_ws/install/nav2_system_tests/bin'
[6.254s] INFO:colcon.colcon_core.shell:Creating package script '/home/agilex/agilex_ws/install/nav2_system_tests/share/nav2_system_tests/package.ps1'
[6.254s] INFO:colcon.colcon_core.shell:Creating package descriptor '/home/agilex/agilex_ws/install/nav2_system_tests/share/nav2_system_tests/package.dsv'
[6.255s] INFO:colcon.colcon_core.shell:Creating package script '/home/agilex/agilex_ws/install/nav2_system_tests/share/nav2_system_tests/package.sh'
[6.255s] INFO:colcon.colcon_core.shell:Creating package script '/home/agilex/agilex_ws/install/nav2_system_tests/share/nav2_system_tests/package.bash'
[6.255s] INFO:colcon.colcon_core.shell:Creating package script '/home/agilex/agilex_ws/install/nav2_system_tests/share/nav2_system_tests/package.zsh'
[6.255s] Level 1:colcon.colcon_core.environment:create_file_with_runtime_dependencies(/home/agilex/agilex_ws/install/nav2_system_tests/share/colcon-core/packages/nav2_system_tests)
[6.267s] Level 1:colcon.colcon_core.environment:create_environment_scripts_only(teb_local_planner)
[6.270s] Level 1:colcon.colcon_core.environment:checking '/home/agilex/agilex_ws/install/teb_local_planner' for CMake module files
[6.271s] Level 1:colcon.colcon_core.environment:checking '/home/agilex/agilex_ws/install/teb_local_planner' for CMake config files
[6.271s] Level 1:colcon.colcon_core.shell:create_environment_hook('teb_local_planner', 'cmake_prefix_path')
[6.274s] INFO:colcon.colcon_core.shell:Creating environment hook '/home/agilex/agilex_ws/install/teb_local_planner/share/teb_local_planner/hook/cmake_prefix_path.ps1'
[6.274s] INFO:colcon.colcon_core.shell:Creating environment descriptor '/home/agilex/agilex_ws/install/teb_local_planner/share/teb_local_planner/hook/cmake_prefix_path.dsv'
[6.274s] INFO:colcon.colcon_core.shell:Creating environment hook '/home/agilex/agilex_ws/install/teb_local_planner/share/teb_local_planner/hook/cmake_prefix_path.sh'
[6.274s] Level 1:colcon.colcon_core.environment:checking '/home/agilex/agilex_ws/install/teb_local_planner/lib'
[6.274s] Level 1:colcon.colcon_core.shell:create_environment_hook('teb_local_planner', 'ld_library_path_lib')
[6.277s] INFO:colcon.colcon_core.shell:Creating environment hook '/home/agilex/agilex_ws/install/teb_local_planner/share/teb_local_planner/hook/ld_library_path_lib.ps1'
[6.278s] INFO:colcon.colcon_core.shell:Creating environment descriptor '/home/agilex/agilex_ws/install/teb_local_planner/share/teb_local_planner/hook/ld_library_path_lib.dsv'
[6.278s] INFO:colcon.colcon_core.shell:Creating environment hook '/home/agilex/agilex_ws/install/teb_local_planner/share/teb_local_planner/hook/ld_library_path_lib.sh'
[6.278s] Level 1:colcon.colcon_core.environment:checking '/home/agilex/agilex_ws/install/teb_local_planner/bin'
[6.278s] Level 1:colcon.colcon_core.environment:checking '/home/agilex/agilex_ws/install/teb_local_planner/lib/pkgconfig/teb_local_planner.pc'
[6.278s] Level 1:colcon.colcon_core.environment:checking '/home/agilex/agilex_ws/install/teb_local_planner/lib/python3.10/site-packages'
[6.278s] Level 1:colcon.colcon_core.environment:checking '/home/agilex/agilex_ws/install/teb_local_planner/bin'
[6.281s] INFO:colcon.colcon_core.shell:Creating package script '/home/agilex/agilex_ws/install/teb_local_planner/share/teb_local_planner/package.ps1'
[6.281s] INFO:colcon.colcon_core.shell:Creating package descriptor '/home/agilex/agilex_ws/install/teb_local_planner/share/teb_local_planner/package.dsv'
[6.282s] INFO:colcon.colcon_core.shell:Creating package script '/home/agilex/agilex_ws/install/teb_local_planner/share/teb_local_planner/package.sh'
[6.282s] INFO:colcon.colcon_core.shell:Creating package script '/home/agilex/agilex_ws/install/teb_local_planner/share/teb_local_planner/package.bash'
[6.282s] INFO:colcon.colcon_core.shell:Creating package script '/home/agilex/agilex_ws/install/teb_local_planner/share/teb_local_planner/package.zsh'
[6.282s] Level 1:colcon.colcon_core.environment:create_file_with_runtime_dependencies(/home/agilex/agilex_ws/install/teb_local_planner/share/colcon-core/packages/teb_local_planner)
[6.282s] DEBUG:colcon.colcon_parallel_executor.executor.parallel:closing loop
[6.283s] DEBUG:colcon.colcon_parallel_executor.executor.parallel:loop closed
[6.283s] DEBUG:colcon.colcon_parallel_executor.executor.parallel:run_until_complete finished with '0'
[6.283s] DEBUG:colcon.colcon_core.event_reactor:joining thread
[6.290s] INFO:colcon.colcon_core.plugin_system:Skipping extension 'colcon_notification.desktop_notification.terminal_notifier': Not used on non-Darwin systems
[6.290s] INFO:colcon.colcon_core.plugin_system:Skipping extension 'colcon_notification.desktop_notification.win32': Not used on non-Windows systems
[6.290s] INFO:colcon.colcon_notification.desktop_notification:Sending desktop notification using 'notify2'
[6.292s] DEBUG:colcon.colcon_notification.desktop_notification.notify2:Failed to initialize notify2: org.freedesktop.DBus.Error.Spawn.ExecFailed: /usr/bin/dbus-launch terminated abnormally without any error message
[6.292s] DEBUG:colcon.colcon_core.event_reactor:joined thread
[6.296s] INFO:colcon.colcon_core.shell:Creating prefix script '/home/agilex/agilex_ws/install/local_setup.ps1'
[6.296s] INFO:colcon.colcon_core.shell:Creating prefix util module '/home/agilex/agilex_ws/install/_local_setup_util_ps1.py'
[6.297s] INFO:colcon.colcon_core.shell:Creating prefix chain script '/home/agilex/agilex_ws/install/setup.ps1'
[6.301s] INFO:colcon.colcon_core.shell:Creating prefix script '/home/agilex/agilex_ws/install/local_setup.sh'
[6.301s] INFO:colcon.colcon_core.shell:Creating prefix util module '/home/agilex/agilex_ws/install/_local_setup_util_sh.py'
[6.301s] INFO:colcon.colcon_core.shell:Creating prefix chain script '/home/agilex/agilex_ws/install/setup.sh'
[6.304s] INFO:colcon.colcon_core.shell:Creating prefix script '/home/agilex/agilex_ws/install/local_setup.bash'
[6.304s] INFO:colcon.colcon_core.shell:Creating prefix chain script '/home/agilex/agilex_ws/install/setup.bash'
[6.308s] INFO:colcon.colcon_core.shell:Creating prefix script '/home/agilex/agilex_ws/install/local_setup.zsh'
[6.308s] INFO:colcon.colcon_core.shell:Creating prefix chain script '/home/agilex/agilex_ws/install/setup.zsh'
