[0.239s] Invoking command in '/home/agilex/agilex_ws/build/nav2_msgs': CMAKE_PREFIX_PATH=/home/agilex/agilex_ws/install/nav2_common:/home/agilex/agilex_ws/install/ydlidar_sdk:/home/agilex/agilex_ws/install/ydlidar_ros2_driver:/home/agilex/agilex_ws/install/teb_local_planner:/home/agilex/agilex_ws/install/teb_msgs:/home/agilex/agilex_ws/install/rf2o_laser_odometry:/home/agilex/agilex_ws/install/nav2_system_tests:/home/agilex/agilex_ws/install/nav2_bringup:/home/agilex/agilex_ws/install/navigation2:/home/agilex/agilex_ws/install/nav2_smoother:/home/agilex/agilex_ws/install/nav2_dwb_controller:/home/agilex/agilex_ws/install/limo_bringup:/home/agilex/agilex_ws/install/nav2_controller:/home/agilex/agilex_ws/install/dwb_plugins:/home/agilex/agilex_ws/install/dwb_critics:/home/agilex/agilex_ws/install/dwb_core:/home/agilex/agilex_ws/install/nav_2d_utils:/home/agilex/agilex_ws/install/dwb_msgs:/home/agilex/agilex_ws/install/nav_2d_msgs:/home/agilex/agilex_ws/install/nav2_waypoint_follower:/home/agilex/agilex_ws/install/nav2_theta_star_planner:/home/agilex/agilex_ws/install/nav2_smac_planner:/home/agilex/agilex_ws/install/nav2_rotation_shim_controller:/home/agilex/agilex_ws/install/nav2_regulated_pure_pursuit_controller:/home/agilex/agilex_ws/install/nav2_planner:/home/agilex/agilex_ws/install/nav2_navfn_planner:/home/agilex/agilex_ws/install/nav2_constrained_smoother:/home/agilex/agilex_ws/install/nav2_bt_navigator:/home/agilex/agilex_ws/install/nav2_behaviors:/home/agilex/agilex_ws/install/nav2_core:/home/agilex/agilex_ws/install/costmap_queue:/home/agilex/agilex_ws/install/costmap_converter:/home/agilex/agilex_ws/install/nav2_costmap_2d:/home/agilex/agilex_ws/install/nav2_voxel_grid:/home/agilex/agilex_ws/install/nav2_rviz_plugins:/home/agilex/agilex_ws/install/nav2_map_server:/home/agilex/agilex_ws/install/nav2_lifecycle_manager:/home/agilex/agilex_ws/install/nav2_behavior_tree:/home/agilex/agilex_ws/install/nav2_amcl:/home/agilex/agilex_ws/install/nav2_util:/home/agilex/agilex_ws/install/nav2_msgs:/home/agilex/agilex_ws/install/magic_enum:/home/agilex/agilex_ws/install/limo_visions:/home/agilex/agilex_ws/install/limo_base:/home/agilex/agilex_ws/install/limo_msgs:/home/agilex/agilex_ws/install/limo_description:/home/agilex/agilex_ws/install/limo_car:/home/agilex/agilex_ws/install/libuvc:/home/agilex/agilex_ws/install/glog:/home/agilex/agilex_ws/install/csm:/home/agilex/agilex_ws/install/costmap_converter_msgs:/home/agilex/agilex_ws/install/astra_camera:/home/agilex/agilex_ws/install/astra_camera_msgs:/home/agilex/agilex_ws/install/aruco_ros:/home/agilex/agilex_ws/install/aruco_msgs:/home/agilex/agilex_ws/install/aruco:/home/agilex/agilex_ws/install/yolov5_ros2:/home/agilex/agilex_ws/install/nav2_simple_commander:/opt/ros/humble /usr/bin/cmake --build /home/agilex/agilex_ws/build/nav2_msgs -- -j8 -l8
[0.739s] -- Found ament_cmake: 1.3.6 (/opt/ros/humble/share/ament_cmake/cmake)
[0.739s] -- Found Python3: /usr/bin/python3.10 (found version "3.10.12") found components: Interpreter 
[0.750s] -- Found nav2_common: 1.1.0 (/home/agilex/agilex_ws/install/nav2_common/share/nav2_common/cmake)
[0.751s] -- Found builtin_interfaces: 1.2.1 (/opt/ros/humble/share/builtin_interfaces/cmake)
[0.802s] -- Found rosidl_generator_c: 3.1.5 (/opt/ros/humble/share/rosidl_generator_c/cmake)
[0.804s] -- Found rosidl_adapter: 3.1.5 (/opt/ros/humble/share/rosidl_adapter/cmake)
[0.818s] -- Found rosidl_generator_cpp: 3.1.5 (/opt/ros/humble/share/rosidl_generator_cpp/cmake)
[0.845s] -- Using all available rosidl_typesupport_c: rosidl_typesupport_fastrtps_c;rosidl_typesupport_introspection_c
[0.871s] -- Using all available rosidl_typesupport_cpp: rosidl_typesupport_fastrtps_cpp;rosidl_typesupport_introspection_cpp
[0.889s] -- Found nav_msgs: 4.2.3 (/opt/ros/humble/share/nav_msgs/cmake)
[1.347s] -- Found rosidl_default_generators: 1.2.0 (/opt/ros/humble/share/rosidl_default_generators/cmake)
[1.373s] -- Found action_msgs: 1.2.1 (/opt/ros/humble/share/action_msgs/cmake)
[3.056s] -- Found ament_cmake_ros: 0.10.0 (/opt/ros/humble/share/ament_cmake_ros/cmake)
[4.342s] -- Using all available rosidl_typesupport_c: rosidl_typesupport_fastrtps_c;rosidl_typesupport_introspection_c
[4.734s] -- Using all available rosidl_typesupport_cpp: rosidl_typesupport_fastrtps_cpp;rosidl_typesupport_introspection_cpp
[4.760s] -- Found PythonInterp: /usr/bin/python3 (found suitable version "3.10.12", minimum required is "3.6") 
[4.760s] -- Found python_cmake_module: 0.10.0 (/opt/ros/humble/share/python_cmake_module/cmake)
[4.786s] -- Found PythonLibs: /usr/lib/x86_64-linux-gnu/libpython3.10.so (found suitable version "3.10.12", minimum required is "3.5") 
[4.786s] -- Using PYTHON_EXECUTABLE: /usr/bin/python3
[4.786s] -- Using PYTHON_INCLUDE_DIRS: /usr/include/python3.10
[4.786s] -- Using PYTHON_LIBRARIES: /usr/lib/x86_64-linux-gnu/libpython3.10.so
[5.107s] -- Configuring done
[5.397s] -- Generating done
[5.406s] -- Build files have been written to: /home/agilex/agilex_ws/build/nav2_msgs
[5.519s] [  1%] [34m[1mGenerating C code for ROS interfaces[0m
[5.598s] [  1%] [34m[1mGenerating C++ code for ROS interfaces[0m
[5.672s] [  1%] Built target ament_cmake_python_copy_nav2_msgs
[6.750s] running egg_info
[6.761s] writing nav2_msgs.egg-info/PKG-INFO
[6.761s] writing dependency_links to nav2_msgs.egg-info/dependency_links.txt
[6.762s] writing top-level names to nav2_msgs.egg-info/top_level.txt
[6.765s] reading manifest file 'nav2_msgs.egg-info/SOURCES.txt'
[6.777s] writing manifest file 'nav2_msgs.egg-info/SOURCES.txt'
[6.922s] [  1%] Built target ament_cmake_python_build_nav2_msgs_egg
[15.813s] [  1%] Built target nav2_msgs__cpp
[16.426s] [35m[1mConsolidate compiler generated dependencies of target nav2_msgs__rosidl_generator_c[0m
[16.452s] [  1%] [32mBuilding C object CMakeFiles/nav2_msgs__rosidl_generator_c.dir/rosidl_generator_c/nav2_msgs/msg/detail/costmap__functions.c.o[0m
[16.553s] [  2%] [32mBuilding C object CMakeFiles/nav2_msgs__rosidl_generator_c.dir/rosidl_generator_c/nav2_msgs/msg/detail/voxel_grid__functions.c.o[0m
[16.654s] [  2%] [32mBuilding C object CMakeFiles/nav2_msgs__rosidl_generator_c.dir/rosidl_generator_c/nav2_msgs/msg/detail/behavior_tree_status_change__functions.c.o[0m
[16.762s] [  2%] [32mBuilding C object CMakeFiles/nav2_msgs__rosidl_generator_c.dir/rosidl_generator_c/nav2_msgs/msg/detail/behavior_tree_log__functions.c.o[0m
[16.866s] [  3%] [32mBuilding C object CMakeFiles/nav2_msgs__rosidl_generator_c.dir/rosidl_generator_c/nav2_msgs/msg/detail/particle__functions.c.o[0m
[16.962s] [  3%] [32mBuilding C object CMakeFiles/nav2_msgs__rosidl_generator_c.dir/rosidl_generator_c/nav2_msgs/msg/detail/particle_cloud__functions.c.o[0m
[17.058s] [  4%] [32mBuilding C object CMakeFiles/nav2_msgs__rosidl_generator_c.dir/rosidl_generator_c/nav2_msgs/srv/detail/get_costmap__functions.c.o[0m
[17.203s] [  4%] [32mBuilding C object CMakeFiles/nav2_msgs__rosidl_generator_c.dir/rosidl_generator_c/nav2_msgs/srv/detail/is_path_valid__functions.c.o[0m
[17.344s] [  4%] [32mBuilding C object CMakeFiles/nav2_msgs__rosidl_generator_c.dir/rosidl_generator_c/nav2_msgs/srv/detail/clear_costmap_except_region__functions.c.o[0m
[17.476s] [  5%] [32mBuilding C object CMakeFiles/nav2_msgs__rosidl_generator_c.dir/rosidl_generator_c/nav2_msgs/srv/detail/clear_costmap_around_robot__functions.c.o[0m
[17.616s] [  5%] [32mBuilding C object CMakeFiles/nav2_msgs__rosidl_generator_c.dir/rosidl_generator_c/nav2_msgs/srv/detail/clear_entire_costmap__functions.c.o[0m
[17.757s] [  6%] [32mBuilding C object CMakeFiles/nav2_msgs__rosidl_generator_c.dir/rosidl_generator_c/nav2_msgs/srv/detail/manage_lifecycle_nodes__functions.c.o[0m
[17.888s] [  6%] [32mBuilding C object CMakeFiles/nav2_msgs__rosidl_generator_c.dir/rosidl_generator_c/nav2_msgs/srv/detail/load_map__functions.c.o[0m
[18.029s] [  6%] [32mBuilding C object CMakeFiles/nav2_msgs__rosidl_generator_c.dir/rosidl_generator_c/nav2_msgs/srv/detail/save_map__functions.c.o[0m
[18.199s] [  7%] [32mBuilding C object CMakeFiles/nav2_msgs__rosidl_generator_c.dir/rosidl_generator_c/nav2_msgs/action/detail/back_up__functions.c.o[0m
[18.638s] [  7%] [32mBuilding C object CMakeFiles/nav2_msgs__rosidl_generator_c.dir/rosidl_generator_c/nav2_msgs/action/detail/compute_path_to_pose__functions.c.o[0m
[19.086s] [  8%] [32mBuilding C object CMakeFiles/nav2_msgs__rosidl_generator_c.dir/rosidl_generator_c/nav2_msgs/action/detail/compute_path_through_poses__functions.c.o[0m
[19.529s] [  8%] [32mBuilding C object CMakeFiles/nav2_msgs__rosidl_generator_c.dir/rosidl_generator_c/nav2_msgs/action/detail/drive_on_heading__functions.c.o[0m
[19.978s] [  8%] [32mBuilding C object CMakeFiles/nav2_msgs__rosidl_generator_c.dir/rosidl_generator_c/nav2_msgs/action/detail/smooth_path__functions.c.o[0m
[20.423s] [  9%] [32mBuilding C object CMakeFiles/nav2_msgs__rosidl_generator_c.dir/rosidl_generator_c/nav2_msgs/action/detail/follow_path__functions.c.o[0m
[20.866s] [  9%] [32mBuilding C object CMakeFiles/nav2_msgs__rosidl_generator_c.dir/rosidl_generator_c/nav2_msgs/action/detail/navigate_to_pose__functions.c.o[0m
[21.316s] [  9%] [32mBuilding C object CMakeFiles/nav2_msgs__rosidl_generator_c.dir/rosidl_generator_c/nav2_msgs/action/detail/navigate_through_poses__functions.c.o[0m
[21.765s] [ 10%] [32mBuilding C object CMakeFiles/nav2_msgs__rosidl_generator_c.dir/rosidl_generator_c/nav2_msgs/action/detail/wait__functions.c.o[0m
[22.203s] [ 10%] [32mBuilding C object CMakeFiles/nav2_msgs__rosidl_generator_c.dir/rosidl_generator_c/nav2_msgs/action/detail/spin__functions.c.o[0m
[22.663s] [ 11%] [32mBuilding C object CMakeFiles/nav2_msgs__rosidl_generator_c.dir/rosidl_generator_c/nav2_msgs/action/detail/dummy_behavior__functions.c.o[0m
[23.124s] [ 11%] [32mBuilding C object CMakeFiles/nav2_msgs__rosidl_generator_c.dir/rosidl_generator_c/nav2_msgs/action/detail/follow_waypoints__functions.c.o[0m
[23.586s] [ 11%] [32mBuilding C object CMakeFiles/nav2_msgs__rosidl_generator_c.dir/rosidl_generator_c/nav2_msgs/msg/detail/speed_limit__functions.c.o[0m
[23.701s] [ 12%] [32mBuilding C object CMakeFiles/nav2_msgs__rosidl_generator_c.dir/rosidl_generator_c/nav2_msgs/msg/detail/costmap_filter_info__functions.c.o[0m
[23.802s] [ 12%] [32mBuilding C object CMakeFiles/nav2_msgs__rosidl_generator_c.dir/rosidl_generator_c/nav2_msgs/msg/detail/costmap_meta_data__functions.c.o[0m
[23.915s] [ 12%] [32m[1mLinking C shared library libnav2_msgs__rosidl_generator_c.so[0m
[23.973s] [ 12%] Built target nav2_msgs__rosidl_generator_c
[23.989s] [ 13%] [34m[1mGenerating C++ introspection for ROS interfaces[0m
[28.639s] [35m[1mConsolidate compiler generated dependencies of target nav2_msgs__rosidl_typesupport_introspection_cpp[0m
[28.681s] [ 13%] [32mBuilding CXX object CMakeFiles/nav2_msgs__rosidl_typesupport_introspection_cpp.dir/rosidl_typesupport_introspection_cpp/nav2_msgs/msg/detail/costmap__type_support.cpp.o[0m
[29.124s] [ 13%] [32mBuilding CXX object CMakeFiles/nav2_msgs__rosidl_typesupport_introspection_cpp.dir/rosidl_typesupport_introspection_cpp/nav2_msgs/msg/detail/costmap_filter_info__type_support.cpp.o[0m
[29.532s] [ 13%] [32mBuilding CXX object CMakeFiles/nav2_msgs__rosidl_typesupport_introspection_cpp.dir/rosidl_typesupport_introspection_cpp/nav2_msgs/msg/detail/speed_limit__type_support.cpp.o[0m
[29.964s] [ 14%] [32mBuilding CXX object CMakeFiles/nav2_msgs__rosidl_typesupport_introspection_cpp.dir/rosidl_typesupport_introspection_cpp/nav2_msgs/msg/detail/voxel_grid__type_support.cpp.o[0m
[30.410s] [ 14%] [32mBuilding CXX object CMakeFiles/nav2_msgs__rosidl_typesupport_introspection_cpp.dir/rosidl_typesupport_introspection_cpp/nav2_msgs/msg/detail/behavior_tree_status_change__type_support.cpp.o[0m
[30.808s] [ 14%] [32mBuilding CXX object CMakeFiles/nav2_msgs__rosidl_typesupport_introspection_cpp.dir/rosidl_typesupport_introspection_cpp/nav2_msgs/msg/detail/behavior_tree_log__type_support.cpp.o[0m
[31.295s] [ 15%] [32mBuilding CXX object CMakeFiles/nav2_msgs__rosidl_typesupport_introspection_cpp.dir/rosidl_typesupport_introspection_cpp/nav2_msgs/msg/detail/particle__type_support.cpp.o[0m
[31.703s] [ 15%] [32mBuilding CXX object CMakeFiles/nav2_msgs__rosidl_typesupport_introspection_cpp.dir/rosidl_typesupport_introspection_cpp/nav2_msgs/msg/detail/particle_cloud__type_support.cpp.o[0m
[32.160s] [ 16%] [32mBuilding CXX object CMakeFiles/nav2_msgs__rosidl_typesupport_introspection_cpp.dir/rosidl_typesupport_introspection_cpp/nav2_msgs/srv/detail/get_costmap__type_support.cpp.o[0m
[32.606s] [ 16%] [32mBuilding CXX object CMakeFiles/nav2_msgs__rosidl_typesupport_introspection_cpp.dir/rosidl_typesupport_introspection_cpp/nav2_msgs/srv/detail/is_path_valid__type_support.cpp.o[0m
[33.072s] [ 16%] [32mBuilding CXX object CMakeFiles/nav2_msgs__rosidl_typesupport_introspection_cpp.dir/rosidl_typesupport_introspection_cpp/nav2_msgs/srv/detail/clear_costmap_except_region__type_support.cpp.o[0m
[33.472s] [ 17%] [32mBuilding CXX object CMakeFiles/nav2_msgs__rosidl_typesupport_introspection_cpp.dir/rosidl_typesupport_introspection_cpp/nav2_msgs/srv/detail/clear_costmap_around_robot__type_support.cpp.o[0m
[33.865s] [ 17%] [32mBuilding CXX object CMakeFiles/nav2_msgs__rosidl_typesupport_introspection_cpp.dir/rosidl_typesupport_introspection_cpp/nav2_msgs/srv/detail/clear_entire_costmap__type_support.cpp.o[0m
[34.267s] [ 18%] [32mBuilding CXX object CMakeFiles/nav2_msgs__rosidl_typesupport_introspection_cpp.dir/rosidl_typesupport_introspection_cpp/nav2_msgs/srv/detail/manage_lifecycle_nodes__type_support.cpp.o[0m
[34.282s] [ 19%] [32mBuilding CXX object CMakeFiles/nav2_msgs__rosidl_typesupport_introspection_cpp.dir/rosidl_typesupport_introspection_cpp/nav2_msgs/msg/detail/costmap_meta_data__type_support.cpp.o[0m
[34.778s] [ 19%] [32mBuilding CXX object CMakeFiles/nav2_msgs__rosidl_typesupport_introspection_cpp.dir/rosidl_typesupport_introspection_cpp/nav2_msgs/srv/detail/load_map__type_support.cpp.o[0m
[34.843s] [ 19%] [32mBuilding CXX object CMakeFiles/nav2_msgs__rosidl_typesupport_introspection_cpp.dir/rosidl_typesupport_introspection_cpp/nav2_msgs/srv/detail/save_map__type_support.cpp.o[0m
[35.356s] [ 20%] [32mBuilding CXX object CMakeFiles/nav2_msgs__rosidl_typesupport_introspection_cpp.dir/rosidl_typesupport_introspection_cpp/nav2_msgs/action/detail/back_up__type_support.cpp.o[0m
[35.375s] [ 20%] [32mBuilding CXX object CMakeFiles/nav2_msgs__rosidl_typesupport_introspection_cpp.dir/rosidl_typesupport_introspection_cpp/nav2_msgs/action/detail/compute_path_to_pose__type_support.cpp.o[0m
[36.161s] [ 21%] [32mBuilding CXX object CMakeFiles/nav2_msgs__rosidl_typesupport_introspection_cpp.dir/rosidl_typesupport_introspection_cpp/nav2_msgs/action/detail/compute_path_through_poses__type_support.cpp.o[0m
[36.217s] [ 21%] [32mBuilding CXX object CMakeFiles/nav2_msgs__rosidl_typesupport_introspection_cpp.dir/rosidl_typesupport_introspection_cpp/nav2_msgs/action/detail/drive_on_heading__type_support.cpp.o[0m
[37.240s] [ 21%] [32mBuilding CXX object CMakeFiles/nav2_msgs__rosidl_typesupport_introspection_cpp.dir/rosidl_typesupport_introspection_cpp/nav2_msgs/action/detail/smooth_path__type_support.cpp.o[0m
[37.438s] [ 22%] [32mBuilding CXX object CMakeFiles/nav2_msgs__rosidl_typesupport_introspection_cpp.dir/rosidl_typesupport_introspection_cpp/nav2_msgs/action/detail/follow_path__type_support.cpp.o[0m
[37.582s] [ 22%] [32mBuilding CXX object CMakeFiles/nav2_msgs__rosidl_typesupport_introspection_cpp.dir/rosidl_typesupport_introspection_cpp/nav2_msgs/action/detail/navigate_to_pose__type_support.cpp.o[0m
[38.420s] [ 23%] [32mBuilding CXX object CMakeFiles/nav2_msgs__rosidl_typesupport_introspection_cpp.dir/rosidl_typesupport_introspection_cpp/nav2_msgs/action/detail/navigate_through_poses__type_support.cpp.o[0m
[38.529s] [ 23%] [32mBuilding CXX object CMakeFiles/nav2_msgs__rosidl_typesupport_introspection_cpp.dir/rosidl_typesupport_introspection_cpp/nav2_msgs/action/detail/wait__type_support.cpp.o[0m
[38.616s] [ 23%] [32mBuilding CXX object CMakeFiles/nav2_msgs__rosidl_typesupport_introspection_cpp.dir/rosidl_typesupport_introspection_cpp/nav2_msgs/action/detail/spin__type_support.cpp.o[0m
[39.634s] [ 23%] [32mBuilding CXX object CMakeFiles/nav2_msgs__rosidl_typesupport_introspection_cpp.dir/rosidl_typesupport_introspection_cpp/nav2_msgs/action/detail/follow_waypoints__type_support.cpp.o[0m
[40.420s] [ 24%] [32mBuilding CXX object CMakeFiles/nav2_msgs__rosidl_typesupport_introspection_cpp.dir/rosidl_typesupport_introspection_cpp/nav2_msgs/action/detail/dummy_behavior__type_support.cpp.o[0m
[41.048s] [ 25%] [32m[1mLinking CXX shared library libnav2_msgs__rosidl_typesupport_introspection_cpp.so[0m
[41.158s] [ 25%] Built target nav2_msgs__rosidl_typesupport_introspection_cpp
[41.172s] [ 26%] [34m[1mGenerating C type support dispatch for ROS interfaces[0m
[44.508s] [35m[1mConsolidate compiler generated dependencies of target nav2_msgs__rosidl_typesupport_c[0m
[44.532s] [ 26%] [32mBuilding CXX object CMakeFiles/nav2_msgs__rosidl_typesupport_c.dir/rosidl_typesupport_c/nav2_msgs/msg/costmap__type_support.cpp.o[0m
[44.567s] [ 26%] [32mBuilding CXX object CMakeFiles/nav2_msgs__rosidl_typesupport_c.dir/rosidl_typesupport_c/nav2_msgs/msg/speed_limit__type_support.cpp.o[0m
[44.603s] [ 27%] [32mBuilding CXX object CMakeFiles/nav2_msgs__rosidl_typesupport_c.dir/rosidl_typesupport_c/nav2_msgs/msg/voxel_grid__type_support.cpp.o[0m
[44.641s] [ 27%] [32mBuilding CXX object CMakeFiles/nav2_msgs__rosidl_typesupport_c.dir/rosidl_typesupport_c/nav2_msgs/msg/behavior_tree_status_change__type_support.cpp.o[0m
[44.675s] [ 27%] [32mBuilding CXX object CMakeFiles/nav2_msgs__rosidl_typesupport_c.dir/rosidl_typesupport_c/nav2_msgs/msg/behavior_tree_log__type_support.cpp.o[0m
[44.709s] [ 28%] [32mBuilding CXX object CMakeFiles/nav2_msgs__rosidl_typesupport_c.dir/rosidl_typesupport_c/nav2_msgs/msg/particle__type_support.cpp.o[0m
[44.744s] [ 28%] [32mBuilding CXX object CMakeFiles/nav2_msgs__rosidl_typesupport_c.dir/rosidl_typesupport_c/nav2_msgs/msg/particle_cloud__type_support.cpp.o[0m
[44.777s] [ 29%] [32mBuilding CXX object CMakeFiles/nav2_msgs__rosidl_typesupport_c.dir/rosidl_typesupport_c/nav2_msgs/srv/get_costmap__type_support.cpp.o[0m
[44.814s] [ 29%] [32mBuilding CXX object CMakeFiles/nav2_msgs__rosidl_typesupport_c.dir/rosidl_typesupport_c/nav2_msgs/srv/is_path_valid__type_support.cpp.o[0m
[44.858s] [ 29%] [32mBuilding CXX object CMakeFiles/nav2_msgs__rosidl_typesupport_c.dir/rosidl_typesupport_c/nav2_msgs/srv/clear_costmap_except_region__type_support.cpp.o[0m
[44.892s] [ 30%] [32mBuilding CXX object CMakeFiles/nav2_msgs__rosidl_typesupport_c.dir/rosidl_typesupport_c/nav2_msgs/srv/clear_costmap_around_robot__type_support.cpp.o[0m
[44.933s] [ 30%] [32mBuilding CXX object CMakeFiles/nav2_msgs__rosidl_typesupport_c.dir/rosidl_typesupport_c/nav2_msgs/srv/clear_entire_costmap__type_support.cpp.o[0m
[44.969s] [ 30%] [32mBuilding CXX object CMakeFiles/nav2_msgs__rosidl_typesupport_c.dir/rosidl_typesupport_c/nav2_msgs/srv/manage_lifecycle_nodes__type_support.cpp.o[0m
[45.005s] [ 31%] [32mBuilding CXX object CMakeFiles/nav2_msgs__rosidl_typesupport_c.dir/rosidl_typesupport_c/nav2_msgs/srv/load_map__type_support.cpp.o[0m
[45.045s] [ 31%] [32mBuilding CXX object CMakeFiles/nav2_msgs__rosidl_typesupport_c.dir/rosidl_typesupport_c/nav2_msgs/srv/save_map__type_support.cpp.o[0m
[45.082s] [ 32%] [32mBuilding CXX object CMakeFiles/nav2_msgs__rosidl_typesupport_c.dir/rosidl_typesupport_c/nav2_msgs/action/back_up__type_support.cpp.o[0m
[45.144s] [ 32%] [32mBuilding CXX object CMakeFiles/nav2_msgs__rosidl_typesupport_c.dir/rosidl_typesupport_c/nav2_msgs/action/compute_path_to_pose__type_support.cpp.o[0m
[45.204s] [ 32%] [32mBuilding CXX object CMakeFiles/nav2_msgs__rosidl_typesupport_c.dir/rosidl_typesupport_c/nav2_msgs/action/compute_path_through_poses__type_support.cpp.o[0m
[45.264s] [ 33%] [32mBuilding CXX object CMakeFiles/nav2_msgs__rosidl_typesupport_c.dir/rosidl_typesupport_c/nav2_msgs/action/drive_on_heading__type_support.cpp.o[0m
[45.324s] [ 33%] [32mBuilding CXX object CMakeFiles/nav2_msgs__rosidl_typesupport_c.dir/rosidl_typesupport_c/nav2_msgs/action/smooth_path__type_support.cpp.o[0m
[45.384s] [ 34%] [32mBuilding CXX object CMakeFiles/nav2_msgs__rosidl_typesupport_c.dir/rosidl_typesupport_c/nav2_msgs/action/follow_path__type_support.cpp.o[0m
[45.448s] [ 34%] [32mBuilding CXX object CMakeFiles/nav2_msgs__rosidl_typesupport_c.dir/rosidl_typesupport_c/nav2_msgs/action/navigate_to_pose__type_support.cpp.o[0m
[45.509s] [ 34%] [32mBuilding CXX object CMakeFiles/nav2_msgs__rosidl_typesupport_c.dir/rosidl_typesupport_c/nav2_msgs/action/navigate_through_poses__type_support.cpp.o[0m
[45.572s] [ 35%] [32mBuilding CXX object CMakeFiles/nav2_msgs__rosidl_typesupport_c.dir/rosidl_typesupport_c/nav2_msgs/action/wait__type_support.cpp.o[0m
[45.631s] [ 35%] [32mBuilding CXX object CMakeFiles/nav2_msgs__rosidl_typesupport_c.dir/rosidl_typesupport_c/nav2_msgs/action/spin__type_support.cpp.o[0m
[45.689s] [ 36%] [32mBuilding CXX object CMakeFiles/nav2_msgs__rosidl_typesupport_c.dir/rosidl_typesupport_c/nav2_msgs/action/dummy_behavior__type_support.cpp.o[0m
[45.751s] [ 36%] [32mBuilding CXX object CMakeFiles/nav2_msgs__rosidl_typesupport_c.dir/rosidl_typesupport_c/nav2_msgs/action/follow_waypoints__type_support.cpp.o[0m
[45.812s] [ 37%] [32mBuilding CXX object CMakeFiles/nav2_msgs__rosidl_typesupport_c.dir/rosidl_typesupport_c/nav2_msgs/msg/costmap_filter_info__type_support.cpp.o[0m
[45.846s] [ 37%] [32mBuilding CXX object CMakeFiles/nav2_msgs__rosidl_typesupport_c.dir/rosidl_typesupport_c/nav2_msgs/msg/costmap_meta_data__type_support.cpp.o[0m
[45.881s] [ 37%] [32m[1mLinking CXX shared library libnav2_msgs__rosidl_typesupport_c.so[0m
[45.942s] [ 37%] Built target nav2_msgs__rosidl_typesupport_c
[45.957s] [ 38%] [34m[1mGenerating C introspection for ROS interfaces[0m
[51.020s] [35m[1mConsolidate compiler generated dependencies of target nav2_msgs__rosidl_typesupport_introspection_c[0m
[51.048s] [ 38%] [32mBuilding C object CMakeFiles/nav2_msgs__rosidl_typesupport_introspection_c.dir/rosidl_typesupport_introspection_c/nav2_msgs/msg/detail/costmap__type_support.c.o[0m
[51.099s] [ 39%] [32mBuilding C object CMakeFiles/nav2_msgs__rosidl_typesupport_introspection_c.dir/rosidl_typesupport_introspection_c/nav2_msgs/msg/detail/voxel_grid__type_support.c.o[0m
[51.154s] [ 39%] [32mBuilding C object CMakeFiles/nav2_msgs__rosidl_typesupport_introspection_c.dir/rosidl_typesupport_introspection_c/nav2_msgs/msg/detail/behavior_tree_status_change__type_support.c.o[0m
[51.196s] [ 40%] [32mBuilding C object CMakeFiles/nav2_msgs__rosidl_typesupport_introspection_c.dir/rosidl_typesupport_introspection_c/nav2_msgs/msg/detail/behavior_tree_log__type_support.c.o[0m
[51.252s] [ 40%] [32mBuilding C object CMakeFiles/nav2_msgs__rosidl_typesupport_introspection_c.dir/rosidl_typesupport_introspection_c/nav2_msgs/msg/detail/particle__type_support.c.o[0m
[51.297s] [ 40%] [32mBuilding C object CMakeFiles/nav2_msgs__rosidl_typesupport_introspection_c.dir/rosidl_typesupport_introspection_c/nav2_msgs/msg/detail/particle_cloud__type_support.c.o[0m
[51.353s] [ 41%] [32mBuilding C object CMakeFiles/nav2_msgs__rosidl_typesupport_introspection_c.dir/rosidl_typesupport_introspection_c/nav2_msgs/srv/detail/get_costmap__type_support.c.o[0m
[51.404s] [ 41%] [32mBuilding C object CMakeFiles/nav2_msgs__rosidl_typesupport_introspection_c.dir/rosidl_typesupport_introspection_c/nav2_msgs/srv/detail/is_path_valid__type_support.c.o[0m
[51.458s] [ 42%] [32mBuilding C object CMakeFiles/nav2_msgs__rosidl_typesupport_introspection_c.dir/rosidl_typesupport_introspection_c/nav2_msgs/srv/detail/clear_costmap_except_region__type_support.c.o[0m
[51.504s] [ 42%] [32mBuilding C object CMakeFiles/nav2_msgs__rosidl_typesupport_introspection_c.dir/rosidl_typesupport_introspection_c/nav2_msgs/srv/detail/clear_costmap_around_robot__type_support.c.o[0m
[51.553s] [ 42%] [32mBuilding C object CMakeFiles/nav2_msgs__rosidl_typesupport_introspection_c.dir/rosidl_typesupport_introspection_c/nav2_msgs/srv/detail/clear_entire_costmap__type_support.c.o[0m
[51.601s] [ 43%] [32mBuilding C object CMakeFiles/nav2_msgs__rosidl_typesupport_introspection_c.dir/rosidl_typesupport_introspection_c/nav2_msgs/srv/detail/manage_lifecycle_nodes__type_support.c.o[0m
[51.647s] [ 43%] [32mBuilding C object CMakeFiles/nav2_msgs__rosidl_typesupport_introspection_c.dir/rosidl_typesupport_introspection_c/nav2_msgs/srv/detail/load_map__type_support.c.o[0m
[51.694s] [ 43%] [32mBuilding C object CMakeFiles/nav2_msgs__rosidl_typesupport_introspection_c.dir/rosidl_typesupport_introspection_c/nav2_msgs/srv/detail/save_map__type_support.c.o[0m
[51.741s] [ 44%] [32mBuilding C object CMakeFiles/nav2_msgs__rosidl_typesupport_introspection_c.dir/rosidl_typesupport_introspection_c/nav2_msgs/action/detail/back_up__type_support.c.o[0m
[51.828s] [ 44%] [32mBuilding C object CMakeFiles/nav2_msgs__rosidl_typesupport_introspection_c.dir/rosidl_typesupport_introspection_c/nav2_msgs/action/detail/compute_path_to_pose__type_support.c.o[0m
[51.908s] [ 45%] [32mBuilding C object CMakeFiles/nav2_msgs__rosidl_typesupport_introspection_c.dir/rosidl_typesupport_introspection_c/nav2_msgs/action/detail/compute_path_through_poses__type_support.c.o[0m
[52.003s] [ 45%] [32mBuilding C object CMakeFiles/nav2_msgs__rosidl_typesupport_introspection_c.dir/rosidl_typesupport_introspection_c/nav2_msgs/action/detail/drive_on_heading__type_support.c.o[0m
[52.077s] [ 45%] [32mBuilding C object CMakeFiles/nav2_msgs__rosidl_typesupport_introspection_c.dir/rosidl_typesupport_introspection_c/nav2_msgs/action/detail/smooth_path__type_support.c.o[0m
[52.153s] [ 46%] [32mBuilding C object CMakeFiles/nav2_msgs__rosidl_typesupport_introspection_c.dir/rosidl_typesupport_introspection_c/nav2_msgs/action/detail/follow_path__type_support.c.o[0m
[52.228s] [ 46%] [32mBuilding C object CMakeFiles/nav2_msgs__rosidl_typesupport_introspection_c.dir/rosidl_typesupport_introspection_c/nav2_msgs/action/detail/navigate_to_pose__type_support.c.o[0m
[52.307s] [ 47%] [32mBuilding C object CMakeFiles/nav2_msgs__rosidl_typesupport_introspection_c.dir/rosidl_typesupport_introspection_c/nav2_msgs/action/detail/navigate_through_poses__type_support.c.o[0m
[52.391s] [ 47%] [32mBuilding C object CMakeFiles/nav2_msgs__rosidl_typesupport_introspection_c.dir/rosidl_typesupport_introspection_c/nav2_msgs/action/detail/wait__type_support.c.o[0m
[52.471s] [ 47%] [32mBuilding C object CMakeFiles/nav2_msgs__rosidl_typesupport_introspection_c.dir/rosidl_typesupport_introspection_c/nav2_msgs/action/detail/spin__type_support.c.o[0m
[52.544s] [ 48%] [32mBuilding C object CMakeFiles/nav2_msgs__rosidl_typesupport_introspection_c.dir/rosidl_typesupport_introspection_c/nav2_msgs/action/detail/dummy_behavior__type_support.c.o[0m
[52.624s] [ 48%] [32mBuilding C object CMakeFiles/nav2_msgs__rosidl_typesupport_introspection_c.dir/rosidl_typesupport_introspection_c/nav2_msgs/action/detail/follow_waypoints__type_support.c.o[0m
[52.718s] [ 48%] [32mBuilding C object CMakeFiles/nav2_msgs__rosidl_typesupport_introspection_c.dir/rosidl_typesupport_introspection_c/nav2_msgs/msg/detail/speed_limit__type_support.c.o[0m
[52.767s] [ 48%] [32mBuilding C object CMakeFiles/nav2_msgs__rosidl_typesupport_introspection_c.dir/rosidl_typesupport_introspection_c/nav2_msgs/msg/detail/costmap_filter_info__type_support.c.o[0m
[52.814s] [ 49%] [32mBuilding C object CMakeFiles/nav2_msgs__rosidl_typesupport_introspection_c.dir/rosidl_typesupport_introspection_c/nav2_msgs/msg/detail/costmap_meta_data__type_support.c.o[0m
[52.863s] [ 50%] [32m[1mLinking C shared library libnav2_msgs__rosidl_typesupport_introspection_c.so[0m
[52.922s] [ 50%] Built target nav2_msgs__rosidl_typesupport_introspection_c
[52.940s] [ 51%] [34m[1mGenerating C type support for eProsima Fast-RTPS[0m
[59.489s] [35m[1mConsolidate compiler generated dependencies of target nav2_msgs__rosidl_typesupport_fastrtps_c[0m
[59.570s] [ 51%] [32mBuilding CXX object CMakeFiles/nav2_msgs__rosidl_typesupport_fastrtps_c.dir/rosidl_typesupport_fastrtps_c/nav2_msgs/msg/detail/costmap__type_support_c.cpp.o[0m
[60.102s] [ 51%] [32mBuilding CXX object CMakeFiles/nav2_msgs__rosidl_typesupport_fastrtps_c.dir/rosidl_typesupport_fastrtps_c/nav2_msgs/msg/detail/behavior_tree_status_change__type_support_c.cpp.o[0m
[60.587s] [ 51%] [32mBuilding CXX object CMakeFiles/nav2_msgs__rosidl_typesupport_fastrtps_c.dir/rosidl_typesupport_fastrtps_c/nav2_msgs/msg/detail/behavior_tree_log__type_support_c.cpp.o[0m
[60.991s] [ 52%] [32mBuilding CXX object CMakeFiles/nav2_msgs__rosidl_typesupport_fastrtps_c.dir/rosidl_typesupport_fastrtps_c/nav2_msgs/msg/detail/particle__type_support_c.cpp.o[0m
[61.387s] [ 52%] [32mBuilding CXX object CMakeFiles/nav2_msgs__rosidl_typesupport_fastrtps_c.dir/rosidl_typesupport_fastrtps_c/nav2_msgs/msg/detail/particle_cloud__type_support_c.cpp.o[0m
[61.789s] [ 53%] [32mBuilding CXX object CMakeFiles/nav2_msgs__rosidl_typesupport_fastrtps_c.dir/rosidl_typesupport_fastrtps_c/nav2_msgs/srv/detail/get_costmap__type_support_c.cpp.o[0m
[62.168s] [ 53%] [32mBuilding CXX object CMakeFiles/nav2_msgs__rosidl_typesupport_fastrtps_c.dir/rosidl_typesupport_fastrtps_c/nav2_msgs/srv/detail/is_path_valid__type_support_c.cpp.o[0m
[62.537s] [ 53%] [32mBuilding CXX object CMakeFiles/nav2_msgs__rosidl_typesupport_fastrtps_c.dir/rosidl_typesupport_fastrtps_c/nav2_msgs/srv/detail/clear_costmap_except_region__type_support_c.cpp.o[0m
[62.902s] [ 54%] [32mBuilding CXX object CMakeFiles/nav2_msgs__rosidl_typesupport_fastrtps_c.dir/rosidl_typesupport_fastrtps_c/nav2_msgs/srv/detail/clear_costmap_around_robot__type_support_c.cpp.o[0m
[63.305s] [ 54%] [32mBuilding CXX object CMakeFiles/nav2_msgs__rosidl_typesupport_fastrtps_c.dir/rosidl_typesupport_fastrtps_c/nav2_msgs/srv/detail/clear_entire_costmap__type_support_c.cpp.o[0m
[63.690s] [ 55%] [32mBuilding CXX object CMakeFiles/nav2_msgs__rosidl_typesupport_fastrtps_c.dir/rosidl_typesupport_fastrtps_c/nav2_msgs/srv/detail/manage_lifecycle_nodes__type_support_c.cpp.o[0m
[64.059s] [ 55%] [32mBuilding CXX object CMakeFiles/nav2_msgs__rosidl_typesupport_fastrtps_c.dir/rosidl_typesupport_fastrtps_c/nav2_msgs/srv/detail/load_map__type_support_c.cpp.o[0m
[64.472s] [ 55%] [32mBuilding CXX object CMakeFiles/nav2_msgs__rosidl_typesupport_fastrtps_c.dir/rosidl_typesupport_fastrtps_c/nav2_msgs/srv/detail/save_map__type_support_c.cpp.o[0m
[64.947s] [ 56%] [32mBuilding CXX object CMakeFiles/nav2_msgs__rosidl_typesupport_fastrtps_c.dir/rosidl_typesupport_fastrtps_c/nav2_msgs/action/detail/back_up__type_support_c.cpp.o[0m
[65.450s] [ 56%] [32mBuilding CXX object CMakeFiles/nav2_msgs__rosidl_typesupport_fastrtps_c.dir/rosidl_typesupport_fastrtps_c/nav2_msgs/action/detail/compute_path_to_pose__type_support_c.cpp.o[0m
[66.006s] [ 57%] [32mBuilding CXX object CMakeFiles/nav2_msgs__rosidl_typesupport_fastrtps_c.dir/rosidl_typesupport_fastrtps_c/nav2_msgs/action/detail/compute_path_through_poses__type_support_c.cpp.o[0m
[66.593s] [ 57%] [32mBuilding CXX object CMakeFiles/nav2_msgs__rosidl_typesupport_fastrtps_c.dir/rosidl_typesupport_fastrtps_c/nav2_msgs/action/detail/drive_on_heading__type_support_c.cpp.o[0m
[67.124s] [ 57%] [32mBuilding CXX object CMakeFiles/nav2_msgs__rosidl_typesupport_fastrtps_c.dir/rosidl_typesupport_fastrtps_c/nav2_msgs/action/detail/smooth_path__type_support_c.cpp.o[0m
[67.660s] [ 58%] [32mBuilding CXX object CMakeFiles/nav2_msgs__rosidl_typesupport_fastrtps_c.dir/rosidl_typesupport_fastrtps_c/nav2_msgs/action/detail/follow_path__type_support_c.cpp.o[0m
[68.229s] [ 58%] [32mBuilding CXX object CMakeFiles/nav2_msgs__rosidl_typesupport_fastrtps_c.dir/rosidl_typesupport_fastrtps_c/nav2_msgs/action/detail/navigate_to_pose__type_support_c.cpp.o[0m
[68.769s] [ 59%] [32mBuilding CXX object CMakeFiles/nav2_msgs__rosidl_typesupport_fastrtps_c.dir/rosidl_typesupport_fastrtps_c/nav2_msgs/action/detail/navigate_through_poses__type_support_c.cpp.o[0m
[69.293s] [ 59%] [32mBuilding CXX object CMakeFiles/nav2_msgs__rosidl_typesupport_fastrtps_c.dir/rosidl_typesupport_fastrtps_c/nav2_msgs/action/detail/wait__type_support_c.cpp.o[0m
[69.762s] [ 59%] [32mBuilding CXX object CMakeFiles/nav2_msgs__rosidl_typesupport_fastrtps_c.dir/rosidl_typesupport_fastrtps_c/nav2_msgs/action/detail/spin__type_support_c.cpp.o[0m
[70.238s] [ 60%] [32mBuilding CXX object CMakeFiles/nav2_msgs__rosidl_typesupport_fastrtps_c.dir/rosidl_typesupport_fastrtps_c/nav2_msgs/action/detail/dummy_behavior__type_support_c.cpp.o[0m
[70.711s] [ 60%] [32mBuilding CXX object CMakeFiles/nav2_msgs__rosidl_typesupport_fastrtps_c.dir/rosidl_typesupport_fastrtps_c/nav2_msgs/action/detail/follow_waypoints__type_support_c.cpp.o[0m
[71.197s] [ 61%] [32mBuilding CXX object CMakeFiles/nav2_msgs__rosidl_typesupport_fastrtps_c.dir/rosidl_typesupport_fastrtps_c/nav2_msgs/msg/detail/voxel_grid__type_support_c.cpp.o[0m
[71.566s] [ 61%] [32mBuilding CXX object CMakeFiles/nav2_msgs__rosidl_typesupport_fastrtps_c.dir/rosidl_typesupport_fastrtps_c/nav2_msgs/msg/detail/speed_limit__type_support_c.cpp.o[0m
[71.917s] [ 62%] [32mBuilding CXX object CMakeFiles/nav2_msgs__rosidl_typesupport_fastrtps_c.dir/rosidl_typesupport_fastrtps_c/nav2_msgs/msg/detail/costmap_filter_info__type_support_c.cpp.o[0m
[72.299s] [ 62%] [32mBuilding CXX object CMakeFiles/nav2_msgs__rosidl_typesupport_fastrtps_c.dir/rosidl_typesupport_fastrtps_c/nav2_msgs/msg/detail/costmap_meta_data__type_support_c.cpp.o[0m
[72.677s] [ 62%] [32m[1mLinking CXX shared library libnav2_msgs__rosidl_typesupport_fastrtps_c.so[0m
[72.782s] [ 62%] Built target nav2_msgs__rosidl_typesupport_fastrtps_c
[72.797s] [ 63%] [34m[1mGenerating C++ type support for eProsima Fast-RTPS[0m
[78.585s] [35m[1mConsolidate compiler generated dependencies of target nav2_msgs__rosidl_typesupport_fastrtps_cpp[0m
[78.635s] [ 63%] [32mBuilding CXX object CMakeFiles/nav2_msgs__rosidl_typesupport_fastrtps_cpp.dir/rosidl_typesupport_fastrtps_cpp/nav2_msgs/msg/detail/dds_fastrtps/costmap__type_support.cpp.o[0m
[79.111s] [ 63%] [32mBuilding CXX object CMakeFiles/nav2_msgs__rosidl_typesupport_fastrtps_cpp.dir/rosidl_typesupport_fastrtps_cpp/nav2_msgs/msg/detail/dds_fastrtps/behavior_tree_log__type_support.cpp.o[0m
[79.616s] [ 64%] [32mBuilding CXX object CMakeFiles/nav2_msgs__rosidl_typesupport_fastrtps_cpp.dir/rosidl_typesupport_fastrtps_cpp/nav2_msgs/msg/detail/dds_fastrtps/particle__type_support.cpp.o[0m
[80.023s] [ 64%] [32mBuilding CXX object CMakeFiles/nav2_msgs__rosidl_typesupport_fastrtps_cpp.dir/rosidl_typesupport_fastrtps_cpp/nav2_msgs/msg/detail/dds_fastrtps/particle_cloud__type_support.cpp.o[0m
[80.518s] [ 65%] [32mBuilding CXX object CMakeFiles/nav2_msgs__rosidl_typesupport_fastrtps_cpp.dir/rosidl_typesupport_fastrtps_cpp/nav2_msgs/srv/detail/dds_fastrtps/get_costmap__type_support.cpp.o[0m
[80.962s] [ 65%] [32mBuilding CXX object CMakeFiles/nav2_msgs__rosidl_typesupport_fastrtps_cpp.dir/rosidl_typesupport_fastrtps_cpp/nav2_msgs/srv/detail/dds_fastrtps/is_path_valid__type_support.cpp.o[0m
[81.508s] [ 65%] [32mBuilding CXX object CMakeFiles/nav2_msgs__rosidl_typesupport_fastrtps_cpp.dir/rosidl_typesupport_fastrtps_cpp/nav2_msgs/srv/detail/dds_fastrtps/clear_costmap_except_region__type_support.cpp.o[0m
[81.955s] [ 66%] [32mBuilding CXX object CMakeFiles/nav2_msgs__rosidl_typesupport_fastrtps_cpp.dir/rosidl_typesupport_fastrtps_cpp/nav2_msgs/srv/detail/dds_fastrtps/clear_costmap_around_robot__type_support.cpp.o[0m
[82.408s] [ 66%] [32mBuilding CXX object CMakeFiles/nav2_msgs__rosidl_typesupport_fastrtps_cpp.dir/rosidl_typesupport_fastrtps_cpp/nav2_msgs/srv/detail/dds_fastrtps/clear_entire_costmap__type_support.cpp.o[0m
[82.868s] [ 67%] [32mBuilding CXX object CMakeFiles/nav2_msgs__rosidl_typesupport_fastrtps_cpp.dir/rosidl_typesupport_fastrtps_cpp/nav2_msgs/srv/detail/dds_fastrtps/manage_lifecycle_nodes__type_support.cpp.o[0m
[83.309s] [ 67%] [32mBuilding CXX object CMakeFiles/nav2_msgs__rosidl_typesupport_fastrtps_cpp.dir/rosidl_typesupport_fastrtps_cpp/nav2_msgs/srv/detail/dds_fastrtps/load_map__type_support.cpp.o[0m
[83.753s] [ 67%] [32mBuilding CXX object CMakeFiles/nav2_msgs__rosidl_typesupport_fastrtps_cpp.dir/rosidl_typesupport_fastrtps_cpp/nav2_msgs/srv/detail/dds_fastrtps/save_map__type_support.cpp.o[0m
[84.224s] [ 68%] [32mBuilding CXX object CMakeFiles/nav2_msgs__rosidl_typesupport_fastrtps_cpp.dir/rosidl_typesupport_fastrtps_cpp/nav2_msgs/action/detail/dds_fastrtps/back_up__type_support.cpp.o[0m
[84.225s] [ 68%] [32mBuilding CXX object CMakeFiles/nav2_msgs__rosidl_typesupport_fastrtps_cpp.dir/rosidl_typesupport_fastrtps_cpp/nav2_msgs/msg/detail/dds_fastrtps/behavior_tree_status_change__type_support.cpp.o[0m
[84.688s] [ 68%] [32mBuilding CXX object CMakeFiles/nav2_msgs__rosidl_typesupport_fastrtps_cpp.dir/rosidl_typesupport_fastrtps_cpp/nav2_msgs/action/detail/dds_fastrtps/compute_path_to_pose__type_support.cpp.o[0m
[84.874s] [ 68%] [32mBuilding CXX object CMakeFiles/nav2_msgs__rosidl_typesupport_fastrtps_cpp.dir/rosidl_typesupport_fastrtps_cpp/nav2_msgs/action/detail/dds_fastrtps/compute_path_through_poses__type_support.cpp.o[0m
[85.485s] [ 69%] [32mBuilding CXX object CMakeFiles/nav2_msgs__rosidl_typesupport_fastrtps_cpp.dir/rosidl_typesupport_fastrtps_cpp/nav2_msgs/action/detail/dds_fastrtps/drive_on_heading__type_support.cpp.o[0m
[85.685s] [ 69%] [32mBuilding CXX object CMakeFiles/nav2_msgs__rosidl_typesupport_fastrtps_cpp.dir/rosidl_typesupport_fastrtps_cpp/nav2_msgs/action/detail/dds_fastrtps/smooth_path__type_support.cpp.o[0m
[86.317s] [ 70%] [32mBuilding CXX object CMakeFiles/nav2_msgs__rosidl_typesupport_fastrtps_cpp.dir/rosidl_typesupport_fastrtps_cpp/nav2_msgs/action/detail/dds_fastrtps/follow_path__type_support.cpp.o[0m
[86.530s] [ 70%] [32mBuilding CXX object CMakeFiles/nav2_msgs__rosidl_typesupport_fastrtps_cpp.dir/rosidl_typesupport_fastrtps_cpp/nav2_msgs/action/detail/dds_fastrtps/navigate_to_pose__type_support.cpp.o[0m
[87.101s] [ 70%] [32mBuilding CXX object CMakeFiles/nav2_msgs__rosidl_typesupport_fastrtps_cpp.dir/rosidl_typesupport_fastrtps_cpp/nav2_msgs/action/detail/dds_fastrtps/navigate_through_poses__type_support.cpp.o[0m
[87.482s] [ 71%] [32mBuilding CXX object CMakeFiles/nav2_msgs__rosidl_typesupport_fastrtps_cpp.dir/rosidl_typesupport_fastrtps_cpp/nav2_msgs/action/detail/dds_fastrtps/wait__type_support.cpp.o[0m
[88.311s] [ 71%] [32mBuilding CXX object CMakeFiles/nav2_msgs__rosidl_typesupport_fastrtps_cpp.dir/rosidl_typesupport_fastrtps_cpp/nav2_msgs/action/detail/dds_fastrtps/spin__type_support.cpp.o[0m
[88.398s] [ 72%] [32mBuilding CXX object CMakeFiles/nav2_msgs__rosidl_typesupport_fastrtps_cpp.dir/rosidl_typesupport_fastrtps_cpp/nav2_msgs/action/detail/dds_fastrtps/dummy_behavior__type_support.cpp.o[0m
[89.833s] [ 72%] [32mBuilding CXX object CMakeFiles/nav2_msgs__rosidl_typesupport_fastrtps_cpp.dir/rosidl_typesupport_fastrtps_cpp/nav2_msgs/action/detail/dds_fastrtps/follow_waypoints__type_support.cpp.o[0m
[91.334s] [ 73%] [32mBuilding CXX object CMakeFiles/nav2_msgs__rosidl_typesupport_fastrtps_cpp.dir/rosidl_typesupport_fastrtps_cpp/nav2_msgs/msg/detail/dds_fastrtps/voxel_grid__type_support.cpp.o[0m
[91.880s] [ 73%] [32mBuilding CXX object CMakeFiles/nav2_msgs__rosidl_typesupport_fastrtps_cpp.dir/rosidl_typesupport_fastrtps_cpp/nav2_msgs/msg/detail/dds_fastrtps/speed_limit__type_support.cpp.o[0m
[92.317s] [ 74%] [32mBuilding CXX object CMakeFiles/nav2_msgs__rosidl_typesupport_fastrtps_cpp.dir/rosidl_typesupport_fastrtps_cpp/nav2_msgs/msg/detail/dds_fastrtps/costmap_filter_info__type_support.cpp.o[0m
[92.781s] [ 74%] [32mBuilding CXX object CMakeFiles/nav2_msgs__rosidl_typesupport_fastrtps_cpp.dir/rosidl_typesupport_fastrtps_cpp/nav2_msgs/msg/detail/dds_fastrtps/costmap_meta_data__type_support.cpp.o[0m
[93.267s] [ 74%] [32m[1mLinking CXX shared library libnav2_msgs__rosidl_typesupport_fastrtps_cpp.so[0m
[93.386s] [ 74%] Built target nav2_msgs__rosidl_typesupport_fastrtps_cpp
[93.402s] [ 75%] [34m[1mGenerating C++ type support dispatch for ROS interfaces[0m
[96.864s] [35m[1mConsolidate compiler generated dependencies of target nav2_msgs__rosidl_typesupport_cpp[0m
[96.907s] [ 75%] [32mBuilding CXX object CMakeFiles/nav2_msgs__rosidl_typesupport_cpp.dir/rosidl_typesupport_cpp/nav2_msgs/msg/costmap__type_support.cpp.o[0m
[97.223s] [ 76%] [32mBuilding CXX object CMakeFiles/nav2_msgs__rosidl_typesupport_cpp.dir/rosidl_typesupport_cpp/nav2_msgs/msg/particle__type_support.cpp.o[0m
[97.531s] [ 76%] [32mBuilding CXX object CMakeFiles/nav2_msgs__rosidl_typesupport_cpp.dir/rosidl_typesupport_cpp/nav2_msgs/msg/particle_cloud__type_support.cpp.o[0m
[97.811s] [ 76%] [32mBuilding CXX object CMakeFiles/nav2_msgs__rosidl_typesupport_cpp.dir/rosidl_typesupport_cpp/nav2_msgs/srv/get_costmap__type_support.cpp.o[0m
[98.100s] [ 77%] [32mBuilding CXX object CMakeFiles/nav2_msgs__rosidl_typesupport_cpp.dir/rosidl_typesupport_cpp/nav2_msgs/srv/is_path_valid__type_support.cpp.o[0m
[98.389s] [ 77%] [32mBuilding CXX object CMakeFiles/nav2_msgs__rosidl_typesupport_cpp.dir/rosidl_typesupport_cpp/nav2_msgs/srv/clear_costmap_except_region__type_support.cpp.o[0m
[98.672s] [ 78%] [32mBuilding CXX object CMakeFiles/nav2_msgs__rosidl_typesupport_cpp.dir/rosidl_typesupport_cpp/nav2_msgs/srv/clear_costmap_around_robot__type_support.cpp.o[0m
[98.945s] [ 78%] [32mBuilding CXX object CMakeFiles/nav2_msgs__rosidl_typesupport_cpp.dir/rosidl_typesupport_cpp/nav2_msgs/srv/clear_entire_costmap__type_support.cpp.o[0m
[99.212s] [ 78%] [32mBuilding CXX object CMakeFiles/nav2_msgs__rosidl_typesupport_cpp.dir/rosidl_typesupport_cpp/nav2_msgs/srv/manage_lifecycle_nodes__type_support.cpp.o[0m
[99.470s] [ 79%] [32mBuilding CXX object CMakeFiles/nav2_msgs__rosidl_typesupport_cpp.dir/rosidl_typesupport_cpp/nav2_msgs/srv/load_map__type_support.cpp.o[0m
[99.724s] [ 79%] [32mBuilding CXX object CMakeFiles/nav2_msgs__rosidl_typesupport_cpp.dir/rosidl_typesupport_cpp/nav2_msgs/srv/save_map__type_support.cpp.o[0m
[99.972s] [ 80%] [32mBuilding CXX object CMakeFiles/nav2_msgs__rosidl_typesupport_cpp.dir/rosidl_typesupport_cpp/nav2_msgs/action/back_up__type_support.cpp.o[0m
[100.409s] [ 80%] [32mBuilding CXX object CMakeFiles/nav2_msgs__rosidl_typesupport_cpp.dir/rosidl_typesupport_cpp/nav2_msgs/action/compute_path_to_pose__type_support.cpp.o[0m
[100.856s] [ 80%] [32mBuilding CXX object CMakeFiles/nav2_msgs__rosidl_typesupport_cpp.dir/rosidl_typesupport_cpp/nav2_msgs/action/compute_path_through_poses__type_support.cpp.o[0m
[101.324s] [ 81%] [32mBuilding CXX object CMakeFiles/nav2_msgs__rosidl_typesupport_cpp.dir/rosidl_typesupport_cpp/nav2_msgs/action/drive_on_heading__type_support.cpp.o[0m
[101.739s] [ 81%] [32mBuilding CXX object CMakeFiles/nav2_msgs__rosidl_typesupport_cpp.dir/rosidl_typesupport_cpp/nav2_msgs/action/smooth_path__type_support.cpp.o[0m
[102.144s] [ 82%] [32mBuilding CXX object CMakeFiles/nav2_msgs__rosidl_typesupport_cpp.dir/rosidl_typesupport_cpp/nav2_msgs/action/follow_path__type_support.cpp.o[0m
[102.542s] [ 82%] [32mBuilding CXX object CMakeFiles/nav2_msgs__rosidl_typesupport_cpp.dir/rosidl_typesupport_cpp/nav2_msgs/action/navigate_to_pose__type_support.cpp.o[0m
[102.943s] [ 82%] [32mBuilding CXX object CMakeFiles/nav2_msgs__rosidl_typesupport_cpp.dir/rosidl_typesupport_cpp/nav2_msgs/action/navigate_through_poses__type_support.cpp.o[0m
[103.346s] [ 83%] [32mBuilding CXX object CMakeFiles/nav2_msgs__rosidl_typesupport_cpp.dir/rosidl_typesupport_cpp/nav2_msgs/action/wait__type_support.cpp.o[0m
[103.762s] [ 83%] [32mBuilding CXX object CMakeFiles/nav2_msgs__rosidl_typesupport_cpp.dir/rosidl_typesupport_cpp/nav2_msgs/action/spin__type_support.cpp.o[0m
[104.157s] [ 84%] [32mBuilding CXX object CMakeFiles/nav2_msgs__rosidl_typesupport_cpp.dir/rosidl_typesupport_cpp/nav2_msgs/msg/behavior_tree_log__type_support.cpp.o[0m
[104.157s] [ 84%] [32mBuilding CXX object CMakeFiles/nav2_msgs__rosidl_typesupport_cpp.dir/rosidl_typesupport_cpp/nav2_msgs/action/dummy_behavior__type_support.cpp.o[0m
[104.410s] [ 84%] [32mBuilding CXX object CMakeFiles/nav2_msgs__rosidl_typesupport_cpp.dir/rosidl_typesupport_cpp/nav2_msgs/action/follow_waypoints__type_support.cpp.o[0m
[104.588s] [ 84%] [32mBuilding CXX object CMakeFiles/nav2_msgs__rosidl_typesupport_cpp.dir/rosidl_typesupport_cpp/nav2_msgs/msg/behavior_tree_status_change__type_support.cpp.o[0m
[104.828s] [ 85%] [32mBuilding CXX object CMakeFiles/nav2_msgs__rosidl_typesupport_cpp.dir/rosidl_typesupport_cpp/nav2_msgs/msg/voxel_grid__type_support.cpp.o[0m
[104.835s] [ 85%] [32mBuilding CXX object CMakeFiles/nav2_msgs__rosidl_typesupport_cpp.dir/rosidl_typesupport_cpp/nav2_msgs/msg/speed_limit__type_support.cpp.o[0m
[105.080s] [ 86%] [32mBuilding CXX object CMakeFiles/nav2_msgs__rosidl_typesupport_cpp.dir/rosidl_typesupport_cpp/nav2_msgs/msg/costmap_filter_info__type_support.cpp.o[0m
[105.081s] [ 86%] [32mBuilding CXX object CMakeFiles/nav2_msgs__rosidl_typesupport_cpp.dir/rosidl_typesupport_cpp/nav2_msgs/msg/costmap_meta_data__type_support.cpp.o[0m
[105.348s] [ 86%] [32m[1mLinking CXX shared library libnav2_msgs__rosidl_typesupport_cpp.so[0m
[105.404s] [ 86%] Built target nav2_msgs__rosidl_typesupport_cpp
[105.433s] [ 86%] Built target nav2_msgs
[105.460s] [ 86%] [34m[1mGenerating Python code for ROS interfaces[0m
[117.635s] [ 86%] Built target nav2_msgs__py
[117.660s] [35m[1mConsolidate compiler generated dependencies of target nav2_msgs__rosidl_generator_py[0m
[117.704s] [ 87%] [32mBuilding C object CMakeFiles/nav2_msgs__rosidl_generator_py.dir/rosidl_generator_py/nav2_msgs/msg/_costmap_meta_data_s.c.o[0m
[117.705s] [ 88%] [32mBuilding C object CMakeFiles/nav2_msgs__rosidl_generator_py.dir/rosidl_generator_py/nav2_msgs/msg/_costmap_s.c.o[0m
[117.705s] [ 88%] [32mBuilding C object CMakeFiles/nav2_msgs__rosidl_generator_py.dir/rosidl_generator_py/nav2_msgs/msg/_costmap_filter_info_s.c.o[0m
[117.886s] [ 89%] [32mBuilding C object CMakeFiles/nav2_msgs__rosidl_generator_py.dir/rosidl_generator_py/nav2_msgs/msg/_particle_s.c.o[0m
[117.887s] [ 89%] [32mBuilding C object CMakeFiles/nav2_msgs__rosidl_generator_py.dir/rosidl_generator_py/nav2_msgs/msg/_particle_cloud_s.c.o[0m
[117.900s] [ 89%] [32mBuilding C object CMakeFiles/nav2_msgs__rosidl_generator_py.dir/rosidl_generator_py/nav2_msgs/srv/_get_costmap_s.c.o[0m
[118.021s] [ 90%] [32mBuilding C object CMakeFiles/nav2_msgs__rosidl_generator_py.dir/rosidl_generator_py/nav2_msgs/srv/_is_path_valid_s.c.o[0m
[118.033s] [ 90%] [32mBuilding C object CMakeFiles/nav2_msgs__rosidl_generator_py.dir/rosidl_generator_py/nav2_msgs/msg/_behavior_tree_log_s.c.o[0m
[118.034s] [ 91%] [32mBuilding C object CMakeFiles/nav2_msgs__rosidl_generator_py.dir/rosidl_generator_py/nav2_msgs/msg/_behavior_tree_status_change_s.c.o[0m
[118.037s] [ 91%] [32mBuilding C object CMakeFiles/nav2_msgs__rosidl_generator_py.dir/rosidl_generator_py/nav2_msgs/srv/_clear_costmap_except_region_s.c.o[0m
[118.059s] [ 92%] [32mBuilding C object CMakeFiles/nav2_msgs__rosidl_generator_py.dir/rosidl_generator_py/nav2_msgs/srv/_clear_costmap_around_robot_s.c.o[0m
[118.191s] [ 92%] [32mBuilding C object CMakeFiles/nav2_msgs__rosidl_generator_py.dir/rosidl_generator_py/nav2_msgs/srv/_clear_entire_costmap_s.c.o[0m
[118.202s] [ 92%] [32mBuilding C object CMakeFiles/nav2_msgs__rosidl_generator_py.dir/rosidl_generator_py/nav2_msgs/msg/_speed_limit_s.c.o[0m
[118.202s] [ 92%] [32mBuilding C object CMakeFiles/nav2_msgs__rosidl_generator_py.dir/rosidl_generator_py/nav2_msgs/srv/_manage_lifecycle_nodes_s.c.o[0m
[118.202s] [ 92%] [32mBuilding C object CMakeFiles/nav2_msgs__rosidl_generator_py.dir/rosidl_generator_py/nav2_msgs/msg/_voxel_grid_s.c.o[0m
[118.205s] [ 93%] [32mBuilding C object CMakeFiles/nav2_msgs__rosidl_generator_py.dir/rosidl_generator_py/nav2_msgs/action/_back_up_s.c.o[0m
[118.336s] [ 93%] [32mBuilding C object CMakeFiles/nav2_msgs__rosidl_generator_py.dir/rosidl_generator_py/nav2_msgs/action/_compute_path_to_pose_s.c.o[0m
[118.339s] [ 93%] [32mBuilding C object CMakeFiles/nav2_msgs__rosidl_generator_py.dir/rosidl_generator_py/nav2_msgs/action/_compute_path_through_poses_s.c.o[0m
[118.345s] [ 94%] [32mBuilding C object CMakeFiles/nav2_msgs__rosidl_generator_py.dir/rosidl_generator_py/nav2_msgs/action/_drive_on_heading_s.c.o[0m
[118.372s] [ 94%] [32mBuilding C object CMakeFiles/nav2_msgs__rosidl_generator_py.dir/rosidl_generator_py/nav2_msgs/action/_smooth_path_s.c.o[0m
[118.478s] [ 94%] [32mBuilding C object CMakeFiles/nav2_msgs__rosidl_generator_py.dir/rosidl_generator_py/nav2_msgs/action/_follow_path_s.c.o[0m
[118.606s] [ 95%] [32mBuilding C object CMakeFiles/nav2_msgs__rosidl_generator_py.dir/rosidl_generator_py/nav2_msgs/action/_navigate_to_pose_s.c.o[0m
[118.610s] [ 95%] [32mBuilding C object CMakeFiles/nav2_msgs__rosidl_generator_py.dir/rosidl_generator_py/nav2_msgs/action/_navigate_through_poses_s.c.o[0m
[118.635s] [ 96%] [32mBuilding C object CMakeFiles/nav2_msgs__rosidl_generator_py.dir/rosidl_generator_py/nav2_msgs/action/_wait_s.c.o[0m
[118.642s] [ 96%] [32mBuilding C object CMakeFiles/nav2_msgs__rosidl_generator_py.dir/rosidl_generator_py/nav2_msgs/action/_spin_s.c.o[0m
[118.748s] [ 96%] [32mBuilding C object CMakeFiles/nav2_msgs__rosidl_generator_py.dir/rosidl_generator_py/nav2_msgs/action/_dummy_behavior_s.c.o[0m
[118.879s] [ 97%] [32mBuilding C object CMakeFiles/nav2_msgs__rosidl_generator_py.dir/rosidl_generator_py/nav2_msgs/action/_follow_waypoints_s.c.o[0m
[118.884s] [ 97%] [32mBuilding C object CMakeFiles/nav2_msgs__rosidl_generator_py.dir/rosidl_generator_py/nav2_msgs/srv/_save_map_s.c.o[0m
[118.896s] [ 98%] [32mBuilding C object CMakeFiles/nav2_msgs__rosidl_generator_py.dir/rosidl_generator_py/nav2_msgs/srv/_load_map_s.c.o[0m
[119.149s] [ 98%] [32m[1mLinking C shared library rosidl_generator_py/nav2_msgs/libnav2_msgs__rosidl_generator_py.so[0m
[119.202s] [ 98%] Built target nav2_msgs__rosidl_generator_py
[119.217s] [35m[1mConsolidate compiler generated dependencies of target nav2_msgs__rosidl_typesupport_introspection_c__pyext[0m
[119.217s] [35m[1mConsolidate compiler generated dependencies of target nav2_msgs__rosidl_typesupport_c__pyext[0m
[119.217s] [35m[1mConsolidate compiler generated dependencies of target nav2_msgs__rosidl_typesupport_fastrtps_c__pyext[0m
[119.236s] [100%] [32mBuilding C object CMakeFiles/nav2_msgs__rosidl_typesupport_fastrtps_c__pyext.dir/rosidl_generator_py/nav2_msgs/_nav2_msgs_s.ep.rosidl_typesupport_fastrtps_c.c.o[0m
[119.236s] [100%] [32mBuilding C object CMakeFiles/nav2_msgs__rosidl_typesupport_c__pyext.dir/rosidl_generator_py/nav2_msgs/_nav2_msgs_s.ep.rosidl_typesupport_c.c.o[0m
[119.236s] [100%] [32mBuilding C object CMakeFiles/nav2_msgs__rosidl_typesupport_introspection_c__pyext.dir/rosidl_generator_py/nav2_msgs/_nav2_msgs_s.ep.rosidl_typesupport_introspection_c.c.o[0m
[120.831s] [100%] [32m[1mLinking C shared library rosidl_generator_py/nav2_msgs/nav2_msgs_s__rosidl_typesupport_c.cpython-310-x86_64-linux-gnu.so[0m
[120.831s] [100%] [32m[1mLinking C shared library rosidl_generator_py/nav2_msgs/nav2_msgs_s__rosidl_typesupport_fastrtps_c.cpython-310-x86_64-linux-gnu.so[0m
[120.831s] [100%] [32m[1mLinking C shared library rosidl_generator_py/nav2_msgs/nav2_msgs_s__rosidl_typesupport_introspection_c.cpython-310-x86_64-linux-gnu.so[0m
[120.893s] [100%] Built target nav2_msgs__rosidl_typesupport_introspection_c__pyext
[120.893s] [100%] Built target nav2_msgs__rosidl_typesupport_fastrtps_c__pyext
[120.893s] [100%] Built target nav2_msgs__rosidl_typesupport_c__pyext
[120.932s] Invoked command in '/home/agilex/agilex_ws/build/nav2_msgs' returned '0': CMAKE_PREFIX_PATH=/home/agilex/agilex_ws/install/nav2_common:/home/agilex/agilex_ws/install/ydlidar_sdk:/home/agilex/agilex_ws/install/ydlidar_ros2_driver:/home/agilex/agilex_ws/install/teb_local_planner:/home/agilex/agilex_ws/install/teb_msgs:/home/agilex/agilex_ws/install/rf2o_laser_odometry:/home/agilex/agilex_ws/install/nav2_system_tests:/home/agilex/agilex_ws/install/nav2_bringup:/home/agilex/agilex_ws/install/navigation2:/home/agilex/agilex_ws/install/nav2_smoother:/home/agilex/agilex_ws/install/nav2_dwb_controller:/home/agilex/agilex_ws/install/limo_bringup:/home/agilex/agilex_ws/install/nav2_controller:/home/agilex/agilex_ws/install/dwb_plugins:/home/agilex/agilex_ws/install/dwb_critics:/home/agilex/agilex_ws/install/dwb_core:/home/agilex/agilex_ws/install/nav_2d_utils:/home/agilex/agilex_ws/install/dwb_msgs:/home/agilex/agilex_ws/install/nav_2d_msgs:/home/agilex/agilex_ws/install/nav2_waypoint_follower:/home/agilex/agilex_ws/install/nav2_theta_star_planner:/home/agilex/agilex_ws/install/nav2_smac_planner:/home/agilex/agilex_ws/install/nav2_rotation_shim_controller:/home/agilex/agilex_ws/install/nav2_regulated_pure_pursuit_controller:/home/agilex/agilex_ws/install/nav2_planner:/home/agilex/agilex_ws/install/nav2_navfn_planner:/home/agilex/agilex_ws/install/nav2_constrained_smoother:/home/agilex/agilex_ws/install/nav2_bt_navigator:/home/agilex/agilex_ws/install/nav2_behaviors:/home/agilex/agilex_ws/install/nav2_core:/home/agilex/agilex_ws/install/costmap_queue:/home/agilex/agilex_ws/install/costmap_converter:/home/agilex/agilex_ws/install/nav2_costmap_2d:/home/agilex/agilex_ws/install/nav2_voxel_grid:/home/agilex/agilex_ws/install/nav2_rviz_plugins:/home/agilex/agilex_ws/install/nav2_map_server:/home/agilex/agilex_ws/install/nav2_lifecycle_manager:/home/agilex/agilex_ws/install/nav2_behavior_tree:/home/agilex/agilex_ws/install/nav2_amcl:/home/agilex/agilex_ws/install/nav2_util:/home/agilex/agilex_ws/install/nav2_msgs:/home/agilex/agilex_ws/install/magic_enum:/home/agilex/agilex_ws/install/limo_visions:/home/agilex/agilex_ws/install/limo_base:/home/agilex/agilex_ws/install/limo_msgs:/home/agilex/agilex_ws/install/limo_description:/home/agilex/agilex_ws/install/limo_car:/home/agilex/agilex_ws/install/libuvc:/home/agilex/agilex_ws/install/glog:/home/agilex/agilex_ws/install/csm:/home/agilex/agilex_ws/install/costmap_converter_msgs:/home/agilex/agilex_ws/install/astra_camera:/home/agilex/agilex_ws/install/astra_camera_msgs:/home/agilex/agilex_ws/install/aruco_ros:/home/agilex/agilex_ws/install/aruco_msgs:/home/agilex/agilex_ws/install/aruco:/home/agilex/agilex_ws/install/yolov5_ros2:/home/agilex/agilex_ws/install/nav2_simple_commander:/opt/ros/humble /usr/bin/cmake --build /home/agilex/agilex_ws/build/nav2_msgs -- -j8 -l8
[121.799s] Invoking command in '/home/agilex/agilex_ws/build/nav2_msgs': CMAKE_PREFIX_PATH=/home/agilex/agilex_ws/install/nav2_common:/home/agilex/agilex_ws/install/ydlidar_sdk:/home/agilex/agilex_ws/install/ydlidar_ros2_driver:/home/agilex/agilex_ws/install/teb_local_planner:/home/agilex/agilex_ws/install/teb_msgs:/home/agilex/agilex_ws/install/rf2o_laser_odometry:/home/agilex/agilex_ws/install/nav2_system_tests:/home/agilex/agilex_ws/install/nav2_bringup:/home/agilex/agilex_ws/install/navigation2:/home/agilex/agilex_ws/install/nav2_smoother:/home/agilex/agilex_ws/install/nav2_dwb_controller:/home/agilex/agilex_ws/install/limo_bringup:/home/agilex/agilex_ws/install/nav2_controller:/home/agilex/agilex_ws/install/dwb_plugins:/home/agilex/agilex_ws/install/dwb_critics:/home/agilex/agilex_ws/install/dwb_core:/home/agilex/agilex_ws/install/nav_2d_utils:/home/agilex/agilex_ws/install/dwb_msgs:/home/agilex/agilex_ws/install/nav_2d_msgs:/home/agilex/agilex_ws/install/nav2_waypoint_follower:/home/agilex/agilex_ws/install/nav2_theta_star_planner:/home/agilex/agilex_ws/install/nav2_smac_planner:/home/agilex/agilex_ws/install/nav2_rotation_shim_controller:/home/agilex/agilex_ws/install/nav2_regulated_pure_pursuit_controller:/home/agilex/agilex_ws/install/nav2_planner:/home/agilex/agilex_ws/install/nav2_navfn_planner:/home/agilex/agilex_ws/install/nav2_constrained_smoother:/home/agilex/agilex_ws/install/nav2_bt_navigator:/home/agilex/agilex_ws/install/nav2_behaviors:/home/agilex/agilex_ws/install/nav2_core:/home/agilex/agilex_ws/install/costmap_queue:/home/agilex/agilex_ws/install/costmap_converter:/home/agilex/agilex_ws/install/nav2_costmap_2d:/home/agilex/agilex_ws/install/nav2_voxel_grid:/home/agilex/agilex_ws/install/nav2_rviz_plugins:/home/agilex/agilex_ws/install/nav2_map_server:/home/agilex/agilex_ws/install/nav2_lifecycle_manager:/home/agilex/agilex_ws/install/nav2_behavior_tree:/home/agilex/agilex_ws/install/nav2_amcl:/home/agilex/agilex_ws/install/nav2_util:/home/agilex/agilex_ws/install/nav2_msgs:/home/agilex/agilex_ws/install/magic_enum:/home/agilex/agilex_ws/install/limo_visions:/home/agilex/agilex_ws/install/limo_base:/home/agilex/agilex_ws/install/limo_msgs:/home/agilex/agilex_ws/install/limo_description:/home/agilex/agilex_ws/install/limo_car:/home/agilex/agilex_ws/install/libuvc:/home/agilex/agilex_ws/install/glog:/home/agilex/agilex_ws/install/csm:/home/agilex/agilex_ws/install/costmap_converter_msgs:/home/agilex/agilex_ws/install/astra_camera:/home/agilex/agilex_ws/install/astra_camera_msgs:/home/agilex/agilex_ws/install/aruco_ros:/home/agilex/agilex_ws/install/aruco_msgs:/home/agilex/agilex_ws/install/aruco:/home/agilex/agilex_ws/install/yolov5_ros2:/home/agilex/agilex_ws/install/nav2_simple_commander:/opt/ros/humble /usr/bin/cmake --install /home/agilex/agilex_ws/build/nav2_msgs
[121.808s] -- Install configuration: "Release"
[121.808s] -- Up-to-date: /home/agilex/agilex_ws/install/nav2_msgs/share/ament_index/resource_index/rosidl_interfaces/nav2_msgs
[121.808s] -- Up-to-date: /home/agilex/agilex_ws/install/nav2_msgs/include/nav2_msgs/nav2_msgs
[121.808s] -- Up-to-date: /home/agilex/agilex_ws/install/nav2_msgs/include/nav2_msgs/nav2_msgs/msg
[121.808s] -- Up-to-date: /home/agilex/agilex_ws/install/nav2_msgs/include/nav2_msgs/nav2_msgs/msg/detail
[121.809s] -- Installing: /home/agilex/agilex_ws/install/nav2_msgs/include/nav2_msgs/nav2_msgs/msg/detail/costmap__functions.c
[121.809s] -- Installing: /home/agilex/agilex_ws/install/nav2_msgs/include/nav2_msgs/nav2_msgs/msg/detail/costmap_meta_data__functions.c
[121.810s] -- Installing: /home/agilex/agilex_ws/install/nav2_msgs/include/nav2_msgs/nav2_msgs/msg/detail/costmap_filter_info__functions.c
[121.811s] -- Installing: /home/agilex/agilex_ws/install/nav2_msgs/include/nav2_msgs/nav2_msgs/msg/detail/speed_limit__functions.c
[121.811s] -- Installing: /home/agilex/agilex_ws/install/nav2_msgs/include/nav2_msgs/nav2_msgs/msg/detail/voxel_grid__functions.c
[121.811s] -- Installing: /home/agilex/agilex_ws/install/nav2_msgs/include/nav2_msgs/nav2_msgs/msg/detail/behavior_tree_status_change__functions.c
[121.812s] -- Installing: /home/agilex/agilex_ws/install/nav2_msgs/include/nav2_msgs/nav2_msgs/msg/detail/behavior_tree_log__functions.c
[121.812s] -- Installing: /home/agilex/agilex_ws/install/nav2_msgs/include/nav2_msgs/nav2_msgs/msg/detail/particle__functions.c
[121.812s] -- Installing: /home/agilex/agilex_ws/install/nav2_msgs/include/nav2_msgs/nav2_msgs/msg/detail/particle_cloud__functions.c
[121.813s] -- Installing: /home/agilex/agilex_ws/install/nav2_msgs/include/nav2_msgs/nav2_msgs/msg/detail/behavior_tree_log__functions.h
[121.814s] -- Installing: /home/agilex/agilex_ws/install/nav2_msgs/include/nav2_msgs/nav2_msgs/msg/detail/behavior_tree_log__struct.h
[121.814s] -- Installing: /home/agilex/agilex_ws/install/nav2_msgs/include/nav2_msgs/nav2_msgs/msg/detail/behavior_tree_log__type_support.h
[121.814s] -- Installing: /home/agilex/agilex_ws/install/nav2_msgs/include/nav2_msgs/nav2_msgs/msg/detail/behavior_tree_status_change__functions.h
[121.814s] -- Installing: /home/agilex/agilex_ws/install/nav2_msgs/include/nav2_msgs/nav2_msgs/msg/detail/behavior_tree_status_change__struct.h
[121.814s] -- Installing: /home/agilex/agilex_ws/install/nav2_msgs/include/nav2_msgs/nav2_msgs/msg/detail/behavior_tree_status_change__type_support.h
[121.814s] -- Installing: /home/agilex/agilex_ws/install/nav2_msgs/include/nav2_msgs/nav2_msgs/msg/detail/costmap__functions.h
[121.815s] -- Installing: /home/agilex/agilex_ws/install/nav2_msgs/include/nav2_msgs/nav2_msgs/msg/detail/costmap__struct.h
[121.815s] -- Installing: /home/agilex/agilex_ws/install/nav2_msgs/include/nav2_msgs/nav2_msgs/msg/detail/costmap__type_support.h
[121.815s] -- Installing: /home/agilex/agilex_ws/install/nav2_msgs/include/nav2_msgs/nav2_msgs/msg/detail/costmap_filter_info__functions.h
[121.815s] -- Installing: /home/agilex/agilex_ws/install/nav2_msgs/include/nav2_msgs/nav2_msgs/msg/detail/costmap_filter_info__struct.h
[121.815s] -- Installing: /home/agilex/agilex_ws/install/nav2_msgs/include/nav2_msgs/nav2_msgs/msg/detail/costmap_filter_info__type_support.h
[121.815s] -- Installing: /home/agilex/agilex_ws/install/nav2_msgs/include/nav2_msgs/nav2_msgs/msg/detail/costmap_meta_data__functions.h
[121.815s] -- Installing: /home/agilex/agilex_ws/install/nav2_msgs/include/nav2_msgs/nav2_msgs/msg/detail/costmap_meta_data__struct.h
[121.815s] -- Installing: /home/agilex/agilex_ws/install/nav2_msgs/include/nav2_msgs/nav2_msgs/msg/detail/costmap_meta_data__type_support.h
[121.816s] -- Installing: /home/agilex/agilex_ws/install/nav2_msgs/include/nav2_msgs/nav2_msgs/msg/detail/particle__functions.h
[121.816s] -- Installing: /home/agilex/agilex_ws/install/nav2_msgs/include/nav2_msgs/nav2_msgs/msg/detail/particle__struct.h
[121.816s] -- Installing: /home/agilex/agilex_ws/install/nav2_msgs/include/nav2_msgs/nav2_msgs/msg/detail/particle__type_support.h
[121.816s] -- Installing: /home/agilex/agilex_ws/install/nav2_msgs/include/nav2_msgs/nav2_msgs/msg/detail/particle_cloud__functions.h
[121.816s] -- Installing: /home/agilex/agilex_ws/install/nav2_msgs/include/nav2_msgs/nav2_msgs/msg/detail/particle_cloud__struct.h
[121.816s] -- Installing: /home/agilex/agilex_ws/install/nav2_msgs/include/nav2_msgs/nav2_msgs/msg/detail/particle_cloud__type_support.h
[121.816s] -- Installing: /home/agilex/agilex_ws/install/nav2_msgs/include/nav2_msgs/nav2_msgs/msg/detail/speed_limit__functions.h
[121.816s] -- Installing: /home/agilex/agilex_ws/install/nav2_msgs/include/nav2_msgs/nav2_msgs/msg/detail/speed_limit__struct.h
[121.816s] -- Installing: /home/agilex/agilex_ws/install/nav2_msgs/include/nav2_msgs/nav2_msgs/msg/detail/speed_limit__type_support.h
[121.817s] -- Installing: /home/agilex/agilex_ws/install/nav2_msgs/include/nav2_msgs/nav2_msgs/msg/detail/voxel_grid__functions.h
[121.817s] -- Installing: /home/agilex/agilex_ws/install/nav2_msgs/include/nav2_msgs/nav2_msgs/msg/detail/voxel_grid__struct.h
[121.817s] -- Installing: /home/agilex/agilex_ws/install/nav2_msgs/include/nav2_msgs/nav2_msgs/msg/detail/voxel_grid__type_support.h
[121.817s] -- Installing: /home/agilex/agilex_ws/install/nav2_msgs/include/nav2_msgs/nav2_msgs/msg/behavior_tree_log.h
[121.817s] -- Installing: /home/agilex/agilex_ws/install/nav2_msgs/include/nav2_msgs/nav2_msgs/msg/behavior_tree_status_change.h
[121.817s] -- Installing: /home/agilex/agilex_ws/install/nav2_msgs/include/nav2_msgs/nav2_msgs/msg/costmap.h
[121.817s] -- Installing: /home/agilex/agilex_ws/install/nav2_msgs/include/nav2_msgs/nav2_msgs/msg/costmap_filter_info.h
[121.817s] -- Installing: /home/agilex/agilex_ws/install/nav2_msgs/include/nav2_msgs/nav2_msgs/msg/costmap_meta_data.h
[121.817s] -- Installing: /home/agilex/agilex_ws/install/nav2_msgs/include/nav2_msgs/nav2_msgs/msg/particle.h
[121.818s] -- Installing: /home/agilex/agilex_ws/install/nav2_msgs/include/nav2_msgs/nav2_msgs/msg/particle_cloud.h
[121.818s] -- Up-to-date: /home/agilex/agilex_ws/install/nav2_msgs/include/nav2_msgs/nav2_msgs/msg/rosidl_generator_c__visibility_control.h
[121.818s] -- Installing: /home/agilex/agilex_ws/install/nav2_msgs/include/nav2_msgs/nav2_msgs/msg/speed_limit.h
[121.818s] -- Installing: /home/agilex/agilex_ws/install/nav2_msgs/include/nav2_msgs/nav2_msgs/msg/voxel_grid.h
[121.818s] -- Up-to-date: /home/agilex/agilex_ws/install/nav2_msgs/include/nav2_msgs/nav2_msgs/srv
[121.818s] -- Up-to-date: /home/agilex/agilex_ws/install/nav2_msgs/include/nav2_msgs/nav2_msgs/srv/detail
[121.818s] -- Installing: /home/agilex/agilex_ws/install/nav2_msgs/include/nav2_msgs/nav2_msgs/srv/detail/get_costmap__functions.c
[121.819s] -- Installing: /home/agilex/agilex_ws/install/nav2_msgs/include/nav2_msgs/nav2_msgs/srv/detail/is_path_valid__functions.c
[121.819s] -- Installing: /home/agilex/agilex_ws/install/nav2_msgs/include/nav2_msgs/nav2_msgs/srv/detail/clear_costmap_except_region__functions.c
[121.819s] -- Installing: /home/agilex/agilex_ws/install/nav2_msgs/include/nav2_msgs/nav2_msgs/srv/detail/clear_costmap_around_robot__functions.c
[121.820s] -- Installing: /home/agilex/agilex_ws/install/nav2_msgs/include/nav2_msgs/nav2_msgs/srv/detail/clear_entire_costmap__functions.c
[121.820s] -- Installing: /home/agilex/agilex_ws/install/nav2_msgs/include/nav2_msgs/nav2_msgs/srv/detail/manage_lifecycle_nodes__functions.c
[121.820s] -- Installing: /home/agilex/agilex_ws/install/nav2_msgs/include/nav2_msgs/nav2_msgs/srv/detail/load_map__functions.c
[121.821s] -- Installing: /home/agilex/agilex_ws/install/nav2_msgs/include/nav2_msgs/nav2_msgs/srv/detail/save_map__functions.c
[121.821s] -- Installing: /home/agilex/agilex_ws/install/nav2_msgs/include/nav2_msgs/nav2_msgs/srv/detail/clear_costmap_around_robot__functions.h
[121.821s] -- Installing: /home/agilex/agilex_ws/install/nav2_msgs/include/nav2_msgs/nav2_msgs/srv/detail/clear_costmap_around_robot__struct.h
[121.822s] -- Installing: /home/agilex/agilex_ws/install/nav2_msgs/include/nav2_msgs/nav2_msgs/srv/detail/clear_costmap_around_robot__type_support.h
[121.822s] -- Installing: /home/agilex/agilex_ws/install/nav2_msgs/include/nav2_msgs/nav2_msgs/srv/detail/clear_costmap_except_region__functions.h
[121.822s] -- Installing: /home/agilex/agilex_ws/install/nav2_msgs/include/nav2_msgs/nav2_msgs/srv/detail/clear_costmap_except_region__struct.h
[121.822s] -- Installing: /home/agilex/agilex_ws/install/nav2_msgs/include/nav2_msgs/nav2_msgs/srv/detail/clear_costmap_except_region__type_support.h
[121.823s] -- Installing: /home/agilex/agilex_ws/install/nav2_msgs/include/nav2_msgs/nav2_msgs/srv/detail/clear_entire_costmap__functions.h
[121.823s] -- Installing: /home/agilex/agilex_ws/install/nav2_msgs/include/nav2_msgs/nav2_msgs/srv/detail/clear_entire_costmap__struct.h
[121.823s] -- Installing: /home/agilex/agilex_ws/install/nav2_msgs/include/nav2_msgs/nav2_msgs/srv/detail/clear_entire_costmap__type_support.h
[121.823s] -- Installing: /home/agilex/agilex_ws/install/nav2_msgs/include/nav2_msgs/nav2_msgs/srv/detail/get_costmap__functions.h
[121.823s] -- Installing: /home/agilex/agilex_ws/install/nav2_msgs/include/nav2_msgs/nav2_msgs/srv/detail/get_costmap__struct.h
[121.823s] -- Installing: /home/agilex/agilex_ws/install/nav2_msgs/include/nav2_msgs/nav2_msgs/srv/detail/get_costmap__type_support.h
[121.823s] -- Installing: /home/agilex/agilex_ws/install/nav2_msgs/include/nav2_msgs/nav2_msgs/srv/detail/is_path_valid__functions.h
[121.824s] -- Installing: /home/agilex/agilex_ws/install/nav2_msgs/include/nav2_msgs/nav2_msgs/srv/detail/is_path_valid__struct.h
[121.824s] -- Installing: /home/agilex/agilex_ws/install/nav2_msgs/include/nav2_msgs/nav2_msgs/srv/detail/is_path_valid__type_support.h
[121.824s] -- Installing: /home/agilex/agilex_ws/install/nav2_msgs/include/nav2_msgs/nav2_msgs/srv/detail/load_map__functions.h
[121.824s] -- Installing: /home/agilex/agilex_ws/install/nav2_msgs/include/nav2_msgs/nav2_msgs/srv/detail/load_map__struct.h
[121.825s] -- Installing: /home/agilex/agilex_ws/install/nav2_msgs/include/nav2_msgs/nav2_msgs/srv/detail/load_map__type_support.h
[121.825s] -- Installing: /home/agilex/agilex_ws/install/nav2_msgs/include/nav2_msgs/nav2_msgs/srv/detail/manage_lifecycle_nodes__functions.h
[121.825s] -- Installing: /home/agilex/agilex_ws/install/nav2_msgs/include/nav2_msgs/nav2_msgs/srv/detail/manage_lifecycle_nodes__struct.h
[121.826s] -- Installing: /home/agilex/agilex_ws/install/nav2_msgs/include/nav2_msgs/nav2_msgs/srv/detail/manage_lifecycle_nodes__type_support.h
[121.826s] -- Installing: /home/agilex/agilex_ws/install/nav2_msgs/include/nav2_msgs/nav2_msgs/srv/detail/save_map__functions.h
[121.827s] -- Installing: /home/agilex/agilex_ws/install/nav2_msgs/include/nav2_msgs/nav2_msgs/srv/detail/save_map__struct.h
[121.827s] -- Installing: /home/agilex/agilex_ws/install/nav2_msgs/include/nav2_msgs/nav2_msgs/srv/detail/save_map__type_support.h
[121.827s] -- Installing: /home/agilex/agilex_ws/install/nav2_msgs/include/nav2_msgs/nav2_msgs/srv/clear_costmap_around_robot.h
[121.827s] -- Installing: /home/agilex/agilex_ws/install/nav2_msgs/include/nav2_msgs/nav2_msgs/srv/clear_costmap_except_region.h
[121.827s] -- Installing: /home/agilex/agilex_ws/install/nav2_msgs/include/nav2_msgs/nav2_msgs/srv/clear_entire_costmap.h
[121.828s] -- Installing: /home/agilex/agilex_ws/install/nav2_msgs/include/nav2_msgs/nav2_msgs/srv/get_costmap.h
[121.828s] -- Installing: /home/agilex/agilex_ws/install/nav2_msgs/include/nav2_msgs/nav2_msgs/srv/is_path_valid.h
[121.828s] -- Installing: /home/agilex/agilex_ws/install/nav2_msgs/include/nav2_msgs/nav2_msgs/srv/load_map.h
[121.828s] -- Installing: /home/agilex/agilex_ws/install/nav2_msgs/include/nav2_msgs/nav2_msgs/srv/manage_lifecycle_nodes.h
[121.828s] -- Installing: /home/agilex/agilex_ws/install/nav2_msgs/include/nav2_msgs/nav2_msgs/srv/save_map.h
[121.828s] -- Up-to-date: /home/agilex/agilex_ws/install/nav2_msgs/include/nav2_msgs/nav2_msgs/action
[121.828s] -- Up-to-date: /home/agilex/agilex_ws/install/nav2_msgs/include/nav2_msgs/nav2_msgs/action/detail
[121.828s] -- Installing: /home/agilex/agilex_ws/install/nav2_msgs/include/nav2_msgs/nav2_msgs/action/detail/back_up__functions.c
[121.829s] -- Installing: /home/agilex/agilex_ws/install/nav2_msgs/include/nav2_msgs/nav2_msgs/action/detail/compute_path_to_pose__functions.c
[121.829s] -- Installing: /home/agilex/agilex_ws/install/nav2_msgs/include/nav2_msgs/nav2_msgs/action/detail/compute_path_through_poses__functions.c
[121.829s] -- Installing: /home/agilex/agilex_ws/install/nav2_msgs/include/nav2_msgs/nav2_msgs/action/detail/drive_on_heading__functions.c
[121.830s] -- Installing: /home/agilex/agilex_ws/install/nav2_msgs/include/nav2_msgs/nav2_msgs/action/detail/smooth_path__functions.c
[121.830s] -- Installing: /home/agilex/agilex_ws/install/nav2_msgs/include/nav2_msgs/nav2_msgs/action/detail/follow_path__functions.c
[121.831s] -- Installing: /home/agilex/agilex_ws/install/nav2_msgs/include/nav2_msgs/nav2_msgs/action/detail/navigate_to_pose__functions.c
[121.831s] -- Installing: /home/agilex/agilex_ws/install/nav2_msgs/include/nav2_msgs/nav2_msgs/action/detail/navigate_through_poses__functions.c
[121.831s] -- Installing: /home/agilex/agilex_ws/install/nav2_msgs/include/nav2_msgs/nav2_msgs/action/detail/wait__functions.c
[121.831s] -- Installing: /home/agilex/agilex_ws/install/nav2_msgs/include/nav2_msgs/nav2_msgs/action/detail/spin__functions.c
[121.831s] -- Installing: /home/agilex/agilex_ws/install/nav2_msgs/include/nav2_msgs/nav2_msgs/action/detail/dummy_behavior__functions.c
[121.832s] -- Installing: /home/agilex/agilex_ws/install/nav2_msgs/include/nav2_msgs/nav2_msgs/action/detail/follow_waypoints__functions.c
[121.832s] -- Installing: /home/agilex/agilex_ws/install/nav2_msgs/include/nav2_msgs/nav2_msgs/action/detail/back_up__functions.h
[121.832s] -- Installing: /home/agilex/agilex_ws/install/nav2_msgs/include/nav2_msgs/nav2_msgs/action/detail/back_up__struct.h
[121.832s] -- Installing: /home/agilex/agilex_ws/install/nav2_msgs/include/nav2_msgs/nav2_msgs/action/detail/back_up__type_support.h
[121.833s] -- Installing: /home/agilex/agilex_ws/install/nav2_msgs/include/nav2_msgs/nav2_msgs/action/detail/compute_path_through_poses__functions.h
[121.833s] -- Installing: /home/agilex/agilex_ws/install/nav2_msgs/include/nav2_msgs/nav2_msgs/action/detail/compute_path_through_poses__struct.h
[121.833s] -- Installing: /home/agilex/agilex_ws/install/nav2_msgs/include/nav2_msgs/nav2_msgs/action/detail/compute_path_through_poses__type_support.h
[121.833s] -- Installing: /home/agilex/agilex_ws/install/nav2_msgs/include/nav2_msgs/nav2_msgs/action/detail/compute_path_to_pose__functions.h
[121.834s] -- Installing: /home/agilex/agilex_ws/install/nav2_msgs/include/nav2_msgs/nav2_msgs/action/detail/compute_path_to_pose__struct.h
[121.834s] -- Installing: /home/agilex/agilex_ws/install/nav2_msgs/include/nav2_msgs/nav2_msgs/action/detail/compute_path_to_pose__type_support.h
[121.834s] -- Installing: /home/agilex/agilex_ws/install/nav2_msgs/include/nav2_msgs/nav2_msgs/action/detail/drive_on_heading__functions.h
[121.835s] -- Installing: /home/agilex/agilex_ws/install/nav2_msgs/include/nav2_msgs/nav2_msgs/action/detail/drive_on_heading__struct.h
[121.835s] -- Installing: /home/agilex/agilex_ws/install/nav2_msgs/include/nav2_msgs/nav2_msgs/action/detail/drive_on_heading__type_support.h
[121.835s] -- Installing: /home/agilex/agilex_ws/install/nav2_msgs/include/nav2_msgs/nav2_msgs/action/detail/dummy_behavior__functions.h
[121.835s] -- Installing: /home/agilex/agilex_ws/install/nav2_msgs/include/nav2_msgs/nav2_msgs/action/detail/dummy_behavior__struct.h
[121.835s] -- Installing: /home/agilex/agilex_ws/install/nav2_msgs/include/nav2_msgs/nav2_msgs/action/detail/dummy_behavior__type_support.h
[121.836s] -- Installing: /home/agilex/agilex_ws/install/nav2_msgs/include/nav2_msgs/nav2_msgs/action/detail/follow_path__functions.h
[121.836s] -- Installing: /home/agilex/agilex_ws/install/nav2_msgs/include/nav2_msgs/nav2_msgs/action/detail/follow_path__struct.h
[121.836s] -- Installing: /home/agilex/agilex_ws/install/nav2_msgs/include/nav2_msgs/nav2_msgs/action/detail/follow_path__type_support.h
[121.836s] -- Installing: /home/agilex/agilex_ws/install/nav2_msgs/include/nav2_msgs/nav2_msgs/action/detail/follow_waypoints__functions.h
[121.836s] -- Installing: /home/agilex/agilex_ws/install/nav2_msgs/include/nav2_msgs/nav2_msgs/action/detail/follow_waypoints__struct.h
[121.836s] -- Installing: /home/agilex/agilex_ws/install/nav2_msgs/include/nav2_msgs/nav2_msgs/action/detail/follow_waypoints__type_support.h
[121.837s] -- Installing: /home/agilex/agilex_ws/install/nav2_msgs/include/nav2_msgs/nav2_msgs/action/detail/navigate_through_poses__functions.h
[121.837s] -- Installing: /home/agilex/agilex_ws/install/nav2_msgs/include/nav2_msgs/nav2_msgs/action/detail/navigate_through_poses__struct.h
[121.837s] -- Installing: /home/agilex/agilex_ws/install/nav2_msgs/include/nav2_msgs/nav2_msgs/action/detail/navigate_through_poses__type_support.h
[121.838s] -- Installing: /home/agilex/agilex_ws/install/nav2_msgs/include/nav2_msgs/nav2_msgs/action/detail/navigate_to_pose__functions.h
[121.838s] -- Installing: /home/agilex/agilex_ws/install/nav2_msgs/include/nav2_msgs/nav2_msgs/action/detail/navigate_to_pose__struct.h
[121.838s] -- Installing: /home/agilex/agilex_ws/install/nav2_msgs/include/nav2_msgs/nav2_msgs/action/detail/navigate_to_pose__type_support.h
[121.839s] -- Installing: /home/agilex/agilex_ws/install/nav2_msgs/include/nav2_msgs/nav2_msgs/action/detail/smooth_path__functions.h
[121.839s] -- Installing: /home/agilex/agilex_ws/install/nav2_msgs/include/nav2_msgs/nav2_msgs/action/detail/smooth_path__struct.h
[121.839s] -- Installing: /home/agilex/agilex_ws/install/nav2_msgs/include/nav2_msgs/nav2_msgs/action/detail/smooth_path__type_support.h
[121.839s] -- Installing: /home/agilex/agilex_ws/install/nav2_msgs/include/nav2_msgs/nav2_msgs/action/detail/spin__functions.h
[121.840s] -- Installing: /home/agilex/agilex_ws/install/nav2_msgs/include/nav2_msgs/nav2_msgs/action/detail/spin__struct.h
[121.840s] -- Installing: /home/agilex/agilex_ws/install/nav2_msgs/include/nav2_msgs/nav2_msgs/action/detail/spin__type_support.h
[121.840s] -- Installing: /home/agilex/agilex_ws/install/nav2_msgs/include/nav2_msgs/nav2_msgs/action/detail/wait__functions.h
[121.840s] -- Installing: /home/agilex/agilex_ws/install/nav2_msgs/include/nav2_msgs/nav2_msgs/action/detail/wait__struct.h
[121.841s] -- Installing: /home/agilex/agilex_ws/install/nav2_msgs/include/nav2_msgs/nav2_msgs/action/detail/wait__type_support.h
[121.841s] -- Installing: /home/agilex/agilex_ws/install/nav2_msgs/include/nav2_msgs/nav2_msgs/action/back_up.h
[121.841s] -- Installing: /home/agilex/agilex_ws/install/nav2_msgs/include/nav2_msgs/nav2_msgs/action/compute_path_through_poses.h
[121.841s] -- Installing: /home/agilex/agilex_ws/install/nav2_msgs/include/nav2_msgs/nav2_msgs/action/compute_path_to_pose.h
[121.841s] -- Installing: /home/agilex/agilex_ws/install/nav2_msgs/include/nav2_msgs/nav2_msgs/action/drive_on_heading.h
[121.841s] -- Installing: /home/agilex/agilex_ws/install/nav2_msgs/include/nav2_msgs/nav2_msgs/action/dummy_behavior.h
[121.842s] -- Installing: /home/agilex/agilex_ws/install/nav2_msgs/include/nav2_msgs/nav2_msgs/action/follow_path.h
[121.842s] -- Installing: /home/agilex/agilex_ws/install/nav2_msgs/include/nav2_msgs/nav2_msgs/action/follow_waypoints.h
[121.842s] -- Installing: /home/agilex/agilex_ws/install/nav2_msgs/include/nav2_msgs/nav2_msgs/action/navigate_through_poses.h
[121.842s] -- Installing: /home/agilex/agilex_ws/install/nav2_msgs/include/nav2_msgs/nav2_msgs/action/navigate_to_pose.h
[121.842s] -- Installing: /home/agilex/agilex_ws/install/nav2_msgs/include/nav2_msgs/nav2_msgs/action/smooth_path.h
[121.842s] -- Installing: /home/agilex/agilex_ws/install/nav2_msgs/include/nav2_msgs/nav2_msgs/action/spin.h
[121.842s] -- Installing: /home/agilex/agilex_ws/install/nav2_msgs/include/nav2_msgs/nav2_msgs/action/wait.h
[121.842s] -- Up-to-date: /home/agilex/agilex_ws/install/nav2_msgs/share/nav2_msgs/environment/library_path.sh
[121.842s] -- Installing: /home/agilex/agilex_ws/install/nav2_msgs/share/nav2_msgs/environment/library_path.dsv
[121.844s] -- Installing: /home/agilex/agilex_ws/install/nav2_msgs/lib/libnav2_msgs__rosidl_generator_c.so
[121.847s] -- Set runtime path of "/home/agilex/agilex_ws/install/nav2_msgs/lib/libnav2_msgs__rosidl_generator_c.so" to ""
[121.847s] -- Up-to-date: /home/agilex/agilex_ws/install/nav2_msgs/include/nav2_msgs/nav2_msgs
[121.848s] -- Up-to-date: /home/agilex/agilex_ws/install/nav2_msgs/include/nav2_msgs/nav2_msgs/msg
[121.848s] -- Up-to-date: /home/agilex/agilex_ws/install/nav2_msgs/include/nav2_msgs/nav2_msgs/msg/detail
[121.848s] -- Installing: /home/agilex/agilex_ws/install/nav2_msgs/include/nav2_msgs/nav2_msgs/msg/detail/behavior_tree_log__rosidl_typesupport_fastrtps_c.h
[121.848s] -- Installing: /home/agilex/agilex_ws/install/nav2_msgs/include/nav2_msgs/nav2_msgs/msg/detail/behavior_tree_status_change__rosidl_typesupport_fastrtps_c.h
[121.848s] -- Installing: /home/agilex/agilex_ws/install/nav2_msgs/include/nav2_msgs/nav2_msgs/msg/detail/costmap__rosidl_typesupport_fastrtps_c.h
[121.848s] -- Installing: /home/agilex/agilex_ws/install/nav2_msgs/include/nav2_msgs/nav2_msgs/msg/detail/costmap_filter_info__rosidl_typesupport_fastrtps_c.h
[121.848s] -- Installing: /home/agilex/agilex_ws/install/nav2_msgs/include/nav2_msgs/nav2_msgs/msg/detail/costmap_meta_data__rosidl_typesupport_fastrtps_c.h
[121.848s] -- Installing: /home/agilex/agilex_ws/install/nav2_msgs/include/nav2_msgs/nav2_msgs/msg/detail/particle__rosidl_typesupport_fastrtps_c.h
[121.848s] -- Installing: /home/agilex/agilex_ws/install/nav2_msgs/include/nav2_msgs/nav2_msgs/msg/detail/particle_cloud__rosidl_typesupport_fastrtps_c.h
[121.848s] -- Installing: /home/agilex/agilex_ws/install/nav2_msgs/include/nav2_msgs/nav2_msgs/msg/detail/speed_limit__rosidl_typesupport_fastrtps_c.h
[121.848s] -- Installing: /home/agilex/agilex_ws/install/nav2_msgs/include/nav2_msgs/nav2_msgs/msg/detail/voxel_grid__rosidl_typesupport_fastrtps_c.h
[121.849s] -- Up-to-date: /home/agilex/agilex_ws/install/nav2_msgs/include/nav2_msgs/nav2_msgs/msg/rosidl_typesupport_fastrtps_c__visibility_control.h
[121.849s] -- Up-to-date: /home/agilex/agilex_ws/install/nav2_msgs/include/nav2_msgs/nav2_msgs/srv
[121.849s] -- Up-to-date: /home/agilex/agilex_ws/install/nav2_msgs/include/nav2_msgs/nav2_msgs/srv/detail
[121.849s] -- Installing: /home/agilex/agilex_ws/install/nav2_msgs/include/nav2_msgs/nav2_msgs/srv/detail/clear_costmap_around_robot__rosidl_typesupport_fastrtps_c.h
[121.849s] -- Installing: /home/agilex/agilex_ws/install/nav2_msgs/include/nav2_msgs/nav2_msgs/srv/detail/clear_costmap_except_region__rosidl_typesupport_fastrtps_c.h
[121.849s] -- Installing: /home/agilex/agilex_ws/install/nav2_msgs/include/nav2_msgs/nav2_msgs/srv/detail/clear_entire_costmap__rosidl_typesupport_fastrtps_c.h
[121.849s] -- Installing: /home/agilex/agilex_ws/install/nav2_msgs/include/nav2_msgs/nav2_msgs/srv/detail/get_costmap__rosidl_typesupport_fastrtps_c.h
[121.849s] -- Installing: /home/agilex/agilex_ws/install/nav2_msgs/include/nav2_msgs/nav2_msgs/srv/detail/is_path_valid__rosidl_typesupport_fastrtps_c.h
[121.849s] -- Installing: /home/agilex/agilex_ws/install/nav2_msgs/include/nav2_msgs/nav2_msgs/srv/detail/load_map__rosidl_typesupport_fastrtps_c.h
[121.849s] -- Installing: /home/agilex/agilex_ws/install/nav2_msgs/include/nav2_msgs/nav2_msgs/srv/detail/manage_lifecycle_nodes__rosidl_typesupport_fastrtps_c.h
[121.849s] -- Installing: /home/agilex/agilex_ws/install/nav2_msgs/include/nav2_msgs/nav2_msgs/srv/detail/save_map__rosidl_typesupport_fastrtps_c.h
[121.849s] -- Up-to-date: /home/agilex/agilex_ws/install/nav2_msgs/include/nav2_msgs/nav2_msgs/action
[121.850s] -- Up-to-date: /home/agilex/agilex_ws/install/nav2_msgs/include/nav2_msgs/nav2_msgs/action/detail
[121.850s] -- Installing: /home/agilex/agilex_ws/install/nav2_msgs/include/nav2_msgs/nav2_msgs/action/detail/back_up__rosidl_typesupport_fastrtps_c.h
[121.850s] -- Installing: /home/agilex/agilex_ws/install/nav2_msgs/include/nav2_msgs/nav2_msgs/action/detail/compute_path_through_poses__rosidl_typesupport_fastrtps_c.h
[121.850s] -- Installing: /home/agilex/agilex_ws/install/nav2_msgs/include/nav2_msgs/nav2_msgs/action/detail/compute_path_to_pose__rosidl_typesupport_fastrtps_c.h
[121.850s] -- Installing: /home/agilex/agilex_ws/install/nav2_msgs/include/nav2_msgs/nav2_msgs/action/detail/drive_on_heading__rosidl_typesupport_fastrtps_c.h
[121.850s] -- Installing: /home/agilex/agilex_ws/install/nav2_msgs/include/nav2_msgs/nav2_msgs/action/detail/dummy_behavior__rosidl_typesupport_fastrtps_c.h
[121.850s] -- Installing: /home/agilex/agilex_ws/install/nav2_msgs/include/nav2_msgs/nav2_msgs/action/detail/follow_path__rosidl_typesupport_fastrtps_c.h
[121.850s] -- Installing: /home/agilex/agilex_ws/install/nav2_msgs/include/nav2_msgs/nav2_msgs/action/detail/follow_waypoints__rosidl_typesupport_fastrtps_c.h
[121.850s] -- Installing: /home/agilex/agilex_ws/install/nav2_msgs/include/nav2_msgs/nav2_msgs/action/detail/navigate_through_poses__rosidl_typesupport_fastrtps_c.h
[121.850s] -- Installing: /home/agilex/agilex_ws/install/nav2_msgs/include/nav2_msgs/nav2_msgs/action/detail/navigate_to_pose__rosidl_typesupport_fastrtps_c.h
[121.850s] -- Installing: /home/agilex/agilex_ws/install/nav2_msgs/include/nav2_msgs/nav2_msgs/action/detail/smooth_path__rosidl_typesupport_fastrtps_c.h
[121.851s] -- Installing: /home/agilex/agilex_ws/install/nav2_msgs/include/nav2_msgs/nav2_msgs/action/detail/spin__rosidl_typesupport_fastrtps_c.h
[121.851s] -- Installing: /home/agilex/agilex_ws/install/nav2_msgs/include/nav2_msgs/nav2_msgs/action/detail/wait__rosidl_typesupport_fastrtps_c.h
[121.851s] -- Installing: /home/agilex/agilex_ws/install/nav2_msgs/lib/libnav2_msgs__rosidl_typesupport_fastrtps_c.so
[121.853s] -- Set runtime path of "/home/agilex/agilex_ws/install/nav2_msgs/lib/libnav2_msgs__rosidl_typesupport_fastrtps_c.so" to ""
[121.853s] -- Up-to-date: /home/agilex/agilex_ws/install/nav2_msgs/include/nav2_msgs/nav2_msgs
[121.853s] -- Up-to-date: /home/agilex/agilex_ws/install/nav2_msgs/include/nav2_msgs/nav2_msgs/msg
[121.853s] -- Installing: /home/agilex/agilex_ws/install/nav2_msgs/include/nav2_msgs/nav2_msgs/msg/costmap.hpp
[121.853s] -- Up-to-date: /home/agilex/agilex_ws/install/nav2_msgs/include/nav2_msgs/nav2_msgs/msg/detail
[121.853s] -- Installing: /home/agilex/agilex_ws/install/nav2_msgs/include/nav2_msgs/nav2_msgs/msg/detail/costmap__builder.hpp
[121.853s] -- Installing: /home/agilex/agilex_ws/install/nav2_msgs/include/nav2_msgs/nav2_msgs/msg/detail/costmap__struct.hpp
[121.853s] -- Installing: /home/agilex/agilex_ws/install/nav2_msgs/include/nav2_msgs/nav2_msgs/msg/detail/costmap__traits.hpp
[121.854s] -- Installing: /home/agilex/agilex_ws/install/nav2_msgs/include/nav2_msgs/nav2_msgs/msg/detail/costmap_meta_data__builder.hpp
[121.854s] -- Installing: /home/agilex/agilex_ws/install/nav2_msgs/include/nav2_msgs/nav2_msgs/msg/detail/costmap_meta_data__struct.hpp
[121.854s] -- Installing: /home/agilex/agilex_ws/install/nav2_msgs/include/nav2_msgs/nav2_msgs/msg/detail/costmap_meta_data__traits.hpp
[121.854s] -- Installing: /home/agilex/agilex_ws/install/nav2_msgs/include/nav2_msgs/nav2_msgs/msg/detail/costmap_filter_info__builder.hpp
[121.854s] -- Installing: /home/agilex/agilex_ws/install/nav2_msgs/include/nav2_msgs/nav2_msgs/msg/detail/costmap_filter_info__struct.hpp
[121.854s] -- Installing: /home/agilex/agilex_ws/install/nav2_msgs/include/nav2_msgs/nav2_msgs/msg/detail/costmap_filter_info__traits.hpp
[121.854s] -- Installing: /home/agilex/agilex_ws/install/nav2_msgs/include/nav2_msgs/nav2_msgs/msg/detail/speed_limit__builder.hpp
[121.855s] -- Installing: /home/agilex/agilex_ws/install/nav2_msgs/include/nav2_msgs/nav2_msgs/msg/detail/speed_limit__struct.hpp
[121.855s] -- Installing: /home/agilex/agilex_ws/install/nav2_msgs/include/nav2_msgs/nav2_msgs/msg/detail/speed_limit__traits.hpp
[121.855s] -- Installing: /home/agilex/agilex_ws/install/nav2_msgs/include/nav2_msgs/nav2_msgs/msg/detail/voxel_grid__builder.hpp
[121.855s] -- Installing: /home/agilex/agilex_ws/install/nav2_msgs/include/nav2_msgs/nav2_msgs/msg/detail/voxel_grid__struct.hpp
[121.855s] -- Installing: /home/agilex/agilex_ws/install/nav2_msgs/include/nav2_msgs/nav2_msgs/msg/detail/voxel_grid__traits.hpp
[121.855s] -- Installing: /home/agilex/agilex_ws/install/nav2_msgs/include/nav2_msgs/nav2_msgs/msg/detail/behavior_tree_status_change__builder.hpp
[121.855s] -- Installing: /home/agilex/agilex_ws/install/nav2_msgs/include/nav2_msgs/nav2_msgs/msg/detail/behavior_tree_status_change__struct.hpp
[121.855s] -- Installing: /home/agilex/agilex_ws/install/nav2_msgs/include/nav2_msgs/nav2_msgs/msg/detail/behavior_tree_status_change__traits.hpp
[121.856s] -- Installing: /home/agilex/agilex_ws/install/nav2_msgs/include/nav2_msgs/nav2_msgs/msg/detail/behavior_tree_log__builder.hpp
[121.856s] -- Installing: /home/agilex/agilex_ws/install/nav2_msgs/include/nav2_msgs/nav2_msgs/msg/detail/behavior_tree_log__struct.hpp
[121.856s] -- Installing: /home/agilex/agilex_ws/install/nav2_msgs/include/nav2_msgs/nav2_msgs/msg/detail/behavior_tree_log__traits.hpp
[121.856s] -- Installing: /home/agilex/agilex_ws/install/nav2_msgs/include/nav2_msgs/nav2_msgs/msg/detail/particle__builder.hpp
[121.856s] -- Installing: /home/agilex/agilex_ws/install/nav2_msgs/include/nav2_msgs/nav2_msgs/msg/detail/particle__struct.hpp
[121.856s] -- Installing: /home/agilex/agilex_ws/install/nav2_msgs/include/nav2_msgs/nav2_msgs/msg/detail/particle__traits.hpp
[121.856s] -- Installing: /home/agilex/agilex_ws/install/nav2_msgs/include/nav2_msgs/nav2_msgs/msg/detail/particle_cloud__builder.hpp
[121.857s] -- Installing: /home/agilex/agilex_ws/install/nav2_msgs/include/nav2_msgs/nav2_msgs/msg/detail/particle_cloud__struct.hpp
[121.857s] -- Installing: /home/agilex/agilex_ws/install/nav2_msgs/include/nav2_msgs/nav2_msgs/msg/detail/particle_cloud__traits.hpp
[121.857s] -- Installing: /home/agilex/agilex_ws/install/nav2_msgs/include/nav2_msgs/nav2_msgs/msg/costmap_meta_data.hpp
[121.857s] -- Installing: /home/agilex/agilex_ws/install/nav2_msgs/include/nav2_msgs/nav2_msgs/msg/costmap_filter_info.hpp
[121.857s] -- Installing: /home/agilex/agilex_ws/install/nav2_msgs/include/nav2_msgs/nav2_msgs/msg/speed_limit.hpp
[121.857s] -- Installing: /home/agilex/agilex_ws/install/nav2_msgs/include/nav2_msgs/nav2_msgs/msg/voxel_grid.hpp
[121.857s] -- Installing: /home/agilex/agilex_ws/install/nav2_msgs/include/nav2_msgs/nav2_msgs/msg/behavior_tree_status_change.hpp
[121.857s] -- Installing: /home/agilex/agilex_ws/install/nav2_msgs/include/nav2_msgs/nav2_msgs/msg/behavior_tree_log.hpp
[121.857s] -- Installing: /home/agilex/agilex_ws/install/nav2_msgs/include/nav2_msgs/nav2_msgs/msg/particle.hpp
[121.857s] -- Installing: /home/agilex/agilex_ws/install/nav2_msgs/include/nav2_msgs/nav2_msgs/msg/particle_cloud.hpp
[121.857s] -- Up-to-date: /home/agilex/agilex_ws/install/nav2_msgs/include/nav2_msgs/nav2_msgs/srv
[121.858s] -- Installing: /home/agilex/agilex_ws/install/nav2_msgs/include/nav2_msgs/nav2_msgs/srv/get_costmap.hpp
[121.858s] -- Up-to-date: /home/agilex/agilex_ws/install/nav2_msgs/include/nav2_msgs/nav2_msgs/srv/detail
[121.858s] -- Installing: /home/agilex/agilex_ws/install/nav2_msgs/include/nav2_msgs/nav2_msgs/srv/detail/get_costmap__builder.hpp
[121.858s] -- Installing: /home/agilex/agilex_ws/install/nav2_msgs/include/nav2_msgs/nav2_msgs/srv/detail/get_costmap__struct.hpp
[121.858s] -- Installing: /home/agilex/agilex_ws/install/nav2_msgs/include/nav2_msgs/nav2_msgs/srv/detail/get_costmap__traits.hpp
[121.858s] -- Installing: /home/agilex/agilex_ws/install/nav2_msgs/include/nav2_msgs/nav2_msgs/srv/detail/is_path_valid__builder.hpp
[121.858s] -- Installing: /home/agilex/agilex_ws/install/nav2_msgs/include/nav2_msgs/nav2_msgs/srv/detail/is_path_valid__struct.hpp
[121.858s] -- Installing: /home/agilex/agilex_ws/install/nav2_msgs/include/nav2_msgs/nav2_msgs/srv/detail/is_path_valid__traits.hpp
[121.858s] -- Installing: /home/agilex/agilex_ws/install/nav2_msgs/include/nav2_msgs/nav2_msgs/srv/detail/clear_costmap_except_region__builder.hpp
[121.859s] -- Installing: /home/agilex/agilex_ws/install/nav2_msgs/include/nav2_msgs/nav2_msgs/srv/detail/clear_costmap_except_region__struct.hpp
[121.859s] -- Installing: /home/agilex/agilex_ws/install/nav2_msgs/include/nav2_msgs/nav2_msgs/srv/detail/clear_costmap_except_region__traits.hpp
[121.859s] -- Installing: /home/agilex/agilex_ws/install/nav2_msgs/include/nav2_msgs/nav2_msgs/srv/detail/clear_costmap_around_robot__builder.hpp
[121.859s] -- Installing: /home/agilex/agilex_ws/install/nav2_msgs/include/nav2_msgs/nav2_msgs/srv/detail/clear_costmap_around_robot__struct.hpp
[121.860s] -- Installing: /home/agilex/agilex_ws/install/nav2_msgs/include/nav2_msgs/nav2_msgs/srv/detail/clear_costmap_around_robot__traits.hpp
[121.860s] -- Installing: /home/agilex/agilex_ws/install/nav2_msgs/include/nav2_msgs/nav2_msgs/srv/detail/clear_entire_costmap__builder.hpp
[121.860s] -- Installing: /home/agilex/agilex_ws/install/nav2_msgs/include/nav2_msgs/nav2_msgs/srv/detail/clear_entire_costmap__struct.hpp
[121.860s] -- Installing: /home/agilex/agilex_ws/install/nav2_msgs/include/nav2_msgs/nav2_msgs/srv/detail/clear_entire_costmap__traits.hpp
[121.861s] -- Installing: /home/agilex/agilex_ws/install/nav2_msgs/include/nav2_msgs/nav2_msgs/srv/detail/manage_lifecycle_nodes__builder.hpp
[121.861s] -- Installing: /home/agilex/agilex_ws/install/nav2_msgs/include/nav2_msgs/nav2_msgs/srv/detail/manage_lifecycle_nodes__struct.hpp
[121.861s] -- Installing: /home/agilex/agilex_ws/install/nav2_msgs/include/nav2_msgs/nav2_msgs/srv/detail/manage_lifecycle_nodes__traits.hpp
[121.862s] -- Installing: /home/agilex/agilex_ws/install/nav2_msgs/include/nav2_msgs/nav2_msgs/srv/detail/load_map__builder.hpp
[121.862s] -- Installing: /home/agilex/agilex_ws/install/nav2_msgs/include/nav2_msgs/nav2_msgs/srv/detail/load_map__struct.hpp
[121.862s] -- Installing: /home/agilex/agilex_ws/install/nav2_msgs/include/nav2_msgs/nav2_msgs/srv/detail/load_map__traits.hpp
[121.862s] -- Installing: /home/agilex/agilex_ws/install/nav2_msgs/include/nav2_msgs/nav2_msgs/srv/detail/save_map__builder.hpp
[121.862s] -- Installing: /home/agilex/agilex_ws/install/nav2_msgs/include/nav2_msgs/nav2_msgs/srv/detail/save_map__struct.hpp
[121.863s] -- Installing: /home/agilex/agilex_ws/install/nav2_msgs/include/nav2_msgs/nav2_msgs/srv/detail/save_map__traits.hpp
[121.863s] -- Installing: /home/agilex/agilex_ws/install/nav2_msgs/include/nav2_msgs/nav2_msgs/srv/is_path_valid.hpp
[121.863s] -- Installing: /home/agilex/agilex_ws/install/nav2_msgs/include/nav2_msgs/nav2_msgs/srv/clear_costmap_except_region.hpp
[121.863s] -- Installing: /home/agilex/agilex_ws/install/nav2_msgs/include/nav2_msgs/nav2_msgs/srv/clear_costmap_around_robot.hpp
[121.863s] -- Installing: /home/agilex/agilex_ws/install/nav2_msgs/include/nav2_msgs/nav2_msgs/srv/clear_entire_costmap.hpp
[121.863s] -- Installing: /home/agilex/agilex_ws/install/nav2_msgs/include/nav2_msgs/nav2_msgs/srv/manage_lifecycle_nodes.hpp
[121.863s] -- Installing: /home/agilex/agilex_ws/install/nav2_msgs/include/nav2_msgs/nav2_msgs/srv/load_map.hpp
[121.863s] -- Installing: /home/agilex/agilex_ws/install/nav2_msgs/include/nav2_msgs/nav2_msgs/srv/save_map.hpp
[121.863s] -- Up-to-date: /home/agilex/agilex_ws/install/nav2_msgs/include/nav2_msgs/nav2_msgs/action
[121.863s] -- Installing: /home/agilex/agilex_ws/install/nav2_msgs/include/nav2_msgs/nav2_msgs/action/back_up.hpp
[121.863s] -- Up-to-date: /home/agilex/agilex_ws/install/nav2_msgs/include/nav2_msgs/nav2_msgs/action/detail
[121.863s] -- Installing: /home/agilex/agilex_ws/install/nav2_msgs/include/nav2_msgs/nav2_msgs/action/detail/back_up__builder.hpp
[121.864s] -- Installing: /home/agilex/agilex_ws/install/nav2_msgs/include/nav2_msgs/nav2_msgs/action/detail/back_up__struct.hpp
[121.864s] -- Installing: /home/agilex/agilex_ws/install/nav2_msgs/include/nav2_msgs/nav2_msgs/action/detail/back_up__traits.hpp
[121.864s] -- Installing: /home/agilex/agilex_ws/install/nav2_msgs/include/nav2_msgs/nav2_msgs/action/detail/compute_path_to_pose__builder.hpp
[121.864s] -- Installing: /home/agilex/agilex_ws/install/nav2_msgs/include/nav2_msgs/nav2_msgs/action/detail/compute_path_to_pose__struct.hpp
[121.865s] -- Installing: /home/agilex/agilex_ws/install/nav2_msgs/include/nav2_msgs/nav2_msgs/action/detail/compute_path_to_pose__traits.hpp
[121.865s] -- Installing: /home/agilex/agilex_ws/install/nav2_msgs/include/nav2_msgs/nav2_msgs/action/detail/compute_path_through_poses__builder.hpp
[121.866s] -- Installing: /home/agilex/agilex_ws/install/nav2_msgs/include/nav2_msgs/nav2_msgs/action/detail/compute_path_through_poses__struct.hpp
[121.866s] -- Installing: /home/agilex/agilex_ws/install/nav2_msgs/include/nav2_msgs/nav2_msgs/action/detail/compute_path_through_poses__traits.hpp
[121.867s] -- Installing: /home/agilex/agilex_ws/install/nav2_msgs/include/nav2_msgs/nav2_msgs/action/detail/drive_on_heading__builder.hpp
[121.867s] -- Installing: /home/agilex/agilex_ws/install/nav2_msgs/include/nav2_msgs/nav2_msgs/action/detail/drive_on_heading__struct.hpp
[121.868s] -- Installing: /home/agilex/agilex_ws/install/nav2_msgs/include/nav2_msgs/nav2_msgs/action/detail/drive_on_heading__traits.hpp
[121.868s] -- Installing: /home/agilex/agilex_ws/install/nav2_msgs/include/nav2_msgs/nav2_msgs/action/detail/smooth_path__builder.hpp
[121.869s] -- Installing: /home/agilex/agilex_ws/install/nav2_msgs/include/nav2_msgs/nav2_msgs/action/detail/smooth_path__struct.hpp
[121.869s] -- Installing: /home/agilex/agilex_ws/install/nav2_msgs/include/nav2_msgs/nav2_msgs/action/detail/smooth_path__traits.hpp
[121.870s] -- Installing: /home/agilex/agilex_ws/install/nav2_msgs/include/nav2_msgs/nav2_msgs/action/detail/follow_path__builder.hpp
[121.870s] -- Installing: /home/agilex/agilex_ws/install/nav2_msgs/include/nav2_msgs/nav2_msgs/action/detail/follow_path__struct.hpp
[121.870s] -- Installing: /home/agilex/agilex_ws/install/nav2_msgs/include/nav2_msgs/nav2_msgs/action/detail/follow_path__traits.hpp
[121.870s] -- Installing: /home/agilex/agilex_ws/install/nav2_msgs/include/nav2_msgs/nav2_msgs/action/detail/navigate_to_pose__builder.hpp
[121.871s] -- Installing: /home/agilex/agilex_ws/install/nav2_msgs/include/nav2_msgs/nav2_msgs/action/detail/navigate_to_pose__struct.hpp
[121.871s] -- Installing: /home/agilex/agilex_ws/install/nav2_msgs/include/nav2_msgs/nav2_msgs/action/detail/navigate_to_pose__traits.hpp
[121.871s] -- Installing: /home/agilex/agilex_ws/install/nav2_msgs/include/nav2_msgs/nav2_msgs/action/detail/navigate_through_poses__builder.hpp
[121.871s] -- Installing: /home/agilex/agilex_ws/install/nav2_msgs/include/nav2_msgs/nav2_msgs/action/detail/navigate_through_poses__struct.hpp
[121.871s] -- Installing: /home/agilex/agilex_ws/install/nav2_msgs/include/nav2_msgs/nav2_msgs/action/detail/navigate_through_poses__traits.hpp
[121.872s] -- Installing: /home/agilex/agilex_ws/install/nav2_msgs/include/nav2_msgs/nav2_msgs/action/detail/wait__builder.hpp
[121.872s] -- Installing: /home/agilex/agilex_ws/install/nav2_msgs/include/nav2_msgs/nav2_msgs/action/detail/wait__struct.hpp
[121.872s] -- Installing: /home/agilex/agilex_ws/install/nav2_msgs/include/nav2_msgs/nav2_msgs/action/detail/wait__traits.hpp
[121.872s] -- Installing: /home/agilex/agilex_ws/install/nav2_msgs/include/nav2_msgs/nav2_msgs/action/detail/spin__builder.hpp
[121.872s] -- Installing: /home/agilex/agilex_ws/install/nav2_msgs/include/nav2_msgs/nav2_msgs/action/detail/spin__struct.hpp
[121.873s] -- Installing: /home/agilex/agilex_ws/install/nav2_msgs/include/nav2_msgs/nav2_msgs/action/detail/spin__traits.hpp
[121.873s] -- Installing: /home/agilex/agilex_ws/install/nav2_msgs/include/nav2_msgs/nav2_msgs/action/detail/dummy_behavior__builder.hpp
[121.874s] -- Installing: /home/agilex/agilex_ws/install/nav2_msgs/include/nav2_msgs/nav2_msgs/action/detail/dummy_behavior__struct.hpp
[121.874s] -- Installing: /home/agilex/agilex_ws/install/nav2_msgs/include/nav2_msgs/nav2_msgs/action/detail/dummy_behavior__traits.hpp
[121.875s] -- Installing: /home/agilex/agilex_ws/install/nav2_msgs/include/nav2_msgs/nav2_msgs/action/detail/follow_waypoints__builder.hpp
[121.875s] -- Installing: /home/agilex/agilex_ws/install/nav2_msgs/include/nav2_msgs/nav2_msgs/action/detail/follow_waypoints__struct.hpp
[121.875s] -- Installing: /home/agilex/agilex_ws/install/nav2_msgs/include/nav2_msgs/nav2_msgs/action/detail/follow_waypoints__traits.hpp
[121.875s] -- Installing: /home/agilex/agilex_ws/install/nav2_msgs/include/nav2_msgs/nav2_msgs/action/compute_path_to_pose.hpp
[121.876s] -- Installing: /home/agilex/agilex_ws/install/nav2_msgs/include/nav2_msgs/nav2_msgs/action/compute_path_through_poses.hpp
[121.876s] -- Installing: /home/agilex/agilex_ws/install/nav2_msgs/include/nav2_msgs/nav2_msgs/action/drive_on_heading.hpp
[121.876s] -- Installing: /home/agilex/agilex_ws/install/nav2_msgs/include/nav2_msgs/nav2_msgs/action/smooth_path.hpp
[121.876s] -- Installing: /home/agilex/agilex_ws/install/nav2_msgs/include/nav2_msgs/nav2_msgs/action/follow_path.hpp
[121.876s] -- Installing: /home/agilex/agilex_ws/install/nav2_msgs/include/nav2_msgs/nav2_msgs/action/navigate_to_pose.hpp
[121.876s] -- Installing: /home/agilex/agilex_ws/install/nav2_msgs/include/nav2_msgs/nav2_msgs/action/navigate_through_poses.hpp
[121.877s] -- Installing: /home/agilex/agilex_ws/install/nav2_msgs/include/nav2_msgs/nav2_msgs/action/wait.hpp
[121.877s] -- Installing: /home/agilex/agilex_ws/install/nav2_msgs/include/nav2_msgs/nav2_msgs/action/spin.hpp
[121.877s] -- Installing: /home/agilex/agilex_ws/install/nav2_msgs/include/nav2_msgs/nav2_msgs/action/dummy_behavior.hpp
[121.877s] -- Installing: /home/agilex/agilex_ws/install/nav2_msgs/include/nav2_msgs/nav2_msgs/action/follow_waypoints.hpp
[121.878s] -- Up-to-date: /home/agilex/agilex_ws/install/nav2_msgs/include/nav2_msgs/nav2_msgs
[121.878s] -- Up-to-date: /home/agilex/agilex_ws/install/nav2_msgs/include/nav2_msgs/nav2_msgs/msg
[121.878s] -- Up-to-date: /home/agilex/agilex_ws/install/nav2_msgs/include/nav2_msgs/nav2_msgs/msg/detail
[121.878s] -- Installing: /home/agilex/agilex_ws/install/nav2_msgs/include/nav2_msgs/nav2_msgs/msg/detail/costmap__rosidl_typesupport_fastrtps_cpp.hpp
[121.878s] -- Up-to-date: /home/agilex/agilex_ws/install/nav2_msgs/include/nav2_msgs/nav2_msgs/msg/detail/dds_fastrtps
[121.878s] -- Installing: /home/agilex/agilex_ws/install/nav2_msgs/include/nav2_msgs/nav2_msgs/msg/detail/costmap_meta_data__rosidl_typesupport_fastrtps_cpp.hpp
[121.878s] -- Installing: /home/agilex/agilex_ws/install/nav2_msgs/include/nav2_msgs/nav2_msgs/msg/detail/costmap_filter_info__rosidl_typesupport_fastrtps_cpp.hpp
[121.879s] -- Installing: /home/agilex/agilex_ws/install/nav2_msgs/include/nav2_msgs/nav2_msgs/msg/detail/speed_limit__rosidl_typesupport_fastrtps_cpp.hpp
[121.879s] -- Installing: /home/agilex/agilex_ws/install/nav2_msgs/include/nav2_msgs/nav2_msgs/msg/detail/voxel_grid__rosidl_typesupport_fastrtps_cpp.hpp
[121.879s] -- Installing: /home/agilex/agilex_ws/install/nav2_msgs/include/nav2_msgs/nav2_msgs/msg/detail/behavior_tree_status_change__rosidl_typesupport_fastrtps_cpp.hpp
[121.879s] -- Installing: /home/agilex/agilex_ws/install/nav2_msgs/include/nav2_msgs/nav2_msgs/msg/detail/behavior_tree_log__rosidl_typesupport_fastrtps_cpp.hpp
[121.879s] -- Installing: /home/agilex/agilex_ws/install/nav2_msgs/include/nav2_msgs/nav2_msgs/msg/detail/particle__rosidl_typesupport_fastrtps_cpp.hpp
[121.879s] -- Installing: /home/agilex/agilex_ws/install/nav2_msgs/include/nav2_msgs/nav2_msgs/msg/detail/particle_cloud__rosidl_typesupport_fastrtps_cpp.hpp
[121.879s] -- Up-to-date: /home/agilex/agilex_ws/install/nav2_msgs/include/nav2_msgs/nav2_msgs/msg/rosidl_typesupport_fastrtps_cpp__visibility_control.h
[121.879s] -- Up-to-date: /home/agilex/agilex_ws/install/nav2_msgs/include/nav2_msgs/nav2_msgs/srv
[121.879s] -- Up-to-date: /home/agilex/agilex_ws/install/nav2_msgs/include/nav2_msgs/nav2_msgs/srv/detail
[121.880s] -- Installing: /home/agilex/agilex_ws/install/nav2_msgs/include/nav2_msgs/nav2_msgs/srv/detail/get_costmap__rosidl_typesupport_fastrtps_cpp.hpp
[121.880s] -- Up-to-date: /home/agilex/agilex_ws/install/nav2_msgs/include/nav2_msgs/nav2_msgs/srv/detail/dds_fastrtps
[121.880s] -- Installing: /home/agilex/agilex_ws/install/nav2_msgs/include/nav2_msgs/nav2_msgs/srv/detail/is_path_valid__rosidl_typesupport_fastrtps_cpp.hpp
[121.880s] -- Installing: /home/agilex/agilex_ws/install/nav2_msgs/include/nav2_msgs/nav2_msgs/srv/detail/clear_costmap_except_region__rosidl_typesupport_fastrtps_cpp.hpp
[121.880s] -- Installing: /home/agilex/agilex_ws/install/nav2_msgs/include/nav2_msgs/nav2_msgs/srv/detail/clear_costmap_around_robot__rosidl_typesupport_fastrtps_cpp.hpp
[121.880s] -- Installing: /home/agilex/agilex_ws/install/nav2_msgs/include/nav2_msgs/nav2_msgs/srv/detail/clear_entire_costmap__rosidl_typesupport_fastrtps_cpp.hpp
[121.880s] -- Installing: /home/agilex/agilex_ws/install/nav2_msgs/include/nav2_msgs/nav2_msgs/srv/detail/manage_lifecycle_nodes__rosidl_typesupport_fastrtps_cpp.hpp
[121.880s] -- Installing: /home/agilex/agilex_ws/install/nav2_msgs/include/nav2_msgs/nav2_msgs/srv/detail/load_map__rosidl_typesupport_fastrtps_cpp.hpp
[121.880s] -- Installing: /home/agilex/agilex_ws/install/nav2_msgs/include/nav2_msgs/nav2_msgs/srv/detail/save_map__rosidl_typesupport_fastrtps_cpp.hpp
[121.881s] -- Up-to-date: /home/agilex/agilex_ws/install/nav2_msgs/include/nav2_msgs/nav2_msgs/action
[121.881s] -- Up-to-date: /home/agilex/agilex_ws/install/nav2_msgs/include/nav2_msgs/nav2_msgs/action/detail
[121.881s] -- Installing: /home/agilex/agilex_ws/install/nav2_msgs/include/nav2_msgs/nav2_msgs/action/detail/back_up__rosidl_typesupport_fastrtps_cpp.hpp
[121.881s] -- Up-to-date: /home/agilex/agilex_ws/install/nav2_msgs/include/nav2_msgs/nav2_msgs/action/detail/dds_fastrtps
[121.881s] -- Installing: /home/agilex/agilex_ws/install/nav2_msgs/include/nav2_msgs/nav2_msgs/action/detail/compute_path_to_pose__rosidl_typesupport_fastrtps_cpp.hpp
[121.881s] -- Installing: /home/agilex/agilex_ws/install/nav2_msgs/include/nav2_msgs/nav2_msgs/action/detail/compute_path_through_poses__rosidl_typesupport_fastrtps_cpp.hpp
[121.881s] -- Installing: /home/agilex/agilex_ws/install/nav2_msgs/include/nav2_msgs/nav2_msgs/action/detail/drive_on_heading__rosidl_typesupport_fastrtps_cpp.hpp
[121.881s] -- Installing: /home/agilex/agilex_ws/install/nav2_msgs/include/nav2_msgs/nav2_msgs/action/detail/smooth_path__rosidl_typesupport_fastrtps_cpp.hpp
[121.882s] -- Installing: /home/agilex/agilex_ws/install/nav2_msgs/include/nav2_msgs/nav2_msgs/action/detail/follow_path__rosidl_typesupport_fastrtps_cpp.hpp
[121.882s] -- Installing: /home/agilex/agilex_ws/install/nav2_msgs/include/nav2_msgs/nav2_msgs/action/detail/navigate_to_pose__rosidl_typesupport_fastrtps_cpp.hpp
[121.882s] -- Installing: /home/agilex/agilex_ws/install/nav2_msgs/include/nav2_msgs/nav2_msgs/action/detail/navigate_through_poses__rosidl_typesupport_fastrtps_cpp.hpp
[121.882s] -- Installing: /home/agilex/agilex_ws/install/nav2_msgs/include/nav2_msgs/nav2_msgs/action/detail/wait__rosidl_typesupport_fastrtps_cpp.hpp
[121.882s] -- Installing: /home/agilex/agilex_ws/install/nav2_msgs/include/nav2_msgs/nav2_msgs/action/detail/spin__rosidl_typesupport_fastrtps_cpp.hpp
[121.882s] -- Installing: /home/agilex/agilex_ws/install/nav2_msgs/include/nav2_msgs/nav2_msgs/action/detail/dummy_behavior__rosidl_typesupport_fastrtps_cpp.hpp
[121.882s] -- Installing: /home/agilex/agilex_ws/install/nav2_msgs/include/nav2_msgs/nav2_msgs/action/detail/follow_waypoints__rosidl_typesupport_fastrtps_cpp.hpp
[121.883s] -- Installing: /home/agilex/agilex_ws/install/nav2_msgs/lib/libnav2_msgs__rosidl_typesupport_fastrtps_cpp.so
[121.886s] -- Set runtime path of "/home/agilex/agilex_ws/install/nav2_msgs/lib/libnav2_msgs__rosidl_typesupport_fastrtps_cpp.so" to ""
[121.886s] -- Up-to-date: /home/agilex/agilex_ws/install/nav2_msgs/include/nav2_msgs/nav2_msgs
[121.886s] -- Up-to-date: /home/agilex/agilex_ws/install/nav2_msgs/include/nav2_msgs/nav2_msgs/msg
[121.886s] -- Up-to-date: /home/agilex/agilex_ws/install/nav2_msgs/include/nav2_msgs/nav2_msgs/msg/detail
[121.886s] -- Installing: /home/agilex/agilex_ws/install/nav2_msgs/include/nav2_msgs/nav2_msgs/msg/detail/costmap__type_support.c
[121.886s] -- Installing: /home/agilex/agilex_ws/install/nav2_msgs/include/nav2_msgs/nav2_msgs/msg/detail/costmap_meta_data__type_support.c
[121.887s] -- Installing: /home/agilex/agilex_ws/install/nav2_msgs/include/nav2_msgs/nav2_msgs/msg/detail/costmap_filter_info__type_support.c
[121.887s] -- Installing: /home/agilex/agilex_ws/install/nav2_msgs/include/nav2_msgs/nav2_msgs/msg/detail/speed_limit__type_support.c
[121.887s] -- Installing: /home/agilex/agilex_ws/install/nav2_msgs/include/nav2_msgs/nav2_msgs/msg/detail/voxel_grid__type_support.c
[121.887s] -- Installing: /home/agilex/agilex_ws/install/nav2_msgs/include/nav2_msgs/nav2_msgs/msg/detail/behavior_tree_status_change__type_support.c
[121.887s] -- Installing: /home/agilex/agilex_ws/install/nav2_msgs/include/nav2_msgs/nav2_msgs/msg/detail/behavior_tree_log__type_support.c
[121.887s] -- Installing: /home/agilex/agilex_ws/install/nav2_msgs/include/nav2_msgs/nav2_msgs/msg/detail/particle__type_support.c
[121.887s] -- Installing: /home/agilex/agilex_ws/install/nav2_msgs/include/nav2_msgs/nav2_msgs/msg/detail/particle_cloud__type_support.c
[121.888s] -- Installing: /home/agilex/agilex_ws/install/nav2_msgs/include/nav2_msgs/nav2_msgs/msg/detail/behavior_tree_log__rosidl_typesupport_introspection_c.h
[121.888s] -- Installing: /home/agilex/agilex_ws/install/nav2_msgs/include/nav2_msgs/nav2_msgs/msg/detail/behavior_tree_status_change__rosidl_typesupport_introspection_c.h
[121.888s] -- Installing: /home/agilex/agilex_ws/install/nav2_msgs/include/nav2_msgs/nav2_msgs/msg/detail/costmap__rosidl_typesupport_introspection_c.h
[121.888s] -- Installing: /home/agilex/agilex_ws/install/nav2_msgs/include/nav2_msgs/nav2_msgs/msg/detail/costmap_filter_info__rosidl_typesupport_introspection_c.h
[121.888s] -- Installing: /home/agilex/agilex_ws/install/nav2_msgs/include/nav2_msgs/nav2_msgs/msg/detail/costmap_meta_data__rosidl_typesupport_introspection_c.h
[121.888s] -- Installing: /home/agilex/agilex_ws/install/nav2_msgs/include/nav2_msgs/nav2_msgs/msg/detail/particle__rosidl_typesupport_introspection_c.h
[121.888s] -- Installing: /home/agilex/agilex_ws/install/nav2_msgs/include/nav2_msgs/nav2_msgs/msg/detail/particle_cloud__rosidl_typesupport_introspection_c.h
[121.888s] -- Installing: /home/agilex/agilex_ws/install/nav2_msgs/include/nav2_msgs/nav2_msgs/msg/detail/speed_limit__rosidl_typesupport_introspection_c.h
[121.888s] -- Installing: /home/agilex/agilex_ws/install/nav2_msgs/include/nav2_msgs/nav2_msgs/msg/detail/voxel_grid__rosidl_typesupport_introspection_c.h
[121.888s] -- Up-to-date: /home/agilex/agilex_ws/install/nav2_msgs/include/nav2_msgs/nav2_msgs/msg/rosidl_typesupport_introspection_c__visibility_control.h
[121.889s] -- Up-to-date: /home/agilex/agilex_ws/install/nav2_msgs/include/nav2_msgs/nav2_msgs/srv
[121.889s] -- Up-to-date: /home/agilex/agilex_ws/install/nav2_msgs/include/nav2_msgs/nav2_msgs/srv/detail
[121.889s] -- Installing: /home/agilex/agilex_ws/install/nav2_msgs/include/nav2_msgs/nav2_msgs/srv/detail/get_costmap__type_support.c
[121.889s] -- Installing: /home/agilex/agilex_ws/install/nav2_msgs/include/nav2_msgs/nav2_msgs/srv/detail/is_path_valid__type_support.c
[121.889s] -- Installing: /home/agilex/agilex_ws/install/nav2_msgs/include/nav2_msgs/nav2_msgs/srv/detail/clear_costmap_except_region__type_support.c
[121.889s] -- Installing: /home/agilex/agilex_ws/install/nav2_msgs/include/nav2_msgs/nav2_msgs/srv/detail/clear_costmap_around_robot__type_support.c
[121.889s] -- Installing: /home/agilex/agilex_ws/install/nav2_msgs/include/nav2_msgs/nav2_msgs/srv/detail/clear_entire_costmap__type_support.c
[121.889s] -- Installing: /home/agilex/agilex_ws/install/nav2_msgs/include/nav2_msgs/nav2_msgs/srv/detail/manage_lifecycle_nodes__type_support.c
[121.889s] -- Installing: /home/agilex/agilex_ws/install/nav2_msgs/include/nav2_msgs/nav2_msgs/srv/detail/load_map__type_support.c
[121.889s] -- Installing: /home/agilex/agilex_ws/install/nav2_msgs/include/nav2_msgs/nav2_msgs/srv/detail/save_map__type_support.c
[121.889s] -- Installing: /home/agilex/agilex_ws/install/nav2_msgs/include/nav2_msgs/nav2_msgs/srv/detail/clear_costmap_around_robot__rosidl_typesupport_introspection_c.h
[121.889s] -- Installing: /home/agilex/agilex_ws/install/nav2_msgs/include/nav2_msgs/nav2_msgs/srv/detail/clear_costmap_except_region__rosidl_typesupport_introspection_c.h
[121.890s] -- Installing: /home/agilex/agilex_ws/install/nav2_msgs/include/nav2_msgs/nav2_msgs/srv/detail/clear_entire_costmap__rosidl_typesupport_introspection_c.h
[121.890s] -- Installing: /home/agilex/agilex_ws/install/nav2_msgs/include/nav2_msgs/nav2_msgs/srv/detail/get_costmap__rosidl_typesupport_introspection_c.h
[121.890s] -- Installing: /home/agilex/agilex_ws/install/nav2_msgs/include/nav2_msgs/nav2_msgs/srv/detail/is_path_valid__rosidl_typesupport_introspection_c.h
[121.890s] -- Installing: /home/agilex/agilex_ws/install/nav2_msgs/include/nav2_msgs/nav2_msgs/srv/detail/load_map__rosidl_typesupport_introspection_c.h
[121.890s] -- Installing: /home/agilex/agilex_ws/install/nav2_msgs/include/nav2_msgs/nav2_msgs/srv/detail/manage_lifecycle_nodes__rosidl_typesupport_introspection_c.h
[121.890s] -- Installing: /home/agilex/agilex_ws/install/nav2_msgs/include/nav2_msgs/nav2_msgs/srv/detail/save_map__rosidl_typesupport_introspection_c.h
[121.890s] -- Up-to-date: /home/agilex/agilex_ws/install/nav2_msgs/include/nav2_msgs/nav2_msgs/action
[121.890s] -- Up-to-date: /home/agilex/agilex_ws/install/nav2_msgs/include/nav2_msgs/nav2_msgs/action/detail
[121.890s] -- Installing: /home/agilex/agilex_ws/install/nav2_msgs/include/nav2_msgs/nav2_msgs/action/detail/back_up__type_support.c
[121.890s] -- Installing: /home/agilex/agilex_ws/install/nav2_msgs/include/nav2_msgs/nav2_msgs/action/detail/compute_path_to_pose__type_support.c
[121.890s] -- Installing: /home/agilex/agilex_ws/install/nav2_msgs/include/nav2_msgs/nav2_msgs/action/detail/compute_path_through_poses__type_support.c
[121.890s] -- Installing: /home/agilex/agilex_ws/install/nav2_msgs/include/nav2_msgs/nav2_msgs/action/detail/drive_on_heading__type_support.c
[121.890s] -- Installing: /home/agilex/agilex_ws/install/nav2_msgs/include/nav2_msgs/nav2_msgs/action/detail/smooth_path__type_support.c
[121.891s] -- Installing: /home/agilex/agilex_ws/install/nav2_msgs/include/nav2_msgs/nav2_msgs/action/detail/follow_path__type_support.c
[121.891s] -- Installing: /home/agilex/agilex_ws/install/nav2_msgs/include/nav2_msgs/nav2_msgs/action/detail/navigate_to_pose__type_support.c
[121.891s] -- Installing: /home/agilex/agilex_ws/install/nav2_msgs/include/nav2_msgs/nav2_msgs/action/detail/navigate_through_poses__type_support.c
[121.891s] -- Installing: /home/agilex/agilex_ws/install/nav2_msgs/include/nav2_msgs/nav2_msgs/action/detail/wait__type_support.c
[121.891s] -- Installing: /home/agilex/agilex_ws/install/nav2_msgs/include/nav2_msgs/nav2_msgs/action/detail/spin__type_support.c
[121.891s] -- Installing: /home/agilex/agilex_ws/install/nav2_msgs/include/nav2_msgs/nav2_msgs/action/detail/dummy_behavior__type_support.c
[121.891s] -- Installing: /home/agilex/agilex_ws/install/nav2_msgs/include/nav2_msgs/nav2_msgs/action/detail/follow_waypoints__type_support.c
[121.891s] -- Installing: /home/agilex/agilex_ws/install/nav2_msgs/include/nav2_msgs/nav2_msgs/action/detail/back_up__rosidl_typesupport_introspection_c.h
[121.891s] -- Installing: /home/agilex/agilex_ws/install/nav2_msgs/include/nav2_msgs/nav2_msgs/action/detail/compute_path_through_poses__rosidl_typesupport_introspection_c.h
[121.891s] -- Installing: /home/agilex/agilex_ws/install/nav2_msgs/include/nav2_msgs/nav2_msgs/action/detail/compute_path_to_pose__rosidl_typesupport_introspection_c.h
[121.891s] -- Installing: /home/agilex/agilex_ws/install/nav2_msgs/include/nav2_msgs/nav2_msgs/action/detail/drive_on_heading__rosidl_typesupport_introspection_c.h
[121.891s] -- Installing: /home/agilex/agilex_ws/install/nav2_msgs/include/nav2_msgs/nav2_msgs/action/detail/dummy_behavior__rosidl_typesupport_introspection_c.h
[121.892s] -- Installing: /home/agilex/agilex_ws/install/nav2_msgs/include/nav2_msgs/nav2_msgs/action/detail/follow_path__rosidl_typesupport_introspection_c.h
[121.892s] -- Installing: /home/agilex/agilex_ws/install/nav2_msgs/include/nav2_msgs/nav2_msgs/action/detail/follow_waypoints__rosidl_typesupport_introspection_c.h
[121.892s] -- Installing: /home/agilex/agilex_ws/install/nav2_msgs/include/nav2_msgs/nav2_msgs/action/detail/navigate_through_poses__rosidl_typesupport_introspection_c.h
[121.892s] -- Installing: /home/agilex/agilex_ws/install/nav2_msgs/include/nav2_msgs/nav2_msgs/action/detail/navigate_to_pose__rosidl_typesupport_introspection_c.h
[121.892s] -- Installing: /home/agilex/agilex_ws/install/nav2_msgs/include/nav2_msgs/nav2_msgs/action/detail/smooth_path__rosidl_typesupport_introspection_c.h
[121.892s] -- Installing: /home/agilex/agilex_ws/install/nav2_msgs/include/nav2_msgs/nav2_msgs/action/detail/spin__rosidl_typesupport_introspection_c.h
[121.892s] -- Installing: /home/agilex/agilex_ws/install/nav2_msgs/include/nav2_msgs/nav2_msgs/action/detail/wait__rosidl_typesupport_introspection_c.h
[121.893s] -- Installing: /home/agilex/agilex_ws/install/nav2_msgs/lib/libnav2_msgs__rosidl_typesupport_introspection_c.so
[121.894s] -- Set runtime path of "/home/agilex/agilex_ws/install/nav2_msgs/lib/libnav2_msgs__rosidl_typesupport_introspection_c.so" to ""
[121.896s] -- Installing: /home/agilex/agilex_ws/install/nav2_msgs/lib/libnav2_msgs__rosidl_typesupport_c.so
[121.897s] -- Set runtime path of "/home/agilex/agilex_ws/install/nav2_msgs/lib/libnav2_msgs__rosidl_typesupport_c.so" to ""
[121.897s] -- Up-to-date: /home/agilex/agilex_ws/install/nav2_msgs/include/nav2_msgs/nav2_msgs
[121.897s] -- Up-to-date: /home/agilex/agilex_ws/install/nav2_msgs/include/nav2_msgs/nav2_msgs/msg
[121.897s] -- Up-to-date: /home/agilex/agilex_ws/install/nav2_msgs/include/nav2_msgs/nav2_msgs/msg/detail
[121.898s] -- Installing: /home/agilex/agilex_ws/install/nav2_msgs/include/nav2_msgs/nav2_msgs/msg/detail/costmap__rosidl_typesupport_introspection_cpp.hpp
[121.898s] -- Installing: /home/agilex/agilex_ws/install/nav2_msgs/include/nav2_msgs/nav2_msgs/msg/detail/costmap_meta_data__rosidl_typesupport_introspection_cpp.hpp
[121.898s] -- Installing: /home/agilex/agilex_ws/install/nav2_msgs/include/nav2_msgs/nav2_msgs/msg/detail/costmap_filter_info__rosidl_typesupport_introspection_cpp.hpp
[121.898s] -- Installing: /home/agilex/agilex_ws/install/nav2_msgs/include/nav2_msgs/nav2_msgs/msg/detail/speed_limit__rosidl_typesupport_introspection_cpp.hpp
[121.898s] -- Installing: /home/agilex/agilex_ws/install/nav2_msgs/include/nav2_msgs/nav2_msgs/msg/detail/voxel_grid__rosidl_typesupport_introspection_cpp.hpp
[121.899s] -- Installing: /home/agilex/agilex_ws/install/nav2_msgs/include/nav2_msgs/nav2_msgs/msg/detail/behavior_tree_status_change__rosidl_typesupport_introspection_cpp.hpp
[121.899s] -- Installing: /home/agilex/agilex_ws/install/nav2_msgs/include/nav2_msgs/nav2_msgs/msg/detail/behavior_tree_log__rosidl_typesupport_introspection_cpp.hpp
[121.899s] -- Installing: /home/agilex/agilex_ws/install/nav2_msgs/include/nav2_msgs/nav2_msgs/msg/detail/particle__rosidl_typesupport_introspection_cpp.hpp
[121.899s] -- Installing: /home/agilex/agilex_ws/install/nav2_msgs/include/nav2_msgs/nav2_msgs/msg/detail/particle_cloud__rosidl_typesupport_introspection_cpp.hpp
[121.899s] -- Installing: /home/agilex/agilex_ws/install/nav2_msgs/include/nav2_msgs/nav2_msgs/msg/detail/behavior_tree_log__type_support.cpp
[121.900s] -- Installing: /home/agilex/agilex_ws/install/nav2_msgs/include/nav2_msgs/nav2_msgs/msg/detail/behavior_tree_status_change__type_support.cpp
[121.900s] -- Installing: /home/agilex/agilex_ws/install/nav2_msgs/include/nav2_msgs/nav2_msgs/msg/detail/costmap__type_support.cpp
[121.900s] -- Installing: /home/agilex/agilex_ws/install/nav2_msgs/include/nav2_msgs/nav2_msgs/msg/detail/costmap_filter_info__type_support.cpp
[121.900s] -- Installing: /home/agilex/agilex_ws/install/nav2_msgs/include/nav2_msgs/nav2_msgs/msg/detail/costmap_meta_data__type_support.cpp
[121.901s] -- Installing: /home/agilex/agilex_ws/install/nav2_msgs/include/nav2_msgs/nav2_msgs/msg/detail/particle__type_support.cpp
[121.901s] -- Installing: /home/agilex/agilex_ws/install/nav2_msgs/include/nav2_msgs/nav2_msgs/msg/detail/particle_cloud__type_support.cpp
[121.901s] -- Installing: /home/agilex/agilex_ws/install/nav2_msgs/include/nav2_msgs/nav2_msgs/msg/detail/speed_limit__type_support.cpp
[121.901s] -- Installing: /home/agilex/agilex_ws/install/nav2_msgs/include/nav2_msgs/nav2_msgs/msg/detail/voxel_grid__type_support.cpp
[121.901s] -- Up-to-date: /home/agilex/agilex_ws/install/nav2_msgs/include/nav2_msgs/nav2_msgs/srv
[121.901s] -- Up-to-date: /home/agilex/agilex_ws/install/nav2_msgs/include/nav2_msgs/nav2_msgs/srv/detail
[121.901s] -- Installing: /home/agilex/agilex_ws/install/nav2_msgs/include/nav2_msgs/nav2_msgs/srv/detail/get_costmap__rosidl_typesupport_introspection_cpp.hpp
[121.902s] -- Installing: /home/agilex/agilex_ws/install/nav2_msgs/include/nav2_msgs/nav2_msgs/srv/detail/is_path_valid__rosidl_typesupport_introspection_cpp.hpp
[121.902s] -- Installing: /home/agilex/agilex_ws/install/nav2_msgs/include/nav2_msgs/nav2_msgs/srv/detail/clear_costmap_except_region__rosidl_typesupport_introspection_cpp.hpp
[121.902s] -- Installing: /home/agilex/agilex_ws/install/nav2_msgs/include/nav2_msgs/nav2_msgs/srv/detail/clear_costmap_around_robot__rosidl_typesupport_introspection_cpp.hpp
[121.902s] -- Installing: /home/agilex/agilex_ws/install/nav2_msgs/include/nav2_msgs/nav2_msgs/srv/detail/clear_entire_costmap__rosidl_typesupport_introspection_cpp.hpp
[121.902s] -- Installing: /home/agilex/agilex_ws/install/nav2_msgs/include/nav2_msgs/nav2_msgs/srv/detail/manage_lifecycle_nodes__rosidl_typesupport_introspection_cpp.hpp
[121.903s] -- Installing: /home/agilex/agilex_ws/install/nav2_msgs/include/nav2_msgs/nav2_msgs/srv/detail/load_map__rosidl_typesupport_introspection_cpp.hpp
[121.903s] -- Installing: /home/agilex/agilex_ws/install/nav2_msgs/include/nav2_msgs/nav2_msgs/srv/detail/save_map__rosidl_typesupport_introspection_cpp.hpp
[121.903s] -- Installing: /home/agilex/agilex_ws/install/nav2_msgs/include/nav2_msgs/nav2_msgs/srv/detail/clear_costmap_around_robot__type_support.cpp
[121.903s] -- Installing: /home/agilex/agilex_ws/install/nav2_msgs/include/nav2_msgs/nav2_msgs/srv/detail/clear_costmap_except_region__type_support.cpp
[121.903s] -- Installing: /home/agilex/agilex_ws/install/nav2_msgs/include/nav2_msgs/nav2_msgs/srv/detail/clear_entire_costmap__type_support.cpp
[121.903s] -- Installing: /home/agilex/agilex_ws/install/nav2_msgs/include/nav2_msgs/nav2_msgs/srv/detail/get_costmap__type_support.cpp
[121.903s] -- Installing: /home/agilex/agilex_ws/install/nav2_msgs/include/nav2_msgs/nav2_msgs/srv/detail/is_path_valid__type_support.cpp
[121.904s] -- Installing: /home/agilex/agilex_ws/install/nav2_msgs/include/nav2_msgs/nav2_msgs/srv/detail/load_map__type_support.cpp
[121.904s] -- Installing: /home/agilex/agilex_ws/install/nav2_msgs/include/nav2_msgs/nav2_msgs/srv/detail/manage_lifecycle_nodes__type_support.cpp
[121.904s] -- Installing: /home/agilex/agilex_ws/install/nav2_msgs/include/nav2_msgs/nav2_msgs/srv/detail/save_map__type_support.cpp
[121.904s] -- Up-to-date: /home/agilex/agilex_ws/install/nav2_msgs/include/nav2_msgs/nav2_msgs/action
[121.904s] -- Up-to-date: /home/agilex/agilex_ws/install/nav2_msgs/include/nav2_msgs/nav2_msgs/action/detail
[121.905s] -- Installing: /home/agilex/agilex_ws/install/nav2_msgs/include/nav2_msgs/nav2_msgs/action/detail/back_up__rosidl_typesupport_introspection_cpp.hpp
[121.905s] -- Installing: /home/agilex/agilex_ws/install/nav2_msgs/include/nav2_msgs/nav2_msgs/action/detail/compute_path_to_pose__rosidl_typesupport_introspection_cpp.hpp
[121.905s] -- Installing: /home/agilex/agilex_ws/install/nav2_msgs/include/nav2_msgs/nav2_msgs/action/detail/compute_path_through_poses__rosidl_typesupport_introspection_cpp.hpp
[121.905s] -- Installing: /home/agilex/agilex_ws/install/nav2_msgs/include/nav2_msgs/nav2_msgs/action/detail/drive_on_heading__rosidl_typesupport_introspection_cpp.hpp
[121.905s] -- Installing: /home/agilex/agilex_ws/install/nav2_msgs/include/nav2_msgs/nav2_msgs/action/detail/smooth_path__rosidl_typesupport_introspection_cpp.hpp
[121.905s] -- Installing: /home/agilex/agilex_ws/install/nav2_msgs/include/nav2_msgs/nav2_msgs/action/detail/follow_path__rosidl_typesupport_introspection_cpp.hpp
[121.906s] -- Installing: /home/agilex/agilex_ws/install/nav2_msgs/include/nav2_msgs/nav2_msgs/action/detail/navigate_to_pose__rosidl_typesupport_introspection_cpp.hpp
[121.906s] -- Installing: /home/agilex/agilex_ws/install/nav2_msgs/include/nav2_msgs/nav2_msgs/action/detail/navigate_through_poses__rosidl_typesupport_introspection_cpp.hpp
[121.906s] -- Installing: /home/agilex/agilex_ws/install/nav2_msgs/include/nav2_msgs/nav2_msgs/action/detail/wait__rosidl_typesupport_introspection_cpp.hpp
[121.906s] -- Installing: /home/agilex/agilex_ws/install/nav2_msgs/include/nav2_msgs/nav2_msgs/action/detail/spin__rosidl_typesupport_introspection_cpp.hpp
[121.907s] -- Installing: /home/agilex/agilex_ws/install/nav2_msgs/include/nav2_msgs/nav2_msgs/action/detail/dummy_behavior__rosidl_typesupport_introspection_cpp.hpp
[121.907s] -- Installing: /home/agilex/agilex_ws/install/nav2_msgs/include/nav2_msgs/nav2_msgs/action/detail/follow_waypoints__rosidl_typesupport_introspection_cpp.hpp
[121.907s] -- Installing: /home/agilex/agilex_ws/install/nav2_msgs/include/nav2_msgs/nav2_msgs/action/detail/back_up__type_support.cpp
[121.907s] -- Installing: /home/agilex/agilex_ws/install/nav2_msgs/include/nav2_msgs/nav2_msgs/action/detail/compute_path_through_poses__type_support.cpp
[121.907s] -- Installing: /home/agilex/agilex_ws/install/nav2_msgs/include/nav2_msgs/nav2_msgs/action/detail/compute_path_to_pose__type_support.cpp
[121.907s] -- Installing: /home/agilex/agilex_ws/install/nav2_msgs/include/nav2_msgs/nav2_msgs/action/detail/drive_on_heading__type_support.cpp
[121.907s] -- Installing: /home/agilex/agilex_ws/install/nav2_msgs/include/nav2_msgs/nav2_msgs/action/detail/dummy_behavior__type_support.cpp
[121.907s] -- Installing: /home/agilex/agilex_ws/install/nav2_msgs/include/nav2_msgs/nav2_msgs/action/detail/follow_path__type_support.cpp
[121.907s] -- Installing: /home/agilex/agilex_ws/install/nav2_msgs/include/nav2_msgs/nav2_msgs/action/detail/follow_waypoints__type_support.cpp
[121.907s] -- Installing: /home/agilex/agilex_ws/install/nav2_msgs/include/nav2_msgs/nav2_msgs/action/detail/navigate_through_poses__type_support.cpp
[121.908s] -- Installing: /home/agilex/agilex_ws/install/nav2_msgs/include/nav2_msgs/nav2_msgs/action/detail/navigate_to_pose__type_support.cpp
[121.908s] -- Installing: /home/agilex/agilex_ws/install/nav2_msgs/include/nav2_msgs/nav2_msgs/action/detail/smooth_path__type_support.cpp
[121.908s] -- Installing: /home/agilex/agilex_ws/install/nav2_msgs/include/nav2_msgs/nav2_msgs/action/detail/spin__type_support.cpp
[121.908s] -- Installing: /home/agilex/agilex_ws/install/nav2_msgs/include/nav2_msgs/nav2_msgs/action/detail/wait__type_support.cpp
[121.910s] -- Installing: /home/agilex/agilex_ws/install/nav2_msgs/lib/libnav2_msgs__rosidl_typesupport_introspection_cpp.so
[121.911s] -- Set runtime path of "/home/agilex/agilex_ws/install/nav2_msgs/lib/libnav2_msgs__rosidl_typesupport_introspection_cpp.so" to ""
[121.912s] -- Installing: /home/agilex/agilex_ws/install/nav2_msgs/lib/libnav2_msgs__rosidl_typesupport_cpp.so
[121.914s] -- Set runtime path of "/home/agilex/agilex_ws/install/nav2_msgs/lib/libnav2_msgs__rosidl_typesupport_cpp.so" to ""
[121.914s] -- Up-to-date: /home/agilex/agilex_ws/install/nav2_msgs/share/nav2_msgs/environment/pythonpath.sh
[121.914s] -- Installing: /home/agilex/agilex_ws/install/nav2_msgs/share/nav2_msgs/environment/pythonpath.dsv
[121.914s] -- Up-to-date: /home/agilex/agilex_ws/install/nav2_msgs/local/lib/python3.10/dist-packages/nav2_msgs-1.1.0-py3.10.egg-info
[121.914s] -- Installing: /home/agilex/agilex_ws/install/nav2_msgs/local/lib/python3.10/dist-packages/nav2_msgs-1.1.0-py3.10.egg-info/PKG-INFO
[121.915s] -- Installing: /home/agilex/agilex_ws/install/nav2_msgs/local/lib/python3.10/dist-packages/nav2_msgs-1.1.0-py3.10.egg-info/dependency_links.txt
[121.915s] -- Installing: /home/agilex/agilex_ws/install/nav2_msgs/local/lib/python3.10/dist-packages/nav2_msgs-1.1.0-py3.10.egg-info/top_level.txt
[121.915s] -- Installing: /home/agilex/agilex_ws/install/nav2_msgs/local/lib/python3.10/dist-packages/nav2_msgs-1.1.0-py3.10.egg-info/SOURCES.txt
[121.915s] -- Up-to-date: /home/agilex/agilex_ws/install/nav2_msgs/local/lib/python3.10/dist-packages/nav2_msgs
[121.915s] -- Up-to-date: /home/agilex/agilex_ws/install/nav2_msgs/local/lib/python3.10/dist-packages/nav2_msgs/msg
[121.915s] -- Installing: /home/agilex/agilex_ws/install/nav2_msgs/local/lib/python3.10/dist-packages/nav2_msgs/msg/_costmap_s.c
[121.915s] -- Installing: /home/agilex/agilex_ws/install/nav2_msgs/local/lib/python3.10/dist-packages/nav2_msgs/msg/_costmap_meta_data_s.c
[121.916s] -- Installing: /home/agilex/agilex_ws/install/nav2_msgs/local/lib/python3.10/dist-packages/nav2_msgs/msg/_costmap_filter_info_s.c
[121.916s] -- Installing: /home/agilex/agilex_ws/install/nav2_msgs/local/lib/python3.10/dist-packages/nav2_msgs/msg/_speed_limit_s.c
[121.916s] -- Installing: /home/agilex/agilex_ws/install/nav2_msgs/local/lib/python3.10/dist-packages/nav2_msgs/msg/_voxel_grid_s.c
[121.916s] -- Installing: /home/agilex/agilex_ws/install/nav2_msgs/local/lib/python3.10/dist-packages/nav2_msgs/msg/_behavior_tree_status_change_s.c
[121.916s] -- Installing: /home/agilex/agilex_ws/install/nav2_msgs/local/lib/python3.10/dist-packages/nav2_msgs/msg/_behavior_tree_log_s.c
[121.916s] -- Installing: /home/agilex/agilex_ws/install/nav2_msgs/local/lib/python3.10/dist-packages/nav2_msgs/msg/_particle_s.c
[121.916s] -- Installing: /home/agilex/agilex_ws/install/nav2_msgs/local/lib/python3.10/dist-packages/nav2_msgs/msg/_particle_cloud_s.c
[121.916s] -- Installing: /home/agilex/agilex_ws/install/nav2_msgs/local/lib/python3.10/dist-packages/nav2_msgs/msg/__init__.py
[121.916s] -- Installing: /home/agilex/agilex_ws/install/nav2_msgs/local/lib/python3.10/dist-packages/nav2_msgs/msg/_behavior_tree_log.py
[121.916s] -- Installing: /home/agilex/agilex_ws/install/nav2_msgs/local/lib/python3.10/dist-packages/nav2_msgs/msg/_behavior_tree_status_change.py
[121.917s] -- Installing: /home/agilex/agilex_ws/install/nav2_msgs/local/lib/python3.10/dist-packages/nav2_msgs/msg/_costmap.py
[121.917s] -- Installing: /home/agilex/agilex_ws/install/nav2_msgs/local/lib/python3.10/dist-packages/nav2_msgs/msg/_costmap_filter_info.py
[121.917s] -- Installing: /home/agilex/agilex_ws/install/nav2_msgs/local/lib/python3.10/dist-packages/nav2_msgs/msg/_costmap_meta_data.py
[121.917s] -- Installing: /home/agilex/agilex_ws/install/nav2_msgs/local/lib/python3.10/dist-packages/nav2_msgs/msg/_particle.py
[121.917s] -- Installing: /home/agilex/agilex_ws/install/nav2_msgs/local/lib/python3.10/dist-packages/nav2_msgs/msg/_particle_cloud.py
[121.917s] -- Installing: /home/agilex/agilex_ws/install/nav2_msgs/local/lib/python3.10/dist-packages/nav2_msgs/msg/_speed_limit.py
[121.918s] -- Installing: /home/agilex/agilex_ws/install/nav2_msgs/local/lib/python3.10/dist-packages/nav2_msgs/msg/_voxel_grid.py
[121.918s] -- Up-to-date: /home/agilex/agilex_ws/install/nav2_msgs/local/lib/python3.10/dist-packages/nav2_msgs/srv
[121.918s] -- Installing: /home/agilex/agilex_ws/install/nav2_msgs/local/lib/python3.10/dist-packages/nav2_msgs/srv/_get_costmap_s.c
[121.918s] -- Installing: /home/agilex/agilex_ws/install/nav2_msgs/local/lib/python3.10/dist-packages/nav2_msgs/srv/_is_path_valid_s.c
[121.918s] -- Installing: /home/agilex/agilex_ws/install/nav2_msgs/local/lib/python3.10/dist-packages/nav2_msgs/srv/_clear_costmap_except_region_s.c
[121.919s] -- Installing: /home/agilex/agilex_ws/install/nav2_msgs/local/lib/python3.10/dist-packages/nav2_msgs/srv/_clear_costmap_around_robot_s.c
[121.919s] -- Installing: /home/agilex/agilex_ws/install/nav2_msgs/local/lib/python3.10/dist-packages/nav2_msgs/srv/_clear_entire_costmap_s.c
[121.919s] -- Installing: /home/agilex/agilex_ws/install/nav2_msgs/local/lib/python3.10/dist-packages/nav2_msgs/srv/_manage_lifecycle_nodes_s.c
[121.919s] -- Installing: /home/agilex/agilex_ws/install/nav2_msgs/local/lib/python3.10/dist-packages/nav2_msgs/srv/_load_map_s.c
[121.919s] -- Installing: /home/agilex/agilex_ws/install/nav2_msgs/local/lib/python3.10/dist-packages/nav2_msgs/srv/_save_map_s.c
[121.919s] -- Installing: /home/agilex/agilex_ws/install/nav2_msgs/local/lib/python3.10/dist-packages/nav2_msgs/srv/__init__.py
[121.919s] -- Installing: /home/agilex/agilex_ws/install/nav2_msgs/local/lib/python3.10/dist-packages/nav2_msgs/srv/_clear_costmap_around_robot.py
[121.919s] -- Installing: /home/agilex/agilex_ws/install/nav2_msgs/local/lib/python3.10/dist-packages/nav2_msgs/srv/_clear_costmap_except_region.py
[121.919s] -- Installing: /home/agilex/agilex_ws/install/nav2_msgs/local/lib/python3.10/dist-packages/nav2_msgs/srv/_clear_entire_costmap.py
[121.919s] -- Installing: /home/agilex/agilex_ws/install/nav2_msgs/local/lib/python3.10/dist-packages/nav2_msgs/srv/_get_costmap.py
[121.920s] -- Installing: /home/agilex/agilex_ws/install/nav2_msgs/local/lib/python3.10/dist-packages/nav2_msgs/srv/_is_path_valid.py
[121.920s] -- Installing: /home/agilex/agilex_ws/install/nav2_msgs/local/lib/python3.10/dist-packages/nav2_msgs/srv/_load_map.py
[121.920s] -- Installing: /home/agilex/agilex_ws/install/nav2_msgs/local/lib/python3.10/dist-packages/nav2_msgs/srv/_manage_lifecycle_nodes.py
[121.920s] -- Installing: /home/agilex/agilex_ws/install/nav2_msgs/local/lib/python3.10/dist-packages/nav2_msgs/srv/_save_map.py
[121.920s] -- Up-to-date: /home/agilex/agilex_ws/install/nav2_msgs/local/lib/python3.10/dist-packages/nav2_msgs/action
[121.920s] -- Installing: /home/agilex/agilex_ws/install/nav2_msgs/local/lib/python3.10/dist-packages/nav2_msgs/action/_back_up_s.c
[121.920s] -- Installing: /home/agilex/agilex_ws/install/nav2_msgs/local/lib/python3.10/dist-packages/nav2_msgs/action/_compute_path_to_pose_s.c
[121.920s] -- Installing: /home/agilex/agilex_ws/install/nav2_msgs/local/lib/python3.10/dist-packages/nav2_msgs/action/_compute_path_through_poses_s.c
[121.920s] -- Installing: /home/agilex/agilex_ws/install/nav2_msgs/local/lib/python3.10/dist-packages/nav2_msgs/action/_drive_on_heading_s.c
[121.921s] -- Installing: /home/agilex/agilex_ws/install/nav2_msgs/local/lib/python3.10/dist-packages/nav2_msgs/action/_smooth_path_s.c
[121.921s] -- Installing: /home/agilex/agilex_ws/install/nav2_msgs/local/lib/python3.10/dist-packages/nav2_msgs/action/_follow_path_s.c
[121.921s] -- Installing: /home/agilex/agilex_ws/install/nav2_msgs/local/lib/python3.10/dist-packages/nav2_msgs/action/_navigate_to_pose_s.c
[121.921s] -- Installing: /home/agilex/agilex_ws/install/nav2_msgs/local/lib/python3.10/dist-packages/nav2_msgs/action/_navigate_through_poses_s.c
[121.921s] -- Installing: /home/agilex/agilex_ws/install/nav2_msgs/local/lib/python3.10/dist-packages/nav2_msgs/action/_wait_s.c
[121.921s] -- Installing: /home/agilex/agilex_ws/install/nav2_msgs/local/lib/python3.10/dist-packages/nav2_msgs/action/_spin_s.c
[121.921s] -- Installing: /home/agilex/agilex_ws/install/nav2_msgs/local/lib/python3.10/dist-packages/nav2_msgs/action/_dummy_behavior_s.c
[121.921s] -- Installing: /home/agilex/agilex_ws/install/nav2_msgs/local/lib/python3.10/dist-packages/nav2_msgs/action/_follow_waypoints_s.c
[121.921s] -- Installing: /home/agilex/agilex_ws/install/nav2_msgs/local/lib/python3.10/dist-packages/nav2_msgs/action/__init__.py
[121.921s] -- Installing: /home/agilex/agilex_ws/install/nav2_msgs/local/lib/python3.10/dist-packages/nav2_msgs/action/_back_up.py
[121.921s] -- Installing: /home/agilex/agilex_ws/install/nav2_msgs/local/lib/python3.10/dist-packages/nav2_msgs/action/_compute_path_through_poses.py
[121.922s] -- Installing: /home/agilex/agilex_ws/install/nav2_msgs/local/lib/python3.10/dist-packages/nav2_msgs/action/_compute_path_to_pose.py
[121.922s] -- Installing: /home/agilex/agilex_ws/install/nav2_msgs/local/lib/python3.10/dist-packages/nav2_msgs/action/_drive_on_heading.py
[121.922s] -- Installing: /home/agilex/agilex_ws/install/nav2_msgs/local/lib/python3.10/dist-packages/nav2_msgs/action/_dummy_behavior.py
[121.922s] -- Installing: /home/agilex/agilex_ws/install/nav2_msgs/local/lib/python3.10/dist-packages/nav2_msgs/action/_follow_path.py
[121.922s] -- Installing: /home/agilex/agilex_ws/install/nav2_msgs/local/lib/python3.10/dist-packages/nav2_msgs/action/_follow_waypoints.py
[121.922s] -- Installing: /home/agilex/agilex_ws/install/nav2_msgs/local/lib/python3.10/dist-packages/nav2_msgs/action/_navigate_through_poses.py
[121.922s] -- Installing: /home/agilex/agilex_ws/install/nav2_msgs/local/lib/python3.10/dist-packages/nav2_msgs/action/_navigate_to_pose.py
[121.922s] -- Installing: /home/agilex/agilex_ws/install/nav2_msgs/local/lib/python3.10/dist-packages/nav2_msgs/action/_smooth_path.py
[121.922s] -- Installing: /home/agilex/agilex_ws/install/nav2_msgs/local/lib/python3.10/dist-packages/nav2_msgs/action/_spin.py
[121.922s] -- Installing: /home/agilex/agilex_ws/install/nav2_msgs/local/lib/python3.10/dist-packages/nav2_msgs/action/_wait.py
[121.922s] -- Installing: /home/agilex/agilex_ws/install/nav2_msgs/local/lib/python3.10/dist-packages/nav2_msgs/_nav2_msgs_s.ep.rosidl_typesupport_fastrtps_c.c
[121.923s] -- Installing: /home/agilex/agilex_ws/install/nav2_msgs/local/lib/python3.10/dist-packages/nav2_msgs/_nav2_msgs_s.ep.rosidl_typesupport_introspection_c.c
[121.923s] -- Installing: /home/agilex/agilex_ws/install/nav2_msgs/local/lib/python3.10/dist-packages/nav2_msgs/_nav2_msgs_s.ep.rosidl_typesupport_c.c
[121.923s] -- Installing: /home/agilex/agilex_ws/install/nav2_msgs/local/lib/python3.10/dist-packages/nav2_msgs/__init__.py
[121.923s] -- Installing: /home/agilex/agilex_ws/install/nav2_msgs/local/lib/python3.10/dist-packages/nav2_msgs/libnav2_msgs__rosidl_generator_py.so
[121.923s] -- Installing: /home/agilex/agilex_ws/install/nav2_msgs/local/lib/python3.10/dist-packages/nav2_msgs/nav2_msgs_s__rosidl_typesupport_introspection_c.cpython-310-x86_64-linux-gnu.so
[121.924s] -- Installing: /home/agilex/agilex_ws/install/nav2_msgs/local/lib/python3.10/dist-packages/nav2_msgs/nav2_msgs_s__rosidl_typesupport_fastrtps_c.cpython-310-x86_64-linux-gnu.so
[121.924s] -- Installing: /home/agilex/agilex_ws/install/nav2_msgs/local/lib/python3.10/dist-packages/nav2_msgs/nav2_msgs_s__rosidl_typesupport_c.cpython-310-x86_64-linux-gnu.so
[122.074s] Listing '/home/agilex/agilex_ws/install/nav2_msgs/local/lib/python3.10/dist-packages/nav2_msgs'...
[122.074s] Compiling '/home/agilex/agilex_ws/install/nav2_msgs/local/lib/python3.10/dist-packages/nav2_msgs/__init__.py'...
[122.074s] Listing '/home/agilex/agilex_ws/install/nav2_msgs/local/lib/python3.10/dist-packages/nav2_msgs/action'...
[122.074s] Compiling '/home/agilex/agilex_ws/install/nav2_msgs/local/lib/python3.10/dist-packages/nav2_msgs/action/__init__.py'...
[122.074s] Compiling '/home/agilex/agilex_ws/install/nav2_msgs/local/lib/python3.10/dist-packages/nav2_msgs/action/_back_up.py'...
[122.074s] Compiling '/home/agilex/agilex_ws/install/nav2_msgs/local/lib/python3.10/dist-packages/nav2_msgs/action/_compute_path_through_poses.py'...
[122.074s] Compiling '/home/agilex/agilex_ws/install/nav2_msgs/local/lib/python3.10/dist-packages/nav2_msgs/action/_compute_path_to_pose.py'...
[122.074s] Compiling '/home/agilex/agilex_ws/install/nav2_msgs/local/lib/python3.10/dist-packages/nav2_msgs/action/_drive_on_heading.py'...
[122.074s] Compiling '/home/agilex/agilex_ws/install/nav2_msgs/local/lib/python3.10/dist-packages/nav2_msgs/action/_dummy_behavior.py'...
[122.074s] Compiling '/home/agilex/agilex_ws/install/nav2_msgs/local/lib/python3.10/dist-packages/nav2_msgs/action/_follow_path.py'...
[122.074s] Compiling '/home/agilex/agilex_ws/install/nav2_msgs/local/lib/python3.10/dist-packages/nav2_msgs/action/_follow_waypoints.py'...
[122.074s] Compiling '/home/agilex/agilex_ws/install/nav2_msgs/local/lib/python3.10/dist-packages/nav2_msgs/action/_navigate_through_poses.py'...
[122.074s] Compiling '/home/agilex/agilex_ws/install/nav2_msgs/local/lib/python3.10/dist-packages/nav2_msgs/action/_navigate_to_pose.py'...
[122.075s] Compiling '/home/agilex/agilex_ws/install/nav2_msgs/local/lib/python3.10/dist-packages/nav2_msgs/action/_smooth_path.py'...
[122.075s] Compiling '/home/agilex/agilex_ws/install/nav2_msgs/local/lib/python3.10/dist-packages/nav2_msgs/action/_spin.py'...
[122.075s] Compiling '/home/agilex/agilex_ws/install/nav2_msgs/local/lib/python3.10/dist-packages/nav2_msgs/action/_wait.py'...
[122.075s] Listing '/home/agilex/agilex_ws/install/nav2_msgs/local/lib/python3.10/dist-packages/nav2_msgs/msg'...
[122.075s] Compiling '/home/agilex/agilex_ws/install/nav2_msgs/local/lib/python3.10/dist-packages/nav2_msgs/msg/__init__.py'...
[122.075s] Compiling '/home/agilex/agilex_ws/install/nav2_msgs/local/lib/python3.10/dist-packages/nav2_msgs/msg/_behavior_tree_log.py'...
[122.075s] Compiling '/home/agilex/agilex_ws/install/nav2_msgs/local/lib/python3.10/dist-packages/nav2_msgs/msg/_behavior_tree_status_change.py'...
[122.075s] Compiling '/home/agilex/agilex_ws/install/nav2_msgs/local/lib/python3.10/dist-packages/nav2_msgs/msg/_costmap.py'...
[122.075s] Compiling '/home/agilex/agilex_ws/install/nav2_msgs/local/lib/python3.10/dist-packages/nav2_msgs/msg/_costmap_filter_info.py'...
[122.075s] Compiling '/home/agilex/agilex_ws/install/nav2_msgs/local/lib/python3.10/dist-packages/nav2_msgs/msg/_costmap_meta_data.py'...
[122.075s] Compiling '/home/agilex/agilex_ws/install/nav2_msgs/local/lib/python3.10/dist-packages/nav2_msgs/msg/_particle.py'...
[122.075s] Compiling '/home/agilex/agilex_ws/install/nav2_msgs/local/lib/python3.10/dist-packages/nav2_msgs/msg/_particle_cloud.py'...
[122.075s] Compiling '/home/agilex/agilex_ws/install/nav2_msgs/local/lib/python3.10/dist-packages/nav2_msgs/msg/_speed_limit.py'...
[122.075s] Compiling '/home/agilex/agilex_ws/install/nav2_msgs/local/lib/python3.10/dist-packages/nav2_msgs/msg/_voxel_grid.py'...
[122.076s] Listing '/home/agilex/agilex_ws/install/nav2_msgs/local/lib/python3.10/dist-packages/nav2_msgs/srv'...
[122.076s] Compiling '/home/agilex/agilex_ws/install/nav2_msgs/local/lib/python3.10/dist-packages/nav2_msgs/srv/__init__.py'...
[122.076s] Compiling '/home/agilex/agilex_ws/install/nav2_msgs/local/lib/python3.10/dist-packages/nav2_msgs/srv/_clear_costmap_around_robot.py'...
[122.076s] Compiling '/home/agilex/agilex_ws/install/nav2_msgs/local/lib/python3.10/dist-packages/nav2_msgs/srv/_clear_costmap_except_region.py'...
[122.076s] Compiling '/home/agilex/agilex_ws/install/nav2_msgs/local/lib/python3.10/dist-packages/nav2_msgs/srv/_clear_entire_costmap.py'...
[122.076s] Compiling '/home/agilex/agilex_ws/install/nav2_msgs/local/lib/python3.10/dist-packages/nav2_msgs/srv/_get_costmap.py'...
[122.076s] Compiling '/home/agilex/agilex_ws/install/nav2_msgs/local/lib/python3.10/dist-packages/nav2_msgs/srv/_is_path_valid.py'...
[122.076s] Compiling '/home/agilex/agilex_ws/install/nav2_msgs/local/lib/python3.10/dist-packages/nav2_msgs/srv/_load_map.py'...
[122.076s] Compiling '/home/agilex/agilex_ws/install/nav2_msgs/local/lib/python3.10/dist-packages/nav2_msgs/srv/_manage_lifecycle_nodes.py'...
[122.076s] Compiling '/home/agilex/agilex_ws/install/nav2_msgs/local/lib/python3.10/dist-packages/nav2_msgs/srv/_save_map.py'...
[122.079s] -- Installing: /home/agilex/agilex_ws/install/nav2_msgs/local/lib/python3.10/dist-packages/nav2_msgs/nav2_msgs_s__rosidl_typesupport_fastrtps_c.cpython-310-x86_64-linux-gnu.so
[122.080s] -- Set runtime path of "/home/agilex/agilex_ws/install/nav2_msgs/local/lib/python3.10/dist-packages/nav2_msgs/nav2_msgs_s__rosidl_typesupport_fastrtps_c.cpython-310-x86_64-linux-gnu.so" to ""
[122.080s] -- Installing: /home/agilex/agilex_ws/install/nav2_msgs/local/lib/python3.10/dist-packages/nav2_msgs/nav2_msgs_s__rosidl_typesupport_introspection_c.cpython-310-x86_64-linux-gnu.so
[122.081s] -- Set runtime path of "/home/agilex/agilex_ws/install/nav2_msgs/local/lib/python3.10/dist-packages/nav2_msgs/nav2_msgs_s__rosidl_typesupport_introspection_c.cpython-310-x86_64-linux-gnu.so" to ""
[122.082s] -- Installing: /home/agilex/agilex_ws/install/nav2_msgs/local/lib/python3.10/dist-packages/nav2_msgs/nav2_msgs_s__rosidl_typesupport_c.cpython-310-x86_64-linux-gnu.so
[122.082s] -- Set runtime path of "/home/agilex/agilex_ws/install/nav2_msgs/local/lib/python3.10/dist-packages/nav2_msgs/nav2_msgs_s__rosidl_typesupport_c.cpython-310-x86_64-linux-gnu.so" to ""
[122.083s] -- Installing: /home/agilex/agilex_ws/install/nav2_msgs/lib/libnav2_msgs__rosidl_generator_py.so
[122.085s] -- Set runtime path of "/home/agilex/agilex_ws/install/nav2_msgs/lib/libnav2_msgs__rosidl_generator_py.so" to ""
[122.085s] -- Up-to-date: /home/agilex/agilex_ws/install/nav2_msgs/share/nav2_msgs/msg/Costmap.idl
[122.085s] -- Up-to-date: /home/agilex/agilex_ws/install/nav2_msgs/share/nav2_msgs/msg/CostmapMetaData.idl
[122.086s] -- Up-to-date: /home/agilex/agilex_ws/install/nav2_msgs/share/nav2_msgs/msg/CostmapFilterInfo.idl
[122.086s] -- Up-to-date: /home/agilex/agilex_ws/install/nav2_msgs/share/nav2_msgs/msg/SpeedLimit.idl
[122.086s] -- Up-to-date: /home/agilex/agilex_ws/install/nav2_msgs/share/nav2_msgs/msg/VoxelGrid.idl
[122.086s] -- Up-to-date: /home/agilex/agilex_ws/install/nav2_msgs/share/nav2_msgs/msg/BehaviorTreeStatusChange.idl
[122.086s] -- Up-to-date: /home/agilex/agilex_ws/install/nav2_msgs/share/nav2_msgs/msg/BehaviorTreeLog.idl
[122.086s] -- Up-to-date: /home/agilex/agilex_ws/install/nav2_msgs/share/nav2_msgs/msg/Particle.idl
[122.086s] -- Up-to-date: /home/agilex/agilex_ws/install/nav2_msgs/share/nav2_msgs/msg/ParticleCloud.idl
[122.087s] -- Up-to-date: /home/agilex/agilex_ws/install/nav2_msgs/share/nav2_msgs/srv/GetCostmap.idl
[122.087s] -- Up-to-date: /home/agilex/agilex_ws/install/nav2_msgs/share/nav2_msgs/srv/IsPathValid.idl
[122.087s] -- Up-to-date: /home/agilex/agilex_ws/install/nav2_msgs/share/nav2_msgs/srv/ClearCostmapExceptRegion.idl
[122.087s] -- Up-to-date: /home/agilex/agilex_ws/install/nav2_msgs/share/nav2_msgs/srv/ClearCostmapAroundRobot.idl
[122.087s] -- Up-to-date: /home/agilex/agilex_ws/install/nav2_msgs/share/nav2_msgs/srv/ClearEntireCostmap.idl
[122.087s] -- Up-to-date: /home/agilex/agilex_ws/install/nav2_msgs/share/nav2_msgs/srv/ManageLifecycleNodes.idl
[122.087s] -- Up-to-date: /home/agilex/agilex_ws/install/nav2_msgs/share/nav2_msgs/srv/LoadMap.idl
[122.087s] -- Up-to-date: /home/agilex/agilex_ws/install/nav2_msgs/share/nav2_msgs/srv/SaveMap.idl
[122.087s] -- Up-to-date: /home/agilex/agilex_ws/install/nav2_msgs/share/nav2_msgs/action/BackUp.idl
[122.087s] -- Up-to-date: /home/agilex/agilex_ws/install/nav2_msgs/share/nav2_msgs/action/ComputePathToPose.idl
[122.088s] -- Up-to-date: /home/agilex/agilex_ws/install/nav2_msgs/share/nav2_msgs/action/ComputePathThroughPoses.idl
[122.088s] -- Up-to-date: /home/agilex/agilex_ws/install/nav2_msgs/share/nav2_msgs/action/DriveOnHeading.idl
[122.088s] -- Up-to-date: /home/agilex/agilex_ws/install/nav2_msgs/share/nav2_msgs/action/SmoothPath.idl
[122.088s] -- Up-to-date: /home/agilex/agilex_ws/install/nav2_msgs/share/nav2_msgs/action/FollowPath.idl
[122.088s] -- Up-to-date: /home/agilex/agilex_ws/install/nav2_msgs/share/nav2_msgs/action/NavigateToPose.idl
[122.088s] -- Up-to-date: /home/agilex/agilex_ws/install/nav2_msgs/share/nav2_msgs/action/NavigateThroughPoses.idl
[122.088s] -- Up-to-date: /home/agilex/agilex_ws/install/nav2_msgs/share/nav2_msgs/action/Wait.idl
[122.088s] -- Up-to-date: /home/agilex/agilex_ws/install/nav2_msgs/share/nav2_msgs/action/Spin.idl
[122.088s] -- Up-to-date: /home/agilex/agilex_ws/install/nav2_msgs/share/nav2_msgs/action/DummyBehavior.idl
[122.088s] -- Up-to-date: /home/agilex/agilex_ws/install/nav2_msgs/share/nav2_msgs/action/FollowWaypoints.idl
[122.088s] -- Up-to-date: /home/agilex/agilex_ws/install/nav2_msgs/share/nav2_msgs/msg/Costmap.msg
[122.088s] -- Up-to-date: /home/agilex/agilex_ws/install/nav2_msgs/share/nav2_msgs/msg/CostmapMetaData.msg
[122.089s] -- Up-to-date: /home/agilex/agilex_ws/install/nav2_msgs/share/nav2_msgs/msg/CostmapFilterInfo.msg
[122.089s] -- Up-to-date: /home/agilex/agilex_ws/install/nav2_msgs/share/nav2_msgs/msg/SpeedLimit.msg
[122.089s] -- Up-to-date: /home/agilex/agilex_ws/install/nav2_msgs/share/nav2_msgs/msg/VoxelGrid.msg
[122.089s] -- Up-to-date: /home/agilex/agilex_ws/install/nav2_msgs/share/nav2_msgs/msg/BehaviorTreeStatusChange.msg
[122.089s] -- Up-to-date: /home/agilex/agilex_ws/install/nav2_msgs/share/nav2_msgs/msg/BehaviorTreeLog.msg
[122.089s] -- Up-to-date: /home/agilex/agilex_ws/install/nav2_msgs/share/nav2_msgs/msg/Particle.msg
[122.089s] -- Up-to-date: /home/agilex/agilex_ws/install/nav2_msgs/share/nav2_msgs/msg/ParticleCloud.msg
[122.089s] -- Up-to-date: /home/agilex/agilex_ws/install/nav2_msgs/share/nav2_msgs/srv/GetCostmap.srv
[122.089s] -- Up-to-date: /home/agilex/agilex_ws/install/nav2_msgs/share/nav2_msgs/srv/GetCostmap_Request.msg
[122.089s] -- Up-to-date: /home/agilex/agilex_ws/install/nav2_msgs/share/nav2_msgs/srv/GetCostmap_Response.msg
[122.089s] -- Up-to-date: /home/agilex/agilex_ws/install/nav2_msgs/share/nav2_msgs/srv/IsPathValid.srv
[122.089s] -- Up-to-date: /home/agilex/agilex_ws/install/nav2_msgs/share/nav2_msgs/srv/IsPathValid_Request.msg
[122.090s] -- Up-to-date: /home/agilex/agilex_ws/install/nav2_msgs/share/nav2_msgs/srv/IsPathValid_Response.msg
[122.090s] -- Up-to-date: /home/agilex/agilex_ws/install/nav2_msgs/share/nav2_msgs/srv/ClearCostmapExceptRegion.srv
[122.090s] -- Up-to-date: /home/agilex/agilex_ws/install/nav2_msgs/share/nav2_msgs/srv/ClearCostmapExceptRegion_Request.msg
[122.090s] -- Up-to-date: /home/agilex/agilex_ws/install/nav2_msgs/share/nav2_msgs/srv/ClearCostmapExceptRegion_Response.msg
[122.090s] -- Up-to-date: /home/agilex/agilex_ws/install/nav2_msgs/share/nav2_msgs/srv/ClearCostmapAroundRobot.srv
[122.090s] -- Up-to-date: /home/agilex/agilex_ws/install/nav2_msgs/share/nav2_msgs/srv/ClearCostmapAroundRobot_Request.msg
[122.090s] -- Up-to-date: /home/agilex/agilex_ws/install/nav2_msgs/share/nav2_msgs/srv/ClearCostmapAroundRobot_Response.msg
[122.090s] -- Up-to-date: /home/agilex/agilex_ws/install/nav2_msgs/share/nav2_msgs/srv/ClearEntireCostmap.srv
[122.090s] -- Up-to-date: /home/agilex/agilex_ws/install/nav2_msgs/share/nav2_msgs/srv/ClearEntireCostmap_Request.msg
[122.090s] -- Up-to-date: /home/agilex/agilex_ws/install/nav2_msgs/share/nav2_msgs/srv/ClearEntireCostmap_Response.msg
[122.090s] -- Up-to-date: /home/agilex/agilex_ws/install/nav2_msgs/share/nav2_msgs/srv/ManageLifecycleNodes.srv
[122.090s] -- Up-to-date: /home/agilex/agilex_ws/install/nav2_msgs/share/nav2_msgs/srv/ManageLifecycleNodes_Request.msg
[122.090s] -- Up-to-date: /home/agilex/agilex_ws/install/nav2_msgs/share/nav2_msgs/srv/ManageLifecycleNodes_Response.msg
[122.091s] -- Up-to-date: /home/agilex/agilex_ws/install/nav2_msgs/share/nav2_msgs/srv/LoadMap.srv
[122.091s] -- Up-to-date: /home/agilex/agilex_ws/install/nav2_msgs/share/nav2_msgs/srv/LoadMap_Request.msg
[122.091s] -- Up-to-date: /home/agilex/agilex_ws/install/nav2_msgs/share/nav2_msgs/srv/LoadMap_Response.msg
[122.091s] -- Up-to-date: /home/agilex/agilex_ws/install/nav2_msgs/share/nav2_msgs/srv/SaveMap.srv
[122.091s] -- Up-to-date: /home/agilex/agilex_ws/install/nav2_msgs/share/nav2_msgs/srv/SaveMap_Request.msg
[122.091s] -- Up-to-date: /home/agilex/agilex_ws/install/nav2_msgs/share/nav2_msgs/srv/SaveMap_Response.msg
[122.091s] -- Up-to-date: /home/agilex/agilex_ws/install/nav2_msgs/share/nav2_msgs/action/BackUp.action
[122.091s] -- Up-to-date: /home/agilex/agilex_ws/install/nav2_msgs/share/nav2_msgs/action/ComputePathToPose.action
[122.091s] -- Up-to-date: /home/agilex/agilex_ws/install/nav2_msgs/share/nav2_msgs/action/ComputePathThroughPoses.action
[122.091s] -- Up-to-date: /home/agilex/agilex_ws/install/nav2_msgs/share/nav2_msgs/action/DriveOnHeading.action
[122.091s] -- Up-to-date: /home/agilex/agilex_ws/install/nav2_msgs/share/nav2_msgs/action/SmoothPath.action
[122.091s] -- Up-to-date: /home/agilex/agilex_ws/install/nav2_msgs/share/nav2_msgs/action/FollowPath.action
[122.091s] -- Up-to-date: /home/agilex/agilex_ws/install/nav2_msgs/share/nav2_msgs/action/NavigateToPose.action
[122.091s] -- Up-to-date: /home/agilex/agilex_ws/install/nav2_msgs/share/nav2_msgs/action/NavigateThroughPoses.action
[122.092s] -- Up-to-date: /home/agilex/agilex_ws/install/nav2_msgs/share/nav2_msgs/action/Wait.action
[122.092s] -- Up-to-date: /home/agilex/agilex_ws/install/nav2_msgs/share/nav2_msgs/action/Spin.action
[122.092s] -- Up-to-date: /home/agilex/agilex_ws/install/nav2_msgs/share/nav2_msgs/action/DummyBehavior.action
[122.092s] -- Up-to-date: /home/agilex/agilex_ws/install/nav2_msgs/share/nav2_msgs/action/FollowWaypoints.action
[122.092s] -- Up-to-date: /home/agilex/agilex_ws/install/nav2_msgs/share/ament_index/resource_index/package_run_dependencies/nav2_msgs
[122.092s] -- Installing: /home/agilex/agilex_ws/install/nav2_msgs/share/ament_index/resource_index/parent_prefix_path/nav2_msgs
[122.092s] -- Installing: /home/agilex/agilex_ws/install/nav2_msgs/share/nav2_msgs/environment/ament_prefix_path.sh
[122.092s] -- Installing: /home/agilex/agilex_ws/install/nav2_msgs/share/nav2_msgs/environment/ament_prefix_path.dsv
[122.092s] -- Installing: /home/agilex/agilex_ws/install/nav2_msgs/share/nav2_msgs/environment/path.sh
[122.092s] -- Installing: /home/agilex/agilex_ws/install/nav2_msgs/share/nav2_msgs/environment/path.dsv
[122.092s] -- Up-to-date: /home/agilex/agilex_ws/install/nav2_msgs/share/nav2_msgs/local_setup.bash
[122.092s] -- Up-to-date: /home/agilex/agilex_ws/install/nav2_msgs/share/nav2_msgs/local_setup.sh
[122.092s] -- Up-to-date: /home/agilex/agilex_ws/install/nav2_msgs/share/nav2_msgs/local_setup.zsh
[122.092s] -- Installing: /home/agilex/agilex_ws/install/nav2_msgs/share/nav2_msgs/local_setup.dsv
[122.092s] -- Installing: /home/agilex/agilex_ws/install/nav2_msgs/share/nav2_msgs/package.dsv
[122.093s] -- Up-to-date: /home/agilex/agilex_ws/install/nav2_msgs/share/ament_index/resource_index/packages/nav2_msgs
[122.093s] -- Up-to-date: /home/agilex/agilex_ws/install/nav2_msgs/share/nav2_msgs/cmake/export_nav2_msgs__rosidl_generator_cExport.cmake
[122.093s] -- Up-to-date: /home/agilex/agilex_ws/install/nav2_msgs/share/nav2_msgs/cmake/export_nav2_msgs__rosidl_generator_cExport-release.cmake
[122.094s] -- Up-to-date: /home/agilex/agilex_ws/install/nav2_msgs/share/nav2_msgs/cmake/export_nav2_msgs__rosidl_typesupport_fastrtps_cExport.cmake
[122.094s] -- Up-to-date: /home/agilex/agilex_ws/install/nav2_msgs/share/nav2_msgs/cmake/export_nav2_msgs__rosidl_typesupport_fastrtps_cExport-release.cmake
[122.095s] -- Up-to-date: /home/agilex/agilex_ws/install/nav2_msgs/share/nav2_msgs/cmake/export_nav2_msgs__rosidl_generator_cppExport.cmake
[122.096s] -- Up-to-date: /home/agilex/agilex_ws/install/nav2_msgs/share/nav2_msgs/cmake/export_nav2_msgs__rosidl_typesupport_fastrtps_cppExport.cmake
[122.096s] -- Up-to-date: /home/agilex/agilex_ws/install/nav2_msgs/share/nav2_msgs/cmake/export_nav2_msgs__rosidl_typesupport_fastrtps_cppExport-release.cmake
[122.096s] -- Up-to-date: /home/agilex/agilex_ws/install/nav2_msgs/share/nav2_msgs/cmake/nav2_msgs__rosidl_typesupport_introspection_cExport.cmake
[122.096s] -- Up-to-date: /home/agilex/agilex_ws/install/nav2_msgs/share/nav2_msgs/cmake/nav2_msgs__rosidl_typesupport_introspection_cExport-release.cmake
[122.097s] -- Up-to-date: /home/agilex/agilex_ws/install/nav2_msgs/share/nav2_msgs/cmake/nav2_msgs__rosidl_typesupport_cExport.cmake
[122.097s] -- Up-to-date: /home/agilex/agilex_ws/install/nav2_msgs/share/nav2_msgs/cmake/nav2_msgs__rosidl_typesupport_cExport-release.cmake
[122.098s] -- Up-to-date: /home/agilex/agilex_ws/install/nav2_msgs/share/nav2_msgs/cmake/nav2_msgs__rosidl_typesupport_introspection_cppExport.cmake
[122.098s] -- Up-to-date: /home/agilex/agilex_ws/install/nav2_msgs/share/nav2_msgs/cmake/nav2_msgs__rosidl_typesupport_introspection_cppExport-release.cmake
[122.098s] -- Up-to-date: /home/agilex/agilex_ws/install/nav2_msgs/share/nav2_msgs/cmake/nav2_msgs__rosidl_typesupport_cppExport.cmake
[122.099s] -- Up-to-date: /home/agilex/agilex_ws/install/nav2_msgs/share/nav2_msgs/cmake/nav2_msgs__rosidl_typesupport_cppExport-release.cmake
[122.099s] -- Up-to-date: /home/agilex/agilex_ws/install/nav2_msgs/share/nav2_msgs/cmake/export_nav2_msgs__rosidl_generator_pyExport.cmake
[122.099s] -- Up-to-date: /home/agilex/agilex_ws/install/nav2_msgs/share/nav2_msgs/cmake/export_nav2_msgs__rosidl_generator_pyExport-release.cmake
[122.099s] -- Up-to-date: /home/agilex/agilex_ws/install/nav2_msgs/share/nav2_msgs/cmake/rosidl_cmake-extras.cmake
[122.100s] -- Up-to-date: /home/agilex/agilex_ws/install/nav2_msgs/share/nav2_msgs/cmake/ament_cmake_export_dependencies-extras.cmake
[122.100s] -- Up-to-date: /home/agilex/agilex_ws/install/nav2_msgs/share/nav2_msgs/cmake/ament_cmake_export_include_directories-extras.cmake
[122.100s] -- Up-to-date: /home/agilex/agilex_ws/install/nav2_msgs/share/nav2_msgs/cmake/ament_cmake_export_libraries-extras.cmake
[122.100s] -- Up-to-date: /home/agilex/agilex_ws/install/nav2_msgs/share/nav2_msgs/cmake/ament_cmake_export_targets-extras.cmake
[122.100s] -- Up-to-date: /home/agilex/agilex_ws/install/nav2_msgs/share/nav2_msgs/cmake/rosidl_cmake_export_typesupport_targets-extras.cmake
[122.100s] -- Up-to-date: /home/agilex/agilex_ws/install/nav2_msgs/share/nav2_msgs/cmake/rosidl_cmake_export_typesupport_libraries-extras.cmake
[122.100s] -- Up-to-date: /home/agilex/agilex_ws/install/nav2_msgs/share/nav2_msgs/cmake/nav2_msgsConfig.cmake
[122.101s] -- Up-to-date: /home/agilex/agilex_ws/install/nav2_msgs/share/nav2_msgs/cmake/nav2_msgsConfig-version.cmake
[122.101s] -- Up-to-date: /home/agilex/agilex_ws/install/nav2_msgs/share/nav2_msgs/package.xml
[122.103s] Invoked command in '/home/agilex/agilex_ws/build/nav2_msgs' returned '0': CMAKE_PREFIX_PATH=/home/agilex/agilex_ws/install/nav2_common:/home/agilex/agilex_ws/install/ydlidar_sdk:/home/agilex/agilex_ws/install/ydlidar_ros2_driver:/home/agilex/agilex_ws/install/teb_local_planner:/home/agilex/agilex_ws/install/teb_msgs:/home/agilex/agilex_ws/install/rf2o_laser_odometry:/home/agilex/agilex_ws/install/nav2_system_tests:/home/agilex/agilex_ws/install/nav2_bringup:/home/agilex/agilex_ws/install/navigation2:/home/agilex/agilex_ws/install/nav2_smoother:/home/agilex/agilex_ws/install/nav2_dwb_controller:/home/agilex/agilex_ws/install/limo_bringup:/home/agilex/agilex_ws/install/nav2_controller:/home/agilex/agilex_ws/install/dwb_plugins:/home/agilex/agilex_ws/install/dwb_critics:/home/agilex/agilex_ws/install/dwb_core:/home/agilex/agilex_ws/install/nav_2d_utils:/home/agilex/agilex_ws/install/dwb_msgs:/home/agilex/agilex_ws/install/nav_2d_msgs:/home/agilex/agilex_ws/install/nav2_waypoint_follower:/home/agilex/agilex_ws/install/nav2_theta_star_planner:/home/agilex/agilex_ws/install/nav2_smac_planner:/home/agilex/agilex_ws/install/nav2_rotation_shim_controller:/home/agilex/agilex_ws/install/nav2_regulated_pure_pursuit_controller:/home/agilex/agilex_ws/install/nav2_planner:/home/agilex/agilex_ws/install/nav2_navfn_planner:/home/agilex/agilex_ws/install/nav2_constrained_smoother:/home/agilex/agilex_ws/install/nav2_bt_navigator:/home/agilex/agilex_ws/install/nav2_behaviors:/home/agilex/agilex_ws/install/nav2_core:/home/agilex/agilex_ws/install/costmap_queue:/home/agilex/agilex_ws/install/costmap_converter:/home/agilex/agilex_ws/install/nav2_costmap_2d:/home/agilex/agilex_ws/install/nav2_voxel_grid:/home/agilex/agilex_ws/install/nav2_rviz_plugins:/home/agilex/agilex_ws/install/nav2_map_server:/home/agilex/agilex_ws/install/nav2_lifecycle_manager:/home/agilex/agilex_ws/install/nav2_behavior_tree:/home/agilex/agilex_ws/install/nav2_amcl:/home/agilex/agilex_ws/install/nav2_util:/home/agilex/agilex_ws/install/nav2_msgs:/home/agilex/agilex_ws/install/magic_enum:/home/agilex/agilex_ws/install/limo_visions:/home/agilex/agilex_ws/install/limo_base:/home/agilex/agilex_ws/install/limo_msgs:/home/agilex/agilex_ws/install/limo_description:/home/agilex/agilex_ws/install/limo_car:/home/agilex/agilex_ws/install/libuvc:/home/agilex/agilex_ws/install/glog:/home/agilex/agilex_ws/install/csm:/home/agilex/agilex_ws/install/costmap_converter_msgs:/home/agilex/agilex_ws/install/astra_camera:/home/agilex/agilex_ws/install/astra_camera_msgs:/home/agilex/agilex_ws/install/aruco_ros:/home/agilex/agilex_ws/install/aruco_msgs:/home/agilex/agilex_ws/install/aruco:/home/agilex/agilex_ws/install/yolov5_ros2:/home/agilex/agilex_ws/install/nav2_simple_commander:/opt/ros/humble /usr/bin/cmake --install /home/agilex/agilex_ws/build/nav2_msgs
