[0.241s] DEBUG:colcon:Command line arguments: ['/usr/bin/colcon', 'build']
[0.242s] DEBUG:colcon:Parsed command line arguments: Namespace(log_base=None, log_level=None, verb_name='build', build_base='build', install_base='install', merge_install=False, symlink_install=False, test_result_base=None, continue_on_error=False, executor='parallel', parallel_workers=16, event_handlers=None, ignore_user_meta=False, metas=['./colcon.meta'], base_paths=['.'], packages_ignore=None, packages_ignore_regex=None, paths=None, packages_up_to=None, packages_up_to_regex=None, packages_above=None, packages_above_and_dependencies=None, packages_above_depth=None, packages_select_by_dep=None, packages_skip_by_dep=None, packages_skip_up_to=None, packages_select_build_failed=False, packages_skip_build_finished=False, packages_select_test_failures=False, packages_skip_test_passed=False, packages_select=None, packages_skip=None, packages_select_regex=None, packages_skip_regex=None, packages_start=None, packages_end=None, allow_overriding=[], cmake_args=None, cmake_target=None, cmake_target_skip_unavailable=False, cmake_clean_cache=False, cmake_clean_first=False, cmake_force_configure=False, ament_cmake_args=None, catkin_cmake_args=None, catkin_skip_building_tests=False, verb_parser=<colcon_defaults.argument_parser.defaults.DefaultArgumentsDecorator object at 0x740d451437f0>, verb_extension=<colcon_core.verb.build.BuildVerb object at 0x740d4562f190>, main=<bound method BuildVerb.main of <colcon_core.verb.build.BuildVerb object at 0x740d4562f190>>)
[0.257s] Level 1:colcon.colcon_core.package_discovery:discover_packages(colcon_meta) check parameters
[0.257s] Level 1:colcon.colcon_core.package_discovery:discover_packages(recursive) check parameters
[0.257s] Level 1:colcon.colcon_core.package_discovery:discover_packages(ignore) check parameters
[0.257s] Level 1:colcon.colcon_core.package_discovery:discover_packages(path) check parameters
[0.257s] Level 1:colcon.colcon_core.package_discovery:discover_packages(colcon_meta) discover
[0.257s] Level 1:colcon.colcon_core.package_discovery:discover_packages(recursive) discover
[0.257s] INFO:colcon.colcon_core.package_discovery:Crawling recursively for packages in '/home/agilex/agilex_ws'
[0.257s] Level 1:colcon.colcon_core.package_identification:_identify(.) by extensions ['ignore', 'ignore_ament_install']
[0.257s] Level 1:colcon.colcon_core.package_identification:_identify(.) by extension 'ignore'
[0.257s] Level 1:colcon.colcon_core.package_identification:_identify(.) by extension 'ignore_ament_install'
[0.257s] Level 1:colcon.colcon_core.package_identification:_identify(.) by extensions ['colcon_pkg']
[0.257s] Level 1:colcon.colcon_core.package_identification:_identify(.) by extension 'colcon_pkg'
[0.257s] Level 1:colcon.colcon_core.package_identification:_identify(.) by extensions ['colcon_meta']
[0.257s] Level 1:colcon.colcon_core.package_identification:_identify(.) by extension 'colcon_meta'
[0.257s] Level 1:colcon.colcon_core.package_identification:_identify(.) by extensions ['ros']
[0.257s] Level 1:colcon.colcon_core.package_identification:_identify(.) by extension 'ros'
[0.263s] Level 1:colcon.colcon_core.package_identification:_identify(.) by extensions ['cmake', 'python']
[0.263s] Level 1:colcon.colcon_core.package_identification:_identify(.) by extension 'cmake'
[0.263s] Level 1:colcon.colcon_core.package_identification:_identify(.) by extension 'python'
[0.263s] Level 1:colcon.colcon_core.package_identification:_identify(.) by extensions ['python_setup_py']
[0.263s] Level 1:colcon.colcon_core.package_identification:_identify(.) by extension 'python_setup_py'
[0.263s] Level 1:colcon.colcon_core.package_identification:_identify(build) by extensions ['ignore', 'ignore_ament_install']
[0.263s] Level 1:colcon.colcon_core.package_identification:_identify(build) by extension 'ignore'
[0.263s] Level 1:colcon.colcon_core.package_identification:_identify(build) ignored
[0.263s] Level 1:colcon.colcon_core.package_identification:_identify(install) by extensions ['ignore', 'ignore_ament_install']
[0.264s] Level 1:colcon.colcon_core.package_identification:_identify(install) by extension 'ignore'
[0.264s] Level 1:colcon.colcon_core.package_identification:_identify(install) ignored
[0.264s] Level 1:colcon.colcon_core.package_identification:_identify(log) by extensions ['ignore', 'ignore_ament_install']
[0.264s] Level 1:colcon.colcon_core.package_identification:_identify(log) by extension 'ignore'
[0.264s] Level 1:colcon.colcon_core.package_identification:_identify(log) ignored
[0.264s] Level 1:colcon.colcon_core.package_identification:_identify(src) by extensions ['ignore', 'ignore_ament_install']
[0.264s] Level 1:colcon.colcon_core.package_identification:_identify(src) by extension 'ignore'
[0.264s] Level 1:colcon.colcon_core.package_identification:_identify(src) by extension 'ignore_ament_install'
[0.264s] Level 1:colcon.colcon_core.package_identification:_identify(src) by extensions ['colcon_pkg']
[0.264s] Level 1:colcon.colcon_core.package_identification:_identify(src) by extension 'colcon_pkg'
[0.264s] Level 1:colcon.colcon_core.package_identification:_identify(src) by extensions ['colcon_meta']
[0.264s] Level 1:colcon.colcon_core.package_identification:_identify(src) by extension 'colcon_meta'
[0.264s] Level 1:colcon.colcon_core.package_identification:_identify(src) by extensions ['ros']
[0.264s] Level 1:colcon.colcon_core.package_identification:_identify(src) by extension 'ros'
[0.264s] Level 1:colcon.colcon_core.package_identification:_identify(src) by extensions ['cmake', 'python']
[0.264s] Level 1:colcon.colcon_core.package_identification:_identify(src) by extension 'cmake'
[0.264s] Level 1:colcon.colcon_core.package_identification:_identify(src) by extension 'python'
[0.264s] Level 1:colcon.colcon_core.package_identification:_identify(src) by extensions ['python_setup_py']
[0.264s] Level 1:colcon.colcon_core.package_identification:_identify(src) by extension 'python_setup_py'
[0.264s] Level 1:colcon.colcon_core.package_identification:_identify(src/OrbbecSDK_ROS2) by extensions ['ignore', 'ignore_ament_install']
[0.264s] Level 1:colcon.colcon_core.package_identification:_identify(src/OrbbecSDK_ROS2) by extension 'ignore'
[0.264s] Level 1:colcon.colcon_core.package_identification:_identify(src/OrbbecSDK_ROS2) by extension 'ignore_ament_install'
[0.264s] Level 1:colcon.colcon_core.package_identification:_identify(src/OrbbecSDK_ROS2) by extensions ['colcon_pkg']
[0.264s] Level 1:colcon.colcon_core.package_identification:_identify(src/OrbbecSDK_ROS2) by extension 'colcon_pkg'
[0.264s] Level 1:colcon.colcon_core.package_identification:_identify(src/OrbbecSDK_ROS2) by extensions ['colcon_meta']
[0.264s] Level 1:colcon.colcon_core.package_identification:_identify(src/OrbbecSDK_ROS2) by extension 'colcon_meta'
[0.264s] Level 1:colcon.colcon_core.package_identification:_identify(src/OrbbecSDK_ROS2) by extensions ['ros']
[0.264s] Level 1:colcon.colcon_core.package_identification:_identify(src/OrbbecSDK_ROS2) by extension 'ros'
[0.264s] Level 1:colcon.colcon_core.package_identification:_identify(src/OrbbecSDK_ROS2) by extensions ['cmake', 'python']
[0.264s] Level 1:colcon.colcon_core.package_identification:_identify(src/OrbbecSDK_ROS2) by extension 'cmake'
[0.264s] Level 1:colcon.colcon_core.package_identification:_identify(src/OrbbecSDK_ROS2) by extension 'python'
[0.264s] Level 1:colcon.colcon_core.package_identification:_identify(src/OrbbecSDK_ROS2) by extensions ['python_setup_py']
[0.264s] Level 1:colcon.colcon_core.package_identification:_identify(src/OrbbecSDK_ROS2) by extension 'python_setup_py'
[0.264s] Level 1:colcon.colcon_core.package_identification:_identify(src/OrbbecSDK_ROS2/orbbec_camera) by extensions ['ignore', 'ignore_ament_install']
[0.264s] Level 1:colcon.colcon_core.package_identification:_identify(src/OrbbecSDK_ROS2/orbbec_camera) by extension 'ignore'
[0.264s] Level 1:colcon.colcon_core.package_identification:_identify(src/OrbbecSDK_ROS2/orbbec_camera) by extension 'ignore_ament_install'
[0.264s] Level 1:colcon.colcon_core.package_identification:_identify(src/OrbbecSDK_ROS2/orbbec_camera) by extensions ['colcon_pkg']
[0.264s] Level 1:colcon.colcon_core.package_identification:_identify(src/OrbbecSDK_ROS2/orbbec_camera) by extension 'colcon_pkg'
[0.264s] Level 1:colcon.colcon_core.package_identification:_identify(src/OrbbecSDK_ROS2/orbbec_camera) by extensions ['colcon_meta']
[0.264s] Level 1:colcon.colcon_core.package_identification:_identify(src/OrbbecSDK_ROS2/orbbec_camera) by extension 'colcon_meta'
[0.264s] Level 1:colcon.colcon_core.package_identification:_identify(src/OrbbecSDK_ROS2/orbbec_camera) by extensions ['ros']
[0.264s] Level 1:colcon.colcon_core.package_identification:_identify(src/OrbbecSDK_ROS2/orbbec_camera) by extension 'ros'
[0.266s] DEBUG:colcon.colcon_core.package_identification:Package 'src/OrbbecSDK_ROS2/orbbec_camera' with type 'ros.ament_cmake' and name 'orbbec_camera'
[0.266s] Level 1:colcon.colcon_core.package_identification:_identify(src/OrbbecSDK_ROS2/orbbec_camera_msgs) by extensions ['ignore', 'ignore_ament_install']
[0.266s] Level 1:colcon.colcon_core.package_identification:_identify(src/OrbbecSDK_ROS2/orbbec_camera_msgs) by extension 'ignore'
[0.266s] Level 1:colcon.colcon_core.package_identification:_identify(src/OrbbecSDK_ROS2/orbbec_camera_msgs) by extension 'ignore_ament_install'
[0.266s] Level 1:colcon.colcon_core.package_identification:_identify(src/OrbbecSDK_ROS2/orbbec_camera_msgs) by extensions ['colcon_pkg']
[0.266s] Level 1:colcon.colcon_core.package_identification:_identify(src/OrbbecSDK_ROS2/orbbec_camera_msgs) by extension 'colcon_pkg'
[0.266s] Level 1:colcon.colcon_core.package_identification:_identify(src/OrbbecSDK_ROS2/orbbec_camera_msgs) by extensions ['colcon_meta']
[0.266s] Level 1:colcon.colcon_core.package_identification:_identify(src/OrbbecSDK_ROS2/orbbec_camera_msgs) by extension 'colcon_meta'
[0.266s] Level 1:colcon.colcon_core.package_identification:_identify(src/OrbbecSDK_ROS2/orbbec_camera_msgs) by extensions ['ros']
[0.267s] Level 1:colcon.colcon_core.package_identification:_identify(src/OrbbecSDK_ROS2/orbbec_camera_msgs) by extension 'ros'
[0.267s] DEBUG:colcon.colcon_core.package_identification:Package 'src/OrbbecSDK_ROS2/orbbec_camera_msgs' with type 'ros.ament_cmake' and name 'orbbec_camera_msgs'
[0.267s] Level 1:colcon.colcon_core.package_identification:_identify(src/OrbbecSDK_ROS2/orbbec_description) by extensions ['ignore', 'ignore_ament_install']
[0.267s] Level 1:colcon.colcon_core.package_identification:_identify(src/OrbbecSDK_ROS2/orbbec_description) by extension 'ignore'
[0.267s] Level 1:colcon.colcon_core.package_identification:_identify(src/OrbbecSDK_ROS2/orbbec_description) by extension 'ignore_ament_install'
[0.267s] Level 1:colcon.colcon_core.package_identification:_identify(src/OrbbecSDK_ROS2/orbbec_description) by extensions ['colcon_pkg']
[0.267s] Level 1:colcon.colcon_core.package_identification:_identify(src/OrbbecSDK_ROS2/orbbec_description) by extension 'colcon_pkg'
[0.267s] Level 1:colcon.colcon_core.package_identification:_identify(src/OrbbecSDK_ROS2/orbbec_description) by extensions ['colcon_meta']
[0.267s] Level 1:colcon.colcon_core.package_identification:_identify(src/OrbbecSDK_ROS2/orbbec_description) by extension 'colcon_meta'
[0.267s] Level 1:colcon.colcon_core.package_identification:_identify(src/OrbbecSDK_ROS2/orbbec_description) by extensions ['ros']
[0.267s] Level 1:colcon.colcon_core.package_identification:_identify(src/OrbbecSDK_ROS2/orbbec_description) by extension 'ros'
[0.267s] DEBUG:colcon.colcon_core.package_identification:Package 'src/OrbbecSDK_ROS2/orbbec_description' with type 'ros.ament_cmake' and name 'orbbec_description'
[0.267s] Level 1:colcon.colcon_core.package_identification:_identify(src/YDLidar-SDK) by extensions ['ignore', 'ignore_ament_install']
[0.267s] Level 1:colcon.colcon_core.package_identification:_identify(src/YDLidar-SDK) by extension 'ignore'
[0.267s] Level 1:colcon.colcon_core.package_identification:_identify(src/YDLidar-SDK) by extension 'ignore_ament_install'
[0.267s] Level 1:colcon.colcon_core.package_identification:_identify(src/YDLidar-SDK) by extensions ['colcon_pkg']
[0.267s] Level 1:colcon.colcon_core.package_identification:_identify(src/YDLidar-SDK) by extension 'colcon_pkg'
[0.267s] Level 1:colcon.colcon_core.package_identification:_identify(src/YDLidar-SDK) by extensions ['colcon_meta']
[0.267s] Level 1:colcon.colcon_core.package_identification:_identify(src/YDLidar-SDK) by extension 'colcon_meta'
[0.267s] Level 1:colcon.colcon_core.package_identification:_identify(src/YDLidar-SDK) by extensions ['ros']
[0.267s] Level 1:colcon.colcon_core.package_identification:_identify(src/YDLidar-SDK) by extension 'ros'
[0.267s] Level 1:colcon.colcon_core.package_identification:_identify(src/YDLidar-SDK) by extensions ['cmake', 'python']
[0.267s] Level 1:colcon.colcon_core.package_identification:_identify(src/YDLidar-SDK) by extension 'cmake'
[0.277s] Level 1:colcon.colcon_core.package_identification:_identify(src/YDLidar-SDK) by extension 'python'
[0.277s] DEBUG:colcon.colcon_core.package_identification:Package 'src/YDLidar-SDK' with type 'cmake' and name 'ydlidar_sdk'
[0.277s] Level 1:colcon.colcon_core.package_identification:_identify(src/aruco_ros) by extensions ['ignore', 'ignore_ament_install']
[0.277s] Level 1:colcon.colcon_core.package_identification:_identify(src/aruco_ros) by extension 'ignore'
[0.277s] Level 1:colcon.colcon_core.package_identification:_identify(src/aruco_ros) by extension 'ignore_ament_install'
[0.277s] Level 1:colcon.colcon_core.package_identification:_identify(src/aruco_ros) by extensions ['colcon_pkg']
[0.277s] Level 1:colcon.colcon_core.package_identification:_identify(src/aruco_ros) by extension 'colcon_pkg'
[0.277s] Level 1:colcon.colcon_core.package_identification:_identify(src/aruco_ros) by extensions ['colcon_meta']
[0.277s] Level 1:colcon.colcon_core.package_identification:_identify(src/aruco_ros) by extension 'colcon_meta'
[0.277s] Level 1:colcon.colcon_core.package_identification:_identify(src/aruco_ros) by extensions ['ros']
[0.277s] Level 1:colcon.colcon_core.package_identification:_identify(src/aruco_ros) by extension 'ros'
[0.277s] Level 1:colcon.colcon_core.package_identification:_identify(src/aruco_ros) by extensions ['cmake', 'python']
[0.277s] Level 1:colcon.colcon_core.package_identification:_identify(src/aruco_ros) by extension 'cmake'
[0.277s] Level 1:colcon.colcon_core.package_identification:_identify(src/aruco_ros) by extension 'python'
[0.277s] Level 1:colcon.colcon_core.package_identification:_identify(src/aruco_ros) by extensions ['python_setup_py']
[0.277s] Level 1:colcon.colcon_core.package_identification:_identify(src/aruco_ros) by extension 'python_setup_py'
[0.277s] Level 1:colcon.colcon_core.package_identification:_identify(src/aruco_ros/aruco) by extensions ['ignore', 'ignore_ament_install']
[0.277s] Level 1:colcon.colcon_core.package_identification:_identify(src/aruco_ros/aruco) by extension 'ignore'
[0.278s] Level 1:colcon.colcon_core.package_identification:_identify(src/aruco_ros/aruco) by extension 'ignore_ament_install'
[0.278s] Level 1:colcon.colcon_core.package_identification:_identify(src/aruco_ros/aruco) by extensions ['colcon_pkg']
[0.278s] Level 1:colcon.colcon_core.package_identification:_identify(src/aruco_ros/aruco) by extension 'colcon_pkg'
[0.278s] Level 1:colcon.colcon_core.package_identification:_identify(src/aruco_ros/aruco) by extensions ['colcon_meta']
[0.278s] Level 1:colcon.colcon_core.package_identification:_identify(src/aruco_ros/aruco) by extension 'colcon_meta'
[0.278s] Level 1:colcon.colcon_core.package_identification:_identify(src/aruco_ros/aruco) by extensions ['ros']
[0.278s] Level 1:colcon.colcon_core.package_identification:_identify(src/aruco_ros/aruco) by extension 'ros'
[0.278s] DEBUG:colcon.colcon_core.package_identification:Package 'src/aruco_ros/aruco' with type 'ros.ament_cmake' and name 'aruco'
[0.278s] Level 1:colcon.colcon_core.package_identification:_identify(src/aruco_ros/aruco_msgs) by extensions ['ignore', 'ignore_ament_install']
[0.278s] Level 1:colcon.colcon_core.package_identification:_identify(src/aruco_ros/aruco_msgs) by extension 'ignore'
[0.278s] Level 1:colcon.colcon_core.package_identification:_identify(src/aruco_ros/aruco_msgs) by extension 'ignore_ament_install'
[0.278s] Level 1:colcon.colcon_core.package_identification:_identify(src/aruco_ros/aruco_msgs) by extensions ['colcon_pkg']
[0.278s] Level 1:colcon.colcon_core.package_identification:_identify(src/aruco_ros/aruco_msgs) by extension 'colcon_pkg'
[0.278s] Level 1:colcon.colcon_core.package_identification:_identify(src/aruco_ros/aruco_msgs) by extensions ['colcon_meta']
[0.278s] Level 1:colcon.colcon_core.package_identification:_identify(src/aruco_ros/aruco_msgs) by extension 'colcon_meta'
[0.278s] Level 1:colcon.colcon_core.package_identification:_identify(src/aruco_ros/aruco_msgs) by extensions ['ros']
[0.278s] Level 1:colcon.colcon_core.package_identification:_identify(src/aruco_ros/aruco_msgs) by extension 'ros'
[0.279s] DEBUG:colcon.colcon_core.package_identification:Package 'src/aruco_ros/aruco_msgs' with type 'ros.ament_cmake' and name 'aruco_msgs'
[0.279s] Level 1:colcon.colcon_core.package_identification:_identify(src/aruco_ros/aruco_ros) by extensions ['ignore', 'ignore_ament_install']
[0.279s] Level 1:colcon.colcon_core.package_identification:_identify(src/aruco_ros/aruco_ros) by extension 'ignore'
[0.279s] Level 1:colcon.colcon_core.package_identification:_identify(src/aruco_ros/aruco_ros) by extension 'ignore_ament_install'
[0.279s] Level 1:colcon.colcon_core.package_identification:_identify(src/aruco_ros/aruco_ros) by extensions ['colcon_pkg']
[0.279s] Level 1:colcon.colcon_core.package_identification:_identify(src/aruco_ros/aruco_ros) by extension 'colcon_pkg'
[0.279s] Level 1:colcon.colcon_core.package_identification:_identify(src/aruco_ros/aruco_ros) by extensions ['colcon_meta']
[0.279s] Level 1:colcon.colcon_core.package_identification:_identify(src/aruco_ros/aruco_ros) by extension 'colcon_meta'
[0.279s] Level 1:colcon.colcon_core.package_identification:_identify(src/aruco_ros/aruco_ros) by extensions ['ros']
[0.279s] Level 1:colcon.colcon_core.package_identification:_identify(src/aruco_ros/aruco_ros) by extension 'ros'
[0.281s] DEBUG:colcon.colcon_core.package_identification:Package 'src/aruco_ros/aruco_ros' with type 'ros.ament_cmake' and name 'aruco_ros'
[0.281s] Level 1:colcon.colcon_core.package_identification:_identify(src/costmap_converter) by extensions ['ignore', 'ignore_ament_install']
[0.281s] Level 1:colcon.colcon_core.package_identification:_identify(src/costmap_converter) by extension 'ignore'
[0.281s] Level 1:colcon.colcon_core.package_identification:_identify(src/costmap_converter) by extension 'ignore_ament_install'
[0.281s] Level 1:colcon.colcon_core.package_identification:_identify(src/costmap_converter) by extensions ['colcon_pkg']
[0.281s] Level 1:colcon.colcon_core.package_identification:_identify(src/costmap_converter) by extension 'colcon_pkg'
[0.281s] Level 1:colcon.colcon_core.package_identification:_identify(src/costmap_converter) by extensions ['colcon_meta']
[0.281s] Level 1:colcon.colcon_core.package_identification:_identify(src/costmap_converter) by extension 'colcon_meta'
[0.281s] Level 1:colcon.colcon_core.package_identification:_identify(src/costmap_converter) by extensions ['ros']
[0.281s] Level 1:colcon.colcon_core.package_identification:_identify(src/costmap_converter) by extension 'ros'
[0.281s] Level 1:colcon.colcon_core.package_identification:_identify(src/costmap_converter) by extensions ['cmake', 'python']
[0.281s] Level 1:colcon.colcon_core.package_identification:_identify(src/costmap_converter) by extension 'cmake'
[0.281s] Level 1:colcon.colcon_core.package_identification:_identify(src/costmap_converter) by extension 'python'
[0.281s] Level 1:colcon.colcon_core.package_identification:_identify(src/costmap_converter) by extensions ['python_setup_py']
[0.281s] Level 1:colcon.colcon_core.package_identification:_identify(src/costmap_converter) by extension 'python_setup_py'
[0.281s] Level 1:colcon.colcon_core.package_identification:_identify(src/costmap_converter/costmap_converter) by extensions ['ignore', 'ignore_ament_install']
[0.281s] Level 1:colcon.colcon_core.package_identification:_identify(src/costmap_converter/costmap_converter) by extension 'ignore'
[0.281s] Level 1:colcon.colcon_core.package_identification:_identify(src/costmap_converter/costmap_converter) by extension 'ignore_ament_install'
[0.281s] Level 1:colcon.colcon_core.package_identification:_identify(src/costmap_converter/costmap_converter) by extensions ['colcon_pkg']
[0.281s] Level 1:colcon.colcon_core.package_identification:_identify(src/costmap_converter/costmap_converter) by extension 'colcon_pkg'
[0.281s] Level 1:colcon.colcon_core.package_identification:_identify(src/costmap_converter/costmap_converter) by extensions ['colcon_meta']
[0.281s] Level 1:colcon.colcon_core.package_identification:_identify(src/costmap_converter/costmap_converter) by extension 'colcon_meta'
[0.281s] Level 1:colcon.colcon_core.package_identification:_identify(src/costmap_converter/costmap_converter) by extensions ['ros']
[0.281s] Level 1:colcon.colcon_core.package_identification:_identify(src/costmap_converter/costmap_converter) by extension 'ros'
[0.282s] DEBUG:colcon.colcon_core.package_identification:Package 'src/costmap_converter/costmap_converter' with type 'ros.ament_cmake' and name 'costmap_converter'
[0.282s] Level 1:colcon.colcon_core.package_identification:_identify(src/costmap_converter/costmap_converter_msgs) by extensions ['ignore', 'ignore_ament_install']
[0.282s] Level 1:colcon.colcon_core.package_identification:_identify(src/costmap_converter/costmap_converter_msgs) by extension 'ignore'
[0.282s] Level 1:colcon.colcon_core.package_identification:_identify(src/costmap_converter/costmap_converter_msgs) by extension 'ignore_ament_install'
[0.282s] Level 1:colcon.colcon_core.package_identification:_identify(src/costmap_converter/costmap_converter_msgs) by extensions ['colcon_pkg']
[0.282s] Level 1:colcon.colcon_core.package_identification:_identify(src/costmap_converter/costmap_converter_msgs) by extension 'colcon_pkg'
[0.282s] Level 1:colcon.colcon_core.package_identification:_identify(src/costmap_converter/costmap_converter_msgs) by extensions ['colcon_meta']
[0.282s] Level 1:colcon.colcon_core.package_identification:_identify(src/costmap_converter/costmap_converter_msgs) by extension 'colcon_meta'
[0.282s] Level 1:colcon.colcon_core.package_identification:_identify(src/costmap_converter/costmap_converter_msgs) by extensions ['ros']
[0.282s] Level 1:colcon.colcon_core.package_identification:_identify(src/costmap_converter/costmap_converter_msgs) by extension 'ros'
[0.282s] DEBUG:colcon.colcon_core.package_identification:Package 'src/costmap_converter/costmap_converter_msgs' with type 'ros.ament_cmake' and name 'costmap_converter_msgs'
[0.282s] Level 1:colcon.colcon_core.package_identification:_identify(src/csm) by extensions ['ignore', 'ignore_ament_install']
[0.282s] Level 1:colcon.colcon_core.package_identification:_identify(src/csm) by extension 'ignore'
[0.282s] Level 1:colcon.colcon_core.package_identification:_identify(src/csm) by extension 'ignore_ament_install'
[0.282s] Level 1:colcon.colcon_core.package_identification:_identify(src/csm) by extensions ['colcon_pkg']
[0.282s] Level 1:colcon.colcon_core.package_identification:_identify(src/csm) by extension 'colcon_pkg'
[0.282s] Level 1:colcon.colcon_core.package_identification:_identify(src/csm) by extensions ['colcon_meta']
[0.282s] Level 1:colcon.colcon_core.package_identification:_identify(src/csm) by extension 'colcon_meta'
[0.282s] Level 1:colcon.colcon_core.package_identification:_identify(src/csm) by extensions ['ros']
[0.282s] Level 1:colcon.colcon_core.package_identification:_identify(src/csm) by extension 'ros'
[0.283s] DEBUG:colcon.colcon_core.package_identification:Package 'src/csm' with type 'ros.ament_cmake' and name 'csm'
[0.283s] Level 1:colcon.colcon_core.package_identification:_identify(src/limo_car) by extensions ['ignore', 'ignore_ament_install']
[0.283s] Level 1:colcon.colcon_core.package_identification:_identify(src/limo_car) by extension 'ignore'
[0.283s] Level 1:colcon.colcon_core.package_identification:_identify(src/limo_car) by extension 'ignore_ament_install'
[0.283s] Level 1:colcon.colcon_core.package_identification:_identify(src/limo_car) by extensions ['colcon_pkg']
[0.283s] Level 1:colcon.colcon_core.package_identification:_identify(src/limo_car) by extension 'colcon_pkg'
[0.283s] Level 1:colcon.colcon_core.package_identification:_identify(src/limo_car) by extensions ['colcon_meta']
[0.283s] Level 1:colcon.colcon_core.package_identification:_identify(src/limo_car) by extension 'colcon_meta'
[0.283s] Level 1:colcon.colcon_core.package_identification:_identify(src/limo_car) by extensions ['ros']
[0.283s] Level 1:colcon.colcon_core.package_identification:_identify(src/limo_car) by extension 'ros'
[0.288s] DEBUG:colcon.colcon_core.package_identification:Package 'src/limo_car' with type 'ros.ament_cmake' and name 'limo_car'
[0.289s] Level 1:colcon.colcon_core.package_identification:_identify(src/limo_ros2) by extensions ['ignore', 'ignore_ament_install']
[0.289s] Level 1:colcon.colcon_core.package_identification:_identify(src/limo_ros2) by extension 'ignore'
[0.289s] Level 1:colcon.colcon_core.package_identification:_identify(src/limo_ros2) by extension 'ignore_ament_install'
[0.289s] Level 1:colcon.colcon_core.package_identification:_identify(src/limo_ros2) by extensions ['colcon_pkg']
[0.289s] Level 1:colcon.colcon_core.package_identification:_identify(src/limo_ros2) by extension 'colcon_pkg'
[0.289s] Level 1:colcon.colcon_core.package_identification:_identify(src/limo_ros2) by extensions ['colcon_meta']
[0.289s] Level 1:colcon.colcon_core.package_identification:_identify(src/limo_ros2) by extension 'colcon_meta'
[0.289s] Level 1:colcon.colcon_core.package_identification:_identify(src/limo_ros2) by extensions ['ros']
[0.289s] Level 1:colcon.colcon_core.package_identification:_identify(src/limo_ros2) by extension 'ros'
[0.289s] Level 1:colcon.colcon_core.package_identification:_identify(src/limo_ros2) by extensions ['cmake', 'python']
[0.289s] Level 1:colcon.colcon_core.package_identification:_identify(src/limo_ros2) by extension 'cmake'
[0.289s] Level 1:colcon.colcon_core.package_identification:_identify(src/limo_ros2) by extension 'python'
[0.289s] Level 1:colcon.colcon_core.package_identification:_identify(src/limo_ros2) by extensions ['python_setup_py']
[0.289s] Level 1:colcon.colcon_core.package_identification:_identify(src/limo_ros2) by extension 'python_setup_py'
[0.289s] Level 1:colcon.colcon_core.package_identification:_identify(src/limo_ros2/docs) by extensions ['ignore', 'ignore_ament_install']
[0.289s] Level 1:colcon.colcon_core.package_identification:_identify(src/limo_ros2/docs) by extension 'ignore'
[0.289s] Level 1:colcon.colcon_core.package_identification:_identify(src/limo_ros2/docs) by extension 'ignore_ament_install'
[0.289s] Level 1:colcon.colcon_core.package_identification:_identify(src/limo_ros2/docs) by extensions ['colcon_pkg']
[0.289s] Level 1:colcon.colcon_core.package_identification:_identify(src/limo_ros2/docs) by extension 'colcon_pkg'
[0.289s] Level 1:colcon.colcon_core.package_identification:_identify(src/limo_ros2/docs) by extensions ['colcon_meta']
[0.289s] Level 1:colcon.colcon_core.package_identification:_identify(src/limo_ros2/docs) by extension 'colcon_meta'
[0.289s] Level 1:colcon.colcon_core.package_identification:_identify(src/limo_ros2/docs) by extensions ['ros']
[0.289s] Level 1:colcon.colcon_core.package_identification:_identify(src/limo_ros2/docs) by extension 'ros'
[0.289s] Level 1:colcon.colcon_core.package_identification:_identify(src/limo_ros2/docs) by extensions ['cmake', 'python']
[0.289s] Level 1:colcon.colcon_core.package_identification:_identify(src/limo_ros2/docs) by extension 'cmake'
[0.289s] Level 1:colcon.colcon_core.package_identification:_identify(src/limo_ros2/docs) by extension 'python'
[0.289s] Level 1:colcon.colcon_core.package_identification:_identify(src/limo_ros2/docs) by extensions ['python_setup_py']
[0.289s] Level 1:colcon.colcon_core.package_identification:_identify(src/limo_ros2/docs) by extension 'python_setup_py'
[0.289s] Level 1:colcon.colcon_core.package_identification:_identify(src/limo_ros2/limo_base) by extensions ['ignore', 'ignore_ament_install']
[0.289s] Level 1:colcon.colcon_core.package_identification:_identify(src/limo_ros2/limo_base) by extension 'ignore'
[0.289s] Level 1:colcon.colcon_core.package_identification:_identify(src/limo_ros2/limo_base) by extension 'ignore_ament_install'
[0.289s] Level 1:colcon.colcon_core.package_identification:_identify(src/limo_ros2/limo_base) by extensions ['colcon_pkg']
[0.289s] Level 1:colcon.colcon_core.package_identification:_identify(src/limo_ros2/limo_base) by extension 'colcon_pkg'
[0.289s] Level 1:colcon.colcon_core.package_identification:_identify(src/limo_ros2/limo_base) by extensions ['colcon_meta']
[0.289s] Level 1:colcon.colcon_core.package_identification:_identify(src/limo_ros2/limo_base) by extension 'colcon_meta'
[0.289s] Level 1:colcon.colcon_core.package_identification:_identify(src/limo_ros2/limo_base) by extensions ['ros']
[0.289s] Level 1:colcon.colcon_core.package_identification:_identify(src/limo_ros2/limo_base) by extension 'ros'
[0.290s] DEBUG:colcon.colcon_core.package_identification:Package 'src/limo_ros2/limo_base' with type 'ros.ament_cmake' and name 'limo_base'
[0.290s] Level 1:colcon.colcon_core.package_identification:_identify(src/limo_ros2/limo_bringup) by extensions ['ignore', 'ignore_ament_install']
[0.290s] Level 1:colcon.colcon_core.package_identification:_identify(src/limo_ros2/limo_bringup) by extension 'ignore'
[0.290s] Level 1:colcon.colcon_core.package_identification:_identify(src/limo_ros2/limo_bringup) by extension 'ignore_ament_install'
[0.290s] Level 1:colcon.colcon_core.package_identification:_identify(src/limo_ros2/limo_bringup) by extensions ['colcon_pkg']
[0.290s] Level 1:colcon.colcon_core.package_identification:_identify(src/limo_ros2/limo_bringup) by extension 'colcon_pkg'
[0.290s] Level 1:colcon.colcon_core.package_identification:_identify(src/limo_ros2/limo_bringup) by extensions ['colcon_meta']
[0.290s] Level 1:colcon.colcon_core.package_identification:_identify(src/limo_ros2/limo_bringup) by extension 'colcon_meta'
[0.290s] Level 1:colcon.colcon_core.package_identification:_identify(src/limo_ros2/limo_bringup) by extensions ['ros']
[0.290s] Level 1:colcon.colcon_core.package_identification:_identify(src/limo_ros2/limo_bringup) by extension 'ros'
[0.291s] DEBUG:colcon.colcon_core.package_identification:Package 'src/limo_ros2/limo_bringup' with type 'ros.ament_cmake' and name 'limo_bringup'
[0.291s] Level 1:colcon.colcon_core.package_identification:_identify(src/limo_ros2/limo_description) by extensions ['ignore', 'ignore_ament_install']
[0.291s] Level 1:colcon.colcon_core.package_identification:_identify(src/limo_ros2/limo_description) by extension 'ignore'
[0.291s] Level 1:colcon.colcon_core.package_identification:_identify(src/limo_ros2/limo_description) by extension 'ignore_ament_install'
[0.291s] Level 1:colcon.colcon_core.package_identification:_identify(src/limo_ros2/limo_description) by extensions ['colcon_pkg']
[0.291s] Level 1:colcon.colcon_core.package_identification:_identify(src/limo_ros2/limo_description) by extension 'colcon_pkg'
[0.291s] Level 1:colcon.colcon_core.package_identification:_identify(src/limo_ros2/limo_description) by extensions ['colcon_meta']
[0.291s] Level 1:colcon.colcon_core.package_identification:_identify(src/limo_ros2/limo_description) by extension 'colcon_meta'
[0.291s] Level 1:colcon.colcon_core.package_identification:_identify(src/limo_ros2/limo_description) by extensions ['ros']
[0.291s] Level 1:colcon.colcon_core.package_identification:_identify(src/limo_ros2/limo_description) by extension 'ros'
[0.291s] DEBUG:colcon.colcon_core.package_identification:Package 'src/limo_ros2/limo_description' with type 'ros.ament_cmake' and name 'limo_description'
[0.291s] Level 1:colcon.colcon_core.package_identification:_identify(src/limo_ros2/limo_msgs) by extensions ['ignore', 'ignore_ament_install']
[0.291s] Level 1:colcon.colcon_core.package_identification:_identify(src/limo_ros2/limo_msgs) by extension 'ignore'
[0.291s] Level 1:colcon.colcon_core.package_identification:_identify(src/limo_ros2/limo_msgs) by extension 'ignore_ament_install'
[0.291s] Level 1:colcon.colcon_core.package_identification:_identify(src/limo_ros2/limo_msgs) by extensions ['colcon_pkg']
[0.291s] Level 1:colcon.colcon_core.package_identification:_identify(src/limo_ros2/limo_msgs) by extension 'colcon_pkg'
[0.291s] Level 1:colcon.colcon_core.package_identification:_identify(src/limo_ros2/limo_msgs) by extensions ['colcon_meta']
[0.291s] Level 1:colcon.colcon_core.package_identification:_identify(src/limo_ros2/limo_msgs) by extension 'colcon_meta'
[0.291s] Level 1:colcon.colcon_core.package_identification:_identify(src/limo_ros2/limo_msgs) by extensions ['ros']
[0.291s] Level 1:colcon.colcon_core.package_identification:_identify(src/limo_ros2/limo_msgs) by extension 'ros'
[0.292s] DEBUG:colcon.colcon_core.package_identification:Package 'src/limo_ros2/limo_msgs' with type 'ros.ament_cmake' and name 'limo_msgs'
[0.292s] Level 1:colcon.colcon_core.package_identification:_identify(src/limo_visions) by extensions ['ignore', 'ignore_ament_install']
[0.292s] Level 1:colcon.colcon_core.package_identification:_identify(src/limo_visions) by extension 'ignore'
[0.292s] Level 1:colcon.colcon_core.package_identification:_identify(src/limo_visions) by extension 'ignore_ament_install'
[0.292s] Level 1:colcon.colcon_core.package_identification:_identify(src/limo_visions) by extensions ['colcon_pkg']
[0.292s] Level 1:colcon.colcon_core.package_identification:_identify(src/limo_visions) by extension 'colcon_pkg'
[0.292s] Level 1:colcon.colcon_core.package_identification:_identify(src/limo_visions) by extensions ['colcon_meta']
[0.292s] Level 1:colcon.colcon_core.package_identification:_identify(src/limo_visions) by extension 'colcon_meta'
[0.292s] Level 1:colcon.colcon_core.package_identification:_identify(src/limo_visions) by extensions ['ros']
[0.292s] Level 1:colcon.colcon_core.package_identification:_identify(src/limo_visions) by extension 'ros'
[0.292s] DEBUG:colcon.colcon_core.package_identification:Package 'src/limo_visions' with type 'ros.ament_cmake' and name 'limo_visions'
[0.292s] Level 1:colcon.colcon_core.package_identification:_identify(src/navigation2) by extensions ['ignore', 'ignore_ament_install']
[0.292s] Level 1:colcon.colcon_core.package_identification:_identify(src/navigation2) by extension 'ignore'
[0.292s] Level 1:colcon.colcon_core.package_identification:_identify(src/navigation2) by extension 'ignore_ament_install'
[0.292s] Level 1:colcon.colcon_core.package_identification:_identify(src/navigation2) by extensions ['colcon_pkg']
[0.292s] Level 1:colcon.colcon_core.package_identification:_identify(src/navigation2) by extension 'colcon_pkg'
[0.292s] Level 1:colcon.colcon_core.package_identification:_identify(src/navigation2) by extensions ['colcon_meta']
[0.292s] Level 1:colcon.colcon_core.package_identification:_identify(src/navigation2) by extension 'colcon_meta'
[0.292s] Level 1:colcon.colcon_core.package_identification:_identify(src/navigation2) by extensions ['ros']
[0.292s] Level 1:colcon.colcon_core.package_identification:_identify(src/navigation2) by extension 'ros'
[0.292s] Level 1:colcon.colcon_core.package_identification:_identify(src/navigation2) by extensions ['cmake', 'python']
[0.292s] Level 1:colcon.colcon_core.package_identification:_identify(src/navigation2) by extension 'cmake'
[0.292s] Level 1:colcon.colcon_core.package_identification:_identify(src/navigation2) by extension 'python'
[0.292s] Level 1:colcon.colcon_core.package_identification:_identify(src/navigation2) by extensions ['python_setup_py']
[0.292s] Level 1:colcon.colcon_core.package_identification:_identify(src/navigation2) by extension 'python_setup_py'
[0.293s] Level 1:colcon.colcon_core.package_identification:_identify(src/navigation2/doc) by extensions ['ignore', 'ignore_ament_install']
[0.293s] Level 1:colcon.colcon_core.package_identification:_identify(src/navigation2/doc) by extension 'ignore'
[0.293s] Level 1:colcon.colcon_core.package_identification:_identify(src/navigation2/doc) by extension 'ignore_ament_install'
[0.293s] Level 1:colcon.colcon_core.package_identification:_identify(src/navigation2/doc) by extensions ['colcon_pkg']
[0.293s] Level 1:colcon.colcon_core.package_identification:_identify(src/navigation2/doc) by extension 'colcon_pkg'
[0.293s] Level 1:colcon.colcon_core.package_identification:_identify(src/navigation2/doc) by extensions ['colcon_meta']
[0.293s] Level 1:colcon.colcon_core.package_identification:_identify(src/navigation2/doc) by extension 'colcon_meta'
[0.293s] Level 1:colcon.colcon_core.package_identification:_identify(src/navigation2/doc) by extensions ['ros']
[0.293s] Level 1:colcon.colcon_core.package_identification:_identify(src/navigation2/doc) by extension 'ros'
[0.293s] Level 1:colcon.colcon_core.package_identification:_identify(src/navigation2/doc) by extensions ['cmake', 'python']
[0.293s] Level 1:colcon.colcon_core.package_identification:_identify(src/navigation2/doc) by extension 'cmake'
[0.293s] Level 1:colcon.colcon_core.package_identification:_identify(src/navigation2/doc) by extension 'python'
[0.293s] Level 1:colcon.colcon_core.package_identification:_identify(src/navigation2/doc) by extensions ['python_setup_py']
[0.293s] Level 1:colcon.colcon_core.package_identification:_identify(src/navigation2/doc) by extension 'python_setup_py'
[0.293s] Level 1:colcon.colcon_core.package_identification:_identify(src/navigation2/doc/architecture) by extensions ['ignore', 'ignore_ament_install']
[0.293s] Level 1:colcon.colcon_core.package_identification:_identify(src/navigation2/doc/architecture) by extension 'ignore'
[0.293s] Level 1:colcon.colcon_core.package_identification:_identify(src/navigation2/doc/architecture) by extension 'ignore_ament_install'
[0.293s] Level 1:colcon.colcon_core.package_identification:_identify(src/navigation2/doc/architecture) by extensions ['colcon_pkg']
[0.293s] Level 1:colcon.colcon_core.package_identification:_identify(src/navigation2/doc/architecture) by extension 'colcon_pkg'
[0.293s] Level 1:colcon.colcon_core.package_identification:_identify(src/navigation2/doc/architecture) by extensions ['colcon_meta']
[0.293s] Level 1:colcon.colcon_core.package_identification:_identify(src/navigation2/doc/architecture) by extension 'colcon_meta'
[0.293s] Level 1:colcon.colcon_core.package_identification:_identify(src/navigation2/doc/architecture) by extensions ['ros']
[0.293s] Level 1:colcon.colcon_core.package_identification:_identify(src/navigation2/doc/architecture) by extension 'ros'
[0.293s] Level 1:colcon.colcon_core.package_identification:_identify(src/navigation2/doc/architecture) by extensions ['cmake', 'python']
[0.293s] Level 1:colcon.colcon_core.package_identification:_identify(src/navigation2/doc/architecture) by extension 'cmake'
[0.293s] Level 1:colcon.colcon_core.package_identification:_identify(src/navigation2/doc/architecture) by extension 'python'
[0.293s] Level 1:colcon.colcon_core.package_identification:_identify(src/navigation2/doc/architecture) by extensions ['python_setup_py']
[0.293s] Level 1:colcon.colcon_core.package_identification:_identify(src/navigation2/doc/architecture) by extension 'python_setup_py'
[0.293s] Level 1:colcon.colcon_core.package_identification:_identify(src/navigation2/doc/design) by extensions ['ignore', 'ignore_ament_install']
[0.293s] Level 1:colcon.colcon_core.package_identification:_identify(src/navigation2/doc/design) by extension 'ignore'
[0.293s] Level 1:colcon.colcon_core.package_identification:_identify(src/navigation2/doc/design) by extension 'ignore_ament_install'
[0.293s] Level 1:colcon.colcon_core.package_identification:_identify(src/navigation2/doc/design) by extensions ['colcon_pkg']
[0.293s] Level 1:colcon.colcon_core.package_identification:_identify(src/navigation2/doc/design) by extension 'colcon_pkg'
[0.293s] Level 1:colcon.colcon_core.package_identification:_identify(src/navigation2/doc/design) by extensions ['colcon_meta']
[0.293s] Level 1:colcon.colcon_core.package_identification:_identify(src/navigation2/doc/design) by extension 'colcon_meta'
[0.293s] Level 1:colcon.colcon_core.package_identification:_identify(src/navigation2/doc/design) by extensions ['ros']
[0.293s] Level 1:colcon.colcon_core.package_identification:_identify(src/navigation2/doc/design) by extension 'ros'
[0.293s] Level 1:colcon.colcon_core.package_identification:_identify(src/navigation2/doc/design) by extensions ['cmake', 'python']
[0.293s] Level 1:colcon.colcon_core.package_identification:_identify(src/navigation2/doc/design) by extension 'cmake'
[0.293s] Level 1:colcon.colcon_core.package_identification:_identify(src/navigation2/doc/design) by extension 'python'
[0.293s] Level 1:colcon.colcon_core.package_identification:_identify(src/navigation2/doc/design) by extensions ['python_setup_py']
[0.293s] Level 1:colcon.colcon_core.package_identification:_identify(src/navigation2/doc/design) by extension 'python_setup_py'
[0.293s] Level 1:colcon.colcon_core.package_identification:_identify(src/navigation2/doc/process) by extensions ['ignore', 'ignore_ament_install']
[0.293s] Level 1:colcon.colcon_core.package_identification:_identify(src/navigation2/doc/process) by extension 'ignore'
[0.293s] Level 1:colcon.colcon_core.package_identification:_identify(src/navigation2/doc/process) by extension 'ignore_ament_install'
[0.293s] Level 1:colcon.colcon_core.package_identification:_identify(src/navigation2/doc/process) by extensions ['colcon_pkg']
[0.293s] Level 1:colcon.colcon_core.package_identification:_identify(src/navigation2/doc/process) by extension 'colcon_pkg'
[0.293s] Level 1:colcon.colcon_core.package_identification:_identify(src/navigation2/doc/process) by extensions ['colcon_meta']
[0.293s] Level 1:colcon.colcon_core.package_identification:_identify(src/navigation2/doc/process) by extension 'colcon_meta'
[0.293s] Level 1:colcon.colcon_core.package_identification:_identify(src/navigation2/doc/process) by extensions ['ros']
[0.294s] Level 1:colcon.colcon_core.package_identification:_identify(src/navigation2/doc/process) by extension 'ros'
[0.294s] Level 1:colcon.colcon_core.package_identification:_identify(src/navigation2/doc/process) by extensions ['cmake', 'python']
[0.294s] Level 1:colcon.colcon_core.package_identification:_identify(src/navigation2/doc/process) by extension 'cmake'
[0.294s] Level 1:colcon.colcon_core.package_identification:_identify(src/navigation2/doc/process) by extension 'python'
[0.294s] Level 1:colcon.colcon_core.package_identification:_identify(src/navigation2/doc/process) by extensions ['python_setup_py']
[0.294s] Level 1:colcon.colcon_core.package_identification:_identify(src/navigation2/doc/process) by extension 'python_setup_py'
[0.294s] Level 1:colcon.colcon_core.package_identification:_identify(src/navigation2/doc/requirements) by extensions ['ignore', 'ignore_ament_install']
[0.294s] Level 1:colcon.colcon_core.package_identification:_identify(src/navigation2/doc/requirements) by extension 'ignore'
[0.294s] Level 1:colcon.colcon_core.package_identification:_identify(src/navigation2/doc/requirements) by extension 'ignore_ament_install'
[0.294s] Level 1:colcon.colcon_core.package_identification:_identify(src/navigation2/doc/requirements) by extensions ['colcon_pkg']
[0.294s] Level 1:colcon.colcon_core.package_identification:_identify(src/navigation2/doc/requirements) by extension 'colcon_pkg'
[0.294s] Level 1:colcon.colcon_core.package_identification:_identify(src/navigation2/doc/requirements) by extensions ['colcon_meta']
[0.294s] Level 1:colcon.colcon_core.package_identification:_identify(src/navigation2/doc/requirements) by extension 'colcon_meta'
[0.294s] Level 1:colcon.colcon_core.package_identification:_identify(src/navigation2/doc/requirements) by extensions ['ros']
[0.294s] Level 1:colcon.colcon_core.package_identification:_identify(src/navigation2/doc/requirements) by extension 'ros'
[0.294s] Level 1:colcon.colcon_core.package_identification:_identify(src/navigation2/doc/requirements) by extensions ['cmake', 'python']
[0.294s] Level 1:colcon.colcon_core.package_identification:_identify(src/navigation2/doc/requirements) by extension 'cmake'
[0.294s] Level 1:colcon.colcon_core.package_identification:_identify(src/navigation2/doc/requirements) by extension 'python'
[0.294s] Level 1:colcon.colcon_core.package_identification:_identify(src/navigation2/doc/requirements) by extensions ['python_setup_py']
[0.294s] Level 1:colcon.colcon_core.package_identification:_identify(src/navigation2/doc/requirements) by extension 'python_setup_py'
[0.294s] Level 1:colcon.colcon_core.package_identification:_identify(src/navigation2/doc/requirements/images) by extensions ['ignore', 'ignore_ament_install']
[0.294s] Level 1:colcon.colcon_core.package_identification:_identify(src/navigation2/doc/requirements/images) by extension 'ignore'
[0.294s] Level 1:colcon.colcon_core.package_identification:_identify(src/navigation2/doc/requirements/images) by extension 'ignore_ament_install'
[0.294s] Level 1:colcon.colcon_core.package_identification:_identify(src/navigation2/doc/requirements/images) by extensions ['colcon_pkg']
[0.294s] Level 1:colcon.colcon_core.package_identification:_identify(src/navigation2/doc/requirements/images) by extension 'colcon_pkg'
[0.294s] Level 1:colcon.colcon_core.package_identification:_identify(src/navigation2/doc/requirements/images) by extensions ['colcon_meta']
[0.294s] Level 1:colcon.colcon_core.package_identification:_identify(src/navigation2/doc/requirements/images) by extension 'colcon_meta'
[0.294s] Level 1:colcon.colcon_core.package_identification:_identify(src/navigation2/doc/requirements/images) by extensions ['ros']
[0.294s] Level 1:colcon.colcon_core.package_identification:_identify(src/navigation2/doc/requirements/images) by extension 'ros'
[0.294s] Level 1:colcon.colcon_core.package_identification:_identify(src/navigation2/doc/requirements/images) by extensions ['cmake', 'python']
[0.294s] Level 1:colcon.colcon_core.package_identification:_identify(src/navigation2/doc/requirements/images) by extension 'cmake'
[0.294s] Level 1:colcon.colcon_core.package_identification:_identify(src/navigation2/doc/requirements/images) by extension 'python'
[0.294s] Level 1:colcon.colcon_core.package_identification:_identify(src/navigation2/doc/requirements/images) by extensions ['python_setup_py']
[0.294s] Level 1:colcon.colcon_core.package_identification:_identify(src/navigation2/doc/requirements/images) by extension 'python_setup_py'
[0.294s] Level 1:colcon.colcon_core.package_identification:_identify(src/navigation2/doc/use_cases) by extensions ['ignore', 'ignore_ament_install']
[0.294s] Level 1:colcon.colcon_core.package_identification:_identify(src/navigation2/doc/use_cases) by extension 'ignore'
[0.294s] Level 1:colcon.colcon_core.package_identification:_identify(src/navigation2/doc/use_cases) by extension 'ignore_ament_install'
[0.294s] Level 1:colcon.colcon_core.package_identification:_identify(src/navigation2/doc/use_cases) by extensions ['colcon_pkg']
[0.294s] Level 1:colcon.colcon_core.package_identification:_identify(src/navigation2/doc/use_cases) by extension 'colcon_pkg'
[0.294s] Level 1:colcon.colcon_core.package_identification:_identify(src/navigation2/doc/use_cases) by extensions ['colcon_meta']
[0.294s] Level 1:colcon.colcon_core.package_identification:_identify(src/navigation2/doc/use_cases) by extension 'colcon_meta'
[0.294s] Level 1:colcon.colcon_core.package_identification:_identify(src/navigation2/doc/use_cases) by extensions ['ros']
[0.294s] Level 1:colcon.colcon_core.package_identification:_identify(src/navigation2/doc/use_cases) by extension 'ros'
[0.294s] Level 1:colcon.colcon_core.package_identification:_identify(src/navigation2/doc/use_cases) by extensions ['cmake', 'python']
[0.294s] Level 1:colcon.colcon_core.package_identification:_identify(src/navigation2/doc/use_cases) by extension 'cmake'
[0.294s] Level 1:colcon.colcon_core.package_identification:_identify(src/navigation2/doc/use_cases) by extension 'python'
[0.294s] Level 1:colcon.colcon_core.package_identification:_identify(src/navigation2/doc/use_cases) by extensions ['python_setup_py']
[0.294s] Level 1:colcon.colcon_core.package_identification:_identify(src/navigation2/doc/use_cases) by extension 'python_setup_py'
[0.294s] Level 1:colcon.colcon_core.package_identification:_identify(src/navigation2/nav2_amcl) by extensions ['ignore', 'ignore_ament_install']
[0.295s] Level 1:colcon.colcon_core.package_identification:_identify(src/navigation2/nav2_amcl) by extension 'ignore'
[0.295s] Level 1:colcon.colcon_core.package_identification:_identify(src/navigation2/nav2_amcl) by extension 'ignore_ament_install'
[0.295s] Level 1:colcon.colcon_core.package_identification:_identify(src/navigation2/nav2_amcl) by extensions ['colcon_pkg']
[0.295s] Level 1:colcon.colcon_core.package_identification:_identify(src/navigation2/nav2_amcl) by extension 'colcon_pkg'
[0.295s] Level 1:colcon.colcon_core.package_identification:_identify(src/navigation2/nav2_amcl) by extensions ['colcon_meta']
[0.295s] Level 1:colcon.colcon_core.package_identification:_identify(src/navigation2/nav2_amcl) by extension 'colcon_meta'
[0.295s] Level 1:colcon.colcon_core.package_identification:_identify(src/navigation2/nav2_amcl) by extensions ['ros']
[0.295s] Level 1:colcon.colcon_core.package_identification:_identify(src/navigation2/nav2_amcl) by extension 'ros'
[0.295s] DEBUG:colcon.colcon_core.package_identification:Package 'src/navigation2/nav2_amcl' with type 'ros.ament_cmake' and name 'nav2_amcl'
[0.295s] Level 1:colcon.colcon_core.package_identification:_identify(src/navigation2/nav2_behavior_tree) by extensions ['ignore', 'ignore_ament_install']
[0.295s] Level 1:colcon.colcon_core.package_identification:_identify(src/navigation2/nav2_behavior_tree) by extension 'ignore'
[0.295s] Level 1:colcon.colcon_core.package_identification:_identify(src/navigation2/nav2_behavior_tree) by extension 'ignore_ament_install'
[0.296s] Level 1:colcon.colcon_core.package_identification:_identify(src/navigation2/nav2_behavior_tree) by extensions ['colcon_pkg']
[0.296s] Level 1:colcon.colcon_core.package_identification:_identify(src/navigation2/nav2_behavior_tree) by extension 'colcon_pkg'
[0.296s] Level 1:colcon.colcon_core.package_identification:_identify(src/navigation2/nav2_behavior_tree) by extensions ['colcon_meta']
[0.296s] Level 1:colcon.colcon_core.package_identification:_identify(src/navigation2/nav2_behavior_tree) by extension 'colcon_meta'
[0.296s] Level 1:colcon.colcon_core.package_identification:_identify(src/navigation2/nav2_behavior_tree) by extensions ['ros']
[0.296s] Level 1:colcon.colcon_core.package_identification:_identify(src/navigation2/nav2_behavior_tree) by extension 'ros'
[0.296s] DEBUG:colcon.colcon_core.package_identification:Package 'src/navigation2/nav2_behavior_tree' with type 'ros.ament_cmake' and name 'nav2_behavior_tree'
[0.296s] Level 1:colcon.colcon_core.package_identification:_identify(src/navigation2/nav2_behaviors) by extensions ['ignore', 'ignore_ament_install']
[0.296s] Level 1:colcon.colcon_core.package_identification:_identify(src/navigation2/nav2_behaviors) by extension 'ignore'
[0.296s] Level 1:colcon.colcon_core.package_identification:_identify(src/navigation2/nav2_behaviors) by extension 'ignore_ament_install'
[0.296s] Level 1:colcon.colcon_core.package_identification:_identify(src/navigation2/nav2_behaviors) by extensions ['colcon_pkg']
[0.296s] Level 1:colcon.colcon_core.package_identification:_identify(src/navigation2/nav2_behaviors) by extension 'colcon_pkg'
[0.296s] Level 1:colcon.colcon_core.package_identification:_identify(src/navigation2/nav2_behaviors) by extensions ['colcon_meta']
[0.296s] Level 1:colcon.colcon_core.package_identification:_identify(src/navigation2/nav2_behaviors) by extension 'colcon_meta'
[0.296s] Level 1:colcon.colcon_core.package_identification:_identify(src/navigation2/nav2_behaviors) by extensions ['ros']
[0.296s] Level 1:colcon.colcon_core.package_identification:_identify(src/navigation2/nav2_behaviors) by extension 'ros'
[0.297s] DEBUG:colcon.colcon_core.package_identification:Package 'src/navigation2/nav2_behaviors' with type 'ros.ament_cmake' and name 'nav2_behaviors'
[0.297s] Level 1:colcon.colcon_core.package_identification:_identify(src/navigation2/nav2_bringup) by extensions ['ignore', 'ignore_ament_install']
[0.297s] Level 1:colcon.colcon_core.package_identification:_identify(src/navigation2/nav2_bringup) by extension 'ignore'
[0.297s] Level 1:colcon.colcon_core.package_identification:_identify(src/navigation2/nav2_bringup) by extension 'ignore_ament_install'
[0.297s] Level 1:colcon.colcon_core.package_identification:_identify(src/navigation2/nav2_bringup) by extensions ['colcon_pkg']
[0.297s] Level 1:colcon.colcon_core.package_identification:_identify(src/navigation2/nav2_bringup) by extension 'colcon_pkg'
[0.297s] Level 1:colcon.colcon_core.package_identification:_identify(src/navigation2/nav2_bringup) by extensions ['colcon_meta']
[0.297s] Level 1:colcon.colcon_core.package_identification:_identify(src/navigation2/nav2_bringup) by extension 'colcon_meta'
[0.297s] Level 1:colcon.colcon_core.package_identification:_identify(src/navigation2/nav2_bringup) by extensions ['ros']
[0.297s] Level 1:colcon.colcon_core.package_identification:_identify(src/navigation2/nav2_bringup) by extension 'ros'
[0.297s] DEBUG:colcon.colcon_core.package_identification:Package 'src/navigation2/nav2_bringup' with type 'ros.ament_cmake' and name 'nav2_bringup'
[0.297s] Level 1:colcon.colcon_core.package_identification:_identify(src/navigation2/nav2_bt_navigator) by extensions ['ignore', 'ignore_ament_install']
[0.297s] Level 1:colcon.colcon_core.package_identification:_identify(src/navigation2/nav2_bt_navigator) by extension 'ignore'
[0.297s] Level 1:colcon.colcon_core.package_identification:_identify(src/navigation2/nav2_bt_navigator) by extension 'ignore_ament_install'
[0.297s] Level 1:colcon.colcon_core.package_identification:_identify(src/navigation2/nav2_bt_navigator) by extensions ['colcon_pkg']
[0.297s] Level 1:colcon.colcon_core.package_identification:_identify(src/navigation2/nav2_bt_navigator) by extension 'colcon_pkg'
[0.297s] Level 1:colcon.colcon_core.package_identification:_identify(src/navigation2/nav2_bt_navigator) by extensions ['colcon_meta']
[0.297s] Level 1:colcon.colcon_core.package_identification:_identify(src/navigation2/nav2_bt_navigator) by extension 'colcon_meta'
[0.297s] Level 1:colcon.colcon_core.package_identification:_identify(src/navigation2/nav2_bt_navigator) by extensions ['ros']
[0.297s] Level 1:colcon.colcon_core.package_identification:_identify(src/navigation2/nav2_bt_navigator) by extension 'ros'
[0.298s] DEBUG:colcon.colcon_core.package_identification:Package 'src/navigation2/nav2_bt_navigator' with type 'ros.ament_cmake' and name 'nav2_bt_navigator'
[0.298s] Level 1:colcon.colcon_core.package_identification:_identify(src/navigation2/nav2_common) by extensions ['ignore', 'ignore_ament_install']
[0.298s] Level 1:colcon.colcon_core.package_identification:_identify(src/navigation2/nav2_common) by extension 'ignore'
[0.298s] Level 1:colcon.colcon_core.package_identification:_identify(src/navigation2/nav2_common) by extension 'ignore_ament_install'
[0.298s] Level 1:colcon.colcon_core.package_identification:_identify(src/navigation2/nav2_common) by extensions ['colcon_pkg']
[0.298s] Level 1:colcon.colcon_core.package_identification:_identify(src/navigation2/nav2_common) by extension 'colcon_pkg'
[0.298s] Level 1:colcon.colcon_core.package_identification:_identify(src/navigation2/nav2_common) by extensions ['colcon_meta']
[0.298s] Level 1:colcon.colcon_core.package_identification:_identify(src/navigation2/nav2_common) by extension 'colcon_meta'
[0.298s] Level 1:colcon.colcon_core.package_identification:_identify(src/navigation2/nav2_common) by extensions ['ros']
[0.298s] Level 1:colcon.colcon_core.package_identification:_identify(src/navigation2/nav2_common) by extension 'ros'
[0.299s] DEBUG:colcon.colcon_core.package_identification:Package 'src/navigation2/nav2_common' with type 'ros.ament_cmake' and name 'nav2_common'
[0.299s] Level 1:colcon.colcon_core.package_identification:_identify(src/navigation2/nav2_constrained_smoother) by extensions ['ignore', 'ignore_ament_install']
[0.299s] Level 1:colcon.colcon_core.package_identification:_identify(src/navigation2/nav2_constrained_smoother) by extension 'ignore'
[0.299s] Level 1:colcon.colcon_core.package_identification:_identify(src/navigation2/nav2_constrained_smoother) by extension 'ignore_ament_install'
[0.299s] Level 1:colcon.colcon_core.package_identification:_identify(src/navigation2/nav2_constrained_smoother) by extensions ['colcon_pkg']
[0.299s] Level 1:colcon.colcon_core.package_identification:_identify(src/navigation2/nav2_constrained_smoother) by extension 'colcon_pkg'
[0.299s] Level 1:colcon.colcon_core.package_identification:_identify(src/navigation2/nav2_constrained_smoother) by extensions ['colcon_meta']
[0.299s] Level 1:colcon.colcon_core.package_identification:_identify(src/navigation2/nav2_constrained_smoother) by extension 'colcon_meta'
[0.299s] Level 1:colcon.colcon_core.package_identification:_identify(src/navigation2/nav2_constrained_smoother) by extensions ['ros']
[0.299s] Level 1:colcon.colcon_core.package_identification:_identify(src/navigation2/nav2_constrained_smoother) by extension 'ros'
[0.299s] DEBUG:colcon.colcon_core.package_identification:Package 'src/navigation2/nav2_constrained_smoother' with type 'ros.ament_cmake' and name 'nav2_constrained_smoother'
[0.299s] Level 1:colcon.colcon_core.package_identification:_identify(src/navigation2/nav2_controller) by extensions ['ignore', 'ignore_ament_install']
[0.299s] Level 1:colcon.colcon_core.package_identification:_identify(src/navigation2/nav2_controller) by extension 'ignore'
[0.299s] Level 1:colcon.colcon_core.package_identification:_identify(src/navigation2/nav2_controller) by extension 'ignore_ament_install'
[0.299s] Level 1:colcon.colcon_core.package_identification:_identify(src/navigation2/nav2_controller) by extensions ['colcon_pkg']
[0.299s] Level 1:colcon.colcon_core.package_identification:_identify(src/navigation2/nav2_controller) by extension 'colcon_pkg'
[0.299s] Level 1:colcon.colcon_core.package_identification:_identify(src/navigation2/nav2_controller) by extensions ['colcon_meta']
[0.299s] Level 1:colcon.colcon_core.package_identification:_identify(src/navigation2/nav2_controller) by extension 'colcon_meta'
[0.299s] Level 1:colcon.colcon_core.package_identification:_identify(src/navigation2/nav2_controller) by extensions ['ros']
[0.299s] Level 1:colcon.colcon_core.package_identification:_identify(src/navigation2/nav2_controller) by extension 'ros'
[0.300s] DEBUG:colcon.colcon_core.package_identification:Package 'src/navigation2/nav2_controller' with type 'ros.ament_cmake' and name 'nav2_controller'
[0.300s] Level 1:colcon.colcon_core.package_identification:_identify(src/navigation2/nav2_core) by extensions ['ignore', 'ignore_ament_install']
[0.300s] Level 1:colcon.colcon_core.package_identification:_identify(src/navigation2/nav2_core) by extension 'ignore'
[0.300s] Level 1:colcon.colcon_core.package_identification:_identify(src/navigation2/nav2_core) by extension 'ignore_ament_install'
[0.300s] Level 1:colcon.colcon_core.package_identification:_identify(src/navigation2/nav2_core) by extensions ['colcon_pkg']
[0.300s] Level 1:colcon.colcon_core.package_identification:_identify(src/navigation2/nav2_core) by extension 'colcon_pkg'
[0.300s] Level 1:colcon.colcon_core.package_identification:_identify(src/navigation2/nav2_core) by extensions ['colcon_meta']
[0.300s] Level 1:colcon.colcon_core.package_identification:_identify(src/navigation2/nav2_core) by extension 'colcon_meta'
[0.300s] Level 1:colcon.colcon_core.package_identification:_identify(src/navigation2/nav2_core) by extensions ['ros']
[0.300s] Level 1:colcon.colcon_core.package_identification:_identify(src/navigation2/nav2_core) by extension 'ros'
[0.301s] DEBUG:colcon.colcon_core.package_identification:Package 'src/navigation2/nav2_core' with type 'ros.ament_cmake' and name 'nav2_core'
[0.301s] Level 1:colcon.colcon_core.package_identification:_identify(src/navigation2/nav2_costmap_2d) by extensions ['ignore', 'ignore_ament_install']
[0.301s] Level 1:colcon.colcon_core.package_identification:_identify(src/navigation2/nav2_costmap_2d) by extension 'ignore'
[0.301s] Level 1:colcon.colcon_core.package_identification:_identify(src/navigation2/nav2_costmap_2d) by extension 'ignore_ament_install'
[0.301s] Level 1:colcon.colcon_core.package_identification:_identify(src/navigation2/nav2_costmap_2d) by extensions ['colcon_pkg']
[0.301s] Level 1:colcon.colcon_core.package_identification:_identify(src/navigation2/nav2_costmap_2d) by extension 'colcon_pkg'
[0.301s] Level 1:colcon.colcon_core.package_identification:_identify(src/navigation2/nav2_costmap_2d) by extensions ['colcon_meta']
[0.301s] Level 1:colcon.colcon_core.package_identification:_identify(src/navigation2/nav2_costmap_2d) by extension 'colcon_meta'
[0.301s] Level 1:colcon.colcon_core.package_identification:_identify(src/navigation2/nav2_costmap_2d) by extensions ['ros']
[0.301s] Level 1:colcon.colcon_core.package_identification:_identify(src/navigation2/nav2_costmap_2d) by extension 'ros'
[0.302s] DEBUG:colcon.colcon_core.package_identification:Package 'src/navigation2/nav2_costmap_2d' with type 'ros.ament_cmake' and name 'nav2_costmap_2d'
[0.302s] Level 1:colcon.colcon_core.package_identification:_identify(src/navigation2/nav2_dwb_controller) by extensions ['ignore', 'ignore_ament_install']
[0.302s] Level 1:colcon.colcon_core.package_identification:_identify(src/navigation2/nav2_dwb_controller) by extension 'ignore'
[0.302s] Level 1:colcon.colcon_core.package_identification:_identify(src/navigation2/nav2_dwb_controller) by extension 'ignore_ament_install'
[0.302s] Level 1:colcon.colcon_core.package_identification:_identify(src/navigation2/nav2_dwb_controller) by extensions ['colcon_pkg']
[0.302s] Level 1:colcon.colcon_core.package_identification:_identify(src/navigation2/nav2_dwb_controller) by extension 'colcon_pkg'
[0.302s] Level 1:colcon.colcon_core.package_identification:_identify(src/navigation2/nav2_dwb_controller) by extensions ['colcon_meta']
[0.302s] Level 1:colcon.colcon_core.package_identification:_identify(src/navigation2/nav2_dwb_controller) by extension 'colcon_meta'
[0.302s] Level 1:colcon.colcon_core.package_identification:_identify(src/navigation2/nav2_dwb_controller) by extensions ['ros']
[0.302s] Level 1:colcon.colcon_core.package_identification:_identify(src/navigation2/nav2_dwb_controller) by extension 'ros'
[0.302s] Level 1:colcon.colcon_core.package_identification:_identify(src/navigation2/nav2_dwb_controller) by extensions ['cmake', 'python']
[0.302s] Level 1:colcon.colcon_core.package_identification:_identify(src/navigation2/nav2_dwb_controller) by extension 'cmake'
[0.302s] Level 1:colcon.colcon_core.package_identification:_identify(src/navigation2/nav2_dwb_controller) by extension 'python'
[0.302s] Level 1:colcon.colcon_core.package_identification:_identify(src/navigation2/nav2_dwb_controller) by extensions ['python_setup_py']
[0.302s] Level 1:colcon.colcon_core.package_identification:_identify(src/navigation2/nav2_dwb_controller) by extension 'python_setup_py'
[0.302s] Level 1:colcon.colcon_core.package_identification:_identify(src/navigation2/nav2_dwb_controller/costmap_queue) by extensions ['ignore', 'ignore_ament_install']
[0.302s] Level 1:colcon.colcon_core.package_identification:_identify(src/navigation2/nav2_dwb_controller/costmap_queue) by extension 'ignore'
[0.302s] Level 1:colcon.colcon_core.package_identification:_identify(src/navigation2/nav2_dwb_controller/costmap_queue) by extension 'ignore_ament_install'
[0.302s] Level 1:colcon.colcon_core.package_identification:_identify(src/navigation2/nav2_dwb_controller/costmap_queue) by extensions ['colcon_pkg']
[0.302s] Level 1:colcon.colcon_core.package_identification:_identify(src/navigation2/nav2_dwb_controller/costmap_queue) by extension 'colcon_pkg'
[0.302s] Level 1:colcon.colcon_core.package_identification:_identify(src/navigation2/nav2_dwb_controller/costmap_queue) by extensions ['colcon_meta']
[0.302s] Level 1:colcon.colcon_core.package_identification:_identify(src/navigation2/nav2_dwb_controller/costmap_queue) by extension 'colcon_meta'
[0.302s] Level 1:colcon.colcon_core.package_identification:_identify(src/navigation2/nav2_dwb_controller/costmap_queue) by extensions ['ros']
[0.302s] Level 1:colcon.colcon_core.package_identification:_identify(src/navigation2/nav2_dwb_controller/costmap_queue) by extension 'ros'
[0.303s] DEBUG:colcon.colcon_core.package_identification:Package 'src/navigation2/nav2_dwb_controller/costmap_queue' with type 'ros.ament_cmake' and name 'costmap_queue'
[0.303s] Level 1:colcon.colcon_core.package_identification:_identify(src/navigation2/nav2_dwb_controller/dwb_core) by extensions ['ignore', 'ignore_ament_install']
[0.303s] Level 1:colcon.colcon_core.package_identification:_identify(src/navigation2/nav2_dwb_controller/dwb_core) by extension 'ignore'
[0.303s] Level 1:colcon.colcon_core.package_identification:_identify(src/navigation2/nav2_dwb_controller/dwb_core) by extension 'ignore_ament_install'
[0.303s] Level 1:colcon.colcon_core.package_identification:_identify(src/navigation2/nav2_dwb_controller/dwb_core) by extensions ['colcon_pkg']
[0.303s] Level 1:colcon.colcon_core.package_identification:_identify(src/navigation2/nav2_dwb_controller/dwb_core) by extension 'colcon_pkg'
[0.303s] Level 1:colcon.colcon_core.package_identification:_identify(src/navigation2/nav2_dwb_controller/dwb_core) by extensions ['colcon_meta']
[0.303s] Level 1:colcon.colcon_core.package_identification:_identify(src/navigation2/nav2_dwb_controller/dwb_core) by extension 'colcon_meta'
[0.303s] Level 1:colcon.colcon_core.package_identification:_identify(src/navigation2/nav2_dwb_controller/dwb_core) by extensions ['ros']
[0.303s] Level 1:colcon.colcon_core.package_identification:_identify(src/navigation2/nav2_dwb_controller/dwb_core) by extension 'ros'
[0.303s] DEBUG:colcon.colcon_core.package_identification:Package 'src/navigation2/nav2_dwb_controller/dwb_core' with type 'ros.ament_cmake' and name 'dwb_core'
[0.303s] Level 1:colcon.colcon_core.package_identification:_identify(src/navigation2/nav2_dwb_controller/dwb_critics) by extensions ['ignore', 'ignore_ament_install']
[0.303s] Level 1:colcon.colcon_core.package_identification:_identify(src/navigation2/nav2_dwb_controller/dwb_critics) by extension 'ignore'
[0.304s] Level 1:colcon.colcon_core.package_identification:_identify(src/navigation2/nav2_dwb_controller/dwb_critics) by extension 'ignore_ament_install'
[0.304s] Level 1:colcon.colcon_core.package_identification:_identify(src/navigation2/nav2_dwb_controller/dwb_critics) by extensions ['colcon_pkg']
[0.304s] Level 1:colcon.colcon_core.package_identification:_identify(src/navigation2/nav2_dwb_controller/dwb_critics) by extension 'colcon_pkg'
[0.304s] Level 1:colcon.colcon_core.package_identification:_identify(src/navigation2/nav2_dwb_controller/dwb_critics) by extensions ['colcon_meta']
[0.304s] Level 1:colcon.colcon_core.package_identification:_identify(src/navigation2/nav2_dwb_controller/dwb_critics) by extension 'colcon_meta'
[0.304s] Level 1:colcon.colcon_core.package_identification:_identify(src/navigation2/nav2_dwb_controller/dwb_critics) by extensions ['ros']
[0.304s] Level 1:colcon.colcon_core.package_identification:_identify(src/navigation2/nav2_dwb_controller/dwb_critics) by extension 'ros'
[0.304s] DEBUG:colcon.colcon_core.package_identification:Package 'src/navigation2/nav2_dwb_controller/dwb_critics' with type 'ros.ament_cmake' and name 'dwb_critics'
[0.304s] Level 1:colcon.colcon_core.package_identification:_identify(src/navigation2/nav2_dwb_controller/dwb_msgs) by extensions ['ignore', 'ignore_ament_install']
[0.304s] Level 1:colcon.colcon_core.package_identification:_identify(src/navigation2/nav2_dwb_controller/dwb_msgs) by extension 'ignore'
[0.304s] Level 1:colcon.colcon_core.package_identification:_identify(src/navigation2/nav2_dwb_controller/dwb_msgs) by extension 'ignore_ament_install'
[0.304s] Level 1:colcon.colcon_core.package_identification:_identify(src/navigation2/nav2_dwb_controller/dwb_msgs) by extensions ['colcon_pkg']
[0.304s] Level 1:colcon.colcon_core.package_identification:_identify(src/navigation2/nav2_dwb_controller/dwb_msgs) by extension 'colcon_pkg'
[0.304s] Level 1:colcon.colcon_core.package_identification:_identify(src/navigation2/nav2_dwb_controller/dwb_msgs) by extensions ['colcon_meta']
[0.304s] Level 1:colcon.colcon_core.package_identification:_identify(src/navigation2/nav2_dwb_controller/dwb_msgs) by extension 'colcon_meta'
[0.304s] Level 1:colcon.colcon_core.package_identification:_identify(src/navigation2/nav2_dwb_controller/dwb_msgs) by extensions ['ros']
[0.304s] Level 1:colcon.colcon_core.package_identification:_identify(src/navigation2/nav2_dwb_controller/dwb_msgs) by extension 'ros'
[0.305s] DEBUG:colcon.colcon_core.package_identification:Package 'src/navigation2/nav2_dwb_controller/dwb_msgs' with type 'ros.ament_cmake' and name 'dwb_msgs'
[0.305s] Level 1:colcon.colcon_core.package_identification:_identify(src/navigation2/nav2_dwb_controller/dwb_plugins) by extensions ['ignore', 'ignore_ament_install']
[0.305s] Level 1:colcon.colcon_core.package_identification:_identify(src/navigation2/nav2_dwb_controller/dwb_plugins) by extension 'ignore'
[0.305s] Level 1:colcon.colcon_core.package_identification:_identify(src/navigation2/nav2_dwb_controller/dwb_plugins) by extension 'ignore_ament_install'
[0.305s] Level 1:colcon.colcon_core.package_identification:_identify(src/navigation2/nav2_dwb_controller/dwb_plugins) by extensions ['colcon_pkg']
[0.305s] Level 1:colcon.colcon_core.package_identification:_identify(src/navigation2/nav2_dwb_controller/dwb_plugins) by extension 'colcon_pkg'
[0.305s] Level 1:colcon.colcon_core.package_identification:_identify(src/navigation2/nav2_dwb_controller/dwb_plugins) by extensions ['colcon_meta']
[0.305s] Level 1:colcon.colcon_core.package_identification:_identify(src/navigation2/nav2_dwb_controller/dwb_plugins) by extension 'colcon_meta'
[0.305s] Level 1:colcon.colcon_core.package_identification:_identify(src/navigation2/nav2_dwb_controller/dwb_plugins) by extensions ['ros']
[0.305s] Level 1:colcon.colcon_core.package_identification:_identify(src/navigation2/nav2_dwb_controller/dwb_plugins) by extension 'ros'
[0.305s] DEBUG:colcon.colcon_core.package_identification:Package 'src/navigation2/nav2_dwb_controller/dwb_plugins' with type 'ros.ament_cmake' and name 'dwb_plugins'
[0.305s] Level 1:colcon.colcon_core.package_identification:_identify(src/navigation2/nav2_dwb_controller/images) by extensions ['ignore', 'ignore_ament_install']
[0.305s] Level 1:colcon.colcon_core.package_identification:_identify(src/navigation2/nav2_dwb_controller/images) by extension 'ignore'
[0.305s] Level 1:colcon.colcon_core.package_identification:_identify(src/navigation2/nav2_dwb_controller/images) by extension 'ignore_ament_install'
[0.306s] Level 1:colcon.colcon_core.package_identification:_identify(src/navigation2/nav2_dwb_controller/images) by extensions ['colcon_pkg']
[0.306s] Level 1:colcon.colcon_core.package_identification:_identify(src/navigation2/nav2_dwb_controller/images) by extension 'colcon_pkg'
[0.306s] Level 1:colcon.colcon_core.package_identification:_identify(src/navigation2/nav2_dwb_controller/images) by extensions ['colcon_meta']
[0.306s] Level 1:colcon.colcon_core.package_identification:_identify(src/navigation2/nav2_dwb_controller/images) by extension 'colcon_meta'
[0.306s] Level 1:colcon.colcon_core.package_identification:_identify(src/navigation2/nav2_dwb_controller/images) by extensions ['ros']
[0.306s] Level 1:colcon.colcon_core.package_identification:_identify(src/navigation2/nav2_dwb_controller/images) by extension 'ros'
[0.306s] Level 1:colcon.colcon_core.package_identification:_identify(src/navigation2/nav2_dwb_controller/images) by extensions ['cmake', 'python']
[0.306s] Level 1:colcon.colcon_core.package_identification:_identify(src/navigation2/nav2_dwb_controller/images) by extension 'cmake'
[0.306s] Level 1:colcon.colcon_core.package_identification:_identify(src/navigation2/nav2_dwb_controller/images) by extension 'python'
[0.306s] Level 1:colcon.colcon_core.package_identification:_identify(src/navigation2/nav2_dwb_controller/images) by extensions ['python_setup_py']
[0.306s] Level 1:colcon.colcon_core.package_identification:_identify(src/navigation2/nav2_dwb_controller/images) by extension 'python_setup_py'
[0.306s] Level 1:colcon.colcon_core.package_identification:_identify(src/navigation2/nav2_dwb_controller/nav2_dwb_controller) by extensions ['ignore', 'ignore_ament_install']
[0.306s] Level 1:colcon.colcon_core.package_identification:_identify(src/navigation2/nav2_dwb_controller/nav2_dwb_controller) by extension 'ignore'
[0.306s] Level 1:colcon.colcon_core.package_identification:_identify(src/navigation2/nav2_dwb_controller/nav2_dwb_controller) by extension 'ignore_ament_install'
[0.306s] Level 1:colcon.colcon_core.package_identification:_identify(src/navigation2/nav2_dwb_controller/nav2_dwb_controller) by extensions ['colcon_pkg']
[0.306s] Level 1:colcon.colcon_core.package_identification:_identify(src/navigation2/nav2_dwb_controller/nav2_dwb_controller) by extension 'colcon_pkg'
[0.306s] Level 1:colcon.colcon_core.package_identification:_identify(src/navigation2/nav2_dwb_controller/nav2_dwb_controller) by extensions ['colcon_meta']
[0.306s] Level 1:colcon.colcon_core.package_identification:_identify(src/navigation2/nav2_dwb_controller/nav2_dwb_controller) by extension 'colcon_meta'
[0.306s] Level 1:colcon.colcon_core.package_identification:_identify(src/navigation2/nav2_dwb_controller/nav2_dwb_controller) by extensions ['ros']
[0.306s] Level 1:colcon.colcon_core.package_identification:_identify(src/navigation2/nav2_dwb_controller/nav2_dwb_controller) by extension 'ros'
[0.306s] DEBUG:colcon.colcon_core.package_identification:Package 'src/navigation2/nav2_dwb_controller/nav2_dwb_controller' with type 'ros.ament_cmake' and name 'nav2_dwb_controller'
[0.306s] Level 1:colcon.colcon_core.package_identification:_identify(src/navigation2/nav2_dwb_controller/nav_2d_msgs) by extensions ['ignore', 'ignore_ament_install']
[0.306s] Level 1:colcon.colcon_core.package_identification:_identify(src/navigation2/nav2_dwb_controller/nav_2d_msgs) by extension 'ignore'
[0.306s] Level 1:colcon.colcon_core.package_identification:_identify(src/navigation2/nav2_dwb_controller/nav_2d_msgs) by extension 'ignore_ament_install'
[0.306s] Level 1:colcon.colcon_core.package_identification:_identify(src/navigation2/nav2_dwb_controller/nav_2d_msgs) by extensions ['colcon_pkg']
[0.306s] Level 1:colcon.colcon_core.package_identification:_identify(src/navigation2/nav2_dwb_controller/nav_2d_msgs) by extension 'colcon_pkg'
[0.307s] Level 1:colcon.colcon_core.package_identification:_identify(src/navigation2/nav2_dwb_controller/nav_2d_msgs) by extensions ['colcon_meta']
[0.307s] Level 1:colcon.colcon_core.package_identification:_identify(src/navigation2/nav2_dwb_controller/nav_2d_msgs) by extension 'colcon_meta'
[0.307s] Level 1:colcon.colcon_core.package_identification:_identify(src/navigation2/nav2_dwb_controller/nav_2d_msgs) by extensions ['ros']
[0.307s] Level 1:colcon.colcon_core.package_identification:_identify(src/navigation2/nav2_dwb_controller/nav_2d_msgs) by extension 'ros'
[0.307s] DEBUG:colcon.colcon_core.package_identification:Package 'src/navigation2/nav2_dwb_controller/nav_2d_msgs' with type 'ros.ament_cmake' and name 'nav_2d_msgs'
[0.307s] Level 1:colcon.colcon_core.package_identification:_identify(src/navigation2/nav2_dwb_controller/nav_2d_utils) by extensions ['ignore', 'ignore_ament_install']
[0.307s] Level 1:colcon.colcon_core.package_identification:_identify(src/navigation2/nav2_dwb_controller/nav_2d_utils) by extension 'ignore'
[0.307s] Level 1:colcon.colcon_core.package_identification:_identify(src/navigation2/nav2_dwb_controller/nav_2d_utils) by extension 'ignore_ament_install'
[0.307s] Level 1:colcon.colcon_core.package_identification:_identify(src/navigation2/nav2_dwb_controller/nav_2d_utils) by extensions ['colcon_pkg']
[0.307s] Level 1:colcon.colcon_core.package_identification:_identify(src/navigation2/nav2_dwb_controller/nav_2d_utils) by extension 'colcon_pkg'
[0.307s] Level 1:colcon.colcon_core.package_identification:_identify(src/navigation2/nav2_dwb_controller/nav_2d_utils) by extensions ['colcon_meta']
[0.307s] Level 1:colcon.colcon_core.package_identification:_identify(src/navigation2/nav2_dwb_controller/nav_2d_utils) by extension 'colcon_meta'
[0.307s] Level 1:colcon.colcon_core.package_identification:_identify(src/navigation2/nav2_dwb_controller/nav_2d_utils) by extensions ['ros']
[0.307s] Level 1:colcon.colcon_core.package_identification:_identify(src/navigation2/nav2_dwb_controller/nav_2d_utils) by extension 'ros'
[0.308s] DEBUG:colcon.colcon_core.package_identification:Package 'src/navigation2/nav2_dwb_controller/nav_2d_utils' with type 'ros.ament_cmake' and name 'nav_2d_utils'
[0.308s] Level 1:colcon.colcon_core.package_identification:_identify(src/navigation2/nav2_lifecycle_manager) by extensions ['ignore', 'ignore_ament_install']
[0.308s] Level 1:colcon.colcon_core.package_identification:_identify(src/navigation2/nav2_lifecycle_manager) by extension 'ignore'
[0.308s] Level 1:colcon.colcon_core.package_identification:_identify(src/navigation2/nav2_lifecycle_manager) by extension 'ignore_ament_install'
[0.308s] Level 1:colcon.colcon_core.package_identification:_identify(src/navigation2/nav2_lifecycle_manager) by extensions ['colcon_pkg']
[0.308s] Level 1:colcon.colcon_core.package_identification:_identify(src/navigation2/nav2_lifecycle_manager) by extension 'colcon_pkg'
[0.308s] Level 1:colcon.colcon_core.package_identification:_identify(src/navigation2/nav2_lifecycle_manager) by extensions ['colcon_meta']
[0.308s] Level 1:colcon.colcon_core.package_identification:_identify(src/navigation2/nav2_lifecycle_manager) by extension 'colcon_meta'
[0.308s] Level 1:colcon.colcon_core.package_identification:_identify(src/navigation2/nav2_lifecycle_manager) by extensions ['ros']
[0.308s] Level 1:colcon.colcon_core.package_identification:_identify(src/navigation2/nav2_lifecycle_manager) by extension 'ros'
[0.308s] DEBUG:colcon.colcon_core.package_identification:Package 'src/navigation2/nav2_lifecycle_manager' with type 'ros.ament_cmake' and name 'nav2_lifecycle_manager'
[0.308s] Level 1:colcon.colcon_core.package_identification:_identify(src/navigation2/nav2_map_server) by extensions ['ignore', 'ignore_ament_install']
[0.308s] Level 1:colcon.colcon_core.package_identification:_identify(src/navigation2/nav2_map_server) by extension 'ignore'
[0.308s] Level 1:colcon.colcon_core.package_identification:_identify(src/navigation2/nav2_map_server) by extension 'ignore_ament_install'
[0.308s] Level 1:colcon.colcon_core.package_identification:_identify(src/navigation2/nav2_map_server) by extensions ['colcon_pkg']
[0.308s] Level 1:colcon.colcon_core.package_identification:_identify(src/navigation2/nav2_map_server) by extension 'colcon_pkg'
[0.308s] Level 1:colcon.colcon_core.package_identification:_identify(src/navigation2/nav2_map_server) by extensions ['colcon_meta']
[0.308s] Level 1:colcon.colcon_core.package_identification:_identify(src/navigation2/nav2_map_server) by extension 'colcon_meta'
[0.308s] Level 1:colcon.colcon_core.package_identification:_identify(src/navigation2/nav2_map_server) by extensions ['ros']
[0.308s] Level 1:colcon.colcon_core.package_identification:_identify(src/navigation2/nav2_map_server) by extension 'ros'
[0.309s] DEBUG:colcon.colcon_core.package_identification:Package 'src/navigation2/nav2_map_server' with type 'ros.ament_cmake' and name 'nav2_map_server'
[0.309s] Level 1:colcon.colcon_core.package_identification:_identify(src/navigation2/nav2_msgs) by extensions ['ignore', 'ignore_ament_install']
[0.309s] Level 1:colcon.colcon_core.package_identification:_identify(src/navigation2/nav2_msgs) by extension 'ignore'
[0.309s] Level 1:colcon.colcon_core.package_identification:_identify(src/navigation2/nav2_msgs) by extension 'ignore_ament_install'
[0.309s] Level 1:colcon.colcon_core.package_identification:_identify(src/navigation2/nav2_msgs) by extensions ['colcon_pkg']
[0.309s] Level 1:colcon.colcon_core.package_identification:_identify(src/navigation2/nav2_msgs) by extension 'colcon_pkg'
[0.309s] Level 1:colcon.colcon_core.package_identification:_identify(src/navigation2/nav2_msgs) by extensions ['colcon_meta']
[0.309s] Level 1:colcon.colcon_core.package_identification:_identify(src/navigation2/nav2_msgs) by extension 'colcon_meta'
[0.309s] Level 1:colcon.colcon_core.package_identification:_identify(src/navigation2/nav2_msgs) by extensions ['ros']
[0.309s] Level 1:colcon.colcon_core.package_identification:_identify(src/navigation2/nav2_msgs) by extension 'ros'
[0.310s] DEBUG:colcon.colcon_core.package_identification:Package 'src/navigation2/nav2_msgs' with type 'ros.ament_cmake' and name 'nav2_msgs'
[0.310s] Level 1:colcon.colcon_core.package_identification:_identify(src/navigation2/nav2_navfn_planner) by extensions ['ignore', 'ignore_ament_install']
[0.310s] Level 1:colcon.colcon_core.package_identification:_identify(src/navigation2/nav2_navfn_planner) by extension 'ignore'
[0.310s] Level 1:colcon.colcon_core.package_identification:_identify(src/navigation2/nav2_navfn_planner) by extension 'ignore_ament_install'
[0.310s] Level 1:colcon.colcon_core.package_identification:_identify(src/navigation2/nav2_navfn_planner) by extensions ['colcon_pkg']
[0.310s] Level 1:colcon.colcon_core.package_identification:_identify(src/navigation2/nav2_navfn_planner) by extension 'colcon_pkg'
[0.310s] Level 1:colcon.colcon_core.package_identification:_identify(src/navigation2/nav2_navfn_planner) by extensions ['colcon_meta']
[0.310s] Level 1:colcon.colcon_core.package_identification:_identify(src/navigation2/nav2_navfn_planner) by extension 'colcon_meta'
[0.310s] Level 1:colcon.colcon_core.package_identification:_identify(src/navigation2/nav2_navfn_planner) by extensions ['ros']
[0.310s] Level 1:colcon.colcon_core.package_identification:_identify(src/navigation2/nav2_navfn_planner) by extension 'ros'
[0.310s] DEBUG:colcon.colcon_core.package_identification:Package 'src/navigation2/nav2_navfn_planner' with type 'ros.ament_cmake' and name 'nav2_navfn_planner'
[0.311s] Level 1:colcon.colcon_core.package_identification:_identify(src/navigation2/nav2_planner) by extensions ['ignore', 'ignore_ament_install']
[0.311s] Level 1:colcon.colcon_core.package_identification:_identify(src/navigation2/nav2_planner) by extension 'ignore'
[0.311s] Level 1:colcon.colcon_core.package_identification:_identify(src/navigation2/nav2_planner) by extension 'ignore_ament_install'
[0.311s] Level 1:colcon.colcon_core.package_identification:_identify(src/navigation2/nav2_planner) by extensions ['colcon_pkg']
[0.311s] Level 1:colcon.colcon_core.package_identification:_identify(src/navigation2/nav2_planner) by extension 'colcon_pkg'
[0.311s] Level 1:colcon.colcon_core.package_identification:_identify(src/navigation2/nav2_planner) by extensions ['colcon_meta']
[0.311s] Level 1:colcon.colcon_core.package_identification:_identify(src/navigation2/nav2_planner) by extension 'colcon_meta'
[0.311s] Level 1:colcon.colcon_core.package_identification:_identify(src/navigation2/nav2_planner) by extensions ['ros']
[0.311s] Level 1:colcon.colcon_core.package_identification:_identify(src/navigation2/nav2_planner) by extension 'ros'
[0.311s] DEBUG:colcon.colcon_core.package_identification:Package 'src/navigation2/nav2_planner' with type 'ros.ament_cmake' and name 'nav2_planner'
[0.311s] Level 1:colcon.colcon_core.package_identification:_identify(src/navigation2/nav2_regulated_pure_pursuit_controller) by extensions ['ignore', 'ignore_ament_install']
[0.312s] Level 1:colcon.colcon_core.package_identification:_identify(src/navigation2/nav2_regulated_pure_pursuit_controller) by extension 'ignore'
[0.312s] Level 1:colcon.colcon_core.package_identification:_identify(src/navigation2/nav2_regulated_pure_pursuit_controller) by extension 'ignore_ament_install'
[0.312s] Level 1:colcon.colcon_core.package_identification:_identify(src/navigation2/nav2_regulated_pure_pursuit_controller) by extensions ['colcon_pkg']
[0.312s] Level 1:colcon.colcon_core.package_identification:_identify(src/navigation2/nav2_regulated_pure_pursuit_controller) by extension 'colcon_pkg'
[0.312s] Level 1:colcon.colcon_core.package_identification:_identify(src/navigation2/nav2_regulated_pure_pursuit_controller) by extensions ['colcon_meta']
[0.312s] Level 1:colcon.colcon_core.package_identification:_identify(src/navigation2/nav2_regulated_pure_pursuit_controller) by extension 'colcon_meta'
[0.312s] Level 1:colcon.colcon_core.package_identification:_identify(src/navigation2/nav2_regulated_pure_pursuit_controller) by extensions ['ros']
[0.312s] Level 1:colcon.colcon_core.package_identification:_identify(src/navigation2/nav2_regulated_pure_pursuit_controller) by extension 'ros'
[0.312s] DEBUG:colcon.colcon_core.package_identification:Package 'src/navigation2/nav2_regulated_pure_pursuit_controller' with type 'ros.ament_cmake' and name 'nav2_regulated_pure_pursuit_controller'
[0.312s] Level 1:colcon.colcon_core.package_identification:_identify(src/navigation2/nav2_rotation_shim_controller) by extensions ['ignore', 'ignore_ament_install']
[0.312s] Level 1:colcon.colcon_core.package_identification:_identify(src/navigation2/nav2_rotation_shim_controller) by extension 'ignore'
[0.312s] Level 1:colcon.colcon_core.package_identification:_identify(src/navigation2/nav2_rotation_shim_controller) by extension 'ignore_ament_install'
[0.312s] Level 1:colcon.colcon_core.package_identification:_identify(src/navigation2/nav2_rotation_shim_controller) by extensions ['colcon_pkg']
[0.312s] Level 1:colcon.colcon_core.package_identification:_identify(src/navigation2/nav2_rotation_shim_controller) by extension 'colcon_pkg'
[0.312s] Level 1:colcon.colcon_core.package_identification:_identify(src/navigation2/nav2_rotation_shim_controller) by extensions ['colcon_meta']
[0.312s] Level 1:colcon.colcon_core.package_identification:_identify(src/navigation2/nav2_rotation_shim_controller) by extension 'colcon_meta'
[0.312s] Level 1:colcon.colcon_core.package_identification:_identify(src/navigation2/nav2_rotation_shim_controller) by extensions ['ros']
[0.312s] Level 1:colcon.colcon_core.package_identification:_identify(src/navigation2/nav2_rotation_shim_controller) by extension 'ros'
[0.313s] DEBUG:colcon.colcon_core.package_identification:Package 'src/navigation2/nav2_rotation_shim_controller' with type 'ros.ament_cmake' and name 'nav2_rotation_shim_controller'
[0.313s] Level 1:colcon.colcon_core.package_identification:_identify(src/navigation2/nav2_rviz_plugins) by extensions ['ignore', 'ignore_ament_install']
[0.313s] Level 1:colcon.colcon_core.package_identification:_identify(src/navigation2/nav2_rviz_plugins) by extension 'ignore'
[0.313s] Level 1:colcon.colcon_core.package_identification:_identify(src/navigation2/nav2_rviz_plugins) by extension 'ignore_ament_install'
[0.313s] Level 1:colcon.colcon_core.package_identification:_identify(src/navigation2/nav2_rviz_plugins) by extensions ['colcon_pkg']
[0.313s] Level 1:colcon.colcon_core.package_identification:_identify(src/navigation2/nav2_rviz_plugins) by extension 'colcon_pkg'
[0.313s] Level 1:colcon.colcon_core.package_identification:_identify(src/navigation2/nav2_rviz_plugins) by extensions ['colcon_meta']
[0.313s] Level 1:colcon.colcon_core.package_identification:_identify(src/navigation2/nav2_rviz_plugins) by extension 'colcon_meta'
[0.313s] Level 1:colcon.colcon_core.package_identification:_identify(src/navigation2/nav2_rviz_plugins) by extensions ['ros']
[0.313s] Level 1:colcon.colcon_core.package_identification:_identify(src/navigation2/nav2_rviz_plugins) by extension 'ros'
[0.314s] DEBUG:colcon.colcon_core.package_identification:Package 'src/navigation2/nav2_rviz_plugins' with type 'ros.ament_cmake' and name 'nav2_rviz_plugins'
[0.314s] Level 1:colcon.colcon_core.package_identification:_identify(src/navigation2/nav2_simple_commander) by extensions ['ignore', 'ignore_ament_install']
[0.314s] Level 1:colcon.colcon_core.package_identification:_identify(src/navigation2/nav2_simple_commander) by extension 'ignore'
[0.314s] Level 1:colcon.colcon_core.package_identification:_identify(src/navigation2/nav2_simple_commander) by extension 'ignore_ament_install'
[0.314s] Level 1:colcon.colcon_core.package_identification:_identify(src/navigation2/nav2_simple_commander) by extensions ['colcon_pkg']
[0.314s] Level 1:colcon.colcon_core.package_identification:_identify(src/navigation2/nav2_simple_commander) by extension 'colcon_pkg'
[0.314s] Level 1:colcon.colcon_core.package_identification:_identify(src/navigation2/nav2_simple_commander) by extensions ['colcon_meta']
[0.314s] Level 1:colcon.colcon_core.package_identification:_identify(src/navigation2/nav2_simple_commander) by extension 'colcon_meta'
[0.314s] Level 1:colcon.colcon_core.package_identification:_identify(src/navigation2/nav2_simple_commander) by extensions ['ros']
[0.314s] Level 1:colcon.colcon_core.package_identification:_identify(src/navigation2/nav2_simple_commander) by extension 'ros'
[0.314s] DEBUG:colcon.colcon_core.package_identification:Package 'src/navigation2/nav2_simple_commander' with type 'ros.ament_python' and name 'nav2_simple_commander'
[0.315s] Level 1:colcon.colcon_core.package_identification:_identify(src/navigation2/nav2_smac_planner) by extensions ['ignore', 'ignore_ament_install']
[0.315s] Level 1:colcon.colcon_core.package_identification:_identify(src/navigation2/nav2_smac_planner) by extension 'ignore'
[0.315s] Level 1:colcon.colcon_core.package_identification:_identify(src/navigation2/nav2_smac_planner) by extension 'ignore_ament_install'
[0.315s] Level 1:colcon.colcon_core.package_identification:_identify(src/navigation2/nav2_smac_planner) by extensions ['colcon_pkg']
[0.315s] Level 1:colcon.colcon_core.package_identification:_identify(src/navigation2/nav2_smac_planner) by extension 'colcon_pkg'
[0.315s] Level 1:colcon.colcon_core.package_identification:_identify(src/navigation2/nav2_smac_planner) by extensions ['colcon_meta']
[0.315s] Level 1:colcon.colcon_core.package_identification:_identify(src/navigation2/nav2_smac_planner) by extension 'colcon_meta'
[0.315s] Level 1:colcon.colcon_core.package_identification:_identify(src/navigation2/nav2_smac_planner) by extensions ['ros']
[0.315s] Level 1:colcon.colcon_core.package_identification:_identify(src/navigation2/nav2_smac_planner) by extension 'ros'
[0.316s] DEBUG:colcon.colcon_core.package_identification:Package 'src/navigation2/nav2_smac_planner' with type 'ros.ament_cmake' and name 'nav2_smac_planner'
[0.316s] Level 1:colcon.colcon_core.package_identification:_identify(src/navigation2/nav2_smoother) by extensions ['ignore', 'ignore_ament_install']
[0.316s] Level 1:colcon.colcon_core.package_identification:_identify(src/navigation2/nav2_smoother) by extension 'ignore'
[0.316s] Level 1:colcon.colcon_core.package_identification:_identify(src/navigation2/nav2_smoother) by extension 'ignore_ament_install'
[0.316s] Level 1:colcon.colcon_core.package_identification:_identify(src/navigation2/nav2_smoother) by extensions ['colcon_pkg']
[0.316s] Level 1:colcon.colcon_core.package_identification:_identify(src/navigation2/nav2_smoother) by extension 'colcon_pkg'
[0.316s] Level 1:colcon.colcon_core.package_identification:_identify(src/navigation2/nav2_smoother) by extensions ['colcon_meta']
[0.316s] Level 1:colcon.colcon_core.package_identification:_identify(src/navigation2/nav2_smoother) by extension 'colcon_meta'
[0.316s] Level 1:colcon.colcon_core.package_identification:_identify(src/navigation2/nav2_smoother) by extensions ['ros']
[0.316s] Level 1:colcon.colcon_core.package_identification:_identify(src/navigation2/nav2_smoother) by extension 'ros'
[0.316s] DEBUG:colcon.colcon_core.package_identification:Package 'src/navigation2/nav2_smoother' with type 'ros.ament_cmake' and name 'nav2_smoother'
[0.316s] Level 1:colcon.colcon_core.package_identification:_identify(src/navigation2/nav2_system_tests) by extensions ['ignore', 'ignore_ament_install']
[0.317s] Level 1:colcon.colcon_core.package_identification:_identify(src/navigation2/nav2_system_tests) by extension 'ignore'
[0.317s] Level 1:colcon.colcon_core.package_identification:_identify(src/navigation2/nav2_system_tests) by extension 'ignore_ament_install'
[0.317s] Level 1:colcon.colcon_core.package_identification:_identify(src/navigation2/nav2_system_tests) by extensions ['colcon_pkg']
[0.317s] Level 1:colcon.colcon_core.package_identification:_identify(src/navigation2/nav2_system_tests) by extension 'colcon_pkg'
[0.317s] Level 1:colcon.colcon_core.package_identification:_identify(src/navigation2/nav2_system_tests) by extensions ['colcon_meta']
[0.317s] Level 1:colcon.colcon_core.package_identification:_identify(src/navigation2/nav2_system_tests) by extension 'colcon_meta'
[0.317s] Level 1:colcon.colcon_core.package_identification:_identify(src/navigation2/nav2_system_tests) by extensions ['ros']
[0.317s] Level 1:colcon.colcon_core.package_identification:_identify(src/navigation2/nav2_system_tests) by extension 'ros'
[0.317s] DEBUG:colcon.colcon_core.package_identification:Package 'src/navigation2/nav2_system_tests' with type 'ros.ament_cmake' and name 'nav2_system_tests'
[0.317s] Level 1:colcon.colcon_core.package_identification:_identify(src/navigation2/nav2_theta_star_planner) by extensions ['ignore', 'ignore_ament_install']
[0.317s] Level 1:colcon.colcon_core.package_identification:_identify(src/navigation2/nav2_theta_star_planner) by extension 'ignore'
[0.317s] Level 1:colcon.colcon_core.package_identification:_identify(src/navigation2/nav2_theta_star_planner) by extension 'ignore_ament_install'
[0.317s] Level 1:colcon.colcon_core.package_identification:_identify(src/navigation2/nav2_theta_star_planner) by extensions ['colcon_pkg']
[0.317s] Level 1:colcon.colcon_core.package_identification:_identify(src/navigation2/nav2_theta_star_planner) by extension 'colcon_pkg'
[0.317s] Level 1:colcon.colcon_core.package_identification:_identify(src/navigation2/nav2_theta_star_planner) by extensions ['colcon_meta']
[0.317s] Level 1:colcon.colcon_core.package_identification:_identify(src/navigation2/nav2_theta_star_planner) by extension 'colcon_meta'
[0.317s] Level 1:colcon.colcon_core.package_identification:_identify(src/navigation2/nav2_theta_star_planner) by extensions ['ros']
[0.317s] Level 1:colcon.colcon_core.package_identification:_identify(src/navigation2/nav2_theta_star_planner) by extension 'ros'
[0.318s] DEBUG:colcon.colcon_core.package_identification:Package 'src/navigation2/nav2_theta_star_planner' with type 'ros.ament_cmake' and name 'nav2_theta_star_planner'
[0.318s] Level 1:colcon.colcon_core.package_identification:_identify(src/navigation2/nav2_util) by extensions ['ignore', 'ignore_ament_install']
[0.318s] Level 1:colcon.colcon_core.package_identification:_identify(src/navigation2/nav2_util) by extension 'ignore'
[0.318s] Level 1:colcon.colcon_core.package_identification:_identify(src/navigation2/nav2_util) by extension 'ignore_ament_install'
[0.318s] Level 1:colcon.colcon_core.package_identification:_identify(src/navigation2/nav2_util) by extensions ['colcon_pkg']
[0.318s] Level 1:colcon.colcon_core.package_identification:_identify(src/navigation2/nav2_util) by extension 'colcon_pkg'
[0.318s] Level 1:colcon.colcon_core.package_identification:_identify(src/navigation2/nav2_util) by extensions ['colcon_meta']
[0.318s] Level 1:colcon.colcon_core.package_identification:_identify(src/navigation2/nav2_util) by extension 'colcon_meta'
[0.318s] Level 1:colcon.colcon_core.package_identification:_identify(src/navigation2/nav2_util) by extensions ['ros']
[0.318s] Level 1:colcon.colcon_core.package_identification:_identify(src/navigation2/nav2_util) by extension 'ros'
[0.319s] DEBUG:colcon.colcon_core.package_identification:Package 'src/navigation2/nav2_util' with type 'ros.ament_cmake' and name 'nav2_util'
[0.319s] Level 1:colcon.colcon_core.package_identification:_identify(src/navigation2/nav2_voxel_grid) by extensions ['ignore', 'ignore_ament_install']
[0.319s] Level 1:colcon.colcon_core.package_identification:_identify(src/navigation2/nav2_voxel_grid) by extension 'ignore'
[0.319s] Level 1:colcon.colcon_core.package_identification:_identify(src/navigation2/nav2_voxel_grid) by extension 'ignore_ament_install'
[0.319s] Level 1:colcon.colcon_core.package_identification:_identify(src/navigation2/nav2_voxel_grid) by extensions ['colcon_pkg']
[0.319s] Level 1:colcon.colcon_core.package_identification:_identify(src/navigation2/nav2_voxel_grid) by extension 'colcon_pkg'
[0.319s] Level 1:colcon.colcon_core.package_identification:_identify(src/navigation2/nav2_voxel_grid) by extensions ['colcon_meta']
[0.319s] Level 1:colcon.colcon_core.package_identification:_identify(src/navigation2/nav2_voxel_grid) by extension 'colcon_meta'
[0.319s] Level 1:colcon.colcon_core.package_identification:_identify(src/navigation2/nav2_voxel_grid) by extensions ['ros']
[0.319s] Level 1:colcon.colcon_core.package_identification:_identify(src/navigation2/nav2_voxel_grid) by extension 'ros'
[0.319s] DEBUG:colcon.colcon_core.package_identification:Package 'src/navigation2/nav2_voxel_grid' with type 'ros.ament_cmake' and name 'nav2_voxel_grid'
[0.320s] Level 1:colcon.colcon_core.package_identification:_identify(src/navigation2/nav2_waypoint_follower) by extensions ['ignore', 'ignore_ament_install']
[0.320s] Level 1:colcon.colcon_core.package_identification:_identify(src/navigation2/nav2_waypoint_follower) by extension 'ignore'
[0.320s] Level 1:colcon.colcon_core.package_identification:_identify(src/navigation2/nav2_waypoint_follower) by extension 'ignore_ament_install'
[0.320s] Level 1:colcon.colcon_core.package_identification:_identify(src/navigation2/nav2_waypoint_follower) by extensions ['colcon_pkg']
[0.320s] Level 1:colcon.colcon_core.package_identification:_identify(src/navigation2/nav2_waypoint_follower) by extension 'colcon_pkg'
[0.320s] Level 1:colcon.colcon_core.package_identification:_identify(src/navigation2/nav2_waypoint_follower) by extensions ['colcon_meta']
[0.320s] Level 1:colcon.colcon_core.package_identification:_identify(src/navigation2/nav2_waypoint_follower) by extension 'colcon_meta'
[0.320s] Level 1:colcon.colcon_core.package_identification:_identify(src/navigation2/nav2_waypoint_follower) by extensions ['ros']
[0.320s] Level 1:colcon.colcon_core.package_identification:_identify(src/navigation2/nav2_waypoint_follower) by extension 'ros'
[0.320s] DEBUG:colcon.colcon_core.package_identification:Package 'src/navigation2/nav2_waypoint_follower' with type 'ros.ament_cmake' and name 'nav2_waypoint_follower'
[0.320s] Level 1:colcon.colcon_core.package_identification:_identify(src/navigation2/navigation2) by extensions ['ignore', 'ignore_ament_install']
[0.320s] Level 1:colcon.colcon_core.package_identification:_identify(src/navigation2/navigation2) by extension 'ignore'
[0.320s] Level 1:colcon.colcon_core.package_identification:_identify(src/navigation2/navigation2) by extension 'ignore_ament_install'
[0.320s] Level 1:colcon.colcon_core.package_identification:_identify(src/navigation2/navigation2) by extensions ['colcon_pkg']
[0.320s] Level 1:colcon.colcon_core.package_identification:_identify(src/navigation2/navigation2) by extension 'colcon_pkg'
[0.320s] Level 1:colcon.colcon_core.package_identification:_identify(src/navigation2/navigation2) by extensions ['colcon_meta']
[0.320s] Level 1:colcon.colcon_core.package_identification:_identify(src/navigation2/navigation2) by extension 'colcon_meta'
[0.320s] Level 1:colcon.colcon_core.package_identification:_identify(src/navigation2/navigation2) by extensions ['ros']
[0.320s] Level 1:colcon.colcon_core.package_identification:_identify(src/navigation2/navigation2) by extension 'ros'
[0.321s] DEBUG:colcon.colcon_core.package_identification:Package 'src/navigation2/navigation2' with type 'ros.ament_cmake' and name 'navigation2'
[0.321s] Level 1:colcon.colcon_core.package_identification:_identify(src/navigation2/tools) by extensions ['ignore', 'ignore_ament_install']
[0.321s] Level 1:colcon.colcon_core.package_identification:_identify(src/navigation2/tools) by extension 'ignore'
[0.321s] Level 1:colcon.colcon_core.package_identification:_identify(src/navigation2/tools) by extension 'ignore_ament_install'
[0.321s] Level 1:colcon.colcon_core.package_identification:_identify(src/navigation2/tools) by extensions ['colcon_pkg']
[0.321s] Level 1:colcon.colcon_core.package_identification:_identify(src/navigation2/tools) by extension 'colcon_pkg'
[0.321s] Level 1:colcon.colcon_core.package_identification:_identify(src/navigation2/tools) by extensions ['colcon_meta']
[0.321s] Level 1:colcon.colcon_core.package_identification:_identify(src/navigation2/tools) by extension 'colcon_meta'
[0.321s] Level 1:colcon.colcon_core.package_identification:_identify(src/navigation2/tools) by extensions ['ros']
[0.321s] Level 1:colcon.colcon_core.package_identification:_identify(src/navigation2/tools) by extension 'ros'
[0.321s] Level 1:colcon.colcon_core.package_identification:_identify(src/navigation2/tools) by extensions ['cmake', 'python']
[0.321s] Level 1:colcon.colcon_core.package_identification:_identify(src/navigation2/tools) by extension 'cmake'
[0.321s] Level 1:colcon.colcon_core.package_identification:_identify(src/navigation2/tools) by extension 'python'
[0.321s] Level 1:colcon.colcon_core.package_identification:_identify(src/navigation2/tools) by extensions ['python_setup_py']
[0.321s] Level 1:colcon.colcon_core.package_identification:_identify(src/navigation2/tools) by extension 'python_setup_py'
[0.322s] Level 1:colcon.colcon_core.package_identification:_identify(src/navigation2/tools/planner_benchmarking) by extensions ['ignore', 'ignore_ament_install']
[0.322s] Level 1:colcon.colcon_core.package_identification:_identify(src/navigation2/tools/planner_benchmarking) by extension 'ignore'
[0.322s] Level 1:colcon.colcon_core.package_identification:_identify(src/navigation2/tools/planner_benchmarking) by extension 'ignore_ament_install'
[0.322s] Level 1:colcon.colcon_core.package_identification:_identify(src/navigation2/tools/planner_benchmarking) by extensions ['colcon_pkg']
[0.322s] Level 1:colcon.colcon_core.package_identification:_identify(src/navigation2/tools/planner_benchmarking) by extension 'colcon_pkg'
[0.322s] Level 1:colcon.colcon_core.package_identification:_identify(src/navigation2/tools/planner_benchmarking) by extensions ['colcon_meta']
[0.322s] Level 1:colcon.colcon_core.package_identification:_identify(src/navigation2/tools/planner_benchmarking) by extension 'colcon_meta'
[0.322s] Level 1:colcon.colcon_core.package_identification:_identify(src/navigation2/tools/planner_benchmarking) by extensions ['ros']
[0.322s] Level 1:colcon.colcon_core.package_identification:_identify(src/navigation2/tools/planner_benchmarking) by extension 'ros'
[0.322s] Level 1:colcon.colcon_core.package_identification:_identify(src/navigation2/tools/planner_benchmarking) by extensions ['cmake', 'python']
[0.322s] Level 1:colcon.colcon_core.package_identification:_identify(src/navigation2/tools/planner_benchmarking) by extension 'cmake'
[0.322s] Level 1:colcon.colcon_core.package_identification:_identify(src/navigation2/tools/planner_benchmarking) by extension 'python'
[0.322s] Level 1:colcon.colcon_core.package_identification:_identify(src/navigation2/tools/planner_benchmarking) by extensions ['python_setup_py']
[0.322s] Level 1:colcon.colcon_core.package_identification:_identify(src/navigation2/tools/planner_benchmarking) by extension 'python_setup_py'
[0.322s] Level 1:colcon.colcon_core.package_identification:_identify(src/rf2o_laser_odometry) by extensions ['ignore', 'ignore_ament_install']
[0.322s] Level 1:colcon.colcon_core.package_identification:_identify(src/rf2o_laser_odometry) by extension 'ignore'
[0.322s] Level 1:colcon.colcon_core.package_identification:_identify(src/rf2o_laser_odometry) by extension 'ignore_ament_install'
[0.322s] Level 1:colcon.colcon_core.package_identification:_identify(src/rf2o_laser_odometry) by extensions ['colcon_pkg']
[0.322s] Level 1:colcon.colcon_core.package_identification:_identify(src/rf2o_laser_odometry) by extension 'colcon_pkg'
[0.322s] Level 1:colcon.colcon_core.package_identification:_identify(src/rf2o_laser_odometry) by extensions ['colcon_meta']
[0.322s] Level 1:colcon.colcon_core.package_identification:_identify(src/rf2o_laser_odometry) by extension 'colcon_meta'
[0.322s] Level 1:colcon.colcon_core.package_identification:_identify(src/rf2o_laser_odometry) by extensions ['ros']
[0.322s] Level 1:colcon.colcon_core.package_identification:_identify(src/rf2o_laser_odometry) by extension 'ros'
[0.322s] DEBUG:colcon.colcon_core.package_identification:Package 'src/rf2o_laser_odometry' with type 'ros.ament_cmake' and name 'rf2o_laser_odometry'
[0.322s] Level 1:colcon.colcon_core.package_identification:_identify(src/teb_local_planner) by extensions ['ignore', 'ignore_ament_install']
[0.323s] Level 1:colcon.colcon_core.package_identification:_identify(src/teb_local_planner) by extension 'ignore'
[0.323s] Level 1:colcon.colcon_core.package_identification:_identify(src/teb_local_planner) by extension 'ignore_ament_install'
[0.323s] Level 1:colcon.colcon_core.package_identification:_identify(src/teb_local_planner) by extensions ['colcon_pkg']
[0.323s] Level 1:colcon.colcon_core.package_identification:_identify(src/teb_local_planner) by extension 'colcon_pkg'
[0.323s] Level 1:colcon.colcon_core.package_identification:_identify(src/teb_local_planner) by extensions ['colcon_meta']
[0.323s] Level 1:colcon.colcon_core.package_identification:_identify(src/teb_local_planner) by extension 'colcon_meta'
[0.323s] Level 1:colcon.colcon_core.package_identification:_identify(src/teb_local_planner) by extensions ['ros']
[0.323s] Level 1:colcon.colcon_core.package_identification:_identify(src/teb_local_planner) by extension 'ros'
[0.323s] Level 1:colcon.colcon_core.package_identification:_identify(src/teb_local_planner) by extensions ['cmake', 'python']
[0.323s] Level 1:colcon.colcon_core.package_identification:_identify(src/teb_local_planner) by extension 'cmake'
[0.323s] Level 1:colcon.colcon_core.package_identification:_identify(src/teb_local_planner) by extension 'python'
[0.323s] Level 1:colcon.colcon_core.package_identification:_identify(src/teb_local_planner) by extensions ['python_setup_py']
[0.323s] Level 1:colcon.colcon_core.package_identification:_identify(src/teb_local_planner) by extension 'python_setup_py'
[0.323s] Level 1:colcon.colcon_core.package_identification:_identify(src/teb_local_planner/teb_local_planner) by extensions ['ignore', 'ignore_ament_install']
[0.323s] Level 1:colcon.colcon_core.package_identification:_identify(src/teb_local_planner/teb_local_planner) by extension 'ignore'
[0.323s] Level 1:colcon.colcon_core.package_identification:_identify(src/teb_local_planner/teb_local_planner) by extension 'ignore_ament_install'
[0.323s] Level 1:colcon.colcon_core.package_identification:_identify(src/teb_local_planner/teb_local_planner) by extensions ['colcon_pkg']
[0.323s] Level 1:colcon.colcon_core.package_identification:_identify(src/teb_local_planner/teb_local_planner) by extension 'colcon_pkg'
[0.323s] Level 1:colcon.colcon_core.package_identification:_identify(src/teb_local_planner/teb_local_planner) by extensions ['colcon_meta']
[0.323s] Level 1:colcon.colcon_core.package_identification:_identify(src/teb_local_planner/teb_local_planner) by extension 'colcon_meta'
[0.323s] Level 1:colcon.colcon_core.package_identification:_identify(src/teb_local_planner/teb_local_planner) by extensions ['ros']
[0.323s] Level 1:colcon.colcon_core.package_identification:_identify(src/teb_local_planner/teb_local_planner) by extension 'ros'
[0.324s] DEBUG:colcon.colcon_core.package_identification:Package 'src/teb_local_planner/teb_local_planner' with type 'ros.ament_cmake' and name 'teb_local_planner'
[0.324s] Level 1:colcon.colcon_core.package_identification:_identify(src/teb_local_planner/teb_msgs) by extensions ['ignore', 'ignore_ament_install']
[0.324s] Level 1:colcon.colcon_core.package_identification:_identify(src/teb_local_planner/teb_msgs) by extension 'ignore'
[0.324s] Level 1:colcon.colcon_core.package_identification:_identify(src/teb_local_planner/teb_msgs) by extension 'ignore_ament_install'
[0.324s] Level 1:colcon.colcon_core.package_identification:_identify(src/teb_local_planner/teb_msgs) by extensions ['colcon_pkg']
[0.324s] Level 1:colcon.colcon_core.package_identification:_identify(src/teb_local_planner/teb_msgs) by extension 'colcon_pkg'
[0.324s] Level 1:colcon.colcon_core.package_identification:_identify(src/teb_local_planner/teb_msgs) by extensions ['colcon_meta']
[0.324s] Level 1:colcon.colcon_core.package_identification:_identify(src/teb_local_planner/teb_msgs) by extension 'colcon_meta'
[0.324s] Level 1:colcon.colcon_core.package_identification:_identify(src/teb_local_planner/teb_msgs) by extensions ['ros']
[0.324s] Level 1:colcon.colcon_core.package_identification:_identify(src/teb_local_planner/teb_msgs) by extension 'ros'
[0.324s] DEBUG:colcon.colcon_core.package_identification:Package 'src/teb_local_planner/teb_msgs' with type 'ros.ament_cmake' and name 'teb_msgs'
[0.324s] Level 1:colcon.colcon_core.package_identification:_identify(src/ydlidar_ros2_driver) by extensions ['ignore', 'ignore_ament_install']
[0.324s] Level 1:colcon.colcon_core.package_identification:_identify(src/ydlidar_ros2_driver) by extension 'ignore'
[0.324s] Level 1:colcon.colcon_core.package_identification:_identify(src/ydlidar_ros2_driver) by extension 'ignore_ament_install'
[0.324s] Level 1:colcon.colcon_core.package_identification:_identify(src/ydlidar_ros2_driver) by extensions ['colcon_pkg']
[0.325s] Level 1:colcon.colcon_core.package_identification:_identify(src/ydlidar_ros2_driver) by extension 'colcon_pkg'
[0.325s] Level 1:colcon.colcon_core.package_identification:_identify(src/ydlidar_ros2_driver) by extensions ['colcon_meta']
[0.325s] Level 1:colcon.colcon_core.package_identification:_identify(src/ydlidar_ros2_driver) by extension 'colcon_meta'
[0.325s] Level 1:colcon.colcon_core.package_identification:_identify(src/ydlidar_ros2_driver) by extensions ['ros']
[0.325s] Level 1:colcon.colcon_core.package_identification:_identify(src/ydlidar_ros2_driver) by extension 'ros'
[0.325s] DEBUG:colcon.colcon_core.package_identification:Package 'src/ydlidar_ros2_driver' with type 'ros.ament_cmake' and name 'ydlidar_ros2_driver'
[0.325s] Level 1:colcon.colcon_core.package_identification:_identify(src/yolov5_ros2) by extensions ['ignore', 'ignore_ament_install']
[0.325s] Level 1:colcon.colcon_core.package_identification:_identify(src/yolov5_ros2) by extension 'ignore'
[0.325s] Level 1:colcon.colcon_core.package_identification:_identify(src/yolov5_ros2) by extension 'ignore_ament_install'
[0.325s] Level 1:colcon.colcon_core.package_identification:_identify(src/yolov5_ros2) by extensions ['colcon_pkg']
[0.325s] Level 1:colcon.colcon_core.package_identification:_identify(src/yolov5_ros2) by extension 'colcon_pkg'
[0.325s] Level 1:colcon.colcon_core.package_identification:_identify(src/yolov5_ros2) by extensions ['colcon_meta']
[0.325s] Level 1:colcon.colcon_core.package_identification:_identify(src/yolov5_ros2) by extension 'colcon_meta'
[0.325s] Level 1:colcon.colcon_core.package_identification:_identify(src/yolov5_ros2) by extensions ['ros']
[0.325s] Level 1:colcon.colcon_core.package_identification:_identify(src/yolov5_ros2) by extension 'ros'
[0.325s] DEBUG:colcon.colcon_core.package_identification:Package 'src/yolov5_ros2' with type 'ros.ament_python' and name 'yolov5_ros2'
[0.325s] Level 1:colcon.colcon_core.package_discovery:discover_packages(recursive) using defaults
[0.325s] Level 1:colcon.colcon_core.package_discovery:discover_packages(ignore) discover
[0.325s] Level 1:colcon.colcon_core.package_discovery:discover_packages(ignore) using defaults
[0.325s] Level 1:colcon.colcon_core.package_discovery:discover_packages(path) discover
[0.325s] Level 1:colcon.colcon_core.package_discovery:discover_packages(path) using defaults
[0.365s] Level 1:colcon.colcon_core.package_discovery:discover_packages(prefix_path) check parameters
[0.365s] Level 1:colcon.colcon_core.package_discovery:discover_packages(prefix_path) discover
[0.368s] Level 1:colcon.colcon_core.package_discovery:discover_packages(prefix_path) using defaults
[0.374s] Level 5:colcon.colcon_core.verb:set package 'aruco' build argument 'cmake_args' from command line to 'None'
[0.375s] Level 5:colcon.colcon_core.verb:set package 'aruco' build argument 'cmake_target' from command line to 'None'
[0.375s] Level 5:colcon.colcon_core.verb:set package 'aruco' build argument 'cmake_target_skip_unavailable' from command line to 'False'
[0.375s] Level 5:colcon.colcon_core.verb:set package 'aruco' build argument 'cmake_clean_cache' from command line to 'False'
[0.375s] Level 5:colcon.colcon_core.verb:set package 'aruco' build argument 'cmake_clean_first' from command line to 'False'
[0.375s] Level 5:colcon.colcon_core.verb:set package 'aruco' build argument 'cmake_force_configure' from command line to 'False'
[0.375s] Level 5:colcon.colcon_core.verb:set package 'aruco' build argument 'ament_cmake_args' from command line to 'None'
[0.375s] Level 5:colcon.colcon_core.verb:set package 'aruco' build argument 'catkin_cmake_args' from command line to 'None'
[0.375s] Level 5:colcon.colcon_core.verb:set package 'aruco' build argument 'catkin_skip_building_tests' from command line to 'False'
[0.375s] DEBUG:colcon.colcon_core.verb:Building package 'aruco' with the following arguments: {'ament_cmake_args': None, 'build_base': '/home/agilex/agilex_ws/build/aruco', 'catkin_cmake_args': None, 'catkin_skip_building_tests': False, 'cmake_args': None, 'cmake_clean_cache': False, 'cmake_clean_first': False, 'cmake_force_configure': False, 'cmake_target': None, 'cmake_target_skip_unavailable': False, 'install_base': '/home/agilex/agilex_ws/install/aruco', 'merge_install': False, 'path': '/home/agilex/agilex_ws/src/aruco_ros/aruco', 'symlink_install': False, 'test_result_base': None}
[0.378s] Level 5:colcon.colcon_core.verb:set package 'aruco_msgs' build argument 'cmake_args' from command line to 'None'
[0.378s] Level 5:colcon.colcon_core.verb:set package 'aruco_msgs' build argument 'cmake_target' from command line to 'None'
[0.378s] Level 5:colcon.colcon_core.verb:set package 'aruco_msgs' build argument 'cmake_target_skip_unavailable' from command line to 'False'
[0.378s] Level 5:colcon.colcon_core.verb:set package 'aruco_msgs' build argument 'cmake_clean_cache' from command line to 'False'
[0.378s] Level 5:colcon.colcon_core.verb:set package 'aruco_msgs' build argument 'cmake_clean_first' from command line to 'False'
[0.378s] Level 5:colcon.colcon_core.verb:set package 'aruco_msgs' build argument 'cmake_force_configure' from command line to 'False'
[0.378s] Level 5:colcon.colcon_core.verb:set package 'aruco_msgs' build argument 'ament_cmake_args' from command line to 'None'
[0.378s] Level 5:colcon.colcon_core.verb:set package 'aruco_msgs' build argument 'catkin_cmake_args' from command line to 'None'
[0.378s] Level 5:colcon.colcon_core.verb:set package 'aruco_msgs' build argument 'catkin_skip_building_tests' from command line to 'False'
[0.378s] DEBUG:colcon.colcon_core.verb:Building package 'aruco_msgs' with the following arguments: {'ament_cmake_args': None, 'build_base': '/home/agilex/agilex_ws/build/aruco_msgs', 'catkin_cmake_args': None, 'catkin_skip_building_tests': False, 'cmake_args': None, 'cmake_clean_cache': False, 'cmake_clean_first': False, 'cmake_force_configure': False, 'cmake_target': None, 'cmake_target_skip_unavailable': False, 'install_base': '/home/agilex/agilex_ws/install/aruco_msgs', 'merge_install': False, 'path': '/home/agilex/agilex_ws/src/aruco_ros/aruco_msgs', 'symlink_install': False, 'test_result_base': None}
[0.381s] Level 5:colcon.colcon_core.verb:set package 'costmap_converter_msgs' build argument 'cmake_args' from command line to 'None'
[0.381s] Level 5:colcon.colcon_core.verb:set package 'costmap_converter_msgs' build argument 'cmake_target' from command line to 'None'
[0.381s] Level 5:colcon.colcon_core.verb:set package 'costmap_converter_msgs' build argument 'cmake_target_skip_unavailable' from command line to 'False'
[0.381s] Level 5:colcon.colcon_core.verb:set package 'costmap_converter_msgs' build argument 'cmake_clean_cache' from command line to 'False'
[0.381s] Level 5:colcon.colcon_core.verb:set package 'costmap_converter_msgs' build argument 'cmake_clean_first' from command line to 'False'
[0.381s] Level 5:colcon.colcon_core.verb:set package 'costmap_converter_msgs' build argument 'cmake_force_configure' from command line to 'False'
[0.381s] Level 5:colcon.colcon_core.verb:set package 'costmap_converter_msgs' build argument 'ament_cmake_args' from command line to 'None'
[0.381s] Level 5:colcon.colcon_core.verb:set package 'costmap_converter_msgs' build argument 'catkin_cmake_args' from command line to 'None'
[0.381s] Level 5:colcon.colcon_core.verb:set package 'costmap_converter_msgs' build argument 'catkin_skip_building_tests' from command line to 'False'
[0.381s] DEBUG:colcon.colcon_core.verb:Building package 'costmap_converter_msgs' with the following arguments: {'ament_cmake_args': None, 'build_base': '/home/agilex/agilex_ws/build/costmap_converter_msgs', 'catkin_cmake_args': None, 'catkin_skip_building_tests': False, 'cmake_args': None, 'cmake_clean_cache': False, 'cmake_clean_first': False, 'cmake_force_configure': False, 'cmake_target': None, 'cmake_target_skip_unavailable': False, 'install_base': '/home/agilex/agilex_ws/install/costmap_converter_msgs', 'merge_install': False, 'path': '/home/agilex/agilex_ws/src/costmap_converter/costmap_converter_msgs', 'symlink_install': False, 'test_result_base': None}
[0.384s] Level 5:colcon.colcon_core.verb:set package 'csm' build argument 'cmake_args' from command line to 'None'
[0.384s] Level 5:colcon.colcon_core.verb:set package 'csm' build argument 'cmake_target' from command line to 'None'
[0.384s] Level 5:colcon.colcon_core.verb:set package 'csm' build argument 'cmake_target_skip_unavailable' from command line to 'False'
[0.384s] Level 5:colcon.colcon_core.verb:set package 'csm' build argument 'cmake_clean_cache' from command line to 'False'
[0.384s] Level 5:colcon.colcon_core.verb:set package 'csm' build argument 'cmake_clean_first' from command line to 'False'
[0.384s] Level 5:colcon.colcon_core.verb:set package 'csm' build argument 'cmake_force_configure' from command line to 'False'
[0.384s] Level 5:colcon.colcon_core.verb:set package 'csm' build argument 'ament_cmake_args' from command line to 'None'
[0.384s] Level 5:colcon.colcon_core.verb:set package 'csm' build argument 'catkin_cmake_args' from command line to 'None'
[0.384s] Level 5:colcon.colcon_core.verb:set package 'csm' build argument 'catkin_skip_building_tests' from command line to 'False'
[0.384s] DEBUG:colcon.colcon_core.verb:Building package 'csm' with the following arguments: {'ament_cmake_args': None, 'build_base': '/home/agilex/agilex_ws/build/csm', 'catkin_cmake_args': None, 'catkin_skip_building_tests': False, 'cmake_args': None, 'cmake_clean_cache': False, 'cmake_clean_first': False, 'cmake_force_configure': False, 'cmake_target': None, 'cmake_target_skip_unavailable': False, 'install_base': '/home/agilex/agilex_ws/install/csm', 'merge_install': False, 'path': '/home/agilex/agilex_ws/src/csm', 'symlink_install': False, 'test_result_base': None}
[0.387s] Level 5:colcon.colcon_core.verb:set package 'limo_car' build argument 'cmake_args' from command line to 'None'
[0.387s] Level 5:colcon.colcon_core.verb:set package 'limo_car' build argument 'cmake_target' from command line to 'None'
[0.387s] Level 5:colcon.colcon_core.verb:set package 'limo_car' build argument 'cmake_target_skip_unavailable' from command line to 'False'
[0.387s] Level 5:colcon.colcon_core.verb:set package 'limo_car' build argument 'cmake_clean_cache' from command line to 'False'
[0.387s] Level 5:colcon.colcon_core.verb:set package 'limo_car' build argument 'cmake_clean_first' from command line to 'False'
[0.387s] Level 5:colcon.colcon_core.verb:set package 'limo_car' build argument 'cmake_force_configure' from command line to 'False'
[0.387s] Level 5:colcon.colcon_core.verb:set package 'limo_car' build argument 'ament_cmake_args' from command line to 'None'
[0.387s] Level 5:colcon.colcon_core.verb:set package 'limo_car' build argument 'catkin_cmake_args' from command line to 'None'
[0.387s] Level 5:colcon.colcon_core.verb:set package 'limo_car' build argument 'catkin_skip_building_tests' from command line to 'False'
[0.387s] DEBUG:colcon.colcon_core.verb:Building package 'limo_car' with the following arguments: {'ament_cmake_args': None, 'build_base': '/home/agilex/agilex_ws/build/limo_car', 'catkin_cmake_args': None, 'catkin_skip_building_tests': False, 'cmake_args': None, 'cmake_clean_cache': False, 'cmake_clean_first': False, 'cmake_force_configure': False, 'cmake_target': None, 'cmake_target_skip_unavailable': False, 'install_base': '/home/agilex/agilex_ws/install/limo_car', 'merge_install': False, 'path': '/home/agilex/agilex_ws/src/limo_car', 'symlink_install': False, 'test_result_base': None}
[0.390s] Level 5:colcon.colcon_core.verb:set package 'limo_description' build argument 'cmake_args' from command line to 'None'
[0.390s] Level 5:colcon.colcon_core.verb:set package 'limo_description' build argument 'cmake_target' from command line to 'None'
[0.390s] Level 5:colcon.colcon_core.verb:set package 'limo_description' build argument 'cmake_target_skip_unavailable' from command line to 'False'
[0.390s] Level 5:colcon.colcon_core.verb:set package 'limo_description' build argument 'cmake_clean_cache' from command line to 'False'
[0.390s] Level 5:colcon.colcon_core.verb:set package 'limo_description' build argument 'cmake_clean_first' from command line to 'False'
[0.390s] Level 5:colcon.colcon_core.verb:set package 'limo_description' build argument 'cmake_force_configure' from command line to 'False'
[0.390s] Level 5:colcon.colcon_core.verb:set package 'limo_description' build argument 'ament_cmake_args' from command line to 'None'
[0.390s] Level 5:colcon.colcon_core.verb:set package 'limo_description' build argument 'catkin_cmake_args' from command line to 'None'
[0.390s] Level 5:colcon.colcon_core.verb:set package 'limo_description' build argument 'catkin_skip_building_tests' from command line to 'False'
[0.390s] DEBUG:colcon.colcon_core.verb:Building package 'limo_description' with the following arguments: {'ament_cmake_args': None, 'build_base': '/home/agilex/agilex_ws/build/limo_description', 'catkin_cmake_args': None, 'catkin_skip_building_tests': False, 'cmake_args': None, 'cmake_clean_cache': False, 'cmake_clean_first': False, 'cmake_force_configure': False, 'cmake_target': None, 'cmake_target_skip_unavailable': False, 'install_base': '/home/agilex/agilex_ws/install/limo_description', 'merge_install': False, 'path': '/home/agilex/agilex_ws/src/limo_ros2/limo_description', 'symlink_install': False, 'test_result_base': None}
[0.393s] Level 5:colcon.colcon_core.verb:set package 'limo_msgs' build argument 'cmake_args' from command line to 'None'
[0.393s] Level 5:colcon.colcon_core.verb:set package 'limo_msgs' build argument 'cmake_target' from command line to 'None'
[0.393s] Level 5:colcon.colcon_core.verb:set package 'limo_msgs' build argument 'cmake_target_skip_unavailable' from command line to 'False'
[0.393s] Level 5:colcon.colcon_core.verb:set package 'limo_msgs' build argument 'cmake_clean_cache' from command line to 'False'
[0.393s] Level 5:colcon.colcon_core.verb:set package 'limo_msgs' build argument 'cmake_clean_first' from command line to 'False'
[0.393s] Level 5:colcon.colcon_core.verb:set package 'limo_msgs' build argument 'cmake_force_configure' from command line to 'False'
[0.393s] Level 5:colcon.colcon_core.verb:set package 'limo_msgs' build argument 'ament_cmake_args' from command line to 'None'
[0.393s] Level 5:colcon.colcon_core.verb:set package 'limo_msgs' build argument 'catkin_cmake_args' from command line to 'None'
[0.393s] Level 5:colcon.colcon_core.verb:set package 'limo_msgs' build argument 'catkin_skip_building_tests' from command line to 'False'
[0.393s] DEBUG:colcon.colcon_core.verb:Building package 'limo_msgs' with the following arguments: {'ament_cmake_args': None, 'build_base': '/home/agilex/agilex_ws/build/limo_msgs', 'catkin_cmake_args': None, 'catkin_skip_building_tests': False, 'cmake_args': None, 'cmake_clean_cache': False, 'cmake_clean_first': False, 'cmake_force_configure': False, 'cmake_target': None, 'cmake_target_skip_unavailable': False, 'install_base': '/home/agilex/agilex_ws/install/limo_msgs', 'merge_install': False, 'path': '/home/agilex/agilex_ws/src/limo_ros2/limo_msgs', 'symlink_install': False, 'test_result_base': None}
[0.396s] Level 5:colcon.colcon_core.verb:set package 'limo_visions' build argument 'cmake_args' from command line to 'None'
[0.396s] Level 5:colcon.colcon_core.verb:set package 'limo_visions' build argument 'cmake_target' from command line to 'None'
[0.396s] Level 5:colcon.colcon_core.verb:set package 'limo_visions' build argument 'cmake_target_skip_unavailable' from command line to 'False'
[0.396s] Level 5:colcon.colcon_core.verb:set package 'limo_visions' build argument 'cmake_clean_cache' from command line to 'False'
[0.396s] Level 5:colcon.colcon_core.verb:set package 'limo_visions' build argument 'cmake_clean_first' from command line to 'False'
[0.396s] Level 5:colcon.colcon_core.verb:set package 'limo_visions' build argument 'cmake_force_configure' from command line to 'False'
[0.396s] Level 5:colcon.colcon_core.verb:set package 'limo_visions' build argument 'ament_cmake_args' from command line to 'None'
[0.396s] Level 5:colcon.colcon_core.verb:set package 'limo_visions' build argument 'catkin_cmake_args' from command line to 'None'
[0.396s] Level 5:colcon.colcon_core.verb:set package 'limo_visions' build argument 'catkin_skip_building_tests' from command line to 'False'
[0.396s] DEBUG:colcon.colcon_core.verb:Building package 'limo_visions' with the following arguments: {'ament_cmake_args': None, 'build_base': '/home/agilex/agilex_ws/build/limo_visions', 'catkin_cmake_args': None, 'catkin_skip_building_tests': False, 'cmake_args': None, 'cmake_clean_cache': False, 'cmake_clean_first': False, 'cmake_force_configure': False, 'cmake_target': None, 'cmake_target_skip_unavailable': False, 'install_base': '/home/agilex/agilex_ws/install/limo_visions', 'merge_install': False, 'path': '/home/agilex/agilex_ws/src/limo_visions', 'symlink_install': False, 'test_result_base': None}
[0.399s] Level 5:colcon.colcon_core.verb:set package 'nav2_common' build argument 'cmake_args' from command line to 'None'
[0.399s] Level 5:colcon.colcon_core.verb:set package 'nav2_common' build argument 'cmake_target' from command line to 'None'
[0.399s] Level 5:colcon.colcon_core.verb:set package 'nav2_common' build argument 'cmake_target_skip_unavailable' from command line to 'False'
[0.399s] Level 5:colcon.colcon_core.verb:set package 'nav2_common' build argument 'cmake_clean_cache' from command line to 'False'
[0.399s] Level 5:colcon.colcon_core.verb:set package 'nav2_common' build argument 'cmake_clean_first' from command line to 'False'
[0.399s] Level 5:colcon.colcon_core.verb:set package 'nav2_common' build argument 'cmake_force_configure' from command line to 'False'
[0.399s] Level 5:colcon.colcon_core.verb:set package 'nav2_common' build argument 'ament_cmake_args' from command line to 'None'
[0.399s] Level 5:colcon.colcon_core.verb:set package 'nav2_common' build argument 'catkin_cmake_args' from command line to 'None'
[0.399s] Level 5:colcon.colcon_core.verb:set package 'nav2_common' build argument 'catkin_skip_building_tests' from command line to 'False'
[0.399s] DEBUG:colcon.colcon_core.verb:Building package 'nav2_common' with the following arguments: {'ament_cmake_args': None, 'build_base': '/home/agilex/agilex_ws/build/nav2_common', 'catkin_cmake_args': None, 'catkin_skip_building_tests': False, 'cmake_args': None, 'cmake_clean_cache': False, 'cmake_clean_first': False, 'cmake_force_configure': False, 'cmake_target': None, 'cmake_target_skip_unavailable': False, 'install_base': '/home/agilex/agilex_ws/install/nav2_common', 'merge_install': False, 'path': '/home/agilex/agilex_ws/src/navigation2/nav2_common', 'symlink_install': False, 'test_result_base': None}
[0.402s] Level 5:colcon.colcon_core.verb:set package 'nav_2d_msgs' build argument 'cmake_args' from command line to 'None'
[0.402s] Level 5:colcon.colcon_core.verb:set package 'nav_2d_msgs' build argument 'cmake_target' from command line to 'None'
[0.402s] Level 5:colcon.colcon_core.verb:set package 'nav_2d_msgs' build argument 'cmake_target_skip_unavailable' from command line to 'False'
[0.402s] Level 5:colcon.colcon_core.verb:set package 'nav_2d_msgs' build argument 'cmake_clean_cache' from command line to 'False'
[0.402s] Level 5:colcon.colcon_core.verb:set package 'nav_2d_msgs' build argument 'cmake_clean_first' from command line to 'False'
[0.402s] Level 5:colcon.colcon_core.verb:set package 'nav_2d_msgs' build argument 'cmake_force_configure' from command line to 'False'
[0.402s] Level 5:colcon.colcon_core.verb:set package 'nav_2d_msgs' build argument 'ament_cmake_args' from command line to 'None'
[0.402s] Level 5:colcon.colcon_core.verb:set package 'nav_2d_msgs' build argument 'catkin_cmake_args' from command line to 'None'
[0.402s] Level 5:colcon.colcon_core.verb:set package 'nav_2d_msgs' build argument 'catkin_skip_building_tests' from command line to 'False'
[0.402s] DEBUG:colcon.colcon_core.verb:Building package 'nav_2d_msgs' with the following arguments: {'ament_cmake_args': None, 'build_base': '/home/agilex/agilex_ws/build/nav_2d_msgs', 'catkin_cmake_args': None, 'catkin_skip_building_tests': False, 'cmake_args': None, 'cmake_clean_cache': False, 'cmake_clean_first': False, 'cmake_force_configure': False, 'cmake_target': None, 'cmake_target_skip_unavailable': False, 'install_base': '/home/agilex/agilex_ws/install/nav_2d_msgs', 'merge_install': False, 'path': '/home/agilex/agilex_ws/src/navigation2/nav2_dwb_controller/nav_2d_msgs', 'symlink_install': False, 'test_result_base': None}
[0.405s] Level 5:colcon.colcon_core.verb:set package 'orbbec_camera_msgs' build argument 'cmake_args' from command line to 'None'
[0.405s] Level 5:colcon.colcon_core.verb:set package 'orbbec_camera_msgs' build argument 'cmake_target' from command line to 'None'
[0.405s] Level 5:colcon.colcon_core.verb:set package 'orbbec_camera_msgs' build argument 'cmake_target_skip_unavailable' from command line to 'False'
[0.405s] Level 5:colcon.colcon_core.verb:set package 'orbbec_camera_msgs' build argument 'cmake_clean_cache' from command line to 'False'
[0.405s] Level 5:colcon.colcon_core.verb:set package 'orbbec_camera_msgs' build argument 'cmake_clean_first' from command line to 'False'
[0.405s] Level 5:colcon.colcon_core.verb:set package 'orbbec_camera_msgs' build argument 'cmake_force_configure' from command line to 'False'
[0.405s] Level 5:colcon.colcon_core.verb:set package 'orbbec_camera_msgs' build argument 'ament_cmake_args' from command line to 'None'
[0.405s] Level 5:colcon.colcon_core.verb:set package 'orbbec_camera_msgs' build argument 'catkin_cmake_args' from command line to 'None'
[0.405s] Level 5:colcon.colcon_core.verb:set package 'orbbec_camera_msgs' build argument 'catkin_skip_building_tests' from command line to 'False'
[0.405s] DEBUG:colcon.colcon_core.verb:Building package 'orbbec_camera_msgs' with the following arguments: {'ament_cmake_args': None, 'build_base': '/home/agilex/agilex_ws/build/orbbec_camera_msgs', 'catkin_cmake_args': None, 'catkin_skip_building_tests': False, 'cmake_args': None, 'cmake_clean_cache': False, 'cmake_clean_first': False, 'cmake_force_configure': False, 'cmake_target': None, 'cmake_target_skip_unavailable': False, 'install_base': '/home/agilex/agilex_ws/install/orbbec_camera_msgs', 'merge_install': False, 'path': '/home/agilex/agilex_ws/src/OrbbecSDK_ROS2/orbbec_camera_msgs', 'symlink_install': False, 'test_result_base': None}
[0.408s] Level 5:colcon.colcon_core.verb:set package 'orbbec_description' build argument 'cmake_args' from command line to 'None'
[0.408s] Level 5:colcon.colcon_core.verb:set package 'orbbec_description' build argument 'cmake_target' from command line to 'None'
[0.408s] Level 5:colcon.colcon_core.verb:set package 'orbbec_description' build argument 'cmake_target_skip_unavailable' from command line to 'False'
[0.408s] Level 5:colcon.colcon_core.verb:set package 'orbbec_description' build argument 'cmake_clean_cache' from command line to 'False'
[0.408s] Level 5:colcon.colcon_core.verb:set package 'orbbec_description' build argument 'cmake_clean_first' from command line to 'False'
[0.408s] Level 5:colcon.colcon_core.verb:set package 'orbbec_description' build argument 'cmake_force_configure' from command line to 'False'
[0.408s] Level 5:colcon.colcon_core.verb:set package 'orbbec_description' build argument 'ament_cmake_args' from command line to 'None'
[0.408s] Level 5:colcon.colcon_core.verb:set package 'orbbec_description' build argument 'catkin_cmake_args' from command line to 'None'
[0.408s] Level 5:colcon.colcon_core.verb:set package 'orbbec_description' build argument 'catkin_skip_building_tests' from command line to 'False'
[0.408s] DEBUG:colcon.colcon_core.verb:Building package 'orbbec_description' with the following arguments: {'ament_cmake_args': None, 'build_base': '/home/agilex/agilex_ws/build/orbbec_description', 'catkin_cmake_args': None, 'catkin_skip_building_tests': False, 'cmake_args': None, 'cmake_clean_cache': False, 'cmake_clean_first': False, 'cmake_force_configure': False, 'cmake_target': None, 'cmake_target_skip_unavailable': False, 'install_base': '/home/agilex/agilex_ws/install/orbbec_description', 'merge_install': False, 'path': '/home/agilex/agilex_ws/src/OrbbecSDK_ROS2/orbbec_description', 'symlink_install': False, 'test_result_base': None}
[0.411s] Level 5:colcon.colcon_core.verb:set package 'rf2o_laser_odometry' build argument 'cmake_args' from command line to 'None'
[0.411s] Level 5:colcon.colcon_core.verb:set package 'rf2o_laser_odometry' build argument 'cmake_target' from command line to 'None'
[0.411s] Level 5:colcon.colcon_core.verb:set package 'rf2o_laser_odometry' build argument 'cmake_target_skip_unavailable' from command line to 'False'
[0.411s] Level 5:colcon.colcon_core.verb:set package 'rf2o_laser_odometry' build argument 'cmake_clean_cache' from command line to 'False'
[0.411s] Level 5:colcon.colcon_core.verb:set package 'rf2o_laser_odometry' build argument 'cmake_clean_first' from command line to 'False'
[0.411s] Level 5:colcon.colcon_core.verb:set package 'rf2o_laser_odometry' build argument 'cmake_force_configure' from command line to 'False'
[0.411s] Level 5:colcon.colcon_core.verb:set package 'rf2o_laser_odometry' build argument 'ament_cmake_args' from command line to 'None'
[0.411s] Level 5:colcon.colcon_core.verb:set package 'rf2o_laser_odometry' build argument 'catkin_cmake_args' from command line to 'None'
[0.411s] Level 5:colcon.colcon_core.verb:set package 'rf2o_laser_odometry' build argument 'catkin_skip_building_tests' from command line to 'False'
[0.411s] DEBUG:colcon.colcon_core.verb:Building package 'rf2o_laser_odometry' with the following arguments: {'ament_cmake_args': None, 'build_base': '/home/agilex/agilex_ws/build/rf2o_laser_odometry', 'catkin_cmake_args': None, 'catkin_skip_building_tests': False, 'cmake_args': None, 'cmake_clean_cache': False, 'cmake_clean_first': False, 'cmake_force_configure': False, 'cmake_target': None, 'cmake_target_skip_unavailable': False, 'install_base': '/home/agilex/agilex_ws/install/rf2o_laser_odometry', 'merge_install': False, 'path': '/home/agilex/agilex_ws/src/rf2o_laser_odometry', 'symlink_install': False, 'test_result_base': None}
[0.414s] Level 5:colcon.colcon_core.verb:set package 'ydlidar_ros2_driver' build argument 'cmake_args' from command line to 'None'
[0.414s] Level 5:colcon.colcon_core.verb:set package 'ydlidar_ros2_driver' build argument 'cmake_target' from command line to 'None'
[0.414s] Level 5:colcon.colcon_core.verb:set package 'ydlidar_ros2_driver' build argument 'cmake_target_skip_unavailable' from command line to 'False'
[0.414s] Level 5:colcon.colcon_core.verb:set package 'ydlidar_ros2_driver' build argument 'cmake_clean_cache' from command line to 'False'
[0.414s] Level 5:colcon.colcon_core.verb:set package 'ydlidar_ros2_driver' build argument 'cmake_clean_first' from command line to 'False'
[0.414s] Level 5:colcon.colcon_core.verb:set package 'ydlidar_ros2_driver' build argument 'cmake_force_configure' from command line to 'False'
[0.414s] Level 5:colcon.colcon_core.verb:set package 'ydlidar_ros2_driver' build argument 'ament_cmake_args' from command line to 'None'
[0.414s] Level 5:colcon.colcon_core.verb:set package 'ydlidar_ros2_driver' build argument 'catkin_cmake_args' from command line to 'None'
[0.414s] Level 5:colcon.colcon_core.verb:set package 'ydlidar_ros2_driver' build argument 'catkin_skip_building_tests' from command line to 'False'
[0.414s] DEBUG:colcon.colcon_core.verb:Building package 'ydlidar_ros2_driver' with the following arguments: {'ament_cmake_args': None, 'build_base': '/home/agilex/agilex_ws/build/ydlidar_ros2_driver', 'catkin_cmake_args': None, 'catkin_skip_building_tests': False, 'cmake_args': None, 'cmake_clean_cache': False, 'cmake_clean_first': False, 'cmake_force_configure': False, 'cmake_target': None, 'cmake_target_skip_unavailable': False, 'install_base': '/home/agilex/agilex_ws/install/ydlidar_ros2_driver', 'merge_install': False, 'path': '/home/agilex/agilex_ws/src/ydlidar_ros2_driver', 'symlink_install': False, 'test_result_base': None}
[0.417s] Level 5:colcon.colcon_core.verb:set package 'ydlidar_sdk' build argument 'cmake_args' from command line to 'None'
[0.417s] Level 5:colcon.colcon_core.verb:set package 'ydlidar_sdk' build argument 'cmake_target' from command line to 'None'
[0.417s] Level 5:colcon.colcon_core.verb:set package 'ydlidar_sdk' build argument 'cmake_target_skip_unavailable' from command line to 'False'
[0.417s] Level 5:colcon.colcon_core.verb:set package 'ydlidar_sdk' build argument 'cmake_clean_cache' from command line to 'False'
[0.417s] Level 5:colcon.colcon_core.verb:set package 'ydlidar_sdk' build argument 'cmake_clean_first' from command line to 'False'
[0.417s] Level 5:colcon.colcon_core.verb:set package 'ydlidar_sdk' build argument 'cmake_force_configure' from command line to 'False'
[0.417s] Level 5:colcon.colcon_core.verb:set package 'ydlidar_sdk' build argument 'ament_cmake_args' from command line to 'None'
[0.417s] Level 5:colcon.colcon_core.verb:set package 'ydlidar_sdk' build argument 'catkin_cmake_args' from command line to 'None'
[0.417s] Level 5:colcon.colcon_core.verb:set package 'ydlidar_sdk' build argument 'catkin_skip_building_tests' from command line to 'False'
[0.417s] DEBUG:colcon.colcon_core.verb:Building package 'ydlidar_sdk' with the following arguments: {'ament_cmake_args': None, 'build_base': '/home/agilex/agilex_ws/build/ydlidar_sdk', 'catkin_cmake_args': None, 'catkin_skip_building_tests': False, 'cmake_args': None, 'cmake_clean_cache': False, 'cmake_clean_first': False, 'cmake_force_configure': False, 'cmake_target': None, 'cmake_target_skip_unavailable': False, 'install_base': '/home/agilex/agilex_ws/install/ydlidar_sdk', 'merge_install': False, 'path': '/home/agilex/agilex_ws/src/YDLidar-SDK', 'symlink_install': False, 'test_result_base': None}
[0.420s] Level 5:colcon.colcon_core.verb:set package 'yolov5_ros2' build argument 'cmake_args' from command line to 'None'
[0.420s] Level 5:colcon.colcon_core.verb:set package 'yolov5_ros2' build argument 'cmake_target' from command line to 'None'
[0.420s] Level 5:colcon.colcon_core.verb:set package 'yolov5_ros2' build argument 'cmake_target_skip_unavailable' from command line to 'False'
[0.420s] Level 5:colcon.colcon_core.verb:set package 'yolov5_ros2' build argument 'cmake_clean_cache' from command line to 'False'
[0.420s] Level 5:colcon.colcon_core.verb:set package 'yolov5_ros2' build argument 'cmake_clean_first' from command line to 'False'
[0.420s] Level 5:colcon.colcon_core.verb:set package 'yolov5_ros2' build argument 'cmake_force_configure' from command line to 'False'
[0.420s] Level 5:colcon.colcon_core.verb:set package 'yolov5_ros2' build argument 'ament_cmake_args' from command line to 'None'
[0.420s] Level 5:colcon.colcon_core.verb:set package 'yolov5_ros2' build argument 'catkin_cmake_args' from command line to 'None'
[0.420s] Level 5:colcon.colcon_core.verb:set package 'yolov5_ros2' build argument 'catkin_skip_building_tests' from command line to 'False'
[0.420s] DEBUG:colcon.colcon_core.verb:Building package 'yolov5_ros2' with the following arguments: {'ament_cmake_args': None, 'build_base': '/home/agilex/agilex_ws/build/yolov5_ros2', 'catkin_cmake_args': None, 'catkin_skip_building_tests': False, 'cmake_args': None, 'cmake_clean_cache': False, 'cmake_clean_first': False, 'cmake_force_configure': False, 'cmake_target': None, 'cmake_target_skip_unavailable': False, 'install_base': '/home/agilex/agilex_ws/install/yolov5_ros2', 'merge_install': False, 'path': '/home/agilex/agilex_ws/src/yolov5_ros2', 'symlink_install': False, 'test_result_base': None}
[0.423s] Level 5:colcon.colcon_core.verb:set package 'aruco_ros' build argument 'cmake_args' from command line to 'None'
[0.423s] Level 5:colcon.colcon_core.verb:set package 'aruco_ros' build argument 'cmake_target' from command line to 'None'
[0.423s] Level 5:colcon.colcon_core.verb:set package 'aruco_ros' build argument 'cmake_target_skip_unavailable' from command line to 'False'
[0.423s] Level 5:colcon.colcon_core.verb:set package 'aruco_ros' build argument 'cmake_clean_cache' from command line to 'False'
[0.423s] Level 5:colcon.colcon_core.verb:set package 'aruco_ros' build argument 'cmake_clean_first' from command line to 'False'
[0.423s] Level 5:colcon.colcon_core.verb:set package 'aruco_ros' build argument 'cmake_force_configure' from command line to 'False'
[0.423s] Level 5:colcon.colcon_core.verb:set package 'aruco_ros' build argument 'ament_cmake_args' from command line to 'None'
[0.423s] Level 5:colcon.colcon_core.verb:set package 'aruco_ros' build argument 'catkin_cmake_args' from command line to 'None'
[0.423s] Level 5:colcon.colcon_core.verb:set package 'aruco_ros' build argument 'catkin_skip_building_tests' from command line to 'False'
[0.423s] DEBUG:colcon.colcon_core.verb:Building package 'aruco_ros' with the following arguments: {'ament_cmake_args': None, 'build_base': '/home/agilex/agilex_ws/build/aruco_ros', 'catkin_cmake_args': None, 'catkin_skip_building_tests': False, 'cmake_args': None, 'cmake_clean_cache': False, 'cmake_clean_first': False, 'cmake_force_configure': False, 'cmake_target': None, 'cmake_target_skip_unavailable': False, 'install_base': '/home/agilex/agilex_ws/install/aruco_ros', 'merge_install': False, 'path': '/home/agilex/agilex_ws/src/aruco_ros/aruco_ros', 'symlink_install': False, 'test_result_base': None}
[0.426s] Level 5:colcon.colcon_core.verb:set package 'dwb_msgs' build argument 'cmake_args' from command line to 'None'
[0.426s] Level 5:colcon.colcon_core.verb:set package 'dwb_msgs' build argument 'cmake_target' from command line to 'None'
[0.426s] Level 5:colcon.colcon_core.verb:set package 'dwb_msgs' build argument 'cmake_target_skip_unavailable' from command line to 'False'
[0.426s] Level 5:colcon.colcon_core.verb:set package 'dwb_msgs' build argument 'cmake_clean_cache' from command line to 'False'
[0.426s] Level 5:colcon.colcon_core.verb:set package 'dwb_msgs' build argument 'cmake_clean_first' from command line to 'False'
[0.426s] Level 5:colcon.colcon_core.verb:set package 'dwb_msgs' build argument 'cmake_force_configure' from command line to 'False'
[0.426s] Level 5:colcon.colcon_core.verb:set package 'dwb_msgs' build argument 'ament_cmake_args' from command line to 'None'
[0.426s] Level 5:colcon.colcon_core.verb:set package 'dwb_msgs' build argument 'catkin_cmake_args' from command line to 'None'
[0.426s] Level 5:colcon.colcon_core.verb:set package 'dwb_msgs' build argument 'catkin_skip_building_tests' from command line to 'False'
[0.426s] DEBUG:colcon.colcon_core.verb:Building package 'dwb_msgs' with the following arguments: {'ament_cmake_args': None, 'build_base': '/home/agilex/agilex_ws/build/dwb_msgs', 'catkin_cmake_args': None, 'catkin_skip_building_tests': False, 'cmake_args': None, 'cmake_clean_cache': False, 'cmake_clean_first': False, 'cmake_force_configure': False, 'cmake_target': None, 'cmake_target_skip_unavailable': False, 'install_base': '/home/agilex/agilex_ws/install/dwb_msgs', 'merge_install': False, 'path': '/home/agilex/agilex_ws/src/navigation2/nav2_dwb_controller/dwb_msgs', 'symlink_install': False, 'test_result_base': None}
[0.429s] Level 5:colcon.colcon_core.verb:set package 'limo_base' build argument 'cmake_args' from command line to 'None'
[0.429s] Level 5:colcon.colcon_core.verb:set package 'limo_base' build argument 'cmake_target' from command line to 'None'
[0.429s] Level 5:colcon.colcon_core.verb:set package 'limo_base' build argument 'cmake_target_skip_unavailable' from command line to 'False'
[0.429s] Level 5:colcon.colcon_core.verb:set package 'limo_base' build argument 'cmake_clean_cache' from command line to 'False'
[0.429s] Level 5:colcon.colcon_core.verb:set package 'limo_base' build argument 'cmake_clean_first' from command line to 'False'
[0.429s] Level 5:colcon.colcon_core.verb:set package 'limo_base' build argument 'cmake_force_configure' from command line to 'False'
[0.429s] Level 5:colcon.colcon_core.verb:set package 'limo_base' build argument 'ament_cmake_args' from command line to 'None'
[0.429s] Level 5:colcon.colcon_core.verb:set package 'limo_base' build argument 'catkin_cmake_args' from command line to 'None'
[0.429s] Level 5:colcon.colcon_core.verb:set package 'limo_base' build argument 'catkin_skip_building_tests' from command line to 'False'
[0.429s] DEBUG:colcon.colcon_core.verb:Building package 'limo_base' with the following arguments: {'ament_cmake_args': None, 'build_base': '/home/agilex/agilex_ws/build/limo_base', 'catkin_cmake_args': None, 'catkin_skip_building_tests': False, 'cmake_args': None, 'cmake_clean_cache': False, 'cmake_clean_first': False, 'cmake_force_configure': False, 'cmake_target': None, 'cmake_target_skip_unavailable': False, 'install_base': '/home/agilex/agilex_ws/install/limo_base', 'merge_install': False, 'path': '/home/agilex/agilex_ws/src/limo_ros2/limo_base', 'symlink_install': False, 'test_result_base': None}
[0.432s] Level 5:colcon.colcon_core.verb:set package 'nav2_msgs' build argument 'cmake_args' from command line to 'None'
[0.432s] Level 5:colcon.colcon_core.verb:set package 'nav2_msgs' build argument 'cmake_target' from command line to 'None'
[0.432s] Level 5:colcon.colcon_core.verb:set package 'nav2_msgs' build argument 'cmake_target_skip_unavailable' from command line to 'False'
[0.432s] Level 5:colcon.colcon_core.verb:set package 'nav2_msgs' build argument 'cmake_clean_cache' from command line to 'False'
[0.432s] Level 5:colcon.colcon_core.verb:set package 'nav2_msgs' build argument 'cmake_clean_first' from command line to 'False'
[0.432s] Level 5:colcon.colcon_core.verb:set package 'nav2_msgs' build argument 'cmake_force_configure' from command line to 'False'
[0.432s] Level 5:colcon.colcon_core.verb:set package 'nav2_msgs' build argument 'ament_cmake_args' from command line to 'None'
[0.432s] Level 5:colcon.colcon_core.verb:set package 'nav2_msgs' build argument 'catkin_cmake_args' from command line to 'None'
[0.432s] Level 5:colcon.colcon_core.verb:set package 'nav2_msgs' build argument 'catkin_skip_building_tests' from command line to 'False'
[0.432s] DEBUG:colcon.colcon_core.verb:Building package 'nav2_msgs' with the following arguments: {'ament_cmake_args': None, 'build_base': '/home/agilex/agilex_ws/build/nav2_msgs', 'catkin_cmake_args': None, 'catkin_skip_building_tests': False, 'cmake_args': None, 'cmake_clean_cache': False, 'cmake_clean_first': False, 'cmake_force_configure': False, 'cmake_target': None, 'cmake_target_skip_unavailable': False, 'install_base': '/home/agilex/agilex_ws/install/nav2_msgs', 'merge_install': False, 'path': '/home/agilex/agilex_ws/src/navigation2/nav2_msgs', 'symlink_install': False, 'test_result_base': None}
[0.435s] Level 5:colcon.colcon_core.verb:set package 'nav2_voxel_grid' build argument 'cmake_args' from command line to 'None'
[0.435s] Level 5:colcon.colcon_core.verb:set package 'nav2_voxel_grid' build argument 'cmake_target' from command line to 'None'
[0.435s] Level 5:colcon.colcon_core.verb:set package 'nav2_voxel_grid' build argument 'cmake_target_skip_unavailable' from command line to 'False'
[0.435s] Level 5:colcon.colcon_core.verb:set package 'nav2_voxel_grid' build argument 'cmake_clean_cache' from command line to 'False'
[0.435s] Level 5:colcon.colcon_core.verb:set package 'nav2_voxel_grid' build argument 'cmake_clean_first' from command line to 'False'
[0.435s] Level 5:colcon.colcon_core.verb:set package 'nav2_voxel_grid' build argument 'cmake_force_configure' from command line to 'False'
[0.435s] Level 5:colcon.colcon_core.verb:set package 'nav2_voxel_grid' build argument 'ament_cmake_args' from command line to 'None'
[0.435s] Level 5:colcon.colcon_core.verb:set package 'nav2_voxel_grid' build argument 'catkin_cmake_args' from command line to 'None'
[0.435s] Level 5:colcon.colcon_core.verb:set package 'nav2_voxel_grid' build argument 'catkin_skip_building_tests' from command line to 'False'
[0.435s] DEBUG:colcon.colcon_core.verb:Building package 'nav2_voxel_grid' with the following arguments: {'ament_cmake_args': None, 'build_base': '/home/agilex/agilex_ws/build/nav2_voxel_grid', 'catkin_cmake_args': None, 'catkin_skip_building_tests': False, 'cmake_args': None, 'cmake_clean_cache': False, 'cmake_clean_first': False, 'cmake_force_configure': False, 'cmake_target': None, 'cmake_target_skip_unavailable': False, 'install_base': '/home/agilex/agilex_ws/install/nav2_voxel_grid', 'merge_install': False, 'path': '/home/agilex/agilex_ws/src/navigation2/nav2_voxel_grid', 'symlink_install': False, 'test_result_base': None}
[0.438s] Level 5:colcon.colcon_core.verb:set package 'orbbec_camera' build argument 'cmake_args' from command line to 'None'
[0.438s] Level 5:colcon.colcon_core.verb:set package 'orbbec_camera' build argument 'cmake_target' from command line to 'None'
[0.438s] Level 5:colcon.colcon_core.verb:set package 'orbbec_camera' build argument 'cmake_target_skip_unavailable' from command line to 'False'
[0.438s] Level 5:colcon.colcon_core.verb:set package 'orbbec_camera' build argument 'cmake_clean_cache' from command line to 'False'
[0.438s] Level 5:colcon.colcon_core.verb:set package 'orbbec_camera' build argument 'cmake_clean_first' from command line to 'False'
[0.438s] Level 5:colcon.colcon_core.verb:set package 'orbbec_camera' build argument 'cmake_force_configure' from command line to 'False'
[0.438s] Level 5:colcon.colcon_core.verb:set package 'orbbec_camera' build argument 'ament_cmake_args' from command line to 'None'
[0.438s] Level 5:colcon.colcon_core.verb:set package 'orbbec_camera' build argument 'catkin_cmake_args' from command line to 'None'
[0.438s] Level 5:colcon.colcon_core.verb:set package 'orbbec_camera' build argument 'catkin_skip_building_tests' from command line to 'False'
[0.438s] DEBUG:colcon.colcon_core.verb:Building package 'orbbec_camera' with the following arguments: {'ament_cmake_args': None, 'build_base': '/home/agilex/agilex_ws/build/orbbec_camera', 'catkin_cmake_args': None, 'catkin_skip_building_tests': False, 'cmake_args': None, 'cmake_clean_cache': False, 'cmake_clean_first': False, 'cmake_force_configure': False, 'cmake_target': None, 'cmake_target_skip_unavailable': False, 'install_base': '/home/agilex/agilex_ws/install/orbbec_camera', 'merge_install': False, 'path': '/home/agilex/agilex_ws/src/OrbbecSDK_ROS2/orbbec_camera', 'symlink_install': False, 'test_result_base': None}
[0.441s] Level 5:colcon.colcon_core.verb:set package 'teb_msgs' build argument 'cmake_args' from command line to 'None'
[0.441s] Level 5:colcon.colcon_core.verb:set package 'teb_msgs' build argument 'cmake_target' from command line to 'None'
[0.441s] Level 5:colcon.colcon_core.verb:set package 'teb_msgs' build argument 'cmake_target_skip_unavailable' from command line to 'False'
[0.441s] Level 5:colcon.colcon_core.verb:set package 'teb_msgs' build argument 'cmake_clean_cache' from command line to 'False'
[0.441s] Level 5:colcon.colcon_core.verb:set package 'teb_msgs' build argument 'cmake_clean_first' from command line to 'False'
[0.441s] Level 5:colcon.colcon_core.verb:set package 'teb_msgs' build argument 'cmake_force_configure' from command line to 'False'
[0.441s] Level 5:colcon.colcon_core.verb:set package 'teb_msgs' build argument 'ament_cmake_args' from command line to 'None'
[0.441s] Level 5:colcon.colcon_core.verb:set package 'teb_msgs' build argument 'catkin_cmake_args' from command line to 'None'
[0.441s] Level 5:colcon.colcon_core.verb:set package 'teb_msgs' build argument 'catkin_skip_building_tests' from command line to 'False'
[0.441s] DEBUG:colcon.colcon_core.verb:Building package 'teb_msgs' with the following arguments: {'ament_cmake_args': None, 'build_base': '/home/agilex/agilex_ws/build/teb_msgs', 'catkin_cmake_args': None, 'catkin_skip_building_tests': False, 'cmake_args': None, 'cmake_clean_cache': False, 'cmake_clean_first': False, 'cmake_force_configure': False, 'cmake_target': None, 'cmake_target_skip_unavailable': False, 'install_base': '/home/agilex/agilex_ws/install/teb_msgs', 'merge_install': False, 'path': '/home/agilex/agilex_ws/src/teb_local_planner/teb_msgs', 'symlink_install': False, 'test_result_base': None}
[0.444s] Level 5:colcon.colcon_core.verb:set package 'nav2_simple_commander' build argument 'cmake_args' from command line to 'None'
[0.444s] Level 5:colcon.colcon_core.verb:set package 'nav2_simple_commander' build argument 'cmake_target' from command line to 'None'
[0.444s] Level 5:colcon.colcon_core.verb:set package 'nav2_simple_commander' build argument 'cmake_target_skip_unavailable' from command line to 'False'
[0.444s] Level 5:colcon.colcon_core.verb:set package 'nav2_simple_commander' build argument 'cmake_clean_cache' from command line to 'False'
[0.444s] Level 5:colcon.colcon_core.verb:set package 'nav2_simple_commander' build argument 'cmake_clean_first' from command line to 'False'
[0.444s] Level 5:colcon.colcon_core.verb:set package 'nav2_simple_commander' build argument 'cmake_force_configure' from command line to 'False'
[0.444s] Level 5:colcon.colcon_core.verb:set package 'nav2_simple_commander' build argument 'ament_cmake_args' from command line to 'None'
[0.444s] Level 5:colcon.colcon_core.verb:set package 'nav2_simple_commander' build argument 'catkin_cmake_args' from command line to 'None'
[0.444s] Level 5:colcon.colcon_core.verb:set package 'nav2_simple_commander' build argument 'catkin_skip_building_tests' from command line to 'False'
[0.444s] DEBUG:colcon.colcon_core.verb:Building package 'nav2_simple_commander' with the following arguments: {'ament_cmake_args': None, 'build_base': '/home/agilex/agilex_ws/build/nav2_simple_commander', 'catkin_cmake_args': None, 'catkin_skip_building_tests': False, 'cmake_args': None, 'cmake_clean_cache': False, 'cmake_clean_first': False, 'cmake_force_configure': False, 'cmake_target': None, 'cmake_target_skip_unavailable': False, 'install_base': '/home/agilex/agilex_ws/install/nav2_simple_commander', 'merge_install': False, 'path': '/home/agilex/agilex_ws/src/navigation2/nav2_simple_commander', 'symlink_install': False, 'test_result_base': None}
[0.447s] Level 5:colcon.colcon_core.verb:set package 'nav2_util' build argument 'cmake_args' from command line to 'None'
[0.447s] Level 5:colcon.colcon_core.verb:set package 'nav2_util' build argument 'cmake_target' from command line to 'None'
[0.447s] Level 5:colcon.colcon_core.verb:set package 'nav2_util' build argument 'cmake_target_skip_unavailable' from command line to 'False'
[0.447s] Level 5:colcon.colcon_core.verb:set package 'nav2_util' build argument 'cmake_clean_cache' from command line to 'False'
[0.447s] Level 5:colcon.colcon_core.verb:set package 'nav2_util' build argument 'cmake_clean_first' from command line to 'False'
[0.447s] Level 5:colcon.colcon_core.verb:set package 'nav2_util' build argument 'cmake_force_configure' from command line to 'False'
[0.447s] Level 5:colcon.colcon_core.verb:set package 'nav2_util' build argument 'ament_cmake_args' from command line to 'None'
[0.447s] Level 5:colcon.colcon_core.verb:set package 'nav2_util' build argument 'catkin_cmake_args' from command line to 'None'
[0.447s] Level 5:colcon.colcon_core.verb:set package 'nav2_util' build argument 'catkin_skip_building_tests' from command line to 'False'
[0.447s] DEBUG:colcon.colcon_core.verb:Building package 'nav2_util' with the following arguments: {'ament_cmake_args': None, 'build_base': '/home/agilex/agilex_ws/build/nav2_util', 'catkin_cmake_args': None, 'catkin_skip_building_tests': False, 'cmake_args': None, 'cmake_clean_cache': False, 'cmake_clean_first': False, 'cmake_force_configure': False, 'cmake_target': None, 'cmake_target_skip_unavailable': False, 'install_base': '/home/agilex/agilex_ws/install/nav2_util', 'merge_install': False, 'path': '/home/agilex/agilex_ws/src/navigation2/nav2_util', 'symlink_install': False, 'test_result_base': None}
[0.450s] Level 5:colcon.colcon_core.verb:set package 'nav2_amcl' build argument 'cmake_args' from command line to 'None'
[0.450s] Level 5:colcon.colcon_core.verb:set package 'nav2_amcl' build argument 'cmake_target' from command line to 'None'
[0.450s] Level 5:colcon.colcon_core.verb:set package 'nav2_amcl' build argument 'cmake_target_skip_unavailable' from command line to 'False'
[0.450s] Level 5:colcon.colcon_core.verb:set package 'nav2_amcl' build argument 'cmake_clean_cache' from command line to 'False'
[0.450s] Level 5:colcon.colcon_core.verb:set package 'nav2_amcl' build argument 'cmake_clean_first' from command line to 'False'
[0.450s] Level 5:colcon.colcon_core.verb:set package 'nav2_amcl' build argument 'cmake_force_configure' from command line to 'False'
[0.450s] Level 5:colcon.colcon_core.verb:set package 'nav2_amcl' build argument 'ament_cmake_args' from command line to 'None'
[0.450s] Level 5:colcon.colcon_core.verb:set package 'nav2_amcl' build argument 'catkin_cmake_args' from command line to 'None'
[0.450s] Level 5:colcon.colcon_core.verb:set package 'nav2_amcl' build argument 'catkin_skip_building_tests' from command line to 'False'
[0.450s] DEBUG:colcon.colcon_core.verb:Building package 'nav2_amcl' with the following arguments: {'ament_cmake_args': None, 'build_base': '/home/agilex/agilex_ws/build/nav2_amcl', 'catkin_cmake_args': None, 'catkin_skip_building_tests': False, 'cmake_args': None, 'cmake_clean_cache': False, 'cmake_clean_first': False, 'cmake_force_configure': False, 'cmake_target': None, 'cmake_target_skip_unavailable': False, 'install_base': '/home/agilex/agilex_ws/install/nav2_amcl', 'merge_install': False, 'path': '/home/agilex/agilex_ws/src/navigation2/nav2_amcl', 'symlink_install': False, 'test_result_base': None}
[0.453s] Level 5:colcon.colcon_core.verb:set package 'nav2_behavior_tree' build argument 'cmake_args' from command line to 'None'
[0.453s] Level 5:colcon.colcon_core.verb:set package 'nav2_behavior_tree' build argument 'cmake_target' from command line to 'None'
[0.453s] Level 5:colcon.colcon_core.verb:set package 'nav2_behavior_tree' build argument 'cmake_target_skip_unavailable' from command line to 'False'
[0.453s] Level 5:colcon.colcon_core.verb:set package 'nav2_behavior_tree' build argument 'cmake_clean_cache' from command line to 'False'
[0.453s] Level 5:colcon.colcon_core.verb:set package 'nav2_behavior_tree' build argument 'cmake_clean_first' from command line to 'False'
[0.453s] Level 5:colcon.colcon_core.verb:set package 'nav2_behavior_tree' build argument 'cmake_force_configure' from command line to 'False'
[0.453s] Level 5:colcon.colcon_core.verb:set package 'nav2_behavior_tree' build argument 'ament_cmake_args' from command line to 'None'
[0.453s] Level 5:colcon.colcon_core.verb:set package 'nav2_behavior_tree' build argument 'catkin_cmake_args' from command line to 'None'
[0.453s] Level 5:colcon.colcon_core.verb:set package 'nav2_behavior_tree' build argument 'catkin_skip_building_tests' from command line to 'False'
[0.453s] DEBUG:colcon.colcon_core.verb:Building package 'nav2_behavior_tree' with the following arguments: {'ament_cmake_args': None, 'build_base': '/home/agilex/agilex_ws/build/nav2_behavior_tree', 'catkin_cmake_args': None, 'catkin_skip_building_tests': False, 'cmake_args': None, 'cmake_clean_cache': False, 'cmake_clean_first': False, 'cmake_force_configure': False, 'cmake_target': None, 'cmake_target_skip_unavailable': False, 'install_base': '/home/agilex/agilex_ws/install/nav2_behavior_tree', 'merge_install': False, 'path': '/home/agilex/agilex_ws/src/navigation2/nav2_behavior_tree', 'symlink_install': False, 'test_result_base': None}
[0.456s] Level 5:colcon.colcon_core.verb:set package 'nav2_lifecycle_manager' build argument 'cmake_args' from command line to 'None'
[0.456s] Level 5:colcon.colcon_core.verb:set package 'nav2_lifecycle_manager' build argument 'cmake_target' from command line to 'None'
[0.456s] Level 5:colcon.colcon_core.verb:set package 'nav2_lifecycle_manager' build argument 'cmake_target_skip_unavailable' from command line to 'False'
[0.456s] Level 5:colcon.colcon_core.verb:set package 'nav2_lifecycle_manager' build argument 'cmake_clean_cache' from command line to 'False'
[0.456s] Level 5:colcon.colcon_core.verb:set package 'nav2_lifecycle_manager' build argument 'cmake_clean_first' from command line to 'False'
[0.456s] Level 5:colcon.colcon_core.verb:set package 'nav2_lifecycle_manager' build argument 'cmake_force_configure' from command line to 'False'
[0.456s] Level 5:colcon.colcon_core.verb:set package 'nav2_lifecycle_manager' build argument 'ament_cmake_args' from command line to 'None'
[0.456s] Level 5:colcon.colcon_core.verb:set package 'nav2_lifecycle_manager' build argument 'catkin_cmake_args' from command line to 'None'
[0.456s] Level 5:colcon.colcon_core.verb:set package 'nav2_lifecycle_manager' build argument 'catkin_skip_building_tests' from command line to 'False'
[0.456s] DEBUG:colcon.colcon_core.verb:Building package 'nav2_lifecycle_manager' with the following arguments: {'ament_cmake_args': None, 'build_base': '/home/agilex/agilex_ws/build/nav2_lifecycle_manager', 'catkin_cmake_args': None, 'catkin_skip_building_tests': False, 'cmake_args': None, 'cmake_clean_cache': False, 'cmake_clean_first': False, 'cmake_force_configure': False, 'cmake_target': None, 'cmake_target_skip_unavailable': False, 'install_base': '/home/agilex/agilex_ws/install/nav2_lifecycle_manager', 'merge_install': False, 'path': '/home/agilex/agilex_ws/src/navigation2/nav2_lifecycle_manager', 'symlink_install': False, 'test_result_base': None}
[0.459s] Level 5:colcon.colcon_core.verb:set package 'nav2_map_server' build argument 'cmake_args' from command line to 'None'
[0.459s] Level 5:colcon.colcon_core.verb:set package 'nav2_map_server' build argument 'cmake_target' from command line to 'None'
[0.459s] Level 5:colcon.colcon_core.verb:set package 'nav2_map_server' build argument 'cmake_target_skip_unavailable' from command line to 'False'
[0.459s] Level 5:colcon.colcon_core.verb:set package 'nav2_map_server' build argument 'cmake_clean_cache' from command line to 'False'
[0.459s] Level 5:colcon.colcon_core.verb:set package 'nav2_map_server' build argument 'cmake_clean_first' from command line to 'False'
[0.459s] Level 5:colcon.colcon_core.verb:set package 'nav2_map_server' build argument 'cmake_force_configure' from command line to 'False'
[0.459s] Level 5:colcon.colcon_core.verb:set package 'nav2_map_server' build argument 'ament_cmake_args' from command line to 'None'
[0.459s] Level 5:colcon.colcon_core.verb:set package 'nav2_map_server' build argument 'catkin_cmake_args' from command line to 'None'
[0.459s] Level 5:colcon.colcon_core.verb:set package 'nav2_map_server' build argument 'catkin_skip_building_tests' from command line to 'False'
[0.459s] DEBUG:colcon.colcon_core.verb:Building package 'nav2_map_server' with the following arguments: {'ament_cmake_args': None, 'build_base': '/home/agilex/agilex_ws/build/nav2_map_server', 'catkin_cmake_args': None, 'catkin_skip_building_tests': False, 'cmake_args': None, 'cmake_clean_cache': False, 'cmake_clean_first': False, 'cmake_force_configure': False, 'cmake_target': None, 'cmake_target_skip_unavailable': False, 'install_base': '/home/agilex/agilex_ws/install/nav2_map_server', 'merge_install': False, 'path': '/home/agilex/agilex_ws/src/navigation2/nav2_map_server', 'symlink_install': False, 'test_result_base': None}
[0.462s] Level 5:colcon.colcon_core.verb:set package 'nav_2d_utils' build argument 'cmake_args' from command line to 'None'
[0.462s] Level 5:colcon.colcon_core.verb:set package 'nav_2d_utils' build argument 'cmake_target' from command line to 'None'
[0.462s] Level 5:colcon.colcon_core.verb:set package 'nav_2d_utils' build argument 'cmake_target_skip_unavailable' from command line to 'False'
[0.462s] Level 5:colcon.colcon_core.verb:set package 'nav_2d_utils' build argument 'cmake_clean_cache' from command line to 'False'
[0.462s] Level 5:colcon.colcon_core.verb:set package 'nav_2d_utils' build argument 'cmake_clean_first' from command line to 'False'
[0.462s] Level 5:colcon.colcon_core.verb:set package 'nav_2d_utils' build argument 'cmake_force_configure' from command line to 'False'
[0.462s] Level 5:colcon.colcon_core.verb:set package 'nav_2d_utils' build argument 'ament_cmake_args' from command line to 'None'
[0.462s] Level 5:colcon.colcon_core.verb:set package 'nav_2d_utils' build argument 'catkin_cmake_args' from command line to 'None'
[0.462s] Level 5:colcon.colcon_core.verb:set package 'nav_2d_utils' build argument 'catkin_skip_building_tests' from command line to 'False'
[0.462s] DEBUG:colcon.colcon_core.verb:Building package 'nav_2d_utils' with the following arguments: {'ament_cmake_args': None, 'build_base': '/home/agilex/agilex_ws/build/nav_2d_utils', 'catkin_cmake_args': None, 'catkin_skip_building_tests': False, 'cmake_args': None, 'cmake_clean_cache': False, 'cmake_clean_first': False, 'cmake_force_configure': False, 'cmake_target': None, 'cmake_target_skip_unavailable': False, 'install_base': '/home/agilex/agilex_ws/install/nav_2d_utils', 'merge_install': False, 'path': '/home/agilex/agilex_ws/src/navigation2/nav2_dwb_controller/nav_2d_utils', 'symlink_install': False, 'test_result_base': None}
[0.465s] Level 5:colcon.colcon_core.verb:set package 'nav2_costmap_2d' build argument 'cmake_args' from command line to 'None'
[0.465s] Level 5:colcon.colcon_core.verb:set package 'nav2_costmap_2d' build argument 'cmake_target' from command line to 'None'
[0.465s] Level 5:colcon.colcon_core.verb:set package 'nav2_costmap_2d' build argument 'cmake_target_skip_unavailable' from command line to 'False'
[0.465s] Level 5:colcon.colcon_core.verb:set package 'nav2_costmap_2d' build argument 'cmake_clean_cache' from command line to 'False'
[0.465s] Level 5:colcon.colcon_core.verb:set package 'nav2_costmap_2d' build argument 'cmake_clean_first' from command line to 'False'
[0.465s] Level 5:colcon.colcon_core.verb:set package 'nav2_costmap_2d' build argument 'cmake_force_configure' from command line to 'False'
[0.465s] Level 5:colcon.colcon_core.verb:set package 'nav2_costmap_2d' build argument 'ament_cmake_args' from command line to 'None'
[0.465s] Level 5:colcon.colcon_core.verb:set package 'nav2_costmap_2d' build argument 'catkin_cmake_args' from command line to 'None'
[0.465s] Level 5:colcon.colcon_core.verb:set package 'nav2_costmap_2d' build argument 'catkin_skip_building_tests' from command line to 'False'
[0.465s] DEBUG:colcon.colcon_core.verb:Building package 'nav2_costmap_2d' with the following arguments: {'ament_cmake_args': None, 'build_base': '/home/agilex/agilex_ws/build/nav2_costmap_2d', 'catkin_cmake_args': None, 'catkin_skip_building_tests': False, 'cmake_args': None, 'cmake_clean_cache': False, 'cmake_clean_first': False, 'cmake_force_configure': False, 'cmake_target': None, 'cmake_target_skip_unavailable': False, 'install_base': '/home/agilex/agilex_ws/install/nav2_costmap_2d', 'merge_install': False, 'path': '/home/agilex/agilex_ws/src/navigation2/nav2_costmap_2d', 'symlink_install': False, 'test_result_base': None}
[0.468s] Level 5:colcon.colcon_core.verb:set package 'nav2_rviz_plugins' build argument 'cmake_args' from command line to 'None'
[0.468s] Level 5:colcon.colcon_core.verb:set package 'nav2_rviz_plugins' build argument 'cmake_target' from command line to 'None'
[0.468s] Level 5:colcon.colcon_core.verb:set package 'nav2_rviz_plugins' build argument 'cmake_target_skip_unavailable' from command line to 'False'
[0.468s] Level 5:colcon.colcon_core.verb:set package 'nav2_rviz_plugins' build argument 'cmake_clean_cache' from command line to 'False'
[0.468s] Level 5:colcon.colcon_core.verb:set package 'nav2_rviz_plugins' build argument 'cmake_clean_first' from command line to 'False'
[0.468s] Level 5:colcon.colcon_core.verb:set package 'nav2_rviz_plugins' build argument 'cmake_force_configure' from command line to 'False'
[0.468s] Level 5:colcon.colcon_core.verb:set package 'nav2_rviz_plugins' build argument 'ament_cmake_args' from command line to 'None'
[0.468s] Level 5:colcon.colcon_core.verb:set package 'nav2_rviz_plugins' build argument 'catkin_cmake_args' from command line to 'None'
[0.468s] Level 5:colcon.colcon_core.verb:set package 'nav2_rviz_plugins' build argument 'catkin_skip_building_tests' from command line to 'False'
[0.468s] DEBUG:colcon.colcon_core.verb:Building package 'nav2_rviz_plugins' with the following arguments: {'ament_cmake_args': None, 'build_base': '/home/agilex/agilex_ws/build/nav2_rviz_plugins', 'catkin_cmake_args': None, 'catkin_skip_building_tests': False, 'cmake_args': None, 'cmake_clean_cache': False, 'cmake_clean_first': False, 'cmake_force_configure': False, 'cmake_target': None, 'cmake_target_skip_unavailable': False, 'install_base': '/home/agilex/agilex_ws/install/nav2_rviz_plugins', 'merge_install': False, 'path': '/home/agilex/agilex_ws/src/navigation2/nav2_rviz_plugins', 'symlink_install': False, 'test_result_base': None}
[0.471s] Level 5:colcon.colcon_core.verb:set package 'costmap_converter' build argument 'cmake_args' from command line to 'None'
[0.471s] Level 5:colcon.colcon_core.verb:set package 'costmap_converter' build argument 'cmake_target' from command line to 'None'
[0.471s] Level 5:colcon.colcon_core.verb:set package 'costmap_converter' build argument 'cmake_target_skip_unavailable' from command line to 'False'
[0.471s] Level 5:colcon.colcon_core.verb:set package 'costmap_converter' build argument 'cmake_clean_cache' from command line to 'False'
[0.471s] Level 5:colcon.colcon_core.verb:set package 'costmap_converter' build argument 'cmake_clean_first' from command line to 'False'
[0.471s] Level 5:colcon.colcon_core.verb:set package 'costmap_converter' build argument 'cmake_force_configure' from command line to 'False'
[0.471s] Level 5:colcon.colcon_core.verb:set package 'costmap_converter' build argument 'ament_cmake_args' from command line to 'None'
[0.471s] Level 5:colcon.colcon_core.verb:set package 'costmap_converter' build argument 'catkin_cmake_args' from command line to 'None'
[0.471s] Level 5:colcon.colcon_core.verb:set package 'costmap_converter' build argument 'catkin_skip_building_tests' from command line to 'False'
[0.471s] DEBUG:colcon.colcon_core.verb:Building package 'costmap_converter' with the following arguments: {'ament_cmake_args': None, 'build_base': '/home/agilex/agilex_ws/build/costmap_converter', 'catkin_cmake_args': None, 'catkin_skip_building_tests': False, 'cmake_args': None, 'cmake_clean_cache': False, 'cmake_clean_first': False, 'cmake_force_configure': False, 'cmake_target': None, 'cmake_target_skip_unavailable': False, 'install_base': '/home/agilex/agilex_ws/install/costmap_converter', 'merge_install': False, 'path': '/home/agilex/agilex_ws/src/costmap_converter/costmap_converter', 'symlink_install': False, 'test_result_base': None}
[0.474s] Level 5:colcon.colcon_core.verb:set package 'costmap_queue' build argument 'cmake_args' from command line to 'None'
[0.474s] Level 5:colcon.colcon_core.verb:set package 'costmap_queue' build argument 'cmake_target' from command line to 'None'
[0.474s] Level 5:colcon.colcon_core.verb:set package 'costmap_queue' build argument 'cmake_target_skip_unavailable' from command line to 'False'
[0.474s] Level 5:colcon.colcon_core.verb:set package 'costmap_queue' build argument 'cmake_clean_cache' from command line to 'False'
[0.474s] Level 5:colcon.colcon_core.verb:set package 'costmap_queue' build argument 'cmake_clean_first' from command line to 'False'
[0.474s] Level 5:colcon.colcon_core.verb:set package 'costmap_queue' build argument 'cmake_force_configure' from command line to 'False'
[0.474s] Level 5:colcon.colcon_core.verb:set package 'costmap_queue' build argument 'ament_cmake_args' from command line to 'None'
[0.474s] Level 5:colcon.colcon_core.verb:set package 'costmap_queue' build argument 'catkin_cmake_args' from command line to 'None'
[0.474s] Level 5:colcon.colcon_core.verb:set package 'costmap_queue' build argument 'catkin_skip_building_tests' from command line to 'False'
[0.474s] DEBUG:colcon.colcon_core.verb:Building package 'costmap_queue' with the following arguments: {'ament_cmake_args': None, 'build_base': '/home/agilex/agilex_ws/build/costmap_queue', 'catkin_cmake_args': None, 'catkin_skip_building_tests': False, 'cmake_args': None, 'cmake_clean_cache': False, 'cmake_clean_first': False, 'cmake_force_configure': False, 'cmake_target': None, 'cmake_target_skip_unavailable': False, 'install_base': '/home/agilex/agilex_ws/install/costmap_queue', 'merge_install': False, 'path': '/home/agilex/agilex_ws/src/navigation2/nav2_dwb_controller/costmap_queue', 'symlink_install': False, 'test_result_base': None}
[0.477s] Level 5:colcon.colcon_core.verb:set package 'nav2_core' build argument 'cmake_args' from command line to 'None'
[0.477s] Level 5:colcon.colcon_core.verb:set package 'nav2_core' build argument 'cmake_target' from command line to 'None'
[0.477s] Level 5:colcon.colcon_core.verb:set package 'nav2_core' build argument 'cmake_target_skip_unavailable' from command line to 'False'
[0.477s] Level 5:colcon.colcon_core.verb:set package 'nav2_core' build argument 'cmake_clean_cache' from command line to 'False'
[0.477s] Level 5:colcon.colcon_core.verb:set package 'nav2_core' build argument 'cmake_clean_first' from command line to 'False'
[0.477s] Level 5:colcon.colcon_core.verb:set package 'nav2_core' build argument 'cmake_force_configure' from command line to 'False'
[0.477s] Level 5:colcon.colcon_core.verb:set package 'nav2_core' build argument 'ament_cmake_args' from command line to 'None'
[0.477s] Level 5:colcon.colcon_core.verb:set package 'nav2_core' build argument 'catkin_cmake_args' from command line to 'None'
[0.477s] Level 5:colcon.colcon_core.verb:set package 'nav2_core' build argument 'catkin_skip_building_tests' from command line to 'False'
[0.477s] DEBUG:colcon.colcon_core.verb:Building package 'nav2_core' with the following arguments: {'ament_cmake_args': None, 'build_base': '/home/agilex/agilex_ws/build/nav2_core', 'catkin_cmake_args': None, 'catkin_skip_building_tests': False, 'cmake_args': None, 'cmake_clean_cache': False, 'cmake_clean_first': False, 'cmake_force_configure': False, 'cmake_target': None, 'cmake_target_skip_unavailable': False, 'install_base': '/home/agilex/agilex_ws/install/nav2_core', 'merge_install': False, 'path': '/home/agilex/agilex_ws/src/navigation2/nav2_core', 'symlink_install': False, 'test_result_base': None}
[0.480s] Level 5:colcon.colcon_core.verb:set package 'dwb_core' build argument 'cmake_args' from command line to 'None'
[0.480s] Level 5:colcon.colcon_core.verb:set package 'dwb_core' build argument 'cmake_target' from command line to 'None'
[0.480s] Level 5:colcon.colcon_core.verb:set package 'dwb_core' build argument 'cmake_target_skip_unavailable' from command line to 'False'
[0.480s] Level 5:colcon.colcon_core.verb:set package 'dwb_core' build argument 'cmake_clean_cache' from command line to 'False'
[0.480s] Level 5:colcon.colcon_core.verb:set package 'dwb_core' build argument 'cmake_clean_first' from command line to 'False'
[0.480s] Level 5:colcon.colcon_core.verb:set package 'dwb_core' build argument 'cmake_force_configure' from command line to 'False'
[0.480s] Level 5:colcon.colcon_core.verb:set package 'dwb_core' build argument 'ament_cmake_args' from command line to 'None'
[0.480s] Level 5:colcon.colcon_core.verb:set package 'dwb_core' build argument 'catkin_cmake_args' from command line to 'None'
[0.480s] Level 5:colcon.colcon_core.verb:set package 'dwb_core' build argument 'catkin_skip_building_tests' from command line to 'False'
[0.480s] DEBUG:colcon.colcon_core.verb:Building package 'dwb_core' with the following arguments: {'ament_cmake_args': None, 'build_base': '/home/agilex/agilex_ws/build/dwb_core', 'catkin_cmake_args': None, 'catkin_skip_building_tests': False, 'cmake_args': None, 'cmake_clean_cache': False, 'cmake_clean_first': False, 'cmake_force_configure': False, 'cmake_target': None, 'cmake_target_skip_unavailable': False, 'install_base': '/home/agilex/agilex_ws/install/dwb_core', 'merge_install': False, 'path': '/home/agilex/agilex_ws/src/navigation2/nav2_dwb_controller/dwb_core', 'symlink_install': False, 'test_result_base': None}
[0.483s] Level 5:colcon.colcon_core.verb:set package 'nav2_behaviors' build argument 'cmake_args' from command line to 'None'
[0.483s] Level 5:colcon.colcon_core.verb:set package 'nav2_behaviors' build argument 'cmake_target' from command line to 'None'
[0.483s] Level 5:colcon.colcon_core.verb:set package 'nav2_behaviors' build argument 'cmake_target_skip_unavailable' from command line to 'False'
[0.483s] Level 5:colcon.colcon_core.verb:set package 'nav2_behaviors' build argument 'cmake_clean_cache' from command line to 'False'
[0.483s] Level 5:colcon.colcon_core.verb:set package 'nav2_behaviors' build argument 'cmake_clean_first' from command line to 'False'
[0.483s] Level 5:colcon.colcon_core.verb:set package 'nav2_behaviors' build argument 'cmake_force_configure' from command line to 'False'
[0.483s] Level 5:colcon.colcon_core.verb:set package 'nav2_behaviors' build argument 'ament_cmake_args' from command line to 'None'
[0.483s] Level 5:colcon.colcon_core.verb:set package 'nav2_behaviors' build argument 'catkin_cmake_args' from command line to 'None'
[0.483s] Level 5:colcon.colcon_core.verb:set package 'nav2_behaviors' build argument 'catkin_skip_building_tests' from command line to 'False'
[0.483s] DEBUG:colcon.colcon_core.verb:Building package 'nav2_behaviors' with the following arguments: {'ament_cmake_args': None, 'build_base': '/home/agilex/agilex_ws/build/nav2_behaviors', 'catkin_cmake_args': None, 'catkin_skip_building_tests': False, 'cmake_args': None, 'cmake_clean_cache': False, 'cmake_clean_first': False, 'cmake_force_configure': False, 'cmake_target': None, 'cmake_target_skip_unavailable': False, 'install_base': '/home/agilex/agilex_ws/install/nav2_behaviors', 'merge_install': False, 'path': '/home/agilex/agilex_ws/src/navigation2/nav2_behaviors', 'symlink_install': False, 'test_result_base': None}
[0.486s] Level 5:colcon.colcon_core.verb:set package 'nav2_bt_navigator' build argument 'cmake_args' from command line to 'None'
[0.486s] Level 5:colcon.colcon_core.verb:set package 'nav2_bt_navigator' build argument 'cmake_target' from command line to 'None'
[0.486s] Level 5:colcon.colcon_core.verb:set package 'nav2_bt_navigator' build argument 'cmake_target_skip_unavailable' from command line to 'False'
[0.486s] Level 5:colcon.colcon_core.verb:set package 'nav2_bt_navigator' build argument 'cmake_clean_cache' from command line to 'False'
[0.486s] Level 5:colcon.colcon_core.verb:set package 'nav2_bt_navigator' build argument 'cmake_clean_first' from command line to 'False'
[0.486s] Level 5:colcon.colcon_core.verb:set package 'nav2_bt_navigator' build argument 'cmake_force_configure' from command line to 'False'
[0.486s] Level 5:colcon.colcon_core.verb:set package 'nav2_bt_navigator' build argument 'ament_cmake_args' from command line to 'None'
[0.486s] Level 5:colcon.colcon_core.verb:set package 'nav2_bt_navigator' build argument 'catkin_cmake_args' from command line to 'None'
[0.486s] Level 5:colcon.colcon_core.verb:set package 'nav2_bt_navigator' build argument 'catkin_skip_building_tests' from command line to 'False'
[0.486s] DEBUG:colcon.colcon_core.verb:Building package 'nav2_bt_navigator' with the following arguments: {'ament_cmake_args': None, 'build_base': '/home/agilex/agilex_ws/build/nav2_bt_navigator', 'catkin_cmake_args': None, 'catkin_skip_building_tests': False, 'cmake_args': None, 'cmake_clean_cache': False, 'cmake_clean_first': False, 'cmake_force_configure': False, 'cmake_target': None, 'cmake_target_skip_unavailable': False, 'install_base': '/home/agilex/agilex_ws/install/nav2_bt_navigator', 'merge_install': False, 'path': '/home/agilex/agilex_ws/src/navigation2/nav2_bt_navigator', 'symlink_install': False, 'test_result_base': None}
[0.489s] Level 5:colcon.colcon_core.verb:set package 'nav2_constrained_smoother' build argument 'cmake_args' from command line to 'None'
[0.489s] Level 5:colcon.colcon_core.verb:set package 'nav2_constrained_smoother' build argument 'cmake_target' from command line to 'None'
[0.489s] Level 5:colcon.colcon_core.verb:set package 'nav2_constrained_smoother' build argument 'cmake_target_skip_unavailable' from command line to 'False'
[0.489s] Level 5:colcon.colcon_core.verb:set package 'nav2_constrained_smoother' build argument 'cmake_clean_cache' from command line to 'False'
[0.489s] Level 5:colcon.colcon_core.verb:set package 'nav2_constrained_smoother' build argument 'cmake_clean_first' from command line to 'False'
[0.489s] Level 5:colcon.colcon_core.verb:set package 'nav2_constrained_smoother' build argument 'cmake_force_configure' from command line to 'False'
[0.489s] Level 5:colcon.colcon_core.verb:set package 'nav2_constrained_smoother' build argument 'ament_cmake_args' from command line to 'None'
[0.489s] Level 5:colcon.colcon_core.verb:set package 'nav2_constrained_smoother' build argument 'catkin_cmake_args' from command line to 'None'
[0.489s] Level 5:colcon.colcon_core.verb:set package 'nav2_constrained_smoother' build argument 'catkin_skip_building_tests' from command line to 'False'
[0.489s] DEBUG:colcon.colcon_core.verb:Building package 'nav2_constrained_smoother' with the following arguments: {'ament_cmake_args': None, 'build_base': '/home/agilex/agilex_ws/build/nav2_constrained_smoother', 'catkin_cmake_args': None, 'catkin_skip_building_tests': False, 'cmake_args': None, 'cmake_clean_cache': False, 'cmake_clean_first': False, 'cmake_force_configure': False, 'cmake_target': None, 'cmake_target_skip_unavailable': False, 'install_base': '/home/agilex/agilex_ws/install/nav2_constrained_smoother', 'merge_install': False, 'path': '/home/agilex/agilex_ws/src/navigation2/nav2_constrained_smoother', 'symlink_install': False, 'test_result_base': None}
[0.492s] Level 5:colcon.colcon_core.verb:set package 'nav2_controller' build argument 'cmake_args' from command line to 'None'
[0.492s] Level 5:colcon.colcon_core.verb:set package 'nav2_controller' build argument 'cmake_target' from command line to 'None'
[0.492s] Level 5:colcon.colcon_core.verb:set package 'nav2_controller' build argument 'cmake_target_skip_unavailable' from command line to 'False'
[0.492s] Level 5:colcon.colcon_core.verb:set package 'nav2_controller' build argument 'cmake_clean_cache' from command line to 'False'
[0.492s] Level 5:colcon.colcon_core.verb:set package 'nav2_controller' build argument 'cmake_clean_first' from command line to 'False'
[0.492s] Level 5:colcon.colcon_core.verb:set package 'nav2_controller' build argument 'cmake_force_configure' from command line to 'False'
[0.492s] Level 5:colcon.colcon_core.verb:set package 'nav2_controller' build argument 'ament_cmake_args' from command line to 'None'
[0.492s] Level 5:colcon.colcon_core.verb:set package 'nav2_controller' build argument 'catkin_cmake_args' from command line to 'None'
[0.492s] Level 5:colcon.colcon_core.verb:set package 'nav2_controller' build argument 'catkin_skip_building_tests' from command line to 'False'
[0.492s] DEBUG:colcon.colcon_core.verb:Building package 'nav2_controller' with the following arguments: {'ament_cmake_args': None, 'build_base': '/home/agilex/agilex_ws/build/nav2_controller', 'catkin_cmake_args': None, 'catkin_skip_building_tests': False, 'cmake_args': None, 'cmake_clean_cache': False, 'cmake_clean_first': False, 'cmake_force_configure': False, 'cmake_target': None, 'cmake_target_skip_unavailable': False, 'install_base': '/home/agilex/agilex_ws/install/nav2_controller', 'merge_install': False, 'path': '/home/agilex/agilex_ws/src/navigation2/nav2_controller', 'symlink_install': False, 'test_result_base': None}
[0.495s] Level 5:colcon.colcon_core.verb:set package 'nav2_navfn_planner' build argument 'cmake_args' from command line to 'None'
[0.495s] Level 5:colcon.colcon_core.verb:set package 'nav2_navfn_planner' build argument 'cmake_target' from command line to 'None'
[0.495s] Level 5:colcon.colcon_core.verb:set package 'nav2_navfn_planner' build argument 'cmake_target_skip_unavailable' from command line to 'False'
[0.495s] Level 5:colcon.colcon_core.verb:set package 'nav2_navfn_planner' build argument 'cmake_clean_cache' from command line to 'False'
[0.495s] Level 5:colcon.colcon_core.verb:set package 'nav2_navfn_planner' build argument 'cmake_clean_first' from command line to 'False'
[0.495s] Level 5:colcon.colcon_core.verb:set package 'nav2_navfn_planner' build argument 'cmake_force_configure' from command line to 'False'
[0.495s] Level 5:colcon.colcon_core.verb:set package 'nav2_navfn_planner' build argument 'ament_cmake_args' from command line to 'None'
[0.495s] Level 5:colcon.colcon_core.verb:set package 'nav2_navfn_planner' build argument 'catkin_cmake_args' from command line to 'None'
[0.495s] Level 5:colcon.colcon_core.verb:set package 'nav2_navfn_planner' build argument 'catkin_skip_building_tests' from command line to 'False'
[0.495s] DEBUG:colcon.colcon_core.verb:Building package 'nav2_navfn_planner' with the following arguments: {'ament_cmake_args': None, 'build_base': '/home/agilex/agilex_ws/build/nav2_navfn_planner', 'catkin_cmake_args': None, 'catkin_skip_building_tests': False, 'cmake_args': None, 'cmake_clean_cache': False, 'cmake_clean_first': False, 'cmake_force_configure': False, 'cmake_target': None, 'cmake_target_skip_unavailable': False, 'install_base': '/home/agilex/agilex_ws/install/nav2_navfn_planner', 'merge_install': False, 'path': '/home/agilex/agilex_ws/src/navigation2/nav2_navfn_planner', 'symlink_install': False, 'test_result_base': None}
[0.498s] Level 5:colcon.colcon_core.verb:set package 'nav2_planner' build argument 'cmake_args' from command line to 'None'
[0.498s] Level 5:colcon.colcon_core.verb:set package 'nav2_planner' build argument 'cmake_target' from command line to 'None'
[0.498s] Level 5:colcon.colcon_core.verb:set package 'nav2_planner' build argument 'cmake_target_skip_unavailable' from command line to 'False'
[0.498s] Level 5:colcon.colcon_core.verb:set package 'nav2_planner' build argument 'cmake_clean_cache' from command line to 'False'
[0.498s] Level 5:colcon.colcon_core.verb:set package 'nav2_planner' build argument 'cmake_clean_first' from command line to 'False'
[0.498s] Level 5:colcon.colcon_core.verb:set package 'nav2_planner' build argument 'cmake_force_configure' from command line to 'False'
[0.498s] Level 5:colcon.colcon_core.verb:set package 'nav2_planner' build argument 'ament_cmake_args' from command line to 'None'
[0.498s] Level 5:colcon.colcon_core.verb:set package 'nav2_planner' build argument 'catkin_cmake_args' from command line to 'None'
[0.498s] Level 5:colcon.colcon_core.verb:set package 'nav2_planner' build argument 'catkin_skip_building_tests' from command line to 'False'
[0.498s] DEBUG:colcon.colcon_core.verb:Building package 'nav2_planner' with the following arguments: {'ament_cmake_args': None, 'build_base': '/home/agilex/agilex_ws/build/nav2_planner', 'catkin_cmake_args': None, 'catkin_skip_building_tests': False, 'cmake_args': None, 'cmake_clean_cache': False, 'cmake_clean_first': False, 'cmake_force_configure': False, 'cmake_target': None, 'cmake_target_skip_unavailable': False, 'install_base': '/home/agilex/agilex_ws/install/nav2_planner', 'merge_install': False, 'path': '/home/agilex/agilex_ws/src/navigation2/nav2_planner', 'symlink_install': False, 'test_result_base': None}
[0.501s] Level 5:colcon.colcon_core.verb:set package 'nav2_regulated_pure_pursuit_controller' build argument 'cmake_args' from command line to 'None'
[0.501s] Level 5:colcon.colcon_core.verb:set package 'nav2_regulated_pure_pursuit_controller' build argument 'cmake_target' from command line to 'None'
[0.501s] Level 5:colcon.colcon_core.verb:set package 'nav2_regulated_pure_pursuit_controller' build argument 'cmake_target_skip_unavailable' from command line to 'False'
[0.501s] Level 5:colcon.colcon_core.verb:set package 'nav2_regulated_pure_pursuit_controller' build argument 'cmake_clean_cache' from command line to 'False'
[0.501s] Level 5:colcon.colcon_core.verb:set package 'nav2_regulated_pure_pursuit_controller' build argument 'cmake_clean_first' from command line to 'False'
[0.501s] Level 5:colcon.colcon_core.verb:set package 'nav2_regulated_pure_pursuit_controller' build argument 'cmake_force_configure' from command line to 'False'
[0.501s] Level 5:colcon.colcon_core.verb:set package 'nav2_regulated_pure_pursuit_controller' build argument 'ament_cmake_args' from command line to 'None'
[0.501s] Level 5:colcon.colcon_core.verb:set package 'nav2_regulated_pure_pursuit_controller' build argument 'catkin_cmake_args' from command line to 'None'
[0.501s] Level 5:colcon.colcon_core.verb:set package 'nav2_regulated_pure_pursuit_controller' build argument 'catkin_skip_building_tests' from command line to 'False'
[0.501s] DEBUG:colcon.colcon_core.verb:Building package 'nav2_regulated_pure_pursuit_controller' with the following arguments: {'ament_cmake_args': None, 'build_base': '/home/agilex/agilex_ws/build/nav2_regulated_pure_pursuit_controller', 'catkin_cmake_args': None, 'catkin_skip_building_tests': False, 'cmake_args': None, 'cmake_clean_cache': False, 'cmake_clean_first': False, 'cmake_force_configure': False, 'cmake_target': None, 'cmake_target_skip_unavailable': False, 'install_base': '/home/agilex/agilex_ws/install/nav2_regulated_pure_pursuit_controller', 'merge_install': False, 'path': '/home/agilex/agilex_ws/src/navigation2/nav2_regulated_pure_pursuit_controller', 'symlink_install': False, 'test_result_base': None}
[0.504s] Level 5:colcon.colcon_core.verb:set package 'nav2_smac_planner' build argument 'cmake_args' from command line to 'None'
[0.504s] Level 5:colcon.colcon_core.verb:set package 'nav2_smac_planner' build argument 'cmake_target' from command line to 'None'
[0.504s] Level 5:colcon.colcon_core.verb:set package 'nav2_smac_planner' build argument 'cmake_target_skip_unavailable' from command line to 'False'
[0.504s] Level 5:colcon.colcon_core.verb:set package 'nav2_smac_planner' build argument 'cmake_clean_cache' from command line to 'False'
[0.504s] Level 5:colcon.colcon_core.verb:set package 'nav2_smac_planner' build argument 'cmake_clean_first' from command line to 'False'
[0.504s] Level 5:colcon.colcon_core.verb:set package 'nav2_smac_planner' build argument 'cmake_force_configure' from command line to 'False'
[0.504s] Level 5:colcon.colcon_core.verb:set package 'nav2_smac_planner' build argument 'ament_cmake_args' from command line to 'None'
[0.504s] Level 5:colcon.colcon_core.verb:set package 'nav2_smac_planner' build argument 'catkin_cmake_args' from command line to 'None'
[0.504s] Level 5:colcon.colcon_core.verb:set package 'nav2_smac_planner' build argument 'catkin_skip_building_tests' from command line to 'False'
[0.504s] DEBUG:colcon.colcon_core.verb:Building package 'nav2_smac_planner' with the following arguments: {'ament_cmake_args': None, 'build_base': '/home/agilex/agilex_ws/build/nav2_smac_planner', 'catkin_cmake_args': None, 'catkin_skip_building_tests': False, 'cmake_args': None, 'cmake_clean_cache': False, 'cmake_clean_first': False, 'cmake_force_configure': False, 'cmake_target': None, 'cmake_target_skip_unavailable': False, 'install_base': '/home/agilex/agilex_ws/install/nav2_smac_planner', 'merge_install': False, 'path': '/home/agilex/agilex_ws/src/navigation2/nav2_smac_planner', 'symlink_install': False, 'test_result_base': None}
[0.507s] Level 5:colcon.colcon_core.verb:set package 'nav2_smoother' build argument 'cmake_args' from command line to 'None'
[0.507s] Level 5:colcon.colcon_core.verb:set package 'nav2_smoother' build argument 'cmake_target' from command line to 'None'
[0.507s] Level 5:colcon.colcon_core.verb:set package 'nav2_smoother' build argument 'cmake_target_skip_unavailable' from command line to 'False'
[0.507s] Level 5:colcon.colcon_core.verb:set package 'nav2_smoother' build argument 'cmake_clean_cache' from command line to 'False'
[0.507s] Level 5:colcon.colcon_core.verb:set package 'nav2_smoother' build argument 'cmake_clean_first' from command line to 'False'
[0.507s] Level 5:colcon.colcon_core.verb:set package 'nav2_smoother' build argument 'cmake_force_configure' from command line to 'False'
[0.507s] Level 5:colcon.colcon_core.verb:set package 'nav2_smoother' build argument 'ament_cmake_args' from command line to 'None'
[0.507s] Level 5:colcon.colcon_core.verb:set package 'nav2_smoother' build argument 'catkin_cmake_args' from command line to 'None'
[0.507s] Level 5:colcon.colcon_core.verb:set package 'nav2_smoother' build argument 'catkin_skip_building_tests' from command line to 'False'
[0.507s] DEBUG:colcon.colcon_core.verb:Building package 'nav2_smoother' with the following arguments: {'ament_cmake_args': None, 'build_base': '/home/agilex/agilex_ws/build/nav2_smoother', 'catkin_cmake_args': None, 'catkin_skip_building_tests': False, 'cmake_args': None, 'cmake_clean_cache': False, 'cmake_clean_first': False, 'cmake_force_configure': False, 'cmake_target': None, 'cmake_target_skip_unavailable': False, 'install_base': '/home/agilex/agilex_ws/install/nav2_smoother', 'merge_install': False, 'path': '/home/agilex/agilex_ws/src/navigation2/nav2_smoother', 'symlink_install': False, 'test_result_base': None}
[0.510s] Level 5:colcon.colcon_core.verb:set package 'nav2_theta_star_planner' build argument 'cmake_args' from command line to 'None'
[0.510s] Level 5:colcon.colcon_core.verb:set package 'nav2_theta_star_planner' build argument 'cmake_target' from command line to 'None'
[0.510s] Level 5:colcon.colcon_core.verb:set package 'nav2_theta_star_planner' build argument 'cmake_target_skip_unavailable' from command line to 'False'
[0.510s] Level 5:colcon.colcon_core.verb:set package 'nav2_theta_star_planner' build argument 'cmake_clean_cache' from command line to 'False'
[0.510s] Level 5:colcon.colcon_core.verb:set package 'nav2_theta_star_planner' build argument 'cmake_clean_first' from command line to 'False'
[0.510s] Level 5:colcon.colcon_core.verb:set package 'nav2_theta_star_planner' build argument 'cmake_force_configure' from command line to 'False'
[0.510s] Level 5:colcon.colcon_core.verb:set package 'nav2_theta_star_planner' build argument 'ament_cmake_args' from command line to 'None'
[0.510s] Level 5:colcon.colcon_core.verb:set package 'nav2_theta_star_planner' build argument 'catkin_cmake_args' from command line to 'None'
[0.510s] Level 5:colcon.colcon_core.verb:set package 'nav2_theta_star_planner' build argument 'catkin_skip_building_tests' from command line to 'False'
[0.510s] DEBUG:colcon.colcon_core.verb:Building package 'nav2_theta_star_planner' with the following arguments: {'ament_cmake_args': None, 'build_base': '/home/agilex/agilex_ws/build/nav2_theta_star_planner', 'catkin_cmake_args': None, 'catkin_skip_building_tests': False, 'cmake_args': None, 'cmake_clean_cache': False, 'cmake_clean_first': False, 'cmake_force_configure': False, 'cmake_target': None, 'cmake_target_skip_unavailable': False, 'install_base': '/home/agilex/agilex_ws/install/nav2_theta_star_planner', 'merge_install': False, 'path': '/home/agilex/agilex_ws/src/navigation2/nav2_theta_star_planner', 'symlink_install': False, 'test_result_base': None}
[0.513s] Level 5:colcon.colcon_core.verb:set package 'nav2_waypoint_follower' build argument 'cmake_args' from command line to 'None'
[0.513s] Level 5:colcon.colcon_core.verb:set package 'nav2_waypoint_follower' build argument 'cmake_target' from command line to 'None'
[0.513s] Level 5:colcon.colcon_core.verb:set package 'nav2_waypoint_follower' build argument 'cmake_target_skip_unavailable' from command line to 'False'
[0.513s] Level 5:colcon.colcon_core.verb:set package 'nav2_waypoint_follower' build argument 'cmake_clean_cache' from command line to 'False'
[0.513s] Level 5:colcon.colcon_core.verb:set package 'nav2_waypoint_follower' build argument 'cmake_clean_first' from command line to 'False'
[0.513s] Level 5:colcon.colcon_core.verb:set package 'nav2_waypoint_follower' build argument 'cmake_force_configure' from command line to 'False'
[0.513s] Level 5:colcon.colcon_core.verb:set package 'nav2_waypoint_follower' build argument 'ament_cmake_args' from command line to 'None'
[0.513s] Level 5:colcon.colcon_core.verb:set package 'nav2_waypoint_follower' build argument 'catkin_cmake_args' from command line to 'None'
[0.513s] Level 5:colcon.colcon_core.verb:set package 'nav2_waypoint_follower' build argument 'catkin_skip_building_tests' from command line to 'False'
[0.513s] DEBUG:colcon.colcon_core.verb:Building package 'nav2_waypoint_follower' with the following arguments: {'ament_cmake_args': None, 'build_base': '/home/agilex/agilex_ws/build/nav2_waypoint_follower', 'catkin_cmake_args': None, 'catkin_skip_building_tests': False, 'cmake_args': None, 'cmake_clean_cache': False, 'cmake_clean_first': False, 'cmake_force_configure': False, 'cmake_target': None, 'cmake_target_skip_unavailable': False, 'install_base': '/home/agilex/agilex_ws/install/nav2_waypoint_follower', 'merge_install': False, 'path': '/home/agilex/agilex_ws/src/navigation2/nav2_waypoint_follower', 'symlink_install': False, 'test_result_base': None}
[0.516s] Level 5:colcon.colcon_core.verb:set package 'dwb_critics' build argument 'cmake_args' from command line to 'None'
[0.516s] Level 5:colcon.colcon_core.verb:set package 'dwb_critics' build argument 'cmake_target' from command line to 'None'
[0.516s] Level 5:colcon.colcon_core.verb:set package 'dwb_critics' build argument 'cmake_target_skip_unavailable' from command line to 'False'
[0.516s] Level 5:colcon.colcon_core.verb:set package 'dwb_critics' build argument 'cmake_clean_cache' from command line to 'False'
[0.516s] Level 5:colcon.colcon_core.verb:set package 'dwb_critics' build argument 'cmake_clean_first' from command line to 'False'
[0.516s] Level 5:colcon.colcon_core.verb:set package 'dwb_critics' build argument 'cmake_force_configure' from command line to 'False'
[0.516s] Level 5:colcon.colcon_core.verb:set package 'dwb_critics' build argument 'ament_cmake_args' from command line to 'None'
[0.516s] Level 5:colcon.colcon_core.verb:set package 'dwb_critics' build argument 'catkin_cmake_args' from command line to 'None'
[0.516s] Level 5:colcon.colcon_core.verb:set package 'dwb_critics' build argument 'catkin_skip_building_tests' from command line to 'False'
[0.516s] DEBUG:colcon.colcon_core.verb:Building package 'dwb_critics' with the following arguments: {'ament_cmake_args': None, 'build_base': '/home/agilex/agilex_ws/build/dwb_critics', 'catkin_cmake_args': None, 'catkin_skip_building_tests': False, 'cmake_args': None, 'cmake_clean_cache': False, 'cmake_clean_first': False, 'cmake_force_configure': False, 'cmake_target': None, 'cmake_target_skip_unavailable': False, 'install_base': '/home/agilex/agilex_ws/install/dwb_critics', 'merge_install': False, 'path': '/home/agilex/agilex_ws/src/navigation2/nav2_dwb_controller/dwb_critics', 'symlink_install': False, 'test_result_base': None}
[0.519s] Level 5:colcon.colcon_core.verb:set package 'dwb_plugins' build argument 'cmake_args' from command line to 'None'
[0.519s] Level 5:colcon.colcon_core.verb:set package 'dwb_plugins' build argument 'cmake_target' from command line to 'None'
[0.519s] Level 5:colcon.colcon_core.verb:set package 'dwb_plugins' build argument 'cmake_target_skip_unavailable' from command line to 'False'
[0.519s] Level 5:colcon.colcon_core.verb:set package 'dwb_plugins' build argument 'cmake_clean_cache' from command line to 'False'
[0.519s] Level 5:colcon.colcon_core.verb:set package 'dwb_plugins' build argument 'cmake_clean_first' from command line to 'False'
[0.519s] Level 5:colcon.colcon_core.verb:set package 'dwb_plugins' build argument 'cmake_force_configure' from command line to 'False'
[0.519s] Level 5:colcon.colcon_core.verb:set package 'dwb_plugins' build argument 'ament_cmake_args' from command line to 'None'
[0.519s] Level 5:colcon.colcon_core.verb:set package 'dwb_plugins' build argument 'catkin_cmake_args' from command line to 'None'
[0.519s] Level 5:colcon.colcon_core.verb:set package 'dwb_plugins' build argument 'catkin_skip_building_tests' from command line to 'False'
[0.519s] DEBUG:colcon.colcon_core.verb:Building package 'dwb_plugins' with the following arguments: {'ament_cmake_args': None, 'build_base': '/home/agilex/agilex_ws/build/dwb_plugins', 'catkin_cmake_args': None, 'catkin_skip_building_tests': False, 'cmake_args': None, 'cmake_clean_cache': False, 'cmake_clean_first': False, 'cmake_force_configure': False, 'cmake_target': None, 'cmake_target_skip_unavailable': False, 'install_base': '/home/agilex/agilex_ws/install/dwb_plugins', 'merge_install': False, 'path': '/home/agilex/agilex_ws/src/navigation2/nav2_dwb_controller/dwb_plugins', 'symlink_install': False, 'test_result_base': None}
[0.522s] Level 5:colcon.colcon_core.verb:set package 'limo_bringup' build argument 'cmake_args' from command line to 'None'
[0.522s] Level 5:colcon.colcon_core.verb:set package 'limo_bringup' build argument 'cmake_target' from command line to 'None'
[0.522s] Level 5:colcon.colcon_core.verb:set package 'limo_bringup' build argument 'cmake_target_skip_unavailable' from command line to 'False'
[0.522s] Level 5:colcon.colcon_core.verb:set package 'limo_bringup' build argument 'cmake_clean_cache' from command line to 'False'
[0.522s] Level 5:colcon.colcon_core.verb:set package 'limo_bringup' build argument 'cmake_clean_first' from command line to 'False'
[0.522s] Level 5:colcon.colcon_core.verb:set package 'limo_bringup' build argument 'cmake_force_configure' from command line to 'False'
[0.522s] Level 5:colcon.colcon_core.verb:set package 'limo_bringup' build argument 'ament_cmake_args' from command line to 'None'
[0.522s] Level 5:colcon.colcon_core.verb:set package 'limo_bringup' build argument 'catkin_cmake_args' from command line to 'None'
[0.522s] Level 5:colcon.colcon_core.verb:set package 'limo_bringup' build argument 'catkin_skip_building_tests' from command line to 'False'
[0.522s] DEBUG:colcon.colcon_core.verb:Building package 'limo_bringup' with the following arguments: {'ament_cmake_args': None, 'build_base': '/home/agilex/agilex_ws/build/limo_bringup', 'catkin_cmake_args': None, 'catkin_skip_building_tests': False, 'cmake_args': None, 'cmake_clean_cache': False, 'cmake_clean_first': False, 'cmake_force_configure': False, 'cmake_target': None, 'cmake_target_skip_unavailable': False, 'install_base': '/home/agilex/agilex_ws/install/limo_bringup', 'merge_install': False, 'path': '/home/agilex/agilex_ws/src/limo_ros2/limo_bringup', 'symlink_install': False, 'test_result_base': None}
[0.525s] Level 5:colcon.colcon_core.verb:set package 'nav2_rotation_shim_controller' build argument 'cmake_args' from command line to 'None'
[0.525s] Level 5:colcon.colcon_core.verb:set package 'nav2_rotation_shim_controller' build argument 'cmake_target' from command line to 'None'
[0.525s] Level 5:colcon.colcon_core.verb:set package 'nav2_rotation_shim_controller' build argument 'cmake_target_skip_unavailable' from command line to 'False'
[0.525s] Level 5:colcon.colcon_core.verb:set package 'nav2_rotation_shim_controller' build argument 'cmake_clean_cache' from command line to 'False'
[0.525s] Level 5:colcon.colcon_core.verb:set package 'nav2_rotation_shim_controller' build argument 'cmake_clean_first' from command line to 'False'
[0.525s] Level 5:colcon.colcon_core.verb:set package 'nav2_rotation_shim_controller' build argument 'cmake_force_configure' from command line to 'False'
[0.525s] Level 5:colcon.colcon_core.verb:set package 'nav2_rotation_shim_controller' build argument 'ament_cmake_args' from command line to 'None'
[0.525s] Level 5:colcon.colcon_core.verb:set package 'nav2_rotation_shim_controller' build argument 'catkin_cmake_args' from command line to 'None'
[0.525s] Level 5:colcon.colcon_core.verb:set package 'nav2_rotation_shim_controller' build argument 'catkin_skip_building_tests' from command line to 'False'
[0.525s] DEBUG:colcon.colcon_core.verb:Building package 'nav2_rotation_shim_controller' with the following arguments: {'ament_cmake_args': None, 'build_base': '/home/agilex/agilex_ws/build/nav2_rotation_shim_controller', 'catkin_cmake_args': None, 'catkin_skip_building_tests': False, 'cmake_args': None, 'cmake_clean_cache': False, 'cmake_clean_first': False, 'cmake_force_configure': False, 'cmake_target': None, 'cmake_target_skip_unavailable': False, 'install_base': '/home/agilex/agilex_ws/install/nav2_rotation_shim_controller', 'merge_install': False, 'path': '/home/agilex/agilex_ws/src/navigation2/nav2_rotation_shim_controller', 'symlink_install': False, 'test_result_base': None}
[0.528s] Level 5:colcon.colcon_core.verb:set package 'nav2_dwb_controller' build argument 'cmake_args' from command line to 'None'
[0.528s] Level 5:colcon.colcon_core.verb:set package 'nav2_dwb_controller' build argument 'cmake_target' from command line to 'None'
[0.528s] Level 5:colcon.colcon_core.verb:set package 'nav2_dwb_controller' build argument 'cmake_target_skip_unavailable' from command line to 'False'
[0.528s] Level 5:colcon.colcon_core.verb:set package 'nav2_dwb_controller' build argument 'cmake_clean_cache' from command line to 'False'
[0.528s] Level 5:colcon.colcon_core.verb:set package 'nav2_dwb_controller' build argument 'cmake_clean_first' from command line to 'False'
[0.528s] Level 5:colcon.colcon_core.verb:set package 'nav2_dwb_controller' build argument 'cmake_force_configure' from command line to 'False'
[0.528s] Level 5:colcon.colcon_core.verb:set package 'nav2_dwb_controller' build argument 'ament_cmake_args' from command line to 'None'
[0.528s] Level 5:colcon.colcon_core.verb:set package 'nav2_dwb_controller' build argument 'catkin_cmake_args' from command line to 'None'
[0.528s] Level 5:colcon.colcon_core.verb:set package 'nav2_dwb_controller' build argument 'catkin_skip_building_tests' from command line to 'False'
[0.528s] DEBUG:colcon.colcon_core.verb:Building package 'nav2_dwb_controller' with the following arguments: {'ament_cmake_args': None, 'build_base': '/home/agilex/agilex_ws/build/nav2_dwb_controller', 'catkin_cmake_args': None, 'catkin_skip_building_tests': False, 'cmake_args': None, 'cmake_clean_cache': False, 'cmake_clean_first': False, 'cmake_force_configure': False, 'cmake_target': None, 'cmake_target_skip_unavailable': False, 'install_base': '/home/agilex/agilex_ws/install/nav2_dwb_controller', 'merge_install': False, 'path': '/home/agilex/agilex_ws/src/navigation2/nav2_dwb_controller/nav2_dwb_controller', 'symlink_install': False, 'test_result_base': None}
[0.532s] Level 5:colcon.colcon_core.verb:set package 'navigation2' build argument 'cmake_args' from command line to 'None'
[0.532s] Level 5:colcon.colcon_core.verb:set package 'navigation2' build argument 'cmake_target' from command line to 'None'
[0.532s] Level 5:colcon.colcon_core.verb:set package 'navigation2' build argument 'cmake_target_skip_unavailable' from command line to 'False'
[0.532s] Level 5:colcon.colcon_core.verb:set package 'navigation2' build argument 'cmake_clean_cache' from command line to 'False'
[0.532s] Level 5:colcon.colcon_core.verb:set package 'navigation2' build argument 'cmake_clean_first' from command line to 'False'
[0.532s] Level 5:colcon.colcon_core.verb:set package 'navigation2' build argument 'cmake_force_configure' from command line to 'False'
[0.532s] Level 5:colcon.colcon_core.verb:set package 'navigation2' build argument 'ament_cmake_args' from command line to 'None'
[0.532s] Level 5:colcon.colcon_core.verb:set package 'navigation2' build argument 'catkin_cmake_args' from command line to 'None'
[0.532s] Level 5:colcon.colcon_core.verb:set package 'navigation2' build argument 'catkin_skip_building_tests' from command line to 'False'
[0.532s] DEBUG:colcon.colcon_core.verb:Building package 'navigation2' with the following arguments: {'ament_cmake_args': None, 'build_base': '/home/agilex/agilex_ws/build/navigation2', 'catkin_cmake_args': None, 'catkin_skip_building_tests': False, 'cmake_args': None, 'cmake_clean_cache': False, 'cmake_clean_first': False, 'cmake_force_configure': False, 'cmake_target': None, 'cmake_target_skip_unavailable': False, 'install_base': '/home/agilex/agilex_ws/install/navigation2', 'merge_install': False, 'path': '/home/agilex/agilex_ws/src/navigation2/navigation2', 'symlink_install': False, 'test_result_base': None}
[0.535s] Level 5:colcon.colcon_core.verb:set package 'nav2_bringup' build argument 'cmake_args' from command line to 'None'
[0.535s] Level 5:colcon.colcon_core.verb:set package 'nav2_bringup' build argument 'cmake_target' from command line to 'None'
[0.535s] Level 5:colcon.colcon_core.verb:set package 'nav2_bringup' build argument 'cmake_target_skip_unavailable' from command line to 'False'
[0.535s] Level 5:colcon.colcon_core.verb:set package 'nav2_bringup' build argument 'cmake_clean_cache' from command line to 'False'
[0.535s] Level 5:colcon.colcon_core.verb:set package 'nav2_bringup' build argument 'cmake_clean_first' from command line to 'False'
[0.535s] Level 5:colcon.colcon_core.verb:set package 'nav2_bringup' build argument 'cmake_force_configure' from command line to 'False'
[0.535s] Level 5:colcon.colcon_core.verb:set package 'nav2_bringup' build argument 'ament_cmake_args' from command line to 'None'
[0.535s] Level 5:colcon.colcon_core.verb:set package 'nav2_bringup' build argument 'catkin_cmake_args' from command line to 'None'
[0.535s] Level 5:colcon.colcon_core.verb:set package 'nav2_bringup' build argument 'catkin_skip_building_tests' from command line to 'False'
[0.535s] DEBUG:colcon.colcon_core.verb:Building package 'nav2_bringup' with the following arguments: {'ament_cmake_args': None, 'build_base': '/home/agilex/agilex_ws/build/nav2_bringup', 'catkin_cmake_args': None, 'catkin_skip_building_tests': False, 'cmake_args': None, 'cmake_clean_cache': False, 'cmake_clean_first': False, 'cmake_force_configure': False, 'cmake_target': None, 'cmake_target_skip_unavailable': False, 'install_base': '/home/agilex/agilex_ws/install/nav2_bringup', 'merge_install': False, 'path': '/home/agilex/agilex_ws/src/navigation2/nav2_bringup', 'symlink_install': False, 'test_result_base': None}
[0.538s] Level 5:colcon.colcon_core.verb:set package 'nav2_system_tests' build argument 'cmake_args' from command line to 'None'
[0.538s] Level 5:colcon.colcon_core.verb:set package 'nav2_system_tests' build argument 'cmake_target' from command line to 'None'
[0.538s] Level 5:colcon.colcon_core.verb:set package 'nav2_system_tests' build argument 'cmake_target_skip_unavailable' from command line to 'False'
[0.538s] Level 5:colcon.colcon_core.verb:set package 'nav2_system_tests' build argument 'cmake_clean_cache' from command line to 'False'
[0.538s] Level 5:colcon.colcon_core.verb:set package 'nav2_system_tests' build argument 'cmake_clean_first' from command line to 'False'
[0.538s] Level 5:colcon.colcon_core.verb:set package 'nav2_system_tests' build argument 'cmake_force_configure' from command line to 'False'
[0.538s] Level 5:colcon.colcon_core.verb:set package 'nav2_system_tests' build argument 'ament_cmake_args' from command line to 'None'
[0.538s] Level 5:colcon.colcon_core.verb:set package 'nav2_system_tests' build argument 'catkin_cmake_args' from command line to 'None'
[0.538s] Level 5:colcon.colcon_core.verb:set package 'nav2_system_tests' build argument 'catkin_skip_building_tests' from command line to 'False'
[0.538s] DEBUG:colcon.colcon_core.verb:Building package 'nav2_system_tests' with the following arguments: {'ament_cmake_args': None, 'build_base': '/home/agilex/agilex_ws/build/nav2_system_tests', 'catkin_cmake_args': None, 'catkin_skip_building_tests': False, 'cmake_args': None, 'cmake_clean_cache': False, 'cmake_clean_first': False, 'cmake_force_configure': False, 'cmake_target': None, 'cmake_target_skip_unavailable': False, 'install_base': '/home/agilex/agilex_ws/install/nav2_system_tests', 'merge_install': False, 'path': '/home/agilex/agilex_ws/src/navigation2/nav2_system_tests', 'symlink_install': False, 'test_result_base': None}
[0.541s] Level 5:colcon.colcon_core.verb:set package 'teb_local_planner' build argument 'cmake_args' from command line to 'None'
[0.541s] Level 5:colcon.colcon_core.verb:set package 'teb_local_planner' build argument 'cmake_target' from command line to 'None'
[0.541s] Level 5:colcon.colcon_core.verb:set package 'teb_local_planner' build argument 'cmake_target_skip_unavailable' from command line to 'False'
[0.541s] Level 5:colcon.colcon_core.verb:set package 'teb_local_planner' build argument 'cmake_clean_cache' from command line to 'False'
[0.541s] Level 5:colcon.colcon_core.verb:set package 'teb_local_planner' build argument 'cmake_clean_first' from command line to 'False'
[0.541s] Level 5:colcon.colcon_core.verb:set package 'teb_local_planner' build argument 'cmake_force_configure' from command line to 'False'
[0.541s] Level 5:colcon.colcon_core.verb:set package 'teb_local_planner' build argument 'ament_cmake_args' from command line to 'None'
[0.541s] Level 5:colcon.colcon_core.verb:set package 'teb_local_planner' build argument 'catkin_cmake_args' from command line to 'None'
[0.541s] Level 5:colcon.colcon_core.verb:set package 'teb_local_planner' build argument 'catkin_skip_building_tests' from command line to 'False'
[0.541s] DEBUG:colcon.colcon_core.verb:Building package 'teb_local_planner' with the following arguments: {'ament_cmake_args': None, 'build_base': '/home/agilex/agilex_ws/build/teb_local_planner', 'catkin_cmake_args': None, 'catkin_skip_building_tests': False, 'cmake_args': None, 'cmake_clean_cache': False, 'cmake_clean_first': False, 'cmake_force_configure': False, 'cmake_target': None, 'cmake_target_skip_unavailable': False, 'install_base': '/home/agilex/agilex_ws/install/teb_local_planner', 'merge_install': False, 'path': '/home/agilex/agilex_ws/src/teb_local_planner/teb_local_planner', 'symlink_install': False, 'test_result_base': None}
[0.544s] INFO:colcon.colcon_core.executor:Executing jobs using 'parallel' executor
[0.547s] DEBUG:colcon.colcon_parallel_executor.executor.parallel:run_until_complete
[0.548s] INFO:colcon.colcon_ros.task.ament_cmake.build:Building ROS package in '/home/agilex/agilex_ws/src/navigation2/nav2_common' with build type 'ament_cmake'
[0.548s] INFO:colcon.colcon_cmake.task.cmake.build:Building CMake package in '/home/agilex/agilex_ws/src/navigation2/nav2_common'
[0.553s] INFO:colcon.colcon_core.plugin_system:Skipping extension 'colcon_core.shell.bat': Not used on non-Windows systems
[0.553s] INFO:colcon.colcon_core.shell:Skip shell extension 'powershell' for command environment: Not usable outside of PowerShell
[0.554s] DEBUG:colcon.colcon_core.shell:Skip shell extension 'dsv' for command environment
[0.557s] INFO:colcon.colcon_ros.task.ament_cmake.build:Building ROS package in '/home/agilex/agilex_ws/src/navigation2/nav2_dwb_controller/nav_2d_msgs' with build type 'ament_cmake'
[0.557s] INFO:colcon.colcon_cmake.task.cmake.build:Building CMake package in '/home/agilex/agilex_ws/src/navigation2/nav2_dwb_controller/nav_2d_msgs'
[0.561s] INFO:colcon.colcon_core.shell:Skip shell extension 'powershell' for command environment: Not usable outside of PowerShell
[0.561s] DEBUG:colcon.colcon_core.shell:Skip shell extension 'dsv' for command environment
[0.566s] INFO:colcon.colcon_ros.task.ament_cmake.build:Building ROS package in '/home/agilex/agilex_ws/src/costmap_converter/costmap_converter_msgs' with build type 'ament_cmake'
[0.566s] INFO:colcon.colcon_cmake.task.cmake.build:Building CMake package in '/home/agilex/agilex_ws/src/costmap_converter/costmap_converter_msgs'
[0.570s] INFO:colcon.colcon_core.shell:Skip shell extension 'powershell' for command environment: Not usable outside of PowerShell
[0.570s] DEBUG:colcon.colcon_core.shell:Skip shell extension 'dsv' for command environment
[0.573s] INFO:colcon.colcon_ros.task.ament_cmake.build:Building ROS package in '/home/agilex/agilex_ws/src/limo_ros2/limo_msgs' with build type 'ament_cmake'
[0.573s] INFO:colcon.colcon_cmake.task.cmake.build:Building CMake package in '/home/agilex/agilex_ws/src/limo_ros2/limo_msgs'
[0.577s] INFO:colcon.colcon_core.shell:Skip shell extension 'powershell' for command environment: Not usable outside of PowerShell
[0.577s] DEBUG:colcon.colcon_core.shell:Skip shell extension 'dsv' for command environment
[0.581s] INFO:colcon.colcon_ros.task.ament_cmake.build:Building ROS package in '/home/agilex/agilex_ws/src/aruco_ros/aruco' with build type 'ament_cmake'
[0.581s] INFO:colcon.colcon_cmake.task.cmake.build:Building CMake package in '/home/agilex/agilex_ws/src/aruco_ros/aruco'
[0.585s] INFO:colcon.colcon_core.shell:Skip shell extension 'powershell' for command environment: Not usable outside of PowerShell
[0.585s] DEBUG:colcon.colcon_core.shell:Skip shell extension 'dsv' for command environment
[0.589s] INFO:colcon.colcon_ros.task.ament_cmake.build:Building ROS package in '/home/agilex/agilex_ws/src/aruco_ros/aruco_msgs' with build type 'ament_cmake'
[0.589s] INFO:colcon.colcon_cmake.task.cmake.build:Building CMake package in '/home/agilex/agilex_ws/src/aruco_ros/aruco_msgs'
[0.592s] INFO:colcon.colcon_core.shell:Skip shell extension 'powershell' for command environment: Not usable outside of PowerShell
[0.592s] DEBUG:colcon.colcon_core.shell:Skip shell extension 'dsv' for command environment
[0.596s] INFO:colcon.colcon_ros.task.ament_cmake.build:Building ROS package in '/home/agilex/agilex_ws/src/OrbbecSDK_ROS2/orbbec_camera_msgs' with build type 'ament_cmake'
[0.596s] INFO:colcon.colcon_cmake.task.cmake.build:Building CMake package in '/home/agilex/agilex_ws/src/OrbbecSDK_ROS2/orbbec_camera_msgs'
[0.600s] INFO:colcon.colcon_core.shell:Skip shell extension 'powershell' for command environment: Not usable outside of PowerShell
[0.600s] DEBUG:colcon.colcon_core.shell:Skip shell extension 'dsv' for command environment
[0.603s] INFO:colcon.colcon_ros.task.ament_cmake.build:Building ROS package in '/home/agilex/agilex_ws/src/csm' with build type 'ament_cmake'
[0.604s] INFO:colcon.colcon_cmake.task.cmake.build:Building CMake package in '/home/agilex/agilex_ws/src/csm'
[0.607s] INFO:colcon.colcon_core.shell:Skip shell extension 'powershell' for command environment: Not usable outside of PowerShell
[0.607s] DEBUG:colcon.colcon_core.shell:Skip shell extension 'dsv' for command environment
[0.612s] INFO:colcon.colcon_ros.task.ament_cmake.build:Building ROS package in '/home/agilex/agilex_ws/src/limo_car' with build type 'ament_cmake'
[0.612s] INFO:colcon.colcon_cmake.task.cmake.build:Building CMake package in '/home/agilex/agilex_ws/src/limo_car'
[0.615s] INFO:colcon.colcon_core.shell:Skip shell extension 'powershell' for command environment: Not usable outside of PowerShell
[0.615s] DEBUG:colcon.colcon_core.shell:Skip shell extension 'dsv' for command environment
[0.619s] INFO:colcon.colcon_ros.task.ament_cmake.build:Building ROS package in '/home/agilex/agilex_ws/src/limo_ros2/limo_description' with build type 'ament_cmake'
[0.619s] INFO:colcon.colcon_cmake.task.cmake.build:Building CMake package in '/home/agilex/agilex_ws/src/limo_ros2/limo_description'
[0.623s] INFO:colcon.colcon_core.shell:Skip shell extension 'powershell' for command environment: Not usable outside of PowerShell
[0.623s] DEBUG:colcon.colcon_core.shell:Skip shell extension 'dsv' for command environment
[0.627s] INFO:colcon.colcon_ros.task.ament_cmake.build:Building ROS package in '/home/agilex/agilex_ws/src/limo_visions' with build type 'ament_cmake'
[0.627s] INFO:colcon.colcon_cmake.task.cmake.build:Building CMake package in '/home/agilex/agilex_ws/src/limo_visions'
[0.631s] INFO:colcon.colcon_core.shell:Skip shell extension 'powershell' for command environment: Not usable outside of PowerShell
[0.631s] DEBUG:colcon.colcon_core.shell:Skip shell extension 'dsv' for command environment
[0.635s] INFO:colcon.colcon_ros.task.ament_cmake.build:Building ROS package in '/home/agilex/agilex_ws/src/OrbbecSDK_ROS2/orbbec_description' with build type 'ament_cmake'
[0.635s] INFO:colcon.colcon_cmake.task.cmake.build:Building CMake package in '/home/agilex/agilex_ws/src/OrbbecSDK_ROS2/orbbec_description'
[0.638s] INFO:colcon.colcon_core.shell:Skip shell extension 'powershell' for command environment: Not usable outside of PowerShell
[0.638s] DEBUG:colcon.colcon_core.shell:Skip shell extension 'dsv' for command environment
[0.642s] INFO:colcon.colcon_ros.task.ament_cmake.build:Building ROS package in '/home/agilex/agilex_ws/src/rf2o_laser_odometry' with build type 'ament_cmake'
[0.642s] INFO:colcon.colcon_cmake.task.cmake.build:Building CMake package in '/home/agilex/agilex_ws/src/rf2o_laser_odometry'
[0.645s] INFO:colcon.colcon_core.shell:Skip shell extension 'powershell' for command environment: Not usable outside of PowerShell
[0.645s] DEBUG:colcon.colcon_core.shell:Skip shell extension 'dsv' for command environment
[0.650s] INFO:colcon.colcon_ros.task.ament_cmake.build:Building ROS package in '/home/agilex/agilex_ws/src/ydlidar_ros2_driver' with build type 'ament_cmake'
[0.650s] INFO:colcon.colcon_cmake.task.cmake.build:Building CMake package in '/home/agilex/agilex_ws/src/ydlidar_ros2_driver'
[0.654s] INFO:colcon.colcon_core.shell:Skip shell extension 'powershell' for command environment: Not usable outside of PowerShell
[0.654s] DEBUG:colcon.colcon_core.shell:Skip shell extension 'dsv' for command environment
[0.657s] INFO:colcon.colcon_cmake.task.cmake.build:Building CMake package in '/home/agilex/agilex_ws/src/YDLidar-SDK'
[0.661s] INFO:colcon.colcon_core.shell:Skip shell extension 'powershell' for command environment: Not usable outside of PowerShell
[0.661s] DEBUG:colcon.colcon_core.shell:Skip shell extension 'dsv' for command environment
[0.664s] INFO:colcon.colcon_ros.task.ament_python.build:Building ROS package in '/home/agilex/agilex_ws/src/yolov5_ros2' with build type 'ament_python'
[0.664s] Level 1:colcon.colcon_core.shell:create_environment_hook('yolov5_ros2', 'ament_prefix_path')
[0.667s] INFO:colcon.colcon_core.shell:Creating environment hook '/home/agilex/agilex_ws/install/yolov5_ros2/share/yolov5_ros2/hook/ament_prefix_path.ps1'
[0.667s] INFO:colcon.colcon_core.shell:Creating environment descriptor '/home/agilex/agilex_ws/install/yolov5_ros2/share/yolov5_ros2/hook/ament_prefix_path.dsv'
[0.668s] INFO:colcon.colcon_core.shell:Creating environment hook '/home/agilex/agilex_ws/install/yolov5_ros2/share/yolov5_ros2/hook/ament_prefix_path.sh'
[0.671s] INFO:colcon.colcon_core.shell:Skip shell extension 'powershell' for command environment: Not usable outside of PowerShell
[0.672s] DEBUG:colcon.colcon_core.shell:Skip shell extension 'dsv' for command environment
[0.679s] DEBUG:colcon.colcon_core.event_handler.log_command:Invoking command in '/home/agilex/agilex_ws/build/nav2_common': /usr/bin/cmake --build /home/agilex/agilex_ws/build/nav2_common -- -j16 -l16
[0.680s] DEBUG:colcon.colcon_core.event_handler.log_command:Invoking command in '/home/agilex/agilex_ws/build/nav_2d_msgs': /usr/bin/cmake --build /home/agilex/agilex_ws/build/nav_2d_msgs -- -j16 -l16
[0.683s] DEBUG:colcon.colcon_core.event_handler.log_command:Invoking command in '/home/agilex/agilex_ws/build/costmap_converter_msgs': /usr/bin/cmake --build /home/agilex/agilex_ws/build/costmap_converter_msgs -- -j16 -l16
[0.685s] DEBUG:colcon.colcon_core.event_handler.log_command:Invoking command in '/home/agilex/agilex_ws/build/limo_msgs': /usr/bin/cmake --build /home/agilex/agilex_ws/build/limo_msgs -- -j16 -l16
[0.687s] DEBUG:colcon.colcon_core.event_handler.log_command:Invoking command in '/home/agilex/agilex_ws/build/aruco': /usr/bin/cmake --build /home/agilex/agilex_ws/build/aruco -- -j16 -l16
[0.689s] DEBUG:colcon.colcon_core.event_handler.log_command:Invoking command in '/home/agilex/agilex_ws/build/aruco_msgs': /usr/bin/cmake --build /home/agilex/agilex_ws/build/aruco_msgs -- -j16 -l16
[0.715s] DEBUG:colcon.colcon_core.event_handler.log_command:Invoking command in '/home/agilex/agilex_ws/build/orbbec_camera_msgs': /usr/bin/cmake --build /home/agilex/agilex_ws/build/orbbec_camera_msgs -- -j16 -l16
[0.719s] DEBUG:colcon.colcon_core.event_handler.log_command:Invoking command in '/home/agilex/agilex_ws/build/csm': /usr/bin/cmake --build /home/agilex/agilex_ws/build/csm -- -j16 -l16
[0.723s] DEBUG:colcon.colcon_core.event_handler.log_command:Invoking command in '/home/agilex/agilex_ws/build/limo_car': /usr/bin/cmake --build /home/agilex/agilex_ws/build/limo_car -- -j16 -l16
[0.733s] DEBUG:colcon.colcon_core.event_handler.log_command:Invoking command in '/home/agilex/agilex_ws/build/limo_description': /usr/bin/cmake --build /home/agilex/agilex_ws/build/limo_description -- -j16 -l16
[0.739s] DEBUG:colcon.colcon_core.event_handler.log_command:Invoking command in '/home/agilex/agilex_ws/build/limo_visions': /usr/bin/cmake --build /home/agilex/agilex_ws/build/limo_visions -- -j16 -l16
[0.760s] DEBUG:colcon.colcon_core.event_handler.log_command:Invoking command in '/home/agilex/agilex_ws/build/orbbec_description': /usr/bin/cmake --build /home/agilex/agilex_ws/build/orbbec_description -- -j16 -l16
[0.764s] DEBUG:colcon.colcon_core.event_handler.log_command:Invoking command in '/home/agilex/agilex_ws/build/rf2o_laser_odometry': /usr/bin/cmake --build /home/agilex/agilex_ws/build/rf2o_laser_odometry -- -j16 -l16
[0.803s] DEBUG:colcon.colcon_core.event_handler.log_command:Invoking command in '/home/agilex/agilex_ws/build/ydlidar_ros2_driver': /usr/bin/cmake --build /home/agilex/agilex_ws/build/ydlidar_ros2_driver -- -j16 -l16
[0.817s] DEBUG:colcon.colcon_core.event_handler.log_command:Invoking command in '/home/agilex/agilex_ws/build/ydlidar_sdk': /usr/bin/cmake --build /home/agilex/agilex_ws/build/ydlidar_sdk -- -j16 -l16
[1.068s] WARNING:colcon.colcon_ros.task.ament_python.build:Package 'yolov5_ros2' doesn't explicitly install a marker in the package index (colcon-ros currently does it implicitly but that fallback will be removed in the future)
[1.068s] INFO:colcon.colcon_core.task.python.build:Building Python package in '/home/agilex/agilex_ws/src/yolov5_ros2'
[1.073s] INFO:colcon.colcon_core.shell:Skip shell extension 'powershell' for command environment: Not usable outside of PowerShell
[1.073s] DEBUG:colcon.colcon_core.shell:Skip shell extension 'dsv' for command environment
[1.083s] DEBUG:colcon.colcon_core.event_handler.log_command:Invoked command in '/home/agilex/agilex_ws/build/limo_car' returned '0': /usr/bin/cmake --build /home/agilex/agilex_ws/build/limo_car -- -j16 -l16
[1.083s] DEBUG:colcon.colcon_core.event_handler.log_command:Invoked command in '/home/agilex/agilex_ws/build/limo_description' returned '0': /usr/bin/cmake --build /home/agilex/agilex_ws/build/limo_description -- -j16 -l16
[1.083s] DEBUG:colcon.colcon_core.event_handler.log_command:Invoked command in '/home/agilex/agilex_ws/build/aruco' returned '0': /usr/bin/cmake --build /home/agilex/agilex_ws/build/aruco -- -j16 -l16
[1.083s] DEBUG:colcon.colcon_core.event_handler.log_command:Invoked command in '/home/agilex/agilex_ws/build/orbbec_description' returned '0': /usr/bin/cmake --build /home/agilex/agilex_ws/build/orbbec_description -- -j16 -l16
[1.088s] DEBUG:colcon.colcon_core.event_handler.log_command:Invoked command in '/home/agilex/agilex_ws/build/csm' returned '0': /usr/bin/cmake --build /home/agilex/agilex_ws/build/csm -- -j16 -l16
[1.089s] DEBUG:colcon.colcon_core.event_handler.log_command:Invoked command in '/home/agilex/agilex_ws/build/rf2o_laser_odometry' returned '0': /usr/bin/cmake --build /home/agilex/agilex_ws/build/rf2o_laser_odometry -- -j16 -l16
[1.090s] DEBUG:colcon.colcon_core.event_handler.log_command:Invoked command in '/home/agilex/agilex_ws/build/limo_visions' returned '0': /usr/bin/cmake --build /home/agilex/agilex_ws/build/limo_visions -- -j16 -l16
[1.091s] DEBUG:colcon.colcon_core.event_handler.log_command:Invoked command in '/home/agilex/agilex_ws/build/ydlidar_sdk' returned '0': /usr/bin/cmake --build /home/agilex/agilex_ws/build/ydlidar_sdk -- -j16 -l16
[1.092s] DEBUG:colcon.colcon_core.event_handler.log_command:Invoked command in '/home/agilex/agilex_ws/build/ydlidar_ros2_driver' returned '0': /usr/bin/cmake --build /home/agilex/agilex_ws/build/ydlidar_ros2_driver -- -j16 -l16
[1.093s] DEBUG:colcon.colcon_core.event_handler.log_command:Invoked command in '/home/agilex/agilex_ws/build/costmap_converter_msgs' returned '0': /usr/bin/cmake --build /home/agilex/agilex_ws/build/costmap_converter_msgs -- -j16 -l16
[1.094s] DEBUG:colcon.colcon_core.event_handler.log_command:Invoked command in '/home/agilex/agilex_ws/build/nav_2d_msgs' returned '0': /usr/bin/cmake --build /home/agilex/agilex_ws/build/nav_2d_msgs -- -j16 -l16
[1.096s] DEBUG:colcon.colcon_core.event_handler.log_command:Invoked command in '/home/agilex/agilex_ws/build/limo_msgs' returned '0': /usr/bin/cmake --build /home/agilex/agilex_ws/build/limo_msgs -- -j16 -l16
[1.097s] DEBUG:colcon.colcon_core.event_handler.log_command:Invoked command in '/home/agilex/agilex_ws/build/nav2_common' returned '0': /usr/bin/cmake --build /home/agilex/agilex_ws/build/nav2_common -- -j16 -l16
[1.099s] DEBUG:colcon.colcon_core.event_handler.log_command:Invoked command in '/home/agilex/agilex_ws/build/orbbec_camera_msgs' returned '0': /usr/bin/cmake --build /home/agilex/agilex_ws/build/orbbec_camera_msgs -- -j16 -l16
[1.100s] DEBUG:colcon.colcon_core.event_handler.log_command:Invoked command in '/home/agilex/agilex_ws/build/aruco_msgs' returned '0': /usr/bin/cmake --build /home/agilex/agilex_ws/build/aruco_msgs -- -j16 -l16
[1.119s] DEBUG:colcon.colcon_core.event_handler.log_command:Invoking command in '/home/agilex/agilex_ws/build/limo_car': /usr/bin/cmake --install /home/agilex/agilex_ws/build/limo_car
[1.121s] DEBUG:colcon.colcon_core.event_handler.log_command:Invoking command in '/home/agilex/agilex_ws/build/orbbec_description': /usr/bin/cmake --install /home/agilex/agilex_ws/build/orbbec_description
[1.122s] DEBUG:colcon.colcon_core.event_handler.log_command:Invoking command in '/home/agilex/agilex_ws/build/limo_description': /usr/bin/cmake --install /home/agilex/agilex_ws/build/limo_description
[1.126s] DEBUG:colcon.colcon_core.event_handler.log_command:Invoking command in '/home/agilex/agilex_ws/build/rf2o_laser_odometry': /usr/bin/cmake --install /home/agilex/agilex_ws/build/rf2o_laser_odometry
[1.127s] DEBUG:colcon.colcon_core.event_handler.log_command:Invoking command in '/home/agilex/agilex_ws/build/ydlidar_ros2_driver': /usr/bin/cmake --install /home/agilex/agilex_ws/build/ydlidar_ros2_driver
[1.137s] DEBUG:colcon.colcon_core.event_handler.log_command:Invoking command in '/home/agilex/agilex_ws/build/aruco': /usr/bin/cmake --install /home/agilex/agilex_ws/build/aruco
[1.147s] Level 1:colcon.colcon_core.environment:create_environment_scripts_only(limo_car)
[1.148s] DEBUG:colcon.colcon_core.event_handler.log_command:Invoking command in '/home/agilex/agilex_ws/build/nav2_common': /usr/bin/cmake --install /home/agilex/agilex_ws/build/nav2_common
[1.148s] DEBUG:colcon.colcon_core.event_handler.log_command:Invoking command in '/home/agilex/agilex_ws/build/limo_visions': /usr/bin/cmake --install /home/agilex/agilex_ws/build/limo_visions
[1.160s] DEBUG:colcon.colcon_core.event_handler.log_command:Invoked command in '/home/agilex/agilex_ws/build/limo_car' returned '0': /usr/bin/cmake --install /home/agilex/agilex_ws/build/limo_car
[1.170s] Level 1:colcon.colcon_core.environment:checking '/home/agilex/agilex_ws/install/limo_car' for CMake module files
[1.170s] Level 1:colcon.colcon_core.environment:checking '/home/agilex/agilex_ws/install/limo_car' for CMake config files
[1.170s] Level 1:colcon.colcon_core.shell:create_environment_hook('limo_car', 'cmake_prefix_path')
[1.175s] INFO:colcon.colcon_core.shell:Creating environment hook '/home/agilex/agilex_ws/install/limo_car/share/limo_car/hook/cmake_prefix_path.ps1'
[1.175s] INFO:colcon.colcon_core.shell:Creating environment descriptor '/home/agilex/agilex_ws/install/limo_car/share/limo_car/hook/cmake_prefix_path.dsv'
[1.176s] INFO:colcon.colcon_core.shell:Creating environment hook '/home/agilex/agilex_ws/install/limo_car/share/limo_car/hook/cmake_prefix_path.sh'
[1.176s] Level 1:colcon.colcon_core.environment:checking '/home/agilex/agilex_ws/install/limo_car/bin'
[1.176s] Level 1:colcon.colcon_core.environment:checking '/home/agilex/agilex_ws/install/limo_car/lib/pkgconfig/limo_car.pc'
[1.177s] Level 1:colcon.colcon_core.environment:checking '/home/agilex/agilex_ws/install/limo_car/lib/python3.10/site-packages'
[1.177s] Level 1:colcon.colcon_core.environment:checking '/home/agilex/agilex_ws/install/limo_car/bin'
[1.183s] INFO:colcon.colcon_core.shell:Creating package script '/home/agilex/agilex_ws/install/limo_car/share/limo_car/package.ps1'
[1.184s] INFO:colcon.colcon_core.shell:Creating package descriptor '/home/agilex/agilex_ws/install/limo_car/share/limo_car/package.dsv'
[1.184s] INFO:colcon.colcon_core.shell:Creating package script '/home/agilex/agilex_ws/install/limo_car/share/limo_car/package.sh'
[1.185s] INFO:colcon.colcon_core.shell:Creating package script '/home/agilex/agilex_ws/install/limo_car/share/limo_car/package.bash'
[1.185s] INFO:colcon.colcon_core.shell:Creating package script '/home/agilex/agilex_ws/install/limo_car/share/limo_car/package.zsh'
[1.185s] Level 1:colcon.colcon_core.environment:create_file_with_runtime_dependencies(/home/agilex/agilex_ws/install/limo_car/share/colcon-core/packages/limo_car)
[1.187s] DEBUG:colcon.colcon_core.event_handler.log_command:Invoking command in '/home/agilex/agilex_ws/build/ydlidar_sdk': /usr/bin/cmake --install /home/agilex/agilex_ws/build/ydlidar_sdk
[1.188s] DEBUG:colcon.colcon_core.event_handler.log_command:Invoking command in '/home/agilex/agilex_ws/build/limo_msgs': /usr/bin/cmake --install /home/agilex/agilex_ws/build/limo_msgs
[1.188s] Level 1:colcon.colcon_core.environment:create_environment_scripts_only(limo_description)
[1.189s] DEBUG:colcon.colcon_core.event_handler.log_command:Invoked command in '/home/agilex/agilex_ws/build/limo_description' returned '0': /usr/bin/cmake --install /home/agilex/agilex_ws/build/limo_description
[1.197s] Level 1:colcon.colcon_core.environment:checking '/home/agilex/agilex_ws/install/limo_description' for CMake module files
[1.197s] Level 1:colcon.colcon_core.environment:checking '/home/agilex/agilex_ws/install/limo_description' for CMake config files
[1.197s] Level 1:colcon.colcon_core.shell:create_environment_hook('limo_description', 'cmake_prefix_path')
[1.201s] INFO:colcon.colcon_core.shell:Creating environment hook '/home/agilex/agilex_ws/install/limo_description/share/limo_description/hook/cmake_prefix_path.ps1'
[1.202s] INFO:colcon.colcon_core.shell:Creating environment descriptor '/home/agilex/agilex_ws/install/limo_description/share/limo_description/hook/cmake_prefix_path.dsv'
[1.202s] INFO:colcon.colcon_core.shell:Creating environment hook '/home/agilex/agilex_ws/install/limo_description/share/limo_description/hook/cmake_prefix_path.sh'
[1.202s] Level 1:colcon.colcon_core.environment:checking '/home/agilex/agilex_ws/install/limo_description/bin'
[1.202s] Level 1:colcon.colcon_core.environment:checking '/home/agilex/agilex_ws/install/limo_description/lib/pkgconfig/limo_description.pc'
[1.202s] Level 1:colcon.colcon_core.environment:checking '/home/agilex/agilex_ws/install/limo_description/lib/python3.10/site-packages'
[1.202s] Level 1:colcon.colcon_core.environment:checking '/home/agilex/agilex_ws/install/limo_description/bin'
[1.206s] INFO:colcon.colcon_core.shell:Creating package script '/home/agilex/agilex_ws/install/limo_description/share/limo_description/package.ps1'
[1.206s] INFO:colcon.colcon_core.shell:Creating package descriptor '/home/agilex/agilex_ws/install/limo_description/share/limo_description/package.dsv'
[1.207s] INFO:colcon.colcon_core.shell:Creating package script '/home/agilex/agilex_ws/install/limo_description/share/limo_description/package.sh'
[1.207s] INFO:colcon.colcon_core.shell:Creating package script '/home/agilex/agilex_ws/install/limo_description/share/limo_description/package.bash'
[1.207s] INFO:colcon.colcon_core.shell:Creating package script '/home/agilex/agilex_ws/install/limo_description/share/limo_description/package.zsh'
[1.207s] Level 1:colcon.colcon_core.environment:create_file_with_runtime_dependencies(/home/agilex/agilex_ws/install/limo_description/share/colcon-core/packages/limo_description)
[1.208s] Level 1:colcon.colcon_core.environment:create_environment_scripts_only(orbbec_description)
[1.208s] DEBUG:colcon.colcon_core.event_handler.log_command:Invoked command in '/home/agilex/agilex_ws/build/orbbec_description' returned '0': /usr/bin/cmake --install /home/agilex/agilex_ws/build/orbbec_description
[1.213s] Level 1:colcon.colcon_core.environment:checking '/home/agilex/agilex_ws/install/orbbec_description' for CMake module files
[1.213s] Level 1:colcon.colcon_core.environment:checking '/home/agilex/agilex_ws/install/orbbec_description' for CMake config files
[1.214s] Level 1:colcon.colcon_core.shell:create_environment_hook('orbbec_description', 'cmake_prefix_path')
[1.219s] INFO:colcon.colcon_core.shell:Creating environment hook '/home/agilex/agilex_ws/install/orbbec_description/share/orbbec_description/hook/cmake_prefix_path.ps1'
[1.220s] INFO:colcon.colcon_core.shell:Creating environment descriptor '/home/agilex/agilex_ws/install/orbbec_description/share/orbbec_description/hook/cmake_prefix_path.dsv'
[1.220s] INFO:colcon.colcon_core.shell:Creating environment hook '/home/agilex/agilex_ws/install/orbbec_description/share/orbbec_description/hook/cmake_prefix_path.sh'
[1.220s] Level 1:colcon.colcon_core.environment:checking '/home/agilex/agilex_ws/install/orbbec_description/bin'
[1.220s] Level 1:colcon.colcon_core.environment:checking '/home/agilex/agilex_ws/install/orbbec_description/lib/pkgconfig/orbbec_description.pc'
[1.220s] Level 1:colcon.colcon_core.environment:checking '/home/agilex/agilex_ws/install/orbbec_description/lib/python3.10/site-packages'
[1.220s] Level 1:colcon.colcon_core.environment:checking '/home/agilex/agilex_ws/install/orbbec_description/bin'
[1.224s] INFO:colcon.colcon_core.shell:Creating package script '/home/agilex/agilex_ws/install/orbbec_description/share/orbbec_description/package.ps1'
[1.224s] INFO:colcon.colcon_core.shell:Creating package descriptor '/home/agilex/agilex_ws/install/orbbec_description/share/orbbec_description/package.dsv'
[1.225s] INFO:colcon.colcon_core.shell:Creating package script '/home/agilex/agilex_ws/install/orbbec_description/share/orbbec_description/package.sh'
[1.225s] INFO:colcon.colcon_core.shell:Creating package script '/home/agilex/agilex_ws/install/orbbec_description/share/orbbec_description/package.bash'
[1.225s] INFO:colcon.colcon_core.shell:Creating package script '/home/agilex/agilex_ws/install/orbbec_description/share/orbbec_description/package.zsh'
[1.225s] Level 1:colcon.colcon_core.environment:create_file_with_runtime_dependencies(/home/agilex/agilex_ws/install/orbbec_description/share/colcon-core/packages/orbbec_description)
[1.226s] Level 1:colcon.colcon_core.environment:create_environment_scripts_only(ydlidar_ros2_driver)
[1.226s] DEBUG:colcon.colcon_core.event_handler.log_command:Invoked command in '/home/agilex/agilex_ws/build/ydlidar_ros2_driver' returned '0': /usr/bin/cmake --install /home/agilex/agilex_ws/build/ydlidar_ros2_driver
[1.230s] Level 1:colcon.colcon_core.environment:checking '/home/agilex/agilex_ws/install/ydlidar_ros2_driver' for CMake module files
[1.231s] Level 1:colcon.colcon_core.environment:checking '/home/agilex/agilex_ws/install/ydlidar_ros2_driver' for CMake config files
[1.231s] Level 1:colcon.colcon_core.shell:create_environment_hook('ydlidar_ros2_driver', 'cmake_prefix_path')
[1.234s] INFO:colcon.colcon_core.shell:Creating environment hook '/home/agilex/agilex_ws/install/ydlidar_ros2_driver/share/ydlidar_ros2_driver/hook/cmake_prefix_path.ps1'
[1.235s] INFO:colcon.colcon_core.shell:Creating environment descriptor '/home/agilex/agilex_ws/install/ydlidar_ros2_driver/share/ydlidar_ros2_driver/hook/cmake_prefix_path.dsv'
[1.235s] INFO:colcon.colcon_core.shell:Creating environment hook '/home/agilex/agilex_ws/install/ydlidar_ros2_driver/share/ydlidar_ros2_driver/hook/cmake_prefix_path.sh'
[1.235s] Level 1:colcon.colcon_core.environment:checking '/home/agilex/agilex_ws/install/ydlidar_ros2_driver/lib'
[1.235s] Level 1:colcon.colcon_core.environment:checking '/home/agilex/agilex_ws/install/ydlidar_ros2_driver/bin'
[1.235s] Level 1:colcon.colcon_core.environment:checking '/home/agilex/agilex_ws/install/ydlidar_ros2_driver/lib/pkgconfig/ydlidar_ros2_driver.pc'
[1.235s] Level 1:colcon.colcon_core.environment:checking '/home/agilex/agilex_ws/install/ydlidar_ros2_driver/lib/python3.10/site-packages'
[1.235s] Level 1:colcon.colcon_core.environment:checking '/home/agilex/agilex_ws/install/ydlidar_ros2_driver/bin'
[1.239s] INFO:colcon.colcon_core.shell:Creating package script '/home/agilex/agilex_ws/install/ydlidar_ros2_driver/share/ydlidar_ros2_driver/package.ps1'
[1.239s] INFO:colcon.colcon_core.shell:Creating package descriptor '/home/agilex/agilex_ws/install/ydlidar_ros2_driver/share/ydlidar_ros2_driver/package.dsv'
[1.240s] INFO:colcon.colcon_core.shell:Creating package script '/home/agilex/agilex_ws/install/ydlidar_ros2_driver/share/ydlidar_ros2_driver/package.sh'
[1.240s] INFO:colcon.colcon_core.shell:Creating package script '/home/agilex/agilex_ws/install/ydlidar_ros2_driver/share/ydlidar_ros2_driver/package.bash'
[1.240s] INFO:colcon.colcon_core.shell:Creating package script '/home/agilex/agilex_ws/install/ydlidar_ros2_driver/share/ydlidar_ros2_driver/package.zsh'
[1.240s] Level 1:colcon.colcon_core.environment:create_file_with_runtime_dependencies(/home/agilex/agilex_ws/install/ydlidar_ros2_driver/share/colcon-core/packages/ydlidar_ros2_driver)
[1.241s] DEBUG:colcon.colcon_core.event_handler.log_command:Invoking command in '/home/agilex/agilex_ws/build/csm': /usr/bin/cmake --install /home/agilex/agilex_ws/build/csm
[1.242s] Level 1:colcon.colcon_core.environment:create_environment_scripts_only(rf2o_laser_odometry)
[1.242s] DEBUG:colcon.colcon_core.event_handler.log_command:Invoked command in '/home/agilex/agilex_ws/build/rf2o_laser_odometry' returned '0': /usr/bin/cmake --install /home/agilex/agilex_ws/build/rf2o_laser_odometry
[1.249s] Level 1:colcon.colcon_core.environment:checking '/home/agilex/agilex_ws/install/rf2o_laser_odometry' for CMake module files
[1.249s] Level 1:colcon.colcon_core.environment:checking '/home/agilex/agilex_ws/install/rf2o_laser_odometry' for CMake config files
[1.249s] Level 1:colcon.colcon_core.shell:create_environment_hook('rf2o_laser_odometry', 'cmake_prefix_path')
[1.253s] INFO:colcon.colcon_core.shell:Creating environment hook '/home/agilex/agilex_ws/install/rf2o_laser_odometry/share/rf2o_laser_odometry/hook/cmake_prefix_path.ps1'
[1.253s] INFO:colcon.colcon_core.shell:Creating environment descriptor '/home/agilex/agilex_ws/install/rf2o_laser_odometry/share/rf2o_laser_odometry/hook/cmake_prefix_path.dsv'
[1.254s] INFO:colcon.colcon_core.shell:Creating environment hook '/home/agilex/agilex_ws/install/rf2o_laser_odometry/share/rf2o_laser_odometry/hook/cmake_prefix_path.sh'
[1.254s] Level 1:colcon.colcon_core.environment:checking '/home/agilex/agilex_ws/install/rf2o_laser_odometry/lib'
[1.254s] Level 1:colcon.colcon_core.environment:checking '/home/agilex/agilex_ws/install/rf2o_laser_odometry/bin'
[1.254s] Level 1:colcon.colcon_core.environment:checking '/home/agilex/agilex_ws/install/rf2o_laser_odometry/lib/pkgconfig/rf2o_laser_odometry.pc'
[1.254s] Level 1:colcon.colcon_core.environment:checking '/home/agilex/agilex_ws/install/rf2o_laser_odometry/lib/python3.10/site-packages'
[1.254s] Level 1:colcon.colcon_core.environment:checking '/home/agilex/agilex_ws/install/rf2o_laser_odometry/bin'
[1.257s] INFO:colcon.colcon_core.shell:Creating package script '/home/agilex/agilex_ws/install/rf2o_laser_odometry/share/rf2o_laser_odometry/package.ps1'
[1.258s] INFO:colcon.colcon_core.shell:Creating package descriptor '/home/agilex/agilex_ws/install/rf2o_laser_odometry/share/rf2o_laser_odometry/package.dsv'
[1.258s] INFO:colcon.colcon_core.shell:Creating package script '/home/agilex/agilex_ws/install/rf2o_laser_odometry/share/rf2o_laser_odometry/package.sh'
[1.258s] INFO:colcon.colcon_core.shell:Creating package script '/home/agilex/agilex_ws/install/rf2o_laser_odometry/share/rf2o_laser_odometry/package.bash'
[1.258s] INFO:colcon.colcon_core.shell:Creating package script '/home/agilex/agilex_ws/install/rf2o_laser_odometry/share/rf2o_laser_odometry/package.zsh'
[1.258s] Level 1:colcon.colcon_core.environment:create_file_with_runtime_dependencies(/home/agilex/agilex_ws/install/rf2o_laser_odometry/share/colcon-core/packages/rf2o_laser_odometry)
[1.260s] Level 1:colcon.colcon_core.environment:create_environment_scripts_only(limo_visions)
[1.261s] DEBUG:colcon.colcon_core.event_handler.log_command:Invoked command in '/home/agilex/agilex_ws/build/limo_visions' returned '0': /usr/bin/cmake --install /home/agilex/agilex_ws/build/limo_visions
[1.275s] Level 1:colcon.colcon_core.environment:checking '/home/agilex/agilex_ws/install/limo_visions' for CMake module files
[1.279s] Level 1:colcon.colcon_core.environment:checking '/home/agilex/agilex_ws/install/limo_visions' for CMake config files
[1.280s] Level 1:colcon.colcon_core.shell:create_environment_hook('limo_visions', 'cmake_prefix_path')
[1.283s] INFO:colcon.colcon_core.shell:Creating environment hook '/home/agilex/agilex_ws/install/limo_visions/share/limo_visions/hook/cmake_prefix_path.ps1'
[1.284s] INFO:colcon.colcon_core.shell:Creating environment descriptor '/home/agilex/agilex_ws/install/limo_visions/share/limo_visions/hook/cmake_prefix_path.dsv'
[1.284s] INFO:colcon.colcon_core.shell:Creating environment hook '/home/agilex/agilex_ws/install/limo_visions/share/limo_visions/hook/cmake_prefix_path.sh'
[1.284s] Level 1:colcon.colcon_core.environment:checking '/home/agilex/agilex_ws/install/limo_visions/lib'
[1.284s] Level 1:colcon.colcon_core.environment:checking '/home/agilex/agilex_ws/install/limo_visions/bin'
[1.284s] Level 1:colcon.colcon_core.environment:checking '/home/agilex/agilex_ws/install/limo_visions/lib/pkgconfig/limo_visions.pc'
[1.284s] Level 1:colcon.colcon_core.environment:checking '/home/agilex/agilex_ws/install/limo_visions/lib/python3.10/site-packages'
[1.285s] Level 1:colcon.colcon_core.environment:checking '/home/agilex/agilex_ws/install/limo_visions/bin'
[1.288s] INFO:colcon.colcon_core.shell:Creating package script '/home/agilex/agilex_ws/install/limo_visions/share/limo_visions/package.ps1'
[1.289s] INFO:colcon.colcon_core.shell:Creating package descriptor '/home/agilex/agilex_ws/install/limo_visions/share/limo_visions/package.dsv'
[1.289s] INFO:colcon.colcon_core.shell:Creating package script '/home/agilex/agilex_ws/install/limo_visions/share/limo_visions/package.sh'
[1.289s] INFO:colcon.colcon_core.shell:Creating package script '/home/agilex/agilex_ws/install/limo_visions/share/limo_visions/package.bash'
[1.289s] INFO:colcon.colcon_core.shell:Creating package script '/home/agilex/agilex_ws/install/limo_visions/share/limo_visions/package.zsh'
[1.289s] Level 1:colcon.colcon_core.environment:create_file_with_runtime_dependencies(/home/agilex/agilex_ws/install/limo_visions/share/colcon-core/packages/limo_visions)
[1.290s] Level 1:colcon.colcon_core.environment:create_environment_scripts_only(aruco)
[1.291s] DEBUG:colcon.colcon_core.event_handler.log_command:Invoked command in '/home/agilex/agilex_ws/build/aruco' returned '0': /usr/bin/cmake --install /home/agilex/agilex_ws/build/aruco
[1.295s] Level 1:colcon.colcon_core.environment:checking '/home/agilex/agilex_ws/install/aruco' for CMake module files
[1.295s] Level 1:colcon.colcon_core.environment:checking '/home/agilex/agilex_ws/install/aruco' for CMake config files
[1.295s] Level 1:colcon.colcon_core.shell:create_environment_hook('aruco', 'cmake_prefix_path')
[1.299s] INFO:colcon.colcon_core.shell:Creating environment hook '/home/agilex/agilex_ws/install/aruco/share/aruco/hook/cmake_prefix_path.ps1'
[1.299s] INFO:colcon.colcon_core.shell:Creating environment descriptor '/home/agilex/agilex_ws/install/aruco/share/aruco/hook/cmake_prefix_path.dsv'
[1.299s] INFO:colcon.colcon_core.shell:Creating environment hook '/home/agilex/agilex_ws/install/aruco/share/aruco/hook/cmake_prefix_path.sh'
[1.300s] Level 1:colcon.colcon_core.environment:checking '/home/agilex/agilex_ws/install/aruco/lib'
[1.300s] Level 1:colcon.colcon_core.shell:create_environment_hook('aruco', 'ld_library_path_lib')
[1.303s] INFO:colcon.colcon_core.shell:Creating environment hook '/home/agilex/agilex_ws/install/aruco/share/aruco/hook/ld_library_path_lib.ps1'
[1.303s] INFO:colcon.colcon_core.shell:Creating environment descriptor '/home/agilex/agilex_ws/install/aruco/share/aruco/hook/ld_library_path_lib.dsv'
[1.303s] INFO:colcon.colcon_core.shell:Creating environment hook '/home/agilex/agilex_ws/install/aruco/share/aruco/hook/ld_library_path_lib.sh'
[1.303s] Level 1:colcon.colcon_core.environment:checking '/home/agilex/agilex_ws/install/aruco/bin'
[1.303s] Level 1:colcon.colcon_core.environment:checking '/home/agilex/agilex_ws/install/aruco/lib/pkgconfig/aruco.pc'
[1.303s] Level 1:colcon.colcon_core.environment:checking '/home/agilex/agilex_ws/install/aruco/lib/python3.10/site-packages'
[1.303s] Level 1:colcon.colcon_core.environment:checking '/home/agilex/agilex_ws/install/aruco/bin'
[1.306s] INFO:colcon.colcon_core.shell:Creating package script '/home/agilex/agilex_ws/install/aruco/share/aruco/package.ps1'
[1.307s] INFO:colcon.colcon_core.shell:Creating package descriptor '/home/agilex/agilex_ws/install/aruco/share/aruco/package.dsv'
[1.307s] INFO:colcon.colcon_core.shell:Creating package script '/home/agilex/agilex_ws/install/aruco/share/aruco/package.sh'
[1.307s] INFO:colcon.colcon_core.shell:Creating package script '/home/agilex/agilex_ws/install/aruco/share/aruco/package.bash'
[1.307s] INFO:colcon.colcon_core.shell:Creating package script '/home/agilex/agilex_ws/install/aruco/share/aruco/package.zsh'
[1.307s] Level 1:colcon.colcon_core.environment:create_file_with_runtime_dependencies(/home/agilex/agilex_ws/install/aruco/share/colcon-core/packages/aruco)
[1.312s] DEBUG:colcon.colcon_core.event_handler.log_command:Invoking command in '/home/agilex/agilex_ws/build/costmap_converter_msgs': /usr/bin/cmake --install /home/agilex/agilex_ws/build/costmap_converter_msgs
[1.313s] Level 1:colcon.colcon_core.environment:create_environment_scripts_only(nav2_common)
[1.313s] DEBUG:colcon.colcon_core.event_handler.log_command:Invoking command in '/home/agilex/agilex_ws/build/aruco_msgs': /usr/bin/cmake --install /home/agilex/agilex_ws/build/aruco_msgs
[1.313s] DEBUG:colcon.colcon_core.event_handler.log_command:Invoked command in '/home/agilex/agilex_ws/build/nav2_common' returned '0': /usr/bin/cmake --install /home/agilex/agilex_ws/build/nav2_common
[1.318s] Level 1:colcon.colcon_core.environment:checking '/home/agilex/agilex_ws/install/nav2_common' for CMake module files
[1.319s] Level 1:colcon.colcon_core.environment:checking '/home/agilex/agilex_ws/install/nav2_common' for CMake config files
[1.319s] Level 1:colcon.colcon_core.shell:create_environment_hook('nav2_common', 'cmake_prefix_path')
[1.322s] INFO:colcon.colcon_core.shell:Creating environment hook '/home/agilex/agilex_ws/install/nav2_common/share/nav2_common/hook/cmake_prefix_path.ps1'
[1.323s] INFO:colcon.colcon_core.shell:Creating environment descriptor '/home/agilex/agilex_ws/install/nav2_common/share/nav2_common/hook/cmake_prefix_path.dsv'
[1.323s] INFO:colcon.colcon_core.shell:Creating environment hook '/home/agilex/agilex_ws/install/nav2_common/share/nav2_common/hook/cmake_prefix_path.sh'
[1.323s] Level 1:colcon.colcon_core.environment:checking '/home/agilex/agilex_ws/install/nav2_common/bin'
[1.323s] Level 1:colcon.colcon_core.environment:checking '/home/agilex/agilex_ws/install/nav2_common/lib/pkgconfig/nav2_common.pc'
[1.323s] Level 1:colcon.colcon_core.environment:checking '/home/agilex/agilex_ws/install/nav2_common/lib/python3.10/site-packages'
[1.323s] Level 1:colcon.colcon_core.environment:checking '/home/agilex/agilex_ws/install/nav2_common/bin'
[1.327s] INFO:colcon.colcon_core.shell:Creating package script '/home/agilex/agilex_ws/install/nav2_common/share/nav2_common/package.ps1'
[1.327s] INFO:colcon.colcon_core.shell:Creating package descriptor '/home/agilex/agilex_ws/install/nav2_common/share/nav2_common/package.dsv'
[1.328s] INFO:colcon.colcon_core.shell:Creating package script '/home/agilex/agilex_ws/install/nav2_common/share/nav2_common/package.sh'
[1.328s] INFO:colcon.colcon_core.shell:Creating package script '/home/agilex/agilex_ws/install/nav2_common/share/nav2_common/package.bash'
[1.328s] INFO:colcon.colcon_core.shell:Creating package script '/home/agilex/agilex_ws/install/nav2_common/share/nav2_common/package.zsh'
[1.328s] Level 1:colcon.colcon_core.environment:create_file_with_runtime_dependencies(/home/agilex/agilex_ws/install/nav2_common/share/colcon-core/packages/nav2_common)
[1.329s] Level 1:colcon.colcon_core.environment:create_environment_scripts_only(limo_msgs)
[1.330s] DEBUG:colcon.colcon_core.event_handler.log_command:Invoked command in '/home/agilex/agilex_ws/build/limo_msgs' returned '0': /usr/bin/cmake --install /home/agilex/agilex_ws/build/limo_msgs
[1.334s] Level 1:colcon.colcon_core.environment:checking '/home/agilex/agilex_ws/install/limo_msgs' for CMake module files
[1.334s] Level 1:colcon.colcon_core.environment:checking '/home/agilex/agilex_ws/install/limo_msgs' for CMake config files
[1.334s] Level 1:colcon.colcon_core.shell:create_environment_hook('limo_msgs', 'cmake_prefix_path')
[1.337s] INFO:colcon.colcon_core.shell:Creating environment hook '/home/agilex/agilex_ws/install/limo_msgs/share/limo_msgs/hook/cmake_prefix_path.ps1'
[1.338s] INFO:colcon.colcon_core.shell:Creating environment descriptor '/home/agilex/agilex_ws/install/limo_msgs/share/limo_msgs/hook/cmake_prefix_path.dsv'
[1.338s] INFO:colcon.colcon_core.shell:Creating environment hook '/home/agilex/agilex_ws/install/limo_msgs/share/limo_msgs/hook/cmake_prefix_path.sh'
[1.338s] Level 1:colcon.colcon_core.environment:checking '/home/agilex/agilex_ws/install/limo_msgs/lib'
[1.338s] Level 1:colcon.colcon_core.shell:create_environment_hook('limo_msgs', 'ld_library_path_lib')
[1.342s] INFO:colcon.colcon_core.shell:Creating environment hook '/home/agilex/agilex_ws/install/limo_msgs/share/limo_msgs/hook/ld_library_path_lib.ps1'
[1.342s] INFO:colcon.colcon_core.shell:Creating environment descriptor '/home/agilex/agilex_ws/install/limo_msgs/share/limo_msgs/hook/ld_library_path_lib.dsv'
[1.342s] INFO:colcon.colcon_core.shell:Creating environment hook '/home/agilex/agilex_ws/install/limo_msgs/share/limo_msgs/hook/ld_library_path_lib.sh'
[1.342s] Level 1:colcon.colcon_core.environment:checking '/home/agilex/agilex_ws/install/limo_msgs/bin'
[1.342s] Level 1:colcon.colcon_core.environment:checking '/home/agilex/agilex_ws/install/limo_msgs/lib/pkgconfig/limo_msgs.pc'
[1.343s] Level 1:colcon.colcon_core.environment:checking '/home/agilex/agilex_ws/install/limo_msgs/lib/python3.10/site-packages'
[1.343s] Level 1:colcon.colcon_core.environment:checking '/home/agilex/agilex_ws/install/limo_msgs/bin'
[1.347s] INFO:colcon.colcon_core.shell:Creating package script '/home/agilex/agilex_ws/install/limo_msgs/share/limo_msgs/package.ps1'
[1.348s] INFO:colcon.colcon_core.shell:Creating package descriptor '/home/agilex/agilex_ws/install/limo_msgs/share/limo_msgs/package.dsv'
[1.348s] INFO:colcon.colcon_core.shell:Creating package script '/home/agilex/agilex_ws/install/limo_msgs/share/limo_msgs/package.sh'
[1.348s] INFO:colcon.colcon_core.shell:Creating package script '/home/agilex/agilex_ws/install/limo_msgs/share/limo_msgs/package.bash'
[1.348s] INFO:colcon.colcon_core.shell:Creating package script '/home/agilex/agilex_ws/install/limo_msgs/share/limo_msgs/package.zsh'
[1.348s] Level 1:colcon.colcon_core.environment:create_file_with_runtime_dependencies(/home/agilex/agilex_ws/install/limo_msgs/share/colcon-core/packages/limo_msgs)
[1.350s] Level 1:colcon.colcon_core.environment:create_environment_scripts_only(ydlidar_sdk)
[1.350s] DEBUG:colcon.colcon_core.event_handler.log_command:Invoking command in '/home/agilex/agilex_ws/build/orbbec_camera_msgs': /usr/bin/cmake --install /home/agilex/agilex_ws/build/orbbec_camera_msgs
[1.351s] DEBUG:colcon.colcon_core.event_handler.log_command:Invoked command in '/home/agilex/agilex_ws/build/ydlidar_sdk' returned '0': /usr/bin/cmake --install /home/agilex/agilex_ws/build/ydlidar_sdk
[1.355s] Level 1:colcon.colcon_core.environment:checking '/home/agilex/agilex_ws/install/ydlidar_sdk' for CMake module files
[1.355s] Level 1:colcon.colcon_core.environment:checking '/home/agilex/agilex_ws/install/ydlidar_sdk' for CMake config files
[1.355s] Level 1:colcon.colcon_core.shell:create_environment_hook('ydlidar_sdk', 'cmake_prefix_path')
[1.358s] INFO:colcon.colcon_core.shell:Creating environment hook '/home/agilex/agilex_ws/install/ydlidar_sdk/share/ydlidar_sdk/hook/cmake_prefix_path.ps1'
[1.359s] INFO:colcon.colcon_core.shell:Creating environment descriptor '/home/agilex/agilex_ws/install/ydlidar_sdk/share/ydlidar_sdk/hook/cmake_prefix_path.dsv'
[1.359s] INFO:colcon.colcon_core.shell:Creating environment hook '/home/agilex/agilex_ws/install/ydlidar_sdk/share/ydlidar_sdk/hook/cmake_prefix_path.sh'
[1.359s] Level 1:colcon.colcon_core.environment:checking '/home/agilex/agilex_ws/install/ydlidar_sdk/lib'
[1.359s] Level 1:colcon.colcon_core.environment:checking '/home/agilex/agilex_ws/install/ydlidar_sdk/bin'
[1.359s] Level 1:colcon.colcon_core.shell:create_environment_hook('ydlidar_sdk', 'path')
[1.363s] INFO:colcon.colcon_core.shell:Creating environment hook '/home/agilex/agilex_ws/install/ydlidar_sdk/share/ydlidar_sdk/hook/path.ps1'
[1.363s] INFO:colcon.colcon_core.shell:Creating environment descriptor '/home/agilex/agilex_ws/install/ydlidar_sdk/share/ydlidar_sdk/hook/path.dsv'
[1.363s] INFO:colcon.colcon_core.shell:Creating environment hook '/home/agilex/agilex_ws/install/ydlidar_sdk/share/ydlidar_sdk/hook/path.sh'
[1.363s] Level 1:colcon.colcon_core.environment:checking '/home/agilex/agilex_ws/install/ydlidar_sdk/lib/pkgconfig/ydlidar_sdk.pc'
[1.363s] Level 1:colcon.colcon_core.environment:checking '/home/agilex/agilex_ws/install/ydlidar_sdk/lib/python3.10/site-packages'
[1.363s] Level 1:colcon.colcon_core.environment:checking '/home/agilex/agilex_ws/install/ydlidar_sdk/bin'
[1.364s] Level 1:colcon.colcon_core.shell:create_environment_hook('ydlidar_sdk', 'pythonscriptspath')
[1.366s] INFO:colcon.colcon_core.shell:Creating environment hook '/home/agilex/agilex_ws/install/ydlidar_sdk/share/ydlidar_sdk/hook/pythonscriptspath.ps1'
[1.367s] INFO:colcon.colcon_core.shell:Creating environment descriptor '/home/agilex/agilex_ws/install/ydlidar_sdk/share/ydlidar_sdk/hook/pythonscriptspath.dsv'
[1.367s] INFO:colcon.colcon_core.shell:Creating environment hook '/home/agilex/agilex_ws/install/ydlidar_sdk/share/ydlidar_sdk/hook/pythonscriptspath.sh'
[1.370s] INFO:colcon.colcon_core.shell:Creating package script '/home/agilex/agilex_ws/install/ydlidar_sdk/share/ydlidar_sdk/package.ps1'
[1.370s] INFO:colcon.colcon_core.shell:Creating package descriptor '/home/agilex/agilex_ws/install/ydlidar_sdk/share/ydlidar_sdk/package.dsv'
[1.370s] INFO:colcon.colcon_core.shell:Creating package script '/home/agilex/agilex_ws/install/ydlidar_sdk/share/ydlidar_sdk/package.sh'
[1.371s] INFO:colcon.colcon_core.shell:Creating package script '/home/agilex/agilex_ws/install/ydlidar_sdk/share/ydlidar_sdk/package.bash'
[1.371s] INFO:colcon.colcon_core.shell:Creating package script '/home/agilex/agilex_ws/install/ydlidar_sdk/share/ydlidar_sdk/package.zsh'
[1.371s] Level 1:colcon.colcon_core.environment:create_file_with_runtime_dependencies(/home/agilex/agilex_ws/install/ydlidar_sdk/share/colcon-core/packages/ydlidar_sdk)
[1.371s] Level 1:colcon.colcon_core.environment:create_environment_scripts_only(csm)
[1.374s] DEBUG:colcon.colcon_core.event_handler.log_command:Invoked command in '/home/agilex/agilex_ws/build/csm' returned '0': /usr/bin/cmake --install /home/agilex/agilex_ws/build/csm
[1.375s] Level 1:colcon.colcon_core.environment:checking '/home/agilex/agilex_ws/install/csm' for CMake module files
[1.375s] Level 1:colcon.colcon_core.environment:checking '/home/agilex/agilex_ws/install/csm' for CMake config files
[1.375s] Level 1:colcon.colcon_core.shell:create_environment_hook('csm', 'cmake_prefix_path')
[1.379s] INFO:colcon.colcon_core.shell:Creating environment hook '/home/agilex/agilex_ws/install/csm/share/csm/hook/cmake_prefix_path.ps1'
[1.380s] INFO:colcon.colcon_core.shell:Creating environment descriptor '/home/agilex/agilex_ws/install/csm/share/csm/hook/cmake_prefix_path.dsv'
[1.380s] INFO:colcon.colcon_core.shell:Creating environment hook '/home/agilex/agilex_ws/install/csm/share/csm/hook/cmake_prefix_path.sh'
[1.380s] Level 1:colcon.colcon_core.environment:checking '/home/agilex/agilex_ws/install/csm/lib'
[1.380s] Level 1:colcon.colcon_core.shell:create_environment_hook('csm', 'ld_library_path_lib')
[1.384s] INFO:colcon.colcon_core.shell:Creating environment hook '/home/agilex/agilex_ws/install/csm/share/csm/hook/ld_library_path_lib.ps1'
[1.384s] INFO:colcon.colcon_core.shell:Creating environment descriptor '/home/agilex/agilex_ws/install/csm/share/csm/hook/ld_library_path_lib.dsv'
[1.384s] INFO:colcon.colcon_core.shell:Creating environment hook '/home/agilex/agilex_ws/install/csm/share/csm/hook/ld_library_path_lib.sh'
[1.384s] Level 1:colcon.colcon_core.environment:checking '/home/agilex/agilex_ws/install/csm/bin'
[1.384s] Level 1:colcon.colcon_core.environment:checking '/home/agilex/agilex_ws/install/csm/lib/pkgconfig/csm.pc'
[1.384s] Level 1:colcon.colcon_core.environment:checking '/home/agilex/agilex_ws/install/csm/lib/python3.10/site-packages'
[1.385s] Level 1:colcon.colcon_core.environment:checking '/home/agilex/agilex_ws/install/csm/bin'
[1.388s] INFO:colcon.colcon_core.shell:Creating package script '/home/agilex/agilex_ws/install/csm/share/csm/package.ps1'
[1.388s] INFO:colcon.colcon_core.shell:Creating package descriptor '/home/agilex/agilex_ws/install/csm/share/csm/package.dsv'
[1.389s] INFO:colcon.colcon_core.shell:Creating package script '/home/agilex/agilex_ws/install/csm/share/csm/package.sh'
[1.389s] INFO:colcon.colcon_core.shell:Creating package script '/home/agilex/agilex_ws/install/csm/share/csm/package.bash'
[1.389s] INFO:colcon.colcon_core.shell:Creating package script '/home/agilex/agilex_ws/install/csm/share/csm/package.zsh'
[1.389s] Level 1:colcon.colcon_core.environment:create_file_with_runtime_dependencies(/home/agilex/agilex_ws/install/csm/share/colcon-core/packages/csm)
[1.391s] DEBUG:colcon.colcon_core.event_handler.log_command:Invoking command in '/home/agilex/agilex_ws/build/nav_2d_msgs': /usr/bin/cmake --install /home/agilex/agilex_ws/build/nav_2d_msgs
[1.400s] Level 1:colcon.colcon_core.environment:create_environment_scripts_only(limo_car)
[1.409s] Level 1:colcon.colcon_core.environment:checking '/home/agilex/agilex_ws/install/limo_car' for CMake module files
[1.410s] Level 1:colcon.colcon_core.environment:checking '/home/agilex/agilex_ws/install/limo_car' for CMake config files
[1.410s] Level 1:colcon.colcon_core.shell:create_environment_hook('limo_car', 'cmake_prefix_path')
[1.413s] INFO:colcon.colcon_core.shell:Creating environment hook '/home/agilex/agilex_ws/install/limo_car/share/limo_car/hook/cmake_prefix_path.ps1'
[1.414s] INFO:colcon.colcon_core.shell:Creating environment descriptor '/home/agilex/agilex_ws/install/limo_car/share/limo_car/hook/cmake_prefix_path.dsv'
[1.414s] INFO:colcon.colcon_core.shell:Creating environment hook '/home/agilex/agilex_ws/install/limo_car/share/limo_car/hook/cmake_prefix_path.sh'
[1.414s] Level 1:colcon.colcon_core.environment:checking '/home/agilex/agilex_ws/install/limo_car/bin'
[1.414s] Level 1:colcon.colcon_core.environment:checking '/home/agilex/agilex_ws/install/limo_car/lib/pkgconfig/limo_car.pc'
[1.414s] Level 1:colcon.colcon_core.environment:checking '/home/agilex/agilex_ws/install/limo_car/lib/python3.10/site-packages'
[1.414s] Level 1:colcon.colcon_core.environment:checking '/home/agilex/agilex_ws/install/limo_car/bin'
[1.418s] INFO:colcon.colcon_core.shell:Creating package script '/home/agilex/agilex_ws/install/limo_car/share/limo_car/package.ps1'
[1.418s] INFO:colcon.colcon_core.shell:Creating package descriptor '/home/agilex/agilex_ws/install/limo_car/share/limo_car/package.dsv'
[1.419s] INFO:colcon.colcon_core.shell:Creating package script '/home/agilex/agilex_ws/install/limo_car/share/limo_car/package.sh'
[1.419s] INFO:colcon.colcon_core.shell:Creating package script '/home/agilex/agilex_ws/install/limo_car/share/limo_car/package.bash'
[1.419s] INFO:colcon.colcon_core.shell:Creating package script '/home/agilex/agilex_ws/install/limo_car/share/limo_car/package.zsh'
[1.419s] Level 1:colcon.colcon_core.environment:create_file_with_runtime_dependencies(/home/agilex/agilex_ws/install/limo_car/share/colcon-core/packages/limo_car)
[1.429s] Level 1:colcon.colcon_core.environment:create_environment_scripts_only(limo_description)
[1.437s] Level 1:colcon.colcon_core.environment:checking '/home/agilex/agilex_ws/install/limo_description' for CMake module files
[1.437s] Level 1:colcon.colcon_core.environment:checking '/home/agilex/agilex_ws/install/limo_description' for CMake config files
[1.438s] Level 1:colcon.colcon_core.shell:create_environment_hook('limo_description', 'cmake_prefix_path')
[1.441s] INFO:colcon.colcon_core.shell:Creating environment hook '/home/agilex/agilex_ws/install/limo_description/share/limo_description/hook/cmake_prefix_path.ps1'
[1.442s] INFO:colcon.colcon_core.shell:Creating environment descriptor '/home/agilex/agilex_ws/install/limo_description/share/limo_description/hook/cmake_prefix_path.dsv'
[1.442s] INFO:colcon.colcon_core.shell:Creating environment hook '/home/agilex/agilex_ws/install/limo_description/share/limo_description/hook/cmake_prefix_path.sh'
[1.442s] Level 1:colcon.colcon_core.environment:checking '/home/agilex/agilex_ws/install/limo_description/bin'
[1.442s] Level 1:colcon.colcon_core.environment:checking '/home/agilex/agilex_ws/install/limo_description/lib/pkgconfig/limo_description.pc'
[1.442s] Level 1:colcon.colcon_core.environment:checking '/home/agilex/agilex_ws/install/limo_description/lib/python3.10/site-packages'
[1.442s] Level 1:colcon.colcon_core.environment:checking '/home/agilex/agilex_ws/install/limo_description/bin'
[1.446s] INFO:colcon.colcon_core.shell:Creating package script '/home/agilex/agilex_ws/install/limo_description/share/limo_description/package.ps1'
[1.447s] INFO:colcon.colcon_core.shell:Creating package descriptor '/home/agilex/agilex_ws/install/limo_description/share/limo_description/package.dsv'
[1.447s] INFO:colcon.colcon_core.shell:Creating package script '/home/agilex/agilex_ws/install/limo_description/share/limo_description/package.sh'
[1.447s] INFO:colcon.colcon_core.shell:Creating package script '/home/agilex/agilex_ws/install/limo_description/share/limo_description/package.bash'
[1.448s] INFO:colcon.colcon_core.shell:Creating package script '/home/agilex/agilex_ws/install/limo_description/share/limo_description/package.zsh'
[1.448s] Level 1:colcon.colcon_core.environment:create_file_with_runtime_dependencies(/home/agilex/agilex_ws/install/limo_description/share/colcon-core/packages/limo_description)
[1.454s] Level 1:colcon.colcon_core.environment:create_environment_scripts_only(orbbec_description)
[1.462s] Level 1:colcon.colcon_core.environment:checking '/home/agilex/agilex_ws/install/orbbec_description' for CMake module files
[1.462s] Level 1:colcon.colcon_core.environment:checking '/home/agilex/agilex_ws/install/orbbec_description' for CMake config files
[1.462s] Level 1:colcon.colcon_core.shell:create_environment_hook('orbbec_description', 'cmake_prefix_path')
[1.466s] INFO:colcon.colcon_core.shell:Creating environment hook '/home/agilex/agilex_ws/install/orbbec_description/share/orbbec_description/hook/cmake_prefix_path.ps1'
[1.466s] INFO:colcon.colcon_core.shell:Creating environment descriptor '/home/agilex/agilex_ws/install/orbbec_description/share/orbbec_description/hook/cmake_prefix_path.dsv'
[1.467s] INFO:colcon.colcon_core.shell:Creating environment hook '/home/agilex/agilex_ws/install/orbbec_description/share/orbbec_description/hook/cmake_prefix_path.sh'
[1.467s] Level 1:colcon.colcon_core.environment:checking '/home/agilex/agilex_ws/install/orbbec_description/bin'
[1.467s] Level 1:colcon.colcon_core.environment:checking '/home/agilex/agilex_ws/install/orbbec_description/lib/pkgconfig/orbbec_description.pc'
[1.467s] Level 1:colcon.colcon_core.environment:checking '/home/agilex/agilex_ws/install/orbbec_description/lib/python3.10/site-packages'
[1.467s] Level 1:colcon.colcon_core.environment:checking '/home/agilex/agilex_ws/install/orbbec_description/bin'
[1.470s] INFO:colcon.colcon_core.shell:Creating package script '/home/agilex/agilex_ws/install/orbbec_description/share/orbbec_description/package.ps1'
[1.471s] INFO:colcon.colcon_core.shell:Creating package descriptor '/home/agilex/agilex_ws/install/orbbec_description/share/orbbec_description/package.dsv'
[1.471s] INFO:colcon.colcon_core.shell:Creating package script '/home/agilex/agilex_ws/install/orbbec_description/share/orbbec_description/package.sh'
[1.471s] INFO:colcon.colcon_core.shell:Creating package script '/home/agilex/agilex_ws/install/orbbec_description/share/orbbec_description/package.bash'
[1.471s] INFO:colcon.colcon_core.shell:Creating package script '/home/agilex/agilex_ws/install/orbbec_description/share/orbbec_description/package.zsh'
[1.471s] Level 1:colcon.colcon_core.environment:create_file_with_runtime_dependencies(/home/agilex/agilex_ws/install/orbbec_description/share/colcon-core/packages/orbbec_description)
[1.475s] Level 1:colcon.colcon_core.environment:create_environment_scripts_only(ydlidar_ros2_driver)
[1.478s] Level 1:colcon.colcon_core.environment:checking '/home/agilex/agilex_ws/install/ydlidar_ros2_driver' for CMake module files
[1.478s] Level 1:colcon.colcon_core.environment:checking '/home/agilex/agilex_ws/install/ydlidar_ros2_driver' for CMake config files
[1.478s] Level 1:colcon.colcon_core.shell:create_environment_hook('ydlidar_ros2_driver', 'cmake_prefix_path')
[1.481s] INFO:colcon.colcon_core.shell:Creating environment hook '/home/agilex/agilex_ws/install/ydlidar_ros2_driver/share/ydlidar_ros2_driver/hook/cmake_prefix_path.ps1'
[1.481s] INFO:colcon.colcon_core.shell:Creating environment descriptor '/home/agilex/agilex_ws/install/ydlidar_ros2_driver/share/ydlidar_ros2_driver/hook/cmake_prefix_path.dsv'
[1.482s] INFO:colcon.colcon_core.shell:Creating environment hook '/home/agilex/agilex_ws/install/ydlidar_ros2_driver/share/ydlidar_ros2_driver/hook/cmake_prefix_path.sh'
[1.482s] Level 1:colcon.colcon_core.environment:checking '/home/agilex/agilex_ws/install/ydlidar_ros2_driver/lib'
[1.482s] Level 1:colcon.colcon_core.environment:checking '/home/agilex/agilex_ws/install/ydlidar_ros2_driver/bin'
[1.482s] Level 1:colcon.colcon_core.environment:checking '/home/agilex/agilex_ws/install/ydlidar_ros2_driver/lib/pkgconfig/ydlidar_ros2_driver.pc'
[1.482s] Level 1:colcon.colcon_core.environment:checking '/home/agilex/agilex_ws/install/ydlidar_ros2_driver/lib/python3.10/site-packages'
[1.482s] Level 1:colcon.colcon_core.environment:checking '/home/agilex/agilex_ws/install/ydlidar_ros2_driver/bin'
[1.486s] INFO:colcon.colcon_core.shell:Creating package script '/home/agilex/agilex_ws/install/ydlidar_ros2_driver/share/ydlidar_ros2_driver/package.ps1'
[1.486s] INFO:colcon.colcon_core.shell:Creating package descriptor '/home/agilex/agilex_ws/install/ydlidar_ros2_driver/share/ydlidar_ros2_driver/package.dsv'
[1.486s] INFO:colcon.colcon_core.shell:Creating package script '/home/agilex/agilex_ws/install/ydlidar_ros2_driver/share/ydlidar_ros2_driver/package.sh'
[1.486s] INFO:colcon.colcon_core.shell:Creating package script '/home/agilex/agilex_ws/install/ydlidar_ros2_driver/share/ydlidar_ros2_driver/package.bash'
[1.487s] INFO:colcon.colcon_core.shell:Creating package script '/home/agilex/agilex_ws/install/ydlidar_ros2_driver/share/ydlidar_ros2_driver/package.zsh'
[1.487s] Level 1:colcon.colcon_core.environment:create_file_with_runtime_dependencies(/home/agilex/agilex_ws/install/ydlidar_ros2_driver/share/colcon-core/packages/ydlidar_ros2_driver)
[1.490s] Level 1:colcon.colcon_core.environment:create_environment_scripts_only(rf2o_laser_odometry)
[1.493s] Level 1:colcon.colcon_core.environment:checking '/home/agilex/agilex_ws/install/rf2o_laser_odometry' for CMake module files
[1.494s] Level 1:colcon.colcon_core.environment:checking '/home/agilex/agilex_ws/install/rf2o_laser_odometry' for CMake config files
[1.494s] Level 1:colcon.colcon_core.shell:create_environment_hook('rf2o_laser_odometry', 'cmake_prefix_path')
[1.497s] INFO:colcon.colcon_core.shell:Creating environment hook '/home/agilex/agilex_ws/install/rf2o_laser_odometry/share/rf2o_laser_odometry/hook/cmake_prefix_path.ps1'
[1.497s] INFO:colcon.colcon_core.shell:Creating environment descriptor '/home/agilex/agilex_ws/install/rf2o_laser_odometry/share/rf2o_laser_odometry/hook/cmake_prefix_path.dsv'
[1.497s] INFO:colcon.colcon_core.shell:Creating environment hook '/home/agilex/agilex_ws/install/rf2o_laser_odometry/share/rf2o_laser_odometry/hook/cmake_prefix_path.sh'
[1.497s] Level 1:colcon.colcon_core.environment:checking '/home/agilex/agilex_ws/install/rf2o_laser_odometry/lib'
[1.497s] Level 1:colcon.colcon_core.environment:checking '/home/agilex/agilex_ws/install/rf2o_laser_odometry/bin'
[1.497s] Level 1:colcon.colcon_core.environment:checking '/home/agilex/agilex_ws/install/rf2o_laser_odometry/lib/pkgconfig/rf2o_laser_odometry.pc'
[1.498s] Level 1:colcon.colcon_core.environment:checking '/home/agilex/agilex_ws/install/rf2o_laser_odometry/lib/python3.10/site-packages'
[1.498s] Level 1:colcon.colcon_core.environment:checking '/home/agilex/agilex_ws/install/rf2o_laser_odometry/bin'
[1.501s] INFO:colcon.colcon_core.shell:Creating package script '/home/agilex/agilex_ws/install/rf2o_laser_odometry/share/rf2o_laser_odometry/package.ps1'
[1.501s] INFO:colcon.colcon_core.shell:Creating package descriptor '/home/agilex/agilex_ws/install/rf2o_laser_odometry/share/rf2o_laser_odometry/package.dsv'
[1.501s] INFO:colcon.colcon_core.shell:Creating package script '/home/agilex/agilex_ws/install/rf2o_laser_odometry/share/rf2o_laser_odometry/package.sh'
[1.502s] INFO:colcon.colcon_core.shell:Creating package script '/home/agilex/agilex_ws/install/rf2o_laser_odometry/share/rf2o_laser_odometry/package.bash'
[1.502s] INFO:colcon.colcon_core.shell:Creating package script '/home/agilex/agilex_ws/install/rf2o_laser_odometry/share/rf2o_laser_odometry/package.zsh'
[1.502s] Level 1:colcon.colcon_core.environment:create_file_with_runtime_dependencies(/home/agilex/agilex_ws/install/rf2o_laser_odometry/share/colcon-core/packages/rf2o_laser_odometry)
[1.507s] Level 1:colcon.colcon_core.environment:create_environment_scripts_only(aruco_msgs)
[1.507s] DEBUG:colcon.colcon_core.event_handler.log_command:Invoking command in '/home/agilex/agilex_ws/src/yolov5_ros2': PYTHONPATH=/home/agilex/agilex_ws/build/yolov5_ros2/prefix_override:/home/agilex/agilex_ws/install/yolov5_ros2/lib/python3.10/site-packages: /usr/bin/python3 setup.py egg_info --egg-base ../../build/yolov5_ros2 build --build-base /home/agilex/agilex_ws/build/yolov5_ros2/build install --record /home/agilex/agilex_ws/build/yolov5_ros2/install.log --single-version-externally-managed
[1.513s] DEBUG:colcon.colcon_core.event_handler.log_command:Invoked command in '/home/agilex/agilex_ws/build/aruco_msgs' returned '0': /usr/bin/cmake --install /home/agilex/agilex_ws/build/aruco_msgs
[1.516s] Level 1:colcon.colcon_core.environment:checking '/home/agilex/agilex_ws/install/aruco_msgs' for CMake module files
[1.516s] Level 1:colcon.colcon_core.environment:checking '/home/agilex/agilex_ws/install/aruco_msgs' for CMake config files
[1.517s] Level 1:colcon.colcon_core.shell:create_environment_hook('aruco_msgs', 'cmake_prefix_path')
[1.520s] INFO:colcon.colcon_core.shell:Creating environment hook '/home/agilex/agilex_ws/install/aruco_msgs/share/aruco_msgs/hook/cmake_prefix_path.ps1'
[1.520s] INFO:colcon.colcon_core.shell:Creating environment descriptor '/home/agilex/agilex_ws/install/aruco_msgs/share/aruco_msgs/hook/cmake_prefix_path.dsv'
[1.521s] INFO:colcon.colcon_core.shell:Creating environment hook '/home/agilex/agilex_ws/install/aruco_msgs/share/aruco_msgs/hook/cmake_prefix_path.sh'
[1.521s] Level 1:colcon.colcon_core.environment:checking '/home/agilex/agilex_ws/install/aruco_msgs/lib'
[1.521s] Level 1:colcon.colcon_core.shell:create_environment_hook('aruco_msgs', 'ld_library_path_lib')
[1.525s] INFO:colcon.colcon_core.shell:Creating environment hook '/home/agilex/agilex_ws/install/aruco_msgs/share/aruco_msgs/hook/ld_library_path_lib.ps1'
[1.525s] INFO:colcon.colcon_core.shell:Creating environment descriptor '/home/agilex/agilex_ws/install/aruco_msgs/share/aruco_msgs/hook/ld_library_path_lib.dsv'
[1.526s] INFO:colcon.colcon_core.shell:Creating environment hook '/home/agilex/agilex_ws/install/aruco_msgs/share/aruco_msgs/hook/ld_library_path_lib.sh'
[1.527s] Level 1:colcon.colcon_core.environment:checking '/home/agilex/agilex_ws/install/aruco_msgs/bin'
[1.528s] Level 1:colcon.colcon_core.environment:checking '/home/agilex/agilex_ws/install/aruco_msgs/lib/pkgconfig/aruco_msgs.pc'
[1.528s] Level 1:colcon.colcon_core.environment:checking '/home/agilex/agilex_ws/install/aruco_msgs/lib/python3.10/site-packages'
[1.528s] Level 1:colcon.colcon_core.environment:checking '/home/agilex/agilex_ws/install/aruco_msgs/bin'
[1.533s] INFO:colcon.colcon_core.shell:Creating package script '/home/agilex/agilex_ws/install/aruco_msgs/share/aruco_msgs/package.ps1'
[1.533s] INFO:colcon.colcon_core.shell:Creating package descriptor '/home/agilex/agilex_ws/install/aruco_msgs/share/aruco_msgs/package.dsv'
[1.534s] INFO:colcon.colcon_core.shell:Creating package script '/home/agilex/agilex_ws/install/aruco_msgs/share/aruco_msgs/package.sh'
[1.534s] INFO:colcon.colcon_core.shell:Creating package script '/home/agilex/agilex_ws/install/aruco_msgs/share/aruco_msgs/package.bash'
[1.534s] INFO:colcon.colcon_core.shell:Creating package script '/home/agilex/agilex_ws/install/aruco_msgs/share/aruco_msgs/package.zsh'
[1.534s] Level 1:colcon.colcon_core.environment:create_file_with_runtime_dependencies(/home/agilex/agilex_ws/install/aruco_msgs/share/colcon-core/packages/aruco_msgs)
[1.538s] Level 1:colcon.colcon_core.environment:create_environment_scripts_only(limo_visions)
[1.542s] Level 1:colcon.colcon_core.environment:checking '/home/agilex/agilex_ws/install/limo_visions' for CMake module files
[1.542s] Level 1:colcon.colcon_core.environment:checking '/home/agilex/agilex_ws/install/limo_visions' for CMake config files
[1.542s] Level 1:colcon.colcon_core.shell:create_environment_hook('limo_visions', 'cmake_prefix_path')
[1.546s] INFO:colcon.colcon_core.shell:Creating environment hook '/home/agilex/agilex_ws/install/limo_visions/share/limo_visions/hook/cmake_prefix_path.ps1'
[1.546s] INFO:colcon.colcon_core.shell:Creating environment descriptor '/home/agilex/agilex_ws/install/limo_visions/share/limo_visions/hook/cmake_prefix_path.dsv'
[1.546s] INFO:colcon.colcon_core.shell:Creating environment hook '/home/agilex/agilex_ws/install/limo_visions/share/limo_visions/hook/cmake_prefix_path.sh'
[1.547s] Level 1:colcon.colcon_core.environment:checking '/home/agilex/agilex_ws/install/limo_visions/lib'
[1.547s] Level 1:colcon.colcon_core.environment:checking '/home/agilex/agilex_ws/install/limo_visions/bin'
[1.547s] Level 1:colcon.colcon_core.environment:checking '/home/agilex/agilex_ws/install/limo_visions/lib/pkgconfig/limo_visions.pc'
[1.547s] Level 1:colcon.colcon_core.environment:checking '/home/agilex/agilex_ws/install/limo_visions/lib/python3.10/site-packages'
[1.547s] Level 1:colcon.colcon_core.environment:checking '/home/agilex/agilex_ws/install/limo_visions/bin'
[1.550s] INFO:colcon.colcon_core.shell:Creating package script '/home/agilex/agilex_ws/install/limo_visions/share/limo_visions/package.ps1'
[1.551s] INFO:colcon.colcon_core.shell:Creating package descriptor '/home/agilex/agilex_ws/install/limo_visions/share/limo_visions/package.dsv'
[1.551s] INFO:colcon.colcon_core.shell:Creating package script '/home/agilex/agilex_ws/install/limo_visions/share/limo_visions/package.sh'
[1.551s] INFO:colcon.colcon_core.shell:Creating package script '/home/agilex/agilex_ws/install/limo_visions/share/limo_visions/package.bash'
[1.552s] INFO:colcon.colcon_core.shell:Creating package script '/home/agilex/agilex_ws/install/limo_visions/share/limo_visions/package.zsh'
[1.552s] Level 1:colcon.colcon_core.environment:create_file_with_runtime_dependencies(/home/agilex/agilex_ws/install/limo_visions/share/colcon-core/packages/limo_visions)
[1.556s] Level 1:colcon.colcon_core.environment:create_environment_scripts_only(aruco)
[1.560s] Level 1:colcon.colcon_core.environment:checking '/home/agilex/agilex_ws/install/aruco' for CMake module files
[1.560s] Level 1:colcon.colcon_core.environment:checking '/home/agilex/agilex_ws/install/aruco' for CMake config files
[1.560s] Level 1:colcon.colcon_core.shell:create_environment_hook('aruco', 'cmake_prefix_path')
[1.564s] INFO:colcon.colcon_core.shell:Creating environment hook '/home/agilex/agilex_ws/install/aruco/share/aruco/hook/cmake_prefix_path.ps1'
[1.565s] INFO:colcon.colcon_core.shell:Creating environment descriptor '/home/agilex/agilex_ws/install/aruco/share/aruco/hook/cmake_prefix_path.dsv'
[1.565s] INFO:colcon.colcon_core.shell:Creating environment hook '/home/agilex/agilex_ws/install/aruco/share/aruco/hook/cmake_prefix_path.sh'
[1.565s] Level 1:colcon.colcon_core.environment:checking '/home/agilex/agilex_ws/install/aruco/lib'
[1.565s] Level 1:colcon.colcon_core.shell:create_environment_hook('aruco', 'ld_library_path_lib')
[1.569s] INFO:colcon.colcon_core.shell:Creating environment hook '/home/agilex/agilex_ws/install/aruco/share/aruco/hook/ld_library_path_lib.ps1'
[1.569s] INFO:colcon.colcon_core.shell:Creating environment descriptor '/home/agilex/agilex_ws/install/aruco/share/aruco/hook/ld_library_path_lib.dsv'
[1.569s] INFO:colcon.colcon_core.shell:Creating environment hook '/home/agilex/agilex_ws/install/aruco/share/aruco/hook/ld_library_path_lib.sh'
[1.569s] Level 1:colcon.colcon_core.environment:checking '/home/agilex/agilex_ws/install/aruco/bin'
[1.569s] Level 1:colcon.colcon_core.environment:checking '/home/agilex/agilex_ws/install/aruco/lib/pkgconfig/aruco.pc'
[1.569s] Level 1:colcon.colcon_core.environment:checking '/home/agilex/agilex_ws/install/aruco/lib/python3.10/site-packages'
[1.570s] Level 1:colcon.colcon_core.environment:checking '/home/agilex/agilex_ws/install/aruco/bin'
[1.573s] INFO:colcon.colcon_core.shell:Creating package script '/home/agilex/agilex_ws/install/aruco/share/aruco/package.ps1'
[1.573s] INFO:colcon.colcon_core.shell:Creating package descriptor '/home/agilex/agilex_ws/install/aruco/share/aruco/package.dsv'
[1.574s] INFO:colcon.colcon_core.shell:Creating package script '/home/agilex/agilex_ws/install/aruco/share/aruco/package.sh'
[1.574s] INFO:colcon.colcon_core.shell:Creating package script '/home/agilex/agilex_ws/install/aruco/share/aruco/package.bash'
[1.574s] INFO:colcon.colcon_core.shell:Creating package script '/home/agilex/agilex_ws/install/aruco/share/aruco/package.zsh'
[1.574s] Level 1:colcon.colcon_core.environment:create_file_with_runtime_dependencies(/home/agilex/agilex_ws/install/aruco/share/colcon-core/packages/aruco)
[1.578s] Level 1:colcon.colcon_core.environment:create_environment_scripts_only(nav2_common)
[1.582s] Level 1:colcon.colcon_core.environment:checking '/home/agilex/agilex_ws/install/nav2_common' for CMake module files
[1.582s] Level 1:colcon.colcon_core.environment:checking '/home/agilex/agilex_ws/install/nav2_common' for CMake config files
[1.582s] Level 1:colcon.colcon_core.shell:create_environment_hook('nav2_common', 'cmake_prefix_path')
[1.585s] INFO:colcon.colcon_core.shell:Creating environment hook '/home/agilex/agilex_ws/install/nav2_common/share/nav2_common/hook/cmake_prefix_path.ps1'
[1.586s] INFO:colcon.colcon_core.shell:Creating environment descriptor '/home/agilex/agilex_ws/install/nav2_common/share/nav2_common/hook/cmake_prefix_path.dsv'
[1.586s] INFO:colcon.colcon_core.shell:Creating environment hook '/home/agilex/agilex_ws/install/nav2_common/share/nav2_common/hook/cmake_prefix_path.sh'
[1.586s] Level 1:colcon.colcon_core.environment:checking '/home/agilex/agilex_ws/install/nav2_common/bin'
[1.586s] Level 1:colcon.colcon_core.environment:checking '/home/agilex/agilex_ws/install/nav2_common/lib/pkgconfig/nav2_common.pc'
[1.586s] Level 1:colcon.colcon_core.environment:checking '/home/agilex/agilex_ws/install/nav2_common/lib/python3.10/site-packages'
[1.586s] Level 1:colcon.colcon_core.environment:checking '/home/agilex/agilex_ws/install/nav2_common/bin'
[1.589s] INFO:colcon.colcon_core.shell:Creating package script '/home/agilex/agilex_ws/install/nav2_common/share/nav2_common/package.ps1'
[1.590s] INFO:colcon.colcon_core.shell:Creating package descriptor '/home/agilex/agilex_ws/install/nav2_common/share/nav2_common/package.dsv'
[1.590s] INFO:colcon.colcon_core.shell:Creating package script '/home/agilex/agilex_ws/install/nav2_common/share/nav2_common/package.sh'
[1.590s] INFO:colcon.colcon_core.shell:Creating package script '/home/agilex/agilex_ws/install/nav2_common/share/nav2_common/package.bash'
[1.590s] INFO:colcon.colcon_core.shell:Creating package script '/home/agilex/agilex_ws/install/nav2_common/share/nav2_common/package.zsh'
[1.590s] Level 1:colcon.colcon_core.environment:create_file_with_runtime_dependencies(/home/agilex/agilex_ws/install/nav2_common/share/colcon-core/packages/nav2_common)
[1.594s] Level 1:colcon.colcon_core.environment:create_environment_scripts_only(limo_msgs)
[1.597s] Level 1:colcon.colcon_core.environment:checking '/home/agilex/agilex_ws/install/limo_msgs' for CMake module files
[1.597s] Level 1:colcon.colcon_core.environment:checking '/home/agilex/agilex_ws/install/limo_msgs' for CMake config files
[1.598s] Level 1:colcon.colcon_core.shell:create_environment_hook('limo_msgs', 'cmake_prefix_path')
[1.601s] INFO:colcon.colcon_core.shell:Creating environment hook '/home/agilex/agilex_ws/install/limo_msgs/share/limo_msgs/hook/cmake_prefix_path.ps1'
[1.601s] INFO:colcon.colcon_core.shell:Creating environment descriptor '/home/agilex/agilex_ws/install/limo_msgs/share/limo_msgs/hook/cmake_prefix_path.dsv'
[1.601s] INFO:colcon.colcon_core.shell:Creating environment hook '/home/agilex/agilex_ws/install/limo_msgs/share/limo_msgs/hook/cmake_prefix_path.sh'
[1.601s] Level 1:colcon.colcon_core.environment:checking '/home/agilex/agilex_ws/install/limo_msgs/lib'
[1.601s] Level 1:colcon.colcon_core.shell:create_environment_hook('limo_msgs', 'ld_library_path_lib')
[1.604s] INFO:colcon.colcon_core.shell:Creating environment hook '/home/agilex/agilex_ws/install/limo_msgs/share/limo_msgs/hook/ld_library_path_lib.ps1'
[1.604s] INFO:colcon.colcon_core.shell:Creating environment descriptor '/home/agilex/agilex_ws/install/limo_msgs/share/limo_msgs/hook/ld_library_path_lib.dsv'
[1.605s] INFO:colcon.colcon_core.shell:Creating environment hook '/home/agilex/agilex_ws/install/limo_msgs/share/limo_msgs/hook/ld_library_path_lib.sh'
[1.605s] Level 1:colcon.colcon_core.environment:checking '/home/agilex/agilex_ws/install/limo_msgs/bin'
[1.605s] Level 1:colcon.colcon_core.environment:checking '/home/agilex/agilex_ws/install/limo_msgs/lib/pkgconfig/limo_msgs.pc'
[1.605s] Level 1:colcon.colcon_core.environment:checking '/home/agilex/agilex_ws/install/limo_msgs/lib/python3.10/site-packages'
[1.605s] Level 1:colcon.colcon_core.environment:checking '/home/agilex/agilex_ws/install/limo_msgs/bin'
[1.608s] INFO:colcon.colcon_core.shell:Creating package script '/home/agilex/agilex_ws/install/limo_msgs/share/limo_msgs/package.ps1'
[1.608s] INFO:colcon.colcon_core.shell:Creating package descriptor '/home/agilex/agilex_ws/install/limo_msgs/share/limo_msgs/package.dsv'
[1.608s] INFO:colcon.colcon_core.shell:Creating package script '/home/agilex/agilex_ws/install/limo_msgs/share/limo_msgs/package.sh'
[1.609s] INFO:colcon.colcon_core.shell:Creating package script '/home/agilex/agilex_ws/install/limo_msgs/share/limo_msgs/package.bash'
[1.609s] INFO:colcon.colcon_core.shell:Creating package script '/home/agilex/agilex_ws/install/limo_msgs/share/limo_msgs/package.zsh'
[1.609s] Level 1:colcon.colcon_core.environment:create_file_with_runtime_dependencies(/home/agilex/agilex_ws/install/limo_msgs/share/colcon-core/packages/limo_msgs)
[1.614s] Level 1:colcon.colcon_core.environment:create_environment_scripts_only(csm)
[1.618s] Level 1:colcon.colcon_core.environment:checking '/home/agilex/agilex_ws/install/csm' for CMake module files
[1.618s] Level 1:colcon.colcon_core.environment:checking '/home/agilex/agilex_ws/install/csm' for CMake config files
[1.618s] Level 1:colcon.colcon_core.shell:create_environment_hook('csm', 'cmake_prefix_path')
[1.621s] INFO:colcon.colcon_core.shell:Creating environment hook '/home/agilex/agilex_ws/install/csm/share/csm/hook/cmake_prefix_path.ps1'
[1.622s] INFO:colcon.colcon_core.shell:Creating environment descriptor '/home/agilex/agilex_ws/install/csm/share/csm/hook/cmake_prefix_path.dsv'
[1.622s] INFO:colcon.colcon_core.shell:Creating environment hook '/home/agilex/agilex_ws/install/csm/share/csm/hook/cmake_prefix_path.sh'
[1.622s] Level 1:colcon.colcon_core.environment:checking '/home/agilex/agilex_ws/install/csm/lib'
[1.622s] Level 1:colcon.colcon_core.shell:create_environment_hook('csm', 'ld_library_path_lib')
[1.625s] INFO:colcon.colcon_core.shell:Creating environment hook '/home/agilex/agilex_ws/install/csm/share/csm/hook/ld_library_path_lib.ps1'
[1.625s] INFO:colcon.colcon_core.shell:Creating environment descriptor '/home/agilex/agilex_ws/install/csm/share/csm/hook/ld_library_path_lib.dsv'
[1.625s] INFO:colcon.colcon_core.shell:Creating environment hook '/home/agilex/agilex_ws/install/csm/share/csm/hook/ld_library_path_lib.sh'
[1.626s] Level 1:colcon.colcon_core.environment:checking '/home/agilex/agilex_ws/install/csm/bin'
[1.626s] Level 1:colcon.colcon_core.environment:checking '/home/agilex/agilex_ws/install/csm/lib/pkgconfig/csm.pc'
[1.626s] Level 1:colcon.colcon_core.environment:checking '/home/agilex/agilex_ws/install/csm/lib/python3.10/site-packages'
[1.626s] Level 1:colcon.colcon_core.environment:checking '/home/agilex/agilex_ws/install/csm/bin'
[1.630s] INFO:colcon.colcon_core.shell:Creating package script '/home/agilex/agilex_ws/install/csm/share/csm/package.ps1'
[1.630s] INFO:colcon.colcon_core.shell:Creating package descriptor '/home/agilex/agilex_ws/install/csm/share/csm/package.dsv'
[1.630s] INFO:colcon.colcon_core.shell:Creating package script '/home/agilex/agilex_ws/install/csm/share/csm/package.sh'
[1.630s] INFO:colcon.colcon_core.shell:Creating package script '/home/agilex/agilex_ws/install/csm/share/csm/package.bash'
[1.631s] INFO:colcon.colcon_core.shell:Creating package script '/home/agilex/agilex_ws/install/csm/share/csm/package.zsh'
[1.631s] Level 1:colcon.colcon_core.environment:create_file_with_runtime_dependencies(/home/agilex/agilex_ws/install/csm/share/colcon-core/packages/csm)
[1.631s] Level 1:colcon.colcon_core.environment:create_environment_scripts_only(orbbec_camera_msgs)
[1.632s] DEBUG:colcon.colcon_core.event_handler.log_command:Invoked command in '/home/agilex/agilex_ws/build/orbbec_camera_msgs' returned '0': /usr/bin/cmake --install /home/agilex/agilex_ws/build/orbbec_camera_msgs
[1.634s] Level 1:colcon.colcon_core.environment:checking '/home/agilex/agilex_ws/install/orbbec_camera_msgs' for CMake module files
[1.635s] Level 1:colcon.colcon_core.environment:checking '/home/agilex/agilex_ws/install/orbbec_camera_msgs' for CMake config files
[1.635s] Level 1:colcon.colcon_core.shell:create_environment_hook('orbbec_camera_msgs', 'cmake_prefix_path')
[1.638s] INFO:colcon.colcon_core.shell:Creating environment hook '/home/agilex/agilex_ws/install/orbbec_camera_msgs/share/orbbec_camera_msgs/hook/cmake_prefix_path.ps1'
[1.639s] INFO:colcon.colcon_core.shell:Creating environment descriptor '/home/agilex/agilex_ws/install/orbbec_camera_msgs/share/orbbec_camera_msgs/hook/cmake_prefix_path.dsv'
[1.639s] INFO:colcon.colcon_core.shell:Creating environment hook '/home/agilex/agilex_ws/install/orbbec_camera_msgs/share/orbbec_camera_msgs/hook/cmake_prefix_path.sh'
[1.639s] Level 1:colcon.colcon_core.environment:checking '/home/agilex/agilex_ws/install/orbbec_camera_msgs/lib'
[1.639s] Level 1:colcon.colcon_core.shell:create_environment_hook('orbbec_camera_msgs', 'ld_library_path_lib')
[1.643s] INFO:colcon.colcon_core.shell:Creating environment hook '/home/agilex/agilex_ws/install/orbbec_camera_msgs/share/orbbec_camera_msgs/hook/ld_library_path_lib.ps1'
[1.643s] INFO:colcon.colcon_core.shell:Creating environment descriptor '/home/agilex/agilex_ws/install/orbbec_camera_msgs/share/orbbec_camera_msgs/hook/ld_library_path_lib.dsv'
[1.643s] INFO:colcon.colcon_core.shell:Creating environment hook '/home/agilex/agilex_ws/install/orbbec_camera_msgs/share/orbbec_camera_msgs/hook/ld_library_path_lib.sh'
[1.643s] Level 1:colcon.colcon_core.environment:checking '/home/agilex/agilex_ws/install/orbbec_camera_msgs/bin'
[1.643s] Level 1:colcon.colcon_core.environment:checking '/home/agilex/agilex_ws/install/orbbec_camera_msgs/lib/pkgconfig/orbbec_camera_msgs.pc'
[1.643s] Level 1:colcon.colcon_core.environment:checking '/home/agilex/agilex_ws/install/orbbec_camera_msgs/lib/python3.10/site-packages'
[1.643s] Level 1:colcon.colcon_core.environment:checking '/home/agilex/agilex_ws/install/orbbec_camera_msgs/bin'
[1.646s] INFO:colcon.colcon_core.shell:Creating package script '/home/agilex/agilex_ws/install/orbbec_camera_msgs/share/orbbec_camera_msgs/package.ps1'
[1.647s] INFO:colcon.colcon_core.shell:Creating package descriptor '/home/agilex/agilex_ws/install/orbbec_camera_msgs/share/orbbec_camera_msgs/package.dsv'
[1.647s] INFO:colcon.colcon_core.shell:Creating package script '/home/agilex/agilex_ws/install/orbbec_camera_msgs/share/orbbec_camera_msgs/package.sh'
[1.647s] INFO:colcon.colcon_core.shell:Creating package script '/home/agilex/agilex_ws/install/orbbec_camera_msgs/share/orbbec_camera_msgs/package.bash'
[1.647s] INFO:colcon.colcon_core.shell:Creating package script '/home/agilex/agilex_ws/install/orbbec_camera_msgs/share/orbbec_camera_msgs/package.zsh'
[1.647s] Level 1:colcon.colcon_core.environment:create_file_with_runtime_dependencies(/home/agilex/agilex_ws/install/orbbec_camera_msgs/share/colcon-core/packages/orbbec_camera_msgs)
[1.648s] Level 1:colcon.colcon_core.environment:create_environment_scripts_only(costmap_converter_msgs)
[1.648s] DEBUG:colcon.colcon_core.event_handler.log_command:Invoked command in '/home/agilex/agilex_ws/build/costmap_converter_msgs' returned '0': /usr/bin/cmake --install /home/agilex/agilex_ws/build/costmap_converter_msgs
[1.651s] Level 1:colcon.colcon_core.environment:checking '/home/agilex/agilex_ws/install/costmap_converter_msgs' for CMake module files
[1.652s] Level 1:colcon.colcon_core.environment:checking '/home/agilex/agilex_ws/install/costmap_converter_msgs' for CMake config files
[1.652s] Level 1:colcon.colcon_core.shell:create_environment_hook('costmap_converter_msgs', 'cmake_prefix_path')
[1.655s] INFO:colcon.colcon_core.shell:Creating environment hook '/home/agilex/agilex_ws/install/costmap_converter_msgs/share/costmap_converter_msgs/hook/cmake_prefix_path.ps1'
[1.655s] INFO:colcon.colcon_core.shell:Creating environment descriptor '/home/agilex/agilex_ws/install/costmap_converter_msgs/share/costmap_converter_msgs/hook/cmake_prefix_path.dsv'
[1.655s] INFO:colcon.colcon_core.shell:Creating environment hook '/home/agilex/agilex_ws/install/costmap_converter_msgs/share/costmap_converter_msgs/hook/cmake_prefix_path.sh'
[1.655s] Level 1:colcon.colcon_core.environment:checking '/home/agilex/agilex_ws/install/costmap_converter_msgs/lib'
[1.655s] Level 1:colcon.colcon_core.shell:create_environment_hook('costmap_converter_msgs', 'ld_library_path_lib')
[1.658s] INFO:colcon.colcon_core.shell:Creating environment hook '/home/agilex/agilex_ws/install/costmap_converter_msgs/share/costmap_converter_msgs/hook/ld_library_path_lib.ps1'
[1.658s] INFO:colcon.colcon_core.shell:Creating environment descriptor '/home/agilex/agilex_ws/install/costmap_converter_msgs/share/costmap_converter_msgs/hook/ld_library_path_lib.dsv'
[1.659s] INFO:colcon.colcon_core.shell:Creating environment hook '/home/agilex/agilex_ws/install/costmap_converter_msgs/share/costmap_converter_msgs/hook/ld_library_path_lib.sh'
[1.659s] Level 1:colcon.colcon_core.environment:checking '/home/agilex/agilex_ws/install/costmap_converter_msgs/bin'
[1.659s] Level 1:colcon.colcon_core.environment:checking '/home/agilex/agilex_ws/install/costmap_converter_msgs/lib/pkgconfig/costmap_converter_msgs.pc'
[1.659s] Level 1:colcon.colcon_core.environment:checking '/home/agilex/agilex_ws/install/costmap_converter_msgs/lib/python3.10/site-packages'
[1.659s] Level 1:colcon.colcon_core.environment:checking '/home/agilex/agilex_ws/install/costmap_converter_msgs/bin'
[1.662s] INFO:colcon.colcon_core.shell:Creating package script '/home/agilex/agilex_ws/install/costmap_converter_msgs/share/costmap_converter_msgs/package.ps1'
[1.662s] INFO:colcon.colcon_core.shell:Creating package descriptor '/home/agilex/agilex_ws/install/costmap_converter_msgs/share/costmap_converter_msgs/package.dsv'
[1.663s] INFO:colcon.colcon_core.shell:Creating package script '/home/agilex/agilex_ws/install/costmap_converter_msgs/share/costmap_converter_msgs/package.sh'
[1.663s] INFO:colcon.colcon_core.shell:Creating package script '/home/agilex/agilex_ws/install/costmap_converter_msgs/share/costmap_converter_msgs/package.bash'
[1.663s] INFO:colcon.colcon_core.shell:Creating package script '/home/agilex/agilex_ws/install/costmap_converter_msgs/share/costmap_converter_msgs/package.zsh'
[1.663s] Level 1:colcon.colcon_core.environment:create_file_with_runtime_dependencies(/home/agilex/agilex_ws/install/costmap_converter_msgs/share/colcon-core/packages/costmap_converter_msgs)
[1.666s] INFO:colcon.colcon_ros.task.ament_cmake.build:Building ROS package in '/home/agilex/agilex_ws/src/navigation2/nav2_msgs' with build type 'ament_cmake'
[1.666s] INFO:colcon.colcon_cmake.task.cmake.build:Building CMake package in '/home/agilex/agilex_ws/src/navigation2/nav2_msgs'
[1.673s] INFO:colcon.colcon_core.shell:Skip shell extension 'powershell' for command environment: Not usable outside of PowerShell
[1.673s] DEBUG:colcon.colcon_core.shell:Skip shell extension 'dsv' for command environment
[1.676s] INFO:colcon.colcon_ros.task.ament_cmake.build:Building ROS package in '/home/agilex/agilex_ws/src/navigation2/nav2_voxel_grid' with build type 'ament_cmake'
[1.676s] INFO:colcon.colcon_cmake.task.cmake.build:Building CMake package in '/home/agilex/agilex_ws/src/navigation2/nav2_voxel_grid'
[1.681s] INFO:colcon.colcon_core.shell:Skip shell extension 'powershell' for command environment: Not usable outside of PowerShell
[1.681s] DEBUG:colcon.colcon_core.shell:Skip shell extension 'dsv' for command environment
[1.685s] INFO:colcon.colcon_ros.task.ament_cmake.build:Building ROS package in '/home/agilex/agilex_ws/src/limo_ros2/limo_base' with build type 'ament_cmake'
[1.685s] INFO:colcon.colcon_cmake.task.cmake.build:Building CMake package in '/home/agilex/agilex_ws/src/limo_ros2/limo_base'
[1.690s] INFO:colcon.colcon_core.shell:Skip shell extension 'powershell' for command environment: Not usable outside of PowerShell
[1.691s] DEBUG:colcon.colcon_core.shell:Skip shell extension 'dsv' for command environment
[1.695s] Level 1:colcon.colcon_core.environment:create_environment_scripts_only(nav_2d_msgs)
[1.696s] DEBUG:colcon.colcon_core.event_handler.log_command:Invoked command in '/home/agilex/agilex_ws/build/nav_2d_msgs' returned '0': /usr/bin/cmake --install /home/agilex/agilex_ws/build/nav_2d_msgs
[1.703s] Level 1:colcon.colcon_core.environment:checking '/home/agilex/agilex_ws/install/nav_2d_msgs' for CMake module files
[1.704s] Level 1:colcon.colcon_core.environment:checking '/home/agilex/agilex_ws/install/nav_2d_msgs' for CMake config files
[1.705s] Level 1:colcon.colcon_core.shell:create_environment_hook('nav_2d_msgs', 'cmake_prefix_path')
[1.712s] INFO:colcon.colcon_core.shell:Creating environment hook '/home/agilex/agilex_ws/install/nav_2d_msgs/share/nav_2d_msgs/hook/cmake_prefix_path.ps1'
[1.712s] INFO:colcon.colcon_core.shell:Creating environment descriptor '/home/agilex/agilex_ws/install/nav_2d_msgs/share/nav_2d_msgs/hook/cmake_prefix_path.dsv'
[1.712s] INFO:colcon.colcon_core.shell:Creating environment hook '/home/agilex/agilex_ws/install/nav_2d_msgs/share/nav_2d_msgs/hook/cmake_prefix_path.sh'
[1.712s] Level 1:colcon.colcon_core.environment:checking '/home/agilex/agilex_ws/install/nav_2d_msgs/lib'
[1.712s] Level 1:colcon.colcon_core.shell:create_environment_hook('nav_2d_msgs', 'ld_library_path_lib')
[1.716s] INFO:colcon.colcon_core.shell:Creating environment hook '/home/agilex/agilex_ws/install/nav_2d_msgs/share/nav_2d_msgs/hook/ld_library_path_lib.ps1'
[1.716s] INFO:colcon.colcon_core.shell:Creating environment descriptor '/home/agilex/agilex_ws/install/nav_2d_msgs/share/nav_2d_msgs/hook/ld_library_path_lib.dsv'
[1.716s] INFO:colcon.colcon_core.shell:Creating environment hook '/home/agilex/agilex_ws/install/nav_2d_msgs/share/nav_2d_msgs/hook/ld_library_path_lib.sh'
[1.716s] Level 1:colcon.colcon_core.environment:checking '/home/agilex/agilex_ws/install/nav_2d_msgs/bin'
[1.716s] Level 1:colcon.colcon_core.environment:checking '/home/agilex/agilex_ws/install/nav_2d_msgs/lib/pkgconfig/nav_2d_msgs.pc'
[1.717s] Level 1:colcon.colcon_core.environment:checking '/home/agilex/agilex_ws/install/nav_2d_msgs/lib/python3.10/site-packages'
[1.717s] Level 1:colcon.colcon_core.environment:checking '/home/agilex/agilex_ws/install/nav_2d_msgs/bin'
[1.720s] INFO:colcon.colcon_core.shell:Creating package script '/home/agilex/agilex_ws/install/nav_2d_msgs/share/nav_2d_msgs/package.ps1'
[1.720s] INFO:colcon.colcon_core.shell:Creating package descriptor '/home/agilex/agilex_ws/install/nav_2d_msgs/share/nav_2d_msgs/package.dsv'
[1.720s] INFO:colcon.colcon_core.shell:Creating package script '/home/agilex/agilex_ws/install/nav_2d_msgs/share/nav_2d_msgs/package.sh'
[1.720s] INFO:colcon.colcon_core.shell:Creating package script '/home/agilex/agilex_ws/install/nav_2d_msgs/share/nav_2d_msgs/package.bash'
[1.720s] INFO:colcon.colcon_core.shell:Creating package script '/home/agilex/agilex_ws/install/nav_2d_msgs/share/nav_2d_msgs/package.zsh'
[1.721s] Level 1:colcon.colcon_core.environment:create_file_with_runtime_dependencies(/home/agilex/agilex_ws/install/nav_2d_msgs/share/colcon-core/packages/nav_2d_msgs)
[1.726s] Level 1:colcon.colcon_core.environment:create_environment_scripts_only(aruco_msgs)
[1.730s] Level 1:colcon.colcon_core.environment:checking '/home/agilex/agilex_ws/install/aruco_msgs' for CMake module files
[1.730s] Level 1:colcon.colcon_core.environment:checking '/home/agilex/agilex_ws/install/aruco_msgs' for CMake config files
[1.730s] Level 1:colcon.colcon_core.shell:create_environment_hook('aruco_msgs', 'cmake_prefix_path')
[1.734s] INFO:colcon.colcon_core.shell:Creating environment hook '/home/agilex/agilex_ws/install/aruco_msgs/share/aruco_msgs/hook/cmake_prefix_path.ps1'
[1.734s] INFO:colcon.colcon_core.shell:Creating environment descriptor '/home/agilex/agilex_ws/install/aruco_msgs/share/aruco_msgs/hook/cmake_prefix_path.dsv'
[1.734s] INFO:colcon.colcon_core.shell:Creating environment hook '/home/agilex/agilex_ws/install/aruco_msgs/share/aruco_msgs/hook/cmake_prefix_path.sh'
[1.735s] Level 1:colcon.colcon_core.environment:checking '/home/agilex/agilex_ws/install/aruco_msgs/lib'
[1.735s] Level 1:colcon.colcon_core.shell:create_environment_hook('aruco_msgs', 'ld_library_path_lib')
[1.738s] INFO:colcon.colcon_core.shell:Creating environment hook '/home/agilex/agilex_ws/install/aruco_msgs/share/aruco_msgs/hook/ld_library_path_lib.ps1'
[1.738s] INFO:colcon.colcon_core.shell:Creating environment descriptor '/home/agilex/agilex_ws/install/aruco_msgs/share/aruco_msgs/hook/ld_library_path_lib.dsv'
[1.738s] INFO:colcon.colcon_core.shell:Creating environment hook '/home/agilex/agilex_ws/install/aruco_msgs/share/aruco_msgs/hook/ld_library_path_lib.sh'
[1.738s] Level 1:colcon.colcon_core.environment:checking '/home/agilex/agilex_ws/install/aruco_msgs/bin'
[1.738s] Level 1:colcon.colcon_core.environment:checking '/home/agilex/agilex_ws/install/aruco_msgs/lib/pkgconfig/aruco_msgs.pc'
[1.738s] Level 1:colcon.colcon_core.environment:checking '/home/agilex/agilex_ws/install/aruco_msgs/lib/python3.10/site-packages'
[1.738s] Level 1:colcon.colcon_core.environment:checking '/home/agilex/agilex_ws/install/aruco_msgs/bin'
[1.741s] INFO:colcon.colcon_core.shell:Creating package script '/home/agilex/agilex_ws/install/aruco_msgs/share/aruco_msgs/package.ps1'
[1.742s] INFO:colcon.colcon_core.shell:Creating package descriptor '/home/agilex/agilex_ws/install/aruco_msgs/share/aruco_msgs/package.dsv'
[1.742s] INFO:colcon.colcon_core.shell:Creating package script '/home/agilex/agilex_ws/install/aruco_msgs/share/aruco_msgs/package.sh'
[1.742s] INFO:colcon.colcon_core.shell:Creating package script '/home/agilex/agilex_ws/install/aruco_msgs/share/aruco_msgs/package.bash'
[1.742s] INFO:colcon.colcon_core.shell:Creating package script '/home/agilex/agilex_ws/install/aruco_msgs/share/aruco_msgs/package.zsh'
[1.742s] Level 1:colcon.colcon_core.environment:create_file_with_runtime_dependencies(/home/agilex/agilex_ws/install/aruco_msgs/share/colcon-core/packages/aruco_msgs)
[1.744s] DEBUG:colcon.colcon_core.event_handler.log_command:Invoked command in '/home/agilex/agilex_ws/src/yolov5_ros2' returned '0': PYTHONPATH=/home/agilex/agilex_ws/build/yolov5_ros2/prefix_override:/home/agilex/agilex_ws/install/yolov5_ros2/lib/python3.10/site-packages: /usr/bin/python3 setup.py egg_info --egg-base ../../build/yolov5_ros2 build --build-base /home/agilex/agilex_ws/build/yolov5_ros2/build install --record /home/agilex/agilex_ws/build/yolov5_ros2/install.log --single-version-externally-managed
[1.751s] Level 1:colcon.colcon_core.environment:checking '/home/agilex/agilex_ws/install/yolov5_ros2' for CMake module files
[1.751s] Level 1:colcon.colcon_core.environment:checking '/home/agilex/agilex_ws/install/yolov5_ros2' for CMake config files
[1.752s] Level 1:colcon.colcon_core.environment:checking '/home/agilex/agilex_ws/install/yolov5_ros2/lib'
[1.752s] Level 1:colcon.colcon_core.environment:checking '/home/agilex/agilex_ws/install/yolov5_ros2/bin'
[1.752s] Level 1:colcon.colcon_core.environment:checking '/home/agilex/agilex_ws/install/yolov5_ros2/lib/pkgconfig/yolov5_ros2.pc'
[1.752s] Level 1:colcon.colcon_core.environment:checking '/home/agilex/agilex_ws/install/yolov5_ros2/lib/python3.10/site-packages'
[1.753s] Level 1:colcon.colcon_core.shell:create_environment_hook('yolov5_ros2', 'pythonpath')
[1.760s] INFO:colcon.colcon_core.shell:Creating environment hook '/home/agilex/agilex_ws/install/yolov5_ros2/share/yolov5_ros2/hook/pythonpath.ps1'
[1.760s] INFO:colcon.colcon_core.shell:Creating environment descriptor '/home/agilex/agilex_ws/install/yolov5_ros2/share/yolov5_ros2/hook/pythonpath.dsv'
[1.761s] INFO:colcon.colcon_core.shell:Creating environment hook '/home/agilex/agilex_ws/install/yolov5_ros2/share/yolov5_ros2/hook/pythonpath.sh'
[1.761s] Level 1:colcon.colcon_core.environment:checking '/home/agilex/agilex_ws/install/yolov5_ros2/bin'
[1.761s] Level 1:colcon.colcon_core.environment:create_environment_scripts_only(yolov5_ros2)
[1.765s] INFO:colcon.colcon_core.shell:Creating package script '/home/agilex/agilex_ws/install/yolov5_ros2/share/yolov5_ros2/package.ps1'
[1.766s] INFO:colcon.colcon_core.shell:Creating package descriptor '/home/agilex/agilex_ws/install/yolov5_ros2/share/yolov5_ros2/package.dsv'
[1.766s] INFO:colcon.colcon_core.shell:Creating package script '/home/agilex/agilex_ws/install/yolov5_ros2/share/yolov5_ros2/package.sh'
[1.766s] INFO:colcon.colcon_core.shell:Creating package script '/home/agilex/agilex_ws/install/yolov5_ros2/share/yolov5_ros2/package.bash'
[1.766s] INFO:colcon.colcon_core.shell:Creating package script '/home/agilex/agilex_ws/install/yolov5_ros2/share/yolov5_ros2/package.zsh'
[1.766s] Level 1:colcon.colcon_core.environment:create_file_with_runtime_dependencies(/home/agilex/agilex_ws/install/yolov5_ros2/share/colcon-core/packages/yolov5_ros2)
[1.767s] INFO:colcon.colcon_ros.task.ament_cmake.build:Building ROS package in '/home/agilex/agilex_ws/src/aruco_ros/aruco_ros' with build type 'ament_cmake'
[1.767s] INFO:colcon.colcon_cmake.task.cmake.build:Building CMake package in '/home/agilex/agilex_ws/src/aruco_ros/aruco_ros'
[1.771s] INFO:colcon.colcon_core.shell:Skip shell extension 'powershell' for command environment: Not usable outside of PowerShell
[1.771s] DEBUG:colcon.colcon_core.shell:Skip shell extension 'dsv' for command environment
[1.779s] DEBUG:colcon.colcon_core.event_handler.log_command:Invoking command in '/home/agilex/agilex_ws/build/nav2_msgs': AMENT_PREFIX_PATH=/home/agilex/agilex_ws/install/nav2_common CMAKE_PREFIX_PATH=/home/agilex/agilex_ws/install/nav2_common PYTHONPATH=/home/agilex/agilex_ws/install/nav2_common/local/lib/python3.10/dist-packages /usr/bin/cmake --build /home/agilex/agilex_ws/build/nav2_msgs -- -j16 -l16
[1.781s] DEBUG:colcon.colcon_core.event_handler.log_command:Invoking command in '/home/agilex/agilex_ws/build/nav2_voxel_grid': AMENT_PREFIX_PATH=/home/agilex/agilex_ws/install/nav2_common CMAKE_PREFIX_PATH=/home/agilex/agilex_ws/install/nav2_common PYTHONPATH=/home/agilex/agilex_ws/install/nav2_common/local/lib/python3.10/dist-packages /usr/bin/cmake --build /home/agilex/agilex_ws/build/nav2_voxel_grid -- -j16 -l16
[1.784s] Level 1:colcon.colcon_core.environment:create_environment_scripts_only(costmap_converter_msgs)
[1.788s] Level 1:colcon.colcon_core.environment:checking '/home/agilex/agilex_ws/install/costmap_converter_msgs' for CMake module files
[1.789s] Level 1:colcon.colcon_core.environment:checking '/home/agilex/agilex_ws/install/costmap_converter_msgs' for CMake config files
[1.789s] Level 1:colcon.colcon_core.shell:create_environment_hook('costmap_converter_msgs', 'cmake_prefix_path')
[1.796s] INFO:colcon.colcon_core.shell:Creating environment hook '/home/agilex/agilex_ws/install/costmap_converter_msgs/share/costmap_converter_msgs/hook/cmake_prefix_path.ps1'
[1.797s] INFO:colcon.colcon_core.shell:Creating environment descriptor '/home/agilex/agilex_ws/install/costmap_converter_msgs/share/costmap_converter_msgs/hook/cmake_prefix_path.dsv'
[1.797s] INFO:colcon.colcon_core.shell:Creating environment hook '/home/agilex/agilex_ws/install/costmap_converter_msgs/share/costmap_converter_msgs/hook/cmake_prefix_path.sh'
[1.797s] Level 1:colcon.colcon_core.environment:checking '/home/agilex/agilex_ws/install/costmap_converter_msgs/lib'
[1.797s] Level 1:colcon.colcon_core.shell:create_environment_hook('costmap_converter_msgs', 'ld_library_path_lib')
[1.801s] INFO:colcon.colcon_core.shell:Creating environment hook '/home/agilex/agilex_ws/install/costmap_converter_msgs/share/costmap_converter_msgs/hook/ld_library_path_lib.ps1'
[1.801s] INFO:colcon.colcon_core.shell:Creating environment descriptor '/home/agilex/agilex_ws/install/costmap_converter_msgs/share/costmap_converter_msgs/hook/ld_library_path_lib.dsv'
[1.802s] INFO:colcon.colcon_core.shell:Creating environment hook '/home/agilex/agilex_ws/install/costmap_converter_msgs/share/costmap_converter_msgs/hook/ld_library_path_lib.sh'
[1.802s] Level 1:colcon.colcon_core.environment:checking '/home/agilex/agilex_ws/install/costmap_converter_msgs/bin'
[1.802s] Level 1:colcon.colcon_core.environment:checking '/home/agilex/agilex_ws/install/costmap_converter_msgs/lib/pkgconfig/costmap_converter_msgs.pc'
[1.802s] Level 1:colcon.colcon_core.environment:checking '/home/agilex/agilex_ws/install/costmap_converter_msgs/lib/python3.10/site-packages'
[1.802s] Level 1:colcon.colcon_core.environment:checking '/home/agilex/agilex_ws/install/costmap_converter_msgs/bin'
[1.807s] INFO:colcon.colcon_core.shell:Creating package script '/home/agilex/agilex_ws/install/costmap_converter_msgs/share/costmap_converter_msgs/package.ps1'
[1.807s] INFO:colcon.colcon_core.shell:Creating package descriptor '/home/agilex/agilex_ws/install/costmap_converter_msgs/share/costmap_converter_msgs/package.dsv'
[1.808s] INFO:colcon.colcon_core.shell:Creating package script '/home/agilex/agilex_ws/install/costmap_converter_msgs/share/costmap_converter_msgs/package.sh'
[1.808s] INFO:colcon.colcon_core.shell:Creating package script '/home/agilex/agilex_ws/install/costmap_converter_msgs/share/costmap_converter_msgs/package.bash'
[1.808s] INFO:colcon.colcon_core.shell:Creating package script '/home/agilex/agilex_ws/install/costmap_converter_msgs/share/costmap_converter_msgs/package.zsh'
[1.808s] Level 1:colcon.colcon_core.environment:create_file_with_runtime_dependencies(/home/agilex/agilex_ws/install/costmap_converter_msgs/share/colcon-core/packages/costmap_converter_msgs)
[1.812s] INFO:colcon.colcon_ros.task.ament_cmake.build:Building ROS package in '/home/agilex/agilex_ws/src/teb_local_planner/teb_msgs' with build type 'ament_cmake'
[1.813s] DEBUG:colcon.colcon_core.event_handler.log_command:Invoking command in '/home/agilex/agilex_ws/build/limo_base': AMENT_PREFIX_PATH=/home/agilex/agilex_ws/install/limo_msgs CMAKE_PREFIX_PATH=/home/agilex/agilex_ws/install/limo_msgs LD_LIBRARY_PATH=/home/agilex/agilex_ws/install/limo_msgs/lib PYTHONPATH=/home/agilex/agilex_ws/install/limo_msgs/local/lib/python3.10/dist-packages /usr/bin/cmake --build /home/agilex/agilex_ws/build/limo_base -- -j16 -l16
[1.813s] INFO:colcon.colcon_cmake.task.cmake.build:Building CMake package in '/home/agilex/agilex_ws/src/teb_local_planner/teb_msgs'
[1.823s] INFO:colcon.colcon_core.shell:Skip shell extension 'powershell' for command environment: Not usable outside of PowerShell
[1.823s] DEBUG:colcon.colcon_core.shell:Skip shell extension 'dsv' for command environment
[1.838s] DEBUG:colcon.colcon_core.event_handler.log_command:Invoking command in '/home/agilex/agilex_ws/build/aruco_ros': AMENT_PREFIX_PATH=/home/agilex/agilex_ws/install/aruco_msgs:/home/agilex/agilex_ws/install/aruco CMAKE_PREFIX_PATH=/home/agilex/agilex_ws/install/aruco_msgs:/home/agilex/agilex_ws/install/aruco LD_LIBRARY_PATH=/home/agilex/agilex_ws/install/aruco_msgs/lib:/home/agilex/agilex_ws/install/aruco/lib PYTHONPATH=/home/agilex/agilex_ws/install/aruco_msgs/local/lib/python3.10/dist-packages /usr/bin/cmake --build /home/agilex/agilex_ws/build/aruco_ros -- -j16 -l16
[1.845s] Level 1:colcon.colcon_core.environment:create_environment_scripts_only(orbbec_camera_msgs)
[1.850s] Level 1:colcon.colcon_core.environment:checking '/home/agilex/agilex_ws/install/orbbec_camera_msgs' for CMake module files
[1.850s] Level 1:colcon.colcon_core.environment:checking '/home/agilex/agilex_ws/install/orbbec_camera_msgs' for CMake config files
[1.851s] Level 1:colcon.colcon_core.shell:create_environment_hook('orbbec_camera_msgs', 'cmake_prefix_path')
[1.860s] INFO:colcon.colcon_core.shell:Creating environment hook '/home/agilex/agilex_ws/install/orbbec_camera_msgs/share/orbbec_camera_msgs/hook/cmake_prefix_path.ps1'
[1.861s] INFO:colcon.colcon_core.shell:Creating environment descriptor '/home/agilex/agilex_ws/install/orbbec_camera_msgs/share/orbbec_camera_msgs/hook/cmake_prefix_path.dsv'
[1.862s] INFO:colcon.colcon_core.shell:Creating environment hook '/home/agilex/agilex_ws/install/orbbec_camera_msgs/share/orbbec_camera_msgs/hook/cmake_prefix_path.sh'
[1.863s] Level 1:colcon.colcon_core.environment:checking '/home/agilex/agilex_ws/install/orbbec_camera_msgs/lib'
[1.863s] Level 1:colcon.colcon_core.shell:create_environment_hook('orbbec_camera_msgs', 'ld_library_path_lib')
[1.871s] INFO:colcon.colcon_core.shell:Creating environment hook '/home/agilex/agilex_ws/install/orbbec_camera_msgs/share/orbbec_camera_msgs/hook/ld_library_path_lib.ps1'
[1.871s] INFO:colcon.colcon_core.shell:Creating environment descriptor '/home/agilex/agilex_ws/install/orbbec_camera_msgs/share/orbbec_camera_msgs/hook/ld_library_path_lib.dsv'
[1.872s] INFO:colcon.colcon_core.shell:Creating environment hook '/home/agilex/agilex_ws/install/orbbec_camera_msgs/share/orbbec_camera_msgs/hook/ld_library_path_lib.sh'
[1.872s] Level 1:colcon.colcon_core.environment:checking '/home/agilex/agilex_ws/install/orbbec_camera_msgs/bin'
[1.872s] Level 1:colcon.colcon_core.environment:checking '/home/agilex/agilex_ws/install/orbbec_camera_msgs/lib/pkgconfig/orbbec_camera_msgs.pc'
[1.872s] Level 1:colcon.colcon_core.environment:checking '/home/agilex/agilex_ws/install/orbbec_camera_msgs/lib/python3.10/site-packages'
[1.872s] Level 1:colcon.colcon_core.environment:checking '/home/agilex/agilex_ws/install/orbbec_camera_msgs/bin'
[1.892s] INFO:colcon.colcon_core.shell:Creating package script '/home/agilex/agilex_ws/install/orbbec_camera_msgs/share/orbbec_camera_msgs/package.ps1'
[1.892s] INFO:colcon.colcon_core.shell:Creating package descriptor '/home/agilex/agilex_ws/install/orbbec_camera_msgs/share/orbbec_camera_msgs/package.dsv'
[1.893s] INFO:colcon.colcon_core.shell:Creating package script '/home/agilex/agilex_ws/install/orbbec_camera_msgs/share/orbbec_camera_msgs/package.sh'
[1.893s] INFO:colcon.colcon_core.shell:Creating package script '/home/agilex/agilex_ws/install/orbbec_camera_msgs/share/orbbec_camera_msgs/package.bash'
[1.893s] INFO:colcon.colcon_core.shell:Creating package script '/home/agilex/agilex_ws/install/orbbec_camera_msgs/share/orbbec_camera_msgs/package.zsh'
[1.893s] Level 1:colcon.colcon_core.environment:create_file_with_runtime_dependencies(/home/agilex/agilex_ws/install/orbbec_camera_msgs/share/colcon-core/packages/orbbec_camera_msgs)
[1.894s] INFO:colcon.colcon_ros.task.ament_cmake.build:Building ROS package in '/home/agilex/agilex_ws/src/OrbbecSDK_ROS2/orbbec_camera' with build type 'ament_cmake'
[1.894s] INFO:colcon.colcon_cmake.task.cmake.build:Building CMake package in '/home/agilex/agilex_ws/src/OrbbecSDK_ROS2/orbbec_camera'
[1.899s] INFO:colcon.colcon_core.shell:Skip shell extension 'powershell' for command environment: Not usable outside of PowerShell
[1.899s] DEBUG:colcon.colcon_core.shell:Skip shell extension 'dsv' for command environment
[1.909s] Level 1:colcon.colcon_core.environment:create_environment_scripts_only(nav_2d_msgs)
[1.912s] Level 1:colcon.colcon_core.environment:checking '/home/agilex/agilex_ws/install/nav_2d_msgs' for CMake module files
[1.913s] Level 1:colcon.colcon_core.environment:checking '/home/agilex/agilex_ws/install/nav_2d_msgs' for CMake config files
[1.913s] Level 1:colcon.colcon_core.shell:create_environment_hook('nav_2d_msgs', 'cmake_prefix_path')
[1.916s] INFO:colcon.colcon_core.shell:Creating environment hook '/home/agilex/agilex_ws/install/nav_2d_msgs/share/nav_2d_msgs/hook/cmake_prefix_path.ps1'
[1.917s] INFO:colcon.colcon_core.shell:Creating environment descriptor '/home/agilex/agilex_ws/install/nav_2d_msgs/share/nav_2d_msgs/hook/cmake_prefix_path.dsv'
[1.917s] INFO:colcon.colcon_core.shell:Creating environment hook '/home/agilex/agilex_ws/install/nav_2d_msgs/share/nav_2d_msgs/hook/cmake_prefix_path.sh'
[1.917s] Level 1:colcon.colcon_core.environment:checking '/home/agilex/agilex_ws/install/nav_2d_msgs/lib'
[1.917s] Level 1:colcon.colcon_core.shell:create_environment_hook('nav_2d_msgs', 'ld_library_path_lib')
[1.920s] INFO:colcon.colcon_core.shell:Creating environment hook '/home/agilex/agilex_ws/install/nav_2d_msgs/share/nav_2d_msgs/hook/ld_library_path_lib.ps1'
[1.921s] INFO:colcon.colcon_core.shell:Creating environment descriptor '/home/agilex/agilex_ws/install/nav_2d_msgs/share/nav_2d_msgs/hook/ld_library_path_lib.dsv'
[1.921s] INFO:colcon.colcon_core.shell:Creating environment hook '/home/agilex/agilex_ws/install/nav_2d_msgs/share/nav_2d_msgs/hook/ld_library_path_lib.sh'
[1.921s] Level 1:colcon.colcon_core.environment:checking '/home/agilex/agilex_ws/install/nav_2d_msgs/bin'
[1.921s] Level 1:colcon.colcon_core.environment:checking '/home/agilex/agilex_ws/install/nav_2d_msgs/lib/pkgconfig/nav_2d_msgs.pc'
[1.921s] Level 1:colcon.colcon_core.environment:checking '/home/agilex/agilex_ws/install/nav_2d_msgs/lib/python3.10/site-packages'
[1.921s] Level 1:colcon.colcon_core.environment:checking '/home/agilex/agilex_ws/install/nav_2d_msgs/bin'
[1.924s] INFO:colcon.colcon_core.shell:Creating package script '/home/agilex/agilex_ws/install/nav_2d_msgs/share/nav_2d_msgs/package.ps1'
[1.925s] INFO:colcon.colcon_core.shell:Creating package descriptor '/home/agilex/agilex_ws/install/nav_2d_msgs/share/nav_2d_msgs/package.dsv'
[1.925s] INFO:colcon.colcon_core.shell:Creating package script '/home/agilex/agilex_ws/install/nav_2d_msgs/share/nav_2d_msgs/package.sh'
[1.925s] INFO:colcon.colcon_core.shell:Creating package script '/home/agilex/agilex_ws/install/nav_2d_msgs/share/nav_2d_msgs/package.bash'
[1.925s] INFO:colcon.colcon_core.shell:Creating package script '/home/agilex/agilex_ws/install/nav_2d_msgs/share/nav_2d_msgs/package.zsh'
[1.925s] Level 1:colcon.colcon_core.environment:create_file_with_runtime_dependencies(/home/agilex/agilex_ws/install/nav_2d_msgs/share/colcon-core/packages/nav_2d_msgs)
[1.926s] INFO:colcon.colcon_ros.task.ament_cmake.build:Building ROS package in '/home/agilex/agilex_ws/src/navigation2/nav2_dwb_controller/dwb_msgs' with build type 'ament_cmake'
[1.927s] INFO:colcon.colcon_cmake.task.cmake.build:Building CMake package in '/home/agilex/agilex_ws/src/navigation2/nav2_dwb_controller/dwb_msgs'
[1.931s] INFO:colcon.colcon_core.shell:Skip shell extension 'powershell' for command environment: Not usable outside of PowerShell
[1.931s] DEBUG:colcon.colcon_core.shell:Skip shell extension 'dsv' for command environment
[1.936s] DEBUG:colcon.colcon_core.event_handler.log_command:Invoked command in '/home/agilex/agilex_ws/build/nav2_voxel_grid' returned '0': AMENT_PREFIX_PATH=/home/agilex/agilex_ws/install/nav2_common CMAKE_PREFIX_PATH=/home/agilex/agilex_ws/install/nav2_common PYTHONPATH=/home/agilex/agilex_ws/install/nav2_common/local/lib/python3.10/dist-packages /usr/bin/cmake --build /home/agilex/agilex_ws/build/nav2_voxel_grid -- -j16 -l16
[1.937s] DEBUG:colcon.colcon_core.event_handler.log_command:Invoked command in '/home/agilex/agilex_ws/build/aruco_ros' returned '0': AMENT_PREFIX_PATH=/home/agilex/agilex_ws/install/aruco_msgs:/home/agilex/agilex_ws/install/aruco CMAKE_PREFIX_PATH=/home/agilex/agilex_ws/install/aruco_msgs:/home/agilex/agilex_ws/install/aruco LD_LIBRARY_PATH=/home/agilex/agilex_ws/install/aruco_msgs/lib:/home/agilex/agilex_ws/install/aruco/lib PYTHONPATH=/home/agilex/agilex_ws/install/aruco_msgs/local/lib/python3.10/dist-packages /usr/bin/cmake --build /home/agilex/agilex_ws/build/aruco_ros -- -j16 -l16
[1.938s] DEBUG:colcon.colcon_core.event_handler.log_command:Invoked command in '/home/agilex/agilex_ws/build/limo_base' returned '0': AMENT_PREFIX_PATH=/home/agilex/agilex_ws/install/limo_msgs CMAKE_PREFIX_PATH=/home/agilex/agilex_ws/install/limo_msgs LD_LIBRARY_PATH=/home/agilex/agilex_ws/install/limo_msgs/lib PYTHONPATH=/home/agilex/agilex_ws/install/limo_msgs/local/lib/python3.10/dist-packages /usr/bin/cmake --build /home/agilex/agilex_ws/build/limo_base -- -j16 -l16
[1.940s] DEBUG:colcon.colcon_core.event_handler.log_command:Invoking command in '/home/agilex/agilex_ws/build/teb_msgs': AMENT_PREFIX_PATH=/home/agilex/agilex_ws/install/costmap_converter_msgs CMAKE_PREFIX_PATH=/home/agilex/agilex_ws/install/costmap_converter_msgs LD_LIBRARY_PATH=/home/agilex/agilex_ws/install/costmap_converter_msgs/lib PYTHONPATH=/home/agilex/agilex_ws/install/costmap_converter_msgs/local/lib/python3.10/dist-packages /usr/bin/cmake --build /home/agilex/agilex_ws/build/teb_msgs -- -j16 -l16
[1.945s] DEBUG:colcon.colcon_core.event_handler.log_command:Invoking command in '/home/agilex/agilex_ws/build/orbbec_camera': AMENT_PREFIX_PATH=/home/agilex/agilex_ws/install/orbbec_camera_msgs CMAKE_PREFIX_PATH=/home/agilex/agilex_ws/install/orbbec_camera_msgs LD_LIBRARY_PATH=/home/agilex/agilex_ws/install/orbbec_camera_msgs/lib PYTHONPATH=/home/agilex/agilex_ws/install/orbbec_camera_msgs/local/lib/python3.10/dist-packages /usr/bin/cmake --build /home/agilex/agilex_ws/build/orbbec_camera -- -j16 -l16
[1.949s] DEBUG:colcon.colcon_core.event_handler.log_command:Invoking command in '/home/agilex/agilex_ws/build/dwb_msgs': AMENT_PREFIX_PATH=/home/agilex/agilex_ws/install/nav_2d_msgs CMAKE_PREFIX_PATH=/home/agilex/agilex_ws/install/nav_2d_msgs LD_LIBRARY_PATH=/home/agilex/agilex_ws/install/nav_2d_msgs/lib PYTHONPATH=/home/agilex/agilex_ws/install/nav_2d_msgs/local/lib/python3.10/dist-packages /usr/bin/cmake --build /home/agilex/agilex_ws/build/dwb_msgs -- -j16 -l16
[1.955s] DEBUG:colcon.colcon_core.event_handler.log_command:Invoking command in '/home/agilex/agilex_ws/build/nav2_voxel_grid': AMENT_PREFIX_PATH=/home/agilex/agilex_ws/install/nav2_common CMAKE_PREFIX_PATH=/home/agilex/agilex_ws/install/nav2_common PYTHONPATH=/home/agilex/agilex_ws/install/nav2_common/local/lib/python3.10/dist-packages /usr/bin/cmake --install /home/agilex/agilex_ws/build/nav2_voxel_grid
[1.959s] DEBUG:colcon.colcon_core.event_handler.log_command:Invoking command in '/home/agilex/agilex_ws/build/aruco_ros': AMENT_PREFIX_PATH=/home/agilex/agilex_ws/install/aruco_msgs:/home/agilex/agilex_ws/install/aruco CMAKE_PREFIX_PATH=/home/agilex/agilex_ws/install/aruco_msgs:/home/agilex/agilex_ws/install/aruco LD_LIBRARY_PATH=/home/agilex/agilex_ws/install/aruco_msgs/lib:/home/agilex/agilex_ws/install/aruco/lib PYTHONPATH=/home/agilex/agilex_ws/install/aruco_msgs/local/lib/python3.10/dist-packages /usr/bin/cmake --install /home/agilex/agilex_ws/build/aruco_ros
[1.964s] DEBUG:colcon.colcon_core.event_handler.log_command:Invoking command in '/home/agilex/agilex_ws/build/limo_base': AMENT_PREFIX_PATH=/home/agilex/agilex_ws/install/limo_msgs CMAKE_PREFIX_PATH=/home/agilex/agilex_ws/install/limo_msgs LD_LIBRARY_PATH=/home/agilex/agilex_ws/install/limo_msgs/lib PYTHONPATH=/home/agilex/agilex_ws/install/limo_msgs/local/lib/python3.10/dist-packages /usr/bin/cmake --install /home/agilex/agilex_ws/build/limo_base
[1.964s] Level 1:colcon.colcon_core.environment:create_environment_scripts_only(nav2_voxel_grid)
[1.966s] DEBUG:colcon.colcon_core.event_handler.log_command:Invoked command in '/home/agilex/agilex_ws/build/nav2_voxel_grid' returned '0': AMENT_PREFIX_PATH=/home/agilex/agilex_ws/install/nav2_common CMAKE_PREFIX_PATH=/home/agilex/agilex_ws/install/nav2_common PYTHONPATH=/home/agilex/agilex_ws/install/nav2_common/local/lib/python3.10/dist-packages /usr/bin/cmake --install /home/agilex/agilex_ws/build/nav2_voxel_grid
[1.981s] Level 1:colcon.colcon_core.environment:checking '/home/agilex/agilex_ws/install/nav2_voxel_grid' for CMake module files
[1.982s] Level 1:colcon.colcon_core.environment:checking '/home/agilex/agilex_ws/install/nav2_voxel_grid' for CMake config files
[1.983s] Level 1:colcon.colcon_core.shell:create_environment_hook('nav2_voxel_grid', 'cmake_prefix_path')
[1.999s] INFO:colcon.colcon_core.shell:Creating environment hook '/home/agilex/agilex_ws/install/nav2_voxel_grid/share/nav2_voxel_grid/hook/cmake_prefix_path.ps1'
[2.000s] INFO:colcon.colcon_core.shell:Creating environment descriptor '/home/agilex/agilex_ws/install/nav2_voxel_grid/share/nav2_voxel_grid/hook/cmake_prefix_path.dsv'
[2.001s] INFO:colcon.colcon_core.shell:Creating environment hook '/home/agilex/agilex_ws/install/nav2_voxel_grid/share/nav2_voxel_grid/hook/cmake_prefix_path.sh'
[2.002s] Level 1:colcon.colcon_core.environment:checking '/home/agilex/agilex_ws/install/nav2_voxel_grid/lib'
[2.003s] Level 1:colcon.colcon_core.shell:create_environment_hook('nav2_voxel_grid', 'ld_library_path_lib')
[2.017s] INFO:colcon.colcon_core.shell:Creating environment hook '/home/agilex/agilex_ws/install/nav2_voxel_grid/share/nav2_voxel_grid/hook/ld_library_path_lib.ps1'
[2.018s] INFO:colcon.colcon_core.shell:Creating environment descriptor '/home/agilex/agilex_ws/install/nav2_voxel_grid/share/nav2_voxel_grid/hook/ld_library_path_lib.dsv'
[2.019s] INFO:colcon.colcon_core.shell:Creating environment hook '/home/agilex/agilex_ws/install/nav2_voxel_grid/share/nav2_voxel_grid/hook/ld_library_path_lib.sh'
[2.020s] Level 1:colcon.colcon_core.environment:checking '/home/agilex/agilex_ws/install/nav2_voxel_grid/bin'
[2.020s] Level 1:colcon.colcon_core.environment:checking '/home/agilex/agilex_ws/install/nav2_voxel_grid/lib/pkgconfig/nav2_voxel_grid.pc'
[2.020s] Level 1:colcon.colcon_core.environment:checking '/home/agilex/agilex_ws/install/nav2_voxel_grid/lib/python3.10/site-packages'
[2.020s] Level 1:colcon.colcon_core.environment:checking '/home/agilex/agilex_ws/install/nav2_voxel_grid/bin'
[2.029s] INFO:colcon.colcon_core.shell:Creating package script '/home/agilex/agilex_ws/install/nav2_voxel_grid/share/nav2_voxel_grid/package.ps1'
[2.030s] INFO:colcon.colcon_core.shell:Creating package descriptor '/home/agilex/agilex_ws/install/nav2_voxel_grid/share/nav2_voxel_grid/package.dsv'
[2.031s] INFO:colcon.colcon_core.shell:Creating package script '/home/agilex/agilex_ws/install/nav2_voxel_grid/share/nav2_voxel_grid/package.sh'
[2.032s] INFO:colcon.colcon_core.shell:Creating package script '/home/agilex/agilex_ws/install/nav2_voxel_grid/share/nav2_voxel_grid/package.bash'
[2.032s] INFO:colcon.colcon_core.shell:Creating package script '/home/agilex/agilex_ws/install/nav2_voxel_grid/share/nav2_voxel_grid/package.zsh'
[2.032s] Level 1:colcon.colcon_core.environment:create_file_with_runtime_dependencies(/home/agilex/agilex_ws/install/nav2_voxel_grid/share/colcon-core/packages/nav2_voxel_grid)
[2.035s] Level 1:colcon.colcon_core.environment:create_environment_scripts_only(aruco_ros)
[2.035s] DEBUG:colcon.colcon_core.event_handler.log_command:Invoked command in '/home/agilex/agilex_ws/build/aruco_ros' returned '0': AMENT_PREFIX_PATH=/home/agilex/agilex_ws/install/aruco_msgs:/home/agilex/agilex_ws/install/aruco CMAKE_PREFIX_PATH=/home/agilex/agilex_ws/install/aruco_msgs:/home/agilex/agilex_ws/install/aruco LD_LIBRARY_PATH=/home/agilex/agilex_ws/install/aruco_msgs/lib:/home/agilex/agilex_ws/install/aruco/lib PYTHONPATH=/home/agilex/agilex_ws/install/aruco_msgs/local/lib/python3.10/dist-packages /usr/bin/cmake --install /home/agilex/agilex_ws/build/aruco_ros
[2.040s] Level 1:colcon.colcon_core.environment:checking '/home/agilex/agilex_ws/install/aruco_ros' for CMake module files
[2.040s] Level 1:colcon.colcon_core.environment:checking '/home/agilex/agilex_ws/install/aruco_ros' for CMake config files
[2.040s] Level 1:colcon.colcon_core.shell:create_environment_hook('aruco_ros', 'cmake_prefix_path')
[2.049s] INFO:colcon.colcon_core.shell:Creating environment hook '/home/agilex/agilex_ws/install/aruco_ros/share/aruco_ros/hook/cmake_prefix_path.ps1'
[2.049s] INFO:colcon.colcon_core.shell:Creating environment descriptor '/home/agilex/agilex_ws/install/aruco_ros/share/aruco_ros/hook/cmake_prefix_path.dsv'
[2.050s] INFO:colcon.colcon_core.shell:Creating environment hook '/home/agilex/agilex_ws/install/aruco_ros/share/aruco_ros/hook/cmake_prefix_path.sh'
[2.050s] Level 1:colcon.colcon_core.environment:checking '/home/agilex/agilex_ws/install/aruco_ros/lib'
[2.050s] Level 1:colcon.colcon_core.shell:create_environment_hook('aruco_ros', 'ld_library_path_lib')
[2.058s] INFO:colcon.colcon_core.shell:Creating environment hook '/home/agilex/agilex_ws/install/aruco_ros/share/aruco_ros/hook/ld_library_path_lib.ps1'
[2.058s] INFO:colcon.colcon_core.shell:Creating environment descriptor '/home/agilex/agilex_ws/install/aruco_ros/share/aruco_ros/hook/ld_library_path_lib.dsv'
[2.059s] INFO:colcon.colcon_core.shell:Creating environment hook '/home/agilex/agilex_ws/install/aruco_ros/share/aruco_ros/hook/ld_library_path_lib.sh'
[2.059s] Level 1:colcon.colcon_core.environment:checking '/home/agilex/agilex_ws/install/aruco_ros/bin'
[2.059s] Level 1:colcon.colcon_core.environment:checking '/home/agilex/agilex_ws/install/aruco_ros/lib/pkgconfig/aruco_ros.pc'
[2.059s] Level 1:colcon.colcon_core.environment:checking '/home/agilex/agilex_ws/install/aruco_ros/lib/python3.10/site-packages'
[2.059s] Level 1:colcon.colcon_core.environment:checking '/home/agilex/agilex_ws/install/aruco_ros/bin'
[2.064s] INFO:colcon.colcon_core.shell:Creating package script '/home/agilex/agilex_ws/install/aruco_ros/share/aruco_ros/package.ps1'
[2.064s] INFO:colcon.colcon_core.shell:Creating package descriptor '/home/agilex/agilex_ws/install/aruco_ros/share/aruco_ros/package.dsv'
[2.064s] INFO:colcon.colcon_core.shell:Creating package script '/home/agilex/agilex_ws/install/aruco_ros/share/aruco_ros/package.sh'
[2.065s] INFO:colcon.colcon_core.shell:Creating package script '/home/agilex/agilex_ws/install/aruco_ros/share/aruco_ros/package.bash'
[2.065s] INFO:colcon.colcon_core.shell:Creating package script '/home/agilex/agilex_ws/install/aruco_ros/share/aruco_ros/package.zsh'
[2.066s] Level 1:colcon.colcon_core.environment:create_file_with_runtime_dependencies(/home/agilex/agilex_ws/install/aruco_ros/share/colcon-core/packages/aruco_ros)
[2.067s] Level 1:colcon.colcon_core.environment:create_environment_scripts_only(limo_base)
[2.067s] DEBUG:colcon.colcon_core.event_handler.log_command:Invoked command in '/home/agilex/agilex_ws/build/limo_base' returned '0': AMENT_PREFIX_PATH=/home/agilex/agilex_ws/install/limo_msgs CMAKE_PREFIX_PATH=/home/agilex/agilex_ws/install/limo_msgs LD_LIBRARY_PATH=/home/agilex/agilex_ws/install/limo_msgs/lib PYTHONPATH=/home/agilex/agilex_ws/install/limo_msgs/local/lib/python3.10/dist-packages /usr/bin/cmake --install /home/agilex/agilex_ws/build/limo_base
[2.072s] Level 1:colcon.colcon_core.environment:checking '/home/agilex/agilex_ws/install/limo_base' for CMake module files
[2.073s] Level 1:colcon.colcon_core.environment:checking '/home/agilex/agilex_ws/install/limo_base' for CMake config files
[2.073s] Level 1:colcon.colcon_core.shell:create_environment_hook('limo_base', 'cmake_prefix_path')
[2.077s] INFO:colcon.colcon_core.shell:Creating environment hook '/home/agilex/agilex_ws/install/limo_base/share/limo_base/hook/cmake_prefix_path.ps1'
[2.078s] INFO:colcon.colcon_core.shell:Creating environment descriptor '/home/agilex/agilex_ws/install/limo_base/share/limo_base/hook/cmake_prefix_path.dsv'
[2.078s] INFO:colcon.colcon_core.shell:Creating environment hook '/home/agilex/agilex_ws/install/limo_base/share/limo_base/hook/cmake_prefix_path.sh'
[2.079s] Level 1:colcon.colcon_core.environment:checking '/home/agilex/agilex_ws/install/limo_base/lib'
[2.079s] Level 1:colcon.colcon_core.environment:checking '/home/agilex/agilex_ws/install/limo_base/bin'
[2.079s] Level 1:colcon.colcon_core.environment:checking '/home/agilex/agilex_ws/install/limo_base/lib/pkgconfig/limo_base.pc'
[2.079s] Level 1:colcon.colcon_core.environment:checking '/home/agilex/agilex_ws/install/limo_base/lib/python3.10/site-packages'
[2.079s] Level 1:colcon.colcon_core.environment:checking '/home/agilex/agilex_ws/install/limo_base/bin'
[2.087s] INFO:colcon.colcon_core.shell:Creating package script '/home/agilex/agilex_ws/install/limo_base/share/limo_base/package.ps1'
[2.087s] INFO:colcon.colcon_core.shell:Creating package descriptor '/home/agilex/agilex_ws/install/limo_base/share/limo_base/package.dsv'
[2.088s] INFO:colcon.colcon_core.shell:Creating package script '/home/agilex/agilex_ws/install/limo_base/share/limo_base/package.sh'
[2.088s] INFO:colcon.colcon_core.shell:Creating package script '/home/agilex/agilex_ws/install/limo_base/share/limo_base/package.bash'
[2.089s] INFO:colcon.colcon_core.shell:Creating package script '/home/agilex/agilex_ws/install/limo_base/share/limo_base/package.zsh'
[2.089s] Level 1:colcon.colcon_core.environment:create_file_with_runtime_dependencies(/home/agilex/agilex_ws/install/limo_base/share/colcon-core/packages/limo_base)
[2.091s] DEBUG:colcon.colcon_core.event_handler.log_command:Invoked command in '/home/agilex/agilex_ws/build/nav2_msgs' returned '0': AMENT_PREFIX_PATH=/home/agilex/agilex_ws/install/nav2_common CMAKE_PREFIX_PATH=/home/agilex/agilex_ws/install/nav2_common PYTHONPATH=/home/agilex/agilex_ws/install/nav2_common/local/lib/python3.10/dist-packages /usr/bin/cmake --build /home/agilex/agilex_ws/build/nav2_msgs -- -j16 -l16
[2.098s] Level 1:colcon.colcon_core.environment:create_environment_scripts_only(nav2_voxel_grid)
[2.101s] Level 1:colcon.colcon_core.environment:checking '/home/agilex/agilex_ws/install/nav2_voxel_grid' for CMake module files
[2.102s] Level 1:colcon.colcon_core.environment:checking '/home/agilex/agilex_ws/install/nav2_voxel_grid' for CMake config files
[2.102s] Level 1:colcon.colcon_core.shell:create_environment_hook('nav2_voxel_grid', 'cmake_prefix_path')
[2.106s] INFO:colcon.colcon_core.shell:Creating environment hook '/home/agilex/agilex_ws/install/nav2_voxel_grid/share/nav2_voxel_grid/hook/cmake_prefix_path.ps1'
[2.106s] INFO:colcon.colcon_core.shell:Creating environment descriptor '/home/agilex/agilex_ws/install/nav2_voxel_grid/share/nav2_voxel_grid/hook/cmake_prefix_path.dsv'
[2.106s] INFO:colcon.colcon_core.shell:Creating environment hook '/home/agilex/agilex_ws/install/nav2_voxel_grid/share/nav2_voxel_grid/hook/cmake_prefix_path.sh'
[2.106s] Level 1:colcon.colcon_core.environment:checking '/home/agilex/agilex_ws/install/nav2_voxel_grid/lib'
[2.106s] Level 1:colcon.colcon_core.shell:create_environment_hook('nav2_voxel_grid', 'ld_library_path_lib')
[2.110s] INFO:colcon.colcon_core.shell:Creating environment hook '/home/agilex/agilex_ws/install/nav2_voxel_grid/share/nav2_voxel_grid/hook/ld_library_path_lib.ps1'
[2.111s] INFO:colcon.colcon_core.shell:Creating environment descriptor '/home/agilex/agilex_ws/install/nav2_voxel_grid/share/nav2_voxel_grid/hook/ld_library_path_lib.dsv'
[2.111s] INFO:colcon.colcon_core.shell:Creating environment hook '/home/agilex/agilex_ws/install/nav2_voxel_grid/share/nav2_voxel_grid/hook/ld_library_path_lib.sh'
[2.111s] Level 1:colcon.colcon_core.environment:checking '/home/agilex/agilex_ws/install/nav2_voxel_grid/bin'
[2.111s] Level 1:colcon.colcon_core.environment:checking '/home/agilex/agilex_ws/install/nav2_voxel_grid/lib/pkgconfig/nav2_voxel_grid.pc'
[2.111s] Level 1:colcon.colcon_core.environment:checking '/home/agilex/agilex_ws/install/nav2_voxel_grid/lib/python3.10/site-packages'
[2.111s] Level 1:colcon.colcon_core.environment:checking '/home/agilex/agilex_ws/install/nav2_voxel_grid/bin'
[2.115s] INFO:colcon.colcon_core.shell:Creating package script '/home/agilex/agilex_ws/install/nav2_voxel_grid/share/nav2_voxel_grid/package.ps1'
[2.116s] INFO:colcon.colcon_core.shell:Creating package descriptor '/home/agilex/agilex_ws/install/nav2_voxel_grid/share/nav2_voxel_grid/package.dsv'
[2.116s] INFO:colcon.colcon_core.shell:Creating package script '/home/agilex/agilex_ws/install/nav2_voxel_grid/share/nav2_voxel_grid/package.sh'
[2.117s] INFO:colcon.colcon_core.shell:Creating package script '/home/agilex/agilex_ws/install/nav2_voxel_grid/share/nav2_voxel_grid/package.bash'
[2.117s] INFO:colcon.colcon_core.shell:Creating package script '/home/agilex/agilex_ws/install/nav2_voxel_grid/share/nav2_voxel_grid/package.zsh'
[2.117s] Level 1:colcon.colcon_core.environment:create_file_with_runtime_dependencies(/home/agilex/agilex_ws/install/nav2_voxel_grid/share/colcon-core/packages/nav2_voxel_grid)
[2.119s] DEBUG:colcon.colcon_core.event_handler.log_command:Invoked command in '/home/agilex/agilex_ws/build/orbbec_camera' returned '0': AMENT_PREFIX_PATH=/home/agilex/agilex_ws/install/orbbec_camera_msgs CMAKE_PREFIX_PATH=/home/agilex/agilex_ws/install/orbbec_camera_msgs LD_LIBRARY_PATH=/home/agilex/agilex_ws/install/orbbec_camera_msgs/lib PYTHONPATH=/home/agilex/agilex_ws/install/orbbec_camera_msgs/local/lib/python3.10/dist-packages /usr/bin/cmake --build /home/agilex/agilex_ws/build/orbbec_camera -- -j16 -l16
[2.122s] Level 1:colcon.colcon_core.environment:create_environment_scripts_only(aruco_ros)
[2.126s] Level 1:colcon.colcon_core.environment:checking '/home/agilex/agilex_ws/install/aruco_ros' for CMake module files
[2.126s] Level 1:colcon.colcon_core.environment:checking '/home/agilex/agilex_ws/install/aruco_ros' for CMake config files
[2.127s] Level 1:colcon.colcon_core.shell:create_environment_hook('aruco_ros', 'cmake_prefix_path')
[2.131s] INFO:colcon.colcon_core.shell:Creating environment hook '/home/agilex/agilex_ws/install/aruco_ros/share/aruco_ros/hook/cmake_prefix_path.ps1'
[2.131s] INFO:colcon.colcon_core.shell:Creating environment descriptor '/home/agilex/agilex_ws/install/aruco_ros/share/aruco_ros/hook/cmake_prefix_path.dsv'
[2.131s] INFO:colcon.colcon_core.shell:Creating environment hook '/home/agilex/agilex_ws/install/aruco_ros/share/aruco_ros/hook/cmake_prefix_path.sh'
[2.131s] Level 1:colcon.colcon_core.environment:checking '/home/agilex/agilex_ws/install/aruco_ros/lib'
[2.131s] Level 1:colcon.colcon_core.shell:create_environment_hook('aruco_ros', 'ld_library_path_lib')
[2.135s] INFO:colcon.colcon_core.shell:Creating environment hook '/home/agilex/agilex_ws/install/aruco_ros/share/aruco_ros/hook/ld_library_path_lib.ps1'
[2.135s] INFO:colcon.colcon_core.shell:Creating environment descriptor '/home/agilex/agilex_ws/install/aruco_ros/share/aruco_ros/hook/ld_library_path_lib.dsv'
[2.136s] INFO:colcon.colcon_core.shell:Creating environment hook '/home/agilex/agilex_ws/install/aruco_ros/share/aruco_ros/hook/ld_library_path_lib.sh'
[2.136s] Level 1:colcon.colcon_core.environment:checking '/home/agilex/agilex_ws/install/aruco_ros/bin'
[2.136s] Level 1:colcon.colcon_core.environment:checking '/home/agilex/agilex_ws/install/aruco_ros/lib/pkgconfig/aruco_ros.pc'
[2.136s] Level 1:colcon.colcon_core.environment:checking '/home/agilex/agilex_ws/install/aruco_ros/lib/python3.10/site-packages'
[2.136s] Level 1:colcon.colcon_core.environment:checking '/home/agilex/agilex_ws/install/aruco_ros/bin'
[2.140s] INFO:colcon.colcon_core.shell:Creating package script '/home/agilex/agilex_ws/install/aruco_ros/share/aruco_ros/package.ps1'
[2.140s] INFO:colcon.colcon_core.shell:Creating package descriptor '/home/agilex/agilex_ws/install/aruco_ros/share/aruco_ros/package.dsv'
[2.140s] INFO:colcon.colcon_core.shell:Creating package script '/home/agilex/agilex_ws/install/aruco_ros/share/aruco_ros/package.sh'
[2.140s] INFO:colcon.colcon_core.shell:Creating package script '/home/agilex/agilex_ws/install/aruco_ros/share/aruco_ros/package.bash'
[2.141s] INFO:colcon.colcon_core.shell:Creating package script '/home/agilex/agilex_ws/install/aruco_ros/share/aruco_ros/package.zsh'
[2.141s] Level 1:colcon.colcon_core.environment:create_file_with_runtime_dependencies(/home/agilex/agilex_ws/install/aruco_ros/share/colcon-core/packages/aruco_ros)
[2.146s] Level 1:colcon.colcon_core.environment:create_environment_scripts_only(limo_base)
[2.150s] Level 1:colcon.colcon_core.environment:checking '/home/agilex/agilex_ws/install/limo_base' for CMake module files
[2.150s] Level 1:colcon.colcon_core.environment:checking '/home/agilex/agilex_ws/install/limo_base' for CMake config files
[2.150s] Level 1:colcon.colcon_core.shell:create_environment_hook('limo_base', 'cmake_prefix_path')
[2.157s] INFO:colcon.colcon_core.shell:Creating environment hook '/home/agilex/agilex_ws/install/limo_base/share/limo_base/hook/cmake_prefix_path.ps1'
[2.158s] INFO:colcon.colcon_core.shell:Creating environment descriptor '/home/agilex/agilex_ws/install/limo_base/share/limo_base/hook/cmake_prefix_path.dsv'
[2.159s] INFO:colcon.colcon_core.shell:Creating environment hook '/home/agilex/agilex_ws/install/limo_base/share/limo_base/hook/cmake_prefix_path.sh'
[2.159s] Level 1:colcon.colcon_core.environment:checking '/home/agilex/agilex_ws/install/limo_base/lib'
[2.160s] Level 1:colcon.colcon_core.environment:checking '/home/agilex/agilex_ws/install/limo_base/bin'
[2.160s] Level 1:colcon.colcon_core.environment:checking '/home/agilex/agilex_ws/install/limo_base/lib/pkgconfig/limo_base.pc'
[2.160s] Level 1:colcon.colcon_core.environment:checking '/home/agilex/agilex_ws/install/limo_base/lib/python3.10/site-packages'
[2.160s] Level 1:colcon.colcon_core.environment:checking '/home/agilex/agilex_ws/install/limo_base/bin'
[2.166s] INFO:colcon.colcon_core.shell:Creating package script '/home/agilex/agilex_ws/install/limo_base/share/limo_base/package.ps1'
[2.166s] INFO:colcon.colcon_core.shell:Creating package descriptor '/home/agilex/agilex_ws/install/limo_base/share/limo_base/package.dsv'
[2.166s] INFO:colcon.colcon_core.shell:Creating package script '/home/agilex/agilex_ws/install/limo_base/share/limo_base/package.sh'
[2.167s] INFO:colcon.colcon_core.shell:Creating package script '/home/agilex/agilex_ws/install/limo_base/share/limo_base/package.bash'
[2.167s] INFO:colcon.colcon_core.shell:Creating package script '/home/agilex/agilex_ws/install/limo_base/share/limo_base/package.zsh'
[2.167s] Level 1:colcon.colcon_core.environment:create_file_with_runtime_dependencies(/home/agilex/agilex_ws/install/limo_base/share/colcon-core/packages/limo_base)
[2.169s] DEBUG:colcon.colcon_core.event_handler.log_command:Invoking command in '/home/agilex/agilex_ws/build/orbbec_camera': AMENT_PREFIX_PATH=/home/agilex/agilex_ws/install/orbbec_camera_msgs CMAKE_PREFIX_PATH=/home/agilex/agilex_ws/install/orbbec_camera_msgs LD_LIBRARY_PATH=/home/agilex/agilex_ws/install/orbbec_camera_msgs/lib PYTHONPATH=/home/agilex/agilex_ws/install/orbbec_camera_msgs/local/lib/python3.10/dist-packages /usr/bin/cmake --install /home/agilex/agilex_ws/build/orbbec_camera
[2.182s] Level 1:colcon.colcon_core.environment:create_environment_scripts_only(orbbec_camera)
[2.182s] DEBUG:colcon.colcon_core.event_handler.log_command:Invoked command in '/home/agilex/agilex_ws/build/orbbec_camera' returned '0': AMENT_PREFIX_PATH=/home/agilex/agilex_ws/install/orbbec_camera_msgs CMAKE_PREFIX_PATH=/home/agilex/agilex_ws/install/orbbec_camera_msgs LD_LIBRARY_PATH=/home/agilex/agilex_ws/install/orbbec_camera_msgs/lib PYTHONPATH=/home/agilex/agilex_ws/install/orbbec_camera_msgs/local/lib/python3.10/dist-packages /usr/bin/cmake --install /home/agilex/agilex_ws/build/orbbec_camera
[2.186s] Level 1:colcon.colcon_core.environment:checking '/home/agilex/agilex_ws/install/orbbec_camera' for CMake module files
[2.186s] Level 1:colcon.colcon_core.environment:checking '/home/agilex/agilex_ws/install/orbbec_camera' for CMake config files
[2.187s] Level 1:colcon.colcon_core.shell:create_environment_hook('orbbec_camera', 'cmake_prefix_path')
[2.190s] INFO:colcon.colcon_core.shell:Creating environment hook '/home/agilex/agilex_ws/install/orbbec_camera/share/orbbec_camera/hook/cmake_prefix_path.ps1'
[2.191s] INFO:colcon.colcon_core.shell:Creating environment descriptor '/home/agilex/agilex_ws/install/orbbec_camera/share/orbbec_camera/hook/cmake_prefix_path.dsv'
[2.191s] INFO:colcon.colcon_core.shell:Creating environment hook '/home/agilex/agilex_ws/install/orbbec_camera/share/orbbec_camera/hook/cmake_prefix_path.sh'
[2.191s] Level 1:colcon.colcon_core.environment:checking '/home/agilex/agilex_ws/install/orbbec_camera/lib'
[2.191s] Level 1:colcon.colcon_core.shell:create_environment_hook('orbbec_camera', 'ld_library_path_lib')
[2.195s] INFO:colcon.colcon_core.shell:Creating environment hook '/home/agilex/agilex_ws/install/orbbec_camera/share/orbbec_camera/hook/ld_library_path_lib.ps1'
[2.195s] INFO:colcon.colcon_core.shell:Creating environment descriptor '/home/agilex/agilex_ws/install/orbbec_camera/share/orbbec_camera/hook/ld_library_path_lib.dsv'
[2.195s] INFO:colcon.colcon_core.shell:Creating environment hook '/home/agilex/agilex_ws/install/orbbec_camera/share/orbbec_camera/hook/ld_library_path_lib.sh'
[2.196s] Level 1:colcon.colcon_core.environment:checking '/home/agilex/agilex_ws/install/orbbec_camera/bin'
[2.196s] Level 1:colcon.colcon_core.environment:checking '/home/agilex/agilex_ws/install/orbbec_camera/lib/pkgconfig/orbbec_camera.pc'
[2.196s] Level 1:colcon.colcon_core.environment:checking '/home/agilex/agilex_ws/install/orbbec_camera/lib/python3.10/site-packages'
[2.196s] Level 1:colcon.colcon_core.environment:checking '/home/agilex/agilex_ws/install/orbbec_camera/bin'
[2.200s] INFO:colcon.colcon_core.shell:Creating package script '/home/agilex/agilex_ws/install/orbbec_camera/share/orbbec_camera/package.ps1'
[2.201s] INFO:colcon.colcon_core.shell:Creating package descriptor '/home/agilex/agilex_ws/install/orbbec_camera/share/orbbec_camera/package.dsv'
[2.201s] INFO:colcon.colcon_core.shell:Creating package script '/home/agilex/agilex_ws/install/orbbec_camera/share/orbbec_camera/package.sh'
[2.201s] INFO:colcon.colcon_core.shell:Creating package script '/home/agilex/agilex_ws/install/orbbec_camera/share/orbbec_camera/package.bash'
[2.201s] INFO:colcon.colcon_core.shell:Creating package script '/home/agilex/agilex_ws/install/orbbec_camera/share/orbbec_camera/package.zsh'
[2.201s] Level 1:colcon.colcon_core.environment:create_file_with_runtime_dependencies(/home/agilex/agilex_ws/install/orbbec_camera/share/colcon-core/packages/orbbec_camera)
[2.203s] DEBUG:colcon.colcon_core.event_handler.log_command:Invoked command in '/home/agilex/agilex_ws/build/teb_msgs' returned '0': AMENT_PREFIX_PATH=/home/agilex/agilex_ws/install/costmap_converter_msgs CMAKE_PREFIX_PATH=/home/agilex/agilex_ws/install/costmap_converter_msgs LD_LIBRARY_PATH=/home/agilex/agilex_ws/install/costmap_converter_msgs/lib PYTHONPATH=/home/agilex/agilex_ws/install/costmap_converter_msgs/local/lib/python3.10/dist-packages /usr/bin/cmake --build /home/agilex/agilex_ws/build/teb_msgs -- -j16 -l16
[2.204s] DEBUG:colcon.colcon_core.event_handler.log_command:Invoked command in '/home/agilex/agilex_ws/build/dwb_msgs' returned '0': AMENT_PREFIX_PATH=/home/agilex/agilex_ws/install/nav_2d_msgs CMAKE_PREFIX_PATH=/home/agilex/agilex_ws/install/nav_2d_msgs LD_LIBRARY_PATH=/home/agilex/agilex_ws/install/nav_2d_msgs/lib PYTHONPATH=/home/agilex/agilex_ws/install/nav_2d_msgs/local/lib/python3.10/dist-packages /usr/bin/cmake --build /home/agilex/agilex_ws/build/dwb_msgs -- -j16 -l16
[2.245s] Level 1:colcon.colcon_core.environment:create_environment_scripts_only(orbbec_camera)
[2.252s] Level 1:colcon.colcon_core.environment:checking '/home/agilex/agilex_ws/install/orbbec_camera' for CMake module files
[2.253s] Level 1:colcon.colcon_core.environment:checking '/home/agilex/agilex_ws/install/orbbec_camera' for CMake config files
[2.253s] Level 1:colcon.colcon_core.shell:create_environment_hook('orbbec_camera', 'cmake_prefix_path')
[2.256s] INFO:colcon.colcon_core.shell:Creating environment hook '/home/agilex/agilex_ws/install/orbbec_camera/share/orbbec_camera/hook/cmake_prefix_path.ps1'
[2.256s] INFO:colcon.colcon_core.shell:Creating environment descriptor '/home/agilex/agilex_ws/install/orbbec_camera/share/orbbec_camera/hook/cmake_prefix_path.dsv'
[2.257s] INFO:colcon.colcon_core.shell:Creating environment hook '/home/agilex/agilex_ws/install/orbbec_camera/share/orbbec_camera/hook/cmake_prefix_path.sh'
[2.257s] Level 1:colcon.colcon_core.environment:checking '/home/agilex/agilex_ws/install/orbbec_camera/lib'
[2.257s] Level 1:colcon.colcon_core.shell:create_environment_hook('orbbec_camera', 'ld_library_path_lib')
[2.266s] INFO:colcon.colcon_core.shell:Creating environment hook '/home/agilex/agilex_ws/install/orbbec_camera/share/orbbec_camera/hook/ld_library_path_lib.ps1'
[2.266s] INFO:colcon.colcon_core.shell:Creating environment descriptor '/home/agilex/agilex_ws/install/orbbec_camera/share/orbbec_camera/hook/ld_library_path_lib.dsv'
[2.266s] INFO:colcon.colcon_core.shell:Creating environment hook '/home/agilex/agilex_ws/install/orbbec_camera/share/orbbec_camera/hook/ld_library_path_lib.sh'
[2.267s] Level 1:colcon.colcon_core.environment:checking '/home/agilex/agilex_ws/install/orbbec_camera/bin'
[2.267s] Level 1:colcon.colcon_core.environment:checking '/home/agilex/agilex_ws/install/orbbec_camera/lib/pkgconfig/orbbec_camera.pc'
[2.267s] Level 1:colcon.colcon_core.environment:checking '/home/agilex/agilex_ws/install/orbbec_camera/lib/python3.10/site-packages'
[2.267s] Level 1:colcon.colcon_core.environment:checking '/home/agilex/agilex_ws/install/orbbec_camera/bin'
[2.275s] INFO:colcon.colcon_core.shell:Creating package script '/home/agilex/agilex_ws/install/orbbec_camera/share/orbbec_camera/package.ps1'
[2.276s] INFO:colcon.colcon_core.shell:Creating package descriptor '/home/agilex/agilex_ws/install/orbbec_camera/share/orbbec_camera/package.dsv'
[2.276s] INFO:colcon.colcon_core.shell:Creating package script '/home/agilex/agilex_ws/install/orbbec_camera/share/orbbec_camera/package.sh'
[2.276s] INFO:colcon.colcon_core.shell:Creating package script '/home/agilex/agilex_ws/install/orbbec_camera/share/orbbec_camera/package.bash'
[2.277s] INFO:colcon.colcon_core.shell:Creating package script '/home/agilex/agilex_ws/install/orbbec_camera/share/orbbec_camera/package.zsh'
[2.277s] Level 1:colcon.colcon_core.environment:create_file_with_runtime_dependencies(/home/agilex/agilex_ws/install/orbbec_camera/share/colcon-core/packages/orbbec_camera)
[2.280s] DEBUG:colcon.colcon_core.event_handler.log_command:Invoking command in '/home/agilex/agilex_ws/build/teb_msgs': AMENT_PREFIX_PATH=/home/agilex/agilex_ws/install/costmap_converter_msgs CMAKE_PREFIX_PATH=/home/agilex/agilex_ws/install/costmap_converter_msgs LD_LIBRARY_PATH=/home/agilex/agilex_ws/install/costmap_converter_msgs/lib PYTHONPATH=/home/agilex/agilex_ws/install/costmap_converter_msgs/local/lib/python3.10/dist-packages /usr/bin/cmake --install /home/agilex/agilex_ws/build/teb_msgs
[2.325s] Level 1:colcon.colcon_core.environment:create_environment_scripts_only(teb_msgs)
[2.326s] DEBUG:colcon.colcon_core.event_handler.log_command:Invoked command in '/home/agilex/agilex_ws/build/teb_msgs' returned '0': AMENT_PREFIX_PATH=/home/agilex/agilex_ws/install/costmap_converter_msgs CMAKE_PREFIX_PATH=/home/agilex/agilex_ws/install/costmap_converter_msgs LD_LIBRARY_PATH=/home/agilex/agilex_ws/install/costmap_converter_msgs/lib PYTHONPATH=/home/agilex/agilex_ws/install/costmap_converter_msgs/local/lib/python3.10/dist-packages /usr/bin/cmake --install /home/agilex/agilex_ws/build/teb_msgs
[2.331s] Level 1:colcon.colcon_core.environment:checking '/home/agilex/agilex_ws/install/teb_msgs' for CMake module files
[2.332s] Level 1:colcon.colcon_core.environment:checking '/home/agilex/agilex_ws/install/teb_msgs' for CMake config files
[2.332s] Level 1:colcon.colcon_core.shell:create_environment_hook('teb_msgs', 'cmake_prefix_path')
[2.336s] INFO:colcon.colcon_core.shell:Creating environment hook '/home/agilex/agilex_ws/install/teb_msgs/share/teb_msgs/hook/cmake_prefix_path.ps1'
[2.336s] INFO:colcon.colcon_core.shell:Creating environment descriptor '/home/agilex/agilex_ws/install/teb_msgs/share/teb_msgs/hook/cmake_prefix_path.dsv'
[2.336s] INFO:colcon.colcon_core.shell:Creating environment hook '/home/agilex/agilex_ws/install/teb_msgs/share/teb_msgs/hook/cmake_prefix_path.sh'
[2.336s] Level 1:colcon.colcon_core.environment:checking '/home/agilex/agilex_ws/install/teb_msgs/lib'
[2.337s] Level 1:colcon.colcon_core.shell:create_environment_hook('teb_msgs', 'ld_library_path_lib')
[2.340s] INFO:colcon.colcon_core.shell:Creating environment hook '/home/agilex/agilex_ws/install/teb_msgs/share/teb_msgs/hook/ld_library_path_lib.ps1'
[2.340s] INFO:colcon.colcon_core.shell:Creating environment descriptor '/home/agilex/agilex_ws/install/teb_msgs/share/teb_msgs/hook/ld_library_path_lib.dsv'
[2.341s] INFO:colcon.colcon_core.shell:Creating environment hook '/home/agilex/agilex_ws/install/teb_msgs/share/teb_msgs/hook/ld_library_path_lib.sh'
[2.341s] Level 1:colcon.colcon_core.environment:checking '/home/agilex/agilex_ws/install/teb_msgs/bin'
[2.341s] Level 1:colcon.colcon_core.environment:checking '/home/agilex/agilex_ws/install/teb_msgs/lib/pkgconfig/teb_msgs.pc'
[2.341s] Level 1:colcon.colcon_core.environment:checking '/home/agilex/agilex_ws/install/teb_msgs/lib/python3.10/site-packages'
[2.341s] Level 1:colcon.colcon_core.environment:checking '/home/agilex/agilex_ws/install/teb_msgs/bin'
[2.345s] INFO:colcon.colcon_core.shell:Creating package script '/home/agilex/agilex_ws/install/teb_msgs/share/teb_msgs/package.ps1'
[2.345s] INFO:colcon.colcon_core.shell:Creating package descriptor '/home/agilex/agilex_ws/install/teb_msgs/share/teb_msgs/package.dsv'
[2.346s] INFO:colcon.colcon_core.shell:Creating package script '/home/agilex/agilex_ws/install/teb_msgs/share/teb_msgs/package.sh'
[2.346s] INFO:colcon.colcon_core.shell:Creating package script '/home/agilex/agilex_ws/install/teb_msgs/share/teb_msgs/package.bash'
[2.346s] INFO:colcon.colcon_core.shell:Creating package script '/home/agilex/agilex_ws/install/teb_msgs/share/teb_msgs/package.zsh'
[2.346s] Level 1:colcon.colcon_core.environment:create_file_with_runtime_dependencies(/home/agilex/agilex_ws/install/teb_msgs/share/colcon-core/packages/teb_msgs)
[2.348s] DEBUG:colcon.colcon_core.event_handler.log_command:Invoking command in '/home/agilex/agilex_ws/build/dwb_msgs': AMENT_PREFIX_PATH=/home/agilex/agilex_ws/install/nav_2d_msgs CMAKE_PREFIX_PATH=/home/agilex/agilex_ws/install/nav_2d_msgs LD_LIBRARY_PATH=/home/agilex/agilex_ws/install/nav_2d_msgs/lib PYTHONPATH=/home/agilex/agilex_ws/install/nav_2d_msgs/local/lib/python3.10/dist-packages /usr/bin/cmake --install /home/agilex/agilex_ws/build/dwb_msgs
[2.394s] Level 1:colcon.colcon_core.environment:create_environment_scripts_only(dwb_msgs)
[2.395s] DEBUG:colcon.colcon_core.event_handler.log_command:Invoked command in '/home/agilex/agilex_ws/build/dwb_msgs' returned '0': AMENT_PREFIX_PATH=/home/agilex/agilex_ws/install/nav_2d_msgs CMAKE_PREFIX_PATH=/home/agilex/agilex_ws/install/nav_2d_msgs LD_LIBRARY_PATH=/home/agilex/agilex_ws/install/nav_2d_msgs/lib PYTHONPATH=/home/agilex/agilex_ws/install/nav_2d_msgs/local/lib/python3.10/dist-packages /usr/bin/cmake --install /home/agilex/agilex_ws/build/dwb_msgs
[2.401s] Level 1:colcon.colcon_core.environment:checking '/home/agilex/agilex_ws/install/dwb_msgs' for CMake module files
[2.401s] Level 1:colcon.colcon_core.environment:checking '/home/agilex/agilex_ws/install/dwb_msgs' for CMake config files
[2.402s] Level 1:colcon.colcon_core.shell:create_environment_hook('dwb_msgs', 'cmake_prefix_path')
[2.405s] INFO:colcon.colcon_core.shell:Creating environment hook '/home/agilex/agilex_ws/install/dwb_msgs/share/dwb_msgs/hook/cmake_prefix_path.ps1'
[2.405s] INFO:colcon.colcon_core.shell:Creating environment descriptor '/home/agilex/agilex_ws/install/dwb_msgs/share/dwb_msgs/hook/cmake_prefix_path.dsv'
[2.405s] INFO:colcon.colcon_core.shell:Creating environment hook '/home/agilex/agilex_ws/install/dwb_msgs/share/dwb_msgs/hook/cmake_prefix_path.sh'
[2.406s] Level 1:colcon.colcon_core.environment:checking '/home/agilex/agilex_ws/install/dwb_msgs/lib'
[2.406s] Level 1:colcon.colcon_core.shell:create_environment_hook('dwb_msgs', 'ld_library_path_lib')
[2.410s] INFO:colcon.colcon_core.shell:Creating environment hook '/home/agilex/agilex_ws/install/dwb_msgs/share/dwb_msgs/hook/ld_library_path_lib.ps1'
[2.410s] INFO:colcon.colcon_core.shell:Creating environment descriptor '/home/agilex/agilex_ws/install/dwb_msgs/share/dwb_msgs/hook/ld_library_path_lib.dsv'
[2.411s] INFO:colcon.colcon_core.shell:Creating environment hook '/home/agilex/agilex_ws/install/dwb_msgs/share/dwb_msgs/hook/ld_library_path_lib.sh'
[2.411s] Level 1:colcon.colcon_core.environment:checking '/home/agilex/agilex_ws/install/dwb_msgs/bin'
[2.411s] Level 1:colcon.colcon_core.environment:checking '/home/agilex/agilex_ws/install/dwb_msgs/lib/pkgconfig/dwb_msgs.pc'
[2.411s] Level 1:colcon.colcon_core.environment:checking '/home/agilex/agilex_ws/install/dwb_msgs/lib/python3.10/site-packages'
[2.411s] Level 1:colcon.colcon_core.environment:checking '/home/agilex/agilex_ws/install/dwb_msgs/bin'
[2.416s] INFO:colcon.colcon_core.shell:Creating package script '/home/agilex/agilex_ws/install/dwb_msgs/share/dwb_msgs/package.ps1'
[2.416s] INFO:colcon.colcon_core.shell:Creating package descriptor '/home/agilex/agilex_ws/install/dwb_msgs/share/dwb_msgs/package.dsv'
[2.416s] INFO:colcon.colcon_core.shell:Creating package script '/home/agilex/agilex_ws/install/dwb_msgs/share/dwb_msgs/package.sh'
[2.416s] INFO:colcon.colcon_core.shell:Creating package script '/home/agilex/agilex_ws/install/dwb_msgs/share/dwb_msgs/package.bash'
[2.417s] INFO:colcon.colcon_core.shell:Creating package script '/home/agilex/agilex_ws/install/dwb_msgs/share/dwb_msgs/package.zsh'
[2.417s] Level 1:colcon.colcon_core.environment:create_file_with_runtime_dependencies(/home/agilex/agilex_ws/install/dwb_msgs/share/colcon-core/packages/dwb_msgs)
[2.421s] Level 1:colcon.colcon_core.environment:create_environment_scripts_only(teb_msgs)
[2.424s] Level 1:colcon.colcon_core.environment:checking '/home/agilex/agilex_ws/install/teb_msgs' for CMake module files
[2.425s] Level 1:colcon.colcon_core.environment:checking '/home/agilex/agilex_ws/install/teb_msgs' for CMake config files
[2.425s] Level 1:colcon.colcon_core.shell:create_environment_hook('teb_msgs', 'cmake_prefix_path')
[2.429s] INFO:colcon.colcon_core.shell:Creating environment hook '/home/agilex/agilex_ws/install/teb_msgs/share/teb_msgs/hook/cmake_prefix_path.ps1'
[2.430s] INFO:colcon.colcon_core.shell:Creating environment descriptor '/home/agilex/agilex_ws/install/teb_msgs/share/teb_msgs/hook/cmake_prefix_path.dsv'
[2.430s] INFO:colcon.colcon_core.shell:Creating environment hook '/home/agilex/agilex_ws/install/teb_msgs/share/teb_msgs/hook/cmake_prefix_path.sh'
[2.430s] Level 1:colcon.colcon_core.environment:checking '/home/agilex/agilex_ws/install/teb_msgs/lib'
[2.430s] Level 1:colcon.colcon_core.shell:create_environment_hook('teb_msgs', 'ld_library_path_lib')
[2.434s] INFO:colcon.colcon_core.shell:Creating environment hook '/home/agilex/agilex_ws/install/teb_msgs/share/teb_msgs/hook/ld_library_path_lib.ps1'
[2.434s] INFO:colcon.colcon_core.shell:Creating environment descriptor '/home/agilex/agilex_ws/install/teb_msgs/share/teb_msgs/hook/ld_library_path_lib.dsv'
[2.435s] INFO:colcon.colcon_core.shell:Creating environment hook '/home/agilex/agilex_ws/install/teb_msgs/share/teb_msgs/hook/ld_library_path_lib.sh'
[2.435s] Level 1:colcon.colcon_core.environment:checking '/home/agilex/agilex_ws/install/teb_msgs/bin'
[2.435s] Level 1:colcon.colcon_core.environment:checking '/home/agilex/agilex_ws/install/teb_msgs/lib/pkgconfig/teb_msgs.pc'
[2.435s] Level 1:colcon.colcon_core.environment:checking '/home/agilex/agilex_ws/install/teb_msgs/lib/python3.10/site-packages'
[2.435s] Level 1:colcon.colcon_core.environment:checking '/home/agilex/agilex_ws/install/teb_msgs/bin'
[2.439s] INFO:colcon.colcon_core.shell:Creating package script '/home/agilex/agilex_ws/install/teb_msgs/share/teb_msgs/package.ps1'
[2.439s] INFO:colcon.colcon_core.shell:Creating package descriptor '/home/agilex/agilex_ws/install/teb_msgs/share/teb_msgs/package.dsv'
[2.439s] INFO:colcon.colcon_core.shell:Creating package script '/home/agilex/agilex_ws/install/teb_msgs/share/teb_msgs/package.sh'
[2.439s] INFO:colcon.colcon_core.shell:Creating package script '/home/agilex/agilex_ws/install/teb_msgs/share/teb_msgs/package.bash'
[2.439s] INFO:colcon.colcon_core.shell:Creating package script '/home/agilex/agilex_ws/install/teb_msgs/share/teb_msgs/package.zsh'
[2.440s] Level 1:colcon.colcon_core.environment:create_file_with_runtime_dependencies(/home/agilex/agilex_ws/install/teb_msgs/share/colcon-core/packages/teb_msgs)
[2.453s] DEBUG:colcon.colcon_core.event_handler.log_command:Invoking command in '/home/agilex/agilex_ws/build/nav2_msgs': AMENT_PREFIX_PATH=/home/agilex/agilex_ws/install/nav2_common CMAKE_PREFIX_PATH=/home/agilex/agilex_ws/install/nav2_common PYTHONPATH=/home/agilex/agilex_ws/install/nav2_common/local/lib/python3.10/dist-packages /usr/bin/cmake --install /home/agilex/agilex_ws/build/nav2_msgs
[2.496s] Level 1:colcon.colcon_core.environment:create_environment_scripts_only(nav2_msgs)
[2.496s] DEBUG:colcon.colcon_core.event_handler.log_command:Invoked command in '/home/agilex/agilex_ws/build/nav2_msgs' returned '0': AMENT_PREFIX_PATH=/home/agilex/agilex_ws/install/nav2_common CMAKE_PREFIX_PATH=/home/agilex/agilex_ws/install/nav2_common PYTHONPATH=/home/agilex/agilex_ws/install/nav2_common/local/lib/python3.10/dist-packages /usr/bin/cmake --install /home/agilex/agilex_ws/build/nav2_msgs
[2.504s] Level 1:colcon.colcon_core.environment:checking '/home/agilex/agilex_ws/install/nav2_msgs' for CMake module files
[2.505s] Level 1:colcon.colcon_core.environment:checking '/home/agilex/agilex_ws/install/nav2_msgs' for CMake config files
[2.506s] Level 1:colcon.colcon_core.shell:create_environment_hook('nav2_msgs', 'cmake_prefix_path')
[2.512s] INFO:colcon.colcon_core.shell:Creating environment hook '/home/agilex/agilex_ws/install/nav2_msgs/share/nav2_msgs/hook/cmake_prefix_path.ps1'
[2.512s] INFO:colcon.colcon_core.shell:Creating environment descriptor '/home/agilex/agilex_ws/install/nav2_msgs/share/nav2_msgs/hook/cmake_prefix_path.dsv'
[2.512s] INFO:colcon.colcon_core.shell:Creating environment hook '/home/agilex/agilex_ws/install/nav2_msgs/share/nav2_msgs/hook/cmake_prefix_path.sh'
[2.512s] Level 1:colcon.colcon_core.environment:checking '/home/agilex/agilex_ws/install/nav2_msgs/lib'
[2.513s] Level 1:colcon.colcon_core.shell:create_environment_hook('nav2_msgs', 'ld_library_path_lib')
[2.516s] INFO:colcon.colcon_core.shell:Creating environment hook '/home/agilex/agilex_ws/install/nav2_msgs/share/nav2_msgs/hook/ld_library_path_lib.ps1'
[2.516s] INFO:colcon.colcon_core.shell:Creating environment descriptor '/home/agilex/agilex_ws/install/nav2_msgs/share/nav2_msgs/hook/ld_library_path_lib.dsv'
[2.516s] INFO:colcon.colcon_core.shell:Creating environment hook '/home/agilex/agilex_ws/install/nav2_msgs/share/nav2_msgs/hook/ld_library_path_lib.sh'
[2.517s] Level 1:colcon.colcon_core.environment:checking '/home/agilex/agilex_ws/install/nav2_msgs/bin'
[2.517s] Level 1:colcon.colcon_core.environment:checking '/home/agilex/agilex_ws/install/nav2_msgs/lib/pkgconfig/nav2_msgs.pc'
[2.517s] Level 1:colcon.colcon_core.environment:checking '/home/agilex/agilex_ws/install/nav2_msgs/lib/python3.10/site-packages'
[2.517s] Level 1:colcon.colcon_core.environment:checking '/home/agilex/agilex_ws/install/nav2_msgs/bin'
[2.520s] INFO:colcon.colcon_core.shell:Creating package script '/home/agilex/agilex_ws/install/nav2_msgs/share/nav2_msgs/package.ps1'
[2.520s] INFO:colcon.colcon_core.shell:Creating package descriptor '/home/agilex/agilex_ws/install/nav2_msgs/share/nav2_msgs/package.dsv'
[2.520s] INFO:colcon.colcon_core.shell:Creating package script '/home/agilex/agilex_ws/install/nav2_msgs/share/nav2_msgs/package.sh'
[2.521s] INFO:colcon.colcon_core.shell:Creating package script '/home/agilex/agilex_ws/install/nav2_msgs/share/nav2_msgs/package.bash'
[2.521s] INFO:colcon.colcon_core.shell:Creating package script '/home/agilex/agilex_ws/install/nav2_msgs/share/nav2_msgs/package.zsh'
[2.521s] Level 1:colcon.colcon_core.environment:create_file_with_runtime_dependencies(/home/agilex/agilex_ws/install/nav2_msgs/share/colcon-core/packages/nav2_msgs)
[2.542s] Level 1:colcon.colcon_core.environment:create_environment_scripts_only(dwb_msgs)
[2.546s] Level 1:colcon.colcon_core.environment:checking '/home/agilex/agilex_ws/install/dwb_msgs' for CMake module files
[2.546s] Level 1:colcon.colcon_core.environment:checking '/home/agilex/agilex_ws/install/dwb_msgs' for CMake config files
[2.546s] Level 1:colcon.colcon_core.shell:create_environment_hook('dwb_msgs', 'cmake_prefix_path')
[2.549s] INFO:colcon.colcon_core.shell:Creating environment hook '/home/agilex/agilex_ws/install/dwb_msgs/share/dwb_msgs/hook/cmake_prefix_path.ps1'
[2.550s] INFO:colcon.colcon_core.shell:Creating environment descriptor '/home/agilex/agilex_ws/install/dwb_msgs/share/dwb_msgs/hook/cmake_prefix_path.dsv'
[2.550s] INFO:colcon.colcon_core.shell:Creating environment hook '/home/agilex/agilex_ws/install/dwb_msgs/share/dwb_msgs/hook/cmake_prefix_path.sh'
[2.550s] Level 1:colcon.colcon_core.environment:checking '/home/agilex/agilex_ws/install/dwb_msgs/lib'
[2.550s] Level 1:colcon.colcon_core.shell:create_environment_hook('dwb_msgs', 'ld_library_path_lib')
[2.553s] INFO:colcon.colcon_core.shell:Creating environment hook '/home/agilex/agilex_ws/install/dwb_msgs/share/dwb_msgs/hook/ld_library_path_lib.ps1'
[2.554s] INFO:colcon.colcon_core.shell:Creating environment descriptor '/home/agilex/agilex_ws/install/dwb_msgs/share/dwb_msgs/hook/ld_library_path_lib.dsv'
[2.554s] INFO:colcon.colcon_core.shell:Creating environment hook '/home/agilex/agilex_ws/install/dwb_msgs/share/dwb_msgs/hook/ld_library_path_lib.sh'
[2.554s] Level 1:colcon.colcon_core.environment:checking '/home/agilex/agilex_ws/install/dwb_msgs/bin'
[2.554s] Level 1:colcon.colcon_core.environment:checking '/home/agilex/agilex_ws/install/dwb_msgs/lib/pkgconfig/dwb_msgs.pc'
[2.554s] Level 1:colcon.colcon_core.environment:checking '/home/agilex/agilex_ws/install/dwb_msgs/lib/python3.10/site-packages'
[2.554s] Level 1:colcon.colcon_core.environment:checking '/home/agilex/agilex_ws/install/dwb_msgs/bin'
[2.557s] INFO:colcon.colcon_core.shell:Creating package script '/home/agilex/agilex_ws/install/dwb_msgs/share/dwb_msgs/package.ps1'
[2.558s] INFO:colcon.colcon_core.shell:Creating package descriptor '/home/agilex/agilex_ws/install/dwb_msgs/share/dwb_msgs/package.dsv'
[2.558s] INFO:colcon.colcon_core.shell:Creating package script '/home/agilex/agilex_ws/install/dwb_msgs/share/dwb_msgs/package.sh'
[2.558s] INFO:colcon.colcon_core.shell:Creating package script '/home/agilex/agilex_ws/install/dwb_msgs/share/dwb_msgs/package.bash'
[2.558s] INFO:colcon.colcon_core.shell:Creating package script '/home/agilex/agilex_ws/install/dwb_msgs/share/dwb_msgs/package.zsh'
[2.559s] Level 1:colcon.colcon_core.environment:create_file_with_runtime_dependencies(/home/agilex/agilex_ws/install/dwb_msgs/share/colcon-core/packages/dwb_msgs)
[2.849s] Level 1:colcon.colcon_core.environment:create_environment_scripts_only(nav2_msgs)
[2.852s] Level 1:colcon.colcon_core.environment:checking '/home/agilex/agilex_ws/install/nav2_msgs' for CMake module files
[2.853s] Level 1:colcon.colcon_core.environment:checking '/home/agilex/agilex_ws/install/nav2_msgs' for CMake config files
[2.853s] Level 1:colcon.colcon_core.shell:create_environment_hook('nav2_msgs', 'cmake_prefix_path')
[2.859s] INFO:colcon.colcon_core.shell:Creating environment hook '/home/agilex/agilex_ws/install/nav2_msgs/share/nav2_msgs/hook/cmake_prefix_path.ps1'
[2.860s] INFO:colcon.colcon_core.shell:Creating environment descriptor '/home/agilex/agilex_ws/install/nav2_msgs/share/nav2_msgs/hook/cmake_prefix_path.dsv'
[2.860s] INFO:colcon.colcon_core.shell:Creating environment hook '/home/agilex/agilex_ws/install/nav2_msgs/share/nav2_msgs/hook/cmake_prefix_path.sh'
[2.860s] Level 1:colcon.colcon_core.environment:checking '/home/agilex/agilex_ws/install/nav2_msgs/lib'
[2.860s] Level 1:colcon.colcon_core.shell:create_environment_hook('nav2_msgs', 'ld_library_path_lib')
[2.864s] INFO:colcon.colcon_core.shell:Creating environment hook '/home/agilex/agilex_ws/install/nav2_msgs/share/nav2_msgs/hook/ld_library_path_lib.ps1'
[2.864s] INFO:colcon.colcon_core.shell:Creating environment descriptor '/home/agilex/agilex_ws/install/nav2_msgs/share/nav2_msgs/hook/ld_library_path_lib.dsv'
[2.864s] INFO:colcon.colcon_core.shell:Creating environment hook '/home/agilex/agilex_ws/install/nav2_msgs/share/nav2_msgs/hook/ld_library_path_lib.sh'
[2.864s] Level 1:colcon.colcon_core.environment:checking '/home/agilex/agilex_ws/install/nav2_msgs/bin'
[2.864s] Level 1:colcon.colcon_core.environment:checking '/home/agilex/agilex_ws/install/nav2_msgs/lib/pkgconfig/nav2_msgs.pc'
[2.865s] Level 1:colcon.colcon_core.environment:checking '/home/agilex/agilex_ws/install/nav2_msgs/lib/python3.10/site-packages'
[2.865s] Level 1:colcon.colcon_core.environment:checking '/home/agilex/agilex_ws/install/nav2_msgs/bin'
[2.868s] INFO:colcon.colcon_core.shell:Creating package script '/home/agilex/agilex_ws/install/nav2_msgs/share/nav2_msgs/package.ps1'
[2.868s] INFO:colcon.colcon_core.shell:Creating package descriptor '/home/agilex/agilex_ws/install/nav2_msgs/share/nav2_msgs/package.dsv'
[2.868s] INFO:colcon.colcon_core.shell:Creating package script '/home/agilex/agilex_ws/install/nav2_msgs/share/nav2_msgs/package.sh'
[2.869s] INFO:colcon.colcon_core.shell:Creating package script '/home/agilex/agilex_ws/install/nav2_msgs/share/nav2_msgs/package.bash'
[2.869s] INFO:colcon.colcon_core.shell:Creating package script '/home/agilex/agilex_ws/install/nav2_msgs/share/nav2_msgs/package.zsh'
[2.869s] Level 1:colcon.colcon_core.environment:create_file_with_runtime_dependencies(/home/agilex/agilex_ws/install/nav2_msgs/share/colcon-core/packages/nav2_msgs)
[2.869s] INFO:colcon.colcon_ros.task.ament_cmake.build:Building ROS package in '/home/agilex/agilex_ws/src/navigation2/nav2_util' with build type 'ament_cmake'
[2.869s] INFO:colcon.colcon_cmake.task.cmake.build:Building CMake package in '/home/agilex/agilex_ws/src/navigation2/nav2_util'
[2.873s] INFO:colcon.colcon_core.shell:Skip shell extension 'powershell' for command environment: Not usable outside of PowerShell
[2.873s] DEBUG:colcon.colcon_core.shell:Skip shell extension 'dsv' for command environment
[2.876s] INFO:colcon.colcon_ros.task.ament_python.build:Building ROS package in '/home/agilex/agilex_ws/src/navigation2/nav2_simple_commander' with build type 'ament_python'
[2.876s] Level 1:colcon.colcon_core.shell:create_environment_hook('nav2_simple_commander', 'ament_prefix_path')
[2.880s] INFO:colcon.colcon_core.shell:Creating environment hook '/home/agilex/agilex_ws/install/nav2_simple_commander/share/nav2_simple_commander/hook/ament_prefix_path.ps1'
[2.881s] INFO:colcon.colcon_core.shell:Creating environment descriptor '/home/agilex/agilex_ws/install/nav2_simple_commander/share/nav2_simple_commander/hook/ament_prefix_path.dsv'
[2.881s] INFO:colcon.colcon_core.shell:Creating environment hook '/home/agilex/agilex_ws/install/nav2_simple_commander/share/nav2_simple_commander/hook/ament_prefix_path.sh'
[2.884s] INFO:colcon.colcon_core.shell:Skip shell extension 'powershell' for command environment: Not usable outside of PowerShell
[2.884s] DEBUG:colcon.colcon_core.shell:Skip shell extension 'dsv' for command environment
[2.890s] DEBUG:colcon.colcon_core.event_handler.log_command:Invoking command in '/home/agilex/agilex_ws/build/nav2_util': AMENT_PREFIX_PATH=/home/agilex/agilex_ws/install/nav2_msgs:/home/agilex/agilex_ws/install/nav2_common CMAKE_PREFIX_PATH=/home/agilex/agilex_ws/install/nav2_msgs:/home/agilex/agilex_ws/install/nav2_common LD_LIBRARY_PATH=/home/agilex/agilex_ws/install/nav2_msgs/lib PYTHONPATH=/home/agilex/agilex_ws/install/nav2_msgs/local/lib/python3.10/dist-packages:/home/agilex/agilex_ws/install/nav2_common/local/lib/python3.10/dist-packages /usr/bin/cmake --build /home/agilex/agilex_ws/build/nav2_util -- -j16 -l16
[3.009s] INFO:colcon.colcon_core.task.python.build:Building Python package in '/home/agilex/agilex_ws/src/navigation2/nav2_simple_commander'
[3.012s] INFO:colcon.colcon_core.shell:Skip shell extension 'powershell' for command environment: Not usable outside of PowerShell
[3.012s] DEBUG:colcon.colcon_core.shell:Skip shell extension 'dsv' for command environment
[3.018s] DEBUG:colcon.colcon_core.event_handler.log_command:Invoked command in '/home/agilex/agilex_ws/build/nav2_util' returned '0': AMENT_PREFIX_PATH=/home/agilex/agilex_ws/install/nav2_msgs:/home/agilex/agilex_ws/install/nav2_common CMAKE_PREFIX_PATH=/home/agilex/agilex_ws/install/nav2_msgs:/home/agilex/agilex_ws/install/nav2_common LD_LIBRARY_PATH=/home/agilex/agilex_ws/install/nav2_msgs/lib PYTHONPATH=/home/agilex/agilex_ws/install/nav2_msgs/local/lib/python3.10/dist-packages:/home/agilex/agilex_ws/install/nav2_common/local/lib/python3.10/dist-packages /usr/bin/cmake --build /home/agilex/agilex_ws/build/nav2_util -- -j16 -l16
[3.038s] DEBUG:colcon.colcon_core.event_handler.log_command:Invoking command in '/home/agilex/agilex_ws/build/nav2_util': AMENT_PREFIX_PATH=/home/agilex/agilex_ws/install/nav2_msgs:/home/agilex/agilex_ws/install/nav2_common CMAKE_PREFIX_PATH=/home/agilex/agilex_ws/install/nav2_msgs:/home/agilex/agilex_ws/install/nav2_common LD_LIBRARY_PATH=/home/agilex/agilex_ws/install/nav2_msgs/lib PYTHONPATH=/home/agilex/agilex_ws/install/nav2_msgs/local/lib/python3.10/dist-packages:/home/agilex/agilex_ws/install/nav2_common/local/lib/python3.10/dist-packages /usr/bin/cmake --install /home/agilex/agilex_ws/build/nav2_util
[3.046s] Level 1:colcon.colcon_core.environment:create_environment_scripts_only(nav2_util)
[3.046s] DEBUG:colcon.colcon_core.event_handler.log_command:Invoked command in '/home/agilex/agilex_ws/build/nav2_util' returned '0': AMENT_PREFIX_PATH=/home/agilex/agilex_ws/install/nav2_msgs:/home/agilex/agilex_ws/install/nav2_common CMAKE_PREFIX_PATH=/home/agilex/agilex_ws/install/nav2_msgs:/home/agilex/agilex_ws/install/nav2_common LD_LIBRARY_PATH=/home/agilex/agilex_ws/install/nav2_msgs/lib PYTHONPATH=/home/agilex/agilex_ws/install/nav2_msgs/local/lib/python3.10/dist-packages:/home/agilex/agilex_ws/install/nav2_common/local/lib/python3.10/dist-packages /usr/bin/cmake --install /home/agilex/agilex_ws/build/nav2_util
[3.050s] Level 1:colcon.colcon_core.environment:checking '/home/agilex/agilex_ws/install/nav2_util' for CMake module files
[3.050s] Level 1:colcon.colcon_core.environment:checking '/home/agilex/agilex_ws/install/nav2_util' for CMake config files
[3.050s] Level 1:colcon.colcon_core.shell:create_environment_hook('nav2_util', 'cmake_prefix_path')
[3.053s] INFO:colcon.colcon_core.shell:Creating environment hook '/home/agilex/agilex_ws/install/nav2_util/share/nav2_util/hook/cmake_prefix_path.ps1'
[3.054s] INFO:colcon.colcon_core.shell:Creating environment descriptor '/home/agilex/agilex_ws/install/nav2_util/share/nav2_util/hook/cmake_prefix_path.dsv'
[3.054s] INFO:colcon.colcon_core.shell:Creating environment hook '/home/agilex/agilex_ws/install/nav2_util/share/nav2_util/hook/cmake_prefix_path.sh'
[3.054s] Level 1:colcon.colcon_core.environment:checking '/home/agilex/agilex_ws/install/nav2_util/lib'
[3.054s] Level 1:colcon.colcon_core.shell:create_environment_hook('nav2_util', 'ld_library_path_lib')
[3.058s] INFO:colcon.colcon_core.shell:Creating environment hook '/home/agilex/agilex_ws/install/nav2_util/share/nav2_util/hook/ld_library_path_lib.ps1'
[3.058s] INFO:colcon.colcon_core.shell:Creating environment descriptor '/home/agilex/agilex_ws/install/nav2_util/share/nav2_util/hook/ld_library_path_lib.dsv'
[3.058s] INFO:colcon.colcon_core.shell:Creating environment hook '/home/agilex/agilex_ws/install/nav2_util/share/nav2_util/hook/ld_library_path_lib.sh'
[3.059s] Level 1:colcon.colcon_core.environment:checking '/home/agilex/agilex_ws/install/nav2_util/bin'
[3.059s] Level 1:colcon.colcon_core.environment:checking '/home/agilex/agilex_ws/install/nav2_util/lib/pkgconfig/nav2_util.pc'
[3.059s] Level 1:colcon.colcon_core.environment:checking '/home/agilex/agilex_ws/install/nav2_util/lib/python3.10/site-packages'
[3.059s] Level 1:colcon.colcon_core.environment:checking '/home/agilex/agilex_ws/install/nav2_util/bin'
[3.062s] INFO:colcon.colcon_core.shell:Creating package script '/home/agilex/agilex_ws/install/nav2_util/share/nav2_util/package.ps1'
[3.063s] INFO:colcon.colcon_core.shell:Creating package descriptor '/home/agilex/agilex_ws/install/nav2_util/share/nav2_util/package.dsv'
[3.063s] INFO:colcon.colcon_core.shell:Creating package script '/home/agilex/agilex_ws/install/nav2_util/share/nav2_util/package.sh'
[3.063s] INFO:colcon.colcon_core.shell:Creating package script '/home/agilex/agilex_ws/install/nav2_util/share/nav2_util/package.bash'
[3.063s] INFO:colcon.colcon_core.shell:Creating package script '/home/agilex/agilex_ws/install/nav2_util/share/nav2_util/package.zsh'
[3.063s] Level 1:colcon.colcon_core.environment:create_file_with_runtime_dependencies(/home/agilex/agilex_ws/install/nav2_util/share/colcon-core/packages/nav2_util)
[3.088s] Level 1:colcon.colcon_core.environment:create_environment_scripts_only(nav2_util)
[3.091s] Level 1:colcon.colcon_core.environment:checking '/home/agilex/agilex_ws/install/nav2_util' for CMake module files
[3.091s] Level 1:colcon.colcon_core.environment:checking '/home/agilex/agilex_ws/install/nav2_util' for CMake config files
[3.091s] Level 1:colcon.colcon_core.shell:create_environment_hook('nav2_util', 'cmake_prefix_path')
[3.095s] INFO:colcon.colcon_core.shell:Creating environment hook '/home/agilex/agilex_ws/install/nav2_util/share/nav2_util/hook/cmake_prefix_path.ps1'
[3.095s] INFO:colcon.colcon_core.shell:Creating environment descriptor '/home/agilex/agilex_ws/install/nav2_util/share/nav2_util/hook/cmake_prefix_path.dsv'
[3.095s] INFO:colcon.colcon_core.shell:Creating environment hook '/home/agilex/agilex_ws/install/nav2_util/share/nav2_util/hook/cmake_prefix_path.sh'
[3.096s] Level 1:colcon.colcon_core.environment:checking '/home/agilex/agilex_ws/install/nav2_util/lib'
[3.096s] Level 1:colcon.colcon_core.shell:create_environment_hook('nav2_util', 'ld_library_path_lib')
[3.099s] INFO:colcon.colcon_core.shell:Creating environment hook '/home/agilex/agilex_ws/install/nav2_util/share/nav2_util/hook/ld_library_path_lib.ps1'
[3.099s] INFO:colcon.colcon_core.shell:Creating environment descriptor '/home/agilex/agilex_ws/install/nav2_util/share/nav2_util/hook/ld_library_path_lib.dsv'
[3.100s] INFO:colcon.colcon_core.shell:Creating environment hook '/home/agilex/agilex_ws/install/nav2_util/share/nav2_util/hook/ld_library_path_lib.sh'
[3.100s] Level 1:colcon.colcon_core.environment:checking '/home/agilex/agilex_ws/install/nav2_util/bin'
[3.100s] Level 1:colcon.colcon_core.environment:checking '/home/agilex/agilex_ws/install/nav2_util/lib/pkgconfig/nav2_util.pc'
[3.100s] Level 1:colcon.colcon_core.environment:checking '/home/agilex/agilex_ws/install/nav2_util/lib/python3.10/site-packages'
[3.100s] Level 1:colcon.colcon_core.environment:checking '/home/agilex/agilex_ws/install/nav2_util/bin'
[3.104s] INFO:colcon.colcon_core.shell:Creating package script '/home/agilex/agilex_ws/install/nav2_util/share/nav2_util/package.ps1'
[3.104s] INFO:colcon.colcon_core.shell:Creating package descriptor '/home/agilex/agilex_ws/install/nav2_util/share/nav2_util/package.dsv'
[3.104s] INFO:colcon.colcon_core.shell:Creating package script '/home/agilex/agilex_ws/install/nav2_util/share/nav2_util/package.sh'
[3.104s] INFO:colcon.colcon_core.shell:Creating package script '/home/agilex/agilex_ws/install/nav2_util/share/nav2_util/package.bash'
[3.105s] INFO:colcon.colcon_core.shell:Creating package script '/home/agilex/agilex_ws/install/nav2_util/share/nav2_util/package.zsh'
[3.105s] Level 1:colcon.colcon_core.environment:create_file_with_runtime_dependencies(/home/agilex/agilex_ws/install/nav2_util/share/colcon-core/packages/nav2_util)
[3.105s] INFO:colcon.colcon_ros.task.ament_cmake.build:Building ROS package in '/home/agilex/agilex_ws/src/navigation2/nav2_dwb_controller/nav_2d_utils' with build type 'ament_cmake'
[3.105s] INFO:colcon.colcon_cmake.task.cmake.build:Building CMake package in '/home/agilex/agilex_ws/src/navigation2/nav2_dwb_controller/nav_2d_utils'
[3.109s] INFO:colcon.colcon_core.shell:Skip shell extension 'powershell' for command environment: Not usable outside of PowerShell
[3.109s] DEBUG:colcon.colcon_core.shell:Skip shell extension 'dsv' for command environment
[3.114s] INFO:colcon.colcon_ros.task.ament_cmake.build:Building ROS package in '/home/agilex/agilex_ws/src/navigation2/nav2_behavior_tree' with build type 'ament_cmake'
[3.114s] INFO:colcon.colcon_cmake.task.cmake.build:Building CMake package in '/home/agilex/agilex_ws/src/navigation2/nav2_behavior_tree'
[3.117s] INFO:colcon.colcon_core.shell:Skip shell extension 'powershell' for command environment: Not usable outside of PowerShell
[3.118s] DEBUG:colcon.colcon_core.shell:Skip shell extension 'dsv' for command environment
[3.123s] INFO:colcon.colcon_ros.task.ament_cmake.build:Building ROS package in '/home/agilex/agilex_ws/src/navigation2/nav2_lifecycle_manager' with build type 'ament_cmake'
[3.123s] INFO:colcon.colcon_cmake.task.cmake.build:Building CMake package in '/home/agilex/agilex_ws/src/navigation2/nav2_lifecycle_manager'
[3.127s] INFO:colcon.colcon_core.shell:Skip shell extension 'powershell' for command environment: Not usable outside of PowerShell
[3.127s] DEBUG:colcon.colcon_core.shell:Skip shell extension 'dsv' for command environment
[3.131s] INFO:colcon.colcon_ros.task.ament_cmake.build:Building ROS package in '/home/agilex/agilex_ws/src/navigation2/nav2_map_server' with build type 'ament_cmake'
[3.131s] INFO:colcon.colcon_cmake.task.cmake.build:Building CMake package in '/home/agilex/agilex_ws/src/navigation2/nav2_map_server'
[3.135s] INFO:colcon.colcon_core.shell:Skip shell extension 'powershell' for command environment: Not usable outside of PowerShell
[3.135s] DEBUG:colcon.colcon_core.shell:Skip shell extension 'dsv' for command environment
[3.139s] INFO:colcon.colcon_ros.task.ament_cmake.build:Building ROS package in '/home/agilex/agilex_ws/src/navigation2/nav2_amcl' with build type 'ament_cmake'
[3.139s] INFO:colcon.colcon_cmake.task.cmake.build:Building CMake package in '/home/agilex/agilex_ws/src/navigation2/nav2_amcl'
[3.143s] INFO:colcon.colcon_core.shell:Skip shell extension 'powershell' for command environment: Not usable outside of PowerShell
[3.143s] DEBUG:colcon.colcon_core.shell:Skip shell extension 'dsv' for command environment
[3.150s] DEBUG:colcon.colcon_core.event_handler.log_command:Invoking command in '/home/agilex/agilex_ws/build/nav_2d_utils': AMENT_PREFIX_PATH=/home/agilex/agilex_ws/install/nav2_util:/home/agilex/agilex_ws/install/nav2_msgs:/home/agilex/agilex_ws/install/nav_2d_msgs:/home/agilex/agilex_ws/install/nav2_common CMAKE_PREFIX_PATH=/home/agilex/agilex_ws/install/nav2_util:/home/agilex/agilex_ws/install/nav2_msgs:/home/agilex/agilex_ws/install/nav_2d_msgs:/home/agilex/agilex_ws/install/nav2_common LD_LIBRARY_PATH=/home/agilex/agilex_ws/install/nav2_util/lib:/home/agilex/agilex_ws/install/nav2_msgs/lib:/home/agilex/agilex_ws/install/nav_2d_msgs/lib PYTHONPATH=/home/agilex/agilex_ws/install/nav2_msgs/local/lib/python3.10/dist-packages:/home/agilex/agilex_ws/install/nav_2d_msgs/local/lib/python3.10/dist-packages:/home/agilex/agilex_ws/install/nav2_common/local/lib/python3.10/dist-packages /usr/bin/cmake --build /home/agilex/agilex_ws/build/nav_2d_utils -- -j16 -l16
[3.154s] DEBUG:colcon.colcon_core.event_handler.log_command:Invoking command in '/home/agilex/agilex_ws/build/nav2_behavior_tree': AMENT_PREFIX_PATH=/home/agilex/agilex_ws/install/nav2_util:/home/agilex/agilex_ws/install/nav2_msgs:/home/agilex/agilex_ws/install/nav2_common CMAKE_PREFIX_PATH=/home/agilex/agilex_ws/install/nav2_util:/home/agilex/agilex_ws/install/nav2_msgs:/home/agilex/agilex_ws/install/nav2_common LD_LIBRARY_PATH=/home/agilex/agilex_ws/install/nav2_util/lib:/home/agilex/agilex_ws/install/nav2_msgs/lib PYTHONPATH=/home/agilex/agilex_ws/install/nav2_msgs/local/lib/python3.10/dist-packages:/home/agilex/agilex_ws/install/nav2_common/local/lib/python3.10/dist-packages /usr/bin/cmake --build /home/agilex/agilex_ws/build/nav2_behavior_tree -- -j16 -l16
[3.156s] DEBUG:colcon.colcon_core.event_handler.log_command:Invoking command in '/home/agilex/agilex_ws/build/nav2_lifecycle_manager': AMENT_PREFIX_PATH=/home/agilex/agilex_ws/install/nav2_util:/home/agilex/agilex_ws/install/nav2_msgs:/home/agilex/agilex_ws/install/nav2_common CMAKE_PREFIX_PATH=/home/agilex/agilex_ws/install/nav2_util:/home/agilex/agilex_ws/install/nav2_msgs:/home/agilex/agilex_ws/install/nav2_common LD_LIBRARY_PATH=/home/agilex/agilex_ws/install/nav2_util/lib:/home/agilex/agilex_ws/install/nav2_msgs/lib PYTHONPATH=/home/agilex/agilex_ws/install/nav2_msgs/local/lib/python3.10/dist-packages:/home/agilex/agilex_ws/install/nav2_common/local/lib/python3.10/dist-packages /usr/bin/cmake --build /home/agilex/agilex_ws/build/nav2_lifecycle_manager -- -j16 -l16
[3.157s] DEBUG:colcon.colcon_core.event_handler.log_command:Invoking command in '/home/agilex/agilex_ws/build/nav2_map_server': AMENT_PREFIX_PATH=/home/agilex/agilex_ws/install/nav2_util:/home/agilex/agilex_ws/install/nav2_msgs:/home/agilex/agilex_ws/install/nav2_common CMAKE_PREFIX_PATH=/home/agilex/agilex_ws/install/nav2_util:/home/agilex/agilex_ws/install/nav2_msgs:/home/agilex/agilex_ws/install/nav2_common LD_LIBRARY_PATH=/home/agilex/agilex_ws/install/nav2_util/lib:/home/agilex/agilex_ws/install/nav2_msgs/lib PYTHONPATH=/home/agilex/agilex_ws/install/nav2_msgs/local/lib/python3.10/dist-packages:/home/agilex/agilex_ws/install/nav2_common/local/lib/python3.10/dist-packages /usr/bin/cmake --build /home/agilex/agilex_ws/build/nav2_map_server -- -j16 -l16
[3.162s] DEBUG:colcon.colcon_core.event_handler.log_command:Invoking command in '/home/agilex/agilex_ws/build/nav2_amcl': AMENT_PREFIX_PATH=/home/agilex/agilex_ws/install/nav2_util:/home/agilex/agilex_ws/install/nav2_msgs:/home/agilex/agilex_ws/install/nav2_common CMAKE_PREFIX_PATH=/home/agilex/agilex_ws/install/nav2_util:/home/agilex/agilex_ws/install/nav2_msgs:/home/agilex/agilex_ws/install/nav2_common LD_LIBRARY_PATH=/home/agilex/agilex_ws/install/nav2_util/lib:/home/agilex/agilex_ws/install/nav2_msgs/lib PYTHONPATH=/home/agilex/agilex_ws/install/nav2_msgs/local/lib/python3.10/dist-packages:/home/agilex/agilex_ws/install/nav2_common/local/lib/python3.10/dist-packages /usr/bin/cmake --build /home/agilex/agilex_ws/build/nav2_amcl -- -j16 -l16
[3.186s] DEBUG:colcon.colcon_core.event_handler.log_command:Invoking command in '/home/agilex/agilex_ws/src/navigation2/nav2_simple_commander': AMENT_PREFIX_PATH=/home/agilex/agilex_ws/install/nav2_msgs CMAKE_PREFIX_PATH=/home/agilex/agilex_ws/install/nav2_msgs LD_LIBRARY_PATH=/home/agilex/agilex_ws/install/nav2_msgs/lib PYTHONPATH=/home/agilex/agilex_ws/build/nav2_simple_commander/prefix_override:/home/agilex/agilex_ws/install/nav2_simple_commander/lib/python3.10/site-packages:/home/agilex/agilex_ws/install/nav2_msgs/local/lib/python3.10/dist-packages /usr/bin/python3 setup.py egg_info --egg-base ../../../build/nav2_simple_commander build --build-base /home/agilex/agilex_ws/build/nav2_simple_commander/build install --record /home/agilex/agilex_ws/build/nav2_simple_commander/install.log --single-version-externally-managed
[3.314s] DEBUG:colcon.colcon_core.event_handler.log_command:Invoked command in '/home/agilex/agilex_ws/build/nav2_lifecycle_manager' returned '0': AMENT_PREFIX_PATH=/home/agilex/agilex_ws/install/nav2_util:/home/agilex/agilex_ws/install/nav2_msgs:/home/agilex/agilex_ws/install/nav2_common CMAKE_PREFIX_PATH=/home/agilex/agilex_ws/install/nav2_util:/home/agilex/agilex_ws/install/nav2_msgs:/home/agilex/agilex_ws/install/nav2_common LD_LIBRARY_PATH=/home/agilex/agilex_ws/install/nav2_util/lib:/home/agilex/agilex_ws/install/nav2_msgs/lib PYTHONPATH=/home/agilex/agilex_ws/install/nav2_msgs/local/lib/python3.10/dist-packages:/home/agilex/agilex_ws/install/nav2_common/local/lib/python3.10/dist-packages /usr/bin/cmake --build /home/agilex/agilex_ws/build/nav2_lifecycle_manager -- -j16 -l16
[3.320s] DEBUG:colcon.colcon_core.event_handler.log_command:Invoked command in '/home/agilex/agilex_ws/build/nav_2d_utils' returned '0': AMENT_PREFIX_PATH=/home/agilex/agilex_ws/install/nav2_util:/home/agilex/agilex_ws/install/nav2_msgs:/home/agilex/agilex_ws/install/nav_2d_msgs:/home/agilex/agilex_ws/install/nav2_common CMAKE_PREFIX_PATH=/home/agilex/agilex_ws/install/nav2_util:/home/agilex/agilex_ws/install/nav2_msgs:/home/agilex/agilex_ws/install/nav_2d_msgs:/home/agilex/agilex_ws/install/nav2_common LD_LIBRARY_PATH=/home/agilex/agilex_ws/install/nav2_util/lib:/home/agilex/agilex_ws/install/nav2_msgs/lib:/home/agilex/agilex_ws/install/nav_2d_msgs/lib PYTHONPATH=/home/agilex/agilex_ws/install/nav2_msgs/local/lib/python3.10/dist-packages:/home/agilex/agilex_ws/install/nav_2d_msgs/local/lib/python3.10/dist-packages:/home/agilex/agilex_ws/install/nav2_common/local/lib/python3.10/dist-packages /usr/bin/cmake --build /home/agilex/agilex_ws/build/nav_2d_utils -- -j16 -l16
[3.342s] DEBUG:colcon.colcon_core.event_handler.log_command:Invoked command in '/home/agilex/agilex_ws/build/nav2_map_server' returned '0': AMENT_PREFIX_PATH=/home/agilex/agilex_ws/install/nav2_util:/home/agilex/agilex_ws/install/nav2_msgs:/home/agilex/agilex_ws/install/nav2_common CMAKE_PREFIX_PATH=/home/agilex/agilex_ws/install/nav2_util:/home/agilex/agilex_ws/install/nav2_msgs:/home/agilex/agilex_ws/install/nav2_common LD_LIBRARY_PATH=/home/agilex/agilex_ws/install/nav2_util/lib:/home/agilex/agilex_ws/install/nav2_msgs/lib PYTHONPATH=/home/agilex/agilex_ws/install/nav2_msgs/local/lib/python3.10/dist-packages:/home/agilex/agilex_ws/install/nav2_common/local/lib/python3.10/dist-packages /usr/bin/cmake --build /home/agilex/agilex_ws/build/nav2_map_server -- -j16 -l16
[3.357s] DEBUG:colcon.colcon_core.event_handler.log_command:Invoked command in '/home/agilex/agilex_ws/build/nav2_amcl' returned '0': AMENT_PREFIX_PATH=/home/agilex/agilex_ws/install/nav2_util:/home/agilex/agilex_ws/install/nav2_msgs:/home/agilex/agilex_ws/install/nav2_common CMAKE_PREFIX_PATH=/home/agilex/agilex_ws/install/nav2_util:/home/agilex/agilex_ws/install/nav2_msgs:/home/agilex/agilex_ws/install/nav2_common LD_LIBRARY_PATH=/home/agilex/agilex_ws/install/nav2_util/lib:/home/agilex/agilex_ws/install/nav2_msgs/lib PYTHONPATH=/home/agilex/agilex_ws/install/nav2_msgs/local/lib/python3.10/dist-packages:/home/agilex/agilex_ws/install/nav2_common/local/lib/python3.10/dist-packages /usr/bin/cmake --build /home/agilex/agilex_ws/build/nav2_amcl -- -j16 -l16
[3.364s] DEBUG:colcon.colcon_core.event_handler.log_command:Invoking command in '/home/agilex/agilex_ws/build/nav2_lifecycle_manager': AMENT_PREFIX_PATH=/home/agilex/agilex_ws/install/nav2_util:/home/agilex/agilex_ws/install/nav2_msgs:/home/agilex/agilex_ws/install/nav2_common CMAKE_PREFIX_PATH=/home/agilex/agilex_ws/install/nav2_util:/home/agilex/agilex_ws/install/nav2_msgs:/home/agilex/agilex_ws/install/nav2_common LD_LIBRARY_PATH=/home/agilex/agilex_ws/install/nav2_util/lib:/home/agilex/agilex_ws/install/nav2_msgs/lib PYTHONPATH=/home/agilex/agilex_ws/install/nav2_msgs/local/lib/python3.10/dist-packages:/home/agilex/agilex_ws/install/nav2_common/local/lib/python3.10/dist-packages /usr/bin/cmake --install /home/agilex/agilex_ws/build/nav2_lifecycle_manager
[3.369s] DEBUG:colcon.colcon_core.event_handler.log_command:Invoking command in '/home/agilex/agilex_ws/build/nav_2d_utils': AMENT_PREFIX_PATH=/home/agilex/agilex_ws/install/nav2_util:/home/agilex/agilex_ws/install/nav2_msgs:/home/agilex/agilex_ws/install/nav_2d_msgs:/home/agilex/agilex_ws/install/nav2_common CMAKE_PREFIX_PATH=/home/agilex/agilex_ws/install/nav2_util:/home/agilex/agilex_ws/install/nav2_msgs:/home/agilex/agilex_ws/install/nav_2d_msgs:/home/agilex/agilex_ws/install/nav2_common LD_LIBRARY_PATH=/home/agilex/agilex_ws/install/nav2_util/lib:/home/agilex/agilex_ws/install/nav2_msgs/lib:/home/agilex/agilex_ws/install/nav_2d_msgs/lib PYTHONPATH=/home/agilex/agilex_ws/install/nav2_msgs/local/lib/python3.10/dist-packages:/home/agilex/agilex_ws/install/nav_2d_msgs/local/lib/python3.10/dist-packages:/home/agilex/agilex_ws/install/nav2_common/local/lib/python3.10/dist-packages /usr/bin/cmake --install /home/agilex/agilex_ws/build/nav_2d_utils
[3.378s] Level 1:colcon.colcon_core.environment:create_environment_scripts_only(nav2_lifecycle_manager)
[3.388s] DEBUG:colcon.colcon_core.event_handler.log_command:Invoked command in '/home/agilex/agilex_ws/build/nav2_lifecycle_manager' returned '0': AMENT_PREFIX_PATH=/home/agilex/agilex_ws/install/nav2_util:/home/agilex/agilex_ws/install/nav2_msgs:/home/agilex/agilex_ws/install/nav2_common CMAKE_PREFIX_PATH=/home/agilex/agilex_ws/install/nav2_util:/home/agilex/agilex_ws/install/nav2_msgs:/home/agilex/agilex_ws/install/nav2_common LD_LIBRARY_PATH=/home/agilex/agilex_ws/install/nav2_util/lib:/home/agilex/agilex_ws/install/nav2_msgs/lib PYTHONPATH=/home/agilex/agilex_ws/install/nav2_msgs/local/lib/python3.10/dist-packages:/home/agilex/agilex_ws/install/nav2_common/local/lib/python3.10/dist-packages /usr/bin/cmake --install /home/agilex/agilex_ws/build/nav2_lifecycle_manager
[3.395s] Level 1:colcon.colcon_core.environment:checking '/home/agilex/agilex_ws/install/nav2_lifecycle_manager' for CMake module files
[3.396s] Level 1:colcon.colcon_core.environment:checking '/home/agilex/agilex_ws/install/nav2_lifecycle_manager' for CMake config files
[3.396s] Level 1:colcon.colcon_core.shell:create_environment_hook('nav2_lifecycle_manager', 'cmake_prefix_path')
[3.404s] INFO:colcon.colcon_core.shell:Creating environment hook '/home/agilex/agilex_ws/install/nav2_lifecycle_manager/share/nav2_lifecycle_manager/hook/cmake_prefix_path.ps1'
[3.404s] INFO:colcon.colcon_core.shell:Creating environment descriptor '/home/agilex/agilex_ws/install/nav2_lifecycle_manager/share/nav2_lifecycle_manager/hook/cmake_prefix_path.dsv'
[3.405s] INFO:colcon.colcon_core.shell:Creating environment hook '/home/agilex/agilex_ws/install/nav2_lifecycle_manager/share/nav2_lifecycle_manager/hook/cmake_prefix_path.sh'
[3.405s] Level 1:colcon.colcon_core.environment:checking '/home/agilex/agilex_ws/install/nav2_lifecycle_manager/lib'
[3.405s] Level 1:colcon.colcon_core.shell:create_environment_hook('nav2_lifecycle_manager', 'ld_library_path_lib')
[3.416s] INFO:colcon.colcon_core.shell:Creating environment hook '/home/agilex/agilex_ws/install/nav2_lifecycle_manager/share/nav2_lifecycle_manager/hook/ld_library_path_lib.ps1'
[3.417s] INFO:colcon.colcon_core.shell:Creating environment descriptor '/home/agilex/agilex_ws/install/nav2_lifecycle_manager/share/nav2_lifecycle_manager/hook/ld_library_path_lib.dsv'
[3.417s] INFO:colcon.colcon_core.shell:Creating environment hook '/home/agilex/agilex_ws/install/nav2_lifecycle_manager/share/nav2_lifecycle_manager/hook/ld_library_path_lib.sh'
[3.418s] Level 1:colcon.colcon_core.environment:checking '/home/agilex/agilex_ws/install/nav2_lifecycle_manager/bin'
[3.418s] Level 1:colcon.colcon_core.environment:checking '/home/agilex/agilex_ws/install/nav2_lifecycle_manager/lib/pkgconfig/nav2_lifecycle_manager.pc'
[3.418s] Level 1:colcon.colcon_core.environment:checking '/home/agilex/agilex_ws/install/nav2_lifecycle_manager/lib/python3.10/site-packages'
[3.419s] Level 1:colcon.colcon_core.environment:checking '/home/agilex/agilex_ws/install/nav2_lifecycle_manager/bin'
[3.435s] INFO:colcon.colcon_core.shell:Creating package script '/home/agilex/agilex_ws/install/nav2_lifecycle_manager/share/nav2_lifecycle_manager/package.ps1'
[3.438s] INFO:colcon.colcon_core.shell:Creating package descriptor '/home/agilex/agilex_ws/install/nav2_lifecycle_manager/share/nav2_lifecycle_manager/package.dsv'
[3.439s] INFO:colcon.colcon_core.shell:Creating package script '/home/agilex/agilex_ws/install/nav2_lifecycle_manager/share/nav2_lifecycle_manager/package.sh'
[3.440s] INFO:colcon.colcon_core.shell:Creating package script '/home/agilex/agilex_ws/install/nav2_lifecycle_manager/share/nav2_lifecycle_manager/package.bash'
[3.440s] INFO:colcon.colcon_core.shell:Creating package script '/home/agilex/agilex_ws/install/nav2_lifecycle_manager/share/nav2_lifecycle_manager/package.zsh'
[3.440s] Level 1:colcon.colcon_core.environment:create_file_with_runtime_dependencies(/home/agilex/agilex_ws/install/nav2_lifecycle_manager/share/colcon-core/packages/nav2_lifecycle_manager)
[3.443s] Level 1:colcon.colcon_core.environment:create_environment_scripts_only(nav_2d_utils)
[3.444s] DEBUG:colcon.colcon_core.event_handler.log_command:Invoked command in '/home/agilex/agilex_ws/build/nav_2d_utils' returned '0': AMENT_PREFIX_PATH=/home/agilex/agilex_ws/install/nav2_util:/home/agilex/agilex_ws/install/nav2_msgs:/home/agilex/agilex_ws/install/nav_2d_msgs:/home/agilex/agilex_ws/install/nav2_common CMAKE_PREFIX_PATH=/home/agilex/agilex_ws/install/nav2_util:/home/agilex/agilex_ws/install/nav2_msgs:/home/agilex/agilex_ws/install/nav_2d_msgs:/home/agilex/agilex_ws/install/nav2_common LD_LIBRARY_PATH=/home/agilex/agilex_ws/install/nav2_util/lib:/home/agilex/agilex_ws/install/nav2_msgs/lib:/home/agilex/agilex_ws/install/nav_2d_msgs/lib PYTHONPATH=/home/agilex/agilex_ws/install/nav2_msgs/local/lib/python3.10/dist-packages:/home/agilex/agilex_ws/install/nav_2d_msgs/local/lib/python3.10/dist-packages:/home/agilex/agilex_ws/install/nav2_common/local/lib/python3.10/dist-packages /usr/bin/cmake --install /home/agilex/agilex_ws/build/nav_2d_utils
[3.453s] Level 1:colcon.colcon_core.environment:checking '/home/agilex/agilex_ws/install/nav_2d_utils' for CMake module files
[3.453s] Level 1:colcon.colcon_core.environment:checking '/home/agilex/agilex_ws/install/nav_2d_utils' for CMake config files
[3.453s] Level 1:colcon.colcon_core.shell:create_environment_hook('nav_2d_utils', 'cmake_prefix_path')
[3.457s] INFO:colcon.colcon_core.shell:Creating environment hook '/home/agilex/agilex_ws/install/nav_2d_utils/share/nav_2d_utils/hook/cmake_prefix_path.ps1'
[3.458s] INFO:colcon.colcon_core.shell:Creating environment descriptor '/home/agilex/agilex_ws/install/nav_2d_utils/share/nav_2d_utils/hook/cmake_prefix_path.dsv'
[3.458s] INFO:colcon.colcon_core.shell:Creating environment hook '/home/agilex/agilex_ws/install/nav_2d_utils/share/nav_2d_utils/hook/cmake_prefix_path.sh'
[3.458s] Level 1:colcon.colcon_core.environment:checking '/home/agilex/agilex_ws/install/nav_2d_utils/lib'
[3.458s] Level 1:colcon.colcon_core.shell:create_environment_hook('nav_2d_utils', 'ld_library_path_lib')
[3.463s] INFO:colcon.colcon_core.shell:Creating environment hook '/home/agilex/agilex_ws/install/nav_2d_utils/share/nav_2d_utils/hook/ld_library_path_lib.ps1'
[3.463s] INFO:colcon.colcon_core.shell:Creating environment descriptor '/home/agilex/agilex_ws/install/nav_2d_utils/share/nav_2d_utils/hook/ld_library_path_lib.dsv'
[3.463s] INFO:colcon.colcon_core.shell:Creating environment hook '/home/agilex/agilex_ws/install/nav_2d_utils/share/nav_2d_utils/hook/ld_library_path_lib.sh'
[3.463s] Level 1:colcon.colcon_core.environment:checking '/home/agilex/agilex_ws/install/nav_2d_utils/bin'
[3.463s] Level 1:colcon.colcon_core.environment:checking '/home/agilex/agilex_ws/install/nav_2d_utils/lib/pkgconfig/nav_2d_utils.pc'
[3.463s] Level 1:colcon.colcon_core.environment:checking '/home/agilex/agilex_ws/install/nav_2d_utils/lib/python3.10/site-packages'
[3.464s] Level 1:colcon.colcon_core.environment:checking '/home/agilex/agilex_ws/install/nav_2d_utils/bin'
[3.471s] INFO:colcon.colcon_core.shell:Creating package script '/home/agilex/agilex_ws/install/nav_2d_utils/share/nav_2d_utils/package.ps1'
[3.471s] INFO:colcon.colcon_core.shell:Creating package descriptor '/home/agilex/agilex_ws/install/nav_2d_utils/share/nav_2d_utils/package.dsv'
[3.471s] INFO:colcon.colcon_core.shell:Creating package script '/home/agilex/agilex_ws/install/nav_2d_utils/share/nav_2d_utils/package.sh'
[3.472s] INFO:colcon.colcon_core.shell:Creating package script '/home/agilex/agilex_ws/install/nav_2d_utils/share/nav_2d_utils/package.bash'
[3.472s] INFO:colcon.colcon_core.shell:Creating package script '/home/agilex/agilex_ws/install/nav_2d_utils/share/nav_2d_utils/package.zsh'
[3.472s] Level 1:colcon.colcon_core.environment:create_file_with_runtime_dependencies(/home/agilex/agilex_ws/install/nav_2d_utils/share/colcon-core/packages/nav_2d_utils)
[3.475s] DEBUG:colcon.colcon_core.event_handler.log_command:Invoking command in '/home/agilex/agilex_ws/build/nav2_amcl': AMENT_PREFIX_PATH=/home/agilex/agilex_ws/install/nav2_util:/home/agilex/agilex_ws/install/nav2_msgs:/home/agilex/agilex_ws/install/nav2_common CMAKE_PREFIX_PATH=/home/agilex/agilex_ws/install/nav2_util:/home/agilex/agilex_ws/install/nav2_msgs:/home/agilex/agilex_ws/install/nav2_common LD_LIBRARY_PATH=/home/agilex/agilex_ws/install/nav2_util/lib:/home/agilex/agilex_ws/install/nav2_msgs/lib PYTHONPATH=/home/agilex/agilex_ws/install/nav2_msgs/local/lib/python3.10/dist-packages:/home/agilex/agilex_ws/install/nav2_common/local/lib/python3.10/dist-packages /usr/bin/cmake --install /home/agilex/agilex_ws/build/nav2_amcl
[3.475s] DEBUG:colcon.colcon_core.event_handler.log_command:Invoking command in '/home/agilex/agilex_ws/build/nav2_map_server': AMENT_PREFIX_PATH=/home/agilex/agilex_ws/install/nav2_util:/home/agilex/agilex_ws/install/nav2_msgs:/home/agilex/agilex_ws/install/nav2_common CMAKE_PREFIX_PATH=/home/agilex/agilex_ws/install/nav2_util:/home/agilex/agilex_ws/install/nav2_msgs:/home/agilex/agilex_ws/install/nav2_common LD_LIBRARY_PATH=/home/agilex/agilex_ws/install/nav2_util/lib:/home/agilex/agilex_ws/install/nav2_msgs/lib PYTHONPATH=/home/agilex/agilex_ws/install/nav2_msgs/local/lib/python3.10/dist-packages:/home/agilex/agilex_ws/install/nav2_common/local/lib/python3.10/dist-packages /usr/bin/cmake --install /home/agilex/agilex_ws/build/nav2_map_server
[3.492s] Level 1:colcon.colcon_core.environment:create_environment_scripts_only(nav2_lifecycle_manager)
[3.499s] Level 1:colcon.colcon_core.environment:checking '/home/agilex/agilex_ws/install/nav2_lifecycle_manager' for CMake module files
[3.499s] Level 1:colcon.colcon_core.environment:checking '/home/agilex/agilex_ws/install/nav2_lifecycle_manager' for CMake config files
[3.499s] Level 1:colcon.colcon_core.shell:create_environment_hook('nav2_lifecycle_manager', 'cmake_prefix_path')
[3.503s] INFO:colcon.colcon_core.shell:Creating environment hook '/home/agilex/agilex_ws/install/nav2_lifecycle_manager/share/nav2_lifecycle_manager/hook/cmake_prefix_path.ps1'
[3.503s] INFO:colcon.colcon_core.shell:Creating environment descriptor '/home/agilex/agilex_ws/install/nav2_lifecycle_manager/share/nav2_lifecycle_manager/hook/cmake_prefix_path.dsv'
[3.503s] INFO:colcon.colcon_core.shell:Creating environment hook '/home/agilex/agilex_ws/install/nav2_lifecycle_manager/share/nav2_lifecycle_manager/hook/cmake_prefix_path.sh'
[3.504s] Level 1:colcon.colcon_core.environment:checking '/home/agilex/agilex_ws/install/nav2_lifecycle_manager/lib'
[3.504s] Level 1:colcon.colcon_core.shell:create_environment_hook('nav2_lifecycle_manager', 'ld_library_path_lib')
[3.507s] INFO:colcon.colcon_core.shell:Creating environment hook '/home/agilex/agilex_ws/install/nav2_lifecycle_manager/share/nav2_lifecycle_manager/hook/ld_library_path_lib.ps1'
[3.507s] INFO:colcon.colcon_core.shell:Creating environment descriptor '/home/agilex/agilex_ws/install/nav2_lifecycle_manager/share/nav2_lifecycle_manager/hook/ld_library_path_lib.dsv'
[3.508s] INFO:colcon.colcon_core.shell:Creating environment hook '/home/agilex/agilex_ws/install/nav2_lifecycle_manager/share/nav2_lifecycle_manager/hook/ld_library_path_lib.sh'
[3.508s] Level 1:colcon.colcon_core.environment:checking '/home/agilex/agilex_ws/install/nav2_lifecycle_manager/bin'
[3.508s] Level 1:colcon.colcon_core.environment:checking '/home/agilex/agilex_ws/install/nav2_lifecycle_manager/lib/pkgconfig/nav2_lifecycle_manager.pc'
[3.508s] Level 1:colcon.colcon_core.environment:checking '/home/agilex/agilex_ws/install/nav2_lifecycle_manager/lib/python3.10/site-packages'
[3.508s] Level 1:colcon.colcon_core.environment:checking '/home/agilex/agilex_ws/install/nav2_lifecycle_manager/bin'
[3.511s] INFO:colcon.colcon_core.shell:Creating package script '/home/agilex/agilex_ws/install/nav2_lifecycle_manager/share/nav2_lifecycle_manager/package.ps1'
[3.511s] INFO:colcon.colcon_core.shell:Creating package descriptor '/home/agilex/agilex_ws/install/nav2_lifecycle_manager/share/nav2_lifecycle_manager/package.dsv'
[3.512s] INFO:colcon.colcon_core.shell:Creating package script '/home/agilex/agilex_ws/install/nav2_lifecycle_manager/share/nav2_lifecycle_manager/package.sh'
[3.512s] INFO:colcon.colcon_core.shell:Creating package script '/home/agilex/agilex_ws/install/nav2_lifecycle_manager/share/nav2_lifecycle_manager/package.bash'
[3.512s] INFO:colcon.colcon_core.shell:Creating package script '/home/agilex/agilex_ws/install/nav2_lifecycle_manager/share/nav2_lifecycle_manager/package.zsh'
[3.512s] Level 1:colcon.colcon_core.environment:create_file_with_runtime_dependencies(/home/agilex/agilex_ws/install/nav2_lifecycle_manager/share/colcon-core/packages/nav2_lifecycle_manager)
[3.514s] DEBUG:colcon.colcon_core.event_handler.log_command:Invoked command in '/home/agilex/agilex_ws/build/nav2_behavior_tree' returned '0': AMENT_PREFIX_PATH=/home/agilex/agilex_ws/install/nav2_util:/home/agilex/agilex_ws/install/nav2_msgs:/home/agilex/agilex_ws/install/nav2_common CMAKE_PREFIX_PATH=/home/agilex/agilex_ws/install/nav2_util:/home/agilex/agilex_ws/install/nav2_msgs:/home/agilex/agilex_ws/install/nav2_common LD_LIBRARY_PATH=/home/agilex/agilex_ws/install/nav2_util/lib:/home/agilex/agilex_ws/install/nav2_msgs/lib PYTHONPATH=/home/agilex/agilex_ws/install/nav2_msgs/local/lib/python3.10/dist-packages:/home/agilex/agilex_ws/install/nav2_common/local/lib/python3.10/dist-packages /usr/bin/cmake --build /home/agilex/agilex_ws/build/nav2_behavior_tree -- -j16 -l16
[3.515s] INFO:colcon.colcon_ros.task.ament_cmake.build:Building ROS package in '/home/agilex/agilex_ws/src/navigation2/nav2_rviz_plugins' with build type 'ament_cmake'
[3.515s] INFO:colcon.colcon_cmake.task.cmake.build:Building CMake package in '/home/agilex/agilex_ws/src/navigation2/nav2_rviz_plugins'
[3.518s] INFO:colcon.colcon_core.shell:Skip shell extension 'powershell' for command environment: Not usable outside of PowerShell
[3.518s] DEBUG:colcon.colcon_core.shell:Skip shell extension 'dsv' for command environment
[3.531s] Level 1:colcon.colcon_core.environment:create_environment_scripts_only(nav_2d_utils)
[3.538s] Level 1:colcon.colcon_core.environment:checking '/home/agilex/agilex_ws/install/nav_2d_utils' for CMake module files
[3.538s] Level 1:colcon.colcon_core.environment:checking '/home/agilex/agilex_ws/install/nav_2d_utils' for CMake config files
[3.538s] Level 1:colcon.colcon_core.shell:create_environment_hook('nav_2d_utils', 'cmake_prefix_path')
[3.541s] INFO:colcon.colcon_core.shell:Creating environment hook '/home/agilex/agilex_ws/install/nav_2d_utils/share/nav_2d_utils/hook/cmake_prefix_path.ps1'
[3.542s] INFO:colcon.colcon_core.shell:Creating environment descriptor '/home/agilex/agilex_ws/install/nav_2d_utils/share/nav_2d_utils/hook/cmake_prefix_path.dsv'
[3.542s] INFO:colcon.colcon_core.shell:Creating environment hook '/home/agilex/agilex_ws/install/nav_2d_utils/share/nav_2d_utils/hook/cmake_prefix_path.sh'
[3.542s] Level 1:colcon.colcon_core.environment:checking '/home/agilex/agilex_ws/install/nav_2d_utils/lib'
[3.542s] Level 1:colcon.colcon_core.shell:create_environment_hook('nav_2d_utils', 'ld_library_path_lib')
[3.546s] INFO:colcon.colcon_core.shell:Creating environment hook '/home/agilex/agilex_ws/install/nav_2d_utils/share/nav_2d_utils/hook/ld_library_path_lib.ps1'
[3.547s] INFO:colcon.colcon_core.shell:Creating environment descriptor '/home/agilex/agilex_ws/install/nav_2d_utils/share/nav_2d_utils/hook/ld_library_path_lib.dsv'
[3.547s] INFO:colcon.colcon_core.shell:Creating environment hook '/home/agilex/agilex_ws/install/nav_2d_utils/share/nav_2d_utils/hook/ld_library_path_lib.sh'
[3.547s] Level 1:colcon.colcon_core.environment:checking '/home/agilex/agilex_ws/install/nav_2d_utils/bin'
[3.547s] Level 1:colcon.colcon_core.environment:checking '/home/agilex/agilex_ws/install/nav_2d_utils/lib/pkgconfig/nav_2d_utils.pc'
[3.547s] Level 1:colcon.colcon_core.environment:checking '/home/agilex/agilex_ws/install/nav_2d_utils/lib/python3.10/site-packages'
[3.547s] Level 1:colcon.colcon_core.environment:checking '/home/agilex/agilex_ws/install/nav_2d_utils/bin'
[3.551s] INFO:colcon.colcon_core.shell:Creating package script '/home/agilex/agilex_ws/install/nav_2d_utils/share/nav_2d_utils/package.ps1'
[3.552s] INFO:colcon.colcon_core.shell:Creating package descriptor '/home/agilex/agilex_ws/install/nav_2d_utils/share/nav_2d_utils/package.dsv'
[3.552s] INFO:colcon.colcon_core.shell:Creating package script '/home/agilex/agilex_ws/install/nav_2d_utils/share/nav_2d_utils/package.sh'
[3.552s] INFO:colcon.colcon_core.shell:Creating package script '/home/agilex/agilex_ws/install/nav_2d_utils/share/nav_2d_utils/package.bash'
[3.553s] INFO:colcon.colcon_core.shell:Creating package script '/home/agilex/agilex_ws/install/nav_2d_utils/share/nav_2d_utils/package.zsh'
[3.553s] Level 1:colcon.colcon_core.environment:create_file_with_runtime_dependencies(/home/agilex/agilex_ws/install/nav_2d_utils/share/colcon-core/packages/nav_2d_utils)
[3.554s] Level 1:colcon.colcon_core.environment:create_environment_scripts_only(nav2_map_server)
[3.554s] DEBUG:colcon.colcon_core.event_handler.log_command:Invoked command in '/home/agilex/agilex_ws/build/nav2_map_server' returned '0': AMENT_PREFIX_PATH=/home/agilex/agilex_ws/install/nav2_util:/home/agilex/agilex_ws/install/nav2_msgs:/home/agilex/agilex_ws/install/nav2_common CMAKE_PREFIX_PATH=/home/agilex/agilex_ws/install/nav2_util:/home/agilex/agilex_ws/install/nav2_msgs:/home/agilex/agilex_ws/install/nav2_common LD_LIBRARY_PATH=/home/agilex/agilex_ws/install/nav2_util/lib:/home/agilex/agilex_ws/install/nav2_msgs/lib PYTHONPATH=/home/agilex/agilex_ws/install/nav2_msgs/local/lib/python3.10/dist-packages:/home/agilex/agilex_ws/install/nav2_common/local/lib/python3.10/dist-packages /usr/bin/cmake --install /home/agilex/agilex_ws/build/nav2_map_server
[3.558s] Level 1:colcon.colcon_core.environment:checking '/home/agilex/agilex_ws/install/nav2_map_server' for CMake module files
[3.558s] Level 1:colcon.colcon_core.environment:checking '/home/agilex/agilex_ws/install/nav2_map_server' for CMake config files
[3.558s] Level 1:colcon.colcon_core.shell:create_environment_hook('nav2_map_server', 'cmake_prefix_path')
[3.562s] INFO:colcon.colcon_core.shell:Creating environment hook '/home/agilex/agilex_ws/install/nav2_map_server/share/nav2_map_server/hook/cmake_prefix_path.ps1'
[3.562s] INFO:colcon.colcon_core.shell:Creating environment descriptor '/home/agilex/agilex_ws/install/nav2_map_server/share/nav2_map_server/hook/cmake_prefix_path.dsv'
[3.563s] INFO:colcon.colcon_core.shell:Creating environment hook '/home/agilex/agilex_ws/install/nav2_map_server/share/nav2_map_server/hook/cmake_prefix_path.sh'
[3.563s] Level 1:colcon.colcon_core.environment:checking '/home/agilex/agilex_ws/install/nav2_map_server/lib'
[3.563s] Level 1:colcon.colcon_core.shell:create_environment_hook('nav2_map_server', 'ld_library_path_lib')
[3.567s] INFO:colcon.colcon_core.shell:Creating environment hook '/home/agilex/agilex_ws/install/nav2_map_server/share/nav2_map_server/hook/ld_library_path_lib.ps1'
[3.567s] INFO:colcon.colcon_core.shell:Creating environment descriptor '/home/agilex/agilex_ws/install/nav2_map_server/share/nav2_map_server/hook/ld_library_path_lib.dsv'
[3.567s] INFO:colcon.colcon_core.shell:Creating environment hook '/home/agilex/agilex_ws/install/nav2_map_server/share/nav2_map_server/hook/ld_library_path_lib.sh'
[3.567s] Level 1:colcon.colcon_core.environment:checking '/home/agilex/agilex_ws/install/nav2_map_server/bin'
[3.567s] Level 1:colcon.colcon_core.environment:checking '/home/agilex/agilex_ws/install/nav2_map_server/lib/pkgconfig/nav2_map_server.pc'
[3.567s] Level 1:colcon.colcon_core.environment:checking '/home/agilex/agilex_ws/install/nav2_map_server/lib/python3.10/site-packages'
[3.567s] Level 1:colcon.colcon_core.environment:checking '/home/agilex/agilex_ws/install/nav2_map_server/bin'
[3.571s] INFO:colcon.colcon_core.shell:Creating package script '/home/agilex/agilex_ws/install/nav2_map_server/share/nav2_map_server/package.ps1'
[3.571s] INFO:colcon.colcon_core.shell:Creating package descriptor '/home/agilex/agilex_ws/install/nav2_map_server/share/nav2_map_server/package.dsv'
[3.571s] INFO:colcon.colcon_core.shell:Creating package script '/home/agilex/agilex_ws/install/nav2_map_server/share/nav2_map_server/package.sh'
[3.572s] INFO:colcon.colcon_core.shell:Creating package script '/home/agilex/agilex_ws/install/nav2_map_server/share/nav2_map_server/package.bash'
[3.572s] INFO:colcon.colcon_core.shell:Creating package script '/home/agilex/agilex_ws/install/nav2_map_server/share/nav2_map_server/package.zsh'
[3.572s] Level 1:colcon.colcon_core.environment:create_file_with_runtime_dependencies(/home/agilex/agilex_ws/install/nav2_map_server/share/colcon-core/packages/nav2_map_server)
[3.573s] Level 1:colcon.colcon_core.environment:create_environment_scripts_only(nav2_amcl)
[3.573s] DEBUG:colcon.colcon_core.event_handler.log_command:Invoked command in '/home/agilex/agilex_ws/build/nav2_amcl' returned '0': AMENT_PREFIX_PATH=/home/agilex/agilex_ws/install/nav2_util:/home/agilex/agilex_ws/install/nav2_msgs:/home/agilex/agilex_ws/install/nav2_common CMAKE_PREFIX_PATH=/home/agilex/agilex_ws/install/nav2_util:/home/agilex/agilex_ws/install/nav2_msgs:/home/agilex/agilex_ws/install/nav2_common LD_LIBRARY_PATH=/home/agilex/agilex_ws/install/nav2_util/lib:/home/agilex/agilex_ws/install/nav2_msgs/lib PYTHONPATH=/home/agilex/agilex_ws/install/nav2_msgs/local/lib/python3.10/dist-packages:/home/agilex/agilex_ws/install/nav2_common/local/lib/python3.10/dist-packages /usr/bin/cmake --install /home/agilex/agilex_ws/build/nav2_amcl
[3.577s] Level 1:colcon.colcon_core.environment:checking '/home/agilex/agilex_ws/install/nav2_amcl' for CMake module files
[3.577s] Level 1:colcon.colcon_core.environment:checking '/home/agilex/agilex_ws/install/nav2_amcl' for CMake config files
[3.577s] Level 1:colcon.colcon_core.shell:create_environment_hook('nav2_amcl', 'cmake_prefix_path')
[3.582s] INFO:colcon.colcon_core.shell:Creating environment hook '/home/agilex/agilex_ws/install/nav2_amcl/share/nav2_amcl/hook/cmake_prefix_path.ps1'
[3.583s] INFO:colcon.colcon_core.shell:Creating environment descriptor '/home/agilex/agilex_ws/install/nav2_amcl/share/nav2_amcl/hook/cmake_prefix_path.dsv'
[3.583s] INFO:colcon.colcon_core.shell:Creating environment hook '/home/agilex/agilex_ws/install/nav2_amcl/share/nav2_amcl/hook/cmake_prefix_path.sh'
[3.584s] Level 1:colcon.colcon_core.environment:checking '/home/agilex/agilex_ws/install/nav2_amcl/lib'
[3.584s] Level 1:colcon.colcon_core.shell:create_environment_hook('nav2_amcl', 'ld_library_path_lib')
[3.587s] INFO:colcon.colcon_core.shell:Creating environment hook '/home/agilex/agilex_ws/install/nav2_amcl/share/nav2_amcl/hook/ld_library_path_lib.ps1'
[3.588s] INFO:colcon.colcon_core.shell:Creating environment descriptor '/home/agilex/agilex_ws/install/nav2_amcl/share/nav2_amcl/hook/ld_library_path_lib.dsv'
[3.588s] INFO:colcon.colcon_core.shell:Creating environment hook '/home/agilex/agilex_ws/install/nav2_amcl/share/nav2_amcl/hook/ld_library_path_lib.sh'
[3.588s] Level 1:colcon.colcon_core.environment:checking '/home/agilex/agilex_ws/install/nav2_amcl/bin'
[3.588s] Level 1:colcon.colcon_core.environment:checking '/home/agilex/agilex_ws/install/nav2_amcl/lib/pkgconfig/nav2_amcl.pc'
[3.588s] Level 1:colcon.colcon_core.environment:checking '/home/agilex/agilex_ws/install/nav2_amcl/lib/python3.10/site-packages'
[3.588s] Level 1:colcon.colcon_core.environment:checking '/home/agilex/agilex_ws/install/nav2_amcl/bin'
[3.592s] INFO:colcon.colcon_core.shell:Creating package script '/home/agilex/agilex_ws/install/nav2_amcl/share/nav2_amcl/package.ps1'
[3.592s] INFO:colcon.colcon_core.shell:Creating package descriptor '/home/agilex/agilex_ws/install/nav2_amcl/share/nav2_amcl/package.dsv'
[3.592s] INFO:colcon.colcon_core.shell:Creating package script '/home/agilex/agilex_ws/install/nav2_amcl/share/nav2_amcl/package.sh'
[3.593s] INFO:colcon.colcon_core.shell:Creating package script '/home/agilex/agilex_ws/install/nav2_amcl/share/nav2_amcl/package.bash'
[3.593s] INFO:colcon.colcon_core.shell:Creating package script '/home/agilex/agilex_ws/install/nav2_amcl/share/nav2_amcl/package.zsh'
[3.593s] Level 1:colcon.colcon_core.environment:create_file_with_runtime_dependencies(/home/agilex/agilex_ws/install/nav2_amcl/share/colcon-core/packages/nav2_amcl)
[3.594s] DEBUG:colcon.colcon_core.event_handler.log_command:Invoked command in '/home/agilex/agilex_ws/src/navigation2/nav2_simple_commander' returned '0': AMENT_PREFIX_PATH=/home/agilex/agilex_ws/install/nav2_msgs CMAKE_PREFIX_PATH=/home/agilex/agilex_ws/install/nav2_msgs LD_LIBRARY_PATH=/home/agilex/agilex_ws/install/nav2_msgs/lib PYTHONPATH=/home/agilex/agilex_ws/build/nav2_simple_commander/prefix_override:/home/agilex/agilex_ws/install/nav2_simple_commander/lib/python3.10/site-packages:/home/agilex/agilex_ws/install/nav2_msgs/local/lib/python3.10/dist-packages /usr/bin/python3 setup.py egg_info --egg-base ../../../build/nav2_simple_commander build --build-base /home/agilex/agilex_ws/build/nav2_simple_commander/build install --record /home/agilex/agilex_ws/build/nav2_simple_commander/install.log --single-version-externally-managed
[3.602s] Level 1:colcon.colcon_core.environment:checking '/home/agilex/agilex_ws/install/nav2_simple_commander' for CMake module files
[3.603s] Level 1:colcon.colcon_core.environment:checking '/home/agilex/agilex_ws/install/nav2_simple_commander' for CMake config files
[3.603s] Level 1:colcon.colcon_core.environment:checking '/home/agilex/agilex_ws/install/nav2_simple_commander/lib'
[3.603s] Level 1:colcon.colcon_core.environment:checking '/home/agilex/agilex_ws/install/nav2_simple_commander/bin'
[3.603s] Level 1:colcon.colcon_core.environment:checking '/home/agilex/agilex_ws/install/nav2_simple_commander/lib/pkgconfig/nav2_simple_commander.pc'
[3.604s] Level 1:colcon.colcon_core.environment:checking '/home/agilex/agilex_ws/install/nav2_simple_commander/lib/python3.10/site-packages'
[3.604s] Level 1:colcon.colcon_core.shell:create_environment_hook('nav2_simple_commander', 'pythonpath')
[3.611s] INFO:colcon.colcon_core.shell:Creating environment hook '/home/agilex/agilex_ws/install/nav2_simple_commander/share/nav2_simple_commander/hook/pythonpath.ps1'
[3.611s] INFO:colcon.colcon_core.shell:Creating environment descriptor '/home/agilex/agilex_ws/install/nav2_simple_commander/share/nav2_simple_commander/hook/pythonpath.dsv'
[3.612s] INFO:colcon.colcon_core.shell:Creating environment hook '/home/agilex/agilex_ws/install/nav2_simple_commander/share/nav2_simple_commander/hook/pythonpath.sh'
[3.612s] Level 1:colcon.colcon_core.environment:checking '/home/agilex/agilex_ws/install/nav2_simple_commander/bin'
[3.612s] Level 1:colcon.colcon_core.environment:create_environment_scripts_only(nav2_simple_commander)
[3.620s] INFO:colcon.colcon_core.shell:Creating package script '/home/agilex/agilex_ws/install/nav2_simple_commander/share/nav2_simple_commander/package.ps1'
[3.621s] INFO:colcon.colcon_core.shell:Creating package descriptor '/home/agilex/agilex_ws/install/nav2_simple_commander/share/nav2_simple_commander/package.dsv'
[3.621s] INFO:colcon.colcon_core.shell:Creating package script '/home/agilex/agilex_ws/install/nav2_simple_commander/share/nav2_simple_commander/package.sh'
[3.622s] INFO:colcon.colcon_core.shell:Creating package script '/home/agilex/agilex_ws/install/nav2_simple_commander/share/nav2_simple_commander/package.bash'
[3.622s] INFO:colcon.colcon_core.shell:Creating package script '/home/agilex/agilex_ws/install/nav2_simple_commander/share/nav2_simple_commander/package.zsh'
[3.622s] Level 1:colcon.colcon_core.environment:create_file_with_runtime_dependencies(/home/agilex/agilex_ws/install/nav2_simple_commander/share/colcon-core/packages/nav2_simple_commander)
[3.626s] DEBUG:colcon.colcon_core.event_handler.log_command:Invoking command in '/home/agilex/agilex_ws/build/nav2_rviz_plugins': AMENT_PREFIX_PATH=/home/agilex/agilex_ws/install/nav2_lifecycle_manager:/home/agilex/agilex_ws/install/nav2_util:/home/agilex/agilex_ws/install/nav2_msgs:/home/agilex/agilex_ws/install/nav2_common CMAKE_PREFIX_PATH=/home/agilex/agilex_ws/install/nav2_lifecycle_manager:/home/agilex/agilex_ws/install/nav2_util:/home/agilex/agilex_ws/install/nav2_msgs:/home/agilex/agilex_ws/install/nav2_common LD_LIBRARY_PATH=/home/agilex/agilex_ws/install/nav2_lifecycle_manager/lib:/home/agilex/agilex_ws/install/nav2_util/lib:/home/agilex/agilex_ws/install/nav2_msgs/lib PYTHONPATH=/home/agilex/agilex_ws/install/nav2_msgs/local/lib/python3.10/dist-packages:/home/agilex/agilex_ws/install/nav2_common/local/lib/python3.10/dist-packages /usr/bin/cmake --build /home/agilex/agilex_ws/build/nav2_rviz_plugins -- -j16 -l16
[3.631s] Level 1:colcon.colcon_core.environment:create_environment_scripts_only(nav2_map_server)
[3.635s] Level 1:colcon.colcon_core.environment:checking '/home/agilex/agilex_ws/install/nav2_map_server' for CMake module files
[3.635s] Level 1:colcon.colcon_core.environment:checking '/home/agilex/agilex_ws/install/nav2_map_server' for CMake config files
[3.636s] Level 1:colcon.colcon_core.shell:create_environment_hook('nav2_map_server', 'cmake_prefix_path')
[3.639s] INFO:colcon.colcon_core.shell:Creating environment hook '/home/agilex/agilex_ws/install/nav2_map_server/share/nav2_map_server/hook/cmake_prefix_path.ps1'
[3.639s] INFO:colcon.colcon_core.shell:Creating environment descriptor '/home/agilex/agilex_ws/install/nav2_map_server/share/nav2_map_server/hook/cmake_prefix_path.dsv'
[3.640s] INFO:colcon.colcon_core.shell:Creating environment hook '/home/agilex/agilex_ws/install/nav2_map_server/share/nav2_map_server/hook/cmake_prefix_path.sh'
[3.640s] Level 1:colcon.colcon_core.environment:checking '/home/agilex/agilex_ws/install/nav2_map_server/lib'
[3.640s] Level 1:colcon.colcon_core.shell:create_environment_hook('nav2_map_server', 'ld_library_path_lib')
[3.643s] INFO:colcon.colcon_core.shell:Creating environment hook '/home/agilex/agilex_ws/install/nav2_map_server/share/nav2_map_server/hook/ld_library_path_lib.ps1'
[3.644s] INFO:colcon.colcon_core.shell:Creating environment descriptor '/home/agilex/agilex_ws/install/nav2_map_server/share/nav2_map_server/hook/ld_library_path_lib.dsv'
[3.644s] INFO:colcon.colcon_core.shell:Creating environment hook '/home/agilex/agilex_ws/install/nav2_map_server/share/nav2_map_server/hook/ld_library_path_lib.sh'
[3.644s] Level 1:colcon.colcon_core.environment:checking '/home/agilex/agilex_ws/install/nav2_map_server/bin'
[3.644s] Level 1:colcon.colcon_core.environment:checking '/home/agilex/agilex_ws/install/nav2_map_server/lib/pkgconfig/nav2_map_server.pc'
[3.644s] Level 1:colcon.colcon_core.environment:checking '/home/agilex/agilex_ws/install/nav2_map_server/lib/python3.10/site-packages'
[3.644s] Level 1:colcon.colcon_core.environment:checking '/home/agilex/agilex_ws/install/nav2_map_server/bin'
[3.648s] INFO:colcon.colcon_core.shell:Creating package script '/home/agilex/agilex_ws/install/nav2_map_server/share/nav2_map_server/package.ps1'
[3.648s] INFO:colcon.colcon_core.shell:Creating package descriptor '/home/agilex/agilex_ws/install/nav2_map_server/share/nav2_map_server/package.dsv'
[3.649s] INFO:colcon.colcon_core.shell:Creating package script '/home/agilex/agilex_ws/install/nav2_map_server/share/nav2_map_server/package.sh'
[3.649s] INFO:colcon.colcon_core.shell:Creating package script '/home/agilex/agilex_ws/install/nav2_map_server/share/nav2_map_server/package.bash'
[3.649s] INFO:colcon.colcon_core.shell:Creating package script '/home/agilex/agilex_ws/install/nav2_map_server/share/nav2_map_server/package.zsh'
[3.649s] Level 1:colcon.colcon_core.environment:create_file_with_runtime_dependencies(/home/agilex/agilex_ws/install/nav2_map_server/share/colcon-core/packages/nav2_map_server)
[3.653s] Level 1:colcon.colcon_core.environment:create_environment_scripts_only(nav2_amcl)
[3.656s] Level 1:colcon.colcon_core.environment:checking '/home/agilex/agilex_ws/install/nav2_amcl' for CMake module files
[3.656s] Level 1:colcon.colcon_core.environment:checking '/home/agilex/agilex_ws/install/nav2_amcl' for CMake config files
[3.656s] Level 1:colcon.colcon_core.shell:create_environment_hook('nav2_amcl', 'cmake_prefix_path')
[3.660s] INFO:colcon.colcon_core.shell:Creating environment hook '/home/agilex/agilex_ws/install/nav2_amcl/share/nav2_amcl/hook/cmake_prefix_path.ps1'
[3.660s] INFO:colcon.colcon_core.shell:Creating environment descriptor '/home/agilex/agilex_ws/install/nav2_amcl/share/nav2_amcl/hook/cmake_prefix_path.dsv'
[3.660s] INFO:colcon.colcon_core.shell:Creating environment hook '/home/agilex/agilex_ws/install/nav2_amcl/share/nav2_amcl/hook/cmake_prefix_path.sh'
[3.660s] Level 1:colcon.colcon_core.environment:checking '/home/agilex/agilex_ws/install/nav2_amcl/lib'
[3.660s] Level 1:colcon.colcon_core.shell:create_environment_hook('nav2_amcl', 'ld_library_path_lib')
[3.664s] INFO:colcon.colcon_core.shell:Creating environment hook '/home/agilex/agilex_ws/install/nav2_amcl/share/nav2_amcl/hook/ld_library_path_lib.ps1'
[3.664s] INFO:colcon.colcon_core.shell:Creating environment descriptor '/home/agilex/agilex_ws/install/nav2_amcl/share/nav2_amcl/hook/ld_library_path_lib.dsv'
[3.664s] INFO:colcon.colcon_core.shell:Creating environment hook '/home/agilex/agilex_ws/install/nav2_amcl/share/nav2_amcl/hook/ld_library_path_lib.sh'
[3.664s] Level 1:colcon.colcon_core.environment:checking '/home/agilex/agilex_ws/install/nav2_amcl/bin'
[3.664s] Level 1:colcon.colcon_core.environment:checking '/home/agilex/agilex_ws/install/nav2_amcl/lib/pkgconfig/nav2_amcl.pc'
[3.665s] Level 1:colcon.colcon_core.environment:checking '/home/agilex/agilex_ws/install/nav2_amcl/lib/python3.10/site-packages'
[3.665s] Level 1:colcon.colcon_core.environment:checking '/home/agilex/agilex_ws/install/nav2_amcl/bin'
[3.668s] INFO:colcon.colcon_core.shell:Creating package script '/home/agilex/agilex_ws/install/nav2_amcl/share/nav2_amcl/package.ps1'
[3.668s] INFO:colcon.colcon_core.shell:Creating package descriptor '/home/agilex/agilex_ws/install/nav2_amcl/share/nav2_amcl/package.dsv'
[3.668s] INFO:colcon.colcon_core.shell:Creating package script '/home/agilex/agilex_ws/install/nav2_amcl/share/nav2_amcl/package.sh'
[3.669s] INFO:colcon.colcon_core.shell:Creating package script '/home/agilex/agilex_ws/install/nav2_amcl/share/nav2_amcl/package.bash'
[3.669s] INFO:colcon.colcon_core.shell:Creating package script '/home/agilex/agilex_ws/install/nav2_amcl/share/nav2_amcl/package.zsh'
[3.669s] Level 1:colcon.colcon_core.environment:create_file_with_runtime_dependencies(/home/agilex/agilex_ws/install/nav2_amcl/share/colcon-core/packages/nav2_amcl)
[3.670s] INFO:colcon.colcon_ros.task.ament_cmake.build:Building ROS package in '/home/agilex/agilex_ws/src/navigation2/nav2_costmap_2d' with build type 'ament_cmake'
[3.670s] INFO:colcon.colcon_cmake.task.cmake.build:Building CMake package in '/home/agilex/agilex_ws/src/navigation2/nav2_costmap_2d'
[3.674s] INFO:colcon.colcon_core.shell:Skip shell extension 'powershell' for command environment: Not usable outside of PowerShell
[3.674s] DEBUG:colcon.colcon_core.shell:Skip shell extension 'dsv' for command environment
[3.681s] DEBUG:colcon.colcon_core.event_handler.log_command:Invoking command in '/home/agilex/agilex_ws/build/nav2_behavior_tree': AMENT_PREFIX_PATH=/home/agilex/agilex_ws/install/nav2_util:/home/agilex/agilex_ws/install/nav2_msgs:/home/agilex/agilex_ws/install/nav2_common CMAKE_PREFIX_PATH=/home/agilex/agilex_ws/install/nav2_util:/home/agilex/agilex_ws/install/nav2_msgs:/home/agilex/agilex_ws/install/nav2_common LD_LIBRARY_PATH=/home/agilex/agilex_ws/install/nav2_util/lib:/home/agilex/agilex_ws/install/nav2_msgs/lib PYTHONPATH=/home/agilex/agilex_ws/install/nav2_msgs/local/lib/python3.10/dist-packages:/home/agilex/agilex_ws/install/nav2_common/local/lib/python3.10/dist-packages /usr/bin/cmake --install /home/agilex/agilex_ws/build/nav2_behavior_tree
[3.690s] DEBUG:colcon.colcon_core.event_handler.log_command:Invoking command in '/home/agilex/agilex_ws/build/nav2_costmap_2d': AMENT_PREFIX_PATH=/home/agilex/agilex_ws/install/nav2_map_server:/home/agilex/agilex_ws/install/nav2_lifecycle_manager:/home/agilex/agilex_ws/install/nav2_util:/home/agilex/agilex_ws/install/nav2_voxel_grid:/home/agilex/agilex_ws/install/nav2_msgs:/home/agilex/agilex_ws/install/nav2_common CMAKE_PREFIX_PATH=/home/agilex/agilex_ws/install/nav2_map_server:/home/agilex/agilex_ws/install/nav2_lifecycle_manager:/home/agilex/agilex_ws/install/nav2_util:/home/agilex/agilex_ws/install/nav2_voxel_grid:/home/agilex/agilex_ws/install/nav2_msgs:/home/agilex/agilex_ws/install/nav2_common LD_LIBRARY_PATH=/home/agilex/agilex_ws/install/nav2_map_server/lib:/home/agilex/agilex_ws/install/nav2_lifecycle_manager/lib:/home/agilex/agilex_ws/install/nav2_util/lib:/home/agilex/agilex_ws/install/nav2_voxel_grid/lib:/home/agilex/agilex_ws/install/nav2_msgs/lib PYTHONPATH=/home/agilex/agilex_ws/install/nav2_msgs/local/lib/python3.10/dist-packages:/home/agilex/agilex_ws/install/nav2_common/local/lib/python3.10/dist-packages /usr/bin/cmake --build /home/agilex/agilex_ws/build/nav2_costmap_2d -- -j16 -l16
[3.699s] Level 1:colcon.colcon_core.environment:create_environment_scripts_only(nav2_behavior_tree)
[3.703s] DEBUG:colcon.colcon_core.event_handler.log_command:Invoked command in '/home/agilex/agilex_ws/build/nav2_behavior_tree' returned '0': AMENT_PREFIX_PATH=/home/agilex/agilex_ws/install/nav2_util:/home/agilex/agilex_ws/install/nav2_msgs:/home/agilex/agilex_ws/install/nav2_common CMAKE_PREFIX_PATH=/home/agilex/agilex_ws/install/nav2_util:/home/agilex/agilex_ws/install/nav2_msgs:/home/agilex/agilex_ws/install/nav2_common LD_LIBRARY_PATH=/home/agilex/agilex_ws/install/nav2_util/lib:/home/agilex/agilex_ws/install/nav2_msgs/lib PYTHONPATH=/home/agilex/agilex_ws/install/nav2_msgs/local/lib/python3.10/dist-packages:/home/agilex/agilex_ws/install/nav2_common/local/lib/python3.10/dist-packages /usr/bin/cmake --install /home/agilex/agilex_ws/build/nav2_behavior_tree
[3.705s] Level 1:colcon.colcon_core.environment:checking '/home/agilex/agilex_ws/install/nav2_behavior_tree' for CMake module files
[3.705s] Level 1:colcon.colcon_core.environment:checking '/home/agilex/agilex_ws/install/nav2_behavior_tree' for CMake config files
[3.706s] Level 1:colcon.colcon_core.shell:create_environment_hook('nav2_behavior_tree', 'cmake_prefix_path')
[3.709s] INFO:colcon.colcon_core.shell:Creating environment hook '/home/agilex/agilex_ws/install/nav2_behavior_tree/share/nav2_behavior_tree/hook/cmake_prefix_path.ps1'
[3.710s] INFO:colcon.colcon_core.shell:Creating environment descriptor '/home/agilex/agilex_ws/install/nav2_behavior_tree/share/nav2_behavior_tree/hook/cmake_prefix_path.dsv'
[3.710s] INFO:colcon.colcon_core.shell:Creating environment hook '/home/agilex/agilex_ws/install/nav2_behavior_tree/share/nav2_behavior_tree/hook/cmake_prefix_path.sh'
[3.710s] Level 1:colcon.colcon_core.environment:checking '/home/agilex/agilex_ws/install/nav2_behavior_tree/lib'
[3.710s] Level 1:colcon.colcon_core.shell:create_environment_hook('nav2_behavior_tree', 'ld_library_path_lib')
[3.714s] INFO:colcon.colcon_core.shell:Creating environment hook '/home/agilex/agilex_ws/install/nav2_behavior_tree/share/nav2_behavior_tree/hook/ld_library_path_lib.ps1'
[3.714s] INFO:colcon.colcon_core.shell:Creating environment descriptor '/home/agilex/agilex_ws/install/nav2_behavior_tree/share/nav2_behavior_tree/hook/ld_library_path_lib.dsv'
[3.715s] INFO:colcon.colcon_core.shell:Creating environment hook '/home/agilex/agilex_ws/install/nav2_behavior_tree/share/nav2_behavior_tree/hook/ld_library_path_lib.sh'
[3.715s] Level 1:colcon.colcon_core.environment:checking '/home/agilex/agilex_ws/install/nav2_behavior_tree/bin'
[3.715s] Level 1:colcon.colcon_core.environment:checking '/home/agilex/agilex_ws/install/nav2_behavior_tree/lib/pkgconfig/nav2_behavior_tree.pc'
[3.715s] Level 1:colcon.colcon_core.environment:checking '/home/agilex/agilex_ws/install/nav2_behavior_tree/lib/python3.10/site-packages'
[3.715s] Level 1:colcon.colcon_core.environment:checking '/home/agilex/agilex_ws/install/nav2_behavior_tree/bin'
[3.718s] INFO:colcon.colcon_core.shell:Creating package script '/home/agilex/agilex_ws/install/nav2_behavior_tree/share/nav2_behavior_tree/package.ps1'
[3.719s] INFO:colcon.colcon_core.shell:Creating package descriptor '/home/agilex/agilex_ws/install/nav2_behavior_tree/share/nav2_behavior_tree/package.dsv'
[3.719s] INFO:colcon.colcon_core.shell:Creating package script '/home/agilex/agilex_ws/install/nav2_behavior_tree/share/nav2_behavior_tree/package.sh'
[3.719s] INFO:colcon.colcon_core.shell:Creating package script '/home/agilex/agilex_ws/install/nav2_behavior_tree/share/nav2_behavior_tree/package.bash'
[3.719s] INFO:colcon.colcon_core.shell:Creating package script '/home/agilex/agilex_ws/install/nav2_behavior_tree/share/nav2_behavior_tree/package.zsh'
[3.720s] Level 1:colcon.colcon_core.environment:create_file_with_runtime_dependencies(/home/agilex/agilex_ws/install/nav2_behavior_tree/share/colcon-core/packages/nav2_behavior_tree)
[3.722s] DEBUG:colcon.colcon_core.event_handler.log_command:Invoked command in '/home/agilex/agilex_ws/build/nav2_rviz_plugins' returned '0': AMENT_PREFIX_PATH=/home/agilex/agilex_ws/install/nav2_lifecycle_manager:/home/agilex/agilex_ws/install/nav2_util:/home/agilex/agilex_ws/install/nav2_msgs:/home/agilex/agilex_ws/install/nav2_common CMAKE_PREFIX_PATH=/home/agilex/agilex_ws/install/nav2_lifecycle_manager:/home/agilex/agilex_ws/install/nav2_util:/home/agilex/agilex_ws/install/nav2_msgs:/home/agilex/agilex_ws/install/nav2_common LD_LIBRARY_PATH=/home/agilex/agilex_ws/install/nav2_lifecycle_manager/lib:/home/agilex/agilex_ws/install/nav2_util/lib:/home/agilex/agilex_ws/install/nav2_msgs/lib PYTHONPATH=/home/agilex/agilex_ws/install/nav2_msgs/local/lib/python3.10/dist-packages:/home/agilex/agilex_ws/install/nav2_common/local/lib/python3.10/dist-packages /usr/bin/cmake --build /home/agilex/agilex_ws/build/nav2_rviz_plugins -- -j16 -l16
[3.747s] DEBUG:colcon.colcon_core.event_handler.log_command:Invoking command in '/home/agilex/agilex_ws/build/nav2_rviz_plugins': AMENT_PREFIX_PATH=/home/agilex/agilex_ws/install/nav2_lifecycle_manager:/home/agilex/agilex_ws/install/nav2_util:/home/agilex/agilex_ws/install/nav2_msgs:/home/agilex/agilex_ws/install/nav2_common CMAKE_PREFIX_PATH=/home/agilex/agilex_ws/install/nav2_lifecycle_manager:/home/agilex/agilex_ws/install/nav2_util:/home/agilex/agilex_ws/install/nav2_msgs:/home/agilex/agilex_ws/install/nav2_common LD_LIBRARY_PATH=/home/agilex/agilex_ws/install/nav2_lifecycle_manager/lib:/home/agilex/agilex_ws/install/nav2_util/lib:/home/agilex/agilex_ws/install/nav2_msgs/lib PYTHONPATH=/home/agilex/agilex_ws/install/nav2_msgs/local/lib/python3.10/dist-packages:/home/agilex/agilex_ws/install/nav2_common/local/lib/python3.10/dist-packages /usr/bin/cmake --install /home/agilex/agilex_ws/build/nav2_rviz_plugins
[3.757s] Level 1:colcon.colcon_core.environment:create_environment_scripts_only(nav2_rviz_plugins)
[3.757s] DEBUG:colcon.colcon_core.event_handler.log_command:Invoked command in '/home/agilex/agilex_ws/build/nav2_rviz_plugins' returned '0': AMENT_PREFIX_PATH=/home/agilex/agilex_ws/install/nav2_lifecycle_manager:/home/agilex/agilex_ws/install/nav2_util:/home/agilex/agilex_ws/install/nav2_msgs:/home/agilex/agilex_ws/install/nav2_common CMAKE_PREFIX_PATH=/home/agilex/agilex_ws/install/nav2_lifecycle_manager:/home/agilex/agilex_ws/install/nav2_util:/home/agilex/agilex_ws/install/nav2_msgs:/home/agilex/agilex_ws/install/nav2_common LD_LIBRARY_PATH=/home/agilex/agilex_ws/install/nav2_lifecycle_manager/lib:/home/agilex/agilex_ws/install/nav2_util/lib:/home/agilex/agilex_ws/install/nav2_msgs/lib PYTHONPATH=/home/agilex/agilex_ws/install/nav2_msgs/local/lib/python3.10/dist-packages:/home/agilex/agilex_ws/install/nav2_common/local/lib/python3.10/dist-packages /usr/bin/cmake --install /home/agilex/agilex_ws/build/nav2_rviz_plugins
[3.766s] Level 1:colcon.colcon_core.environment:checking '/home/agilex/agilex_ws/install/nav2_rviz_plugins' for CMake module files
[3.767s] Level 1:colcon.colcon_core.environment:checking '/home/agilex/agilex_ws/install/nav2_rviz_plugins' for CMake config files
[3.768s] Level 1:colcon.colcon_core.shell:create_environment_hook('nav2_rviz_plugins', 'cmake_prefix_path')
[3.777s] INFO:colcon.colcon_core.shell:Creating environment hook '/home/agilex/agilex_ws/install/nav2_rviz_plugins/share/nav2_rviz_plugins/hook/cmake_prefix_path.ps1'
[3.778s] INFO:colcon.colcon_core.shell:Creating environment descriptor '/home/agilex/agilex_ws/install/nav2_rviz_plugins/share/nav2_rviz_plugins/hook/cmake_prefix_path.dsv'
[3.779s] INFO:colcon.colcon_core.shell:Creating environment hook '/home/agilex/agilex_ws/install/nav2_rviz_plugins/share/nav2_rviz_plugins/hook/cmake_prefix_path.sh'
[3.780s] Level 1:colcon.colcon_core.environment:checking '/home/agilex/agilex_ws/install/nav2_rviz_plugins/lib'
[3.780s] Level 1:colcon.colcon_core.shell:create_environment_hook('nav2_rviz_plugins', 'ld_library_path_lib')
[3.785s] INFO:colcon.colcon_core.shell:Creating environment hook '/home/agilex/agilex_ws/install/nav2_rviz_plugins/share/nav2_rviz_plugins/hook/ld_library_path_lib.ps1'
[3.785s] INFO:colcon.colcon_core.shell:Creating environment descriptor '/home/agilex/agilex_ws/install/nav2_rviz_plugins/share/nav2_rviz_plugins/hook/ld_library_path_lib.dsv'
[3.785s] INFO:colcon.colcon_core.shell:Creating environment hook '/home/agilex/agilex_ws/install/nav2_rviz_plugins/share/nav2_rviz_plugins/hook/ld_library_path_lib.sh'
[3.785s] Level 1:colcon.colcon_core.environment:checking '/home/agilex/agilex_ws/install/nav2_rviz_plugins/bin'
[3.785s] Level 1:colcon.colcon_core.environment:checking '/home/agilex/agilex_ws/install/nav2_rviz_plugins/lib/pkgconfig/nav2_rviz_plugins.pc'
[3.786s] Level 1:colcon.colcon_core.environment:checking '/home/agilex/agilex_ws/install/nav2_rviz_plugins/lib/python3.10/site-packages'
[3.786s] Level 1:colcon.colcon_core.environment:checking '/home/agilex/agilex_ws/install/nav2_rviz_plugins/bin'
[3.790s] INFO:colcon.colcon_core.shell:Creating package script '/home/agilex/agilex_ws/install/nav2_rviz_plugins/share/nav2_rviz_plugins/package.ps1'
[3.791s] INFO:colcon.colcon_core.shell:Creating package descriptor '/home/agilex/agilex_ws/install/nav2_rviz_plugins/share/nav2_rviz_plugins/package.dsv'
[3.791s] INFO:colcon.colcon_core.shell:Creating package script '/home/agilex/agilex_ws/install/nav2_rviz_plugins/share/nav2_rviz_plugins/package.sh'
[3.791s] INFO:colcon.colcon_core.shell:Creating package script '/home/agilex/agilex_ws/install/nav2_rviz_plugins/share/nav2_rviz_plugins/package.bash'
[3.792s] INFO:colcon.colcon_core.shell:Creating package script '/home/agilex/agilex_ws/install/nav2_rviz_plugins/share/nav2_rviz_plugins/package.zsh'
[3.792s] Level 1:colcon.colcon_core.environment:create_file_with_runtime_dependencies(/home/agilex/agilex_ws/install/nav2_rviz_plugins/share/colcon-core/packages/nav2_rviz_plugins)
[3.822s] Level 1:colcon.colcon_core.environment:create_environment_scripts_only(nav2_rviz_plugins)
[3.829s] Level 1:colcon.colcon_core.environment:checking '/home/agilex/agilex_ws/install/nav2_rviz_plugins' for CMake module files
[3.830s] Level 1:colcon.colcon_core.environment:checking '/home/agilex/agilex_ws/install/nav2_rviz_plugins' for CMake config files
[3.830s] Level 1:colcon.colcon_core.shell:create_environment_hook('nav2_rviz_plugins', 'cmake_prefix_path')
[3.837s] INFO:colcon.colcon_core.shell:Creating environment hook '/home/agilex/agilex_ws/install/nav2_rviz_plugins/share/nav2_rviz_plugins/hook/cmake_prefix_path.ps1'
[3.837s] INFO:colcon.colcon_core.shell:Creating environment descriptor '/home/agilex/agilex_ws/install/nav2_rviz_plugins/share/nav2_rviz_plugins/hook/cmake_prefix_path.dsv'
[3.838s] INFO:colcon.colcon_core.shell:Creating environment hook '/home/agilex/agilex_ws/install/nav2_rviz_plugins/share/nav2_rviz_plugins/hook/cmake_prefix_path.sh'
[3.838s] Level 1:colcon.colcon_core.environment:checking '/home/agilex/agilex_ws/install/nav2_rviz_plugins/lib'
[3.838s] Level 1:colcon.colcon_core.shell:create_environment_hook('nav2_rviz_plugins', 'ld_library_path_lib')
[3.845s] INFO:colcon.colcon_core.shell:Creating environment hook '/home/agilex/agilex_ws/install/nav2_rviz_plugins/share/nav2_rviz_plugins/hook/ld_library_path_lib.ps1'
[3.845s] INFO:colcon.colcon_core.shell:Creating environment descriptor '/home/agilex/agilex_ws/install/nav2_rviz_plugins/share/nav2_rviz_plugins/hook/ld_library_path_lib.dsv'
[3.846s] INFO:colcon.colcon_core.shell:Creating environment hook '/home/agilex/agilex_ws/install/nav2_rviz_plugins/share/nav2_rviz_plugins/hook/ld_library_path_lib.sh'
[3.846s] Level 1:colcon.colcon_core.environment:checking '/home/agilex/agilex_ws/install/nav2_rviz_plugins/bin'
[3.846s] Level 1:colcon.colcon_core.environment:checking '/home/agilex/agilex_ws/install/nav2_rviz_plugins/lib/pkgconfig/nav2_rviz_plugins.pc'
[3.846s] Level 1:colcon.colcon_core.environment:checking '/home/agilex/agilex_ws/install/nav2_rviz_plugins/lib/python3.10/site-packages'
[3.846s] Level 1:colcon.colcon_core.environment:checking '/home/agilex/agilex_ws/install/nav2_rviz_plugins/bin'
[3.849s] INFO:colcon.colcon_core.shell:Creating package script '/home/agilex/agilex_ws/install/nav2_rviz_plugins/share/nav2_rviz_plugins/package.ps1'
[3.850s] INFO:colcon.colcon_core.shell:Creating package descriptor '/home/agilex/agilex_ws/install/nav2_rviz_plugins/share/nav2_rviz_plugins/package.dsv'
[3.850s] INFO:colcon.colcon_core.shell:Creating package script '/home/agilex/agilex_ws/install/nav2_rviz_plugins/share/nav2_rviz_plugins/package.sh'
[3.850s] INFO:colcon.colcon_core.shell:Creating package script '/home/agilex/agilex_ws/install/nav2_rviz_plugins/share/nav2_rviz_plugins/package.bash'
[3.850s] INFO:colcon.colcon_core.shell:Creating package script '/home/agilex/agilex_ws/install/nav2_rviz_plugins/share/nav2_rviz_plugins/package.zsh'
[3.851s] Level 1:colcon.colcon_core.environment:create_file_with_runtime_dependencies(/home/agilex/agilex_ws/install/nav2_rviz_plugins/share/colcon-core/packages/nav2_rviz_plugins)
[3.855s] Level 1:colcon.colcon_core.environment:create_environment_scripts_only(nav2_behavior_tree)
[3.858s] Level 1:colcon.colcon_core.environment:checking '/home/agilex/agilex_ws/install/nav2_behavior_tree' for CMake module files
[3.859s] Level 1:colcon.colcon_core.environment:checking '/home/agilex/agilex_ws/install/nav2_behavior_tree' for CMake config files
[3.859s] Level 1:colcon.colcon_core.shell:create_environment_hook('nav2_behavior_tree', 'cmake_prefix_path')
[3.862s] INFO:colcon.colcon_core.shell:Creating environment hook '/home/agilex/agilex_ws/install/nav2_behavior_tree/share/nav2_behavior_tree/hook/cmake_prefix_path.ps1'
[3.863s] INFO:colcon.colcon_core.shell:Creating environment descriptor '/home/agilex/agilex_ws/install/nav2_behavior_tree/share/nav2_behavior_tree/hook/cmake_prefix_path.dsv'
[3.863s] INFO:colcon.colcon_core.shell:Creating environment hook '/home/agilex/agilex_ws/install/nav2_behavior_tree/share/nav2_behavior_tree/hook/cmake_prefix_path.sh'
[3.863s] Level 1:colcon.colcon_core.environment:checking '/home/agilex/agilex_ws/install/nav2_behavior_tree/lib'
[3.863s] Level 1:colcon.colcon_core.shell:create_environment_hook('nav2_behavior_tree', 'ld_library_path_lib')
[3.866s] INFO:colcon.colcon_core.shell:Creating environment hook '/home/agilex/agilex_ws/install/nav2_behavior_tree/share/nav2_behavior_tree/hook/ld_library_path_lib.ps1'
[3.866s] INFO:colcon.colcon_core.shell:Creating environment descriptor '/home/agilex/agilex_ws/install/nav2_behavior_tree/share/nav2_behavior_tree/hook/ld_library_path_lib.dsv'
[3.867s] INFO:colcon.colcon_core.shell:Creating environment hook '/home/agilex/agilex_ws/install/nav2_behavior_tree/share/nav2_behavior_tree/hook/ld_library_path_lib.sh'
[3.867s] Level 1:colcon.colcon_core.environment:checking '/home/agilex/agilex_ws/install/nav2_behavior_tree/bin'
[3.867s] Level 1:colcon.colcon_core.environment:checking '/home/agilex/agilex_ws/install/nav2_behavior_tree/lib/pkgconfig/nav2_behavior_tree.pc'
[3.867s] Level 1:colcon.colcon_core.environment:checking '/home/agilex/agilex_ws/install/nav2_behavior_tree/lib/python3.10/site-packages'
[3.867s] Level 1:colcon.colcon_core.environment:checking '/home/agilex/agilex_ws/install/nav2_behavior_tree/bin'
[3.873s] INFO:colcon.colcon_core.shell:Creating package script '/home/agilex/agilex_ws/install/nav2_behavior_tree/share/nav2_behavior_tree/package.ps1'
[3.873s] INFO:colcon.colcon_core.shell:Creating package descriptor '/home/agilex/agilex_ws/install/nav2_behavior_tree/share/nav2_behavior_tree/package.dsv'
[3.874s] INFO:colcon.colcon_core.shell:Creating package script '/home/agilex/agilex_ws/install/nav2_behavior_tree/share/nav2_behavior_tree/package.sh'
[3.874s] INFO:colcon.colcon_core.shell:Creating package script '/home/agilex/agilex_ws/install/nav2_behavior_tree/share/nav2_behavior_tree/package.bash'
[3.874s] INFO:colcon.colcon_core.shell:Creating package script '/home/agilex/agilex_ws/install/nav2_behavior_tree/share/nav2_behavior_tree/package.zsh'
[3.875s] Level 1:colcon.colcon_core.environment:create_file_with_runtime_dependencies(/home/agilex/agilex_ws/install/nav2_behavior_tree/share/colcon-core/packages/nav2_behavior_tree)
[3.876s] DEBUG:colcon.colcon_core.event_handler.log_command:Invoked command in '/home/agilex/agilex_ws/build/nav2_costmap_2d' returned '0': AMENT_PREFIX_PATH=/home/agilex/agilex_ws/install/nav2_map_server:/home/agilex/agilex_ws/install/nav2_lifecycle_manager:/home/agilex/agilex_ws/install/nav2_util:/home/agilex/agilex_ws/install/nav2_voxel_grid:/home/agilex/agilex_ws/install/nav2_msgs:/home/agilex/agilex_ws/install/nav2_common CMAKE_PREFIX_PATH=/home/agilex/agilex_ws/install/nav2_map_server:/home/agilex/agilex_ws/install/nav2_lifecycle_manager:/home/agilex/agilex_ws/install/nav2_util:/home/agilex/agilex_ws/install/nav2_voxel_grid:/home/agilex/agilex_ws/install/nav2_msgs:/home/agilex/agilex_ws/install/nav2_common LD_LIBRARY_PATH=/home/agilex/agilex_ws/install/nav2_map_server/lib:/home/agilex/agilex_ws/install/nav2_lifecycle_manager/lib:/home/agilex/agilex_ws/install/nav2_util/lib:/home/agilex/agilex_ws/install/nav2_voxel_grid/lib:/home/agilex/agilex_ws/install/nav2_msgs/lib PYTHONPATH=/home/agilex/agilex_ws/install/nav2_msgs/local/lib/python3.10/dist-packages:/home/agilex/agilex_ws/install/nav2_common/local/lib/python3.10/dist-packages /usr/bin/cmake --build /home/agilex/agilex_ws/build/nav2_costmap_2d -- -j16 -l16
[3.935s] DEBUG:colcon.colcon_core.event_handler.log_command:Invoking command in '/home/agilex/agilex_ws/build/nav2_costmap_2d': AMENT_PREFIX_PATH=/home/agilex/agilex_ws/install/nav2_map_server:/home/agilex/agilex_ws/install/nav2_lifecycle_manager:/home/agilex/agilex_ws/install/nav2_util:/home/agilex/agilex_ws/install/nav2_voxel_grid:/home/agilex/agilex_ws/install/nav2_msgs:/home/agilex/agilex_ws/install/nav2_common CMAKE_PREFIX_PATH=/home/agilex/agilex_ws/install/nav2_map_server:/home/agilex/agilex_ws/install/nav2_lifecycle_manager:/home/agilex/agilex_ws/install/nav2_util:/home/agilex/agilex_ws/install/nav2_voxel_grid:/home/agilex/agilex_ws/install/nav2_msgs:/home/agilex/agilex_ws/install/nav2_common LD_LIBRARY_PATH=/home/agilex/agilex_ws/install/nav2_map_server/lib:/home/agilex/agilex_ws/install/nav2_lifecycle_manager/lib:/home/agilex/agilex_ws/install/nav2_util/lib:/home/agilex/agilex_ws/install/nav2_voxel_grid/lib:/home/agilex/agilex_ws/install/nav2_msgs/lib PYTHONPATH=/home/agilex/agilex_ws/install/nav2_msgs/local/lib/python3.10/dist-packages:/home/agilex/agilex_ws/install/nav2_common/local/lib/python3.10/dist-packages /usr/bin/cmake --install /home/agilex/agilex_ws/build/nav2_costmap_2d
[3.942s] Level 1:colcon.colcon_core.environment:create_environment_scripts_only(nav2_costmap_2d)
[3.943s] DEBUG:colcon.colcon_core.event_handler.log_command:Invoked command in '/home/agilex/agilex_ws/build/nav2_costmap_2d' returned '0': AMENT_PREFIX_PATH=/home/agilex/agilex_ws/install/nav2_map_server:/home/agilex/agilex_ws/install/nav2_lifecycle_manager:/home/agilex/agilex_ws/install/nav2_util:/home/agilex/agilex_ws/install/nav2_voxel_grid:/home/agilex/agilex_ws/install/nav2_msgs:/home/agilex/agilex_ws/install/nav2_common CMAKE_PREFIX_PATH=/home/agilex/agilex_ws/install/nav2_map_server:/home/agilex/agilex_ws/install/nav2_lifecycle_manager:/home/agilex/agilex_ws/install/nav2_util:/home/agilex/agilex_ws/install/nav2_voxel_grid:/home/agilex/agilex_ws/install/nav2_msgs:/home/agilex/agilex_ws/install/nav2_common LD_LIBRARY_PATH=/home/agilex/agilex_ws/install/nav2_map_server/lib:/home/agilex/agilex_ws/install/nav2_lifecycle_manager/lib:/home/agilex/agilex_ws/install/nav2_util/lib:/home/agilex/agilex_ws/install/nav2_voxel_grid/lib:/home/agilex/agilex_ws/install/nav2_msgs/lib PYTHONPATH=/home/agilex/agilex_ws/install/nav2_msgs/local/lib/python3.10/dist-packages:/home/agilex/agilex_ws/install/nav2_common/local/lib/python3.10/dist-packages /usr/bin/cmake --install /home/agilex/agilex_ws/build/nav2_costmap_2d
[3.946s] Level 1:colcon.colcon_core.environment:checking '/home/agilex/agilex_ws/install/nav2_costmap_2d' for CMake module files
[3.947s] Level 1:colcon.colcon_core.environment:checking '/home/agilex/agilex_ws/install/nav2_costmap_2d' for CMake config files
[3.947s] Level 1:colcon.colcon_core.shell:create_environment_hook('nav2_costmap_2d', 'cmake_prefix_path')
[3.950s] INFO:colcon.colcon_core.shell:Creating environment hook '/home/agilex/agilex_ws/install/nav2_costmap_2d/share/nav2_costmap_2d/hook/cmake_prefix_path.ps1'
[3.950s] INFO:colcon.colcon_core.shell:Creating environment descriptor '/home/agilex/agilex_ws/install/nav2_costmap_2d/share/nav2_costmap_2d/hook/cmake_prefix_path.dsv'
[3.950s] INFO:colcon.colcon_core.shell:Creating environment hook '/home/agilex/agilex_ws/install/nav2_costmap_2d/share/nav2_costmap_2d/hook/cmake_prefix_path.sh'
[3.951s] Level 1:colcon.colcon_core.environment:checking '/home/agilex/agilex_ws/install/nav2_costmap_2d/lib'
[3.951s] Level 1:colcon.colcon_core.shell:create_environment_hook('nav2_costmap_2d', 'ld_library_path_lib')
[3.954s] INFO:colcon.colcon_core.shell:Creating environment hook '/home/agilex/agilex_ws/install/nav2_costmap_2d/share/nav2_costmap_2d/hook/ld_library_path_lib.ps1'
[3.954s] INFO:colcon.colcon_core.shell:Creating environment descriptor '/home/agilex/agilex_ws/install/nav2_costmap_2d/share/nav2_costmap_2d/hook/ld_library_path_lib.dsv'
[3.954s] INFO:colcon.colcon_core.shell:Creating environment hook '/home/agilex/agilex_ws/install/nav2_costmap_2d/share/nav2_costmap_2d/hook/ld_library_path_lib.sh'
[3.954s] Level 1:colcon.colcon_core.environment:checking '/home/agilex/agilex_ws/install/nav2_costmap_2d/bin'
[3.954s] Level 1:colcon.colcon_core.environment:checking '/home/agilex/agilex_ws/install/nav2_costmap_2d/lib/pkgconfig/nav2_costmap_2d.pc'
[3.955s] Level 1:colcon.colcon_core.environment:checking '/home/agilex/agilex_ws/install/nav2_costmap_2d/lib/python3.10/site-packages'
[3.955s] Level 1:colcon.colcon_core.environment:checking '/home/agilex/agilex_ws/install/nav2_costmap_2d/bin'
[3.958s] INFO:colcon.colcon_core.shell:Creating package script '/home/agilex/agilex_ws/install/nav2_costmap_2d/share/nav2_costmap_2d/package.ps1'
[3.958s] INFO:colcon.colcon_core.shell:Creating package descriptor '/home/agilex/agilex_ws/install/nav2_costmap_2d/share/nav2_costmap_2d/package.dsv'
[3.958s] INFO:colcon.colcon_core.shell:Creating package script '/home/agilex/agilex_ws/install/nav2_costmap_2d/share/nav2_costmap_2d/package.sh'
[3.959s] INFO:colcon.colcon_core.shell:Creating package script '/home/agilex/agilex_ws/install/nav2_costmap_2d/share/nav2_costmap_2d/package.bash'
[3.959s] INFO:colcon.colcon_core.shell:Creating package script '/home/agilex/agilex_ws/install/nav2_costmap_2d/share/nav2_costmap_2d/package.zsh'
[3.959s] Level 1:colcon.colcon_core.environment:create_file_with_runtime_dependencies(/home/agilex/agilex_ws/install/nav2_costmap_2d/share/colcon-core/packages/nav2_costmap_2d)
[4.022s] Level 1:colcon.colcon_core.environment:create_environment_scripts_only(nav2_costmap_2d)
[4.026s] Level 1:colcon.colcon_core.environment:checking '/home/agilex/agilex_ws/install/nav2_costmap_2d' for CMake module files
[4.026s] Level 1:colcon.colcon_core.environment:checking '/home/agilex/agilex_ws/install/nav2_costmap_2d' for CMake config files
[4.026s] Level 1:colcon.colcon_core.shell:create_environment_hook('nav2_costmap_2d', 'cmake_prefix_path')
[4.030s] INFO:colcon.colcon_core.shell:Creating environment hook '/home/agilex/agilex_ws/install/nav2_costmap_2d/share/nav2_costmap_2d/hook/cmake_prefix_path.ps1'
[4.030s] INFO:colcon.colcon_core.shell:Creating environment descriptor '/home/agilex/agilex_ws/install/nav2_costmap_2d/share/nav2_costmap_2d/hook/cmake_prefix_path.dsv'
[4.030s] INFO:colcon.colcon_core.shell:Creating environment hook '/home/agilex/agilex_ws/install/nav2_costmap_2d/share/nav2_costmap_2d/hook/cmake_prefix_path.sh'
[4.031s] Level 1:colcon.colcon_core.environment:checking '/home/agilex/agilex_ws/install/nav2_costmap_2d/lib'
[4.031s] Level 1:colcon.colcon_core.shell:create_environment_hook('nav2_costmap_2d', 'ld_library_path_lib')
[4.034s] INFO:colcon.colcon_core.shell:Creating environment hook '/home/agilex/agilex_ws/install/nav2_costmap_2d/share/nav2_costmap_2d/hook/ld_library_path_lib.ps1'
[4.035s] INFO:colcon.colcon_core.shell:Creating environment descriptor '/home/agilex/agilex_ws/install/nav2_costmap_2d/share/nav2_costmap_2d/hook/ld_library_path_lib.dsv'
[4.035s] INFO:colcon.colcon_core.shell:Creating environment hook '/home/agilex/agilex_ws/install/nav2_costmap_2d/share/nav2_costmap_2d/hook/ld_library_path_lib.sh'
[4.035s] Level 1:colcon.colcon_core.environment:checking '/home/agilex/agilex_ws/install/nav2_costmap_2d/bin'
[4.035s] Level 1:colcon.colcon_core.environment:checking '/home/agilex/agilex_ws/install/nav2_costmap_2d/lib/pkgconfig/nav2_costmap_2d.pc'
[4.035s] Level 1:colcon.colcon_core.environment:checking '/home/agilex/agilex_ws/install/nav2_costmap_2d/lib/python3.10/site-packages'
[4.035s] Level 1:colcon.colcon_core.environment:checking '/home/agilex/agilex_ws/install/nav2_costmap_2d/bin'
[4.039s] INFO:colcon.colcon_core.shell:Creating package script '/home/agilex/agilex_ws/install/nav2_costmap_2d/share/nav2_costmap_2d/package.ps1'
[4.039s] INFO:colcon.colcon_core.shell:Creating package descriptor '/home/agilex/agilex_ws/install/nav2_costmap_2d/share/nav2_costmap_2d/package.dsv'
[4.039s] INFO:colcon.colcon_core.shell:Creating package script '/home/agilex/agilex_ws/install/nav2_costmap_2d/share/nav2_costmap_2d/package.sh'
[4.040s] INFO:colcon.colcon_core.shell:Creating package script '/home/agilex/agilex_ws/install/nav2_costmap_2d/share/nav2_costmap_2d/package.bash'
[4.040s] INFO:colcon.colcon_core.shell:Creating package script '/home/agilex/agilex_ws/install/nav2_costmap_2d/share/nav2_costmap_2d/package.zsh'
[4.040s] Level 1:colcon.colcon_core.environment:create_file_with_runtime_dependencies(/home/agilex/agilex_ws/install/nav2_costmap_2d/share/colcon-core/packages/nav2_costmap_2d)
[4.040s] INFO:colcon.colcon_ros.task.ament_cmake.build:Building ROS package in '/home/agilex/agilex_ws/src/navigation2/nav2_core' with build type 'ament_cmake'
[4.040s] INFO:colcon.colcon_cmake.task.cmake.build:Building CMake package in '/home/agilex/agilex_ws/src/navigation2/nav2_core'
[4.044s] INFO:colcon.colcon_core.shell:Skip shell extension 'powershell' for command environment: Not usable outside of PowerShell
[4.045s] DEBUG:colcon.colcon_core.shell:Skip shell extension 'dsv' for command environment
[4.049s] INFO:colcon.colcon_ros.task.ament_cmake.build:Building ROS package in '/home/agilex/agilex_ws/src/navigation2/nav2_dwb_controller/costmap_queue' with build type 'ament_cmake'
[4.049s] INFO:colcon.colcon_cmake.task.cmake.build:Building CMake package in '/home/agilex/agilex_ws/src/navigation2/nav2_dwb_controller/costmap_queue'
[4.053s] INFO:colcon.colcon_core.shell:Skip shell extension 'powershell' for command environment: Not usable outside of PowerShell
[4.053s] DEBUG:colcon.colcon_core.shell:Skip shell extension 'dsv' for command environment
[4.057s] INFO:colcon.colcon_ros.task.ament_cmake.build:Building ROS package in '/home/agilex/agilex_ws/src/costmap_converter/costmap_converter' with build type 'ament_cmake'
[4.057s] INFO:colcon.colcon_cmake.task.cmake.build:Building CMake package in '/home/agilex/agilex_ws/src/costmap_converter/costmap_converter'
[4.061s] INFO:colcon.colcon_core.shell:Skip shell extension 'powershell' for command environment: Not usable outside of PowerShell
[4.061s] DEBUG:colcon.colcon_core.shell:Skip shell extension 'dsv' for command environment
[4.067s] DEBUG:colcon.colcon_core.event_handler.log_command:Invoking command in '/home/agilex/agilex_ws/build/nav2_core': AMENT_PREFIX_PATH=/home/agilex/agilex_ws/install/nav2_costmap_2d:/home/agilex/agilex_ws/install/nav2_util:/home/agilex/agilex_ws/install/nav2_voxel_grid:/home/agilex/agilex_ws/install/nav2_msgs:/home/agilex/agilex_ws/install/nav2_common CMAKE_PREFIX_PATH=/home/agilex/agilex_ws/install/nav2_costmap_2d:/home/agilex/agilex_ws/install/nav2_util:/home/agilex/agilex_ws/install/nav2_voxel_grid:/home/agilex/agilex_ws/install/nav2_msgs:/home/agilex/agilex_ws/install/nav2_common LD_LIBRARY_PATH=/home/agilex/agilex_ws/install/nav2_costmap_2d/lib:/home/agilex/agilex_ws/install/nav2_util/lib:/home/agilex/agilex_ws/install/nav2_voxel_grid/lib:/home/agilex/agilex_ws/install/nav2_msgs/lib PYTHONPATH=/home/agilex/agilex_ws/install/nav2_msgs/local/lib/python3.10/dist-packages:/home/agilex/agilex_ws/install/nav2_common/local/lib/python3.10/dist-packages /usr/bin/cmake --build /home/agilex/agilex_ws/build/nav2_core -- -j16 -l16
[4.069s] DEBUG:colcon.colcon_core.event_handler.log_command:Invoking command in '/home/agilex/agilex_ws/build/costmap_queue': AMENT_PREFIX_PATH=/home/agilex/agilex_ws/install/nav2_costmap_2d:/home/agilex/agilex_ws/install/nav2_util:/home/agilex/agilex_ws/install/nav2_voxel_grid:/home/agilex/agilex_ws/install/nav2_msgs:/home/agilex/agilex_ws/install/nav2_common CMAKE_PREFIX_PATH=/home/agilex/agilex_ws/install/nav2_costmap_2d:/home/agilex/agilex_ws/install/nav2_util:/home/agilex/agilex_ws/install/nav2_voxel_grid:/home/agilex/agilex_ws/install/nav2_msgs:/home/agilex/agilex_ws/install/nav2_common LD_LIBRARY_PATH=/home/agilex/agilex_ws/install/nav2_costmap_2d/lib:/home/agilex/agilex_ws/install/nav2_util/lib:/home/agilex/agilex_ws/install/nav2_voxel_grid/lib:/home/agilex/agilex_ws/install/nav2_msgs/lib PYTHONPATH=/home/agilex/agilex_ws/install/nav2_msgs/local/lib/python3.10/dist-packages:/home/agilex/agilex_ws/install/nav2_common/local/lib/python3.10/dist-packages /usr/bin/cmake --build /home/agilex/agilex_ws/build/costmap_queue -- -j16 -l16
[4.076s] DEBUG:colcon.colcon_core.event_handler.log_command:Invoking command in '/home/agilex/agilex_ws/build/costmap_converter': AMENT_PREFIX_PATH=/home/agilex/agilex_ws/install/nav2_costmap_2d:/home/agilex/agilex_ws/install/nav2_util:/home/agilex/agilex_ws/install/nav2_voxel_grid:/home/agilex/agilex_ws/install/nav2_msgs:/home/agilex/agilex_ws/install/nav2_common:/home/agilex/agilex_ws/install/costmap_converter_msgs CMAKE_PREFIX_PATH=/home/agilex/agilex_ws/install/nav2_costmap_2d:/home/agilex/agilex_ws/install/nav2_util:/home/agilex/agilex_ws/install/nav2_voxel_grid:/home/agilex/agilex_ws/install/nav2_msgs:/home/agilex/agilex_ws/install/nav2_common:/home/agilex/agilex_ws/install/costmap_converter_msgs LD_LIBRARY_PATH=/home/agilex/agilex_ws/install/nav2_costmap_2d/lib:/home/agilex/agilex_ws/install/nav2_util/lib:/home/agilex/agilex_ws/install/nav2_voxel_grid/lib:/home/agilex/agilex_ws/install/nav2_msgs/lib:/home/agilex/agilex_ws/install/costmap_converter_msgs/lib PYTHONPATH=/home/agilex/agilex_ws/install/nav2_msgs/local/lib/python3.10/dist-packages:/home/agilex/agilex_ws/install/nav2_common/local/lib/python3.10/dist-packages:/home/agilex/agilex_ws/install/costmap_converter_msgs/local/lib/python3.10/dist-packages /usr/bin/cmake --build /home/agilex/agilex_ws/build/costmap_converter -- -j16 -l16
[4.099s] DEBUG:colcon.colcon_core.event_handler.log_command:Invoked command in '/home/agilex/agilex_ws/build/nav2_core' returned '0': AMENT_PREFIX_PATH=/home/agilex/agilex_ws/install/nav2_costmap_2d:/home/agilex/agilex_ws/install/nav2_util:/home/agilex/agilex_ws/install/nav2_voxel_grid:/home/agilex/agilex_ws/install/nav2_msgs:/home/agilex/agilex_ws/install/nav2_common CMAKE_PREFIX_PATH=/home/agilex/agilex_ws/install/nav2_costmap_2d:/home/agilex/agilex_ws/install/nav2_util:/home/agilex/agilex_ws/install/nav2_voxel_grid:/home/agilex/agilex_ws/install/nav2_msgs:/home/agilex/agilex_ws/install/nav2_common LD_LIBRARY_PATH=/home/agilex/agilex_ws/install/nav2_costmap_2d/lib:/home/agilex/agilex_ws/install/nav2_util/lib:/home/agilex/agilex_ws/install/nav2_voxel_grid/lib:/home/agilex/agilex_ws/install/nav2_msgs/lib PYTHONPATH=/home/agilex/agilex_ws/install/nav2_msgs/local/lib/python3.10/dist-packages:/home/agilex/agilex_ws/install/nav2_common/local/lib/python3.10/dist-packages /usr/bin/cmake --build /home/agilex/agilex_ws/build/nav2_core -- -j16 -l16
[4.117s] DEBUG:colcon.colcon_core.event_handler.log_command:Invoking command in '/home/agilex/agilex_ws/build/nav2_core': AMENT_PREFIX_PATH=/home/agilex/agilex_ws/install/nav2_costmap_2d:/home/agilex/agilex_ws/install/nav2_util:/home/agilex/agilex_ws/install/nav2_voxel_grid:/home/agilex/agilex_ws/install/nav2_msgs:/home/agilex/agilex_ws/install/nav2_common CMAKE_PREFIX_PATH=/home/agilex/agilex_ws/install/nav2_costmap_2d:/home/agilex/agilex_ws/install/nav2_util:/home/agilex/agilex_ws/install/nav2_voxel_grid:/home/agilex/agilex_ws/install/nav2_msgs:/home/agilex/agilex_ws/install/nav2_common LD_LIBRARY_PATH=/home/agilex/agilex_ws/install/nav2_costmap_2d/lib:/home/agilex/agilex_ws/install/nav2_util/lib:/home/agilex/agilex_ws/install/nav2_voxel_grid/lib:/home/agilex/agilex_ws/install/nav2_msgs/lib PYTHONPATH=/home/agilex/agilex_ws/install/nav2_msgs/local/lib/python3.10/dist-packages:/home/agilex/agilex_ws/install/nav2_common/local/lib/python3.10/dist-packages /usr/bin/cmake --install /home/agilex/agilex_ws/build/nav2_core
[4.125s] Level 1:colcon.colcon_core.environment:create_environment_scripts_only(nav2_core)
[4.125s] DEBUG:colcon.colcon_core.event_handler.log_command:Invoked command in '/home/agilex/agilex_ws/build/nav2_core' returned '0': AMENT_PREFIX_PATH=/home/agilex/agilex_ws/install/nav2_costmap_2d:/home/agilex/agilex_ws/install/nav2_util:/home/agilex/agilex_ws/install/nav2_voxel_grid:/home/agilex/agilex_ws/install/nav2_msgs:/home/agilex/agilex_ws/install/nav2_common CMAKE_PREFIX_PATH=/home/agilex/agilex_ws/install/nav2_costmap_2d:/home/agilex/agilex_ws/install/nav2_util:/home/agilex/agilex_ws/install/nav2_voxel_grid:/home/agilex/agilex_ws/install/nav2_msgs:/home/agilex/agilex_ws/install/nav2_common LD_LIBRARY_PATH=/home/agilex/agilex_ws/install/nav2_costmap_2d/lib:/home/agilex/agilex_ws/install/nav2_util/lib:/home/agilex/agilex_ws/install/nav2_voxel_grid/lib:/home/agilex/agilex_ws/install/nav2_msgs/lib PYTHONPATH=/home/agilex/agilex_ws/install/nav2_msgs/local/lib/python3.10/dist-packages:/home/agilex/agilex_ws/install/nav2_common/local/lib/python3.10/dist-packages /usr/bin/cmake --install /home/agilex/agilex_ws/build/nav2_core
[4.129s] Level 1:colcon.colcon_core.environment:checking '/home/agilex/agilex_ws/install/nav2_core' for CMake module files
[4.130s] Level 1:colcon.colcon_core.environment:checking '/home/agilex/agilex_ws/install/nav2_core' for CMake config files
[4.130s] Level 1:colcon.colcon_core.shell:create_environment_hook('nav2_core', 'cmake_prefix_path')
[4.133s] INFO:colcon.colcon_core.shell:Creating environment hook '/home/agilex/agilex_ws/install/nav2_core/share/nav2_core/hook/cmake_prefix_path.ps1'
[4.134s] INFO:colcon.colcon_core.shell:Creating environment descriptor '/home/agilex/agilex_ws/install/nav2_core/share/nav2_core/hook/cmake_prefix_path.dsv'
[4.134s] INFO:colcon.colcon_core.shell:Creating environment hook '/home/agilex/agilex_ws/install/nav2_core/share/nav2_core/hook/cmake_prefix_path.sh'
[4.134s] Level 1:colcon.colcon_core.environment:checking '/home/agilex/agilex_ws/install/nav2_core/bin'
[4.134s] Level 1:colcon.colcon_core.environment:checking '/home/agilex/agilex_ws/install/nav2_core/lib/pkgconfig/nav2_core.pc'
[4.134s] Level 1:colcon.colcon_core.environment:checking '/home/agilex/agilex_ws/install/nav2_core/lib/python3.10/site-packages'
[4.135s] Level 1:colcon.colcon_core.environment:checking '/home/agilex/agilex_ws/install/nav2_core/bin'
[4.139s] INFO:colcon.colcon_core.shell:Creating package script '/home/agilex/agilex_ws/install/nav2_core/share/nav2_core/package.ps1'
[4.139s] INFO:colcon.colcon_core.shell:Creating package descriptor '/home/agilex/agilex_ws/install/nav2_core/share/nav2_core/package.dsv'
[4.139s] INFO:colcon.colcon_core.shell:Creating package script '/home/agilex/agilex_ws/install/nav2_core/share/nav2_core/package.sh'
[4.139s] INFO:colcon.colcon_core.shell:Creating package script '/home/agilex/agilex_ws/install/nav2_core/share/nav2_core/package.bash'
[4.140s] INFO:colcon.colcon_core.shell:Creating package script '/home/agilex/agilex_ws/install/nav2_core/share/nav2_core/package.zsh'
[4.140s] Level 1:colcon.colcon_core.environment:create_file_with_runtime_dependencies(/home/agilex/agilex_ws/install/nav2_core/share/colcon-core/packages/nav2_core)
[4.143s] DEBUG:colcon.colcon_core.event_handler.log_command:Invoked command in '/home/agilex/agilex_ws/build/costmap_queue' returned '0': AMENT_PREFIX_PATH=/home/agilex/agilex_ws/install/nav2_costmap_2d:/home/agilex/agilex_ws/install/nav2_util:/home/agilex/agilex_ws/install/nav2_voxel_grid:/home/agilex/agilex_ws/install/nav2_msgs:/home/agilex/agilex_ws/install/nav2_common CMAKE_PREFIX_PATH=/home/agilex/agilex_ws/install/nav2_costmap_2d:/home/agilex/agilex_ws/install/nav2_util:/home/agilex/agilex_ws/install/nav2_voxel_grid:/home/agilex/agilex_ws/install/nav2_msgs:/home/agilex/agilex_ws/install/nav2_common LD_LIBRARY_PATH=/home/agilex/agilex_ws/install/nav2_costmap_2d/lib:/home/agilex/agilex_ws/install/nav2_util/lib:/home/agilex/agilex_ws/install/nav2_voxel_grid/lib:/home/agilex/agilex_ws/install/nav2_msgs/lib PYTHONPATH=/home/agilex/agilex_ws/install/nav2_msgs/local/lib/python3.10/dist-packages:/home/agilex/agilex_ws/install/nav2_common/local/lib/python3.10/dist-packages /usr/bin/cmake --build /home/agilex/agilex_ws/build/costmap_queue -- -j16 -l16
[4.161s] Level 1:colcon.colcon_core.environment:create_environment_scripts_only(nav2_core)
[4.165s] Level 1:colcon.colcon_core.environment:checking '/home/agilex/agilex_ws/install/nav2_core' for CMake module files
[4.165s] Level 1:colcon.colcon_core.environment:checking '/home/agilex/agilex_ws/install/nav2_core' for CMake config files
[4.165s] Level 1:colcon.colcon_core.shell:create_environment_hook('nav2_core', 'cmake_prefix_path')
[4.168s] INFO:colcon.colcon_core.shell:Creating environment hook '/home/agilex/agilex_ws/install/nav2_core/share/nav2_core/hook/cmake_prefix_path.ps1'
[4.168s] INFO:colcon.colcon_core.shell:Creating environment descriptor '/home/agilex/agilex_ws/install/nav2_core/share/nav2_core/hook/cmake_prefix_path.dsv'
[4.168s] INFO:colcon.colcon_core.shell:Creating environment hook '/home/agilex/agilex_ws/install/nav2_core/share/nav2_core/hook/cmake_prefix_path.sh'
[4.169s] Level 1:colcon.colcon_core.environment:checking '/home/agilex/agilex_ws/install/nav2_core/bin'
[4.169s] Level 1:colcon.colcon_core.environment:checking '/home/agilex/agilex_ws/install/nav2_core/lib/pkgconfig/nav2_core.pc'
[4.169s] Level 1:colcon.colcon_core.environment:checking '/home/agilex/agilex_ws/install/nav2_core/lib/python3.10/site-packages'
[4.169s] Level 1:colcon.colcon_core.environment:checking '/home/agilex/agilex_ws/install/nav2_core/bin'
[4.172s] INFO:colcon.colcon_core.shell:Creating package script '/home/agilex/agilex_ws/install/nav2_core/share/nav2_core/package.ps1'
[4.172s] INFO:colcon.colcon_core.shell:Creating package descriptor '/home/agilex/agilex_ws/install/nav2_core/share/nav2_core/package.dsv'
[4.173s] INFO:colcon.colcon_core.shell:Creating package script '/home/agilex/agilex_ws/install/nav2_core/share/nav2_core/package.sh'
[4.173s] INFO:colcon.colcon_core.shell:Creating package script '/home/agilex/agilex_ws/install/nav2_core/share/nav2_core/package.bash'
[4.173s] INFO:colcon.colcon_core.shell:Creating package script '/home/agilex/agilex_ws/install/nav2_core/share/nav2_core/package.zsh'
[4.173s] Level 1:colcon.colcon_core.environment:create_file_with_runtime_dependencies(/home/agilex/agilex_ws/install/nav2_core/share/colcon-core/packages/nav2_core)
[4.173s] INFO:colcon.colcon_ros.task.ament_cmake.build:Building ROS package in '/home/agilex/agilex_ws/src/navigation2/nav2_dwb_controller/dwb_core' with build type 'ament_cmake'
[4.174s] INFO:colcon.colcon_cmake.task.cmake.build:Building CMake package in '/home/agilex/agilex_ws/src/navigation2/nav2_dwb_controller/dwb_core'
[4.177s] INFO:colcon.colcon_core.shell:Skip shell extension 'powershell' for command environment: Not usable outside of PowerShell
[4.177s] DEBUG:colcon.colcon_core.shell:Skip shell extension 'dsv' for command environment
[4.181s] INFO:colcon.colcon_ros.task.ament_cmake.build:Building ROS package in '/home/agilex/agilex_ws/src/navigation2/nav2_controller' with build type 'ament_cmake'
[4.181s] INFO:colcon.colcon_cmake.task.cmake.build:Building CMake package in '/home/agilex/agilex_ws/src/navigation2/nav2_controller'
[4.184s] INFO:colcon.colcon_core.shell:Skip shell extension 'powershell' for command environment: Not usable outside of PowerShell
[4.184s] DEBUG:colcon.colcon_core.shell:Skip shell extension 'dsv' for command environment
[4.189s] INFO:colcon.colcon_ros.task.ament_cmake.build:Building ROS package in '/home/agilex/agilex_ws/src/navigation2/nav2_bt_navigator' with build type 'ament_cmake'
[4.189s] INFO:colcon.colcon_cmake.task.cmake.build:Building CMake package in '/home/agilex/agilex_ws/src/navigation2/nav2_bt_navigator'
[4.194s] INFO:colcon.colcon_core.shell:Skip shell extension 'powershell' for command environment: Not usable outside of PowerShell
[4.194s] DEBUG:colcon.colcon_core.shell:Skip shell extension 'dsv' for command environment
[4.198s] INFO:colcon.colcon_ros.task.ament_cmake.build:Building ROS package in '/home/agilex/agilex_ws/src/navigation2/nav2_planner' with build type 'ament_cmake'
[4.198s] INFO:colcon.colcon_cmake.task.cmake.build:Building CMake package in '/home/agilex/agilex_ws/src/navigation2/nav2_planner'
[4.202s] INFO:colcon.colcon_core.shell:Skip shell extension 'powershell' for command environment: Not usable outside of PowerShell
[4.202s] DEBUG:colcon.colcon_core.shell:Skip shell extension 'dsv' for command environment
[4.206s] INFO:colcon.colcon_ros.task.ament_cmake.build:Building ROS package in '/home/agilex/agilex_ws/src/navigation2/nav2_regulated_pure_pursuit_controller' with build type 'ament_cmake'
[4.206s] INFO:colcon.colcon_cmake.task.cmake.build:Building CMake package in '/home/agilex/agilex_ws/src/navigation2/nav2_regulated_pure_pursuit_controller'
[4.209s] INFO:colcon.colcon_core.shell:Skip shell extension 'powershell' for command environment: Not usable outside of PowerShell
[4.210s] DEBUG:colcon.colcon_core.shell:Skip shell extension 'dsv' for command environment
[4.214s] INFO:colcon.colcon_ros.task.ament_cmake.build:Building ROS package in '/home/agilex/agilex_ws/src/navigation2/nav2_waypoint_follower' with build type 'ament_cmake'
[4.214s] INFO:colcon.colcon_cmake.task.cmake.build:Building CMake package in '/home/agilex/agilex_ws/src/navigation2/nav2_waypoint_follower'
[4.218s] INFO:colcon.colcon_core.shell:Skip shell extension 'powershell' for command environment: Not usable outside of PowerShell
[4.218s] DEBUG:colcon.colcon_core.shell:Skip shell extension 'dsv' for command environment
[4.223s] INFO:colcon.colcon_ros.task.ament_cmake.build:Building ROS package in '/home/agilex/agilex_ws/src/navigation2/nav2_behaviors' with build type 'ament_cmake'
[4.223s] INFO:colcon.colcon_cmake.task.cmake.build:Building CMake package in '/home/agilex/agilex_ws/src/navigation2/nav2_behaviors'
[4.227s] INFO:colcon.colcon_core.shell:Skip shell extension 'powershell' for command environment: Not usable outside of PowerShell
[4.227s] DEBUG:colcon.colcon_core.shell:Skip shell extension 'dsv' for command environment
[4.231s] INFO:colcon.colcon_ros.task.ament_cmake.build:Building ROS package in '/home/agilex/agilex_ws/src/navigation2/nav2_navfn_planner' with build type 'ament_cmake'
[4.232s] INFO:colcon.colcon_cmake.task.cmake.build:Building CMake package in '/home/agilex/agilex_ws/src/navigation2/nav2_navfn_planner'
[4.235s] INFO:colcon.colcon_core.shell:Skip shell extension 'powershell' for command environment: Not usable outside of PowerShell
[4.235s] DEBUG:colcon.colcon_core.shell:Skip shell extension 'dsv' for command environment
[4.239s] INFO:colcon.colcon_ros.task.ament_cmake.build:Building ROS package in '/home/agilex/agilex_ws/src/navigation2/nav2_smac_planner' with build type 'ament_cmake'
[4.239s] INFO:colcon.colcon_cmake.task.cmake.build:Building CMake package in '/home/agilex/agilex_ws/src/navigation2/nav2_smac_planner'
[4.242s] INFO:colcon.colcon_core.shell:Skip shell extension 'powershell' for command environment: Not usable outside of PowerShell
[4.242s] DEBUG:colcon.colcon_core.shell:Skip shell extension 'dsv' for command environment
[4.247s] INFO:colcon.colcon_ros.task.ament_cmake.build:Building ROS package in '/home/agilex/agilex_ws/src/navigation2/nav2_smoother' with build type 'ament_cmake'
[4.247s] INFO:colcon.colcon_cmake.task.cmake.build:Building CMake package in '/home/agilex/agilex_ws/src/navigation2/nav2_smoother'
[4.251s] INFO:colcon.colcon_core.shell:Skip shell extension 'powershell' for command environment: Not usable outside of PowerShell
[4.251s] DEBUG:colcon.colcon_core.shell:Skip shell extension 'dsv' for command environment
[4.256s] INFO:colcon.colcon_ros.task.ament_cmake.build:Building ROS package in '/home/agilex/agilex_ws/src/navigation2/nav2_theta_star_planner' with build type 'ament_cmake'
[4.256s] INFO:colcon.colcon_cmake.task.cmake.build:Building CMake package in '/home/agilex/agilex_ws/src/navigation2/nav2_theta_star_planner'
[4.260s] INFO:colcon.colcon_core.shell:Skip shell extension 'powershell' for command environment: Not usable outside of PowerShell
[4.260s] DEBUG:colcon.colcon_core.shell:Skip shell extension 'dsv' for command environment
[4.265s] INFO:colcon.colcon_ros.task.ament_cmake.build:Building ROS package in '/home/agilex/agilex_ws/src/navigation2/nav2_constrained_smoother' with build type 'ament_cmake'
[4.265s] INFO:colcon.colcon_cmake.task.cmake.build:Building CMake package in '/home/agilex/agilex_ws/src/navigation2/nav2_constrained_smoother'
[4.269s] INFO:colcon.colcon_core.shell:Skip shell extension 'powershell' for command environment: Not usable outside of PowerShell
[4.269s] DEBUG:colcon.colcon_core.shell:Skip shell extension 'dsv' for command environment
[4.274s] DEBUG:colcon.colcon_core.event_handler.log_command:Invoked command in '/home/agilex/agilex_ws/build/costmap_converter' returned '0': AMENT_PREFIX_PATH=/home/agilex/agilex_ws/install/nav2_costmap_2d:/home/agilex/agilex_ws/install/nav2_util:/home/agilex/agilex_ws/install/nav2_voxel_grid:/home/agilex/agilex_ws/install/nav2_msgs:/home/agilex/agilex_ws/install/nav2_common:/home/agilex/agilex_ws/install/costmap_converter_msgs CMAKE_PREFIX_PATH=/home/agilex/agilex_ws/install/nav2_costmap_2d:/home/agilex/agilex_ws/install/nav2_util:/home/agilex/agilex_ws/install/nav2_voxel_grid:/home/agilex/agilex_ws/install/nav2_msgs:/home/agilex/agilex_ws/install/nav2_common:/home/agilex/agilex_ws/install/costmap_converter_msgs LD_LIBRARY_PATH=/home/agilex/agilex_ws/install/nav2_costmap_2d/lib:/home/agilex/agilex_ws/install/nav2_util/lib:/home/agilex/agilex_ws/install/nav2_voxel_grid/lib:/home/agilex/agilex_ws/install/nav2_msgs/lib:/home/agilex/agilex_ws/install/costmap_converter_msgs/lib PYTHONPATH=/home/agilex/agilex_ws/install/nav2_msgs/local/lib/python3.10/dist-packages:/home/agilex/agilex_ws/install/nav2_common/local/lib/python3.10/dist-packages:/home/agilex/agilex_ws/install/costmap_converter_msgs/local/lib/python3.10/dist-packages /usr/bin/cmake --build /home/agilex/agilex_ws/build/costmap_converter -- -j16 -l16
[4.276s] DEBUG:colcon.colcon_core.event_handler.log_command:Invoking command in '/home/agilex/agilex_ws/build/costmap_queue': AMENT_PREFIX_PATH=/home/agilex/agilex_ws/install/nav2_costmap_2d:/home/agilex/agilex_ws/install/nav2_util:/home/agilex/agilex_ws/install/nav2_voxel_grid:/home/agilex/agilex_ws/install/nav2_msgs:/home/agilex/agilex_ws/install/nav2_common CMAKE_PREFIX_PATH=/home/agilex/agilex_ws/install/nav2_costmap_2d:/home/agilex/agilex_ws/install/nav2_util:/home/agilex/agilex_ws/install/nav2_voxel_grid:/home/agilex/agilex_ws/install/nav2_msgs:/home/agilex/agilex_ws/install/nav2_common LD_LIBRARY_PATH=/home/agilex/agilex_ws/install/nav2_costmap_2d/lib:/home/agilex/agilex_ws/install/nav2_util/lib:/home/agilex/agilex_ws/install/nav2_voxel_grid/lib:/home/agilex/agilex_ws/install/nav2_msgs/lib PYTHONPATH=/home/agilex/agilex_ws/install/nav2_msgs/local/lib/python3.10/dist-packages:/home/agilex/agilex_ws/install/nav2_common/local/lib/python3.10/dist-packages /usr/bin/cmake --install /home/agilex/agilex_ws/build/costmap_queue
[4.279s] DEBUG:colcon.colcon_core.event_handler.log_command:Invoking command in '/home/agilex/agilex_ws/build/dwb_core': AMENT_PREFIX_PATH=/home/agilex/agilex_ws/install/nav2_core:/home/agilex/agilex_ws/install/nav2_costmap_2d:/home/agilex/agilex_ws/install/nav_2d_utils:/home/agilex/agilex_ws/install/nav2_util:/home/agilex/agilex_ws/install/nav2_voxel_grid:/home/agilex/agilex_ws/install/nav2_msgs:/home/agilex/agilex_ws/install/dwb_msgs:/home/agilex/agilex_ws/install/nav_2d_msgs:/home/agilex/agilex_ws/install/nav2_common CMAKE_PREFIX_PATH=/home/agilex/agilex_ws/install/nav2_core:/home/agilex/agilex_ws/install/nav2_costmap_2d:/home/agilex/agilex_ws/install/nav_2d_utils:/home/agilex/agilex_ws/install/nav2_util:/home/agilex/agilex_ws/install/nav2_voxel_grid:/home/agilex/agilex_ws/install/nav2_msgs:/home/agilex/agilex_ws/install/dwb_msgs:/home/agilex/agilex_ws/install/nav_2d_msgs:/home/agilex/agilex_ws/install/nav2_common LD_LIBRARY_PATH=/home/agilex/agilex_ws/install/nav2_costmap_2d/lib:/home/agilex/agilex_ws/install/nav_2d_utils/lib:/home/agilex/agilex_ws/install/nav2_util/lib:/home/agilex/agilex_ws/install/nav2_voxel_grid/lib:/home/agilex/agilex_ws/install/nav2_msgs/lib:/home/agilex/agilex_ws/install/dwb_msgs/lib:/home/agilex/agilex_ws/install/nav_2d_msgs/lib PYTHONPATH=/home/agilex/agilex_ws/install/nav2_msgs/local/lib/python3.10/dist-packages:/home/agilex/agilex_ws/install/dwb_msgs/local/lib/python3.10/dist-packages:/home/agilex/agilex_ws/install/nav_2d_msgs/local/lib/python3.10/dist-packages:/home/agilex/agilex_ws/install/nav2_common/local/lib/python3.10/dist-packages /usr/bin/cmake --build /home/agilex/agilex_ws/build/dwb_core -- -j16 -l16
[4.282s] DEBUG:colcon.colcon_core.event_handler.log_command:Invoking command in '/home/agilex/agilex_ws/build/nav2_controller': AMENT_PREFIX_PATH=/home/agilex/agilex_ws/install/nav2_core:/home/agilex/agilex_ws/install/nav2_costmap_2d:/home/agilex/agilex_ws/install/nav_2d_utils:/home/agilex/agilex_ws/install/nav2_util:/home/agilex/agilex_ws/install/nav2_voxel_grid:/home/agilex/agilex_ws/install/nav2_msgs:/home/agilex/agilex_ws/install/nav_2d_msgs:/home/agilex/agilex_ws/install/nav2_common CMAKE_PREFIX_PATH=/home/agilex/agilex_ws/install/nav2_core:/home/agilex/agilex_ws/install/nav2_costmap_2d:/home/agilex/agilex_ws/install/nav_2d_utils:/home/agilex/agilex_ws/install/nav2_util:/home/agilex/agilex_ws/install/nav2_voxel_grid:/home/agilex/agilex_ws/install/nav2_msgs:/home/agilex/agilex_ws/install/nav_2d_msgs:/home/agilex/agilex_ws/install/nav2_common LD_LIBRARY_PATH=/home/agilex/agilex_ws/install/nav2_costmap_2d/lib:/home/agilex/agilex_ws/install/nav_2d_utils/lib:/home/agilex/agilex_ws/install/nav2_util/lib:/home/agilex/agilex_ws/install/nav2_voxel_grid/lib:/home/agilex/agilex_ws/install/nav2_msgs/lib:/home/agilex/agilex_ws/install/nav_2d_msgs/lib PYTHONPATH=/home/agilex/agilex_ws/install/nav2_msgs/local/lib/python3.10/dist-packages:/home/agilex/agilex_ws/install/nav_2d_msgs/local/lib/python3.10/dist-packages:/home/agilex/agilex_ws/install/nav2_common/local/lib/python3.10/dist-packages /usr/bin/cmake --build /home/agilex/agilex_ws/build/nav2_controller -- -j16 -l16
[4.284s] DEBUG:colcon.colcon_core.event_handler.log_command:Invoking command in '/home/agilex/agilex_ws/build/nav2_bt_navigator': AMENT_PREFIX_PATH=/home/agilex/agilex_ws/install/nav2_core:/home/agilex/agilex_ws/install/nav2_costmap_2d:/home/agilex/agilex_ws/install/nav2_behavior_tree:/home/agilex/agilex_ws/install/nav2_util:/home/agilex/agilex_ws/install/nav2_voxel_grid:/home/agilex/agilex_ws/install/nav2_msgs:/home/agilex/agilex_ws/install/nav2_common CMAKE_PREFIX_PATH=/home/agilex/agilex_ws/install/nav2_core:/home/agilex/agilex_ws/install/nav2_costmap_2d:/home/agilex/agilex_ws/install/nav2_behavior_tree:/home/agilex/agilex_ws/install/nav2_util:/home/agilex/agilex_ws/install/nav2_voxel_grid:/home/agilex/agilex_ws/install/nav2_msgs:/home/agilex/agilex_ws/install/nav2_common LD_LIBRARY_PATH=/home/agilex/agilex_ws/install/nav2_costmap_2d/lib:/home/agilex/agilex_ws/install/nav2_behavior_tree/lib:/home/agilex/agilex_ws/install/nav2_util/lib:/home/agilex/agilex_ws/install/nav2_voxel_grid/lib:/home/agilex/agilex_ws/install/nav2_msgs/lib PYTHONPATH=/home/agilex/agilex_ws/install/nav2_msgs/local/lib/python3.10/dist-packages:/home/agilex/agilex_ws/install/nav2_common/local/lib/python3.10/dist-packages /usr/bin/cmake --build /home/agilex/agilex_ws/build/nav2_bt_navigator -- -j16 -l16
[4.287s] DEBUG:colcon.colcon_core.event_handler.log_command:Invoking command in '/home/agilex/agilex_ws/build/nav2_planner': AMENT_PREFIX_PATH=/home/agilex/agilex_ws/install/nav2_core:/home/agilex/agilex_ws/install/nav2_costmap_2d:/home/agilex/agilex_ws/install/nav2_util:/home/agilex/agilex_ws/install/nav2_voxel_grid:/home/agilex/agilex_ws/install/nav2_msgs:/home/agilex/agilex_ws/install/nav2_common CMAKE_PREFIX_PATH=/home/agilex/agilex_ws/install/nav2_core:/home/agilex/agilex_ws/install/nav2_costmap_2d:/home/agilex/agilex_ws/install/nav2_util:/home/agilex/agilex_ws/install/nav2_voxel_grid:/home/agilex/agilex_ws/install/nav2_msgs:/home/agilex/agilex_ws/install/nav2_common LD_LIBRARY_PATH=/home/agilex/agilex_ws/install/nav2_costmap_2d/lib:/home/agilex/agilex_ws/install/nav2_util/lib:/home/agilex/agilex_ws/install/nav2_voxel_grid/lib:/home/agilex/agilex_ws/install/nav2_msgs/lib PYTHONPATH=/home/agilex/agilex_ws/install/nav2_msgs/local/lib/python3.10/dist-packages:/home/agilex/agilex_ws/install/nav2_common/local/lib/python3.10/dist-packages /usr/bin/cmake --build /home/agilex/agilex_ws/build/nav2_planner -- -j16 -l16
[4.289s] DEBUG:colcon.colcon_core.event_handler.log_command:Invoking command in '/home/agilex/agilex_ws/build/nav2_regulated_pure_pursuit_controller': AMENT_PREFIX_PATH=/home/agilex/agilex_ws/install/nav2_core:/home/agilex/agilex_ws/install/nav2_costmap_2d:/home/agilex/agilex_ws/install/nav2_util:/home/agilex/agilex_ws/install/nav2_voxel_grid:/home/agilex/agilex_ws/install/nav2_msgs:/home/agilex/agilex_ws/install/nav2_common CMAKE_PREFIX_PATH=/home/agilex/agilex_ws/install/nav2_core:/home/agilex/agilex_ws/install/nav2_costmap_2d:/home/agilex/agilex_ws/install/nav2_util:/home/agilex/agilex_ws/install/nav2_voxel_grid:/home/agilex/agilex_ws/install/nav2_msgs:/home/agilex/agilex_ws/install/nav2_common LD_LIBRARY_PATH=/home/agilex/agilex_ws/install/nav2_costmap_2d/lib:/home/agilex/agilex_ws/install/nav2_util/lib:/home/agilex/agilex_ws/install/nav2_voxel_grid/lib:/home/agilex/agilex_ws/install/nav2_msgs/lib PYTHONPATH=/home/agilex/agilex_ws/install/nav2_msgs/local/lib/python3.10/dist-packages:/home/agilex/agilex_ws/install/nav2_common/local/lib/python3.10/dist-packages /usr/bin/cmake --build /home/agilex/agilex_ws/build/nav2_regulated_pure_pursuit_controller -- -j16 -l16
[4.291s] DEBUG:colcon.colcon_core.event_handler.log_command:Invoking command in '/home/agilex/agilex_ws/build/nav2_waypoint_follower': AMENT_PREFIX_PATH=/home/agilex/agilex_ws/install/nav2_core:/home/agilex/agilex_ws/install/nav2_costmap_2d:/home/agilex/agilex_ws/install/nav2_util:/home/agilex/agilex_ws/install/nav2_voxel_grid:/home/agilex/agilex_ws/install/nav2_msgs:/home/agilex/agilex_ws/install/nav2_common CMAKE_PREFIX_PATH=/home/agilex/agilex_ws/install/nav2_core:/home/agilex/agilex_ws/install/nav2_costmap_2d:/home/agilex/agilex_ws/install/nav2_util:/home/agilex/agilex_ws/install/nav2_voxel_grid:/home/agilex/agilex_ws/install/nav2_msgs:/home/agilex/agilex_ws/install/nav2_common LD_LIBRARY_PATH=/home/agilex/agilex_ws/install/nav2_costmap_2d/lib:/home/agilex/agilex_ws/install/nav2_util/lib:/home/agilex/agilex_ws/install/nav2_voxel_grid/lib:/home/agilex/agilex_ws/install/nav2_msgs/lib PYTHONPATH=/home/agilex/agilex_ws/install/nav2_msgs/local/lib/python3.10/dist-packages:/home/agilex/agilex_ws/install/nav2_common/local/lib/python3.10/dist-packages /usr/bin/cmake --build /home/agilex/agilex_ws/build/nav2_waypoint_follower -- -j16 -l16
[4.295s] DEBUG:colcon.colcon_core.event_handler.log_command:Invoking command in '/home/agilex/agilex_ws/build/nav2_behaviors': AMENT_PREFIX_PATH=/home/agilex/agilex_ws/install/nav2_core:/home/agilex/agilex_ws/install/nav2_costmap_2d:/home/agilex/agilex_ws/install/nav2_behavior_tree:/home/agilex/agilex_ws/install/nav2_util:/home/agilex/agilex_ws/install/nav2_voxel_grid:/home/agilex/agilex_ws/install/nav2_msgs:/home/agilex/agilex_ws/install/nav2_common CMAKE_PREFIX_PATH=/home/agilex/agilex_ws/install/nav2_core:/home/agilex/agilex_ws/install/nav2_costmap_2d:/home/agilex/agilex_ws/install/nav2_behavior_tree:/home/agilex/agilex_ws/install/nav2_util:/home/agilex/agilex_ws/install/nav2_voxel_grid:/home/agilex/agilex_ws/install/nav2_msgs:/home/agilex/agilex_ws/install/nav2_common LD_LIBRARY_PATH=/home/agilex/agilex_ws/install/nav2_costmap_2d/lib:/home/agilex/agilex_ws/install/nav2_behavior_tree/lib:/home/agilex/agilex_ws/install/nav2_util/lib:/home/agilex/agilex_ws/install/nav2_voxel_grid/lib:/home/agilex/agilex_ws/install/nav2_msgs/lib PYTHONPATH=/home/agilex/agilex_ws/install/nav2_msgs/local/lib/python3.10/dist-packages:/home/agilex/agilex_ws/install/nav2_common/local/lib/python3.10/dist-packages /usr/bin/cmake --build /home/agilex/agilex_ws/build/nav2_behaviors -- -j16 -l16
[4.298s] DEBUG:colcon.colcon_core.event_handler.log_command:Invoking command in '/home/agilex/agilex_ws/build/nav2_navfn_planner': AMENT_PREFIX_PATH=/home/agilex/agilex_ws/install/nav2_core:/home/agilex/agilex_ws/install/nav2_costmap_2d:/home/agilex/agilex_ws/install/nav2_util:/home/agilex/agilex_ws/install/nav2_voxel_grid:/home/agilex/agilex_ws/install/nav2_msgs:/home/agilex/agilex_ws/install/nav2_common CMAKE_PREFIX_PATH=/home/agilex/agilex_ws/install/nav2_core:/home/agilex/agilex_ws/install/nav2_costmap_2d:/home/agilex/agilex_ws/install/nav2_util:/home/agilex/agilex_ws/install/nav2_voxel_grid:/home/agilex/agilex_ws/install/nav2_msgs:/home/agilex/agilex_ws/install/nav2_common LD_LIBRARY_PATH=/home/agilex/agilex_ws/install/nav2_costmap_2d/lib:/home/agilex/agilex_ws/install/nav2_util/lib:/home/agilex/agilex_ws/install/nav2_voxel_grid/lib:/home/agilex/agilex_ws/install/nav2_msgs/lib PYTHONPATH=/home/agilex/agilex_ws/install/nav2_msgs/local/lib/python3.10/dist-packages:/home/agilex/agilex_ws/install/nav2_common/local/lib/python3.10/dist-packages /usr/bin/cmake --build /home/agilex/agilex_ws/build/nav2_navfn_planner -- -j16 -l16
[4.301s] DEBUG:colcon.colcon_core.event_handler.log_command:Invoking command in '/home/agilex/agilex_ws/build/nav2_smac_planner': AMENT_PREFIX_PATH=/home/agilex/agilex_ws/install/nav2_core:/home/agilex/agilex_ws/install/nav2_costmap_2d:/home/agilex/agilex_ws/install/nav2_util:/home/agilex/agilex_ws/install/nav2_voxel_grid:/home/agilex/agilex_ws/install/nav2_msgs:/home/agilex/agilex_ws/install/nav2_common CMAKE_PREFIX_PATH=/home/agilex/agilex_ws/install/nav2_core:/home/agilex/agilex_ws/install/nav2_costmap_2d:/home/agilex/agilex_ws/install/nav2_util:/home/agilex/agilex_ws/install/nav2_voxel_grid:/home/agilex/agilex_ws/install/nav2_msgs:/home/agilex/agilex_ws/install/nav2_common LD_LIBRARY_PATH=/home/agilex/agilex_ws/install/nav2_costmap_2d/lib:/home/agilex/agilex_ws/install/nav2_util/lib:/home/agilex/agilex_ws/install/nav2_voxel_grid/lib:/home/agilex/agilex_ws/install/nav2_msgs/lib PYTHONPATH=/home/agilex/agilex_ws/install/nav2_msgs/local/lib/python3.10/dist-packages:/home/agilex/agilex_ws/install/nav2_common/local/lib/python3.10/dist-packages /usr/bin/cmake --build /home/agilex/agilex_ws/build/nav2_smac_planner -- -j16 -l16
[4.303s] DEBUG:colcon.colcon_core.event_handler.log_command:Invoking command in '/home/agilex/agilex_ws/build/nav2_smoother': AMENT_PREFIX_PATH=/home/agilex/agilex_ws/install/nav2_core:/home/agilex/agilex_ws/install/nav2_costmap_2d:/home/agilex/agilex_ws/install/nav_2d_utils:/home/agilex/agilex_ws/install/nav2_util:/home/agilex/agilex_ws/install/nav2_voxel_grid:/home/agilex/agilex_ws/install/nav2_msgs:/home/agilex/agilex_ws/install/nav_2d_msgs:/home/agilex/agilex_ws/install/nav2_common CMAKE_PREFIX_PATH=/home/agilex/agilex_ws/install/nav2_core:/home/agilex/agilex_ws/install/nav2_costmap_2d:/home/agilex/agilex_ws/install/nav_2d_utils:/home/agilex/agilex_ws/install/nav2_util:/home/agilex/agilex_ws/install/nav2_voxel_grid:/home/agilex/agilex_ws/install/nav2_msgs:/home/agilex/agilex_ws/install/nav_2d_msgs:/home/agilex/agilex_ws/install/nav2_common LD_LIBRARY_PATH=/home/agilex/agilex_ws/install/nav2_costmap_2d/lib:/home/agilex/agilex_ws/install/nav_2d_utils/lib:/home/agilex/agilex_ws/install/nav2_util/lib:/home/agilex/agilex_ws/install/nav2_voxel_grid/lib:/home/agilex/agilex_ws/install/nav2_msgs/lib:/home/agilex/agilex_ws/install/nav_2d_msgs/lib PYTHONPATH=/home/agilex/agilex_ws/install/nav2_msgs/local/lib/python3.10/dist-packages:/home/agilex/agilex_ws/install/nav_2d_msgs/local/lib/python3.10/dist-packages:/home/agilex/agilex_ws/install/nav2_common/local/lib/python3.10/dist-packages /usr/bin/cmake --build /home/agilex/agilex_ws/build/nav2_smoother -- -j16 -l16
[4.309s] DEBUG:colcon.colcon_core.event_handler.log_command:Invoking command in '/home/agilex/agilex_ws/build/nav2_theta_star_planner': AMENT_PREFIX_PATH=/home/agilex/agilex_ws/install/nav2_core:/home/agilex/agilex_ws/install/nav2_costmap_2d:/home/agilex/agilex_ws/install/nav2_util:/home/agilex/agilex_ws/install/nav2_voxel_grid:/home/agilex/agilex_ws/install/nav2_msgs:/home/agilex/agilex_ws/install/nav2_common CMAKE_PREFIX_PATH=/home/agilex/agilex_ws/install/nav2_core:/home/agilex/agilex_ws/install/nav2_costmap_2d:/home/agilex/agilex_ws/install/nav2_util:/home/agilex/agilex_ws/install/nav2_voxel_grid:/home/agilex/agilex_ws/install/nav2_msgs:/home/agilex/agilex_ws/install/nav2_common LD_LIBRARY_PATH=/home/agilex/agilex_ws/install/nav2_costmap_2d/lib:/home/agilex/agilex_ws/install/nav2_util/lib:/home/agilex/agilex_ws/install/nav2_voxel_grid/lib:/home/agilex/agilex_ws/install/nav2_msgs/lib PYTHONPATH=/home/agilex/agilex_ws/install/nav2_msgs/local/lib/python3.10/dist-packages:/home/agilex/agilex_ws/install/nav2_common/local/lib/python3.10/dist-packages /usr/bin/cmake --build /home/agilex/agilex_ws/build/nav2_theta_star_planner -- -j16 -l16
[4.318s] DEBUG:colcon.colcon_core.event_handler.log_command:Invoking command in '/home/agilex/agilex_ws/build/nav2_constrained_smoother': AMENT_PREFIX_PATH=/home/agilex/agilex_ws/install/nav2_core:/home/agilex/agilex_ws/install/nav2_costmap_2d:/home/agilex/agilex_ws/install/nav2_util:/home/agilex/agilex_ws/install/nav2_voxel_grid:/home/agilex/agilex_ws/install/nav2_msgs:/home/agilex/agilex_ws/install/nav2_common CMAKE_PREFIX_PATH=/home/agilex/agilex_ws/install/nav2_core:/home/agilex/agilex_ws/install/nav2_costmap_2d:/home/agilex/agilex_ws/install/nav2_util:/home/agilex/agilex_ws/install/nav2_voxel_grid:/home/agilex/agilex_ws/install/nav2_msgs:/home/agilex/agilex_ws/install/nav2_common LD_LIBRARY_PATH=/home/agilex/agilex_ws/install/nav2_costmap_2d/lib:/home/agilex/agilex_ws/install/nav2_util/lib:/home/agilex/agilex_ws/install/nav2_voxel_grid/lib:/home/agilex/agilex_ws/install/nav2_msgs/lib PYTHONPATH=/home/agilex/agilex_ws/install/nav2_msgs/local/lib/python3.10/dist-packages:/home/agilex/agilex_ws/install/nav2_common/local/lib/python3.10/dist-packages /usr/bin/cmake --build /home/agilex/agilex_ws/build/nav2_constrained_smoother -- -j16 -l16
[4.320s] Level 1:colcon.colcon_core.environment:create_environment_scripts_only(costmap_queue)
[4.327s] DEBUG:colcon.colcon_core.event_handler.log_command:Invoked command in '/home/agilex/agilex_ws/build/costmap_queue' returned '0': AMENT_PREFIX_PATH=/home/agilex/agilex_ws/install/nav2_costmap_2d:/home/agilex/agilex_ws/install/nav2_util:/home/agilex/agilex_ws/install/nav2_voxel_grid:/home/agilex/agilex_ws/install/nav2_msgs:/home/agilex/agilex_ws/install/nav2_common CMAKE_PREFIX_PATH=/home/agilex/agilex_ws/install/nav2_costmap_2d:/home/agilex/agilex_ws/install/nav2_util:/home/agilex/agilex_ws/install/nav2_voxel_grid:/home/agilex/agilex_ws/install/nav2_msgs:/home/agilex/agilex_ws/install/nav2_common LD_LIBRARY_PATH=/home/agilex/agilex_ws/install/nav2_costmap_2d/lib:/home/agilex/agilex_ws/install/nav2_util/lib:/home/agilex/agilex_ws/install/nav2_voxel_grid/lib:/home/agilex/agilex_ws/install/nav2_msgs/lib PYTHONPATH=/home/agilex/agilex_ws/install/nav2_msgs/local/lib/python3.10/dist-packages:/home/agilex/agilex_ws/install/nav2_common/local/lib/python3.10/dist-packages /usr/bin/cmake --install /home/agilex/agilex_ws/build/costmap_queue
[4.337s] Level 1:colcon.colcon_core.environment:checking '/home/agilex/agilex_ws/install/costmap_queue' for CMake module files
[4.338s] Level 1:colcon.colcon_core.environment:checking '/home/agilex/agilex_ws/install/costmap_queue' for CMake config files
[4.338s] Level 1:colcon.colcon_core.shell:create_environment_hook('costmap_queue', 'cmake_prefix_path')
[4.349s] INFO:colcon.colcon_core.shell:Creating environment hook '/home/agilex/agilex_ws/install/costmap_queue/share/costmap_queue/hook/cmake_prefix_path.ps1'
[4.350s] INFO:colcon.colcon_core.shell:Creating environment descriptor '/home/agilex/agilex_ws/install/costmap_queue/share/costmap_queue/hook/cmake_prefix_path.dsv'
[4.351s] INFO:colcon.colcon_core.shell:Creating environment hook '/home/agilex/agilex_ws/install/costmap_queue/share/costmap_queue/hook/cmake_prefix_path.sh'
[4.352s] Level 1:colcon.colcon_core.environment:checking '/home/agilex/agilex_ws/install/costmap_queue/lib'
[4.352s] Level 1:colcon.colcon_core.environment:checking '/home/agilex/agilex_ws/install/costmap_queue/bin'
[4.352s] Level 1:colcon.colcon_core.environment:checking '/home/agilex/agilex_ws/install/costmap_queue/lib/pkgconfig/costmap_queue.pc'
[4.352s] Level 1:colcon.colcon_core.environment:checking '/home/agilex/agilex_ws/install/costmap_queue/lib/python3.10/site-packages'
[4.353s] Level 1:colcon.colcon_core.environment:checking '/home/agilex/agilex_ws/install/costmap_queue/bin'
[4.369s] INFO:colcon.colcon_core.shell:Creating package script '/home/agilex/agilex_ws/install/costmap_queue/share/costmap_queue/package.ps1'
[4.370s] INFO:colcon.colcon_core.shell:Creating package descriptor '/home/agilex/agilex_ws/install/costmap_queue/share/costmap_queue/package.dsv'
[4.370s] INFO:colcon.colcon_core.shell:Creating package script '/home/agilex/agilex_ws/install/costmap_queue/share/costmap_queue/package.sh'
[4.374s] INFO:colcon.colcon_core.shell:Creating package script '/home/agilex/agilex_ws/install/costmap_queue/share/costmap_queue/package.bash'
[4.375s] INFO:colcon.colcon_core.shell:Creating package script '/home/agilex/agilex_ws/install/costmap_queue/share/costmap_queue/package.zsh'
[4.375s] Level 1:colcon.colcon_core.environment:create_file_with_runtime_dependencies(/home/agilex/agilex_ws/install/costmap_queue/share/colcon-core/packages/costmap_queue)
[4.386s] DEBUG:colcon.colcon_core.event_handler.log_command:Invoking command in '/home/agilex/agilex_ws/build/costmap_converter': AMENT_PREFIX_PATH=/home/agilex/agilex_ws/install/nav2_costmap_2d:/home/agilex/agilex_ws/install/nav2_util:/home/agilex/agilex_ws/install/nav2_voxel_grid:/home/agilex/agilex_ws/install/nav2_msgs:/home/agilex/agilex_ws/install/nav2_common:/home/agilex/agilex_ws/install/costmap_converter_msgs CMAKE_PREFIX_PATH=/home/agilex/agilex_ws/install/nav2_costmap_2d:/home/agilex/agilex_ws/install/nav2_util:/home/agilex/agilex_ws/install/nav2_voxel_grid:/home/agilex/agilex_ws/install/nav2_msgs:/home/agilex/agilex_ws/install/nav2_common:/home/agilex/agilex_ws/install/costmap_converter_msgs LD_LIBRARY_PATH=/home/agilex/agilex_ws/install/nav2_costmap_2d/lib:/home/agilex/agilex_ws/install/nav2_util/lib:/home/agilex/agilex_ws/install/nav2_voxel_grid/lib:/home/agilex/agilex_ws/install/nav2_msgs/lib:/home/agilex/agilex_ws/install/costmap_converter_msgs/lib PYTHONPATH=/home/agilex/agilex_ws/install/nav2_msgs/local/lib/python3.10/dist-packages:/home/agilex/agilex_ws/install/nav2_common/local/lib/python3.10/dist-packages:/home/agilex/agilex_ws/install/costmap_converter_msgs/local/lib/python3.10/dist-packages /usr/bin/cmake --install /home/agilex/agilex_ws/build/costmap_converter
[4.437s] DEBUG:colcon.colcon_core.event_handler.log_command:Invoked command in '/home/agilex/agilex_ws/build/dwb_core' returned '0': AMENT_PREFIX_PATH=/home/agilex/agilex_ws/install/nav2_core:/home/agilex/agilex_ws/install/nav2_costmap_2d:/home/agilex/agilex_ws/install/nav_2d_utils:/home/agilex/agilex_ws/install/nav2_util:/home/agilex/agilex_ws/install/nav2_voxel_grid:/home/agilex/agilex_ws/install/nav2_msgs:/home/agilex/agilex_ws/install/dwb_msgs:/home/agilex/agilex_ws/install/nav_2d_msgs:/home/agilex/agilex_ws/install/nav2_common CMAKE_PREFIX_PATH=/home/agilex/agilex_ws/install/nav2_core:/home/agilex/agilex_ws/install/nav2_costmap_2d:/home/agilex/agilex_ws/install/nav_2d_utils:/home/agilex/agilex_ws/install/nav2_util:/home/agilex/agilex_ws/install/nav2_voxel_grid:/home/agilex/agilex_ws/install/nav2_msgs:/home/agilex/agilex_ws/install/dwb_msgs:/home/agilex/agilex_ws/install/nav_2d_msgs:/home/agilex/agilex_ws/install/nav2_common LD_LIBRARY_PATH=/home/agilex/agilex_ws/install/nav2_costmap_2d/lib:/home/agilex/agilex_ws/install/nav_2d_utils/lib:/home/agilex/agilex_ws/install/nav2_util/lib:/home/agilex/agilex_ws/install/nav2_voxel_grid/lib:/home/agilex/agilex_ws/install/nav2_msgs/lib:/home/agilex/agilex_ws/install/dwb_msgs/lib:/home/agilex/agilex_ws/install/nav_2d_msgs/lib PYTHONPATH=/home/agilex/agilex_ws/install/nav2_msgs/local/lib/python3.10/dist-packages:/home/agilex/agilex_ws/install/dwb_msgs/local/lib/python3.10/dist-packages:/home/agilex/agilex_ws/install/nav_2d_msgs/local/lib/python3.10/dist-packages:/home/agilex/agilex_ws/install/nav2_common/local/lib/python3.10/dist-packages /usr/bin/cmake --build /home/agilex/agilex_ws/build/dwb_core -- -j16 -l16
[4.472s] Level 1:colcon.colcon_core.environment:create_environment_scripts_only(costmap_queue)
[4.492s] Level 1:colcon.colcon_core.environment:checking '/home/agilex/agilex_ws/install/costmap_queue' for CMake module files
[4.492s] Level 1:colcon.colcon_core.environment:checking '/home/agilex/agilex_ws/install/costmap_queue' for CMake config files
[4.493s] Level 1:colcon.colcon_core.shell:create_environment_hook('costmap_queue', 'cmake_prefix_path')
[4.505s] INFO:colcon.colcon_core.shell:Creating environment hook '/home/agilex/agilex_ws/install/costmap_queue/share/costmap_queue/hook/cmake_prefix_path.ps1'
[4.506s] INFO:colcon.colcon_core.shell:Creating environment descriptor '/home/agilex/agilex_ws/install/costmap_queue/share/costmap_queue/hook/cmake_prefix_path.dsv'
[4.506s] INFO:colcon.colcon_core.shell:Creating environment hook '/home/agilex/agilex_ws/install/costmap_queue/share/costmap_queue/hook/cmake_prefix_path.sh'
[4.507s] Level 1:colcon.colcon_core.environment:checking '/home/agilex/agilex_ws/install/costmap_queue/lib'
[4.507s] Level 1:colcon.colcon_core.environment:checking '/home/agilex/agilex_ws/install/costmap_queue/bin'
[4.507s] Level 1:colcon.colcon_core.environment:checking '/home/agilex/agilex_ws/install/costmap_queue/lib/pkgconfig/costmap_queue.pc'
[4.507s] Level 1:colcon.colcon_core.environment:checking '/home/agilex/agilex_ws/install/costmap_queue/lib/python3.10/site-packages'
[4.507s] Level 1:colcon.colcon_core.environment:checking '/home/agilex/agilex_ws/install/costmap_queue/bin'
[4.512s] INFO:colcon.colcon_core.shell:Creating package script '/home/agilex/agilex_ws/install/costmap_queue/share/costmap_queue/package.ps1'
[4.512s] INFO:colcon.colcon_core.shell:Creating package descriptor '/home/agilex/agilex_ws/install/costmap_queue/share/costmap_queue/package.dsv'
[4.512s] INFO:colcon.colcon_core.shell:Creating package script '/home/agilex/agilex_ws/install/costmap_queue/share/costmap_queue/package.sh'
[4.513s] INFO:colcon.colcon_core.shell:Creating package script '/home/agilex/agilex_ws/install/costmap_queue/share/costmap_queue/package.bash'
[4.513s] INFO:colcon.colcon_core.shell:Creating package script '/home/agilex/agilex_ws/install/costmap_queue/share/costmap_queue/package.zsh'
[4.513s] Level 1:colcon.colcon_core.environment:create_file_with_runtime_dependencies(/home/agilex/agilex_ws/install/costmap_queue/share/colcon-core/packages/costmap_queue)
[4.521s] Level 1:colcon.colcon_core.environment:create_environment_scripts_only(costmap_converter)
[4.523s] DEBUG:colcon.colcon_core.event_handler.log_command:Invoked command in '/home/agilex/agilex_ws/build/nav2_regulated_pure_pursuit_controller' returned '0': AMENT_PREFIX_PATH=/home/agilex/agilex_ws/install/nav2_core:/home/agilex/agilex_ws/install/nav2_costmap_2d:/home/agilex/agilex_ws/install/nav2_util:/home/agilex/agilex_ws/install/nav2_voxel_grid:/home/agilex/agilex_ws/install/nav2_msgs:/home/agilex/agilex_ws/install/nav2_common CMAKE_PREFIX_PATH=/home/agilex/agilex_ws/install/nav2_core:/home/agilex/agilex_ws/install/nav2_costmap_2d:/home/agilex/agilex_ws/install/nav2_util:/home/agilex/agilex_ws/install/nav2_voxel_grid:/home/agilex/agilex_ws/install/nav2_msgs:/home/agilex/agilex_ws/install/nav2_common LD_LIBRARY_PATH=/home/agilex/agilex_ws/install/nav2_costmap_2d/lib:/home/agilex/agilex_ws/install/nav2_util/lib:/home/agilex/agilex_ws/install/nav2_voxel_grid/lib:/home/agilex/agilex_ws/install/nav2_msgs/lib PYTHONPATH=/home/agilex/agilex_ws/install/nav2_msgs/local/lib/python3.10/dist-packages:/home/agilex/agilex_ws/install/nav2_common/local/lib/python3.10/dist-packages /usr/bin/cmake --build /home/agilex/agilex_ws/build/nav2_regulated_pure_pursuit_controller -- -j16 -l16
[4.523s] DEBUG:colcon.colcon_core.event_handler.log_command:Invoked command in '/home/agilex/agilex_ws/build/nav2_bt_navigator' returned '0': AMENT_PREFIX_PATH=/home/agilex/agilex_ws/install/nav2_core:/home/agilex/agilex_ws/install/nav2_costmap_2d:/home/agilex/agilex_ws/install/nav2_behavior_tree:/home/agilex/agilex_ws/install/nav2_util:/home/agilex/agilex_ws/install/nav2_voxel_grid:/home/agilex/agilex_ws/install/nav2_msgs:/home/agilex/agilex_ws/install/nav2_common CMAKE_PREFIX_PATH=/home/agilex/agilex_ws/install/nav2_core:/home/agilex/agilex_ws/install/nav2_costmap_2d:/home/agilex/agilex_ws/install/nav2_behavior_tree:/home/agilex/agilex_ws/install/nav2_util:/home/agilex/agilex_ws/install/nav2_voxel_grid:/home/agilex/agilex_ws/install/nav2_msgs:/home/agilex/agilex_ws/install/nav2_common LD_LIBRARY_PATH=/home/agilex/agilex_ws/install/nav2_costmap_2d/lib:/home/agilex/agilex_ws/install/nav2_behavior_tree/lib:/home/agilex/agilex_ws/install/nav2_util/lib:/home/agilex/agilex_ws/install/nav2_voxel_grid/lib:/home/agilex/agilex_ws/install/nav2_msgs/lib PYTHONPATH=/home/agilex/agilex_ws/install/nav2_msgs/local/lib/python3.10/dist-packages:/home/agilex/agilex_ws/install/nav2_common/local/lib/python3.10/dist-packages /usr/bin/cmake --build /home/agilex/agilex_ws/build/nav2_bt_navigator -- -j16 -l16
[4.524s] DEBUG:colcon.colcon_core.event_handler.log_command:Invoked command in '/home/agilex/agilex_ws/build/nav2_waypoint_follower' returned '0': AMENT_PREFIX_PATH=/home/agilex/agilex_ws/install/nav2_core:/home/agilex/agilex_ws/install/nav2_costmap_2d:/home/agilex/agilex_ws/install/nav2_util:/home/agilex/agilex_ws/install/nav2_voxel_grid:/home/agilex/agilex_ws/install/nav2_msgs:/home/agilex/agilex_ws/install/nav2_common CMAKE_PREFIX_PATH=/home/agilex/agilex_ws/install/nav2_core:/home/agilex/agilex_ws/install/nav2_costmap_2d:/home/agilex/agilex_ws/install/nav2_util:/home/agilex/agilex_ws/install/nav2_voxel_grid:/home/agilex/agilex_ws/install/nav2_msgs:/home/agilex/agilex_ws/install/nav2_common LD_LIBRARY_PATH=/home/agilex/agilex_ws/install/nav2_costmap_2d/lib:/home/agilex/agilex_ws/install/nav2_util/lib:/home/agilex/agilex_ws/install/nav2_voxel_grid/lib:/home/agilex/agilex_ws/install/nav2_msgs/lib PYTHONPATH=/home/agilex/agilex_ws/install/nav2_msgs/local/lib/python3.10/dist-packages:/home/agilex/agilex_ws/install/nav2_common/local/lib/python3.10/dist-packages /usr/bin/cmake --build /home/agilex/agilex_ws/build/nav2_waypoint_follower -- -j16 -l16
[4.524s] DEBUG:colcon.colcon_core.event_handler.log_command:Invoked command in '/home/agilex/agilex_ws/build/nav2_navfn_planner' returned '0': AMENT_PREFIX_PATH=/home/agilex/agilex_ws/install/nav2_core:/home/agilex/agilex_ws/install/nav2_costmap_2d:/home/agilex/agilex_ws/install/nav2_util:/home/agilex/agilex_ws/install/nav2_voxel_grid:/home/agilex/agilex_ws/install/nav2_msgs:/home/agilex/agilex_ws/install/nav2_common CMAKE_PREFIX_PATH=/home/agilex/agilex_ws/install/nav2_core:/home/agilex/agilex_ws/install/nav2_costmap_2d:/home/agilex/agilex_ws/install/nav2_util:/home/agilex/agilex_ws/install/nav2_voxel_grid:/home/agilex/agilex_ws/install/nav2_msgs:/home/agilex/agilex_ws/install/nav2_common LD_LIBRARY_PATH=/home/agilex/agilex_ws/install/nav2_costmap_2d/lib:/home/agilex/agilex_ws/install/nav2_util/lib:/home/agilex/agilex_ws/install/nav2_voxel_grid/lib:/home/agilex/agilex_ws/install/nav2_msgs/lib PYTHONPATH=/home/agilex/agilex_ws/install/nav2_msgs/local/lib/python3.10/dist-packages:/home/agilex/agilex_ws/install/nav2_common/local/lib/python3.10/dist-packages /usr/bin/cmake --build /home/agilex/agilex_ws/build/nav2_navfn_planner -- -j16 -l16
[4.524s] DEBUG:colcon.colcon_core.event_handler.log_command:Invoked command in '/home/agilex/agilex_ws/build/costmap_converter' returned '0': AMENT_PREFIX_PATH=/home/agilex/agilex_ws/install/nav2_costmap_2d:/home/agilex/agilex_ws/install/nav2_util:/home/agilex/agilex_ws/install/nav2_voxel_grid:/home/agilex/agilex_ws/install/nav2_msgs:/home/agilex/agilex_ws/install/nav2_common:/home/agilex/agilex_ws/install/costmap_converter_msgs CMAKE_PREFIX_PATH=/home/agilex/agilex_ws/install/nav2_costmap_2d:/home/agilex/agilex_ws/install/nav2_util:/home/agilex/agilex_ws/install/nav2_voxel_grid:/home/agilex/agilex_ws/install/nav2_msgs:/home/agilex/agilex_ws/install/nav2_common:/home/agilex/agilex_ws/install/costmap_converter_msgs LD_LIBRARY_PATH=/home/agilex/agilex_ws/install/nav2_costmap_2d/lib:/home/agilex/agilex_ws/install/nav2_util/lib:/home/agilex/agilex_ws/install/nav2_voxel_grid/lib:/home/agilex/agilex_ws/install/nav2_msgs/lib:/home/agilex/agilex_ws/install/costmap_converter_msgs/lib PYTHONPATH=/home/agilex/agilex_ws/install/nav2_msgs/local/lib/python3.10/dist-packages:/home/agilex/agilex_ws/install/nav2_common/local/lib/python3.10/dist-packages:/home/agilex/agilex_ws/install/costmap_converter_msgs/local/lib/python3.10/dist-packages /usr/bin/cmake --install /home/agilex/agilex_ws/build/costmap_converter
[4.531s] Level 1:colcon.colcon_core.environment:checking '/home/agilex/agilex_ws/install/costmap_converter' for CMake module files
[4.532s] Level 1:colcon.colcon_core.environment:checking '/home/agilex/agilex_ws/install/costmap_converter' for CMake config files
[4.532s] Level 1:colcon.colcon_core.shell:create_environment_hook('costmap_converter', 'cmake_prefix_path')
[4.540s] INFO:colcon.colcon_core.shell:Creating environment hook '/home/agilex/agilex_ws/install/costmap_converter/share/costmap_converter/hook/cmake_prefix_path.ps1'
[4.541s] INFO:colcon.colcon_core.shell:Creating environment descriptor '/home/agilex/agilex_ws/install/costmap_converter/share/costmap_converter/hook/cmake_prefix_path.dsv'
[4.541s] INFO:colcon.colcon_core.shell:Creating environment hook '/home/agilex/agilex_ws/install/costmap_converter/share/costmap_converter/hook/cmake_prefix_path.sh'
[4.541s] Level 1:colcon.colcon_core.environment:checking '/home/agilex/agilex_ws/install/costmap_converter/lib'
[4.541s] Level 1:colcon.colcon_core.shell:create_environment_hook('costmap_converter', 'ld_library_path_lib')
[4.547s] INFO:colcon.colcon_core.shell:Creating environment hook '/home/agilex/agilex_ws/install/costmap_converter/share/costmap_converter/hook/ld_library_path_lib.ps1'
[4.547s] INFO:colcon.colcon_core.shell:Creating environment descriptor '/home/agilex/agilex_ws/install/costmap_converter/share/costmap_converter/hook/ld_library_path_lib.dsv'
[4.547s] INFO:colcon.colcon_core.shell:Creating environment hook '/home/agilex/agilex_ws/install/costmap_converter/share/costmap_converter/hook/ld_library_path_lib.sh'
[4.548s] Level 1:colcon.colcon_core.environment:checking '/home/agilex/agilex_ws/install/costmap_converter/bin'
[4.548s] Level 1:colcon.colcon_core.shell:create_environment_hook('costmap_converter', 'path')
[4.551s] INFO:colcon.colcon_core.shell:Creating environment hook '/home/agilex/agilex_ws/install/costmap_converter/share/costmap_converter/hook/path.ps1'
[4.551s] INFO:colcon.colcon_core.shell:Creating environment descriptor '/home/agilex/agilex_ws/install/costmap_converter/share/costmap_converter/hook/path.dsv'
[4.551s] INFO:colcon.colcon_core.shell:Creating environment hook '/home/agilex/agilex_ws/install/costmap_converter/share/costmap_converter/hook/path.sh'
[4.551s] Level 1:colcon.colcon_core.environment:checking '/home/agilex/agilex_ws/install/costmap_converter/lib/pkgconfig/costmap_converter.pc'
[4.551s] Level 1:colcon.colcon_core.environment:checking '/home/agilex/agilex_ws/install/costmap_converter/lib/python3.10/site-packages'
[4.551s] Level 1:colcon.colcon_core.environment:checking '/home/agilex/agilex_ws/install/costmap_converter/bin'
[4.551s] Level 1:colcon.colcon_core.shell:create_environment_hook('costmap_converter', 'pythonscriptspath')
[4.554s] INFO:colcon.colcon_core.shell:Creating environment hook '/home/agilex/agilex_ws/install/costmap_converter/share/costmap_converter/hook/pythonscriptspath.ps1'
[4.555s] INFO:colcon.colcon_core.shell:Creating environment descriptor '/home/agilex/agilex_ws/install/costmap_converter/share/costmap_converter/hook/pythonscriptspath.dsv'
[4.555s] INFO:colcon.colcon_core.shell:Creating environment hook '/home/agilex/agilex_ws/install/costmap_converter/share/costmap_converter/hook/pythonscriptspath.sh'
[4.558s] INFO:colcon.colcon_core.shell:Creating package script '/home/agilex/agilex_ws/install/costmap_converter/share/costmap_converter/package.ps1'
[4.558s] INFO:colcon.colcon_core.shell:Creating package descriptor '/home/agilex/agilex_ws/install/costmap_converter/share/costmap_converter/package.dsv'
[4.559s] INFO:colcon.colcon_core.shell:Creating package script '/home/agilex/agilex_ws/install/costmap_converter/share/costmap_converter/package.sh'
[4.559s] INFO:colcon.colcon_core.shell:Creating package script '/home/agilex/agilex_ws/install/costmap_converter/share/costmap_converter/package.bash'
[4.559s] INFO:colcon.colcon_core.shell:Creating package script '/home/agilex/agilex_ws/install/costmap_converter/share/costmap_converter/package.zsh'
[4.559s] Level 1:colcon.colcon_core.environment:create_file_with_runtime_dependencies(/home/agilex/agilex_ws/install/costmap_converter/share/colcon-core/packages/costmap_converter)
[4.562s] DEBUG:colcon.colcon_core.event_handler.log_command:Invoking command in '/home/agilex/agilex_ws/build/dwb_core': AMENT_PREFIX_PATH=/home/agilex/agilex_ws/install/nav2_core:/home/agilex/agilex_ws/install/nav2_costmap_2d:/home/agilex/agilex_ws/install/nav_2d_utils:/home/agilex/agilex_ws/install/nav2_util:/home/agilex/agilex_ws/install/nav2_voxel_grid:/home/agilex/agilex_ws/install/nav2_msgs:/home/agilex/agilex_ws/install/dwb_msgs:/home/agilex/agilex_ws/install/nav_2d_msgs:/home/agilex/agilex_ws/install/nav2_common CMAKE_PREFIX_PATH=/home/agilex/agilex_ws/install/nav2_core:/home/agilex/agilex_ws/install/nav2_costmap_2d:/home/agilex/agilex_ws/install/nav_2d_utils:/home/agilex/agilex_ws/install/nav2_util:/home/agilex/agilex_ws/install/nav2_voxel_grid:/home/agilex/agilex_ws/install/nav2_msgs:/home/agilex/agilex_ws/install/dwb_msgs:/home/agilex/agilex_ws/install/nav_2d_msgs:/home/agilex/agilex_ws/install/nav2_common LD_LIBRARY_PATH=/home/agilex/agilex_ws/install/nav2_costmap_2d/lib:/home/agilex/agilex_ws/install/nav_2d_utils/lib:/home/agilex/agilex_ws/install/nav2_util/lib:/home/agilex/agilex_ws/install/nav2_voxel_grid/lib:/home/agilex/agilex_ws/install/nav2_msgs/lib:/home/agilex/agilex_ws/install/dwb_msgs/lib:/home/agilex/agilex_ws/install/nav_2d_msgs/lib PYTHONPATH=/home/agilex/agilex_ws/install/nav2_msgs/local/lib/python3.10/dist-packages:/home/agilex/agilex_ws/install/dwb_msgs/local/lib/python3.10/dist-packages:/home/agilex/agilex_ws/install/nav_2d_msgs/local/lib/python3.10/dist-packages:/home/agilex/agilex_ws/install/nav2_common/local/lib/python3.10/dist-packages /usr/bin/cmake --install /home/agilex/agilex_ws/build/dwb_core
[4.562s] DEBUG:colcon.colcon_core.event_handler.log_command:Invoked command in '/home/agilex/agilex_ws/build/nav2_theta_star_planner' returned '0': AMENT_PREFIX_PATH=/home/agilex/agilex_ws/install/nav2_core:/home/agilex/agilex_ws/install/nav2_costmap_2d:/home/agilex/agilex_ws/install/nav2_util:/home/agilex/agilex_ws/install/nav2_voxel_grid:/home/agilex/agilex_ws/install/nav2_msgs:/home/agilex/agilex_ws/install/nav2_common CMAKE_PREFIX_PATH=/home/agilex/agilex_ws/install/nav2_core:/home/agilex/agilex_ws/install/nav2_costmap_2d:/home/agilex/agilex_ws/install/nav2_util:/home/agilex/agilex_ws/install/nav2_voxel_grid:/home/agilex/agilex_ws/install/nav2_msgs:/home/agilex/agilex_ws/install/nav2_common LD_LIBRARY_PATH=/home/agilex/agilex_ws/install/nav2_costmap_2d/lib:/home/agilex/agilex_ws/install/nav2_util/lib:/home/agilex/agilex_ws/install/nav2_voxel_grid/lib:/home/agilex/agilex_ws/install/nav2_msgs/lib PYTHONPATH=/home/agilex/agilex_ws/install/nav2_msgs/local/lib/python3.10/dist-packages:/home/agilex/agilex_ws/install/nav2_common/local/lib/python3.10/dist-packages /usr/bin/cmake --build /home/agilex/agilex_ws/build/nav2_theta_star_planner -- -j16 -l16
[4.562s] DEBUG:colcon.colcon_core.event_handler.log_command:Invoked command in '/home/agilex/agilex_ws/build/nav2_planner' returned '0': AMENT_PREFIX_PATH=/home/agilex/agilex_ws/install/nav2_core:/home/agilex/agilex_ws/install/nav2_costmap_2d:/home/agilex/agilex_ws/install/nav2_util:/home/agilex/agilex_ws/install/nav2_voxel_grid:/home/agilex/agilex_ws/install/nav2_msgs:/home/agilex/agilex_ws/install/nav2_common CMAKE_PREFIX_PATH=/home/agilex/agilex_ws/install/nav2_core:/home/agilex/agilex_ws/install/nav2_costmap_2d:/home/agilex/agilex_ws/install/nav2_util:/home/agilex/agilex_ws/install/nav2_voxel_grid:/home/agilex/agilex_ws/install/nav2_msgs:/home/agilex/agilex_ws/install/nav2_common LD_LIBRARY_PATH=/home/agilex/agilex_ws/install/nav2_costmap_2d/lib:/home/agilex/agilex_ws/install/nav2_util/lib:/home/agilex/agilex_ws/install/nav2_voxel_grid/lib:/home/agilex/agilex_ws/install/nav2_msgs/lib PYTHONPATH=/home/agilex/agilex_ws/install/nav2_msgs/local/lib/python3.10/dist-packages:/home/agilex/agilex_ws/install/nav2_common/local/lib/python3.10/dist-packages /usr/bin/cmake --build /home/agilex/agilex_ws/build/nav2_planner -- -j16 -l16
[4.564s] DEBUG:colcon.colcon_core.event_handler.log_command:Invoked command in '/home/agilex/agilex_ws/build/nav2_behaviors' returned '0': AMENT_PREFIX_PATH=/home/agilex/agilex_ws/install/nav2_core:/home/agilex/agilex_ws/install/nav2_costmap_2d:/home/agilex/agilex_ws/install/nav2_behavior_tree:/home/agilex/agilex_ws/install/nav2_util:/home/agilex/agilex_ws/install/nav2_voxel_grid:/home/agilex/agilex_ws/install/nav2_msgs:/home/agilex/agilex_ws/install/nav2_common CMAKE_PREFIX_PATH=/home/agilex/agilex_ws/install/nav2_core:/home/agilex/agilex_ws/install/nav2_costmap_2d:/home/agilex/agilex_ws/install/nav2_behavior_tree:/home/agilex/agilex_ws/install/nav2_util:/home/agilex/agilex_ws/install/nav2_voxel_grid:/home/agilex/agilex_ws/install/nav2_msgs:/home/agilex/agilex_ws/install/nav2_common LD_LIBRARY_PATH=/home/agilex/agilex_ws/install/nav2_costmap_2d/lib:/home/agilex/agilex_ws/install/nav2_behavior_tree/lib:/home/agilex/agilex_ws/install/nav2_util/lib:/home/agilex/agilex_ws/install/nav2_voxel_grid/lib:/home/agilex/agilex_ws/install/nav2_msgs/lib PYTHONPATH=/home/agilex/agilex_ws/install/nav2_msgs/local/lib/python3.10/dist-packages:/home/agilex/agilex_ws/install/nav2_common/local/lib/python3.10/dist-packages /usr/bin/cmake --build /home/agilex/agilex_ws/build/nav2_behaviors -- -j16 -l16
[4.565s] DEBUG:colcon.colcon_core.event_handler.log_command:Invoked command in '/home/agilex/agilex_ws/build/nav2_controller' returned '0': AMENT_PREFIX_PATH=/home/agilex/agilex_ws/install/nav2_core:/home/agilex/agilex_ws/install/nav2_costmap_2d:/home/agilex/agilex_ws/install/nav_2d_utils:/home/agilex/agilex_ws/install/nav2_util:/home/agilex/agilex_ws/install/nav2_voxel_grid:/home/agilex/agilex_ws/install/nav2_msgs:/home/agilex/agilex_ws/install/nav_2d_msgs:/home/agilex/agilex_ws/install/nav2_common CMAKE_PREFIX_PATH=/home/agilex/agilex_ws/install/nav2_core:/home/agilex/agilex_ws/install/nav2_costmap_2d:/home/agilex/agilex_ws/install/nav_2d_utils:/home/agilex/agilex_ws/install/nav2_util:/home/agilex/agilex_ws/install/nav2_voxel_grid:/home/agilex/agilex_ws/install/nav2_msgs:/home/agilex/agilex_ws/install/nav_2d_msgs:/home/agilex/agilex_ws/install/nav2_common LD_LIBRARY_PATH=/home/agilex/agilex_ws/install/nav2_costmap_2d/lib:/home/agilex/agilex_ws/install/nav_2d_utils/lib:/home/agilex/agilex_ws/install/nav2_util/lib:/home/agilex/agilex_ws/install/nav2_voxel_grid/lib:/home/agilex/agilex_ws/install/nav2_msgs/lib:/home/agilex/agilex_ws/install/nav_2d_msgs/lib PYTHONPATH=/home/agilex/agilex_ws/install/nav2_msgs/local/lib/python3.10/dist-packages:/home/agilex/agilex_ws/install/nav_2d_msgs/local/lib/python3.10/dist-packages:/home/agilex/agilex_ws/install/nav2_common/local/lib/python3.10/dist-packages /usr/bin/cmake --build /home/agilex/agilex_ws/build/nav2_controller -- -j16 -l16
[4.566s] DEBUG:colcon.colcon_core.event_handler.log_command:Invoked command in '/home/agilex/agilex_ws/build/nav2_smoother' returned '0': AMENT_PREFIX_PATH=/home/agilex/agilex_ws/install/nav2_core:/home/agilex/agilex_ws/install/nav2_costmap_2d:/home/agilex/agilex_ws/install/nav_2d_utils:/home/agilex/agilex_ws/install/nav2_util:/home/agilex/agilex_ws/install/nav2_voxel_grid:/home/agilex/agilex_ws/install/nav2_msgs:/home/agilex/agilex_ws/install/nav_2d_msgs:/home/agilex/agilex_ws/install/nav2_common CMAKE_PREFIX_PATH=/home/agilex/agilex_ws/install/nav2_core:/home/agilex/agilex_ws/install/nav2_costmap_2d:/home/agilex/agilex_ws/install/nav_2d_utils:/home/agilex/agilex_ws/install/nav2_util:/home/agilex/agilex_ws/install/nav2_voxel_grid:/home/agilex/agilex_ws/install/nav2_msgs:/home/agilex/agilex_ws/install/nav_2d_msgs:/home/agilex/agilex_ws/install/nav2_common LD_LIBRARY_PATH=/home/agilex/agilex_ws/install/nav2_costmap_2d/lib:/home/agilex/agilex_ws/install/nav_2d_utils/lib:/home/agilex/agilex_ws/install/nav2_util/lib:/home/agilex/agilex_ws/install/nav2_voxel_grid/lib:/home/agilex/agilex_ws/install/nav2_msgs/lib:/home/agilex/agilex_ws/install/nav_2d_msgs/lib PYTHONPATH=/home/agilex/agilex_ws/install/nav2_msgs/local/lib/python3.10/dist-packages:/home/agilex/agilex_ws/install/nav_2d_msgs/local/lib/python3.10/dist-packages:/home/agilex/agilex_ws/install/nav2_common/local/lib/python3.10/dist-packages /usr/bin/cmake --build /home/agilex/agilex_ws/build/nav2_smoother -- -j16 -l16
[4.572s] DEBUG:colcon.colcon_core.event_handler.log_command:Invoked command in '/home/agilex/agilex_ws/build/nav2_smac_planner' returned '0': AMENT_PREFIX_PATH=/home/agilex/agilex_ws/install/nav2_core:/home/agilex/agilex_ws/install/nav2_costmap_2d:/home/agilex/agilex_ws/install/nav2_util:/home/agilex/agilex_ws/install/nav2_voxel_grid:/home/agilex/agilex_ws/install/nav2_msgs:/home/agilex/agilex_ws/install/nav2_common CMAKE_PREFIX_PATH=/home/agilex/agilex_ws/install/nav2_core:/home/agilex/agilex_ws/install/nav2_costmap_2d:/home/agilex/agilex_ws/install/nav2_util:/home/agilex/agilex_ws/install/nav2_voxel_grid:/home/agilex/agilex_ws/install/nav2_msgs:/home/agilex/agilex_ws/install/nav2_common LD_LIBRARY_PATH=/home/agilex/agilex_ws/install/nav2_costmap_2d/lib:/home/agilex/agilex_ws/install/nav2_util/lib:/home/agilex/agilex_ws/install/nav2_voxel_grid/lib:/home/agilex/agilex_ws/install/nav2_msgs/lib PYTHONPATH=/home/agilex/agilex_ws/install/nav2_msgs/local/lib/python3.10/dist-packages:/home/agilex/agilex_ws/install/nav2_common/local/lib/python3.10/dist-packages /usr/bin/cmake --build /home/agilex/agilex_ws/build/nav2_smac_planner -- -j16 -l16
[4.573s] DEBUG:colcon.colcon_core.event_handler.log_command:Invoked command in '/home/agilex/agilex_ws/build/nav2_constrained_smoother' returned '0': AMENT_PREFIX_PATH=/home/agilex/agilex_ws/install/nav2_core:/home/agilex/agilex_ws/install/nav2_costmap_2d:/home/agilex/agilex_ws/install/nav2_util:/home/agilex/agilex_ws/install/nav2_voxel_grid:/home/agilex/agilex_ws/install/nav2_msgs:/home/agilex/agilex_ws/install/nav2_common CMAKE_PREFIX_PATH=/home/agilex/agilex_ws/install/nav2_core:/home/agilex/agilex_ws/install/nav2_costmap_2d:/home/agilex/agilex_ws/install/nav2_util:/home/agilex/agilex_ws/install/nav2_voxel_grid:/home/agilex/agilex_ws/install/nav2_msgs:/home/agilex/agilex_ws/install/nav2_common LD_LIBRARY_PATH=/home/agilex/agilex_ws/install/nav2_costmap_2d/lib:/home/agilex/agilex_ws/install/nav2_util/lib:/home/agilex/agilex_ws/install/nav2_voxel_grid/lib:/home/agilex/agilex_ws/install/nav2_msgs/lib PYTHONPATH=/home/agilex/agilex_ws/install/nav2_msgs/local/lib/python3.10/dist-packages:/home/agilex/agilex_ws/install/nav2_common/local/lib/python3.10/dist-packages /usr/bin/cmake --build /home/agilex/agilex_ws/build/nav2_constrained_smoother -- -j16 -l16
[4.577s] DEBUG:colcon.colcon_core.event_handler.log_command:Invoking command in '/home/agilex/agilex_ws/build/nav2_regulated_pure_pursuit_controller': AMENT_PREFIX_PATH=/home/agilex/agilex_ws/install/nav2_core:/home/agilex/agilex_ws/install/nav2_costmap_2d:/home/agilex/agilex_ws/install/nav2_util:/home/agilex/agilex_ws/install/nav2_voxel_grid:/home/agilex/agilex_ws/install/nav2_msgs:/home/agilex/agilex_ws/install/nav2_common CMAKE_PREFIX_PATH=/home/agilex/agilex_ws/install/nav2_core:/home/agilex/agilex_ws/install/nav2_costmap_2d:/home/agilex/agilex_ws/install/nav2_util:/home/agilex/agilex_ws/install/nav2_voxel_grid:/home/agilex/agilex_ws/install/nav2_msgs:/home/agilex/agilex_ws/install/nav2_common LD_LIBRARY_PATH=/home/agilex/agilex_ws/install/nav2_costmap_2d/lib:/home/agilex/agilex_ws/install/nav2_util/lib:/home/agilex/agilex_ws/install/nav2_voxel_grid/lib:/home/agilex/agilex_ws/install/nav2_msgs/lib PYTHONPATH=/home/agilex/agilex_ws/install/nav2_msgs/local/lib/python3.10/dist-packages:/home/agilex/agilex_ws/install/nav2_common/local/lib/python3.10/dist-packages /usr/bin/cmake --install /home/agilex/agilex_ws/build/nav2_regulated_pure_pursuit_controller
[4.579s] DEBUG:colcon.colcon_core.event_handler.log_command:Invoking command in '/home/agilex/agilex_ws/build/nav2_bt_navigator': AMENT_PREFIX_PATH=/home/agilex/agilex_ws/install/nav2_core:/home/agilex/agilex_ws/install/nav2_costmap_2d:/home/agilex/agilex_ws/install/nav2_behavior_tree:/home/agilex/agilex_ws/install/nav2_util:/home/agilex/agilex_ws/install/nav2_voxel_grid:/home/agilex/agilex_ws/install/nav2_msgs:/home/agilex/agilex_ws/install/nav2_common CMAKE_PREFIX_PATH=/home/agilex/agilex_ws/install/nav2_core:/home/agilex/agilex_ws/install/nav2_costmap_2d:/home/agilex/agilex_ws/install/nav2_behavior_tree:/home/agilex/agilex_ws/install/nav2_util:/home/agilex/agilex_ws/install/nav2_voxel_grid:/home/agilex/agilex_ws/install/nav2_msgs:/home/agilex/agilex_ws/install/nav2_common LD_LIBRARY_PATH=/home/agilex/agilex_ws/install/nav2_costmap_2d/lib:/home/agilex/agilex_ws/install/nav2_behavior_tree/lib:/home/agilex/agilex_ws/install/nav2_util/lib:/home/agilex/agilex_ws/install/nav2_voxel_grid/lib:/home/agilex/agilex_ws/install/nav2_msgs/lib PYTHONPATH=/home/agilex/agilex_ws/install/nav2_msgs/local/lib/python3.10/dist-packages:/home/agilex/agilex_ws/install/nav2_common/local/lib/python3.10/dist-packages /usr/bin/cmake --install /home/agilex/agilex_ws/build/nav2_bt_navigator
[4.581s] DEBUG:colcon.colcon_core.event_handler.log_command:Invoking command in '/home/agilex/agilex_ws/build/nav2_waypoint_follower': AMENT_PREFIX_PATH=/home/agilex/agilex_ws/install/nav2_core:/home/agilex/agilex_ws/install/nav2_costmap_2d:/home/agilex/agilex_ws/install/nav2_util:/home/agilex/agilex_ws/install/nav2_voxel_grid:/home/agilex/agilex_ws/install/nav2_msgs:/home/agilex/agilex_ws/install/nav2_common CMAKE_PREFIX_PATH=/home/agilex/agilex_ws/install/nav2_core:/home/agilex/agilex_ws/install/nav2_costmap_2d:/home/agilex/agilex_ws/install/nav2_util:/home/agilex/agilex_ws/install/nav2_voxel_grid:/home/agilex/agilex_ws/install/nav2_msgs:/home/agilex/agilex_ws/install/nav2_common LD_LIBRARY_PATH=/home/agilex/agilex_ws/install/nav2_costmap_2d/lib:/home/agilex/agilex_ws/install/nav2_util/lib:/home/agilex/agilex_ws/install/nav2_voxel_grid/lib:/home/agilex/agilex_ws/install/nav2_msgs/lib PYTHONPATH=/home/agilex/agilex_ws/install/nav2_msgs/local/lib/python3.10/dist-packages:/home/agilex/agilex_ws/install/nav2_common/local/lib/python3.10/dist-packages /usr/bin/cmake --install /home/agilex/agilex_ws/build/nav2_waypoint_follower
[4.582s] DEBUG:colcon.colcon_core.event_handler.log_command:Invoking command in '/home/agilex/agilex_ws/build/nav2_navfn_planner': AMENT_PREFIX_PATH=/home/agilex/agilex_ws/install/nav2_core:/home/agilex/agilex_ws/install/nav2_costmap_2d:/home/agilex/agilex_ws/install/nav2_util:/home/agilex/agilex_ws/install/nav2_voxel_grid:/home/agilex/agilex_ws/install/nav2_msgs:/home/agilex/agilex_ws/install/nav2_common CMAKE_PREFIX_PATH=/home/agilex/agilex_ws/install/nav2_core:/home/agilex/agilex_ws/install/nav2_costmap_2d:/home/agilex/agilex_ws/install/nav2_util:/home/agilex/agilex_ws/install/nav2_voxel_grid:/home/agilex/agilex_ws/install/nav2_msgs:/home/agilex/agilex_ws/install/nav2_common LD_LIBRARY_PATH=/home/agilex/agilex_ws/install/nav2_costmap_2d/lib:/home/agilex/agilex_ws/install/nav2_util/lib:/home/agilex/agilex_ws/install/nav2_voxel_grid/lib:/home/agilex/agilex_ws/install/nav2_msgs/lib PYTHONPATH=/home/agilex/agilex_ws/install/nav2_msgs/local/lib/python3.10/dist-packages:/home/agilex/agilex_ws/install/nav2_common/local/lib/python3.10/dist-packages /usr/bin/cmake --install /home/agilex/agilex_ws/build/nav2_navfn_planner
[4.585s] Level 1:colcon.colcon_core.environment:create_environment_scripts_only(dwb_core)
[4.591s] DEBUG:colcon.colcon_core.event_handler.log_command:Invoked command in '/home/agilex/agilex_ws/build/dwb_core' returned '0': AMENT_PREFIX_PATH=/home/agilex/agilex_ws/install/nav2_core:/home/agilex/agilex_ws/install/nav2_costmap_2d:/home/agilex/agilex_ws/install/nav_2d_utils:/home/agilex/agilex_ws/install/nav2_util:/home/agilex/agilex_ws/install/nav2_voxel_grid:/home/agilex/agilex_ws/install/nav2_msgs:/home/agilex/agilex_ws/install/dwb_msgs:/home/agilex/agilex_ws/install/nav_2d_msgs:/home/agilex/agilex_ws/install/nav2_common CMAKE_PREFIX_PATH=/home/agilex/agilex_ws/install/nav2_core:/home/agilex/agilex_ws/install/nav2_costmap_2d:/home/agilex/agilex_ws/install/nav_2d_utils:/home/agilex/agilex_ws/install/nav2_util:/home/agilex/agilex_ws/install/nav2_voxel_grid:/home/agilex/agilex_ws/install/nav2_msgs:/home/agilex/agilex_ws/install/dwb_msgs:/home/agilex/agilex_ws/install/nav_2d_msgs:/home/agilex/agilex_ws/install/nav2_common LD_LIBRARY_PATH=/home/agilex/agilex_ws/install/nav2_costmap_2d/lib:/home/agilex/agilex_ws/install/nav_2d_utils/lib:/home/agilex/agilex_ws/install/nav2_util/lib:/home/agilex/agilex_ws/install/nav2_voxel_grid/lib:/home/agilex/agilex_ws/install/nav2_msgs/lib:/home/agilex/agilex_ws/install/dwb_msgs/lib:/home/agilex/agilex_ws/install/nav_2d_msgs/lib PYTHONPATH=/home/agilex/agilex_ws/install/nav2_msgs/local/lib/python3.10/dist-packages:/home/agilex/agilex_ws/install/dwb_msgs/local/lib/python3.10/dist-packages:/home/agilex/agilex_ws/install/nav_2d_msgs/local/lib/python3.10/dist-packages:/home/agilex/agilex_ws/install/nav2_common/local/lib/python3.10/dist-packages /usr/bin/cmake --install /home/agilex/agilex_ws/build/dwb_core
[4.602s] Level 1:colcon.colcon_core.environment:checking '/home/agilex/agilex_ws/install/dwb_core' for CMake module files
[4.602s] Level 1:colcon.colcon_core.environment:checking '/home/agilex/agilex_ws/install/dwb_core' for CMake config files
[4.603s] Level 1:colcon.colcon_core.shell:create_environment_hook('dwb_core', 'cmake_prefix_path')
[4.609s] INFO:colcon.colcon_core.shell:Creating environment hook '/home/agilex/agilex_ws/install/dwb_core/share/dwb_core/hook/cmake_prefix_path.ps1'
[4.610s] INFO:colcon.colcon_core.shell:Creating environment descriptor '/home/agilex/agilex_ws/install/dwb_core/share/dwb_core/hook/cmake_prefix_path.dsv'
[4.610s] INFO:colcon.colcon_core.shell:Creating environment hook '/home/agilex/agilex_ws/install/dwb_core/share/dwb_core/hook/cmake_prefix_path.sh'
[4.610s] Level 1:colcon.colcon_core.environment:checking '/home/agilex/agilex_ws/install/dwb_core/lib'
[4.610s] Level 1:colcon.colcon_core.shell:create_environment_hook('dwb_core', 'ld_library_path_lib')
[4.614s] INFO:colcon.colcon_core.shell:Creating environment hook '/home/agilex/agilex_ws/install/dwb_core/share/dwb_core/hook/ld_library_path_lib.ps1'
[4.614s] INFO:colcon.colcon_core.shell:Creating environment descriptor '/home/agilex/agilex_ws/install/dwb_core/share/dwb_core/hook/ld_library_path_lib.dsv'
[4.614s] INFO:colcon.colcon_core.shell:Creating environment hook '/home/agilex/agilex_ws/install/dwb_core/share/dwb_core/hook/ld_library_path_lib.sh'
[4.614s] Level 1:colcon.colcon_core.environment:checking '/home/agilex/agilex_ws/install/dwb_core/bin'
[4.614s] Level 1:colcon.colcon_core.environment:checking '/home/agilex/agilex_ws/install/dwb_core/lib/pkgconfig/dwb_core.pc'
[4.615s] Level 1:colcon.colcon_core.environment:checking '/home/agilex/agilex_ws/install/dwb_core/lib/python3.10/site-packages'
[4.615s] Level 1:colcon.colcon_core.environment:checking '/home/agilex/agilex_ws/install/dwb_core/bin'
[4.618s] INFO:colcon.colcon_core.shell:Creating package script '/home/agilex/agilex_ws/install/dwb_core/share/dwb_core/package.ps1'
[4.618s] INFO:colcon.colcon_core.shell:Creating package descriptor '/home/agilex/agilex_ws/install/dwb_core/share/dwb_core/package.dsv'
[4.618s] INFO:colcon.colcon_core.shell:Creating package script '/home/agilex/agilex_ws/install/dwb_core/share/dwb_core/package.sh'
[4.619s] INFO:colcon.colcon_core.shell:Creating package script '/home/agilex/agilex_ws/install/dwb_core/share/dwb_core/package.bash'
[4.619s] INFO:colcon.colcon_core.shell:Creating package script '/home/agilex/agilex_ws/install/dwb_core/share/dwb_core/package.zsh'
[4.619s] Level 1:colcon.colcon_core.environment:create_file_with_runtime_dependencies(/home/agilex/agilex_ws/install/dwb_core/share/colcon-core/packages/dwb_core)
[4.622s] DEBUG:colcon.colcon_core.event_handler.log_command:Invoking command in '/home/agilex/agilex_ws/build/nav2_theta_star_planner': AMENT_PREFIX_PATH=/home/agilex/agilex_ws/install/nav2_core:/home/agilex/agilex_ws/install/nav2_costmap_2d:/home/agilex/agilex_ws/install/nav2_util:/home/agilex/agilex_ws/install/nav2_voxel_grid:/home/agilex/agilex_ws/install/nav2_msgs:/home/agilex/agilex_ws/install/nav2_common CMAKE_PREFIX_PATH=/home/agilex/agilex_ws/install/nav2_core:/home/agilex/agilex_ws/install/nav2_costmap_2d:/home/agilex/agilex_ws/install/nav2_util:/home/agilex/agilex_ws/install/nav2_voxel_grid:/home/agilex/agilex_ws/install/nav2_msgs:/home/agilex/agilex_ws/install/nav2_common LD_LIBRARY_PATH=/home/agilex/agilex_ws/install/nav2_costmap_2d/lib:/home/agilex/agilex_ws/install/nav2_util/lib:/home/agilex/agilex_ws/install/nav2_voxel_grid/lib:/home/agilex/agilex_ws/install/nav2_msgs/lib PYTHONPATH=/home/agilex/agilex_ws/install/nav2_msgs/local/lib/python3.10/dist-packages:/home/agilex/agilex_ws/install/nav2_common/local/lib/python3.10/dist-packages /usr/bin/cmake --install /home/agilex/agilex_ws/build/nav2_theta_star_planner
[4.622s] DEBUG:colcon.colcon_core.event_handler.log_command:Invoking command in '/home/agilex/agilex_ws/build/nav2_planner': AMENT_PREFIX_PATH=/home/agilex/agilex_ws/install/nav2_core:/home/agilex/agilex_ws/install/nav2_costmap_2d:/home/agilex/agilex_ws/install/nav2_util:/home/agilex/agilex_ws/install/nav2_voxel_grid:/home/agilex/agilex_ws/install/nav2_msgs:/home/agilex/agilex_ws/install/nav2_common CMAKE_PREFIX_PATH=/home/agilex/agilex_ws/install/nav2_core:/home/agilex/agilex_ws/install/nav2_costmap_2d:/home/agilex/agilex_ws/install/nav2_util:/home/agilex/agilex_ws/install/nav2_voxel_grid:/home/agilex/agilex_ws/install/nav2_msgs:/home/agilex/agilex_ws/install/nav2_common LD_LIBRARY_PATH=/home/agilex/agilex_ws/install/nav2_costmap_2d/lib:/home/agilex/agilex_ws/install/nav2_util/lib:/home/agilex/agilex_ws/install/nav2_voxel_grid/lib:/home/agilex/agilex_ws/install/nav2_msgs/lib PYTHONPATH=/home/agilex/agilex_ws/install/nav2_msgs/local/lib/python3.10/dist-packages:/home/agilex/agilex_ws/install/nav2_common/local/lib/python3.10/dist-packages /usr/bin/cmake --install /home/agilex/agilex_ws/build/nav2_planner
[4.623s] Level 1:colcon.colcon_core.environment:create_environment_scripts_only(nav2_regulated_pure_pursuit_controller)
[4.623s] DEBUG:colcon.colcon_core.event_handler.log_command:Invoked command in '/home/agilex/agilex_ws/build/nav2_regulated_pure_pursuit_controller' returned '0': AMENT_PREFIX_PATH=/home/agilex/agilex_ws/install/nav2_core:/home/agilex/agilex_ws/install/nav2_costmap_2d:/home/agilex/agilex_ws/install/nav2_util:/home/agilex/agilex_ws/install/nav2_voxel_grid:/home/agilex/agilex_ws/install/nav2_msgs:/home/agilex/agilex_ws/install/nav2_common CMAKE_PREFIX_PATH=/home/agilex/agilex_ws/install/nav2_core:/home/agilex/agilex_ws/install/nav2_costmap_2d:/home/agilex/agilex_ws/install/nav2_util:/home/agilex/agilex_ws/install/nav2_voxel_grid:/home/agilex/agilex_ws/install/nav2_msgs:/home/agilex/agilex_ws/install/nav2_common LD_LIBRARY_PATH=/home/agilex/agilex_ws/install/nav2_costmap_2d/lib:/home/agilex/agilex_ws/install/nav2_util/lib:/home/agilex/agilex_ws/install/nav2_voxel_grid/lib:/home/agilex/agilex_ws/install/nav2_msgs/lib PYTHONPATH=/home/agilex/agilex_ws/install/nav2_msgs/local/lib/python3.10/dist-packages:/home/agilex/agilex_ws/install/nav2_common/local/lib/python3.10/dist-packages /usr/bin/cmake --install /home/agilex/agilex_ws/build/nav2_regulated_pure_pursuit_controller
[4.628s] Level 1:colcon.colcon_core.environment:checking '/home/agilex/agilex_ws/install/nav2_regulated_pure_pursuit_controller' for CMake module files
[4.628s] Level 1:colcon.colcon_core.environment:checking '/home/agilex/agilex_ws/install/nav2_regulated_pure_pursuit_controller' for CMake config files
[4.628s] Level 1:colcon.colcon_core.shell:create_environment_hook('nav2_regulated_pure_pursuit_controller', 'cmake_prefix_path')
[4.632s] INFO:colcon.colcon_core.shell:Creating environment hook '/home/agilex/agilex_ws/install/nav2_regulated_pure_pursuit_controller/share/nav2_regulated_pure_pursuit_controller/hook/cmake_prefix_path.ps1'
[4.633s] INFO:colcon.colcon_core.shell:Creating environment descriptor '/home/agilex/agilex_ws/install/nav2_regulated_pure_pursuit_controller/share/nav2_regulated_pure_pursuit_controller/hook/cmake_prefix_path.dsv'
[4.633s] INFO:colcon.colcon_core.shell:Creating environment hook '/home/agilex/agilex_ws/install/nav2_regulated_pure_pursuit_controller/share/nav2_regulated_pure_pursuit_controller/hook/cmake_prefix_path.sh'
[4.633s] Level 1:colcon.colcon_core.environment:checking '/home/agilex/agilex_ws/install/nav2_regulated_pure_pursuit_controller/lib'
[4.633s] Level 1:colcon.colcon_core.shell:create_environment_hook('nav2_regulated_pure_pursuit_controller', 'ld_library_path_lib')
[4.636s] INFO:colcon.colcon_core.shell:Creating environment hook '/home/agilex/agilex_ws/install/nav2_regulated_pure_pursuit_controller/share/nav2_regulated_pure_pursuit_controller/hook/ld_library_path_lib.ps1'
[4.637s] INFO:colcon.colcon_core.shell:Creating environment descriptor '/home/agilex/agilex_ws/install/nav2_regulated_pure_pursuit_controller/share/nav2_regulated_pure_pursuit_controller/hook/ld_library_path_lib.dsv'
[4.637s] INFO:colcon.colcon_core.shell:Creating environment hook '/home/agilex/agilex_ws/install/nav2_regulated_pure_pursuit_controller/share/nav2_regulated_pure_pursuit_controller/hook/ld_library_path_lib.sh'
[4.637s] Level 1:colcon.colcon_core.environment:checking '/home/agilex/agilex_ws/install/nav2_regulated_pure_pursuit_controller/bin'
[4.637s] Level 1:colcon.colcon_core.environment:checking '/home/agilex/agilex_ws/install/nav2_regulated_pure_pursuit_controller/lib/pkgconfig/nav2_regulated_pure_pursuit_controller.pc'
[4.637s] Level 1:colcon.colcon_core.environment:checking '/home/agilex/agilex_ws/install/nav2_regulated_pure_pursuit_controller/lib/python3.10/site-packages'
[4.637s] Level 1:colcon.colcon_core.environment:checking '/home/agilex/agilex_ws/install/nav2_regulated_pure_pursuit_controller/bin'
[4.641s] INFO:colcon.colcon_core.shell:Creating package script '/home/agilex/agilex_ws/install/nav2_regulated_pure_pursuit_controller/share/nav2_regulated_pure_pursuit_controller/package.ps1'
[4.641s] INFO:colcon.colcon_core.shell:Creating package descriptor '/home/agilex/agilex_ws/install/nav2_regulated_pure_pursuit_controller/share/nav2_regulated_pure_pursuit_controller/package.dsv'
[4.641s] INFO:colcon.colcon_core.shell:Creating package script '/home/agilex/agilex_ws/install/nav2_regulated_pure_pursuit_controller/share/nav2_regulated_pure_pursuit_controller/package.sh'
[4.641s] INFO:colcon.colcon_core.shell:Creating package script '/home/agilex/agilex_ws/install/nav2_regulated_pure_pursuit_controller/share/nav2_regulated_pure_pursuit_controller/package.bash'
[4.641s] INFO:colcon.colcon_core.shell:Creating package script '/home/agilex/agilex_ws/install/nav2_regulated_pure_pursuit_controller/share/nav2_regulated_pure_pursuit_controller/package.zsh'
[4.642s] Level 1:colcon.colcon_core.environment:create_file_with_runtime_dependencies(/home/agilex/agilex_ws/install/nav2_regulated_pure_pursuit_controller/share/colcon-core/packages/nav2_regulated_pure_pursuit_controller)
[4.642s] Level 1:colcon.colcon_core.environment:create_environment_scripts_only(nav2_waypoint_follower)
[4.643s] DEBUG:colcon.colcon_core.event_handler.log_command:Invoked command in '/home/agilex/agilex_ws/build/nav2_waypoint_follower' returned '0': AMENT_PREFIX_PATH=/home/agilex/agilex_ws/install/nav2_core:/home/agilex/agilex_ws/install/nav2_costmap_2d:/home/agilex/agilex_ws/install/nav2_util:/home/agilex/agilex_ws/install/nav2_voxel_grid:/home/agilex/agilex_ws/install/nav2_msgs:/home/agilex/agilex_ws/install/nav2_common CMAKE_PREFIX_PATH=/home/agilex/agilex_ws/install/nav2_core:/home/agilex/agilex_ws/install/nav2_costmap_2d:/home/agilex/agilex_ws/install/nav2_util:/home/agilex/agilex_ws/install/nav2_voxel_grid:/home/agilex/agilex_ws/install/nav2_msgs:/home/agilex/agilex_ws/install/nav2_common LD_LIBRARY_PATH=/home/agilex/agilex_ws/install/nav2_costmap_2d/lib:/home/agilex/agilex_ws/install/nav2_util/lib:/home/agilex/agilex_ws/install/nav2_voxel_grid/lib:/home/agilex/agilex_ws/install/nav2_msgs/lib PYTHONPATH=/home/agilex/agilex_ws/install/nav2_msgs/local/lib/python3.10/dist-packages:/home/agilex/agilex_ws/install/nav2_common/local/lib/python3.10/dist-packages /usr/bin/cmake --install /home/agilex/agilex_ws/build/nav2_waypoint_follower
[4.647s] Level 1:colcon.colcon_core.environment:checking '/home/agilex/agilex_ws/install/nav2_waypoint_follower' for CMake module files
[4.647s] Level 1:colcon.colcon_core.environment:checking '/home/agilex/agilex_ws/install/nav2_waypoint_follower' for CMake config files
[4.647s] Level 1:colcon.colcon_core.shell:create_environment_hook('nav2_waypoint_follower', 'cmake_prefix_path')
[4.651s] INFO:colcon.colcon_core.shell:Creating environment hook '/home/agilex/agilex_ws/install/nav2_waypoint_follower/share/nav2_waypoint_follower/hook/cmake_prefix_path.ps1'
[4.651s] INFO:colcon.colcon_core.shell:Creating environment descriptor '/home/agilex/agilex_ws/install/nav2_waypoint_follower/share/nav2_waypoint_follower/hook/cmake_prefix_path.dsv'
[4.651s] INFO:colcon.colcon_core.shell:Creating environment hook '/home/agilex/agilex_ws/install/nav2_waypoint_follower/share/nav2_waypoint_follower/hook/cmake_prefix_path.sh'
[4.651s] Level 1:colcon.colcon_core.environment:checking '/home/agilex/agilex_ws/install/nav2_waypoint_follower/lib'
[4.651s] Level 1:colcon.colcon_core.shell:create_environment_hook('nav2_waypoint_follower', 'ld_library_path_lib')
[4.654s] INFO:colcon.colcon_core.shell:Creating environment hook '/home/agilex/agilex_ws/install/nav2_waypoint_follower/share/nav2_waypoint_follower/hook/ld_library_path_lib.ps1'
[4.655s] INFO:colcon.colcon_core.shell:Creating environment descriptor '/home/agilex/agilex_ws/install/nav2_waypoint_follower/share/nav2_waypoint_follower/hook/ld_library_path_lib.dsv'
[4.655s] INFO:colcon.colcon_core.shell:Creating environment hook '/home/agilex/agilex_ws/install/nav2_waypoint_follower/share/nav2_waypoint_follower/hook/ld_library_path_lib.sh'
[4.655s] Level 1:colcon.colcon_core.environment:checking '/home/agilex/agilex_ws/install/nav2_waypoint_follower/bin'
[4.655s] Level 1:colcon.colcon_core.environment:checking '/home/agilex/agilex_ws/install/nav2_waypoint_follower/lib/pkgconfig/nav2_waypoint_follower.pc'
[4.655s] Level 1:colcon.colcon_core.environment:checking '/home/agilex/agilex_ws/install/nav2_waypoint_follower/lib/python3.10/site-packages'
[4.655s] Level 1:colcon.colcon_core.environment:checking '/home/agilex/agilex_ws/install/nav2_waypoint_follower/bin'
[4.658s] INFO:colcon.colcon_core.shell:Creating package script '/home/agilex/agilex_ws/install/nav2_waypoint_follower/share/nav2_waypoint_follower/package.ps1'
[4.659s] INFO:colcon.colcon_core.shell:Creating package descriptor '/home/agilex/agilex_ws/install/nav2_waypoint_follower/share/nav2_waypoint_follower/package.dsv'
[4.659s] INFO:colcon.colcon_core.shell:Creating package script '/home/agilex/agilex_ws/install/nav2_waypoint_follower/share/nav2_waypoint_follower/package.sh'
[4.659s] INFO:colcon.colcon_core.shell:Creating package script '/home/agilex/agilex_ws/install/nav2_waypoint_follower/share/nav2_waypoint_follower/package.bash'
[4.659s] INFO:colcon.colcon_core.shell:Creating package script '/home/agilex/agilex_ws/install/nav2_waypoint_follower/share/nav2_waypoint_follower/package.zsh'
[4.659s] Level 1:colcon.colcon_core.environment:create_file_with_runtime_dependencies(/home/agilex/agilex_ws/install/nav2_waypoint_follower/share/colcon-core/packages/nav2_waypoint_follower)
[4.665s] DEBUG:colcon.colcon_core.event_handler.log_command:Invoking command in '/home/agilex/agilex_ws/build/nav2_smoother': AMENT_PREFIX_PATH=/home/agilex/agilex_ws/install/nav2_core:/home/agilex/agilex_ws/install/nav2_costmap_2d:/home/agilex/agilex_ws/install/nav_2d_utils:/home/agilex/agilex_ws/install/nav2_util:/home/agilex/agilex_ws/install/nav2_voxel_grid:/home/agilex/agilex_ws/install/nav2_msgs:/home/agilex/agilex_ws/install/nav_2d_msgs:/home/agilex/agilex_ws/install/nav2_common CMAKE_PREFIX_PATH=/home/agilex/agilex_ws/install/nav2_core:/home/agilex/agilex_ws/install/nav2_costmap_2d:/home/agilex/agilex_ws/install/nav_2d_utils:/home/agilex/agilex_ws/install/nav2_util:/home/agilex/agilex_ws/install/nav2_voxel_grid:/home/agilex/agilex_ws/install/nav2_msgs:/home/agilex/agilex_ws/install/nav_2d_msgs:/home/agilex/agilex_ws/install/nav2_common LD_LIBRARY_PATH=/home/agilex/agilex_ws/install/nav2_costmap_2d/lib:/home/agilex/agilex_ws/install/nav_2d_utils/lib:/home/agilex/agilex_ws/install/nav2_util/lib:/home/agilex/agilex_ws/install/nav2_voxel_grid/lib:/home/agilex/agilex_ws/install/nav2_msgs/lib:/home/agilex/agilex_ws/install/nav_2d_msgs/lib PYTHONPATH=/home/agilex/agilex_ws/install/nav2_msgs/local/lib/python3.10/dist-packages:/home/agilex/agilex_ws/install/nav_2d_msgs/local/lib/python3.10/dist-packages:/home/agilex/agilex_ws/install/nav2_common/local/lib/python3.10/dist-packages /usr/bin/cmake --install /home/agilex/agilex_ws/build/nav2_smoother
[4.665s] DEBUG:colcon.colcon_core.event_handler.log_command:Invoking command in '/home/agilex/agilex_ws/build/nav2_controller': AMENT_PREFIX_PATH=/home/agilex/agilex_ws/install/nav2_core:/home/agilex/agilex_ws/install/nav2_costmap_2d:/home/agilex/agilex_ws/install/nav_2d_utils:/home/agilex/agilex_ws/install/nav2_util:/home/agilex/agilex_ws/install/nav2_voxel_grid:/home/agilex/agilex_ws/install/nav2_msgs:/home/agilex/agilex_ws/install/nav_2d_msgs:/home/agilex/agilex_ws/install/nav2_common CMAKE_PREFIX_PATH=/home/agilex/agilex_ws/install/nav2_core:/home/agilex/agilex_ws/install/nav2_costmap_2d:/home/agilex/agilex_ws/install/nav_2d_utils:/home/agilex/agilex_ws/install/nav2_util:/home/agilex/agilex_ws/install/nav2_voxel_grid:/home/agilex/agilex_ws/install/nav2_msgs:/home/agilex/agilex_ws/install/nav_2d_msgs:/home/agilex/agilex_ws/install/nav2_common LD_LIBRARY_PATH=/home/agilex/agilex_ws/install/nav2_costmap_2d/lib:/home/agilex/agilex_ws/install/nav_2d_utils/lib:/home/agilex/agilex_ws/install/nav2_util/lib:/home/agilex/agilex_ws/install/nav2_voxel_grid/lib:/home/agilex/agilex_ws/install/nav2_msgs/lib:/home/agilex/agilex_ws/install/nav_2d_msgs/lib PYTHONPATH=/home/agilex/agilex_ws/install/nav2_msgs/local/lib/python3.10/dist-packages:/home/agilex/agilex_ws/install/nav_2d_msgs/local/lib/python3.10/dist-packages:/home/agilex/agilex_ws/install/nav2_common/local/lib/python3.10/dist-packages /usr/bin/cmake --install /home/agilex/agilex_ws/build/nav2_controller
[4.666s] DEBUG:colcon.colcon_core.event_handler.log_command:Invoking command in '/home/agilex/agilex_ws/build/nav2_behaviors': AMENT_PREFIX_PATH=/home/agilex/agilex_ws/install/nav2_core:/home/agilex/agilex_ws/install/nav2_costmap_2d:/home/agilex/agilex_ws/install/nav2_behavior_tree:/home/agilex/agilex_ws/install/nav2_util:/home/agilex/agilex_ws/install/nav2_voxel_grid:/home/agilex/agilex_ws/install/nav2_msgs:/home/agilex/agilex_ws/install/nav2_common CMAKE_PREFIX_PATH=/home/agilex/agilex_ws/install/nav2_core:/home/agilex/agilex_ws/install/nav2_costmap_2d:/home/agilex/agilex_ws/install/nav2_behavior_tree:/home/agilex/agilex_ws/install/nav2_util:/home/agilex/agilex_ws/install/nav2_voxel_grid:/home/agilex/agilex_ws/install/nav2_msgs:/home/agilex/agilex_ws/install/nav2_common LD_LIBRARY_PATH=/home/agilex/agilex_ws/install/nav2_costmap_2d/lib:/home/agilex/agilex_ws/install/nav2_behavior_tree/lib:/home/agilex/agilex_ws/install/nav2_util/lib:/home/agilex/agilex_ws/install/nav2_voxel_grid/lib:/home/agilex/agilex_ws/install/nav2_msgs/lib PYTHONPATH=/home/agilex/agilex_ws/install/nav2_msgs/local/lib/python3.10/dist-packages:/home/agilex/agilex_ws/install/nav2_common/local/lib/python3.10/dist-packages /usr/bin/cmake --install /home/agilex/agilex_ws/build/nav2_behaviors
[4.670s] Level 1:colcon.colcon_core.environment:create_environment_scripts_only(costmap_converter)
[4.674s] Level 1:colcon.colcon_core.environment:checking '/home/agilex/agilex_ws/install/costmap_converter' for CMake module files
[4.675s] Level 1:colcon.colcon_core.environment:checking '/home/agilex/agilex_ws/install/costmap_converter' for CMake config files
[4.675s] Level 1:colcon.colcon_core.shell:create_environment_hook('costmap_converter', 'cmake_prefix_path')
[4.679s] INFO:colcon.colcon_core.shell:Creating environment hook '/home/agilex/agilex_ws/install/costmap_converter/share/costmap_converter/hook/cmake_prefix_path.ps1'
[4.679s] INFO:colcon.colcon_core.shell:Creating environment descriptor '/home/agilex/agilex_ws/install/costmap_converter/share/costmap_converter/hook/cmake_prefix_path.dsv'
[4.679s] INFO:colcon.colcon_core.shell:Creating environment hook '/home/agilex/agilex_ws/install/costmap_converter/share/costmap_converter/hook/cmake_prefix_path.sh'
[4.679s] Level 1:colcon.colcon_core.environment:checking '/home/agilex/agilex_ws/install/costmap_converter/lib'
[4.679s] Level 1:colcon.colcon_core.shell:create_environment_hook('costmap_converter', 'ld_library_path_lib')
[4.683s] INFO:colcon.colcon_core.shell:Creating environment hook '/home/agilex/agilex_ws/install/costmap_converter/share/costmap_converter/hook/ld_library_path_lib.ps1'
[4.683s] INFO:colcon.colcon_core.shell:Creating environment descriptor '/home/agilex/agilex_ws/install/costmap_converter/share/costmap_converter/hook/ld_library_path_lib.dsv'
[4.683s] INFO:colcon.colcon_core.shell:Creating environment hook '/home/agilex/agilex_ws/install/costmap_converter/share/costmap_converter/hook/ld_library_path_lib.sh'
[4.684s] Level 1:colcon.colcon_core.environment:checking '/home/agilex/agilex_ws/install/costmap_converter/bin'
[4.684s] Level 1:colcon.colcon_core.shell:create_environment_hook('costmap_converter', 'path')
[4.687s] INFO:colcon.colcon_core.shell:Creating environment hook '/home/agilex/agilex_ws/install/costmap_converter/share/costmap_converter/hook/path.ps1'
[4.687s] INFO:colcon.colcon_core.shell:Creating environment descriptor '/home/agilex/agilex_ws/install/costmap_converter/share/costmap_converter/hook/path.dsv'
[4.687s] INFO:colcon.colcon_core.shell:Creating environment hook '/home/agilex/agilex_ws/install/costmap_converter/share/costmap_converter/hook/path.sh'
[4.688s] Level 1:colcon.colcon_core.environment:checking '/home/agilex/agilex_ws/install/costmap_converter/lib/pkgconfig/costmap_converter.pc'
[4.688s] Level 1:colcon.colcon_core.environment:checking '/home/agilex/agilex_ws/install/costmap_converter/lib/python3.10/site-packages'
[4.688s] Level 1:colcon.colcon_core.environment:checking '/home/agilex/agilex_ws/install/costmap_converter/bin'
[4.688s] Level 1:colcon.colcon_core.shell:create_environment_hook('costmap_converter', 'pythonscriptspath')
[4.691s] INFO:colcon.colcon_core.shell:Creating environment hook '/home/agilex/agilex_ws/install/costmap_converter/share/costmap_converter/hook/pythonscriptspath.ps1'
[4.692s] INFO:colcon.colcon_core.shell:Creating environment descriptor '/home/agilex/agilex_ws/install/costmap_converter/share/costmap_converter/hook/pythonscriptspath.dsv'
[4.692s] INFO:colcon.colcon_core.shell:Creating environment hook '/home/agilex/agilex_ws/install/costmap_converter/share/costmap_converter/hook/pythonscriptspath.sh'
[4.696s] INFO:colcon.colcon_core.shell:Creating package script '/home/agilex/agilex_ws/install/costmap_converter/share/costmap_converter/package.ps1'
[4.696s] INFO:colcon.colcon_core.shell:Creating package descriptor '/home/agilex/agilex_ws/install/costmap_converter/share/costmap_converter/package.dsv'
[4.696s] INFO:colcon.colcon_core.shell:Creating package script '/home/agilex/agilex_ws/install/costmap_converter/share/costmap_converter/package.sh'
[4.697s] INFO:colcon.colcon_core.shell:Creating package script '/home/agilex/agilex_ws/install/costmap_converter/share/costmap_converter/package.bash'
[4.697s] INFO:colcon.colcon_core.shell:Creating package script '/home/agilex/agilex_ws/install/costmap_converter/share/costmap_converter/package.zsh'
[4.697s] Level 1:colcon.colcon_core.environment:create_file_with_runtime_dependencies(/home/agilex/agilex_ws/install/costmap_converter/share/colcon-core/packages/costmap_converter)
[4.698s] DEBUG:colcon.colcon_core.event_handler.log_command:Invoking command in '/home/agilex/agilex_ws/build/nav2_constrained_smoother': AMENT_PREFIX_PATH=/home/agilex/agilex_ws/install/nav2_core:/home/agilex/agilex_ws/install/nav2_costmap_2d:/home/agilex/agilex_ws/install/nav2_util:/home/agilex/agilex_ws/install/nav2_voxel_grid:/home/agilex/agilex_ws/install/nav2_msgs:/home/agilex/agilex_ws/install/nav2_common CMAKE_PREFIX_PATH=/home/agilex/agilex_ws/install/nav2_core:/home/agilex/agilex_ws/install/nav2_costmap_2d:/home/agilex/agilex_ws/install/nav2_util:/home/agilex/agilex_ws/install/nav2_voxel_grid:/home/agilex/agilex_ws/install/nav2_msgs:/home/agilex/agilex_ws/install/nav2_common LD_LIBRARY_PATH=/home/agilex/agilex_ws/install/nav2_costmap_2d/lib:/home/agilex/agilex_ws/install/nav2_util/lib:/home/agilex/agilex_ws/install/nav2_voxel_grid/lib:/home/agilex/agilex_ws/install/nav2_msgs/lib PYTHONPATH=/home/agilex/agilex_ws/install/nav2_msgs/local/lib/python3.10/dist-packages:/home/agilex/agilex_ws/install/nav2_common/local/lib/python3.10/dist-packages /usr/bin/cmake --install /home/agilex/agilex_ws/build/nav2_constrained_smoother
[4.698s] Level 1:colcon.colcon_core.environment:create_environment_scripts_only(nav2_bt_navigator)
[4.699s] DEBUG:colcon.colcon_core.event_handler.log_command:Invoked command in '/home/agilex/agilex_ws/build/nav2_bt_navigator' returned '0': AMENT_PREFIX_PATH=/home/agilex/agilex_ws/install/nav2_core:/home/agilex/agilex_ws/install/nav2_costmap_2d:/home/agilex/agilex_ws/install/nav2_behavior_tree:/home/agilex/agilex_ws/install/nav2_util:/home/agilex/agilex_ws/install/nav2_voxel_grid:/home/agilex/agilex_ws/install/nav2_msgs:/home/agilex/agilex_ws/install/nav2_common CMAKE_PREFIX_PATH=/home/agilex/agilex_ws/install/nav2_core:/home/agilex/agilex_ws/install/nav2_costmap_2d:/home/agilex/agilex_ws/install/nav2_behavior_tree:/home/agilex/agilex_ws/install/nav2_util:/home/agilex/agilex_ws/install/nav2_voxel_grid:/home/agilex/agilex_ws/install/nav2_msgs:/home/agilex/agilex_ws/install/nav2_common LD_LIBRARY_PATH=/home/agilex/agilex_ws/install/nav2_costmap_2d/lib:/home/agilex/agilex_ws/install/nav2_behavior_tree/lib:/home/agilex/agilex_ws/install/nav2_util/lib:/home/agilex/agilex_ws/install/nav2_voxel_grid/lib:/home/agilex/agilex_ws/install/nav2_msgs/lib PYTHONPATH=/home/agilex/agilex_ws/install/nav2_msgs/local/lib/python3.10/dist-packages:/home/agilex/agilex_ws/install/nav2_common/local/lib/python3.10/dist-packages /usr/bin/cmake --install /home/agilex/agilex_ws/build/nav2_bt_navigator
[4.702s] Level 1:colcon.colcon_core.environment:checking '/home/agilex/agilex_ws/install/nav2_bt_navigator' for CMake module files
[4.702s] Level 1:colcon.colcon_core.environment:checking '/home/agilex/agilex_ws/install/nav2_bt_navigator' for CMake config files
[4.702s] Level 1:colcon.colcon_core.shell:create_environment_hook('nav2_bt_navigator', 'cmake_prefix_path')
[4.705s] INFO:colcon.colcon_core.shell:Creating environment hook '/home/agilex/agilex_ws/install/nav2_bt_navigator/share/nav2_bt_navigator/hook/cmake_prefix_path.ps1'
[4.705s] INFO:colcon.colcon_core.shell:Creating environment descriptor '/home/agilex/agilex_ws/install/nav2_bt_navigator/share/nav2_bt_navigator/hook/cmake_prefix_path.dsv'
[4.705s] INFO:colcon.colcon_core.shell:Creating environment hook '/home/agilex/agilex_ws/install/nav2_bt_navigator/share/nav2_bt_navigator/hook/cmake_prefix_path.sh'
[4.706s] Level 1:colcon.colcon_core.environment:checking '/home/agilex/agilex_ws/install/nav2_bt_navigator/lib'
[4.706s] Level 1:colcon.colcon_core.shell:create_environment_hook('nav2_bt_navigator', 'ld_library_path_lib')
[4.709s] INFO:colcon.colcon_core.shell:Creating environment hook '/home/agilex/agilex_ws/install/nav2_bt_navigator/share/nav2_bt_navigator/hook/ld_library_path_lib.ps1'
[4.710s] INFO:colcon.colcon_core.shell:Creating environment descriptor '/home/agilex/agilex_ws/install/nav2_bt_navigator/share/nav2_bt_navigator/hook/ld_library_path_lib.dsv'
[4.710s] INFO:colcon.colcon_core.shell:Creating environment hook '/home/agilex/agilex_ws/install/nav2_bt_navigator/share/nav2_bt_navigator/hook/ld_library_path_lib.sh'
[4.710s] Level 1:colcon.colcon_core.environment:checking '/home/agilex/agilex_ws/install/nav2_bt_navigator/bin'
[4.710s] Level 1:colcon.colcon_core.environment:checking '/home/agilex/agilex_ws/install/nav2_bt_navigator/lib/pkgconfig/nav2_bt_navigator.pc'
[4.710s] Level 1:colcon.colcon_core.environment:checking '/home/agilex/agilex_ws/install/nav2_bt_navigator/lib/python3.10/site-packages'
[4.710s] Level 1:colcon.colcon_core.environment:checking '/home/agilex/agilex_ws/install/nav2_bt_navigator/bin'
[4.714s] INFO:colcon.colcon_core.shell:Creating package script '/home/agilex/agilex_ws/install/nav2_bt_navigator/share/nav2_bt_navigator/package.ps1'
[4.714s] INFO:colcon.colcon_core.shell:Creating package descriptor '/home/agilex/agilex_ws/install/nav2_bt_navigator/share/nav2_bt_navigator/package.dsv'
[4.714s] INFO:colcon.colcon_core.shell:Creating package script '/home/agilex/agilex_ws/install/nav2_bt_navigator/share/nav2_bt_navigator/package.sh'
[4.714s] INFO:colcon.colcon_core.shell:Creating package script '/home/agilex/agilex_ws/install/nav2_bt_navigator/share/nav2_bt_navigator/package.bash'
[4.714s] INFO:colcon.colcon_core.shell:Creating package script '/home/agilex/agilex_ws/install/nav2_bt_navigator/share/nav2_bt_navigator/package.zsh'
[4.714s] Level 1:colcon.colcon_core.environment:create_file_with_runtime_dependencies(/home/agilex/agilex_ws/install/nav2_bt_navigator/share/colcon-core/packages/nav2_bt_navigator)
[4.715s] Level 1:colcon.colcon_core.environment:create_environment_scripts_only(nav2_navfn_planner)
[4.716s] DEBUG:colcon.colcon_core.event_handler.log_command:Invoked command in '/home/agilex/agilex_ws/build/nav2_navfn_planner' returned '0': AMENT_PREFIX_PATH=/home/agilex/agilex_ws/install/nav2_core:/home/agilex/agilex_ws/install/nav2_costmap_2d:/home/agilex/agilex_ws/install/nav2_util:/home/agilex/agilex_ws/install/nav2_voxel_grid:/home/agilex/agilex_ws/install/nav2_msgs:/home/agilex/agilex_ws/install/nav2_common CMAKE_PREFIX_PATH=/home/agilex/agilex_ws/install/nav2_core:/home/agilex/agilex_ws/install/nav2_costmap_2d:/home/agilex/agilex_ws/install/nav2_util:/home/agilex/agilex_ws/install/nav2_voxel_grid:/home/agilex/agilex_ws/install/nav2_msgs:/home/agilex/agilex_ws/install/nav2_common LD_LIBRARY_PATH=/home/agilex/agilex_ws/install/nav2_costmap_2d/lib:/home/agilex/agilex_ws/install/nav2_util/lib:/home/agilex/agilex_ws/install/nav2_voxel_grid/lib:/home/agilex/agilex_ws/install/nav2_msgs/lib PYTHONPATH=/home/agilex/agilex_ws/install/nav2_msgs/local/lib/python3.10/dist-packages:/home/agilex/agilex_ws/install/nav2_common/local/lib/python3.10/dist-packages /usr/bin/cmake --install /home/agilex/agilex_ws/build/nav2_navfn_planner
[4.719s] Level 1:colcon.colcon_core.environment:checking '/home/agilex/agilex_ws/install/nav2_navfn_planner' for CMake module files
[4.719s] Level 1:colcon.colcon_core.environment:checking '/home/agilex/agilex_ws/install/nav2_navfn_planner' for CMake config files
[4.720s] Level 1:colcon.colcon_core.shell:create_environment_hook('nav2_navfn_planner', 'cmake_prefix_path')
[4.723s] INFO:colcon.colcon_core.shell:Creating environment hook '/home/agilex/agilex_ws/install/nav2_navfn_planner/share/nav2_navfn_planner/hook/cmake_prefix_path.ps1'
[4.723s] INFO:colcon.colcon_core.shell:Creating environment descriptor '/home/agilex/agilex_ws/install/nav2_navfn_planner/share/nav2_navfn_planner/hook/cmake_prefix_path.dsv'
[4.724s] INFO:colcon.colcon_core.shell:Creating environment hook '/home/agilex/agilex_ws/install/nav2_navfn_planner/share/nav2_navfn_planner/hook/cmake_prefix_path.sh'
[4.724s] Level 1:colcon.colcon_core.environment:checking '/home/agilex/agilex_ws/install/nav2_navfn_planner/lib'
[4.724s] Level 1:colcon.colcon_core.shell:create_environment_hook('nav2_navfn_planner', 'ld_library_path_lib')
[4.727s] INFO:colcon.colcon_core.shell:Creating environment hook '/home/agilex/agilex_ws/install/nav2_navfn_planner/share/nav2_navfn_planner/hook/ld_library_path_lib.ps1'
[4.728s] INFO:colcon.colcon_core.shell:Creating environment descriptor '/home/agilex/agilex_ws/install/nav2_navfn_planner/share/nav2_navfn_planner/hook/ld_library_path_lib.dsv'
[4.728s] INFO:colcon.colcon_core.shell:Creating environment hook '/home/agilex/agilex_ws/install/nav2_navfn_planner/share/nav2_navfn_planner/hook/ld_library_path_lib.sh'
[4.728s] Level 1:colcon.colcon_core.environment:checking '/home/agilex/agilex_ws/install/nav2_navfn_planner/bin'
[4.728s] Level 1:colcon.colcon_core.environment:checking '/home/agilex/agilex_ws/install/nav2_navfn_planner/lib/pkgconfig/nav2_navfn_planner.pc'
[4.728s] Level 1:colcon.colcon_core.environment:checking '/home/agilex/agilex_ws/install/nav2_navfn_planner/lib/python3.10/site-packages'
[4.728s] Level 1:colcon.colcon_core.environment:checking '/home/agilex/agilex_ws/install/nav2_navfn_planner/bin'
[4.731s] INFO:colcon.colcon_core.shell:Creating package script '/home/agilex/agilex_ws/install/nav2_navfn_planner/share/nav2_navfn_planner/package.ps1'
[4.731s] INFO:colcon.colcon_core.shell:Creating package descriptor '/home/agilex/agilex_ws/install/nav2_navfn_planner/share/nav2_navfn_planner/package.dsv'
[4.731s] INFO:colcon.colcon_core.shell:Creating package script '/home/agilex/agilex_ws/install/nav2_navfn_planner/share/nav2_navfn_planner/package.sh'
[4.732s] INFO:colcon.colcon_core.shell:Creating package script '/home/agilex/agilex_ws/install/nav2_navfn_planner/share/nav2_navfn_planner/package.bash'
[4.732s] INFO:colcon.colcon_core.shell:Creating package script '/home/agilex/agilex_ws/install/nav2_navfn_planner/share/nav2_navfn_planner/package.zsh'
[4.732s] Level 1:colcon.colcon_core.environment:create_file_with_runtime_dependencies(/home/agilex/agilex_ws/install/nav2_navfn_planner/share/colcon-core/packages/nav2_navfn_planner)
[4.733s] DEBUG:colcon.colcon_core.event_handler.log_command:Invoking command in '/home/agilex/agilex_ws/build/nav2_smac_planner': AMENT_PREFIX_PATH=/home/agilex/agilex_ws/install/nav2_core:/home/agilex/agilex_ws/install/nav2_costmap_2d:/home/agilex/agilex_ws/install/nav2_util:/home/agilex/agilex_ws/install/nav2_voxel_grid:/home/agilex/agilex_ws/install/nav2_msgs:/home/agilex/agilex_ws/install/nav2_common CMAKE_PREFIX_PATH=/home/agilex/agilex_ws/install/nav2_core:/home/agilex/agilex_ws/install/nav2_costmap_2d:/home/agilex/agilex_ws/install/nav2_util:/home/agilex/agilex_ws/install/nav2_voxel_grid:/home/agilex/agilex_ws/install/nav2_msgs:/home/agilex/agilex_ws/install/nav2_common LD_LIBRARY_PATH=/home/agilex/agilex_ws/install/nav2_costmap_2d/lib:/home/agilex/agilex_ws/install/nav2_util/lib:/home/agilex/agilex_ws/install/nav2_voxel_grid/lib:/home/agilex/agilex_ws/install/nav2_msgs/lib PYTHONPATH=/home/agilex/agilex_ws/install/nav2_msgs/local/lib/python3.10/dist-packages:/home/agilex/agilex_ws/install/nav2_common/local/lib/python3.10/dist-packages /usr/bin/cmake --install /home/agilex/agilex_ws/build/nav2_smac_planner
[4.740s] Level 1:colcon.colcon_core.environment:create_environment_scripts_only(nav2_planner)
[4.748s] DEBUG:colcon.colcon_core.event_handler.log_command:Invoked command in '/home/agilex/agilex_ws/build/nav2_planner' returned '0': AMENT_PREFIX_PATH=/home/agilex/agilex_ws/install/nav2_core:/home/agilex/agilex_ws/install/nav2_costmap_2d:/home/agilex/agilex_ws/install/nav2_util:/home/agilex/agilex_ws/install/nav2_voxel_grid:/home/agilex/agilex_ws/install/nav2_msgs:/home/agilex/agilex_ws/install/nav2_common CMAKE_PREFIX_PATH=/home/agilex/agilex_ws/install/nav2_core:/home/agilex/agilex_ws/install/nav2_costmap_2d:/home/agilex/agilex_ws/install/nav2_util:/home/agilex/agilex_ws/install/nav2_voxel_grid:/home/agilex/agilex_ws/install/nav2_msgs:/home/agilex/agilex_ws/install/nav2_common LD_LIBRARY_PATH=/home/agilex/agilex_ws/install/nav2_costmap_2d/lib:/home/agilex/agilex_ws/install/nav2_util/lib:/home/agilex/agilex_ws/install/nav2_voxel_grid/lib:/home/agilex/agilex_ws/install/nav2_msgs/lib PYTHONPATH=/home/agilex/agilex_ws/install/nav2_msgs/local/lib/python3.10/dist-packages:/home/agilex/agilex_ws/install/nav2_common/local/lib/python3.10/dist-packages /usr/bin/cmake --install /home/agilex/agilex_ws/build/nav2_planner
[4.754s] Level 1:colcon.colcon_core.environment:checking '/home/agilex/agilex_ws/install/nav2_planner' for CMake module files
[4.756s] Level 1:colcon.colcon_core.environment:checking '/home/agilex/agilex_ws/install/nav2_planner' for CMake config files
[4.756s] Level 1:colcon.colcon_core.shell:create_environment_hook('nav2_planner', 'cmake_prefix_path')
[4.760s] INFO:colcon.colcon_core.shell:Creating environment hook '/home/agilex/agilex_ws/install/nav2_planner/share/nav2_planner/hook/cmake_prefix_path.ps1'
[4.760s] INFO:colcon.colcon_core.shell:Creating environment descriptor '/home/agilex/agilex_ws/install/nav2_planner/share/nav2_planner/hook/cmake_prefix_path.dsv'
[4.760s] INFO:colcon.colcon_core.shell:Creating environment hook '/home/agilex/agilex_ws/install/nav2_planner/share/nav2_planner/hook/cmake_prefix_path.sh'
[4.760s] Level 1:colcon.colcon_core.environment:checking '/home/agilex/agilex_ws/install/nav2_planner/lib'
[4.760s] Level 1:colcon.colcon_core.shell:create_environment_hook('nav2_planner', 'ld_library_path_lib')
[4.763s] INFO:colcon.colcon_core.shell:Creating environment hook '/home/agilex/agilex_ws/install/nav2_planner/share/nav2_planner/hook/ld_library_path_lib.ps1'
[4.764s] INFO:colcon.colcon_core.shell:Creating environment descriptor '/home/agilex/agilex_ws/install/nav2_planner/share/nav2_planner/hook/ld_library_path_lib.dsv'
[4.764s] INFO:colcon.colcon_core.shell:Creating environment hook '/home/agilex/agilex_ws/install/nav2_planner/share/nav2_planner/hook/ld_library_path_lib.sh'
[4.764s] Level 1:colcon.colcon_core.environment:checking '/home/agilex/agilex_ws/install/nav2_planner/bin'
[4.764s] Level 1:colcon.colcon_core.environment:checking '/home/agilex/agilex_ws/install/nav2_planner/lib/pkgconfig/nav2_planner.pc'
[4.764s] Level 1:colcon.colcon_core.environment:checking '/home/agilex/agilex_ws/install/nav2_planner/lib/python3.10/site-packages'
[4.764s] Level 1:colcon.colcon_core.environment:checking '/home/agilex/agilex_ws/install/nav2_planner/bin'
[4.768s] INFO:colcon.colcon_core.shell:Creating package script '/home/agilex/agilex_ws/install/nav2_planner/share/nav2_planner/package.ps1'
[4.768s] INFO:colcon.colcon_core.shell:Creating package descriptor '/home/agilex/agilex_ws/install/nav2_planner/share/nav2_planner/package.dsv'
[4.769s] INFO:colcon.colcon_core.shell:Creating package script '/home/agilex/agilex_ws/install/nav2_planner/share/nav2_planner/package.sh'
[4.769s] INFO:colcon.colcon_core.shell:Creating package script '/home/agilex/agilex_ws/install/nav2_planner/share/nav2_planner/package.bash'
[4.769s] INFO:colcon.colcon_core.shell:Creating package script '/home/agilex/agilex_ws/install/nav2_planner/share/nav2_planner/package.zsh'
[4.769s] Level 1:colcon.colcon_core.environment:create_file_with_runtime_dependencies(/home/agilex/agilex_ws/install/nav2_planner/share/colcon-core/packages/nav2_planner)
[4.770s] Level 1:colcon.colcon_core.environment:create_environment_scripts_only(nav2_theta_star_planner)
[4.771s] DEBUG:colcon.colcon_core.event_handler.log_command:Invoked command in '/home/agilex/agilex_ws/build/nav2_theta_star_planner' returned '0': AMENT_PREFIX_PATH=/home/agilex/agilex_ws/install/nav2_core:/home/agilex/agilex_ws/install/nav2_costmap_2d:/home/agilex/agilex_ws/install/nav2_util:/home/agilex/agilex_ws/install/nav2_voxel_grid:/home/agilex/agilex_ws/install/nav2_msgs:/home/agilex/agilex_ws/install/nav2_common CMAKE_PREFIX_PATH=/home/agilex/agilex_ws/install/nav2_core:/home/agilex/agilex_ws/install/nav2_costmap_2d:/home/agilex/agilex_ws/install/nav2_util:/home/agilex/agilex_ws/install/nav2_voxel_grid:/home/agilex/agilex_ws/install/nav2_msgs:/home/agilex/agilex_ws/install/nav2_common LD_LIBRARY_PATH=/home/agilex/agilex_ws/install/nav2_costmap_2d/lib:/home/agilex/agilex_ws/install/nav2_util/lib:/home/agilex/agilex_ws/install/nav2_voxel_grid/lib:/home/agilex/agilex_ws/install/nav2_msgs/lib PYTHONPATH=/home/agilex/agilex_ws/install/nav2_msgs/local/lib/python3.10/dist-packages:/home/agilex/agilex_ws/install/nav2_common/local/lib/python3.10/dist-packages /usr/bin/cmake --install /home/agilex/agilex_ws/build/nav2_theta_star_planner
[4.774s] Level 1:colcon.colcon_core.environment:checking '/home/agilex/agilex_ws/install/nav2_theta_star_planner' for CMake module files
[4.774s] Level 1:colcon.colcon_core.environment:checking '/home/agilex/agilex_ws/install/nav2_theta_star_planner' for CMake config files
[4.774s] Level 1:colcon.colcon_core.shell:create_environment_hook('nav2_theta_star_planner', 'cmake_prefix_path')
[4.778s] INFO:colcon.colcon_core.shell:Creating environment hook '/home/agilex/agilex_ws/install/nav2_theta_star_planner/share/nav2_theta_star_planner/hook/cmake_prefix_path.ps1'
[4.778s] INFO:colcon.colcon_core.shell:Creating environment descriptor '/home/agilex/agilex_ws/install/nav2_theta_star_planner/share/nav2_theta_star_planner/hook/cmake_prefix_path.dsv'
[4.778s] INFO:colcon.colcon_core.shell:Creating environment hook '/home/agilex/agilex_ws/install/nav2_theta_star_planner/share/nav2_theta_star_planner/hook/cmake_prefix_path.sh'
[4.778s] Level 1:colcon.colcon_core.environment:checking '/home/agilex/agilex_ws/install/nav2_theta_star_planner/lib'
[4.778s] Level 1:colcon.colcon_core.shell:create_environment_hook('nav2_theta_star_planner', 'ld_library_path_lib')
[4.782s] INFO:colcon.colcon_core.shell:Creating environment hook '/home/agilex/agilex_ws/install/nav2_theta_star_planner/share/nav2_theta_star_planner/hook/ld_library_path_lib.ps1'
[4.782s] INFO:colcon.colcon_core.shell:Creating environment descriptor '/home/agilex/agilex_ws/install/nav2_theta_star_planner/share/nav2_theta_star_planner/hook/ld_library_path_lib.dsv'
[4.782s] INFO:colcon.colcon_core.shell:Creating environment hook '/home/agilex/agilex_ws/install/nav2_theta_star_planner/share/nav2_theta_star_planner/hook/ld_library_path_lib.sh'
[4.782s] Level 1:colcon.colcon_core.environment:checking '/home/agilex/agilex_ws/install/nav2_theta_star_planner/bin'
[4.782s] Level 1:colcon.colcon_core.environment:checking '/home/agilex/agilex_ws/install/nav2_theta_star_planner/lib/pkgconfig/nav2_theta_star_planner.pc'
[4.782s] Level 1:colcon.colcon_core.environment:checking '/home/agilex/agilex_ws/install/nav2_theta_star_planner/lib/python3.10/site-packages'
[4.782s] Level 1:colcon.colcon_core.environment:checking '/home/agilex/agilex_ws/install/nav2_theta_star_planner/bin'
[4.786s] INFO:colcon.colcon_core.shell:Creating package script '/home/agilex/agilex_ws/install/nav2_theta_star_planner/share/nav2_theta_star_planner/package.ps1'
[4.787s] INFO:colcon.colcon_core.shell:Creating package descriptor '/home/agilex/agilex_ws/install/nav2_theta_star_planner/share/nav2_theta_star_planner/package.dsv'
[4.787s] INFO:colcon.colcon_core.shell:Creating package script '/home/agilex/agilex_ws/install/nav2_theta_star_planner/share/nav2_theta_star_planner/package.sh'
[4.787s] INFO:colcon.colcon_core.shell:Creating package script '/home/agilex/agilex_ws/install/nav2_theta_star_planner/share/nav2_theta_star_planner/package.bash'
[4.788s] INFO:colcon.colcon_core.shell:Creating package script '/home/agilex/agilex_ws/install/nav2_theta_star_planner/share/nav2_theta_star_planner/package.zsh'
[4.788s] Level 1:colcon.colcon_core.environment:create_file_with_runtime_dependencies(/home/agilex/agilex_ws/install/nav2_theta_star_planner/share/colcon-core/packages/nav2_theta_star_planner)
[4.788s] Level 1:colcon.colcon_core.environment:create_environment_scripts_only(nav2_smoother)
[4.789s] DEBUG:colcon.colcon_core.event_handler.log_command:Invoked command in '/home/agilex/agilex_ws/build/nav2_smoother' returned '0': AMENT_PREFIX_PATH=/home/agilex/agilex_ws/install/nav2_core:/home/agilex/agilex_ws/install/nav2_costmap_2d:/home/agilex/agilex_ws/install/nav_2d_utils:/home/agilex/agilex_ws/install/nav2_util:/home/agilex/agilex_ws/install/nav2_voxel_grid:/home/agilex/agilex_ws/install/nav2_msgs:/home/agilex/agilex_ws/install/nav_2d_msgs:/home/agilex/agilex_ws/install/nav2_common CMAKE_PREFIX_PATH=/home/agilex/agilex_ws/install/nav2_core:/home/agilex/agilex_ws/install/nav2_costmap_2d:/home/agilex/agilex_ws/install/nav_2d_utils:/home/agilex/agilex_ws/install/nav2_util:/home/agilex/agilex_ws/install/nav2_voxel_grid:/home/agilex/agilex_ws/install/nav2_msgs:/home/agilex/agilex_ws/install/nav_2d_msgs:/home/agilex/agilex_ws/install/nav2_common LD_LIBRARY_PATH=/home/agilex/agilex_ws/install/nav2_costmap_2d/lib:/home/agilex/agilex_ws/install/nav_2d_utils/lib:/home/agilex/agilex_ws/install/nav2_util/lib:/home/agilex/agilex_ws/install/nav2_voxel_grid/lib:/home/agilex/agilex_ws/install/nav2_msgs/lib:/home/agilex/agilex_ws/install/nav_2d_msgs/lib PYTHONPATH=/home/agilex/agilex_ws/install/nav2_msgs/local/lib/python3.10/dist-packages:/home/agilex/agilex_ws/install/nav_2d_msgs/local/lib/python3.10/dist-packages:/home/agilex/agilex_ws/install/nav2_common/local/lib/python3.10/dist-packages /usr/bin/cmake --install /home/agilex/agilex_ws/build/nav2_smoother
[4.793s] Level 1:colcon.colcon_core.environment:checking '/home/agilex/agilex_ws/install/nav2_smoother' for CMake module files
[4.793s] Level 1:colcon.colcon_core.environment:checking '/home/agilex/agilex_ws/install/nav2_smoother' for CMake config files
[4.793s] Level 1:colcon.colcon_core.shell:create_environment_hook('nav2_smoother', 'cmake_prefix_path')
[4.797s] INFO:colcon.colcon_core.shell:Creating environment hook '/home/agilex/agilex_ws/install/nav2_smoother/share/nav2_smoother/hook/cmake_prefix_path.ps1'
[4.797s] INFO:colcon.colcon_core.shell:Creating environment descriptor '/home/agilex/agilex_ws/install/nav2_smoother/share/nav2_smoother/hook/cmake_prefix_path.dsv'
[4.797s] INFO:colcon.colcon_core.shell:Creating environment hook '/home/agilex/agilex_ws/install/nav2_smoother/share/nav2_smoother/hook/cmake_prefix_path.sh'
[4.797s] Level 1:colcon.colcon_core.environment:checking '/home/agilex/agilex_ws/install/nav2_smoother/lib'
[4.797s] Level 1:colcon.colcon_core.shell:create_environment_hook('nav2_smoother', 'ld_library_path_lib')
[4.800s] INFO:colcon.colcon_core.shell:Creating environment hook '/home/agilex/agilex_ws/install/nav2_smoother/share/nav2_smoother/hook/ld_library_path_lib.ps1'
[4.801s] INFO:colcon.colcon_core.shell:Creating environment descriptor '/home/agilex/agilex_ws/install/nav2_smoother/share/nav2_smoother/hook/ld_library_path_lib.dsv'
[4.801s] INFO:colcon.colcon_core.shell:Creating environment hook '/home/agilex/agilex_ws/install/nav2_smoother/share/nav2_smoother/hook/ld_library_path_lib.sh'
[4.801s] Level 1:colcon.colcon_core.environment:checking '/home/agilex/agilex_ws/install/nav2_smoother/bin'
[4.801s] Level 1:colcon.colcon_core.environment:checking '/home/agilex/agilex_ws/install/nav2_smoother/lib/pkgconfig/nav2_smoother.pc'
[4.801s] Level 1:colcon.colcon_core.environment:checking '/home/agilex/agilex_ws/install/nav2_smoother/lib/python3.10/site-packages'
[4.801s] Level 1:colcon.colcon_core.environment:checking '/home/agilex/agilex_ws/install/nav2_smoother/bin'
[4.805s] INFO:colcon.colcon_core.shell:Creating package script '/home/agilex/agilex_ws/install/nav2_smoother/share/nav2_smoother/package.ps1'
[4.805s] INFO:colcon.colcon_core.shell:Creating package descriptor '/home/agilex/agilex_ws/install/nav2_smoother/share/nav2_smoother/package.dsv'
[4.805s] INFO:colcon.colcon_core.shell:Creating package script '/home/agilex/agilex_ws/install/nav2_smoother/share/nav2_smoother/package.sh'
[4.805s] INFO:colcon.colcon_core.shell:Creating package script '/home/agilex/agilex_ws/install/nav2_smoother/share/nav2_smoother/package.bash'
[4.805s] INFO:colcon.colcon_core.shell:Creating package script '/home/agilex/agilex_ws/install/nav2_smoother/share/nav2_smoother/package.zsh'
[4.806s] Level 1:colcon.colcon_core.environment:create_file_with_runtime_dependencies(/home/agilex/agilex_ws/install/nav2_smoother/share/colcon-core/packages/nav2_smoother)
[4.806s] Level 1:colcon.colcon_core.environment:create_environment_scripts_only(nav2_controller)
[4.807s] DEBUG:colcon.colcon_core.event_handler.log_command:Invoked command in '/home/agilex/agilex_ws/build/nav2_controller' returned '0': AMENT_PREFIX_PATH=/home/agilex/agilex_ws/install/nav2_core:/home/agilex/agilex_ws/install/nav2_costmap_2d:/home/agilex/agilex_ws/install/nav_2d_utils:/home/agilex/agilex_ws/install/nav2_util:/home/agilex/agilex_ws/install/nav2_voxel_grid:/home/agilex/agilex_ws/install/nav2_msgs:/home/agilex/agilex_ws/install/nav_2d_msgs:/home/agilex/agilex_ws/install/nav2_common CMAKE_PREFIX_PATH=/home/agilex/agilex_ws/install/nav2_core:/home/agilex/agilex_ws/install/nav2_costmap_2d:/home/agilex/agilex_ws/install/nav_2d_utils:/home/agilex/agilex_ws/install/nav2_util:/home/agilex/agilex_ws/install/nav2_voxel_grid:/home/agilex/agilex_ws/install/nav2_msgs:/home/agilex/agilex_ws/install/nav_2d_msgs:/home/agilex/agilex_ws/install/nav2_common LD_LIBRARY_PATH=/home/agilex/agilex_ws/install/nav2_costmap_2d/lib:/home/agilex/agilex_ws/install/nav_2d_utils/lib:/home/agilex/agilex_ws/install/nav2_util/lib:/home/agilex/agilex_ws/install/nav2_voxel_grid/lib:/home/agilex/agilex_ws/install/nav2_msgs/lib:/home/agilex/agilex_ws/install/nav_2d_msgs/lib PYTHONPATH=/home/agilex/agilex_ws/install/nav2_msgs/local/lib/python3.10/dist-packages:/home/agilex/agilex_ws/install/nav_2d_msgs/local/lib/python3.10/dist-packages:/home/agilex/agilex_ws/install/nav2_common/local/lib/python3.10/dist-packages /usr/bin/cmake --install /home/agilex/agilex_ws/build/nav2_controller
[4.810s] Level 1:colcon.colcon_core.environment:checking '/home/agilex/agilex_ws/install/nav2_controller' for CMake module files
[4.811s] Level 1:colcon.colcon_core.environment:checking '/home/agilex/agilex_ws/install/nav2_controller' for CMake config files
[4.811s] Level 1:colcon.colcon_core.shell:create_environment_hook('nav2_controller', 'cmake_prefix_path')
[4.814s] INFO:colcon.colcon_core.shell:Creating environment hook '/home/agilex/agilex_ws/install/nav2_controller/share/nav2_controller/hook/cmake_prefix_path.ps1'
[4.815s] INFO:colcon.colcon_core.shell:Creating environment descriptor '/home/agilex/agilex_ws/install/nav2_controller/share/nav2_controller/hook/cmake_prefix_path.dsv'
[4.815s] INFO:colcon.colcon_core.shell:Creating environment hook '/home/agilex/agilex_ws/install/nav2_controller/share/nav2_controller/hook/cmake_prefix_path.sh'
[4.815s] Level 1:colcon.colcon_core.environment:checking '/home/agilex/agilex_ws/install/nav2_controller/lib'
[4.815s] Level 1:colcon.colcon_core.shell:create_environment_hook('nav2_controller', 'ld_library_path_lib')
[4.819s] INFO:colcon.colcon_core.shell:Creating environment hook '/home/agilex/agilex_ws/install/nav2_controller/share/nav2_controller/hook/ld_library_path_lib.ps1'
[4.819s] INFO:colcon.colcon_core.shell:Creating environment descriptor '/home/agilex/agilex_ws/install/nav2_controller/share/nav2_controller/hook/ld_library_path_lib.dsv'
[4.819s] INFO:colcon.colcon_core.shell:Creating environment hook '/home/agilex/agilex_ws/install/nav2_controller/share/nav2_controller/hook/ld_library_path_lib.sh'
[4.819s] Level 1:colcon.colcon_core.environment:checking '/home/agilex/agilex_ws/install/nav2_controller/bin'
[4.819s] Level 1:colcon.colcon_core.environment:checking '/home/agilex/agilex_ws/install/nav2_controller/lib/pkgconfig/nav2_controller.pc'
[4.819s] Level 1:colcon.colcon_core.environment:checking '/home/agilex/agilex_ws/install/nav2_controller/lib/python3.10/site-packages'
[4.819s] Level 1:colcon.colcon_core.environment:checking '/home/agilex/agilex_ws/install/nav2_controller/bin'
[4.823s] INFO:colcon.colcon_core.shell:Creating package script '/home/agilex/agilex_ws/install/nav2_controller/share/nav2_controller/package.ps1'
[4.824s] INFO:colcon.colcon_core.shell:Creating package descriptor '/home/agilex/agilex_ws/install/nav2_controller/share/nav2_controller/package.dsv'
[4.824s] INFO:colcon.colcon_core.shell:Creating package script '/home/agilex/agilex_ws/install/nav2_controller/share/nav2_controller/package.sh'
[4.825s] INFO:colcon.colcon_core.shell:Creating package script '/home/agilex/agilex_ws/install/nav2_controller/share/nav2_controller/package.bash'
[4.825s] INFO:colcon.colcon_core.shell:Creating package script '/home/agilex/agilex_ws/install/nav2_controller/share/nav2_controller/package.zsh'
[4.825s] Level 1:colcon.colcon_core.environment:create_file_with_runtime_dependencies(/home/agilex/agilex_ws/install/nav2_controller/share/colcon-core/packages/nav2_controller)
[4.826s] Level 1:colcon.colcon_core.environment:create_environment_scripts_only(nav2_behaviors)
[4.826s] DEBUG:colcon.colcon_core.event_handler.log_command:Invoked command in '/home/agilex/agilex_ws/build/nav2_behaviors' returned '0': AMENT_PREFIX_PATH=/home/agilex/agilex_ws/install/nav2_core:/home/agilex/agilex_ws/install/nav2_costmap_2d:/home/agilex/agilex_ws/install/nav2_behavior_tree:/home/agilex/agilex_ws/install/nav2_util:/home/agilex/agilex_ws/install/nav2_voxel_grid:/home/agilex/agilex_ws/install/nav2_msgs:/home/agilex/agilex_ws/install/nav2_common CMAKE_PREFIX_PATH=/home/agilex/agilex_ws/install/nav2_core:/home/agilex/agilex_ws/install/nav2_costmap_2d:/home/agilex/agilex_ws/install/nav2_behavior_tree:/home/agilex/agilex_ws/install/nav2_util:/home/agilex/agilex_ws/install/nav2_voxel_grid:/home/agilex/agilex_ws/install/nav2_msgs:/home/agilex/agilex_ws/install/nav2_common LD_LIBRARY_PATH=/home/agilex/agilex_ws/install/nav2_costmap_2d/lib:/home/agilex/agilex_ws/install/nav2_behavior_tree/lib:/home/agilex/agilex_ws/install/nav2_util/lib:/home/agilex/agilex_ws/install/nav2_voxel_grid/lib:/home/agilex/agilex_ws/install/nav2_msgs/lib PYTHONPATH=/home/agilex/agilex_ws/install/nav2_msgs/local/lib/python3.10/dist-packages:/home/agilex/agilex_ws/install/nav2_common/local/lib/python3.10/dist-packages /usr/bin/cmake --install /home/agilex/agilex_ws/build/nav2_behaviors
[4.830s] Level 1:colcon.colcon_core.environment:checking '/home/agilex/agilex_ws/install/nav2_behaviors' for CMake module files
[4.830s] Level 1:colcon.colcon_core.environment:checking '/home/agilex/agilex_ws/install/nav2_behaviors' for CMake config files
[4.830s] Level 1:colcon.colcon_core.shell:create_environment_hook('nav2_behaviors', 'cmake_prefix_path')
[4.834s] INFO:colcon.colcon_core.shell:Creating environment hook '/home/agilex/agilex_ws/install/nav2_behaviors/share/nav2_behaviors/hook/cmake_prefix_path.ps1'
[4.834s] INFO:colcon.colcon_core.shell:Creating environment descriptor '/home/agilex/agilex_ws/install/nav2_behaviors/share/nav2_behaviors/hook/cmake_prefix_path.dsv'
[4.834s] INFO:colcon.colcon_core.shell:Creating environment hook '/home/agilex/agilex_ws/install/nav2_behaviors/share/nav2_behaviors/hook/cmake_prefix_path.sh'
[4.835s] Level 1:colcon.colcon_core.environment:checking '/home/agilex/agilex_ws/install/nav2_behaviors/lib'
[4.835s] Level 1:colcon.colcon_core.shell:create_environment_hook('nav2_behaviors', 'ld_library_path_lib')
[4.838s] INFO:colcon.colcon_core.shell:Creating environment hook '/home/agilex/agilex_ws/install/nav2_behaviors/share/nav2_behaviors/hook/ld_library_path_lib.ps1'
[4.839s] INFO:colcon.colcon_core.shell:Creating environment descriptor '/home/agilex/agilex_ws/install/nav2_behaviors/share/nav2_behaviors/hook/ld_library_path_lib.dsv'
[4.839s] INFO:colcon.colcon_core.shell:Creating environment hook '/home/agilex/agilex_ws/install/nav2_behaviors/share/nav2_behaviors/hook/ld_library_path_lib.sh'
[4.839s] Level 1:colcon.colcon_core.environment:checking '/home/agilex/agilex_ws/install/nav2_behaviors/bin'
[4.839s] Level 1:colcon.colcon_core.environment:checking '/home/agilex/agilex_ws/install/nav2_behaviors/lib/pkgconfig/nav2_behaviors.pc'
[4.839s] Level 1:colcon.colcon_core.environment:checking '/home/agilex/agilex_ws/install/nav2_behaviors/lib/python3.10/site-packages'
[4.839s] Level 1:colcon.colcon_core.environment:checking '/home/agilex/agilex_ws/install/nav2_behaviors/bin'
[4.843s] INFO:colcon.colcon_core.shell:Creating package script '/home/agilex/agilex_ws/install/nav2_behaviors/share/nav2_behaviors/package.ps1'
[4.843s] INFO:colcon.colcon_core.shell:Creating package descriptor '/home/agilex/agilex_ws/install/nav2_behaviors/share/nav2_behaviors/package.dsv'
[4.843s] INFO:colcon.colcon_core.shell:Creating package script '/home/agilex/agilex_ws/install/nav2_behaviors/share/nav2_behaviors/package.sh'
[4.843s] INFO:colcon.colcon_core.shell:Creating package script '/home/agilex/agilex_ws/install/nav2_behaviors/share/nav2_behaviors/package.bash'
[4.844s] INFO:colcon.colcon_core.shell:Creating package script '/home/agilex/agilex_ws/install/nav2_behaviors/share/nav2_behaviors/package.zsh'
[4.844s] Level 1:colcon.colcon_core.environment:create_file_with_runtime_dependencies(/home/agilex/agilex_ws/install/nav2_behaviors/share/colcon-core/packages/nav2_behaviors)
[4.844s] Level 1:colcon.colcon_core.environment:create_environment_scripts_only(nav2_constrained_smoother)
[4.845s] DEBUG:colcon.colcon_core.event_handler.log_command:Invoked command in '/home/agilex/agilex_ws/build/nav2_constrained_smoother' returned '0': AMENT_PREFIX_PATH=/home/agilex/agilex_ws/install/nav2_core:/home/agilex/agilex_ws/install/nav2_costmap_2d:/home/agilex/agilex_ws/install/nav2_util:/home/agilex/agilex_ws/install/nav2_voxel_grid:/home/agilex/agilex_ws/install/nav2_msgs:/home/agilex/agilex_ws/install/nav2_common CMAKE_PREFIX_PATH=/home/agilex/agilex_ws/install/nav2_core:/home/agilex/agilex_ws/install/nav2_costmap_2d:/home/agilex/agilex_ws/install/nav2_util:/home/agilex/agilex_ws/install/nav2_voxel_grid:/home/agilex/agilex_ws/install/nav2_msgs:/home/agilex/agilex_ws/install/nav2_common LD_LIBRARY_PATH=/home/agilex/agilex_ws/install/nav2_costmap_2d/lib:/home/agilex/agilex_ws/install/nav2_util/lib:/home/agilex/agilex_ws/install/nav2_voxel_grid/lib:/home/agilex/agilex_ws/install/nav2_msgs/lib PYTHONPATH=/home/agilex/agilex_ws/install/nav2_msgs/local/lib/python3.10/dist-packages:/home/agilex/agilex_ws/install/nav2_common/local/lib/python3.10/dist-packages /usr/bin/cmake --install /home/agilex/agilex_ws/build/nav2_constrained_smoother
[4.849s] Level 1:colcon.colcon_core.environment:checking '/home/agilex/agilex_ws/install/nav2_constrained_smoother' for CMake module files
[4.849s] Level 1:colcon.colcon_core.environment:checking '/home/agilex/agilex_ws/install/nav2_constrained_smoother' for CMake config files
[4.849s] Level 1:colcon.colcon_core.shell:create_environment_hook('nav2_constrained_smoother', 'cmake_prefix_path')
[4.853s] INFO:colcon.colcon_core.shell:Creating environment hook '/home/agilex/agilex_ws/install/nav2_constrained_smoother/share/nav2_constrained_smoother/hook/cmake_prefix_path.ps1'
[4.853s] INFO:colcon.colcon_core.shell:Creating environment descriptor '/home/agilex/agilex_ws/install/nav2_constrained_smoother/share/nav2_constrained_smoother/hook/cmake_prefix_path.dsv'
[4.853s] INFO:colcon.colcon_core.shell:Creating environment hook '/home/agilex/agilex_ws/install/nav2_constrained_smoother/share/nav2_constrained_smoother/hook/cmake_prefix_path.sh'
[4.853s] Level 1:colcon.colcon_core.environment:checking '/home/agilex/agilex_ws/install/nav2_constrained_smoother/lib'
[4.853s] Level 1:colcon.colcon_core.shell:create_environment_hook('nav2_constrained_smoother', 'ld_library_path_lib')
[4.857s] INFO:colcon.colcon_core.shell:Creating environment hook '/home/agilex/agilex_ws/install/nav2_constrained_smoother/share/nav2_constrained_smoother/hook/ld_library_path_lib.ps1'
[4.857s] INFO:colcon.colcon_core.shell:Creating environment descriptor '/home/agilex/agilex_ws/install/nav2_constrained_smoother/share/nav2_constrained_smoother/hook/ld_library_path_lib.dsv'
[4.857s] INFO:colcon.colcon_core.shell:Creating environment hook '/home/agilex/agilex_ws/install/nav2_constrained_smoother/share/nav2_constrained_smoother/hook/ld_library_path_lib.sh'
[4.857s] Level 1:colcon.colcon_core.environment:checking '/home/agilex/agilex_ws/install/nav2_constrained_smoother/bin'
[4.857s] Level 1:colcon.colcon_core.environment:checking '/home/agilex/agilex_ws/install/nav2_constrained_smoother/lib/pkgconfig/nav2_constrained_smoother.pc'
[4.857s] Level 1:colcon.colcon_core.environment:checking '/home/agilex/agilex_ws/install/nav2_constrained_smoother/lib/python3.10/site-packages'
[4.858s] Level 1:colcon.colcon_core.environment:checking '/home/agilex/agilex_ws/install/nav2_constrained_smoother/bin'
[4.861s] INFO:colcon.colcon_core.shell:Creating package script '/home/agilex/agilex_ws/install/nav2_constrained_smoother/share/nav2_constrained_smoother/package.ps1'
[4.861s] INFO:colcon.colcon_core.shell:Creating package descriptor '/home/agilex/agilex_ws/install/nav2_constrained_smoother/share/nav2_constrained_smoother/package.dsv'
[4.861s] INFO:colcon.colcon_core.shell:Creating package script '/home/agilex/agilex_ws/install/nav2_constrained_smoother/share/nav2_constrained_smoother/package.sh'
[4.862s] INFO:colcon.colcon_core.shell:Creating package script '/home/agilex/agilex_ws/install/nav2_constrained_smoother/share/nav2_constrained_smoother/package.bash'
[4.862s] INFO:colcon.colcon_core.shell:Creating package script '/home/agilex/agilex_ws/install/nav2_constrained_smoother/share/nav2_constrained_smoother/package.zsh'
[4.862s] Level 1:colcon.colcon_core.environment:create_file_with_runtime_dependencies(/home/agilex/agilex_ws/install/nav2_constrained_smoother/share/colcon-core/packages/nav2_constrained_smoother)
[4.866s] Level 1:colcon.colcon_core.environment:create_environment_scripts_only(dwb_core)
[4.869s] Level 1:colcon.colcon_core.environment:checking '/home/agilex/agilex_ws/install/dwb_core' for CMake module files
[4.870s] Level 1:colcon.colcon_core.environment:checking '/home/agilex/agilex_ws/install/dwb_core' for CMake config files
[4.870s] Level 1:colcon.colcon_core.shell:create_environment_hook('dwb_core', 'cmake_prefix_path')
[4.873s] INFO:colcon.colcon_core.shell:Creating environment hook '/home/agilex/agilex_ws/install/dwb_core/share/dwb_core/hook/cmake_prefix_path.ps1'
[4.873s] INFO:colcon.colcon_core.shell:Creating environment descriptor '/home/agilex/agilex_ws/install/dwb_core/share/dwb_core/hook/cmake_prefix_path.dsv'
[4.874s] INFO:colcon.colcon_core.shell:Creating environment hook '/home/agilex/agilex_ws/install/dwb_core/share/dwb_core/hook/cmake_prefix_path.sh'
[4.874s] Level 1:colcon.colcon_core.environment:checking '/home/agilex/agilex_ws/install/dwb_core/lib'
[4.874s] Level 1:colcon.colcon_core.shell:create_environment_hook('dwb_core', 'ld_library_path_lib')
[4.877s] INFO:colcon.colcon_core.shell:Creating environment hook '/home/agilex/agilex_ws/install/dwb_core/share/dwb_core/hook/ld_library_path_lib.ps1'
[4.877s] INFO:colcon.colcon_core.shell:Creating environment descriptor '/home/agilex/agilex_ws/install/dwb_core/share/dwb_core/hook/ld_library_path_lib.dsv'
[4.877s] INFO:colcon.colcon_core.shell:Creating environment hook '/home/agilex/agilex_ws/install/dwb_core/share/dwb_core/hook/ld_library_path_lib.sh'
[4.878s] Level 1:colcon.colcon_core.environment:checking '/home/agilex/agilex_ws/install/dwb_core/bin'
[4.878s] Level 1:colcon.colcon_core.environment:checking '/home/agilex/agilex_ws/install/dwb_core/lib/pkgconfig/dwb_core.pc'
[4.878s] Level 1:colcon.colcon_core.environment:checking '/home/agilex/agilex_ws/install/dwb_core/lib/python3.10/site-packages'
[4.878s] Level 1:colcon.colcon_core.environment:checking '/home/agilex/agilex_ws/install/dwb_core/bin'
[4.881s] INFO:colcon.colcon_core.shell:Creating package script '/home/agilex/agilex_ws/install/dwb_core/share/dwb_core/package.ps1'
[4.881s] INFO:colcon.colcon_core.shell:Creating package descriptor '/home/agilex/agilex_ws/install/dwb_core/share/dwb_core/package.dsv'
[4.881s] INFO:colcon.colcon_core.shell:Creating package script '/home/agilex/agilex_ws/install/dwb_core/share/dwb_core/package.sh'
[4.882s] INFO:colcon.colcon_core.shell:Creating package script '/home/agilex/agilex_ws/install/dwb_core/share/dwb_core/package.bash'
[4.882s] INFO:colcon.colcon_core.shell:Creating package script '/home/agilex/agilex_ws/install/dwb_core/share/dwb_core/package.zsh'
[4.882s] Level 1:colcon.colcon_core.environment:create_file_with_runtime_dependencies(/home/agilex/agilex_ws/install/dwb_core/share/colcon-core/packages/dwb_core)
[4.886s] Level 1:colcon.colcon_core.environment:create_environment_scripts_only(nav2_regulated_pure_pursuit_controller)
[4.889s] Level 1:colcon.colcon_core.environment:checking '/home/agilex/agilex_ws/install/nav2_regulated_pure_pursuit_controller' for CMake module files
[4.889s] Level 1:colcon.colcon_core.environment:checking '/home/agilex/agilex_ws/install/nav2_regulated_pure_pursuit_controller' for CMake config files
[4.889s] Level 1:colcon.colcon_core.shell:create_environment_hook('nav2_regulated_pure_pursuit_controller', 'cmake_prefix_path')
[4.893s] INFO:colcon.colcon_core.shell:Creating environment hook '/home/agilex/agilex_ws/install/nav2_regulated_pure_pursuit_controller/share/nav2_regulated_pure_pursuit_controller/hook/cmake_prefix_path.ps1'
[4.893s] INFO:colcon.colcon_core.shell:Creating environment descriptor '/home/agilex/agilex_ws/install/nav2_regulated_pure_pursuit_controller/share/nav2_regulated_pure_pursuit_controller/hook/cmake_prefix_path.dsv'
[4.894s] INFO:colcon.colcon_core.shell:Creating environment hook '/home/agilex/agilex_ws/install/nav2_regulated_pure_pursuit_controller/share/nav2_regulated_pure_pursuit_controller/hook/cmake_prefix_path.sh'
[4.894s] Level 1:colcon.colcon_core.environment:checking '/home/agilex/agilex_ws/install/nav2_regulated_pure_pursuit_controller/lib'
[4.894s] Level 1:colcon.colcon_core.shell:create_environment_hook('nav2_regulated_pure_pursuit_controller', 'ld_library_path_lib')
[4.897s] INFO:colcon.colcon_core.shell:Creating environment hook '/home/agilex/agilex_ws/install/nav2_regulated_pure_pursuit_controller/share/nav2_regulated_pure_pursuit_controller/hook/ld_library_path_lib.ps1'
[4.897s] INFO:colcon.colcon_core.shell:Creating environment descriptor '/home/agilex/agilex_ws/install/nav2_regulated_pure_pursuit_controller/share/nav2_regulated_pure_pursuit_controller/hook/ld_library_path_lib.dsv'
[4.897s] INFO:colcon.colcon_core.shell:Creating environment hook '/home/agilex/agilex_ws/install/nav2_regulated_pure_pursuit_controller/share/nav2_regulated_pure_pursuit_controller/hook/ld_library_path_lib.sh'
[4.898s] Level 1:colcon.colcon_core.environment:checking '/home/agilex/agilex_ws/install/nav2_regulated_pure_pursuit_controller/bin'
[4.898s] Level 1:colcon.colcon_core.environment:checking '/home/agilex/agilex_ws/install/nav2_regulated_pure_pursuit_controller/lib/pkgconfig/nav2_regulated_pure_pursuit_controller.pc'
[4.898s] Level 1:colcon.colcon_core.environment:checking '/home/agilex/agilex_ws/install/nav2_regulated_pure_pursuit_controller/lib/python3.10/site-packages'
[4.898s] Level 1:colcon.colcon_core.environment:checking '/home/agilex/agilex_ws/install/nav2_regulated_pure_pursuit_controller/bin'
[4.901s] INFO:colcon.colcon_core.shell:Creating package script '/home/agilex/agilex_ws/install/nav2_regulated_pure_pursuit_controller/share/nav2_regulated_pure_pursuit_controller/package.ps1'
[4.901s] INFO:colcon.colcon_core.shell:Creating package descriptor '/home/agilex/agilex_ws/install/nav2_regulated_pure_pursuit_controller/share/nav2_regulated_pure_pursuit_controller/package.dsv'
[4.901s] INFO:colcon.colcon_core.shell:Creating package script '/home/agilex/agilex_ws/install/nav2_regulated_pure_pursuit_controller/share/nav2_regulated_pure_pursuit_controller/package.sh'
[4.902s] INFO:colcon.colcon_core.shell:Creating package script '/home/agilex/agilex_ws/install/nav2_regulated_pure_pursuit_controller/share/nav2_regulated_pure_pursuit_controller/package.bash'
[4.902s] INFO:colcon.colcon_core.shell:Creating package script '/home/agilex/agilex_ws/install/nav2_regulated_pure_pursuit_controller/share/nav2_regulated_pure_pursuit_controller/package.zsh'
[4.902s] Level 1:colcon.colcon_core.environment:create_file_with_runtime_dependencies(/home/agilex/agilex_ws/install/nav2_regulated_pure_pursuit_controller/share/colcon-core/packages/nav2_regulated_pure_pursuit_controller)
[4.905s] Level 1:colcon.colcon_core.environment:create_environment_scripts_only(nav2_waypoint_follower)
[4.908s] Level 1:colcon.colcon_core.environment:checking '/home/agilex/agilex_ws/install/nav2_waypoint_follower' for CMake module files
[4.908s] Level 1:colcon.colcon_core.environment:checking '/home/agilex/agilex_ws/install/nav2_waypoint_follower' for CMake config files
[4.908s] Level 1:colcon.colcon_core.shell:create_environment_hook('nav2_waypoint_follower', 'cmake_prefix_path')
[4.911s] INFO:colcon.colcon_core.shell:Creating environment hook '/home/agilex/agilex_ws/install/nav2_waypoint_follower/share/nav2_waypoint_follower/hook/cmake_prefix_path.ps1'
[4.911s] INFO:colcon.colcon_core.shell:Creating environment descriptor '/home/agilex/agilex_ws/install/nav2_waypoint_follower/share/nav2_waypoint_follower/hook/cmake_prefix_path.dsv'
[4.912s] INFO:colcon.colcon_core.shell:Creating environment hook '/home/agilex/agilex_ws/install/nav2_waypoint_follower/share/nav2_waypoint_follower/hook/cmake_prefix_path.sh'
[4.912s] Level 1:colcon.colcon_core.environment:checking '/home/agilex/agilex_ws/install/nav2_waypoint_follower/lib'
[4.912s] Level 1:colcon.colcon_core.shell:create_environment_hook('nav2_waypoint_follower', 'ld_library_path_lib')
[4.915s] INFO:colcon.colcon_core.shell:Creating environment hook '/home/agilex/agilex_ws/install/nav2_waypoint_follower/share/nav2_waypoint_follower/hook/ld_library_path_lib.ps1'
[4.915s] INFO:colcon.colcon_core.shell:Creating environment descriptor '/home/agilex/agilex_ws/install/nav2_waypoint_follower/share/nav2_waypoint_follower/hook/ld_library_path_lib.dsv'
[4.915s] INFO:colcon.colcon_core.shell:Creating environment hook '/home/agilex/agilex_ws/install/nav2_waypoint_follower/share/nav2_waypoint_follower/hook/ld_library_path_lib.sh'
[4.915s] Level 1:colcon.colcon_core.environment:checking '/home/agilex/agilex_ws/install/nav2_waypoint_follower/bin'
[4.915s] Level 1:colcon.colcon_core.environment:checking '/home/agilex/agilex_ws/install/nav2_waypoint_follower/lib/pkgconfig/nav2_waypoint_follower.pc'
[4.915s] Level 1:colcon.colcon_core.environment:checking '/home/agilex/agilex_ws/install/nav2_waypoint_follower/lib/python3.10/site-packages'
[4.915s] Level 1:colcon.colcon_core.environment:checking '/home/agilex/agilex_ws/install/nav2_waypoint_follower/bin'
[4.918s] INFO:colcon.colcon_core.shell:Creating package script '/home/agilex/agilex_ws/install/nav2_waypoint_follower/share/nav2_waypoint_follower/package.ps1'
[4.919s] INFO:colcon.colcon_core.shell:Creating package descriptor '/home/agilex/agilex_ws/install/nav2_waypoint_follower/share/nav2_waypoint_follower/package.dsv'
[4.919s] INFO:colcon.colcon_core.shell:Creating package script '/home/agilex/agilex_ws/install/nav2_waypoint_follower/share/nav2_waypoint_follower/package.sh'
[4.919s] INFO:colcon.colcon_core.shell:Creating package script '/home/agilex/agilex_ws/install/nav2_waypoint_follower/share/nav2_waypoint_follower/package.bash'
[4.919s] INFO:colcon.colcon_core.shell:Creating package script '/home/agilex/agilex_ws/install/nav2_waypoint_follower/share/nav2_waypoint_follower/package.zsh'
[4.920s] Level 1:colcon.colcon_core.environment:create_file_with_runtime_dependencies(/home/agilex/agilex_ws/install/nav2_waypoint_follower/share/colcon-core/packages/nav2_waypoint_follower)
[4.920s] INFO:colcon.colcon_ros.task.ament_cmake.build:Building ROS package in '/home/agilex/agilex_ws/src/navigation2/nav2_dwb_controller/dwb_critics' with build type 'ament_cmake'
[4.920s] INFO:colcon.colcon_cmake.task.cmake.build:Building CMake package in '/home/agilex/agilex_ws/src/navigation2/nav2_dwb_controller/dwb_critics'
[4.924s] INFO:colcon.colcon_core.shell:Skip shell extension 'powershell' for command environment: Not usable outside of PowerShell
[4.924s] DEBUG:colcon.colcon_core.shell:Skip shell extension 'dsv' for command environment
[4.928s] INFO:colcon.colcon_ros.task.ament_cmake.build:Building ROS package in '/home/agilex/agilex_ws/src/navigation2/nav2_dwb_controller/dwb_plugins' with build type 'ament_cmake'
[4.928s] INFO:colcon.colcon_cmake.task.cmake.build:Building CMake package in '/home/agilex/agilex_ws/src/navigation2/nav2_dwb_controller/dwb_plugins'
[4.931s] INFO:colcon.colcon_core.shell:Skip shell extension 'powershell' for command environment: Not usable outside of PowerShell
[4.931s] DEBUG:colcon.colcon_core.shell:Skip shell extension 'dsv' for command environment
[4.938s] Level 1:colcon.colcon_core.environment:create_environment_scripts_only(nav2_bt_navigator)
[4.942s] Level 1:colcon.colcon_core.environment:checking '/home/agilex/agilex_ws/install/nav2_bt_navigator' for CMake module files
[4.942s] Level 1:colcon.colcon_core.environment:checking '/home/agilex/agilex_ws/install/nav2_bt_navigator' for CMake config files
[4.942s] Level 1:colcon.colcon_core.shell:create_environment_hook('nav2_bt_navigator', 'cmake_prefix_path')
[4.945s] INFO:colcon.colcon_core.shell:Creating environment hook '/home/agilex/agilex_ws/install/nav2_bt_navigator/share/nav2_bt_navigator/hook/cmake_prefix_path.ps1'
[4.946s] INFO:colcon.colcon_core.shell:Creating environment descriptor '/home/agilex/agilex_ws/install/nav2_bt_navigator/share/nav2_bt_navigator/hook/cmake_prefix_path.dsv'
[4.946s] INFO:colcon.colcon_core.shell:Creating environment hook '/home/agilex/agilex_ws/install/nav2_bt_navigator/share/nav2_bt_navigator/hook/cmake_prefix_path.sh'
[4.946s] Level 1:colcon.colcon_core.environment:checking '/home/agilex/agilex_ws/install/nav2_bt_navigator/lib'
[4.946s] Level 1:colcon.colcon_core.shell:create_environment_hook('nav2_bt_navigator', 'ld_library_path_lib')
[4.950s] INFO:colcon.colcon_core.shell:Creating environment hook '/home/agilex/agilex_ws/install/nav2_bt_navigator/share/nav2_bt_navigator/hook/ld_library_path_lib.ps1'
[4.950s] INFO:colcon.colcon_core.shell:Creating environment descriptor '/home/agilex/agilex_ws/install/nav2_bt_navigator/share/nav2_bt_navigator/hook/ld_library_path_lib.dsv'
[4.950s] INFO:colcon.colcon_core.shell:Creating environment hook '/home/agilex/agilex_ws/install/nav2_bt_navigator/share/nav2_bt_navigator/hook/ld_library_path_lib.sh'
[4.950s] Level 1:colcon.colcon_core.environment:checking '/home/agilex/agilex_ws/install/nav2_bt_navigator/bin'
[4.950s] Level 1:colcon.colcon_core.environment:checking '/home/agilex/agilex_ws/install/nav2_bt_navigator/lib/pkgconfig/nav2_bt_navigator.pc'
[4.951s] Level 1:colcon.colcon_core.environment:checking '/home/agilex/agilex_ws/install/nav2_bt_navigator/lib/python3.10/site-packages'
[4.951s] Level 1:colcon.colcon_core.environment:checking '/home/agilex/agilex_ws/install/nav2_bt_navigator/bin'
[4.954s] INFO:colcon.colcon_core.shell:Creating package script '/home/agilex/agilex_ws/install/nav2_bt_navigator/share/nav2_bt_navigator/package.ps1'
[4.954s] INFO:colcon.colcon_core.shell:Creating package descriptor '/home/agilex/agilex_ws/install/nav2_bt_navigator/share/nav2_bt_navigator/package.dsv'
[4.954s] INFO:colcon.colcon_core.shell:Creating package script '/home/agilex/agilex_ws/install/nav2_bt_navigator/share/nav2_bt_navigator/package.sh'
[4.954s] INFO:colcon.colcon_core.shell:Creating package script '/home/agilex/agilex_ws/install/nav2_bt_navigator/share/nav2_bt_navigator/package.bash'
[4.955s] INFO:colcon.colcon_core.shell:Creating package script '/home/agilex/agilex_ws/install/nav2_bt_navigator/share/nav2_bt_navigator/package.zsh'
[4.955s] Level 1:colcon.colcon_core.environment:create_file_with_runtime_dependencies(/home/agilex/agilex_ws/install/nav2_bt_navigator/share/colcon-core/packages/nav2_bt_navigator)
[4.956s] Level 1:colcon.colcon_core.environment:create_environment_scripts_only(nav2_smac_planner)
[4.956s] DEBUG:colcon.colcon_core.event_handler.log_command:Invoked command in '/home/agilex/agilex_ws/build/nav2_smac_planner' returned '0': AMENT_PREFIX_PATH=/home/agilex/agilex_ws/install/nav2_core:/home/agilex/agilex_ws/install/nav2_costmap_2d:/home/agilex/agilex_ws/install/nav2_util:/home/agilex/agilex_ws/install/nav2_voxel_grid:/home/agilex/agilex_ws/install/nav2_msgs:/home/agilex/agilex_ws/install/nav2_common CMAKE_PREFIX_PATH=/home/agilex/agilex_ws/install/nav2_core:/home/agilex/agilex_ws/install/nav2_costmap_2d:/home/agilex/agilex_ws/install/nav2_util:/home/agilex/agilex_ws/install/nav2_voxel_grid:/home/agilex/agilex_ws/install/nav2_msgs:/home/agilex/agilex_ws/install/nav2_common LD_LIBRARY_PATH=/home/agilex/agilex_ws/install/nav2_costmap_2d/lib:/home/agilex/agilex_ws/install/nav2_util/lib:/home/agilex/agilex_ws/install/nav2_voxel_grid/lib:/home/agilex/agilex_ws/install/nav2_msgs/lib PYTHONPATH=/home/agilex/agilex_ws/install/nav2_msgs/local/lib/python3.10/dist-packages:/home/agilex/agilex_ws/install/nav2_common/local/lib/python3.10/dist-packages /usr/bin/cmake --install /home/agilex/agilex_ws/build/nav2_smac_planner
[4.959s] Level 1:colcon.colcon_core.environment:checking '/home/agilex/agilex_ws/install/nav2_smac_planner' for CMake module files
[4.960s] Level 1:colcon.colcon_core.environment:checking '/home/agilex/agilex_ws/install/nav2_smac_planner' for CMake config files
[4.960s] Level 1:colcon.colcon_core.shell:create_environment_hook('nav2_smac_planner', 'cmake_prefix_path')
[4.963s] INFO:colcon.colcon_core.shell:Creating environment hook '/home/agilex/agilex_ws/install/nav2_smac_planner/share/nav2_smac_planner/hook/cmake_prefix_path.ps1'
[4.963s] INFO:colcon.colcon_core.shell:Creating environment descriptor '/home/agilex/agilex_ws/install/nav2_smac_planner/share/nav2_smac_planner/hook/cmake_prefix_path.dsv'
[4.963s] INFO:colcon.colcon_core.shell:Creating environment hook '/home/agilex/agilex_ws/install/nav2_smac_planner/share/nav2_smac_planner/hook/cmake_prefix_path.sh'
[4.963s] Level 1:colcon.colcon_core.environment:checking '/home/agilex/agilex_ws/install/nav2_smac_planner/lib'
[4.963s] Level 1:colcon.colcon_core.shell:create_environment_hook('nav2_smac_planner', 'ld_library_path_lib')
[4.967s] INFO:colcon.colcon_core.shell:Creating environment hook '/home/agilex/agilex_ws/install/nav2_smac_planner/share/nav2_smac_planner/hook/ld_library_path_lib.ps1'
[4.967s] INFO:colcon.colcon_core.shell:Creating environment descriptor '/home/agilex/agilex_ws/install/nav2_smac_planner/share/nav2_smac_planner/hook/ld_library_path_lib.dsv'
[4.967s] INFO:colcon.colcon_core.shell:Creating environment hook '/home/agilex/agilex_ws/install/nav2_smac_planner/share/nav2_smac_planner/hook/ld_library_path_lib.sh'
[4.967s] Level 1:colcon.colcon_core.environment:checking '/home/agilex/agilex_ws/install/nav2_smac_planner/bin'
[4.967s] Level 1:colcon.colcon_core.environment:checking '/home/agilex/agilex_ws/install/nav2_smac_planner/lib/pkgconfig/nav2_smac_planner.pc'
[4.968s] Level 1:colcon.colcon_core.environment:checking '/home/agilex/agilex_ws/install/nav2_smac_planner/lib/python3.10/site-packages'
[4.968s] Level 1:colcon.colcon_core.environment:checking '/home/agilex/agilex_ws/install/nav2_smac_planner/bin'
[4.971s] INFO:colcon.colcon_core.shell:Creating package script '/home/agilex/agilex_ws/install/nav2_smac_planner/share/nav2_smac_planner/package.ps1'
[4.972s] INFO:colcon.colcon_core.shell:Creating package descriptor '/home/agilex/agilex_ws/install/nav2_smac_planner/share/nav2_smac_planner/package.dsv'
[4.972s] INFO:colcon.colcon_core.shell:Creating package script '/home/agilex/agilex_ws/install/nav2_smac_planner/share/nav2_smac_planner/package.sh'
[4.972s] INFO:colcon.colcon_core.shell:Creating package script '/home/agilex/agilex_ws/install/nav2_smac_planner/share/nav2_smac_planner/package.bash'
[4.972s] INFO:colcon.colcon_core.shell:Creating package script '/home/agilex/agilex_ws/install/nav2_smac_planner/share/nav2_smac_planner/package.zsh'
[4.972s] Level 1:colcon.colcon_core.environment:create_file_with_runtime_dependencies(/home/agilex/agilex_ws/install/nav2_smac_planner/share/colcon-core/packages/nav2_smac_planner)
[4.978s] Level 1:colcon.colcon_core.environment:create_environment_scripts_only(nav2_navfn_planner)
[4.981s] Level 1:colcon.colcon_core.environment:checking '/home/agilex/agilex_ws/install/nav2_navfn_planner' for CMake module files
[4.981s] Level 1:colcon.colcon_core.environment:checking '/home/agilex/agilex_ws/install/nav2_navfn_planner' for CMake config files
[4.981s] Level 1:colcon.colcon_core.shell:create_environment_hook('nav2_navfn_planner', 'cmake_prefix_path')
[4.984s] INFO:colcon.colcon_core.shell:Creating environment hook '/home/agilex/agilex_ws/install/nav2_navfn_planner/share/nav2_navfn_planner/hook/cmake_prefix_path.ps1'
[4.985s] INFO:colcon.colcon_core.shell:Creating environment descriptor '/home/agilex/agilex_ws/install/nav2_navfn_planner/share/nav2_navfn_planner/hook/cmake_prefix_path.dsv'
[4.985s] INFO:colcon.colcon_core.shell:Creating environment hook '/home/agilex/agilex_ws/install/nav2_navfn_planner/share/nav2_navfn_planner/hook/cmake_prefix_path.sh'
[4.985s] Level 1:colcon.colcon_core.environment:checking '/home/agilex/agilex_ws/install/nav2_navfn_planner/lib'
[4.985s] Level 1:colcon.colcon_core.shell:create_environment_hook('nav2_navfn_planner', 'ld_library_path_lib')
[4.988s] INFO:colcon.colcon_core.shell:Creating environment hook '/home/agilex/agilex_ws/install/nav2_navfn_planner/share/nav2_navfn_planner/hook/ld_library_path_lib.ps1'
[4.989s] INFO:colcon.colcon_core.shell:Creating environment descriptor '/home/agilex/agilex_ws/install/nav2_navfn_planner/share/nav2_navfn_planner/hook/ld_library_path_lib.dsv'
[4.989s] INFO:colcon.colcon_core.shell:Creating environment hook '/home/agilex/agilex_ws/install/nav2_navfn_planner/share/nav2_navfn_planner/hook/ld_library_path_lib.sh'
[4.989s] Level 1:colcon.colcon_core.environment:checking '/home/agilex/agilex_ws/install/nav2_navfn_planner/bin'
[4.989s] Level 1:colcon.colcon_core.environment:checking '/home/agilex/agilex_ws/install/nav2_navfn_planner/lib/pkgconfig/nav2_navfn_planner.pc'
[4.989s] Level 1:colcon.colcon_core.environment:checking '/home/agilex/agilex_ws/install/nav2_navfn_planner/lib/python3.10/site-packages'
[4.989s] Level 1:colcon.colcon_core.environment:checking '/home/agilex/agilex_ws/install/nav2_navfn_planner/bin'
[4.993s] INFO:colcon.colcon_core.shell:Creating package script '/home/agilex/agilex_ws/install/nav2_navfn_planner/share/nav2_navfn_planner/package.ps1'
[4.994s] INFO:colcon.colcon_core.shell:Creating package descriptor '/home/agilex/agilex_ws/install/nav2_navfn_planner/share/nav2_navfn_planner/package.dsv'
[4.994s] INFO:colcon.colcon_core.shell:Creating package script '/home/agilex/agilex_ws/install/nav2_navfn_planner/share/nav2_navfn_planner/package.sh'
[4.994s] INFO:colcon.colcon_core.shell:Creating package script '/home/agilex/agilex_ws/install/nav2_navfn_planner/share/nav2_navfn_planner/package.bash'
[4.995s] INFO:colcon.colcon_core.shell:Creating package script '/home/agilex/agilex_ws/install/nav2_navfn_planner/share/nav2_navfn_planner/package.zsh'
[4.995s] Level 1:colcon.colcon_core.environment:create_file_with_runtime_dependencies(/home/agilex/agilex_ws/install/nav2_navfn_planner/share/colcon-core/packages/nav2_navfn_planner)
[4.999s] Level 1:colcon.colcon_core.environment:create_environment_scripts_only(nav2_planner)
[5.002s] Level 1:colcon.colcon_core.environment:checking '/home/agilex/agilex_ws/install/nav2_planner' for CMake module files
[5.002s] Level 1:colcon.colcon_core.environment:checking '/home/agilex/agilex_ws/install/nav2_planner' for CMake config files
[5.002s] Level 1:colcon.colcon_core.shell:create_environment_hook('nav2_planner', 'cmake_prefix_path')
[5.005s] INFO:colcon.colcon_core.shell:Creating environment hook '/home/agilex/agilex_ws/install/nav2_planner/share/nav2_planner/hook/cmake_prefix_path.ps1'
[5.005s] INFO:colcon.colcon_core.shell:Creating environment descriptor '/home/agilex/agilex_ws/install/nav2_planner/share/nav2_planner/hook/cmake_prefix_path.dsv'
[5.005s] INFO:colcon.colcon_core.shell:Creating environment hook '/home/agilex/agilex_ws/install/nav2_planner/share/nav2_planner/hook/cmake_prefix_path.sh'
[5.006s] Level 1:colcon.colcon_core.environment:checking '/home/agilex/agilex_ws/install/nav2_planner/lib'
[5.006s] Level 1:colcon.colcon_core.shell:create_environment_hook('nav2_planner', 'ld_library_path_lib')
[5.009s] INFO:colcon.colcon_core.shell:Creating environment hook '/home/agilex/agilex_ws/install/nav2_planner/share/nav2_planner/hook/ld_library_path_lib.ps1'
[5.009s] INFO:colcon.colcon_core.shell:Creating environment descriptor '/home/agilex/agilex_ws/install/nav2_planner/share/nav2_planner/hook/ld_library_path_lib.dsv'
[5.009s] INFO:colcon.colcon_core.shell:Creating environment hook '/home/agilex/agilex_ws/install/nav2_planner/share/nav2_planner/hook/ld_library_path_lib.sh'
[5.010s] Level 1:colcon.colcon_core.environment:checking '/home/agilex/agilex_ws/install/nav2_planner/bin'
[5.010s] Level 1:colcon.colcon_core.environment:checking '/home/agilex/agilex_ws/install/nav2_planner/lib/pkgconfig/nav2_planner.pc'
[5.010s] Level 1:colcon.colcon_core.environment:checking '/home/agilex/agilex_ws/install/nav2_planner/lib/python3.10/site-packages'
[5.010s] Level 1:colcon.colcon_core.environment:checking '/home/agilex/agilex_ws/install/nav2_planner/bin'
[5.014s] INFO:colcon.colcon_core.shell:Creating package script '/home/agilex/agilex_ws/install/nav2_planner/share/nav2_planner/package.ps1'
[5.014s] INFO:colcon.colcon_core.shell:Creating package descriptor '/home/agilex/agilex_ws/install/nav2_planner/share/nav2_planner/package.dsv'
[5.014s] INFO:colcon.colcon_core.shell:Creating package script '/home/agilex/agilex_ws/install/nav2_planner/share/nav2_planner/package.sh'
[5.014s] INFO:colcon.colcon_core.shell:Creating package script '/home/agilex/agilex_ws/install/nav2_planner/share/nav2_planner/package.bash'
[5.015s] INFO:colcon.colcon_core.shell:Creating package script '/home/agilex/agilex_ws/install/nav2_planner/share/nav2_planner/package.zsh'
[5.015s] Level 1:colcon.colcon_core.environment:create_file_with_runtime_dependencies(/home/agilex/agilex_ws/install/nav2_planner/share/colcon-core/packages/nav2_planner)
[5.018s] Level 1:colcon.colcon_core.environment:create_environment_scripts_only(nav2_theta_star_planner)
[5.021s] Level 1:colcon.colcon_core.environment:checking '/home/agilex/agilex_ws/install/nav2_theta_star_planner' for CMake module files
[5.022s] Level 1:colcon.colcon_core.environment:checking '/home/agilex/agilex_ws/install/nav2_theta_star_planner' for CMake config files
[5.022s] Level 1:colcon.colcon_core.shell:create_environment_hook('nav2_theta_star_planner', 'cmake_prefix_path')
[5.025s] INFO:colcon.colcon_core.shell:Creating environment hook '/home/agilex/agilex_ws/install/nav2_theta_star_planner/share/nav2_theta_star_planner/hook/cmake_prefix_path.ps1'
[5.025s] INFO:colcon.colcon_core.shell:Creating environment descriptor '/home/agilex/agilex_ws/install/nav2_theta_star_planner/share/nav2_theta_star_planner/hook/cmake_prefix_path.dsv'
[5.025s] INFO:colcon.colcon_core.shell:Creating environment hook '/home/agilex/agilex_ws/install/nav2_theta_star_planner/share/nav2_theta_star_planner/hook/cmake_prefix_path.sh'
[5.026s] Level 1:colcon.colcon_core.environment:checking '/home/agilex/agilex_ws/install/nav2_theta_star_planner/lib'
[5.026s] Level 1:colcon.colcon_core.shell:create_environment_hook('nav2_theta_star_planner', 'ld_library_path_lib')
[5.029s] INFO:colcon.colcon_core.shell:Creating environment hook '/home/agilex/agilex_ws/install/nav2_theta_star_planner/share/nav2_theta_star_planner/hook/ld_library_path_lib.ps1'
[5.029s] INFO:colcon.colcon_core.shell:Creating environment descriptor '/home/agilex/agilex_ws/install/nav2_theta_star_planner/share/nav2_theta_star_planner/hook/ld_library_path_lib.dsv'
[5.029s] INFO:colcon.colcon_core.shell:Creating environment hook '/home/agilex/agilex_ws/install/nav2_theta_star_planner/share/nav2_theta_star_planner/hook/ld_library_path_lib.sh'
[5.029s] Level 1:colcon.colcon_core.environment:checking '/home/agilex/agilex_ws/install/nav2_theta_star_planner/bin'
[5.029s] Level 1:colcon.colcon_core.environment:checking '/home/agilex/agilex_ws/install/nav2_theta_star_planner/lib/pkgconfig/nav2_theta_star_planner.pc'
[5.029s] Level 1:colcon.colcon_core.environment:checking '/home/agilex/agilex_ws/install/nav2_theta_star_planner/lib/python3.10/site-packages'
[5.029s] Level 1:colcon.colcon_core.environment:checking '/home/agilex/agilex_ws/install/nav2_theta_star_planner/bin'
[5.032s] INFO:colcon.colcon_core.shell:Creating package script '/home/agilex/agilex_ws/install/nav2_theta_star_planner/share/nav2_theta_star_planner/package.ps1'
[5.033s] INFO:colcon.colcon_core.shell:Creating package descriptor '/home/agilex/agilex_ws/install/nav2_theta_star_planner/share/nav2_theta_star_planner/package.dsv'
[5.033s] INFO:colcon.colcon_core.shell:Creating package script '/home/agilex/agilex_ws/install/nav2_theta_star_planner/share/nav2_theta_star_planner/package.sh'
[5.033s] INFO:colcon.colcon_core.shell:Creating package script '/home/agilex/agilex_ws/install/nav2_theta_star_planner/share/nav2_theta_star_planner/package.bash'
[5.033s] INFO:colcon.colcon_core.shell:Creating package script '/home/agilex/agilex_ws/install/nav2_theta_star_planner/share/nav2_theta_star_planner/package.zsh'
[5.033s] Level 1:colcon.colcon_core.environment:create_file_with_runtime_dependencies(/home/agilex/agilex_ws/install/nav2_theta_star_planner/share/colcon-core/packages/nav2_theta_star_planner)
[5.037s] Level 1:colcon.colcon_core.environment:create_environment_scripts_only(nav2_smoother)
[5.040s] Level 1:colcon.colcon_core.environment:checking '/home/agilex/agilex_ws/install/nav2_smoother' for CMake module files
[5.040s] Level 1:colcon.colcon_core.environment:checking '/home/agilex/agilex_ws/install/nav2_smoother' for CMake config files
[5.040s] Level 1:colcon.colcon_core.shell:create_environment_hook('nav2_smoother', 'cmake_prefix_path')
[5.043s] INFO:colcon.colcon_core.shell:Creating environment hook '/home/agilex/agilex_ws/install/nav2_smoother/share/nav2_smoother/hook/cmake_prefix_path.ps1'
[5.044s] INFO:colcon.colcon_core.shell:Creating environment descriptor '/home/agilex/agilex_ws/install/nav2_smoother/share/nav2_smoother/hook/cmake_prefix_path.dsv'
[5.044s] INFO:colcon.colcon_core.shell:Creating environment hook '/home/agilex/agilex_ws/install/nav2_smoother/share/nav2_smoother/hook/cmake_prefix_path.sh'
[5.044s] Level 1:colcon.colcon_core.environment:checking '/home/agilex/agilex_ws/install/nav2_smoother/lib'
[5.044s] Level 1:colcon.colcon_core.shell:create_environment_hook('nav2_smoother', 'ld_library_path_lib')
[5.047s] INFO:colcon.colcon_core.shell:Creating environment hook '/home/agilex/agilex_ws/install/nav2_smoother/share/nav2_smoother/hook/ld_library_path_lib.ps1'
[5.047s] INFO:colcon.colcon_core.shell:Creating environment descriptor '/home/agilex/agilex_ws/install/nav2_smoother/share/nav2_smoother/hook/ld_library_path_lib.dsv'
[5.048s] INFO:colcon.colcon_core.shell:Creating environment hook '/home/agilex/agilex_ws/install/nav2_smoother/share/nav2_smoother/hook/ld_library_path_lib.sh'
[5.048s] Level 1:colcon.colcon_core.environment:checking '/home/agilex/agilex_ws/install/nav2_smoother/bin'
[5.048s] Level 1:colcon.colcon_core.environment:checking '/home/agilex/agilex_ws/install/nav2_smoother/lib/pkgconfig/nav2_smoother.pc'
[5.048s] Level 1:colcon.colcon_core.environment:checking '/home/agilex/agilex_ws/install/nav2_smoother/lib/python3.10/site-packages'
[5.048s] Level 1:colcon.colcon_core.environment:checking '/home/agilex/agilex_ws/install/nav2_smoother/bin'
[5.051s] INFO:colcon.colcon_core.shell:Creating package script '/home/agilex/agilex_ws/install/nav2_smoother/share/nav2_smoother/package.ps1'
[5.051s] INFO:colcon.colcon_core.shell:Creating package descriptor '/home/agilex/agilex_ws/install/nav2_smoother/share/nav2_smoother/package.dsv'
[5.051s] INFO:colcon.colcon_core.shell:Creating package script '/home/agilex/agilex_ws/install/nav2_smoother/share/nav2_smoother/package.sh'
[5.052s] INFO:colcon.colcon_core.shell:Creating package script '/home/agilex/agilex_ws/install/nav2_smoother/share/nav2_smoother/package.bash'
[5.052s] INFO:colcon.colcon_core.shell:Creating package script '/home/agilex/agilex_ws/install/nav2_smoother/share/nav2_smoother/package.zsh'
[5.052s] Level 1:colcon.colcon_core.environment:create_file_with_runtime_dependencies(/home/agilex/agilex_ws/install/nav2_smoother/share/colcon-core/packages/nav2_smoother)
[5.055s] Level 1:colcon.colcon_core.environment:create_environment_scripts_only(nav2_controller)
[5.058s] Level 1:colcon.colcon_core.environment:checking '/home/agilex/agilex_ws/install/nav2_controller' for CMake module files
[5.059s] Level 1:colcon.colcon_core.environment:checking '/home/agilex/agilex_ws/install/nav2_controller' for CMake config files
[5.059s] Level 1:colcon.colcon_core.shell:create_environment_hook('nav2_controller', 'cmake_prefix_path')
[5.062s] INFO:colcon.colcon_core.shell:Creating environment hook '/home/agilex/agilex_ws/install/nav2_controller/share/nav2_controller/hook/cmake_prefix_path.ps1'
[5.062s] INFO:colcon.colcon_core.shell:Creating environment descriptor '/home/agilex/agilex_ws/install/nav2_controller/share/nav2_controller/hook/cmake_prefix_path.dsv'
[5.063s] INFO:colcon.colcon_core.shell:Creating environment hook '/home/agilex/agilex_ws/install/nav2_controller/share/nav2_controller/hook/cmake_prefix_path.sh'
[5.063s] Level 1:colcon.colcon_core.environment:checking '/home/agilex/agilex_ws/install/nav2_controller/lib'
[5.063s] Level 1:colcon.colcon_core.shell:create_environment_hook('nav2_controller', 'ld_library_path_lib')
[5.066s] INFO:colcon.colcon_core.shell:Creating environment hook '/home/agilex/agilex_ws/install/nav2_controller/share/nav2_controller/hook/ld_library_path_lib.ps1'
[5.066s] INFO:colcon.colcon_core.shell:Creating environment descriptor '/home/agilex/agilex_ws/install/nav2_controller/share/nav2_controller/hook/ld_library_path_lib.dsv'
[5.067s] INFO:colcon.colcon_core.shell:Creating environment hook '/home/agilex/agilex_ws/install/nav2_controller/share/nav2_controller/hook/ld_library_path_lib.sh'
[5.067s] Level 1:colcon.colcon_core.environment:checking '/home/agilex/agilex_ws/install/nav2_controller/bin'
[5.067s] Level 1:colcon.colcon_core.environment:checking '/home/agilex/agilex_ws/install/nav2_controller/lib/pkgconfig/nav2_controller.pc'
[5.067s] Level 1:colcon.colcon_core.environment:checking '/home/agilex/agilex_ws/install/nav2_controller/lib/python3.10/site-packages'
[5.067s] Level 1:colcon.colcon_core.environment:checking '/home/agilex/agilex_ws/install/nav2_controller/bin'
[5.070s] INFO:colcon.colcon_core.shell:Creating package script '/home/agilex/agilex_ws/install/nav2_controller/share/nav2_controller/package.ps1'
[5.070s] INFO:colcon.colcon_core.shell:Creating package descriptor '/home/agilex/agilex_ws/install/nav2_controller/share/nav2_controller/package.dsv'
[5.071s] INFO:colcon.colcon_core.shell:Creating package script '/home/agilex/agilex_ws/install/nav2_controller/share/nav2_controller/package.sh'
[5.071s] INFO:colcon.colcon_core.shell:Creating package script '/home/agilex/agilex_ws/install/nav2_controller/share/nav2_controller/package.bash'
[5.071s] INFO:colcon.colcon_core.shell:Creating package script '/home/agilex/agilex_ws/install/nav2_controller/share/nav2_controller/package.zsh'
[5.071s] Level 1:colcon.colcon_core.environment:create_file_with_runtime_dependencies(/home/agilex/agilex_ws/install/nav2_controller/share/colcon-core/packages/nav2_controller)
[5.075s] Level 1:colcon.colcon_core.environment:create_environment_scripts_only(nav2_behaviors)
[5.079s] Level 1:colcon.colcon_core.environment:checking '/home/agilex/agilex_ws/install/nav2_behaviors' for CMake module files
[5.079s] Level 1:colcon.colcon_core.environment:checking '/home/agilex/agilex_ws/install/nav2_behaviors' for CMake config files
[5.079s] Level 1:colcon.colcon_core.shell:create_environment_hook('nav2_behaviors', 'cmake_prefix_path')
[5.082s] INFO:colcon.colcon_core.shell:Creating environment hook '/home/agilex/agilex_ws/install/nav2_behaviors/share/nav2_behaviors/hook/cmake_prefix_path.ps1'
[5.082s] INFO:colcon.colcon_core.shell:Creating environment descriptor '/home/agilex/agilex_ws/install/nav2_behaviors/share/nav2_behaviors/hook/cmake_prefix_path.dsv'
[5.082s] INFO:colcon.colcon_core.shell:Creating environment hook '/home/agilex/agilex_ws/install/nav2_behaviors/share/nav2_behaviors/hook/cmake_prefix_path.sh'
[5.083s] Level 1:colcon.colcon_core.environment:checking '/home/agilex/agilex_ws/install/nav2_behaviors/lib'
[5.083s] Level 1:colcon.colcon_core.shell:create_environment_hook('nav2_behaviors', 'ld_library_path_lib')
[5.093s] INFO:colcon.colcon_core.shell:Creating environment hook '/home/agilex/agilex_ws/install/nav2_behaviors/share/nav2_behaviors/hook/ld_library_path_lib.ps1'
[5.094s] INFO:colcon.colcon_core.shell:Creating environment descriptor '/home/agilex/agilex_ws/install/nav2_behaviors/share/nav2_behaviors/hook/ld_library_path_lib.dsv'
[5.094s] INFO:colcon.colcon_core.shell:Creating environment hook '/home/agilex/agilex_ws/install/nav2_behaviors/share/nav2_behaviors/hook/ld_library_path_lib.sh'
[5.094s] Level 1:colcon.colcon_core.environment:checking '/home/agilex/agilex_ws/install/nav2_behaviors/bin'
[5.094s] Level 1:colcon.colcon_core.environment:checking '/home/agilex/agilex_ws/install/nav2_behaviors/lib/pkgconfig/nav2_behaviors.pc'
[5.094s] Level 1:colcon.colcon_core.environment:checking '/home/agilex/agilex_ws/install/nav2_behaviors/lib/python3.10/site-packages'
[5.094s] Level 1:colcon.colcon_core.environment:checking '/home/agilex/agilex_ws/install/nav2_behaviors/bin'
[5.098s] INFO:colcon.colcon_core.shell:Creating package script '/home/agilex/agilex_ws/install/nav2_behaviors/share/nav2_behaviors/package.ps1'
[5.098s] INFO:colcon.colcon_core.shell:Creating package descriptor '/home/agilex/agilex_ws/install/nav2_behaviors/share/nav2_behaviors/package.dsv'
[5.098s] INFO:colcon.colcon_core.shell:Creating package script '/home/agilex/agilex_ws/install/nav2_behaviors/share/nav2_behaviors/package.sh'
[5.098s] INFO:colcon.colcon_core.shell:Creating package script '/home/agilex/agilex_ws/install/nav2_behaviors/share/nav2_behaviors/package.bash'
[5.098s] INFO:colcon.colcon_core.shell:Creating package script '/home/agilex/agilex_ws/install/nav2_behaviors/share/nav2_behaviors/package.zsh'
[5.099s] Level 1:colcon.colcon_core.environment:create_file_with_runtime_dependencies(/home/agilex/agilex_ws/install/nav2_behaviors/share/colcon-core/packages/nav2_behaviors)
[5.102s] Level 1:colcon.colcon_core.environment:create_environment_scripts_only(nav2_constrained_smoother)
[5.105s] Level 1:colcon.colcon_core.environment:checking '/home/agilex/agilex_ws/install/nav2_constrained_smoother' for CMake module files
[5.105s] Level 1:colcon.colcon_core.environment:checking '/home/agilex/agilex_ws/install/nav2_constrained_smoother' for CMake config files
[5.105s] Level 1:colcon.colcon_core.shell:create_environment_hook('nav2_constrained_smoother', 'cmake_prefix_path')
[5.108s] INFO:colcon.colcon_core.shell:Creating environment hook '/home/agilex/agilex_ws/install/nav2_constrained_smoother/share/nav2_constrained_smoother/hook/cmake_prefix_path.ps1'
[5.108s] INFO:colcon.colcon_core.shell:Creating environment descriptor '/home/agilex/agilex_ws/install/nav2_constrained_smoother/share/nav2_constrained_smoother/hook/cmake_prefix_path.dsv'
[5.109s] INFO:colcon.colcon_core.shell:Creating environment hook '/home/agilex/agilex_ws/install/nav2_constrained_smoother/share/nav2_constrained_smoother/hook/cmake_prefix_path.sh'
[5.109s] Level 1:colcon.colcon_core.environment:checking '/home/agilex/agilex_ws/install/nav2_constrained_smoother/lib'
[5.109s] Level 1:colcon.colcon_core.shell:create_environment_hook('nav2_constrained_smoother', 'ld_library_path_lib')
[5.113s] INFO:colcon.colcon_core.shell:Creating environment hook '/home/agilex/agilex_ws/install/nav2_constrained_smoother/share/nav2_constrained_smoother/hook/ld_library_path_lib.ps1'
[5.113s] INFO:colcon.colcon_core.shell:Creating environment descriptor '/home/agilex/agilex_ws/install/nav2_constrained_smoother/share/nav2_constrained_smoother/hook/ld_library_path_lib.dsv'
[5.113s] INFO:colcon.colcon_core.shell:Creating environment hook '/home/agilex/agilex_ws/install/nav2_constrained_smoother/share/nav2_constrained_smoother/hook/ld_library_path_lib.sh'
[5.113s] Level 1:colcon.colcon_core.environment:checking '/home/agilex/agilex_ws/install/nav2_constrained_smoother/bin'
[5.113s] Level 1:colcon.colcon_core.environment:checking '/home/agilex/agilex_ws/install/nav2_constrained_smoother/lib/pkgconfig/nav2_constrained_smoother.pc'
[5.114s] Level 1:colcon.colcon_core.environment:checking '/home/agilex/agilex_ws/install/nav2_constrained_smoother/lib/python3.10/site-packages'
[5.114s] Level 1:colcon.colcon_core.environment:checking '/home/agilex/agilex_ws/install/nav2_constrained_smoother/bin'
[5.117s] INFO:colcon.colcon_core.shell:Creating package script '/home/agilex/agilex_ws/install/nav2_constrained_smoother/share/nav2_constrained_smoother/package.ps1'
[5.117s] INFO:colcon.colcon_core.shell:Creating package descriptor '/home/agilex/agilex_ws/install/nav2_constrained_smoother/share/nav2_constrained_smoother/package.dsv'
[5.118s] INFO:colcon.colcon_core.shell:Creating package script '/home/agilex/agilex_ws/install/nav2_constrained_smoother/share/nav2_constrained_smoother/package.sh'
[5.118s] INFO:colcon.colcon_core.shell:Creating package script '/home/agilex/agilex_ws/install/nav2_constrained_smoother/share/nav2_constrained_smoother/package.bash'
[5.118s] INFO:colcon.colcon_core.shell:Creating package script '/home/agilex/agilex_ws/install/nav2_constrained_smoother/share/nav2_constrained_smoother/package.zsh'
[5.118s] Level 1:colcon.colcon_core.environment:create_file_with_runtime_dependencies(/home/agilex/agilex_ws/install/nav2_constrained_smoother/share/colcon-core/packages/nav2_constrained_smoother)
[5.119s] INFO:colcon.colcon_ros.task.ament_cmake.build:Building ROS package in '/home/agilex/agilex_ws/src/navigation2/nav2_rotation_shim_controller' with build type 'ament_cmake'
[5.119s] INFO:colcon.colcon_cmake.task.cmake.build:Building CMake package in '/home/agilex/agilex_ws/src/navigation2/nav2_rotation_shim_controller'
[5.122s] INFO:colcon.colcon_core.shell:Skip shell extension 'powershell' for command environment: Not usable outside of PowerShell
[5.122s] DEBUG:colcon.colcon_core.shell:Skip shell extension 'dsv' for command environment
[5.126s] INFO:colcon.colcon_ros.task.ament_cmake.build:Building ROS package in '/home/agilex/agilex_ws/src/limo_ros2/limo_bringup' with build type 'ament_cmake'
[5.126s] INFO:colcon.colcon_cmake.task.cmake.build:Building CMake package in '/home/agilex/agilex_ws/src/limo_ros2/limo_bringup'
[5.130s] INFO:colcon.colcon_core.shell:Skip shell extension 'powershell' for command environment: Not usable outside of PowerShell
[5.130s] DEBUG:colcon.colcon_core.shell:Skip shell extension 'dsv' for command environment
[5.136s] DEBUG:colcon.colcon_core.event_handler.log_command:Invoking command in '/home/agilex/agilex_ws/build/dwb_critics': AMENT_PREFIX_PATH=/home/agilex/agilex_ws/install/dwb_core:/home/agilex/agilex_ws/install/nav2_core:/home/agilex/agilex_ws/install/costmap_queue:/home/agilex/agilex_ws/install/nav2_costmap_2d:/home/agilex/agilex_ws/install/nav_2d_utils:/home/agilex/agilex_ws/install/nav2_util:/home/agilex/agilex_ws/install/nav2_voxel_grid:/home/agilex/agilex_ws/install/nav2_msgs:/home/agilex/agilex_ws/install/dwb_msgs:/home/agilex/agilex_ws/install/nav_2d_msgs:/home/agilex/agilex_ws/install/nav2_common CMAKE_PREFIX_PATH=/home/agilex/agilex_ws/install/dwb_core:/home/agilex/agilex_ws/install/nav2_core:/home/agilex/agilex_ws/install/costmap_queue:/home/agilex/agilex_ws/install/nav2_costmap_2d:/home/agilex/agilex_ws/install/nav_2d_utils:/home/agilex/agilex_ws/install/nav2_util:/home/agilex/agilex_ws/install/nav2_voxel_grid:/home/agilex/agilex_ws/install/nav2_msgs:/home/agilex/agilex_ws/install/dwb_msgs:/home/agilex/agilex_ws/install/nav_2d_msgs:/home/agilex/agilex_ws/install/nav2_common LD_LIBRARY_PATH=/home/agilex/agilex_ws/install/dwb_core/lib:/home/agilex/agilex_ws/install/costmap_queue/lib:/home/agilex/agilex_ws/install/nav2_costmap_2d/lib:/home/agilex/agilex_ws/install/nav_2d_utils/lib:/home/agilex/agilex_ws/install/nav2_util/lib:/home/agilex/agilex_ws/install/nav2_voxel_grid/lib:/home/agilex/agilex_ws/install/nav2_msgs/lib:/home/agilex/agilex_ws/install/dwb_msgs/lib:/home/agilex/agilex_ws/install/nav_2d_msgs/lib PYTHONPATH=/home/agilex/agilex_ws/install/nav2_msgs/local/lib/python3.10/dist-packages:/home/agilex/agilex_ws/install/dwb_msgs/local/lib/python3.10/dist-packages:/home/agilex/agilex_ws/install/nav_2d_msgs/local/lib/python3.10/dist-packages:/home/agilex/agilex_ws/install/nav2_common/local/lib/python3.10/dist-packages /usr/bin/cmake --build /home/agilex/agilex_ws/build/dwb_critics -- -j16 -l16
[5.138s] DEBUG:colcon.colcon_core.event_handler.log_command:Invoking command in '/home/agilex/agilex_ws/build/dwb_plugins': AMENT_PREFIX_PATH=/home/agilex/agilex_ws/install/dwb_core:/home/agilex/agilex_ws/install/nav2_core:/home/agilex/agilex_ws/install/nav2_costmap_2d:/home/agilex/agilex_ws/install/nav_2d_utils:/home/agilex/agilex_ws/install/nav2_util:/home/agilex/agilex_ws/install/nav2_voxel_grid:/home/agilex/agilex_ws/install/nav2_msgs:/home/agilex/agilex_ws/install/dwb_msgs:/home/agilex/agilex_ws/install/nav_2d_msgs:/home/agilex/agilex_ws/install/nav2_common CMAKE_PREFIX_PATH=/home/agilex/agilex_ws/install/dwb_core:/home/agilex/agilex_ws/install/nav2_core:/home/agilex/agilex_ws/install/nav2_costmap_2d:/home/agilex/agilex_ws/install/nav_2d_utils:/home/agilex/agilex_ws/install/nav2_util:/home/agilex/agilex_ws/install/nav2_voxel_grid:/home/agilex/agilex_ws/install/nav2_msgs:/home/agilex/agilex_ws/install/dwb_msgs:/home/agilex/agilex_ws/install/nav_2d_msgs:/home/agilex/agilex_ws/install/nav2_common LD_LIBRARY_PATH=/home/agilex/agilex_ws/install/dwb_core/lib:/home/agilex/agilex_ws/install/nav2_costmap_2d/lib:/home/agilex/agilex_ws/install/nav_2d_utils/lib:/home/agilex/agilex_ws/install/nav2_util/lib:/home/agilex/agilex_ws/install/nav2_voxel_grid/lib:/home/agilex/agilex_ws/install/nav2_msgs/lib:/home/agilex/agilex_ws/install/dwb_msgs/lib:/home/agilex/agilex_ws/install/nav_2d_msgs/lib PYTHONPATH=/home/agilex/agilex_ws/install/nav2_msgs/local/lib/python3.10/dist-packages:/home/agilex/agilex_ws/install/dwb_msgs/local/lib/python3.10/dist-packages:/home/agilex/agilex_ws/install/nav_2d_msgs/local/lib/python3.10/dist-packages:/home/agilex/agilex_ws/install/nav2_common/local/lib/python3.10/dist-packages /usr/bin/cmake --build /home/agilex/agilex_ws/build/dwb_plugins -- -j16 -l16
[5.142s] Level 1:colcon.colcon_core.environment:create_environment_scripts_only(nav2_smac_planner)
[5.146s] Level 1:colcon.colcon_core.environment:checking '/home/agilex/agilex_ws/install/nav2_smac_planner' for CMake module files
[5.147s] Level 1:colcon.colcon_core.environment:checking '/home/agilex/agilex_ws/install/nav2_smac_planner' for CMake config files
[5.147s] Level 1:colcon.colcon_core.shell:create_environment_hook('nav2_smac_planner', 'cmake_prefix_path')
[5.150s] INFO:colcon.colcon_core.shell:Creating environment hook '/home/agilex/agilex_ws/install/nav2_smac_planner/share/nav2_smac_planner/hook/cmake_prefix_path.ps1'
[5.151s] INFO:colcon.colcon_core.shell:Creating environment descriptor '/home/agilex/agilex_ws/install/nav2_smac_planner/share/nav2_smac_planner/hook/cmake_prefix_path.dsv'
[5.151s] INFO:colcon.colcon_core.shell:Creating environment hook '/home/agilex/agilex_ws/install/nav2_smac_planner/share/nav2_smac_planner/hook/cmake_prefix_path.sh'
[5.151s] Level 1:colcon.colcon_core.environment:checking '/home/agilex/agilex_ws/install/nav2_smac_planner/lib'
[5.151s] Level 1:colcon.colcon_core.shell:create_environment_hook('nav2_smac_planner', 'ld_library_path_lib')
[5.155s] INFO:colcon.colcon_core.shell:Creating environment hook '/home/agilex/agilex_ws/install/nav2_smac_planner/share/nav2_smac_planner/hook/ld_library_path_lib.ps1'
[5.155s] INFO:colcon.colcon_core.shell:Creating environment descriptor '/home/agilex/agilex_ws/install/nav2_smac_planner/share/nav2_smac_planner/hook/ld_library_path_lib.dsv'
[5.155s] INFO:colcon.colcon_core.shell:Creating environment hook '/home/agilex/agilex_ws/install/nav2_smac_planner/share/nav2_smac_planner/hook/ld_library_path_lib.sh'
[5.155s] Level 1:colcon.colcon_core.environment:checking '/home/agilex/agilex_ws/install/nav2_smac_planner/bin'
[5.156s] Level 1:colcon.colcon_core.environment:checking '/home/agilex/agilex_ws/install/nav2_smac_planner/lib/pkgconfig/nav2_smac_planner.pc'
[5.156s] Level 1:colcon.colcon_core.environment:checking '/home/agilex/agilex_ws/install/nav2_smac_planner/lib/python3.10/site-packages'
[5.156s] Level 1:colcon.colcon_core.environment:checking '/home/agilex/agilex_ws/install/nav2_smac_planner/bin'
[5.159s] INFO:colcon.colcon_core.shell:Creating package script '/home/agilex/agilex_ws/install/nav2_smac_planner/share/nav2_smac_planner/package.ps1'
[5.160s] INFO:colcon.colcon_core.shell:Creating package descriptor '/home/agilex/agilex_ws/install/nav2_smac_planner/share/nav2_smac_planner/package.dsv'
[5.160s] INFO:colcon.colcon_core.shell:Creating package script '/home/agilex/agilex_ws/install/nav2_smac_planner/share/nav2_smac_planner/package.sh'
[5.160s] INFO:colcon.colcon_core.shell:Creating package script '/home/agilex/agilex_ws/install/nav2_smac_planner/share/nav2_smac_planner/package.bash'
[5.161s] INFO:colcon.colcon_core.shell:Creating package script '/home/agilex/agilex_ws/install/nav2_smac_planner/share/nav2_smac_planner/package.zsh'
[5.161s] Level 1:colcon.colcon_core.environment:create_file_with_runtime_dependencies(/home/agilex/agilex_ws/install/nav2_smac_planner/share/colcon-core/packages/nav2_smac_planner)
[5.164s] DEBUG:colcon.colcon_core.event_handler.log_command:Invoking command in '/home/agilex/agilex_ws/build/nav2_rotation_shim_controller': AMENT_PREFIX_PATH=/home/agilex/agilex_ws/install/nav2_regulated_pure_pursuit_controller:/home/agilex/agilex_ws/install/nav2_controller:/home/agilex/agilex_ws/install/nav2_core:/home/agilex/agilex_ws/install/nav2_costmap_2d:/home/agilex/agilex_ws/install/nav_2d_utils:/home/agilex/agilex_ws/install/nav2_util:/home/agilex/agilex_ws/install/nav2_voxel_grid:/home/agilex/agilex_ws/install/nav2_msgs:/home/agilex/agilex_ws/install/nav_2d_msgs:/home/agilex/agilex_ws/install/nav2_common CMAKE_PREFIX_PATH=/home/agilex/agilex_ws/install/nav2_regulated_pure_pursuit_controller:/home/agilex/agilex_ws/install/nav2_controller:/home/agilex/agilex_ws/install/nav2_core:/home/agilex/agilex_ws/install/nav2_costmap_2d:/home/agilex/agilex_ws/install/nav_2d_utils:/home/agilex/agilex_ws/install/nav2_util:/home/agilex/agilex_ws/install/nav2_voxel_grid:/home/agilex/agilex_ws/install/nav2_msgs:/home/agilex/agilex_ws/install/nav_2d_msgs:/home/agilex/agilex_ws/install/nav2_common LD_LIBRARY_PATH=/home/agilex/agilex_ws/install/nav2_regulated_pure_pursuit_controller/lib:/home/agilex/agilex_ws/install/nav2_controller/lib:/home/agilex/agilex_ws/install/nav2_costmap_2d/lib:/home/agilex/agilex_ws/install/nav_2d_utils/lib:/home/agilex/agilex_ws/install/nav2_util/lib:/home/agilex/agilex_ws/install/nav2_voxel_grid/lib:/home/agilex/agilex_ws/install/nav2_msgs/lib:/home/agilex/agilex_ws/install/nav_2d_msgs/lib PYTHONPATH=/home/agilex/agilex_ws/install/nav2_msgs/local/lib/python3.10/dist-packages:/home/agilex/agilex_ws/install/nav_2d_msgs/local/lib/python3.10/dist-packages:/home/agilex/agilex_ws/install/nav2_common/local/lib/python3.10/dist-packages /usr/bin/cmake --build /home/agilex/agilex_ws/build/nav2_rotation_shim_controller -- -j16 -l16
[5.165s] DEBUG:colcon.colcon_core.event_handler.log_command:Invoking command in '/home/agilex/agilex_ws/build/limo_bringup': AMENT_PREFIX_PATH=/home/agilex/agilex_ws/install/nav2_waypoint_follower:/home/agilex/agilex_ws/install/nav2_planner:/home/agilex/agilex_ws/install/nav2_controller:/home/agilex/agilex_ws/install/nav2_bt_navigator:/home/agilex/agilex_ws/install/nav2_core:/home/agilex/agilex_ws/install/nav2_costmap_2d:/home/agilex/agilex_ws/install/nav_2d_utils:/home/agilex/agilex_ws/install/nav2_map_server:/home/agilex/agilex_ws/install/nav2_lifecycle_manager:/home/agilex/agilex_ws/install/nav2_behavior_tree:/home/agilex/agilex_ws/install/nav2_amcl:/home/agilex/agilex_ws/install/nav2_util:/home/agilex/agilex_ws/install/nav2_voxel_grid:/home/agilex/agilex_ws/install/nav2_msgs:/home/agilex/agilex_ws/install/nav_2d_msgs:/home/agilex/agilex_ws/install/nav2_common:/home/agilex/agilex_ws/install/limo_msgs CMAKE_PREFIX_PATH=/home/agilex/agilex_ws/install/nav2_waypoint_follower:/home/agilex/agilex_ws/install/nav2_planner:/home/agilex/agilex_ws/install/nav2_controller:/home/agilex/agilex_ws/install/nav2_bt_navigator:/home/agilex/agilex_ws/install/nav2_core:/home/agilex/agilex_ws/install/nav2_costmap_2d:/home/agilex/agilex_ws/install/nav_2d_utils:/home/agilex/agilex_ws/install/nav2_map_server:/home/agilex/agilex_ws/install/nav2_lifecycle_manager:/home/agilex/agilex_ws/install/nav2_behavior_tree:/home/agilex/agilex_ws/install/nav2_amcl:/home/agilex/agilex_ws/install/nav2_util:/home/agilex/agilex_ws/install/nav2_voxel_grid:/home/agilex/agilex_ws/install/nav2_msgs:/home/agilex/agilex_ws/install/nav_2d_msgs:/home/agilex/agilex_ws/install/nav2_common:/home/agilex/agilex_ws/install/limo_msgs LD_LIBRARY_PATH=/home/agilex/agilex_ws/install/nav2_waypoint_follower/lib:/home/agilex/agilex_ws/install/nav2_planner/lib:/home/agilex/agilex_ws/install/nav2_controller/lib:/home/agilex/agilex_ws/install/nav2_bt_navigator/lib:/home/agilex/agilex_ws/install/nav2_costmap_2d/lib:/home/agilex/agilex_ws/install/nav_2d_utils/lib:/home/agilex/agilex_ws/install/nav2_map_server/lib:/home/agilex/agilex_ws/install/nav2_lifecycle_manager/lib:/home/agilex/agilex_ws/install/nav2_behavior_tree/lib:/home/agilex/agilex_ws/install/nav2_amcl/lib:/home/agilex/agilex_ws/install/nav2_util/lib:/home/agilex/agilex_ws/install/nav2_voxel_grid/lib:/home/agilex/agilex_ws/install/nav2_msgs/lib:/home/agilex/agilex_ws/install/nav_2d_msgs/lib:/home/agilex/agilex_ws/install/limo_msgs/lib PYTHONPATH=/home/agilex/agilex_ws/install/nav2_msgs/local/lib/python3.10/dist-packages:/home/agilex/agilex_ws/install/nav_2d_msgs/local/lib/python3.10/dist-packages:/home/agilex/agilex_ws/install/nav2_common/local/lib/python3.10/dist-packages:/home/agilex/agilex_ws/install/limo_msgs/local/lib/python3.10/dist-packages /usr/bin/cmake --build /home/agilex/agilex_ws/build/limo_bringup -- -j16 -l16
[5.196s] DEBUG:colcon.colcon_core.event_handler.log_command:Invoked command in '/home/agilex/agilex_ws/build/limo_bringup' returned '0': AMENT_PREFIX_PATH=/home/agilex/agilex_ws/install/nav2_waypoint_follower:/home/agilex/agilex_ws/install/nav2_planner:/home/agilex/agilex_ws/install/nav2_controller:/home/agilex/agilex_ws/install/nav2_bt_navigator:/home/agilex/agilex_ws/install/nav2_core:/home/agilex/agilex_ws/install/nav2_costmap_2d:/home/agilex/agilex_ws/install/nav_2d_utils:/home/agilex/agilex_ws/install/nav2_map_server:/home/agilex/agilex_ws/install/nav2_lifecycle_manager:/home/agilex/agilex_ws/install/nav2_behavior_tree:/home/agilex/agilex_ws/install/nav2_amcl:/home/agilex/agilex_ws/install/nav2_util:/home/agilex/agilex_ws/install/nav2_voxel_grid:/home/agilex/agilex_ws/install/nav2_msgs:/home/agilex/agilex_ws/install/nav_2d_msgs:/home/agilex/agilex_ws/install/nav2_common:/home/agilex/agilex_ws/install/limo_msgs CMAKE_PREFIX_PATH=/home/agilex/agilex_ws/install/nav2_waypoint_follower:/home/agilex/agilex_ws/install/nav2_planner:/home/agilex/agilex_ws/install/nav2_controller:/home/agilex/agilex_ws/install/nav2_bt_navigator:/home/agilex/agilex_ws/install/nav2_core:/home/agilex/agilex_ws/install/nav2_costmap_2d:/home/agilex/agilex_ws/install/nav_2d_utils:/home/agilex/agilex_ws/install/nav2_map_server:/home/agilex/agilex_ws/install/nav2_lifecycle_manager:/home/agilex/agilex_ws/install/nav2_behavior_tree:/home/agilex/agilex_ws/install/nav2_amcl:/home/agilex/agilex_ws/install/nav2_util:/home/agilex/agilex_ws/install/nav2_voxel_grid:/home/agilex/agilex_ws/install/nav2_msgs:/home/agilex/agilex_ws/install/nav_2d_msgs:/home/agilex/agilex_ws/install/nav2_common:/home/agilex/agilex_ws/install/limo_msgs LD_LIBRARY_PATH=/home/agilex/agilex_ws/install/nav2_waypoint_follower/lib:/home/agilex/agilex_ws/install/nav2_planner/lib:/home/agilex/agilex_ws/install/nav2_controller/lib:/home/agilex/agilex_ws/install/nav2_bt_navigator/lib:/home/agilex/agilex_ws/install/nav2_costmap_2d/lib:/home/agilex/agilex_ws/install/nav_2d_utils/lib:/home/agilex/agilex_ws/install/nav2_map_server/lib:/home/agilex/agilex_ws/install/nav2_lifecycle_manager/lib:/home/agilex/agilex_ws/install/nav2_behavior_tree/lib:/home/agilex/agilex_ws/install/nav2_amcl/lib:/home/agilex/agilex_ws/install/nav2_util/lib:/home/agilex/agilex_ws/install/nav2_voxel_grid/lib:/home/agilex/agilex_ws/install/nav2_msgs/lib:/home/agilex/agilex_ws/install/nav_2d_msgs/lib:/home/agilex/agilex_ws/install/limo_msgs/lib PYTHONPATH=/home/agilex/agilex_ws/install/nav2_msgs/local/lib/python3.10/dist-packages:/home/agilex/agilex_ws/install/nav_2d_msgs/local/lib/python3.10/dist-packages:/home/agilex/agilex_ws/install/nav2_common/local/lib/python3.10/dist-packages:/home/agilex/agilex_ws/install/limo_msgs/local/lib/python3.10/dist-packages /usr/bin/cmake --build /home/agilex/agilex_ws/build/limo_bringup -- -j16 -l16
[5.215s] DEBUG:colcon.colcon_core.event_handler.log_command:Invoking command in '/home/agilex/agilex_ws/build/limo_bringup': AMENT_PREFIX_PATH=/home/agilex/agilex_ws/install/nav2_waypoint_follower:/home/agilex/agilex_ws/install/nav2_planner:/home/agilex/agilex_ws/install/nav2_controller:/home/agilex/agilex_ws/install/nav2_bt_navigator:/home/agilex/agilex_ws/install/nav2_core:/home/agilex/agilex_ws/install/nav2_costmap_2d:/home/agilex/agilex_ws/install/nav_2d_utils:/home/agilex/agilex_ws/install/nav2_map_server:/home/agilex/agilex_ws/install/nav2_lifecycle_manager:/home/agilex/agilex_ws/install/nav2_behavior_tree:/home/agilex/agilex_ws/install/nav2_amcl:/home/agilex/agilex_ws/install/nav2_util:/home/agilex/agilex_ws/install/nav2_voxel_grid:/home/agilex/agilex_ws/install/nav2_msgs:/home/agilex/agilex_ws/install/nav_2d_msgs:/home/agilex/agilex_ws/install/nav2_common:/home/agilex/agilex_ws/install/limo_msgs CMAKE_PREFIX_PATH=/home/agilex/agilex_ws/install/nav2_waypoint_follower:/home/agilex/agilex_ws/install/nav2_planner:/home/agilex/agilex_ws/install/nav2_controller:/home/agilex/agilex_ws/install/nav2_bt_navigator:/home/agilex/agilex_ws/install/nav2_core:/home/agilex/agilex_ws/install/nav2_costmap_2d:/home/agilex/agilex_ws/install/nav_2d_utils:/home/agilex/agilex_ws/install/nav2_map_server:/home/agilex/agilex_ws/install/nav2_lifecycle_manager:/home/agilex/agilex_ws/install/nav2_behavior_tree:/home/agilex/agilex_ws/install/nav2_amcl:/home/agilex/agilex_ws/install/nav2_util:/home/agilex/agilex_ws/install/nav2_voxel_grid:/home/agilex/agilex_ws/install/nav2_msgs:/home/agilex/agilex_ws/install/nav_2d_msgs:/home/agilex/agilex_ws/install/nav2_common:/home/agilex/agilex_ws/install/limo_msgs LD_LIBRARY_PATH=/home/agilex/agilex_ws/install/nav2_waypoint_follower/lib:/home/agilex/agilex_ws/install/nav2_planner/lib:/home/agilex/agilex_ws/install/nav2_controller/lib:/home/agilex/agilex_ws/install/nav2_bt_navigator/lib:/home/agilex/agilex_ws/install/nav2_costmap_2d/lib:/home/agilex/agilex_ws/install/nav_2d_utils/lib:/home/agilex/agilex_ws/install/nav2_map_server/lib:/home/agilex/agilex_ws/install/nav2_lifecycle_manager/lib:/home/agilex/agilex_ws/install/nav2_behavior_tree/lib:/home/agilex/agilex_ws/install/nav2_amcl/lib:/home/agilex/agilex_ws/install/nav2_util/lib:/home/agilex/agilex_ws/install/nav2_voxel_grid/lib:/home/agilex/agilex_ws/install/nav2_msgs/lib:/home/agilex/agilex_ws/install/nav_2d_msgs/lib:/home/agilex/agilex_ws/install/limo_msgs/lib PYTHONPATH=/home/agilex/agilex_ws/install/nav2_msgs/local/lib/python3.10/dist-packages:/home/agilex/agilex_ws/install/nav_2d_msgs/local/lib/python3.10/dist-packages:/home/agilex/agilex_ws/install/nav2_common/local/lib/python3.10/dist-packages:/home/agilex/agilex_ws/install/limo_msgs/local/lib/python3.10/dist-packages /usr/bin/cmake --install /home/agilex/agilex_ws/build/limo_bringup
[5.228s] Level 1:colcon.colcon_core.environment:create_environment_scripts_only(limo_bringup)
[5.232s] DEBUG:colcon.colcon_core.event_handler.log_command:Invoked command in '/home/agilex/agilex_ws/build/limo_bringup' returned '0': AMENT_PREFIX_PATH=/home/agilex/agilex_ws/install/nav2_waypoint_follower:/home/agilex/agilex_ws/install/nav2_planner:/home/agilex/agilex_ws/install/nav2_controller:/home/agilex/agilex_ws/install/nav2_bt_navigator:/home/agilex/agilex_ws/install/nav2_core:/home/agilex/agilex_ws/install/nav2_costmap_2d:/home/agilex/agilex_ws/install/nav_2d_utils:/home/agilex/agilex_ws/install/nav2_map_server:/home/agilex/agilex_ws/install/nav2_lifecycle_manager:/home/agilex/agilex_ws/install/nav2_behavior_tree:/home/agilex/agilex_ws/install/nav2_amcl:/home/agilex/agilex_ws/install/nav2_util:/home/agilex/agilex_ws/install/nav2_voxel_grid:/home/agilex/agilex_ws/install/nav2_msgs:/home/agilex/agilex_ws/install/nav_2d_msgs:/home/agilex/agilex_ws/install/nav2_common:/home/agilex/agilex_ws/install/limo_msgs CMAKE_PREFIX_PATH=/home/agilex/agilex_ws/install/nav2_waypoint_follower:/home/agilex/agilex_ws/install/nav2_planner:/home/agilex/agilex_ws/install/nav2_controller:/home/agilex/agilex_ws/install/nav2_bt_navigator:/home/agilex/agilex_ws/install/nav2_core:/home/agilex/agilex_ws/install/nav2_costmap_2d:/home/agilex/agilex_ws/install/nav_2d_utils:/home/agilex/agilex_ws/install/nav2_map_server:/home/agilex/agilex_ws/install/nav2_lifecycle_manager:/home/agilex/agilex_ws/install/nav2_behavior_tree:/home/agilex/agilex_ws/install/nav2_amcl:/home/agilex/agilex_ws/install/nav2_util:/home/agilex/agilex_ws/install/nav2_voxel_grid:/home/agilex/agilex_ws/install/nav2_msgs:/home/agilex/agilex_ws/install/nav_2d_msgs:/home/agilex/agilex_ws/install/nav2_common:/home/agilex/agilex_ws/install/limo_msgs LD_LIBRARY_PATH=/home/agilex/agilex_ws/install/nav2_waypoint_follower/lib:/home/agilex/agilex_ws/install/nav2_planner/lib:/home/agilex/agilex_ws/install/nav2_controller/lib:/home/agilex/agilex_ws/install/nav2_bt_navigator/lib:/home/agilex/agilex_ws/install/nav2_costmap_2d/lib:/home/agilex/agilex_ws/install/nav_2d_utils/lib:/home/agilex/agilex_ws/install/nav2_map_server/lib:/home/agilex/agilex_ws/install/nav2_lifecycle_manager/lib:/home/agilex/agilex_ws/install/nav2_behavior_tree/lib:/home/agilex/agilex_ws/install/nav2_amcl/lib:/home/agilex/agilex_ws/install/nav2_util/lib:/home/agilex/agilex_ws/install/nav2_voxel_grid/lib:/home/agilex/agilex_ws/install/nav2_msgs/lib:/home/agilex/agilex_ws/install/nav_2d_msgs/lib:/home/agilex/agilex_ws/install/limo_msgs/lib PYTHONPATH=/home/agilex/agilex_ws/install/nav2_msgs/local/lib/python3.10/dist-packages:/home/agilex/agilex_ws/install/nav_2d_msgs/local/lib/python3.10/dist-packages:/home/agilex/agilex_ws/install/nav2_common/local/lib/python3.10/dist-packages:/home/agilex/agilex_ws/install/limo_msgs/local/lib/python3.10/dist-packages /usr/bin/cmake --install /home/agilex/agilex_ws/build/limo_bringup
[5.239s] Level 1:colcon.colcon_core.environment:checking '/home/agilex/agilex_ws/install/limo_bringup' for CMake module files
[5.240s] Level 1:colcon.colcon_core.environment:checking '/home/agilex/agilex_ws/install/limo_bringup' for CMake config files
[5.240s] Level 1:colcon.colcon_core.shell:create_environment_hook('limo_bringup', 'cmake_prefix_path')
[5.245s] INFO:colcon.colcon_core.shell:Creating environment hook '/home/agilex/agilex_ws/install/limo_bringup/share/limo_bringup/hook/cmake_prefix_path.ps1'
[5.245s] INFO:colcon.colcon_core.shell:Creating environment descriptor '/home/agilex/agilex_ws/install/limo_bringup/share/limo_bringup/hook/cmake_prefix_path.dsv'
[5.246s] INFO:colcon.colcon_core.shell:Creating environment hook '/home/agilex/agilex_ws/install/limo_bringup/share/limo_bringup/hook/cmake_prefix_path.sh'
[5.246s] Level 1:colcon.colcon_core.environment:checking '/home/agilex/agilex_ws/install/limo_bringup/bin'
[5.246s] Level 1:colcon.colcon_core.environment:checking '/home/agilex/agilex_ws/install/limo_bringup/lib/pkgconfig/limo_bringup.pc'
[5.246s] Level 1:colcon.colcon_core.environment:checking '/home/agilex/agilex_ws/install/limo_bringup/lib/python3.10/site-packages'
[5.246s] Level 1:colcon.colcon_core.environment:checking '/home/agilex/agilex_ws/install/limo_bringup/bin'
[5.250s] INFO:colcon.colcon_core.shell:Creating package script '/home/agilex/agilex_ws/install/limo_bringup/share/limo_bringup/package.ps1'
[5.250s] INFO:colcon.colcon_core.shell:Creating package descriptor '/home/agilex/agilex_ws/install/limo_bringup/share/limo_bringup/package.dsv'
[5.250s] INFO:colcon.colcon_core.shell:Creating package script '/home/agilex/agilex_ws/install/limo_bringup/share/limo_bringup/package.sh'
[5.250s] INFO:colcon.colcon_core.shell:Creating package script '/home/agilex/agilex_ws/install/limo_bringup/share/limo_bringup/package.bash'
[5.251s] INFO:colcon.colcon_core.shell:Creating package script '/home/agilex/agilex_ws/install/limo_bringup/share/limo_bringup/package.zsh'
[5.251s] Level 1:colcon.colcon_core.environment:create_file_with_runtime_dependencies(/home/agilex/agilex_ws/install/limo_bringup/share/colcon-core/packages/limo_bringup)
[5.252s] DEBUG:colcon.colcon_core.event_handler.log_command:Invoked command in '/home/agilex/agilex_ws/build/nav2_rotation_shim_controller' returned '0': AMENT_PREFIX_PATH=/home/agilex/agilex_ws/install/nav2_regulated_pure_pursuit_controller:/home/agilex/agilex_ws/install/nav2_controller:/home/agilex/agilex_ws/install/nav2_core:/home/agilex/agilex_ws/install/nav2_costmap_2d:/home/agilex/agilex_ws/install/nav_2d_utils:/home/agilex/agilex_ws/install/nav2_util:/home/agilex/agilex_ws/install/nav2_voxel_grid:/home/agilex/agilex_ws/install/nav2_msgs:/home/agilex/agilex_ws/install/nav_2d_msgs:/home/agilex/agilex_ws/install/nav2_common CMAKE_PREFIX_PATH=/home/agilex/agilex_ws/install/nav2_regulated_pure_pursuit_controller:/home/agilex/agilex_ws/install/nav2_controller:/home/agilex/agilex_ws/install/nav2_core:/home/agilex/agilex_ws/install/nav2_costmap_2d:/home/agilex/agilex_ws/install/nav_2d_utils:/home/agilex/agilex_ws/install/nav2_util:/home/agilex/agilex_ws/install/nav2_voxel_grid:/home/agilex/agilex_ws/install/nav2_msgs:/home/agilex/agilex_ws/install/nav_2d_msgs:/home/agilex/agilex_ws/install/nav2_common LD_LIBRARY_PATH=/home/agilex/agilex_ws/install/nav2_regulated_pure_pursuit_controller/lib:/home/agilex/agilex_ws/install/nav2_controller/lib:/home/agilex/agilex_ws/install/nav2_costmap_2d/lib:/home/agilex/agilex_ws/install/nav_2d_utils/lib:/home/agilex/agilex_ws/install/nav2_util/lib:/home/agilex/agilex_ws/install/nav2_voxel_grid/lib:/home/agilex/agilex_ws/install/nav2_msgs/lib:/home/agilex/agilex_ws/install/nav_2d_msgs/lib PYTHONPATH=/home/agilex/agilex_ws/install/nav2_msgs/local/lib/python3.10/dist-packages:/home/agilex/agilex_ws/install/nav_2d_msgs/local/lib/python3.10/dist-packages:/home/agilex/agilex_ws/install/nav2_common/local/lib/python3.10/dist-packages /usr/bin/cmake --build /home/agilex/agilex_ws/build/nav2_rotation_shim_controller -- -j16 -l16
[5.253s] DEBUG:colcon.colcon_core.event_handler.log_command:Invoked command in '/home/agilex/agilex_ws/build/dwb_critics' returned '0': AMENT_PREFIX_PATH=/home/agilex/agilex_ws/install/dwb_core:/home/agilex/agilex_ws/install/nav2_core:/home/agilex/agilex_ws/install/costmap_queue:/home/agilex/agilex_ws/install/nav2_costmap_2d:/home/agilex/agilex_ws/install/nav_2d_utils:/home/agilex/agilex_ws/install/nav2_util:/home/agilex/agilex_ws/install/nav2_voxel_grid:/home/agilex/agilex_ws/install/nav2_msgs:/home/agilex/agilex_ws/install/dwb_msgs:/home/agilex/agilex_ws/install/nav_2d_msgs:/home/agilex/agilex_ws/install/nav2_common CMAKE_PREFIX_PATH=/home/agilex/agilex_ws/install/dwb_core:/home/agilex/agilex_ws/install/nav2_core:/home/agilex/agilex_ws/install/costmap_queue:/home/agilex/agilex_ws/install/nav2_costmap_2d:/home/agilex/agilex_ws/install/nav_2d_utils:/home/agilex/agilex_ws/install/nav2_util:/home/agilex/agilex_ws/install/nav2_voxel_grid:/home/agilex/agilex_ws/install/nav2_msgs:/home/agilex/agilex_ws/install/dwb_msgs:/home/agilex/agilex_ws/install/nav_2d_msgs:/home/agilex/agilex_ws/install/nav2_common LD_LIBRARY_PATH=/home/agilex/agilex_ws/install/dwb_core/lib:/home/agilex/agilex_ws/install/costmap_queue/lib:/home/agilex/agilex_ws/install/nav2_costmap_2d/lib:/home/agilex/agilex_ws/install/nav_2d_utils/lib:/home/agilex/agilex_ws/install/nav2_util/lib:/home/agilex/agilex_ws/install/nav2_voxel_grid/lib:/home/agilex/agilex_ws/install/nav2_msgs/lib:/home/agilex/agilex_ws/install/dwb_msgs/lib:/home/agilex/agilex_ws/install/nav_2d_msgs/lib PYTHONPATH=/home/agilex/agilex_ws/install/nav2_msgs/local/lib/python3.10/dist-packages:/home/agilex/agilex_ws/install/dwb_msgs/local/lib/python3.10/dist-packages:/home/agilex/agilex_ws/install/nav_2d_msgs/local/lib/python3.10/dist-packages:/home/agilex/agilex_ws/install/nav2_common/local/lib/python3.10/dist-packages /usr/bin/cmake --build /home/agilex/agilex_ws/build/dwb_critics -- -j16 -l16
[5.254s] DEBUG:colcon.colcon_core.event_handler.log_command:Invoked command in '/home/agilex/agilex_ws/build/dwb_plugins' returned '0': AMENT_PREFIX_PATH=/home/agilex/agilex_ws/install/dwb_core:/home/agilex/agilex_ws/install/nav2_core:/home/agilex/agilex_ws/install/nav2_costmap_2d:/home/agilex/agilex_ws/install/nav_2d_utils:/home/agilex/agilex_ws/install/nav2_util:/home/agilex/agilex_ws/install/nav2_voxel_grid:/home/agilex/agilex_ws/install/nav2_msgs:/home/agilex/agilex_ws/install/dwb_msgs:/home/agilex/agilex_ws/install/nav_2d_msgs:/home/agilex/agilex_ws/install/nav2_common CMAKE_PREFIX_PATH=/home/agilex/agilex_ws/install/dwb_core:/home/agilex/agilex_ws/install/nav2_core:/home/agilex/agilex_ws/install/nav2_costmap_2d:/home/agilex/agilex_ws/install/nav_2d_utils:/home/agilex/agilex_ws/install/nav2_util:/home/agilex/agilex_ws/install/nav2_voxel_grid:/home/agilex/agilex_ws/install/nav2_msgs:/home/agilex/agilex_ws/install/dwb_msgs:/home/agilex/agilex_ws/install/nav_2d_msgs:/home/agilex/agilex_ws/install/nav2_common LD_LIBRARY_PATH=/home/agilex/agilex_ws/install/dwb_core/lib:/home/agilex/agilex_ws/install/nav2_costmap_2d/lib:/home/agilex/agilex_ws/install/nav_2d_utils/lib:/home/agilex/agilex_ws/install/nav2_util/lib:/home/agilex/agilex_ws/install/nav2_voxel_grid/lib:/home/agilex/agilex_ws/install/nav2_msgs/lib:/home/agilex/agilex_ws/install/dwb_msgs/lib:/home/agilex/agilex_ws/install/nav_2d_msgs/lib PYTHONPATH=/home/agilex/agilex_ws/install/nav2_msgs/local/lib/python3.10/dist-packages:/home/agilex/agilex_ws/install/dwb_msgs/local/lib/python3.10/dist-packages:/home/agilex/agilex_ws/install/nav_2d_msgs/local/lib/python3.10/dist-packages:/home/agilex/agilex_ws/install/nav2_common/local/lib/python3.10/dist-packages /usr/bin/cmake --build /home/agilex/agilex_ws/build/dwb_plugins -- -j16 -l16
[5.270s] Level 1:colcon.colcon_core.environment:create_environment_scripts_only(limo_bringup)
[5.278s] Level 1:colcon.colcon_core.environment:checking '/home/agilex/agilex_ws/install/limo_bringup' for CMake module files
[5.279s] Level 1:colcon.colcon_core.environment:checking '/home/agilex/agilex_ws/install/limo_bringup' for CMake config files
[5.279s] Level 1:colcon.colcon_core.shell:create_environment_hook('limo_bringup', 'cmake_prefix_path')
[5.286s] INFO:colcon.colcon_core.shell:Creating environment hook '/home/agilex/agilex_ws/install/limo_bringup/share/limo_bringup/hook/cmake_prefix_path.ps1'
[5.286s] INFO:colcon.colcon_core.shell:Creating environment descriptor '/home/agilex/agilex_ws/install/limo_bringup/share/limo_bringup/hook/cmake_prefix_path.dsv'
[5.286s] INFO:colcon.colcon_core.shell:Creating environment hook '/home/agilex/agilex_ws/install/limo_bringup/share/limo_bringup/hook/cmake_prefix_path.sh'
[5.287s] Level 1:colcon.colcon_core.environment:checking '/home/agilex/agilex_ws/install/limo_bringup/bin'
[5.287s] Level 1:colcon.colcon_core.environment:checking '/home/agilex/agilex_ws/install/limo_bringup/lib/pkgconfig/limo_bringup.pc'
[5.287s] Level 1:colcon.colcon_core.environment:checking '/home/agilex/agilex_ws/install/limo_bringup/lib/python3.10/site-packages'
[5.287s] Level 1:colcon.colcon_core.environment:checking '/home/agilex/agilex_ws/install/limo_bringup/bin'
[5.291s] INFO:colcon.colcon_core.shell:Creating package script '/home/agilex/agilex_ws/install/limo_bringup/share/limo_bringup/package.ps1'
[5.291s] INFO:colcon.colcon_core.shell:Creating package descriptor '/home/agilex/agilex_ws/install/limo_bringup/share/limo_bringup/package.dsv'
[5.291s] INFO:colcon.colcon_core.shell:Creating package script '/home/agilex/agilex_ws/install/limo_bringup/share/limo_bringup/package.sh'
[5.292s] INFO:colcon.colcon_core.shell:Creating package script '/home/agilex/agilex_ws/install/limo_bringup/share/limo_bringup/package.bash'
[5.292s] INFO:colcon.colcon_core.shell:Creating package script '/home/agilex/agilex_ws/install/limo_bringup/share/limo_bringup/package.zsh'
[5.292s] Level 1:colcon.colcon_core.environment:create_file_with_runtime_dependencies(/home/agilex/agilex_ws/install/limo_bringup/share/colcon-core/packages/limo_bringup)
[5.294s] DEBUG:colcon.colcon_core.event_handler.log_command:Invoking command in '/home/agilex/agilex_ws/build/dwb_critics': AMENT_PREFIX_PATH=/home/agilex/agilex_ws/install/dwb_core:/home/agilex/agilex_ws/install/nav2_core:/home/agilex/agilex_ws/install/costmap_queue:/home/agilex/agilex_ws/install/nav2_costmap_2d:/home/agilex/agilex_ws/install/nav_2d_utils:/home/agilex/agilex_ws/install/nav2_util:/home/agilex/agilex_ws/install/nav2_voxel_grid:/home/agilex/agilex_ws/install/nav2_msgs:/home/agilex/agilex_ws/install/dwb_msgs:/home/agilex/agilex_ws/install/nav_2d_msgs:/home/agilex/agilex_ws/install/nav2_common CMAKE_PREFIX_PATH=/home/agilex/agilex_ws/install/dwb_core:/home/agilex/agilex_ws/install/nav2_core:/home/agilex/agilex_ws/install/costmap_queue:/home/agilex/agilex_ws/install/nav2_costmap_2d:/home/agilex/agilex_ws/install/nav_2d_utils:/home/agilex/agilex_ws/install/nav2_util:/home/agilex/agilex_ws/install/nav2_voxel_grid:/home/agilex/agilex_ws/install/nav2_msgs:/home/agilex/agilex_ws/install/dwb_msgs:/home/agilex/agilex_ws/install/nav_2d_msgs:/home/agilex/agilex_ws/install/nav2_common LD_LIBRARY_PATH=/home/agilex/agilex_ws/install/dwb_core/lib:/home/agilex/agilex_ws/install/costmap_queue/lib:/home/agilex/agilex_ws/install/nav2_costmap_2d/lib:/home/agilex/agilex_ws/install/nav_2d_utils/lib:/home/agilex/agilex_ws/install/nav2_util/lib:/home/agilex/agilex_ws/install/nav2_voxel_grid/lib:/home/agilex/agilex_ws/install/nav2_msgs/lib:/home/agilex/agilex_ws/install/dwb_msgs/lib:/home/agilex/agilex_ws/install/nav_2d_msgs/lib PYTHONPATH=/home/agilex/agilex_ws/install/nav2_msgs/local/lib/python3.10/dist-packages:/home/agilex/agilex_ws/install/dwb_msgs/local/lib/python3.10/dist-packages:/home/agilex/agilex_ws/install/nav_2d_msgs/local/lib/python3.10/dist-packages:/home/agilex/agilex_ws/install/nav2_common/local/lib/python3.10/dist-packages /usr/bin/cmake --install /home/agilex/agilex_ws/build/dwb_critics
[5.295s] DEBUG:colcon.colcon_core.event_handler.log_command:Invoking command in '/home/agilex/agilex_ws/build/nav2_rotation_shim_controller': AMENT_PREFIX_PATH=/home/agilex/agilex_ws/install/nav2_regulated_pure_pursuit_controller:/home/agilex/agilex_ws/install/nav2_controller:/home/agilex/agilex_ws/install/nav2_core:/home/agilex/agilex_ws/install/nav2_costmap_2d:/home/agilex/agilex_ws/install/nav_2d_utils:/home/agilex/agilex_ws/install/nav2_util:/home/agilex/agilex_ws/install/nav2_voxel_grid:/home/agilex/agilex_ws/install/nav2_msgs:/home/agilex/agilex_ws/install/nav_2d_msgs:/home/agilex/agilex_ws/install/nav2_common CMAKE_PREFIX_PATH=/home/agilex/agilex_ws/install/nav2_regulated_pure_pursuit_controller:/home/agilex/agilex_ws/install/nav2_controller:/home/agilex/agilex_ws/install/nav2_core:/home/agilex/agilex_ws/install/nav2_costmap_2d:/home/agilex/agilex_ws/install/nav_2d_utils:/home/agilex/agilex_ws/install/nav2_util:/home/agilex/agilex_ws/install/nav2_voxel_grid:/home/agilex/agilex_ws/install/nav2_msgs:/home/agilex/agilex_ws/install/nav_2d_msgs:/home/agilex/agilex_ws/install/nav2_common LD_LIBRARY_PATH=/home/agilex/agilex_ws/install/nav2_regulated_pure_pursuit_controller/lib:/home/agilex/agilex_ws/install/nav2_controller/lib:/home/agilex/agilex_ws/install/nav2_costmap_2d/lib:/home/agilex/agilex_ws/install/nav_2d_utils/lib:/home/agilex/agilex_ws/install/nav2_util/lib:/home/agilex/agilex_ws/install/nav2_voxel_grid/lib:/home/agilex/agilex_ws/install/nav2_msgs/lib:/home/agilex/agilex_ws/install/nav_2d_msgs/lib PYTHONPATH=/home/agilex/agilex_ws/install/nav2_msgs/local/lib/python3.10/dist-packages:/home/agilex/agilex_ws/install/nav_2d_msgs/local/lib/python3.10/dist-packages:/home/agilex/agilex_ws/install/nav2_common/local/lib/python3.10/dist-packages /usr/bin/cmake --install /home/agilex/agilex_ws/build/nav2_rotation_shim_controller
[5.295s] DEBUG:colcon.colcon_core.event_handler.log_command:Invoking command in '/home/agilex/agilex_ws/build/dwb_plugins': AMENT_PREFIX_PATH=/home/agilex/agilex_ws/install/dwb_core:/home/agilex/agilex_ws/install/nav2_core:/home/agilex/agilex_ws/install/nav2_costmap_2d:/home/agilex/agilex_ws/install/nav_2d_utils:/home/agilex/agilex_ws/install/nav2_util:/home/agilex/agilex_ws/install/nav2_voxel_grid:/home/agilex/agilex_ws/install/nav2_msgs:/home/agilex/agilex_ws/install/dwb_msgs:/home/agilex/agilex_ws/install/nav_2d_msgs:/home/agilex/agilex_ws/install/nav2_common CMAKE_PREFIX_PATH=/home/agilex/agilex_ws/install/dwb_core:/home/agilex/agilex_ws/install/nav2_core:/home/agilex/agilex_ws/install/nav2_costmap_2d:/home/agilex/agilex_ws/install/nav_2d_utils:/home/agilex/agilex_ws/install/nav2_util:/home/agilex/agilex_ws/install/nav2_voxel_grid:/home/agilex/agilex_ws/install/nav2_msgs:/home/agilex/agilex_ws/install/dwb_msgs:/home/agilex/agilex_ws/install/nav_2d_msgs:/home/agilex/agilex_ws/install/nav2_common LD_LIBRARY_PATH=/home/agilex/agilex_ws/install/dwb_core/lib:/home/agilex/agilex_ws/install/nav2_costmap_2d/lib:/home/agilex/agilex_ws/install/nav_2d_utils/lib:/home/agilex/agilex_ws/install/nav2_util/lib:/home/agilex/agilex_ws/install/nav2_voxel_grid/lib:/home/agilex/agilex_ws/install/nav2_msgs/lib:/home/agilex/agilex_ws/install/dwb_msgs/lib:/home/agilex/agilex_ws/install/nav_2d_msgs/lib PYTHONPATH=/home/agilex/agilex_ws/install/nav2_msgs/local/lib/python3.10/dist-packages:/home/agilex/agilex_ws/install/dwb_msgs/local/lib/python3.10/dist-packages:/home/agilex/agilex_ws/install/nav_2d_msgs/local/lib/python3.10/dist-packages:/home/agilex/agilex_ws/install/nav2_common/local/lib/python3.10/dist-packages /usr/bin/cmake --install /home/agilex/agilex_ws/build/dwb_plugins
[5.305s] Level 1:colcon.colcon_core.environment:create_environment_scripts_only(dwb_plugins)
[5.305s] DEBUG:colcon.colcon_core.event_handler.log_command:Invoked command in '/home/agilex/agilex_ws/build/dwb_plugins' returned '0': AMENT_PREFIX_PATH=/home/agilex/agilex_ws/install/dwb_core:/home/agilex/agilex_ws/install/nav2_core:/home/agilex/agilex_ws/install/nav2_costmap_2d:/home/agilex/agilex_ws/install/nav_2d_utils:/home/agilex/agilex_ws/install/nav2_util:/home/agilex/agilex_ws/install/nav2_voxel_grid:/home/agilex/agilex_ws/install/nav2_msgs:/home/agilex/agilex_ws/install/dwb_msgs:/home/agilex/agilex_ws/install/nav_2d_msgs:/home/agilex/agilex_ws/install/nav2_common CMAKE_PREFIX_PATH=/home/agilex/agilex_ws/install/dwb_core:/home/agilex/agilex_ws/install/nav2_core:/home/agilex/agilex_ws/install/nav2_costmap_2d:/home/agilex/agilex_ws/install/nav_2d_utils:/home/agilex/agilex_ws/install/nav2_util:/home/agilex/agilex_ws/install/nav2_voxel_grid:/home/agilex/agilex_ws/install/nav2_msgs:/home/agilex/agilex_ws/install/dwb_msgs:/home/agilex/agilex_ws/install/nav_2d_msgs:/home/agilex/agilex_ws/install/nav2_common LD_LIBRARY_PATH=/home/agilex/agilex_ws/install/dwb_core/lib:/home/agilex/agilex_ws/install/nav2_costmap_2d/lib:/home/agilex/agilex_ws/install/nav_2d_utils/lib:/home/agilex/agilex_ws/install/nav2_util/lib:/home/agilex/agilex_ws/install/nav2_voxel_grid/lib:/home/agilex/agilex_ws/install/nav2_msgs/lib:/home/agilex/agilex_ws/install/dwb_msgs/lib:/home/agilex/agilex_ws/install/nav_2d_msgs/lib PYTHONPATH=/home/agilex/agilex_ws/install/nav2_msgs/local/lib/python3.10/dist-packages:/home/agilex/agilex_ws/install/dwb_msgs/local/lib/python3.10/dist-packages:/home/agilex/agilex_ws/install/nav_2d_msgs/local/lib/python3.10/dist-packages:/home/agilex/agilex_ws/install/nav2_common/local/lib/python3.10/dist-packages /usr/bin/cmake --install /home/agilex/agilex_ws/build/dwb_plugins
[5.309s] Level 1:colcon.colcon_core.environment:checking '/home/agilex/agilex_ws/install/dwb_plugins' for CMake module files
[5.309s] Level 1:colcon.colcon_core.environment:checking '/home/agilex/agilex_ws/install/dwb_plugins' for CMake config files
[5.309s] Level 1:colcon.colcon_core.shell:create_environment_hook('dwb_plugins', 'cmake_prefix_path')
[5.313s] INFO:colcon.colcon_core.shell:Creating environment hook '/home/agilex/agilex_ws/install/dwb_plugins/share/dwb_plugins/hook/cmake_prefix_path.ps1'
[5.314s] INFO:colcon.colcon_core.shell:Creating environment descriptor '/home/agilex/agilex_ws/install/dwb_plugins/share/dwb_plugins/hook/cmake_prefix_path.dsv'
[5.314s] INFO:colcon.colcon_core.shell:Creating environment hook '/home/agilex/agilex_ws/install/dwb_plugins/share/dwb_plugins/hook/cmake_prefix_path.sh'
[5.314s] Level 1:colcon.colcon_core.environment:checking '/home/agilex/agilex_ws/install/dwb_plugins/lib'
[5.314s] Level 1:colcon.colcon_core.shell:create_environment_hook('dwb_plugins', 'ld_library_path_lib')
[5.317s] INFO:colcon.colcon_core.shell:Creating environment hook '/home/agilex/agilex_ws/install/dwb_plugins/share/dwb_plugins/hook/ld_library_path_lib.ps1'
[5.317s] INFO:colcon.colcon_core.shell:Creating environment descriptor '/home/agilex/agilex_ws/install/dwb_plugins/share/dwb_plugins/hook/ld_library_path_lib.dsv'
[5.318s] INFO:colcon.colcon_core.shell:Creating environment hook '/home/agilex/agilex_ws/install/dwb_plugins/share/dwb_plugins/hook/ld_library_path_lib.sh'
[5.318s] Level 1:colcon.colcon_core.environment:checking '/home/agilex/agilex_ws/install/dwb_plugins/bin'
[5.318s] Level 1:colcon.colcon_core.environment:checking '/home/agilex/agilex_ws/install/dwb_plugins/lib/pkgconfig/dwb_plugins.pc'
[5.318s] Level 1:colcon.colcon_core.environment:checking '/home/agilex/agilex_ws/install/dwb_plugins/lib/python3.10/site-packages'
[5.318s] Level 1:colcon.colcon_core.environment:checking '/home/agilex/agilex_ws/install/dwb_plugins/bin'
[5.321s] INFO:colcon.colcon_core.shell:Creating package script '/home/agilex/agilex_ws/install/dwb_plugins/share/dwb_plugins/package.ps1'
[5.321s] INFO:colcon.colcon_core.shell:Creating package descriptor '/home/agilex/agilex_ws/install/dwb_plugins/share/dwb_plugins/package.dsv'
[5.321s] INFO:colcon.colcon_core.shell:Creating package script '/home/agilex/agilex_ws/install/dwb_plugins/share/dwb_plugins/package.sh'
[5.322s] INFO:colcon.colcon_core.shell:Creating package script '/home/agilex/agilex_ws/install/dwb_plugins/share/dwb_plugins/package.bash'
[5.322s] INFO:colcon.colcon_core.shell:Creating package script '/home/agilex/agilex_ws/install/dwb_plugins/share/dwb_plugins/package.zsh'
[5.322s] Level 1:colcon.colcon_core.environment:create_file_with_runtime_dependencies(/home/agilex/agilex_ws/install/dwb_plugins/share/colcon-core/packages/dwb_plugins)
[5.323s] Level 1:colcon.colcon_core.environment:create_environment_scripts_only(dwb_critics)
[5.323s] DEBUG:colcon.colcon_core.event_handler.log_command:Invoked command in '/home/agilex/agilex_ws/build/dwb_critics' returned '0': AMENT_PREFIX_PATH=/home/agilex/agilex_ws/install/dwb_core:/home/agilex/agilex_ws/install/nav2_core:/home/agilex/agilex_ws/install/costmap_queue:/home/agilex/agilex_ws/install/nav2_costmap_2d:/home/agilex/agilex_ws/install/nav_2d_utils:/home/agilex/agilex_ws/install/nav2_util:/home/agilex/agilex_ws/install/nav2_voxel_grid:/home/agilex/agilex_ws/install/nav2_msgs:/home/agilex/agilex_ws/install/dwb_msgs:/home/agilex/agilex_ws/install/nav_2d_msgs:/home/agilex/agilex_ws/install/nav2_common CMAKE_PREFIX_PATH=/home/agilex/agilex_ws/install/dwb_core:/home/agilex/agilex_ws/install/nav2_core:/home/agilex/agilex_ws/install/costmap_queue:/home/agilex/agilex_ws/install/nav2_costmap_2d:/home/agilex/agilex_ws/install/nav_2d_utils:/home/agilex/agilex_ws/install/nav2_util:/home/agilex/agilex_ws/install/nav2_voxel_grid:/home/agilex/agilex_ws/install/nav2_msgs:/home/agilex/agilex_ws/install/dwb_msgs:/home/agilex/agilex_ws/install/nav_2d_msgs:/home/agilex/agilex_ws/install/nav2_common LD_LIBRARY_PATH=/home/agilex/agilex_ws/install/dwb_core/lib:/home/agilex/agilex_ws/install/costmap_queue/lib:/home/agilex/agilex_ws/install/nav2_costmap_2d/lib:/home/agilex/agilex_ws/install/nav_2d_utils/lib:/home/agilex/agilex_ws/install/nav2_util/lib:/home/agilex/agilex_ws/install/nav2_voxel_grid/lib:/home/agilex/agilex_ws/install/nav2_msgs/lib:/home/agilex/agilex_ws/install/dwb_msgs/lib:/home/agilex/agilex_ws/install/nav_2d_msgs/lib PYTHONPATH=/home/agilex/agilex_ws/install/nav2_msgs/local/lib/python3.10/dist-packages:/home/agilex/agilex_ws/install/dwb_msgs/local/lib/python3.10/dist-packages:/home/agilex/agilex_ws/install/nav_2d_msgs/local/lib/python3.10/dist-packages:/home/agilex/agilex_ws/install/nav2_common/local/lib/python3.10/dist-packages /usr/bin/cmake --install /home/agilex/agilex_ws/build/dwb_critics
[5.328s] Level 1:colcon.colcon_core.environment:checking '/home/agilex/agilex_ws/install/dwb_critics' for CMake module files
[5.328s] Level 1:colcon.colcon_core.environment:checking '/home/agilex/agilex_ws/install/dwb_critics' for CMake config files
[5.329s] Level 1:colcon.colcon_core.shell:create_environment_hook('dwb_critics', 'cmake_prefix_path')
[5.332s] INFO:colcon.colcon_core.shell:Creating environment hook '/home/agilex/agilex_ws/install/dwb_critics/share/dwb_critics/hook/cmake_prefix_path.ps1'
[5.332s] INFO:colcon.colcon_core.shell:Creating environment descriptor '/home/agilex/agilex_ws/install/dwb_critics/share/dwb_critics/hook/cmake_prefix_path.dsv'
[5.332s] INFO:colcon.colcon_core.shell:Creating environment hook '/home/agilex/agilex_ws/install/dwb_critics/share/dwb_critics/hook/cmake_prefix_path.sh'
[5.333s] Level 1:colcon.colcon_core.environment:checking '/home/agilex/agilex_ws/install/dwb_critics/lib'
[5.333s] Level 1:colcon.colcon_core.shell:create_environment_hook('dwb_critics', 'ld_library_path_lib')
[5.336s] INFO:colcon.colcon_core.shell:Creating environment hook '/home/agilex/agilex_ws/install/dwb_critics/share/dwb_critics/hook/ld_library_path_lib.ps1'
[5.336s] INFO:colcon.colcon_core.shell:Creating environment descriptor '/home/agilex/agilex_ws/install/dwb_critics/share/dwb_critics/hook/ld_library_path_lib.dsv'
[5.336s] INFO:colcon.colcon_core.shell:Creating environment hook '/home/agilex/agilex_ws/install/dwb_critics/share/dwb_critics/hook/ld_library_path_lib.sh'
[5.336s] Level 1:colcon.colcon_core.environment:checking '/home/agilex/agilex_ws/install/dwb_critics/bin'
[5.336s] Level 1:colcon.colcon_core.environment:checking '/home/agilex/agilex_ws/install/dwb_critics/lib/pkgconfig/dwb_critics.pc'
[5.336s] Level 1:colcon.colcon_core.environment:checking '/home/agilex/agilex_ws/install/dwb_critics/lib/python3.10/site-packages'
[5.336s] Level 1:colcon.colcon_core.environment:checking '/home/agilex/agilex_ws/install/dwb_critics/bin'
[5.339s] INFO:colcon.colcon_core.shell:Creating package script '/home/agilex/agilex_ws/install/dwb_critics/share/dwb_critics/package.ps1'
[5.340s] INFO:colcon.colcon_core.shell:Creating package descriptor '/home/agilex/agilex_ws/install/dwb_critics/share/dwb_critics/package.dsv'
[5.340s] INFO:colcon.colcon_core.shell:Creating package script '/home/agilex/agilex_ws/install/dwb_critics/share/dwb_critics/package.sh'
[5.340s] INFO:colcon.colcon_core.shell:Creating package script '/home/agilex/agilex_ws/install/dwb_critics/share/dwb_critics/package.bash'
[5.340s] INFO:colcon.colcon_core.shell:Creating package script '/home/agilex/agilex_ws/install/dwb_critics/share/dwb_critics/package.zsh'
[5.340s] Level 1:colcon.colcon_core.environment:create_file_with_runtime_dependencies(/home/agilex/agilex_ws/install/dwb_critics/share/colcon-core/packages/dwb_critics)
[5.341s] Level 1:colcon.colcon_core.environment:create_environment_scripts_only(nav2_rotation_shim_controller)
[5.341s] DEBUG:colcon.colcon_core.event_handler.log_command:Invoked command in '/home/agilex/agilex_ws/build/nav2_rotation_shim_controller' returned '0': AMENT_PREFIX_PATH=/home/agilex/agilex_ws/install/nav2_regulated_pure_pursuit_controller:/home/agilex/agilex_ws/install/nav2_controller:/home/agilex/agilex_ws/install/nav2_core:/home/agilex/agilex_ws/install/nav2_costmap_2d:/home/agilex/agilex_ws/install/nav_2d_utils:/home/agilex/agilex_ws/install/nav2_util:/home/agilex/agilex_ws/install/nav2_voxel_grid:/home/agilex/agilex_ws/install/nav2_msgs:/home/agilex/agilex_ws/install/nav_2d_msgs:/home/agilex/agilex_ws/install/nav2_common CMAKE_PREFIX_PATH=/home/agilex/agilex_ws/install/nav2_regulated_pure_pursuit_controller:/home/agilex/agilex_ws/install/nav2_controller:/home/agilex/agilex_ws/install/nav2_core:/home/agilex/agilex_ws/install/nav2_costmap_2d:/home/agilex/agilex_ws/install/nav_2d_utils:/home/agilex/agilex_ws/install/nav2_util:/home/agilex/agilex_ws/install/nav2_voxel_grid:/home/agilex/agilex_ws/install/nav2_msgs:/home/agilex/agilex_ws/install/nav_2d_msgs:/home/agilex/agilex_ws/install/nav2_common LD_LIBRARY_PATH=/home/agilex/agilex_ws/install/nav2_regulated_pure_pursuit_controller/lib:/home/agilex/agilex_ws/install/nav2_controller/lib:/home/agilex/agilex_ws/install/nav2_costmap_2d/lib:/home/agilex/agilex_ws/install/nav_2d_utils/lib:/home/agilex/agilex_ws/install/nav2_util/lib:/home/agilex/agilex_ws/install/nav2_voxel_grid/lib:/home/agilex/agilex_ws/install/nav2_msgs/lib:/home/agilex/agilex_ws/install/nav_2d_msgs/lib PYTHONPATH=/home/agilex/agilex_ws/install/nav2_msgs/local/lib/python3.10/dist-packages:/home/agilex/agilex_ws/install/nav_2d_msgs/local/lib/python3.10/dist-packages:/home/agilex/agilex_ws/install/nav2_common/local/lib/python3.10/dist-packages /usr/bin/cmake --install /home/agilex/agilex_ws/build/nav2_rotation_shim_controller
[5.347s] Level 1:colcon.colcon_core.environment:checking '/home/agilex/agilex_ws/install/nav2_rotation_shim_controller' for CMake module files
[5.347s] Level 1:colcon.colcon_core.environment:checking '/home/agilex/agilex_ws/install/nav2_rotation_shim_controller' for CMake config files
[5.347s] Level 1:colcon.colcon_core.shell:create_environment_hook('nav2_rotation_shim_controller', 'cmake_prefix_path')
[5.351s] INFO:colcon.colcon_core.shell:Creating environment hook '/home/agilex/agilex_ws/install/nav2_rotation_shim_controller/share/nav2_rotation_shim_controller/hook/cmake_prefix_path.ps1'
[5.351s] INFO:colcon.colcon_core.shell:Creating environment descriptor '/home/agilex/agilex_ws/install/nav2_rotation_shim_controller/share/nav2_rotation_shim_controller/hook/cmake_prefix_path.dsv'
[5.351s] INFO:colcon.colcon_core.shell:Creating environment hook '/home/agilex/agilex_ws/install/nav2_rotation_shim_controller/share/nav2_rotation_shim_controller/hook/cmake_prefix_path.sh'
[5.351s] Level 1:colcon.colcon_core.environment:checking '/home/agilex/agilex_ws/install/nav2_rotation_shim_controller/lib'
[5.352s] Level 1:colcon.colcon_core.shell:create_environment_hook('nav2_rotation_shim_controller', 'ld_library_path_lib')
[5.355s] INFO:colcon.colcon_core.shell:Creating environment hook '/home/agilex/agilex_ws/install/nav2_rotation_shim_controller/share/nav2_rotation_shim_controller/hook/ld_library_path_lib.ps1'
[5.355s] INFO:colcon.colcon_core.shell:Creating environment descriptor '/home/agilex/agilex_ws/install/nav2_rotation_shim_controller/share/nav2_rotation_shim_controller/hook/ld_library_path_lib.dsv'
[5.355s] INFO:colcon.colcon_core.shell:Creating environment hook '/home/agilex/agilex_ws/install/nav2_rotation_shim_controller/share/nav2_rotation_shim_controller/hook/ld_library_path_lib.sh'
[5.356s] Level 1:colcon.colcon_core.environment:checking '/home/agilex/agilex_ws/install/nav2_rotation_shim_controller/bin'
[5.356s] Level 1:colcon.colcon_core.environment:checking '/home/agilex/agilex_ws/install/nav2_rotation_shim_controller/lib/pkgconfig/nav2_rotation_shim_controller.pc'
[5.356s] Level 1:colcon.colcon_core.environment:checking '/home/agilex/agilex_ws/install/nav2_rotation_shim_controller/lib/python3.10/site-packages'
[5.356s] Level 1:colcon.colcon_core.environment:checking '/home/agilex/agilex_ws/install/nav2_rotation_shim_controller/bin'
[5.359s] INFO:colcon.colcon_core.shell:Creating package script '/home/agilex/agilex_ws/install/nav2_rotation_shim_controller/share/nav2_rotation_shim_controller/package.ps1'
[5.360s] INFO:colcon.colcon_core.shell:Creating package descriptor '/home/agilex/agilex_ws/install/nav2_rotation_shim_controller/share/nav2_rotation_shim_controller/package.dsv'
[5.360s] INFO:colcon.colcon_core.shell:Creating package script '/home/agilex/agilex_ws/install/nav2_rotation_shim_controller/share/nav2_rotation_shim_controller/package.sh'
[5.360s] INFO:colcon.colcon_core.shell:Creating package script '/home/agilex/agilex_ws/install/nav2_rotation_shim_controller/share/nav2_rotation_shim_controller/package.bash'
[5.360s] INFO:colcon.colcon_core.shell:Creating package script '/home/agilex/agilex_ws/install/nav2_rotation_shim_controller/share/nav2_rotation_shim_controller/package.zsh'
[5.360s] Level 1:colcon.colcon_core.environment:create_file_with_runtime_dependencies(/home/agilex/agilex_ws/install/nav2_rotation_shim_controller/share/colcon-core/packages/nav2_rotation_shim_controller)
[5.364s] Level 1:colcon.colcon_core.environment:create_environment_scripts_only(dwb_plugins)
[5.369s] Level 1:colcon.colcon_core.environment:checking '/home/agilex/agilex_ws/install/dwb_plugins' for CMake module files
[5.369s] Level 1:colcon.colcon_core.environment:checking '/home/agilex/agilex_ws/install/dwb_plugins' for CMake config files
[5.369s] Level 1:colcon.colcon_core.shell:create_environment_hook('dwb_plugins', 'cmake_prefix_path')
[5.373s] INFO:colcon.colcon_core.shell:Creating environment hook '/home/agilex/agilex_ws/install/dwb_plugins/share/dwb_plugins/hook/cmake_prefix_path.ps1'
[5.373s] INFO:colcon.colcon_core.shell:Creating environment descriptor '/home/agilex/agilex_ws/install/dwb_plugins/share/dwb_plugins/hook/cmake_prefix_path.dsv'
[5.373s] INFO:colcon.colcon_core.shell:Creating environment hook '/home/agilex/agilex_ws/install/dwb_plugins/share/dwb_plugins/hook/cmake_prefix_path.sh'
[5.373s] Level 1:colcon.colcon_core.environment:checking '/home/agilex/agilex_ws/install/dwb_plugins/lib'
[5.373s] Level 1:colcon.colcon_core.shell:create_environment_hook('dwb_plugins', 'ld_library_path_lib')
[5.377s] INFO:colcon.colcon_core.shell:Creating environment hook '/home/agilex/agilex_ws/install/dwb_plugins/share/dwb_plugins/hook/ld_library_path_lib.ps1'
[5.378s] INFO:colcon.colcon_core.shell:Creating environment descriptor '/home/agilex/agilex_ws/install/dwb_plugins/share/dwb_plugins/hook/ld_library_path_lib.dsv'
[5.378s] INFO:colcon.colcon_core.shell:Creating environment hook '/home/agilex/agilex_ws/install/dwb_plugins/share/dwb_plugins/hook/ld_library_path_lib.sh'
[5.378s] Level 1:colcon.colcon_core.environment:checking '/home/agilex/agilex_ws/install/dwb_plugins/bin'
[5.378s] Level 1:colcon.colcon_core.environment:checking '/home/agilex/agilex_ws/install/dwb_plugins/lib/pkgconfig/dwb_plugins.pc'
[5.378s] Level 1:colcon.colcon_core.environment:checking '/home/agilex/agilex_ws/install/dwb_plugins/lib/python3.10/site-packages'
[5.378s] Level 1:colcon.colcon_core.environment:checking '/home/agilex/agilex_ws/install/dwb_plugins/bin'
[5.382s] INFO:colcon.colcon_core.shell:Creating package script '/home/agilex/agilex_ws/install/dwb_plugins/share/dwb_plugins/package.ps1'
[5.382s] INFO:colcon.colcon_core.shell:Creating package descriptor '/home/agilex/agilex_ws/install/dwb_plugins/share/dwb_plugins/package.dsv'
[5.382s] INFO:colcon.colcon_core.shell:Creating package script '/home/agilex/agilex_ws/install/dwb_plugins/share/dwb_plugins/package.sh'
[5.382s] INFO:colcon.colcon_core.shell:Creating package script '/home/agilex/agilex_ws/install/dwb_plugins/share/dwb_plugins/package.bash'
[5.383s] INFO:colcon.colcon_core.shell:Creating package script '/home/agilex/agilex_ws/install/dwb_plugins/share/dwb_plugins/package.zsh'
[5.383s] Level 1:colcon.colcon_core.environment:create_file_with_runtime_dependencies(/home/agilex/agilex_ws/install/dwb_plugins/share/colcon-core/packages/dwb_plugins)
[5.388s] Level 1:colcon.colcon_core.environment:create_environment_scripts_only(dwb_critics)
[5.391s] Level 1:colcon.colcon_core.environment:checking '/home/agilex/agilex_ws/install/dwb_critics' for CMake module files
[5.391s] Level 1:colcon.colcon_core.environment:checking '/home/agilex/agilex_ws/install/dwb_critics' for CMake config files
[5.391s] Level 1:colcon.colcon_core.shell:create_environment_hook('dwb_critics', 'cmake_prefix_path')
[5.394s] INFO:colcon.colcon_core.shell:Creating environment hook '/home/agilex/agilex_ws/install/dwb_critics/share/dwb_critics/hook/cmake_prefix_path.ps1'
[5.395s] INFO:colcon.colcon_core.shell:Creating environment descriptor '/home/agilex/agilex_ws/install/dwb_critics/share/dwb_critics/hook/cmake_prefix_path.dsv'
[5.395s] INFO:colcon.colcon_core.shell:Creating environment hook '/home/agilex/agilex_ws/install/dwb_critics/share/dwb_critics/hook/cmake_prefix_path.sh'
[5.395s] Level 1:colcon.colcon_core.environment:checking '/home/agilex/agilex_ws/install/dwb_critics/lib'
[5.395s] Level 1:colcon.colcon_core.shell:create_environment_hook('dwb_critics', 'ld_library_path_lib')
[5.398s] INFO:colcon.colcon_core.shell:Creating environment hook '/home/agilex/agilex_ws/install/dwb_critics/share/dwb_critics/hook/ld_library_path_lib.ps1'
[5.398s] INFO:colcon.colcon_core.shell:Creating environment descriptor '/home/agilex/agilex_ws/install/dwb_critics/share/dwb_critics/hook/ld_library_path_lib.dsv'
[5.398s] INFO:colcon.colcon_core.shell:Creating environment hook '/home/agilex/agilex_ws/install/dwb_critics/share/dwb_critics/hook/ld_library_path_lib.sh'
[5.399s] Level 1:colcon.colcon_core.environment:checking '/home/agilex/agilex_ws/install/dwb_critics/bin'
[5.399s] Level 1:colcon.colcon_core.environment:checking '/home/agilex/agilex_ws/install/dwb_critics/lib/pkgconfig/dwb_critics.pc'
[5.399s] Level 1:colcon.colcon_core.environment:checking '/home/agilex/agilex_ws/install/dwb_critics/lib/python3.10/site-packages'
[5.399s] Level 1:colcon.colcon_core.environment:checking '/home/agilex/agilex_ws/install/dwb_critics/bin'
[5.402s] INFO:colcon.colcon_core.shell:Creating package script '/home/agilex/agilex_ws/install/dwb_critics/share/dwb_critics/package.ps1'
[5.402s] INFO:colcon.colcon_core.shell:Creating package descriptor '/home/agilex/agilex_ws/install/dwb_critics/share/dwb_critics/package.dsv'
[5.402s] INFO:colcon.colcon_core.shell:Creating package script '/home/agilex/agilex_ws/install/dwb_critics/share/dwb_critics/package.sh'
[5.402s] INFO:colcon.colcon_core.shell:Creating package script '/home/agilex/agilex_ws/install/dwb_critics/share/dwb_critics/package.bash'
[5.402s] INFO:colcon.colcon_core.shell:Creating package script '/home/agilex/agilex_ws/install/dwb_critics/share/dwb_critics/package.zsh'
[5.403s] Level 1:colcon.colcon_core.environment:create_file_with_runtime_dependencies(/home/agilex/agilex_ws/install/dwb_critics/share/colcon-core/packages/dwb_critics)
[5.406s] Level 1:colcon.colcon_core.environment:create_environment_scripts_only(nav2_rotation_shim_controller)
[5.410s] Level 1:colcon.colcon_core.environment:checking '/home/agilex/agilex_ws/install/nav2_rotation_shim_controller' for CMake module files
[5.410s] Level 1:colcon.colcon_core.environment:checking '/home/agilex/agilex_ws/install/nav2_rotation_shim_controller' for CMake config files
[5.410s] Level 1:colcon.colcon_core.shell:create_environment_hook('nav2_rotation_shim_controller', 'cmake_prefix_path')
[5.413s] INFO:colcon.colcon_core.shell:Creating environment hook '/home/agilex/agilex_ws/install/nav2_rotation_shim_controller/share/nav2_rotation_shim_controller/hook/cmake_prefix_path.ps1'
[5.413s] INFO:colcon.colcon_core.shell:Creating environment descriptor '/home/agilex/agilex_ws/install/nav2_rotation_shim_controller/share/nav2_rotation_shim_controller/hook/cmake_prefix_path.dsv'
[5.414s] INFO:colcon.colcon_core.shell:Creating environment hook '/home/agilex/agilex_ws/install/nav2_rotation_shim_controller/share/nav2_rotation_shim_controller/hook/cmake_prefix_path.sh'
[5.414s] Level 1:colcon.colcon_core.environment:checking '/home/agilex/agilex_ws/install/nav2_rotation_shim_controller/lib'
[5.414s] Level 1:colcon.colcon_core.shell:create_environment_hook('nav2_rotation_shim_controller', 'ld_library_path_lib')
[5.417s] INFO:colcon.colcon_core.shell:Creating environment hook '/home/agilex/agilex_ws/install/nav2_rotation_shim_controller/share/nav2_rotation_shim_controller/hook/ld_library_path_lib.ps1'
[5.417s] INFO:colcon.colcon_core.shell:Creating environment descriptor '/home/agilex/agilex_ws/install/nav2_rotation_shim_controller/share/nav2_rotation_shim_controller/hook/ld_library_path_lib.dsv'
[5.417s] INFO:colcon.colcon_core.shell:Creating environment hook '/home/agilex/agilex_ws/install/nav2_rotation_shim_controller/share/nav2_rotation_shim_controller/hook/ld_library_path_lib.sh'
[5.417s] Level 1:colcon.colcon_core.environment:checking '/home/agilex/agilex_ws/install/nav2_rotation_shim_controller/bin'
[5.417s] Level 1:colcon.colcon_core.environment:checking '/home/agilex/agilex_ws/install/nav2_rotation_shim_controller/lib/pkgconfig/nav2_rotation_shim_controller.pc'
[5.418s] Level 1:colcon.colcon_core.environment:checking '/home/agilex/agilex_ws/install/nav2_rotation_shim_controller/lib/python3.10/site-packages'
[5.418s] Level 1:colcon.colcon_core.environment:checking '/home/agilex/agilex_ws/install/nav2_rotation_shim_controller/bin'
[5.421s] INFO:colcon.colcon_core.shell:Creating package script '/home/agilex/agilex_ws/install/nav2_rotation_shim_controller/share/nav2_rotation_shim_controller/package.ps1'
[5.421s] INFO:colcon.colcon_core.shell:Creating package descriptor '/home/agilex/agilex_ws/install/nav2_rotation_shim_controller/share/nav2_rotation_shim_controller/package.dsv'
[5.421s] INFO:colcon.colcon_core.shell:Creating package script '/home/agilex/agilex_ws/install/nav2_rotation_shim_controller/share/nav2_rotation_shim_controller/package.sh'
[5.421s] INFO:colcon.colcon_core.shell:Creating package script '/home/agilex/agilex_ws/install/nav2_rotation_shim_controller/share/nav2_rotation_shim_controller/package.bash'
[5.422s] INFO:colcon.colcon_core.shell:Creating package script '/home/agilex/agilex_ws/install/nav2_rotation_shim_controller/share/nav2_rotation_shim_controller/package.zsh'
[5.422s] Level 1:colcon.colcon_core.environment:create_file_with_runtime_dependencies(/home/agilex/agilex_ws/install/nav2_rotation_shim_controller/share/colcon-core/packages/nav2_rotation_shim_controller)
[5.422s] INFO:colcon.colcon_ros.task.ament_cmake.build:Building ROS package in '/home/agilex/agilex_ws/src/navigation2/nav2_dwb_controller/nav2_dwb_controller' with build type 'ament_cmake'
[5.422s] INFO:colcon.colcon_cmake.task.cmake.build:Building CMake package in '/home/agilex/agilex_ws/src/navigation2/nav2_dwb_controller/nav2_dwb_controller'
[5.425s] INFO:colcon.colcon_core.shell:Skip shell extension 'powershell' for command environment: Not usable outside of PowerShell
[5.425s] DEBUG:colcon.colcon_core.shell:Skip shell extension 'dsv' for command environment
[5.451s] DEBUG:colcon.colcon_core.event_handler.log_command:Invoking command in '/home/agilex/agilex_ws/build/nav2_dwb_controller': AMENT_PREFIX_PATH=/home/agilex/agilex_ws/install/dwb_plugins:/home/agilex/agilex_ws/install/dwb_critics:/home/agilex/agilex_ws/install/dwb_core:/home/agilex/agilex_ws/install/nav2_core:/home/agilex/agilex_ws/install/costmap_queue:/home/agilex/agilex_ws/install/nav2_costmap_2d:/home/agilex/agilex_ws/install/nav_2d_utils:/home/agilex/agilex_ws/install/nav2_util:/home/agilex/agilex_ws/install/nav2_voxel_grid:/home/agilex/agilex_ws/install/nav2_msgs:/home/agilex/agilex_ws/install/dwb_msgs:/home/agilex/agilex_ws/install/nav_2d_msgs:/home/agilex/agilex_ws/install/nav2_common CMAKE_PREFIX_PATH=/home/agilex/agilex_ws/install/dwb_plugins:/home/agilex/agilex_ws/install/dwb_critics:/home/agilex/agilex_ws/install/dwb_core:/home/agilex/agilex_ws/install/nav2_core:/home/agilex/agilex_ws/install/costmap_queue:/home/agilex/agilex_ws/install/nav2_costmap_2d:/home/agilex/agilex_ws/install/nav_2d_utils:/home/agilex/agilex_ws/install/nav2_util:/home/agilex/agilex_ws/install/nav2_voxel_grid:/home/agilex/agilex_ws/install/nav2_msgs:/home/agilex/agilex_ws/install/dwb_msgs:/home/agilex/agilex_ws/install/nav_2d_msgs:/home/agilex/agilex_ws/install/nav2_common LD_LIBRARY_PATH=/home/agilex/agilex_ws/install/dwb_plugins/lib:/home/agilex/agilex_ws/install/dwb_critics/lib:/home/agilex/agilex_ws/install/dwb_core/lib:/home/agilex/agilex_ws/install/costmap_queue/lib:/home/agilex/agilex_ws/install/nav2_costmap_2d/lib:/home/agilex/agilex_ws/install/nav_2d_utils/lib:/home/agilex/agilex_ws/install/nav2_util/lib:/home/agilex/agilex_ws/install/nav2_voxel_grid/lib:/home/agilex/agilex_ws/install/nav2_msgs/lib:/home/agilex/agilex_ws/install/dwb_msgs/lib:/home/agilex/agilex_ws/install/nav_2d_msgs/lib PYTHONPATH=/home/agilex/agilex_ws/install/nav2_msgs/local/lib/python3.10/dist-packages:/home/agilex/agilex_ws/install/dwb_msgs/local/lib/python3.10/dist-packages:/home/agilex/agilex_ws/install/nav_2d_msgs/local/lib/python3.10/dist-packages:/home/agilex/agilex_ws/install/nav2_common/local/lib/python3.10/dist-packages /usr/bin/cmake --build /home/agilex/agilex_ws/build/nav2_dwb_controller -- -j16 -l16
[5.480s] DEBUG:colcon.colcon_core.event_handler.log_command:Invoked command in '/home/agilex/agilex_ws/build/nav2_dwb_controller' returned '0': AMENT_PREFIX_PATH=/home/agilex/agilex_ws/install/dwb_plugins:/home/agilex/agilex_ws/install/dwb_critics:/home/agilex/agilex_ws/install/dwb_core:/home/agilex/agilex_ws/install/nav2_core:/home/agilex/agilex_ws/install/costmap_queue:/home/agilex/agilex_ws/install/nav2_costmap_2d:/home/agilex/agilex_ws/install/nav_2d_utils:/home/agilex/agilex_ws/install/nav2_util:/home/agilex/agilex_ws/install/nav2_voxel_grid:/home/agilex/agilex_ws/install/nav2_msgs:/home/agilex/agilex_ws/install/dwb_msgs:/home/agilex/agilex_ws/install/nav_2d_msgs:/home/agilex/agilex_ws/install/nav2_common CMAKE_PREFIX_PATH=/home/agilex/agilex_ws/install/dwb_plugins:/home/agilex/agilex_ws/install/dwb_critics:/home/agilex/agilex_ws/install/dwb_core:/home/agilex/agilex_ws/install/nav2_core:/home/agilex/agilex_ws/install/costmap_queue:/home/agilex/agilex_ws/install/nav2_costmap_2d:/home/agilex/agilex_ws/install/nav_2d_utils:/home/agilex/agilex_ws/install/nav2_util:/home/agilex/agilex_ws/install/nav2_voxel_grid:/home/agilex/agilex_ws/install/nav2_msgs:/home/agilex/agilex_ws/install/dwb_msgs:/home/agilex/agilex_ws/install/nav_2d_msgs:/home/agilex/agilex_ws/install/nav2_common LD_LIBRARY_PATH=/home/agilex/agilex_ws/install/dwb_plugins/lib:/home/agilex/agilex_ws/install/dwb_critics/lib:/home/agilex/agilex_ws/install/dwb_core/lib:/home/agilex/agilex_ws/install/costmap_queue/lib:/home/agilex/agilex_ws/install/nav2_costmap_2d/lib:/home/agilex/agilex_ws/install/nav_2d_utils/lib:/home/agilex/agilex_ws/install/nav2_util/lib:/home/agilex/agilex_ws/install/nav2_voxel_grid/lib:/home/agilex/agilex_ws/install/nav2_msgs/lib:/home/agilex/agilex_ws/install/dwb_msgs/lib:/home/agilex/agilex_ws/install/nav_2d_msgs/lib PYTHONPATH=/home/agilex/agilex_ws/install/nav2_msgs/local/lib/python3.10/dist-packages:/home/agilex/agilex_ws/install/dwb_msgs/local/lib/python3.10/dist-packages:/home/agilex/agilex_ws/install/nav_2d_msgs/local/lib/python3.10/dist-packages:/home/agilex/agilex_ws/install/nav2_common/local/lib/python3.10/dist-packages /usr/bin/cmake --build /home/agilex/agilex_ws/build/nav2_dwb_controller -- -j16 -l16
[5.502s] DEBUG:colcon.colcon_core.event_handler.log_command:Invoking command in '/home/agilex/agilex_ws/build/nav2_dwb_controller': AMENT_PREFIX_PATH=/home/agilex/agilex_ws/install/dwb_plugins:/home/agilex/agilex_ws/install/dwb_critics:/home/agilex/agilex_ws/install/dwb_core:/home/agilex/agilex_ws/install/nav2_core:/home/agilex/agilex_ws/install/costmap_queue:/home/agilex/agilex_ws/install/nav2_costmap_2d:/home/agilex/agilex_ws/install/nav_2d_utils:/home/agilex/agilex_ws/install/nav2_util:/home/agilex/agilex_ws/install/nav2_voxel_grid:/home/agilex/agilex_ws/install/nav2_msgs:/home/agilex/agilex_ws/install/dwb_msgs:/home/agilex/agilex_ws/install/nav_2d_msgs:/home/agilex/agilex_ws/install/nav2_common CMAKE_PREFIX_PATH=/home/agilex/agilex_ws/install/dwb_plugins:/home/agilex/agilex_ws/install/dwb_critics:/home/agilex/agilex_ws/install/dwb_core:/home/agilex/agilex_ws/install/nav2_core:/home/agilex/agilex_ws/install/costmap_queue:/home/agilex/agilex_ws/install/nav2_costmap_2d:/home/agilex/agilex_ws/install/nav_2d_utils:/home/agilex/agilex_ws/install/nav2_util:/home/agilex/agilex_ws/install/nav2_voxel_grid:/home/agilex/agilex_ws/install/nav2_msgs:/home/agilex/agilex_ws/install/dwb_msgs:/home/agilex/agilex_ws/install/nav_2d_msgs:/home/agilex/agilex_ws/install/nav2_common LD_LIBRARY_PATH=/home/agilex/agilex_ws/install/dwb_plugins/lib:/home/agilex/agilex_ws/install/dwb_critics/lib:/home/agilex/agilex_ws/install/dwb_core/lib:/home/agilex/agilex_ws/install/costmap_queue/lib:/home/agilex/agilex_ws/install/nav2_costmap_2d/lib:/home/agilex/agilex_ws/install/nav_2d_utils/lib:/home/agilex/agilex_ws/install/nav2_util/lib:/home/agilex/agilex_ws/install/nav2_voxel_grid/lib:/home/agilex/agilex_ws/install/nav2_msgs/lib:/home/agilex/agilex_ws/install/dwb_msgs/lib:/home/agilex/agilex_ws/install/nav_2d_msgs/lib PYTHONPATH=/home/agilex/agilex_ws/install/nav2_msgs/local/lib/python3.10/dist-packages:/home/agilex/agilex_ws/install/dwb_msgs/local/lib/python3.10/dist-packages:/home/agilex/agilex_ws/install/nav_2d_msgs/local/lib/python3.10/dist-packages:/home/agilex/agilex_ws/install/nav2_common/local/lib/python3.10/dist-packages /usr/bin/cmake --install /home/agilex/agilex_ws/build/nav2_dwb_controller
[5.512s] Level 1:colcon.colcon_core.environment:create_environment_scripts_only(nav2_dwb_controller)
[5.513s] DEBUG:colcon.colcon_core.event_handler.log_command:Invoked command in '/home/agilex/agilex_ws/build/nav2_dwb_controller' returned '0': AMENT_PREFIX_PATH=/home/agilex/agilex_ws/install/dwb_plugins:/home/agilex/agilex_ws/install/dwb_critics:/home/agilex/agilex_ws/install/dwb_core:/home/agilex/agilex_ws/install/nav2_core:/home/agilex/agilex_ws/install/costmap_queue:/home/agilex/agilex_ws/install/nav2_costmap_2d:/home/agilex/agilex_ws/install/nav_2d_utils:/home/agilex/agilex_ws/install/nav2_util:/home/agilex/agilex_ws/install/nav2_voxel_grid:/home/agilex/agilex_ws/install/nav2_msgs:/home/agilex/agilex_ws/install/dwb_msgs:/home/agilex/agilex_ws/install/nav_2d_msgs:/home/agilex/agilex_ws/install/nav2_common CMAKE_PREFIX_PATH=/home/agilex/agilex_ws/install/dwb_plugins:/home/agilex/agilex_ws/install/dwb_critics:/home/agilex/agilex_ws/install/dwb_core:/home/agilex/agilex_ws/install/nav2_core:/home/agilex/agilex_ws/install/costmap_queue:/home/agilex/agilex_ws/install/nav2_costmap_2d:/home/agilex/agilex_ws/install/nav_2d_utils:/home/agilex/agilex_ws/install/nav2_util:/home/agilex/agilex_ws/install/nav2_voxel_grid:/home/agilex/agilex_ws/install/nav2_msgs:/home/agilex/agilex_ws/install/dwb_msgs:/home/agilex/agilex_ws/install/nav_2d_msgs:/home/agilex/agilex_ws/install/nav2_common LD_LIBRARY_PATH=/home/agilex/agilex_ws/install/dwb_plugins/lib:/home/agilex/agilex_ws/install/dwb_critics/lib:/home/agilex/agilex_ws/install/dwb_core/lib:/home/agilex/agilex_ws/install/costmap_queue/lib:/home/agilex/agilex_ws/install/nav2_costmap_2d/lib:/home/agilex/agilex_ws/install/nav_2d_utils/lib:/home/agilex/agilex_ws/install/nav2_util/lib:/home/agilex/agilex_ws/install/nav2_voxel_grid/lib:/home/agilex/agilex_ws/install/nav2_msgs/lib:/home/agilex/agilex_ws/install/dwb_msgs/lib:/home/agilex/agilex_ws/install/nav_2d_msgs/lib PYTHONPATH=/home/agilex/agilex_ws/install/nav2_msgs/local/lib/python3.10/dist-packages:/home/agilex/agilex_ws/install/dwb_msgs/local/lib/python3.10/dist-packages:/home/agilex/agilex_ws/install/nav_2d_msgs/local/lib/python3.10/dist-packages:/home/agilex/agilex_ws/install/nav2_common/local/lib/python3.10/dist-packages /usr/bin/cmake --install /home/agilex/agilex_ws/build/nav2_dwb_controller
[5.517s] Level 1:colcon.colcon_core.environment:checking '/home/agilex/agilex_ws/install/nav2_dwb_controller' for CMake module files
[5.518s] Level 1:colcon.colcon_core.environment:checking '/home/agilex/agilex_ws/install/nav2_dwb_controller' for CMake config files
[5.518s] Level 1:colcon.colcon_core.shell:create_environment_hook('nav2_dwb_controller', 'cmake_prefix_path')
[5.522s] INFO:colcon.colcon_core.shell:Creating environment hook '/home/agilex/agilex_ws/install/nav2_dwb_controller/share/nav2_dwb_controller/hook/cmake_prefix_path.ps1'
[5.522s] INFO:colcon.colcon_core.shell:Creating environment descriptor '/home/agilex/agilex_ws/install/nav2_dwb_controller/share/nav2_dwb_controller/hook/cmake_prefix_path.dsv'
[5.522s] INFO:colcon.colcon_core.shell:Creating environment hook '/home/agilex/agilex_ws/install/nav2_dwb_controller/share/nav2_dwb_controller/hook/cmake_prefix_path.sh'
[5.523s] Level 1:colcon.colcon_core.environment:checking '/home/agilex/agilex_ws/install/nav2_dwb_controller/bin'
[5.523s] Level 1:colcon.colcon_core.environment:checking '/home/agilex/agilex_ws/install/nav2_dwb_controller/lib/pkgconfig/nav2_dwb_controller.pc'
[5.523s] Level 1:colcon.colcon_core.environment:checking '/home/agilex/agilex_ws/install/nav2_dwb_controller/lib/python3.10/site-packages'
[5.523s] Level 1:colcon.colcon_core.environment:checking '/home/agilex/agilex_ws/install/nav2_dwb_controller/bin'
[5.527s] INFO:colcon.colcon_core.shell:Creating package script '/home/agilex/agilex_ws/install/nav2_dwb_controller/share/nav2_dwb_controller/package.ps1'
[5.527s] INFO:colcon.colcon_core.shell:Creating package descriptor '/home/agilex/agilex_ws/install/nav2_dwb_controller/share/nav2_dwb_controller/package.dsv'
[5.527s] INFO:colcon.colcon_core.shell:Creating package script '/home/agilex/agilex_ws/install/nav2_dwb_controller/share/nav2_dwb_controller/package.sh'
[5.527s] INFO:colcon.colcon_core.shell:Creating package script '/home/agilex/agilex_ws/install/nav2_dwb_controller/share/nav2_dwb_controller/package.bash'
[5.528s] INFO:colcon.colcon_core.shell:Creating package script '/home/agilex/agilex_ws/install/nav2_dwb_controller/share/nav2_dwb_controller/package.zsh'
[5.528s] Level 1:colcon.colcon_core.environment:create_file_with_runtime_dependencies(/home/agilex/agilex_ws/install/nav2_dwb_controller/share/colcon-core/packages/nav2_dwb_controller)
[5.545s] Level 1:colcon.colcon_core.environment:create_environment_scripts_only(nav2_dwb_controller)
[5.549s] Level 1:colcon.colcon_core.environment:checking '/home/agilex/agilex_ws/install/nav2_dwb_controller' for CMake module files
[5.549s] Level 1:colcon.colcon_core.environment:checking '/home/agilex/agilex_ws/install/nav2_dwb_controller' for CMake config files
[5.550s] Level 1:colcon.colcon_core.shell:create_environment_hook('nav2_dwb_controller', 'cmake_prefix_path')
[5.552s] INFO:colcon.colcon_core.shell:Creating environment hook '/home/agilex/agilex_ws/install/nav2_dwb_controller/share/nav2_dwb_controller/hook/cmake_prefix_path.ps1'
[5.553s] INFO:colcon.colcon_core.shell:Creating environment descriptor '/home/agilex/agilex_ws/install/nav2_dwb_controller/share/nav2_dwb_controller/hook/cmake_prefix_path.dsv'
[5.553s] INFO:colcon.colcon_core.shell:Creating environment hook '/home/agilex/agilex_ws/install/nav2_dwb_controller/share/nav2_dwb_controller/hook/cmake_prefix_path.sh'
[5.553s] Level 1:colcon.colcon_core.environment:checking '/home/agilex/agilex_ws/install/nav2_dwb_controller/bin'
[5.553s] Level 1:colcon.colcon_core.environment:checking '/home/agilex/agilex_ws/install/nav2_dwb_controller/lib/pkgconfig/nav2_dwb_controller.pc'
[5.553s] Level 1:colcon.colcon_core.environment:checking '/home/agilex/agilex_ws/install/nav2_dwb_controller/lib/python3.10/site-packages'
[5.553s] Level 1:colcon.colcon_core.environment:checking '/home/agilex/agilex_ws/install/nav2_dwb_controller/bin'
[5.556s] INFO:colcon.colcon_core.shell:Creating package script '/home/agilex/agilex_ws/install/nav2_dwb_controller/share/nav2_dwb_controller/package.ps1'
[5.557s] INFO:colcon.colcon_core.shell:Creating package descriptor '/home/agilex/agilex_ws/install/nav2_dwb_controller/share/nav2_dwb_controller/package.dsv'
[5.557s] INFO:colcon.colcon_core.shell:Creating package script '/home/agilex/agilex_ws/install/nav2_dwb_controller/share/nav2_dwb_controller/package.sh'
[5.557s] INFO:colcon.colcon_core.shell:Creating package script '/home/agilex/agilex_ws/install/nav2_dwb_controller/share/nav2_dwb_controller/package.bash'
[5.557s] INFO:colcon.colcon_core.shell:Creating package script '/home/agilex/agilex_ws/install/nav2_dwb_controller/share/nav2_dwb_controller/package.zsh'
[5.557s] Level 1:colcon.colcon_core.environment:create_file_with_runtime_dependencies(/home/agilex/agilex_ws/install/nav2_dwb_controller/share/colcon-core/packages/nav2_dwb_controller)
[5.558s] INFO:colcon.colcon_ros.task.ament_cmake.build:Building ROS package in '/home/agilex/agilex_ws/src/navigation2/navigation2' with build type 'ament_cmake'
[5.558s] INFO:colcon.colcon_cmake.task.cmake.build:Building CMake package in '/home/agilex/agilex_ws/src/navigation2/navigation2'
[5.561s] INFO:colcon.colcon_core.shell:Skip shell extension 'powershell' for command environment: Not usable outside of PowerShell
[5.561s] DEBUG:colcon.colcon_core.shell:Skip shell extension 'dsv' for command environment
[5.663s] DEBUG:colcon.colcon_core.event_handler.log_command:Invoking command in '/home/agilex/agilex_ws/build/navigation2': AMENT_PREFIX_PATH=/home/agilex/agilex_ws/install/nav2_dwb_controller:/home/agilex/agilex_ws/install/nav2_rotation_shim_controller:/home/agilex/agilex_ws/install/dwb_plugins:/home/agilex/agilex_ws/install/dwb_critics:/home/agilex/agilex_ws/install/nav2_waypoint_follower:/home/agilex/agilex_ws/install/nav2_theta_star_planner:/home/agilex/agilex_ws/install/nav2_smoother:/home/agilex/agilex_ws/install/nav2_smac_planner:/home/agilex/agilex_ws/install/nav2_regulated_pure_pursuit_controller:/home/agilex/agilex_ws/install/nav2_planner:/home/agilex/agilex_ws/install/nav2_navfn_planner:/home/agilex/agilex_ws/install/nav2_controller:/home/agilex/agilex_ws/install/nav2_bt_navigator:/home/agilex/agilex_ws/install/nav2_behaviors:/home/agilex/agilex_ws/install/dwb_core:/home/agilex/agilex_ws/install/nav2_core:/home/agilex/agilex_ws/install/costmap_queue:/home/agilex/agilex_ws/install/nav2_rviz_plugins:/home/agilex/agilex_ws/install/nav2_costmap_2d:/home/agilex/agilex_ws/install/nav_2d_utils:/home/agilex/agilex_ws/install/nav2_map_server:/home/agilex/agilex_ws/install/nav2_lifecycle_manager:/home/agilex/agilex_ws/install/nav2_behavior_tree:/home/agilex/agilex_ws/install/nav2_amcl:/home/agilex/agilex_ws/install/nav2_util:/home/agilex/agilex_ws/install/nav2_simple_commander:/home/agilex/agilex_ws/install/nav2_voxel_grid:/home/agilex/agilex_ws/install/nav2_msgs:/home/agilex/agilex_ws/install/dwb_msgs:/home/agilex/agilex_ws/install/nav_2d_msgs:/home/agilex/agilex_ws/install/nav2_common CMAKE_PREFIX_PATH=/home/agilex/agilex_ws/install/nav2_dwb_controller:/home/agilex/agilex_ws/install/nav2_rotation_shim_controller:/home/agilex/agilex_ws/install/dwb_plugins:/home/agilex/agilex_ws/install/dwb_critics:/home/agilex/agilex_ws/install/nav2_waypoint_follower:/home/agilex/agilex_ws/install/nav2_theta_star_planner:/home/agilex/agilex_ws/install/nav2_smoother:/home/agilex/agilex_ws/install/nav2_smac_planner:/home/agilex/agilex_ws/install/nav2_regulated_pure_pursuit_controller:/home/agilex/agilex_ws/install/nav2_planner:/home/agilex/agilex_ws/install/nav2_navfn_planner:/home/agilex/agilex_ws/install/nav2_controller:/home/agilex/agilex_ws/install/nav2_bt_navigator:/home/agilex/agilex_ws/install/nav2_behaviors:/home/agilex/agilex_ws/install/dwb_core:/home/agilex/agilex_ws/install/nav2_core:/home/agilex/agilex_ws/install/costmap_queue:/home/agilex/agilex_ws/install/nav2_rviz_plugins:/home/agilex/agilex_ws/install/nav2_costmap_2d:/home/agilex/agilex_ws/install/nav_2d_utils:/home/agilex/agilex_ws/install/nav2_map_server:/home/agilex/agilex_ws/install/nav2_lifecycle_manager:/home/agilex/agilex_ws/install/nav2_behavior_tree:/home/agilex/agilex_ws/install/nav2_amcl:/home/agilex/agilex_ws/install/nav2_util:/home/agilex/agilex_ws/install/nav2_voxel_grid:/home/agilex/agilex_ws/install/nav2_msgs:/home/agilex/agilex_ws/install/dwb_msgs:/home/agilex/agilex_ws/install/nav_2d_msgs:/home/agilex/agilex_ws/install/nav2_common LD_LIBRARY_PATH=/home/agilex/agilex_ws/install/nav2_rotation_shim_controller/lib:/home/agilex/agilex_ws/install/dwb_plugins/lib:/home/agilex/agilex_ws/install/dwb_critics/lib:/home/agilex/agilex_ws/install/nav2_waypoint_follower/lib:/home/agilex/agilex_ws/install/nav2_theta_star_planner/lib:/home/agilex/agilex_ws/install/nav2_smoother/lib:/home/agilex/agilex_ws/install/nav2_smac_planner/lib:/home/agilex/agilex_ws/install/nav2_regulated_pure_pursuit_controller/lib:/home/agilex/agilex_ws/install/nav2_planner/lib:/home/agilex/agilex_ws/install/nav2_navfn_planner/lib:/home/agilex/agilex_ws/install/nav2_controller/lib:/home/agilex/agilex_ws/install/nav2_bt_navigator/lib:/home/agilex/agilex_ws/install/nav2_behaviors/lib:/home/agilex/agilex_ws/install/dwb_core/lib:/home/agilex/agilex_ws/install/costmap_queue/lib:/home/agilex/agilex_ws/install/nav2_rviz_plugins/lib:/home/agilex/agilex_ws/install/nav2_costmap_2d/lib:/home/agilex/agilex_ws/install/nav_2d_utils/lib:/home/agilex/agilex_ws/install/nav2_map_server/lib:/home/agilex/agilex_ws/install/nav2_lifecycle_manager/lib:/home/agilex/agilex_ws/install/nav2_behavior_tree/lib:/home/agilex/agilex_ws/install/nav2_amcl/lib:/home/agilex/agilex_ws/install/nav2_util/lib:/home/agilex/agilex_ws/install/nav2_voxel_grid/lib:/home/agilex/agilex_ws/install/nav2_msgs/lib:/home/agilex/agilex_ws/install/dwb_msgs/lib:/home/agilex/agilex_ws/install/nav_2d_msgs/lib PYTHONPATH=/home/agilex/agilex_ws/install/nav2_simple_commander/lib/python3.10/site-packages:/home/agilex/agilex_ws/install/nav2_msgs/local/lib/python3.10/dist-packages:/home/agilex/agilex_ws/install/dwb_msgs/local/lib/python3.10/dist-packages:/home/agilex/agilex_ws/install/nav_2d_msgs/local/lib/python3.10/dist-packages:/home/agilex/agilex_ws/install/nav2_common/local/lib/python3.10/dist-packages /usr/bin/cmake --build /home/agilex/agilex_ws/build/navigation2 -- -j16 -l16
[5.704s] DEBUG:colcon.colcon_core.event_handler.log_command:Invoked command in '/home/agilex/agilex_ws/build/navigation2' returned '0': AMENT_PREFIX_PATH=/home/agilex/agilex_ws/install/nav2_dwb_controller:/home/agilex/agilex_ws/install/nav2_rotation_shim_controller:/home/agilex/agilex_ws/install/dwb_plugins:/home/agilex/agilex_ws/install/dwb_critics:/home/agilex/agilex_ws/install/nav2_waypoint_follower:/home/agilex/agilex_ws/install/nav2_theta_star_planner:/home/agilex/agilex_ws/install/nav2_smoother:/home/agilex/agilex_ws/install/nav2_smac_planner:/home/agilex/agilex_ws/install/nav2_regulated_pure_pursuit_controller:/home/agilex/agilex_ws/install/nav2_planner:/home/agilex/agilex_ws/install/nav2_navfn_planner:/home/agilex/agilex_ws/install/nav2_controller:/home/agilex/agilex_ws/install/nav2_bt_navigator:/home/agilex/agilex_ws/install/nav2_behaviors:/home/agilex/agilex_ws/install/dwb_core:/home/agilex/agilex_ws/install/nav2_core:/home/agilex/agilex_ws/install/costmap_queue:/home/agilex/agilex_ws/install/nav2_rviz_plugins:/home/agilex/agilex_ws/install/nav2_costmap_2d:/home/agilex/agilex_ws/install/nav_2d_utils:/home/agilex/agilex_ws/install/nav2_map_server:/home/agilex/agilex_ws/install/nav2_lifecycle_manager:/home/agilex/agilex_ws/install/nav2_behavior_tree:/home/agilex/agilex_ws/install/nav2_amcl:/home/agilex/agilex_ws/install/nav2_util:/home/agilex/agilex_ws/install/nav2_simple_commander:/home/agilex/agilex_ws/install/nav2_voxel_grid:/home/agilex/agilex_ws/install/nav2_msgs:/home/agilex/agilex_ws/install/dwb_msgs:/home/agilex/agilex_ws/install/nav_2d_msgs:/home/agilex/agilex_ws/install/nav2_common CMAKE_PREFIX_PATH=/home/agilex/agilex_ws/install/nav2_dwb_controller:/home/agilex/agilex_ws/install/nav2_rotation_shim_controller:/home/agilex/agilex_ws/install/dwb_plugins:/home/agilex/agilex_ws/install/dwb_critics:/home/agilex/agilex_ws/install/nav2_waypoint_follower:/home/agilex/agilex_ws/install/nav2_theta_star_planner:/home/agilex/agilex_ws/install/nav2_smoother:/home/agilex/agilex_ws/install/nav2_smac_planner:/home/agilex/agilex_ws/install/nav2_regulated_pure_pursuit_controller:/home/agilex/agilex_ws/install/nav2_planner:/home/agilex/agilex_ws/install/nav2_navfn_planner:/home/agilex/agilex_ws/install/nav2_controller:/home/agilex/agilex_ws/install/nav2_bt_navigator:/home/agilex/agilex_ws/install/nav2_behaviors:/home/agilex/agilex_ws/install/dwb_core:/home/agilex/agilex_ws/install/nav2_core:/home/agilex/agilex_ws/install/costmap_queue:/home/agilex/agilex_ws/install/nav2_rviz_plugins:/home/agilex/agilex_ws/install/nav2_costmap_2d:/home/agilex/agilex_ws/install/nav_2d_utils:/home/agilex/agilex_ws/install/nav2_map_server:/home/agilex/agilex_ws/install/nav2_lifecycle_manager:/home/agilex/agilex_ws/install/nav2_behavior_tree:/home/agilex/agilex_ws/install/nav2_amcl:/home/agilex/agilex_ws/install/nav2_util:/home/agilex/agilex_ws/install/nav2_voxel_grid:/home/agilex/agilex_ws/install/nav2_msgs:/home/agilex/agilex_ws/install/dwb_msgs:/home/agilex/agilex_ws/install/nav_2d_msgs:/home/agilex/agilex_ws/install/nav2_common LD_LIBRARY_PATH=/home/agilex/agilex_ws/install/nav2_rotation_shim_controller/lib:/home/agilex/agilex_ws/install/dwb_plugins/lib:/home/agilex/agilex_ws/install/dwb_critics/lib:/home/agilex/agilex_ws/install/nav2_waypoint_follower/lib:/home/agilex/agilex_ws/install/nav2_theta_star_planner/lib:/home/agilex/agilex_ws/install/nav2_smoother/lib:/home/agilex/agilex_ws/install/nav2_smac_planner/lib:/home/agilex/agilex_ws/install/nav2_regulated_pure_pursuit_controller/lib:/home/agilex/agilex_ws/install/nav2_planner/lib:/home/agilex/agilex_ws/install/nav2_navfn_planner/lib:/home/agilex/agilex_ws/install/nav2_controller/lib:/home/agilex/agilex_ws/install/nav2_bt_navigator/lib:/home/agilex/agilex_ws/install/nav2_behaviors/lib:/home/agilex/agilex_ws/install/dwb_core/lib:/home/agilex/agilex_ws/install/costmap_queue/lib:/home/agilex/agilex_ws/install/nav2_rviz_plugins/lib:/home/agilex/agilex_ws/install/nav2_costmap_2d/lib:/home/agilex/agilex_ws/install/nav_2d_utils/lib:/home/agilex/agilex_ws/install/nav2_map_server/lib:/home/agilex/agilex_ws/install/nav2_lifecycle_manager/lib:/home/agilex/agilex_ws/install/nav2_behavior_tree/lib:/home/agilex/agilex_ws/install/nav2_amcl/lib:/home/agilex/agilex_ws/install/nav2_util/lib:/home/agilex/agilex_ws/install/nav2_voxel_grid/lib:/home/agilex/agilex_ws/install/nav2_msgs/lib:/home/agilex/agilex_ws/install/dwb_msgs/lib:/home/agilex/agilex_ws/install/nav_2d_msgs/lib PYTHONPATH=/home/agilex/agilex_ws/install/nav2_simple_commander/lib/python3.10/site-packages:/home/agilex/agilex_ws/install/nav2_msgs/local/lib/python3.10/dist-packages:/home/agilex/agilex_ws/install/dwb_msgs/local/lib/python3.10/dist-packages:/home/agilex/agilex_ws/install/nav_2d_msgs/local/lib/python3.10/dist-packages:/home/agilex/agilex_ws/install/nav2_common/local/lib/python3.10/dist-packages /usr/bin/cmake --build /home/agilex/agilex_ws/build/navigation2 -- -j16 -l16
[5.721s] DEBUG:colcon.colcon_core.event_handler.log_command:Invoking command in '/home/agilex/agilex_ws/build/navigation2': AMENT_PREFIX_PATH=/home/agilex/agilex_ws/install/nav2_dwb_controller:/home/agilex/agilex_ws/install/nav2_rotation_shim_controller:/home/agilex/agilex_ws/install/dwb_plugins:/home/agilex/agilex_ws/install/dwb_critics:/home/agilex/agilex_ws/install/nav2_waypoint_follower:/home/agilex/agilex_ws/install/nav2_theta_star_planner:/home/agilex/agilex_ws/install/nav2_smoother:/home/agilex/agilex_ws/install/nav2_smac_planner:/home/agilex/agilex_ws/install/nav2_regulated_pure_pursuit_controller:/home/agilex/agilex_ws/install/nav2_planner:/home/agilex/agilex_ws/install/nav2_navfn_planner:/home/agilex/agilex_ws/install/nav2_controller:/home/agilex/agilex_ws/install/nav2_bt_navigator:/home/agilex/agilex_ws/install/nav2_behaviors:/home/agilex/agilex_ws/install/dwb_core:/home/agilex/agilex_ws/install/nav2_core:/home/agilex/agilex_ws/install/costmap_queue:/home/agilex/agilex_ws/install/nav2_rviz_plugins:/home/agilex/agilex_ws/install/nav2_costmap_2d:/home/agilex/agilex_ws/install/nav_2d_utils:/home/agilex/agilex_ws/install/nav2_map_server:/home/agilex/agilex_ws/install/nav2_lifecycle_manager:/home/agilex/agilex_ws/install/nav2_behavior_tree:/home/agilex/agilex_ws/install/nav2_amcl:/home/agilex/agilex_ws/install/nav2_util:/home/agilex/agilex_ws/install/nav2_simple_commander:/home/agilex/agilex_ws/install/nav2_voxel_grid:/home/agilex/agilex_ws/install/nav2_msgs:/home/agilex/agilex_ws/install/dwb_msgs:/home/agilex/agilex_ws/install/nav_2d_msgs:/home/agilex/agilex_ws/install/nav2_common CMAKE_PREFIX_PATH=/home/agilex/agilex_ws/install/nav2_dwb_controller:/home/agilex/agilex_ws/install/nav2_rotation_shim_controller:/home/agilex/agilex_ws/install/dwb_plugins:/home/agilex/agilex_ws/install/dwb_critics:/home/agilex/agilex_ws/install/nav2_waypoint_follower:/home/agilex/agilex_ws/install/nav2_theta_star_planner:/home/agilex/agilex_ws/install/nav2_smoother:/home/agilex/agilex_ws/install/nav2_smac_planner:/home/agilex/agilex_ws/install/nav2_regulated_pure_pursuit_controller:/home/agilex/agilex_ws/install/nav2_planner:/home/agilex/agilex_ws/install/nav2_navfn_planner:/home/agilex/agilex_ws/install/nav2_controller:/home/agilex/agilex_ws/install/nav2_bt_navigator:/home/agilex/agilex_ws/install/nav2_behaviors:/home/agilex/agilex_ws/install/dwb_core:/home/agilex/agilex_ws/install/nav2_core:/home/agilex/agilex_ws/install/costmap_queue:/home/agilex/agilex_ws/install/nav2_rviz_plugins:/home/agilex/agilex_ws/install/nav2_costmap_2d:/home/agilex/agilex_ws/install/nav_2d_utils:/home/agilex/agilex_ws/install/nav2_map_server:/home/agilex/agilex_ws/install/nav2_lifecycle_manager:/home/agilex/agilex_ws/install/nav2_behavior_tree:/home/agilex/agilex_ws/install/nav2_amcl:/home/agilex/agilex_ws/install/nav2_util:/home/agilex/agilex_ws/install/nav2_voxel_grid:/home/agilex/agilex_ws/install/nav2_msgs:/home/agilex/agilex_ws/install/dwb_msgs:/home/agilex/agilex_ws/install/nav_2d_msgs:/home/agilex/agilex_ws/install/nav2_common LD_LIBRARY_PATH=/home/agilex/agilex_ws/install/nav2_rotation_shim_controller/lib:/home/agilex/agilex_ws/install/dwb_plugins/lib:/home/agilex/agilex_ws/install/dwb_critics/lib:/home/agilex/agilex_ws/install/nav2_waypoint_follower/lib:/home/agilex/agilex_ws/install/nav2_theta_star_planner/lib:/home/agilex/agilex_ws/install/nav2_smoother/lib:/home/agilex/agilex_ws/install/nav2_smac_planner/lib:/home/agilex/agilex_ws/install/nav2_regulated_pure_pursuit_controller/lib:/home/agilex/agilex_ws/install/nav2_planner/lib:/home/agilex/agilex_ws/install/nav2_navfn_planner/lib:/home/agilex/agilex_ws/install/nav2_controller/lib:/home/agilex/agilex_ws/install/nav2_bt_navigator/lib:/home/agilex/agilex_ws/install/nav2_behaviors/lib:/home/agilex/agilex_ws/install/dwb_core/lib:/home/agilex/agilex_ws/install/costmap_queue/lib:/home/agilex/agilex_ws/install/nav2_rviz_plugins/lib:/home/agilex/agilex_ws/install/nav2_costmap_2d/lib:/home/agilex/agilex_ws/install/nav_2d_utils/lib:/home/agilex/agilex_ws/install/nav2_map_server/lib:/home/agilex/agilex_ws/install/nav2_lifecycle_manager/lib:/home/agilex/agilex_ws/install/nav2_behavior_tree/lib:/home/agilex/agilex_ws/install/nav2_amcl/lib:/home/agilex/agilex_ws/install/nav2_util/lib:/home/agilex/agilex_ws/install/nav2_voxel_grid/lib:/home/agilex/agilex_ws/install/nav2_msgs/lib:/home/agilex/agilex_ws/install/dwb_msgs/lib:/home/agilex/agilex_ws/install/nav_2d_msgs/lib PYTHONPATH=/home/agilex/agilex_ws/install/nav2_simple_commander/lib/python3.10/site-packages:/home/agilex/agilex_ws/install/nav2_msgs/local/lib/python3.10/dist-packages:/home/agilex/agilex_ws/install/dwb_msgs/local/lib/python3.10/dist-packages:/home/agilex/agilex_ws/install/nav_2d_msgs/local/lib/python3.10/dist-packages:/home/agilex/agilex_ws/install/nav2_common/local/lib/python3.10/dist-packages /usr/bin/cmake --install /home/agilex/agilex_ws/build/navigation2
[5.731s] Level 1:colcon.colcon_core.environment:create_environment_scripts_only(navigation2)
[5.731s] DEBUG:colcon.colcon_core.event_handler.log_command:Invoked command in '/home/agilex/agilex_ws/build/navigation2' returned '0': AMENT_PREFIX_PATH=/home/agilex/agilex_ws/install/nav2_dwb_controller:/home/agilex/agilex_ws/install/nav2_rotation_shim_controller:/home/agilex/agilex_ws/install/dwb_plugins:/home/agilex/agilex_ws/install/dwb_critics:/home/agilex/agilex_ws/install/nav2_waypoint_follower:/home/agilex/agilex_ws/install/nav2_theta_star_planner:/home/agilex/agilex_ws/install/nav2_smoother:/home/agilex/agilex_ws/install/nav2_smac_planner:/home/agilex/agilex_ws/install/nav2_regulated_pure_pursuit_controller:/home/agilex/agilex_ws/install/nav2_planner:/home/agilex/agilex_ws/install/nav2_navfn_planner:/home/agilex/agilex_ws/install/nav2_controller:/home/agilex/agilex_ws/install/nav2_bt_navigator:/home/agilex/agilex_ws/install/nav2_behaviors:/home/agilex/agilex_ws/install/dwb_core:/home/agilex/agilex_ws/install/nav2_core:/home/agilex/agilex_ws/install/costmap_queue:/home/agilex/agilex_ws/install/nav2_rviz_plugins:/home/agilex/agilex_ws/install/nav2_costmap_2d:/home/agilex/agilex_ws/install/nav_2d_utils:/home/agilex/agilex_ws/install/nav2_map_server:/home/agilex/agilex_ws/install/nav2_lifecycle_manager:/home/agilex/agilex_ws/install/nav2_behavior_tree:/home/agilex/agilex_ws/install/nav2_amcl:/home/agilex/agilex_ws/install/nav2_util:/home/agilex/agilex_ws/install/nav2_simple_commander:/home/agilex/agilex_ws/install/nav2_voxel_grid:/home/agilex/agilex_ws/install/nav2_msgs:/home/agilex/agilex_ws/install/dwb_msgs:/home/agilex/agilex_ws/install/nav_2d_msgs:/home/agilex/agilex_ws/install/nav2_common CMAKE_PREFIX_PATH=/home/agilex/agilex_ws/install/nav2_dwb_controller:/home/agilex/agilex_ws/install/nav2_rotation_shim_controller:/home/agilex/agilex_ws/install/dwb_plugins:/home/agilex/agilex_ws/install/dwb_critics:/home/agilex/agilex_ws/install/nav2_waypoint_follower:/home/agilex/agilex_ws/install/nav2_theta_star_planner:/home/agilex/agilex_ws/install/nav2_smoother:/home/agilex/agilex_ws/install/nav2_smac_planner:/home/agilex/agilex_ws/install/nav2_regulated_pure_pursuit_controller:/home/agilex/agilex_ws/install/nav2_planner:/home/agilex/agilex_ws/install/nav2_navfn_planner:/home/agilex/agilex_ws/install/nav2_controller:/home/agilex/agilex_ws/install/nav2_bt_navigator:/home/agilex/agilex_ws/install/nav2_behaviors:/home/agilex/agilex_ws/install/dwb_core:/home/agilex/agilex_ws/install/nav2_core:/home/agilex/agilex_ws/install/costmap_queue:/home/agilex/agilex_ws/install/nav2_rviz_plugins:/home/agilex/agilex_ws/install/nav2_costmap_2d:/home/agilex/agilex_ws/install/nav_2d_utils:/home/agilex/agilex_ws/install/nav2_map_server:/home/agilex/agilex_ws/install/nav2_lifecycle_manager:/home/agilex/agilex_ws/install/nav2_behavior_tree:/home/agilex/agilex_ws/install/nav2_amcl:/home/agilex/agilex_ws/install/nav2_util:/home/agilex/agilex_ws/install/nav2_voxel_grid:/home/agilex/agilex_ws/install/nav2_msgs:/home/agilex/agilex_ws/install/dwb_msgs:/home/agilex/agilex_ws/install/nav_2d_msgs:/home/agilex/agilex_ws/install/nav2_common LD_LIBRARY_PATH=/home/agilex/agilex_ws/install/nav2_rotation_shim_controller/lib:/home/agilex/agilex_ws/install/dwb_plugins/lib:/home/agilex/agilex_ws/install/dwb_critics/lib:/home/agilex/agilex_ws/install/nav2_waypoint_follower/lib:/home/agilex/agilex_ws/install/nav2_theta_star_planner/lib:/home/agilex/agilex_ws/install/nav2_smoother/lib:/home/agilex/agilex_ws/install/nav2_smac_planner/lib:/home/agilex/agilex_ws/install/nav2_regulated_pure_pursuit_controller/lib:/home/agilex/agilex_ws/install/nav2_planner/lib:/home/agilex/agilex_ws/install/nav2_navfn_planner/lib:/home/agilex/agilex_ws/install/nav2_controller/lib:/home/agilex/agilex_ws/install/nav2_bt_navigator/lib:/home/agilex/agilex_ws/install/nav2_behaviors/lib:/home/agilex/agilex_ws/install/dwb_core/lib:/home/agilex/agilex_ws/install/costmap_queue/lib:/home/agilex/agilex_ws/install/nav2_rviz_plugins/lib:/home/agilex/agilex_ws/install/nav2_costmap_2d/lib:/home/agilex/agilex_ws/install/nav_2d_utils/lib:/home/agilex/agilex_ws/install/nav2_map_server/lib:/home/agilex/agilex_ws/install/nav2_lifecycle_manager/lib:/home/agilex/agilex_ws/install/nav2_behavior_tree/lib:/home/agilex/agilex_ws/install/nav2_amcl/lib:/home/agilex/agilex_ws/install/nav2_util/lib:/home/agilex/agilex_ws/install/nav2_voxel_grid/lib:/home/agilex/agilex_ws/install/nav2_msgs/lib:/home/agilex/agilex_ws/install/dwb_msgs/lib:/home/agilex/agilex_ws/install/nav_2d_msgs/lib PYTHONPATH=/home/agilex/agilex_ws/install/nav2_simple_commander/lib/python3.10/site-packages:/home/agilex/agilex_ws/install/nav2_msgs/local/lib/python3.10/dist-packages:/home/agilex/agilex_ws/install/dwb_msgs/local/lib/python3.10/dist-packages:/home/agilex/agilex_ws/install/nav_2d_msgs/local/lib/python3.10/dist-packages:/home/agilex/agilex_ws/install/nav2_common/local/lib/python3.10/dist-packages /usr/bin/cmake --install /home/agilex/agilex_ws/build/navigation2
[5.736s] Level 1:colcon.colcon_core.environment:checking '/home/agilex/agilex_ws/install/navigation2' for CMake module files
[5.737s] Level 1:colcon.colcon_core.environment:checking '/home/agilex/agilex_ws/install/navigation2' for CMake config files
[5.737s] Level 1:colcon.colcon_core.shell:create_environment_hook('navigation2', 'cmake_prefix_path')
[5.741s] INFO:colcon.colcon_core.shell:Creating environment hook '/home/agilex/agilex_ws/install/navigation2/share/navigation2/hook/cmake_prefix_path.ps1'
[5.741s] INFO:colcon.colcon_core.shell:Creating environment descriptor '/home/agilex/agilex_ws/install/navigation2/share/navigation2/hook/cmake_prefix_path.dsv'
[5.741s] INFO:colcon.colcon_core.shell:Creating environment hook '/home/agilex/agilex_ws/install/navigation2/share/navigation2/hook/cmake_prefix_path.sh'
[5.741s] Level 1:colcon.colcon_core.environment:checking '/home/agilex/agilex_ws/install/navigation2/bin'
[5.741s] Level 1:colcon.colcon_core.environment:checking '/home/agilex/agilex_ws/install/navigation2/lib/pkgconfig/navigation2.pc'
[5.742s] Level 1:colcon.colcon_core.environment:checking '/home/agilex/agilex_ws/install/navigation2/lib/python3.10/site-packages'
[5.742s] Level 1:colcon.colcon_core.environment:checking '/home/agilex/agilex_ws/install/navigation2/bin'
[5.745s] INFO:colcon.colcon_core.shell:Creating package script '/home/agilex/agilex_ws/install/navigation2/share/navigation2/package.ps1'
[5.745s] INFO:colcon.colcon_core.shell:Creating package descriptor '/home/agilex/agilex_ws/install/navigation2/share/navigation2/package.dsv'
[5.745s] INFO:colcon.colcon_core.shell:Creating package script '/home/agilex/agilex_ws/install/navigation2/share/navigation2/package.sh'
[5.745s] INFO:colcon.colcon_core.shell:Creating package script '/home/agilex/agilex_ws/install/navigation2/share/navigation2/package.bash'
[5.745s] INFO:colcon.colcon_core.shell:Creating package script '/home/agilex/agilex_ws/install/navigation2/share/navigation2/package.zsh'
[5.746s] Level 1:colcon.colcon_core.environment:create_file_with_runtime_dependencies(/home/agilex/agilex_ws/install/navigation2/share/colcon-core/packages/navigation2)
[5.762s] Level 1:colcon.colcon_core.environment:create_environment_scripts_only(navigation2)
[5.765s] Level 1:colcon.colcon_core.environment:checking '/home/agilex/agilex_ws/install/navigation2' for CMake module files
[5.765s] Level 1:colcon.colcon_core.environment:checking '/home/agilex/agilex_ws/install/navigation2' for CMake config files
[5.765s] Level 1:colcon.colcon_core.shell:create_environment_hook('navigation2', 'cmake_prefix_path')
[5.768s] INFO:colcon.colcon_core.shell:Creating environment hook '/home/agilex/agilex_ws/install/navigation2/share/navigation2/hook/cmake_prefix_path.ps1'
[5.768s] INFO:colcon.colcon_core.shell:Creating environment descriptor '/home/agilex/agilex_ws/install/navigation2/share/navigation2/hook/cmake_prefix_path.dsv'
[5.769s] INFO:colcon.colcon_core.shell:Creating environment hook '/home/agilex/agilex_ws/install/navigation2/share/navigation2/hook/cmake_prefix_path.sh'
[5.769s] Level 1:colcon.colcon_core.environment:checking '/home/agilex/agilex_ws/install/navigation2/bin'
[5.769s] Level 1:colcon.colcon_core.environment:checking '/home/agilex/agilex_ws/install/navigation2/lib/pkgconfig/navigation2.pc'
[5.769s] Level 1:colcon.colcon_core.environment:checking '/home/agilex/agilex_ws/install/navigation2/lib/python3.10/site-packages'
[5.769s] Level 1:colcon.colcon_core.environment:checking '/home/agilex/agilex_ws/install/navigation2/bin'
[5.772s] INFO:colcon.colcon_core.shell:Creating package script '/home/agilex/agilex_ws/install/navigation2/share/navigation2/package.ps1'
[5.773s] INFO:colcon.colcon_core.shell:Creating package descriptor '/home/agilex/agilex_ws/install/navigation2/share/navigation2/package.dsv'
[5.773s] INFO:colcon.colcon_core.shell:Creating package script '/home/agilex/agilex_ws/install/navigation2/share/navigation2/package.sh'
[5.773s] INFO:colcon.colcon_core.shell:Creating package script '/home/agilex/agilex_ws/install/navigation2/share/navigation2/package.bash'
[5.773s] INFO:colcon.colcon_core.shell:Creating package script '/home/agilex/agilex_ws/install/navigation2/share/navigation2/package.zsh'
[5.773s] Level 1:colcon.colcon_core.environment:create_file_with_runtime_dependencies(/home/agilex/agilex_ws/install/navigation2/share/colcon-core/packages/navigation2)
[5.773s] INFO:colcon.colcon_ros.task.ament_cmake.build:Building ROS package in '/home/agilex/agilex_ws/src/navigation2/nav2_bringup' with build type 'ament_cmake'
[5.774s] INFO:colcon.colcon_cmake.task.cmake.build:Building CMake package in '/home/agilex/agilex_ws/src/navigation2/nav2_bringup'
[5.777s] INFO:colcon.colcon_core.shell:Skip shell extension 'powershell' for command environment: Not usable outside of PowerShell
[5.777s] DEBUG:colcon.colcon_core.shell:Skip shell extension 'dsv' for command environment
[5.877s] DEBUG:colcon.colcon_core.event_handler.log_command:Invoking command in '/home/agilex/agilex_ws/build/nav2_bringup': AMENT_PREFIX_PATH=/home/agilex/agilex_ws/install/navigation2:/home/agilex/agilex_ws/install/nav2_dwb_controller:/home/agilex/agilex_ws/install/nav2_rotation_shim_controller:/home/agilex/agilex_ws/install/dwb_plugins:/home/agilex/agilex_ws/install/dwb_critics:/home/agilex/agilex_ws/install/nav2_waypoint_follower:/home/agilex/agilex_ws/install/nav2_theta_star_planner:/home/agilex/agilex_ws/install/nav2_smoother:/home/agilex/agilex_ws/install/nav2_smac_planner:/home/agilex/agilex_ws/install/nav2_regulated_pure_pursuit_controller:/home/agilex/agilex_ws/install/nav2_planner:/home/agilex/agilex_ws/install/nav2_navfn_planner:/home/agilex/agilex_ws/install/nav2_controller:/home/agilex/agilex_ws/install/nav2_bt_navigator:/home/agilex/agilex_ws/install/nav2_behaviors:/home/agilex/agilex_ws/install/dwb_core:/home/agilex/agilex_ws/install/nav2_core:/home/agilex/agilex_ws/install/costmap_queue:/home/agilex/agilex_ws/install/nav2_rviz_plugins:/home/agilex/agilex_ws/install/nav2_costmap_2d:/home/agilex/agilex_ws/install/nav_2d_utils:/home/agilex/agilex_ws/install/nav2_map_server:/home/agilex/agilex_ws/install/nav2_lifecycle_manager:/home/agilex/agilex_ws/install/nav2_behavior_tree:/home/agilex/agilex_ws/install/nav2_amcl:/home/agilex/agilex_ws/install/nav2_util:/home/agilex/agilex_ws/install/nav2_simple_commander:/home/agilex/agilex_ws/install/nav2_voxel_grid:/home/agilex/agilex_ws/install/nav2_msgs:/home/agilex/agilex_ws/install/dwb_msgs:/home/agilex/agilex_ws/install/nav_2d_msgs:/home/agilex/agilex_ws/install/nav2_common CMAKE_PREFIX_PATH=/home/agilex/agilex_ws/install/navigation2:/home/agilex/agilex_ws/install/nav2_dwb_controller:/home/agilex/agilex_ws/install/nav2_rotation_shim_controller:/home/agilex/agilex_ws/install/dwb_plugins:/home/agilex/agilex_ws/install/dwb_critics:/home/agilex/agilex_ws/install/nav2_waypoint_follower:/home/agilex/agilex_ws/install/nav2_theta_star_planner:/home/agilex/agilex_ws/install/nav2_smoother:/home/agilex/agilex_ws/install/nav2_smac_planner:/home/agilex/agilex_ws/install/nav2_regulated_pure_pursuit_controller:/home/agilex/agilex_ws/install/nav2_planner:/home/agilex/agilex_ws/install/nav2_navfn_planner:/home/agilex/agilex_ws/install/nav2_controller:/home/agilex/agilex_ws/install/nav2_bt_navigator:/home/agilex/agilex_ws/install/nav2_behaviors:/home/agilex/agilex_ws/install/dwb_core:/home/agilex/agilex_ws/install/nav2_core:/home/agilex/agilex_ws/install/costmap_queue:/home/agilex/agilex_ws/install/nav2_rviz_plugins:/home/agilex/agilex_ws/install/nav2_costmap_2d:/home/agilex/agilex_ws/install/nav_2d_utils:/home/agilex/agilex_ws/install/nav2_map_server:/home/agilex/agilex_ws/install/nav2_lifecycle_manager:/home/agilex/agilex_ws/install/nav2_behavior_tree:/home/agilex/agilex_ws/install/nav2_amcl:/home/agilex/agilex_ws/install/nav2_util:/home/agilex/agilex_ws/install/nav2_voxel_grid:/home/agilex/agilex_ws/install/nav2_msgs:/home/agilex/agilex_ws/install/dwb_msgs:/home/agilex/agilex_ws/install/nav_2d_msgs:/home/agilex/agilex_ws/install/nav2_common LD_LIBRARY_PATH=/home/agilex/agilex_ws/install/nav2_rotation_shim_controller/lib:/home/agilex/agilex_ws/install/dwb_plugins/lib:/home/agilex/agilex_ws/install/dwb_critics/lib:/home/agilex/agilex_ws/install/nav2_waypoint_follower/lib:/home/agilex/agilex_ws/install/nav2_theta_star_planner/lib:/home/agilex/agilex_ws/install/nav2_smoother/lib:/home/agilex/agilex_ws/install/nav2_smac_planner/lib:/home/agilex/agilex_ws/install/nav2_regulated_pure_pursuit_controller/lib:/home/agilex/agilex_ws/install/nav2_planner/lib:/home/agilex/agilex_ws/install/nav2_navfn_planner/lib:/home/agilex/agilex_ws/install/nav2_controller/lib:/home/agilex/agilex_ws/install/nav2_bt_navigator/lib:/home/agilex/agilex_ws/install/nav2_behaviors/lib:/home/agilex/agilex_ws/install/dwb_core/lib:/home/agilex/agilex_ws/install/costmap_queue/lib:/home/agilex/agilex_ws/install/nav2_rviz_plugins/lib:/home/agilex/agilex_ws/install/nav2_costmap_2d/lib:/home/agilex/agilex_ws/install/nav_2d_utils/lib:/home/agilex/agilex_ws/install/nav2_map_server/lib:/home/agilex/agilex_ws/install/nav2_lifecycle_manager/lib:/home/agilex/agilex_ws/install/nav2_behavior_tree/lib:/home/agilex/agilex_ws/install/nav2_amcl/lib:/home/agilex/agilex_ws/install/nav2_util/lib:/home/agilex/agilex_ws/install/nav2_voxel_grid/lib:/home/agilex/agilex_ws/install/nav2_msgs/lib:/home/agilex/agilex_ws/install/dwb_msgs/lib:/home/agilex/agilex_ws/install/nav_2d_msgs/lib PYTHONPATH=/home/agilex/agilex_ws/install/nav2_simple_commander/lib/python3.10/site-packages:/home/agilex/agilex_ws/install/nav2_msgs/local/lib/python3.10/dist-packages:/home/agilex/agilex_ws/install/dwb_msgs/local/lib/python3.10/dist-packages:/home/agilex/agilex_ws/install/nav_2d_msgs/local/lib/python3.10/dist-packages:/home/agilex/agilex_ws/install/nav2_common/local/lib/python3.10/dist-packages /usr/bin/cmake --build /home/agilex/agilex_ws/build/nav2_bringup -- -j16 -l16
[5.917s] DEBUG:colcon.colcon_core.event_handler.log_command:Invoked command in '/home/agilex/agilex_ws/build/nav2_bringup' returned '0': AMENT_PREFIX_PATH=/home/agilex/agilex_ws/install/navigation2:/home/agilex/agilex_ws/install/nav2_dwb_controller:/home/agilex/agilex_ws/install/nav2_rotation_shim_controller:/home/agilex/agilex_ws/install/dwb_plugins:/home/agilex/agilex_ws/install/dwb_critics:/home/agilex/agilex_ws/install/nav2_waypoint_follower:/home/agilex/agilex_ws/install/nav2_theta_star_planner:/home/agilex/agilex_ws/install/nav2_smoother:/home/agilex/agilex_ws/install/nav2_smac_planner:/home/agilex/agilex_ws/install/nav2_regulated_pure_pursuit_controller:/home/agilex/agilex_ws/install/nav2_planner:/home/agilex/agilex_ws/install/nav2_navfn_planner:/home/agilex/agilex_ws/install/nav2_controller:/home/agilex/agilex_ws/install/nav2_bt_navigator:/home/agilex/agilex_ws/install/nav2_behaviors:/home/agilex/agilex_ws/install/dwb_core:/home/agilex/agilex_ws/install/nav2_core:/home/agilex/agilex_ws/install/costmap_queue:/home/agilex/agilex_ws/install/nav2_rviz_plugins:/home/agilex/agilex_ws/install/nav2_costmap_2d:/home/agilex/agilex_ws/install/nav_2d_utils:/home/agilex/agilex_ws/install/nav2_map_server:/home/agilex/agilex_ws/install/nav2_lifecycle_manager:/home/agilex/agilex_ws/install/nav2_behavior_tree:/home/agilex/agilex_ws/install/nav2_amcl:/home/agilex/agilex_ws/install/nav2_util:/home/agilex/agilex_ws/install/nav2_simple_commander:/home/agilex/agilex_ws/install/nav2_voxel_grid:/home/agilex/agilex_ws/install/nav2_msgs:/home/agilex/agilex_ws/install/dwb_msgs:/home/agilex/agilex_ws/install/nav_2d_msgs:/home/agilex/agilex_ws/install/nav2_common CMAKE_PREFIX_PATH=/home/agilex/agilex_ws/install/navigation2:/home/agilex/agilex_ws/install/nav2_dwb_controller:/home/agilex/agilex_ws/install/nav2_rotation_shim_controller:/home/agilex/agilex_ws/install/dwb_plugins:/home/agilex/agilex_ws/install/dwb_critics:/home/agilex/agilex_ws/install/nav2_waypoint_follower:/home/agilex/agilex_ws/install/nav2_theta_star_planner:/home/agilex/agilex_ws/install/nav2_smoother:/home/agilex/agilex_ws/install/nav2_smac_planner:/home/agilex/agilex_ws/install/nav2_regulated_pure_pursuit_controller:/home/agilex/agilex_ws/install/nav2_planner:/home/agilex/agilex_ws/install/nav2_navfn_planner:/home/agilex/agilex_ws/install/nav2_controller:/home/agilex/agilex_ws/install/nav2_bt_navigator:/home/agilex/agilex_ws/install/nav2_behaviors:/home/agilex/agilex_ws/install/dwb_core:/home/agilex/agilex_ws/install/nav2_core:/home/agilex/agilex_ws/install/costmap_queue:/home/agilex/agilex_ws/install/nav2_rviz_plugins:/home/agilex/agilex_ws/install/nav2_costmap_2d:/home/agilex/agilex_ws/install/nav_2d_utils:/home/agilex/agilex_ws/install/nav2_map_server:/home/agilex/agilex_ws/install/nav2_lifecycle_manager:/home/agilex/agilex_ws/install/nav2_behavior_tree:/home/agilex/agilex_ws/install/nav2_amcl:/home/agilex/agilex_ws/install/nav2_util:/home/agilex/agilex_ws/install/nav2_voxel_grid:/home/agilex/agilex_ws/install/nav2_msgs:/home/agilex/agilex_ws/install/dwb_msgs:/home/agilex/agilex_ws/install/nav_2d_msgs:/home/agilex/agilex_ws/install/nav2_common LD_LIBRARY_PATH=/home/agilex/agilex_ws/install/nav2_rotation_shim_controller/lib:/home/agilex/agilex_ws/install/dwb_plugins/lib:/home/agilex/agilex_ws/install/dwb_critics/lib:/home/agilex/agilex_ws/install/nav2_waypoint_follower/lib:/home/agilex/agilex_ws/install/nav2_theta_star_planner/lib:/home/agilex/agilex_ws/install/nav2_smoother/lib:/home/agilex/agilex_ws/install/nav2_smac_planner/lib:/home/agilex/agilex_ws/install/nav2_regulated_pure_pursuit_controller/lib:/home/agilex/agilex_ws/install/nav2_planner/lib:/home/agilex/agilex_ws/install/nav2_navfn_planner/lib:/home/agilex/agilex_ws/install/nav2_controller/lib:/home/agilex/agilex_ws/install/nav2_bt_navigator/lib:/home/agilex/agilex_ws/install/nav2_behaviors/lib:/home/agilex/agilex_ws/install/dwb_core/lib:/home/agilex/agilex_ws/install/costmap_queue/lib:/home/agilex/agilex_ws/install/nav2_rviz_plugins/lib:/home/agilex/agilex_ws/install/nav2_costmap_2d/lib:/home/agilex/agilex_ws/install/nav_2d_utils/lib:/home/agilex/agilex_ws/install/nav2_map_server/lib:/home/agilex/agilex_ws/install/nav2_lifecycle_manager/lib:/home/agilex/agilex_ws/install/nav2_behavior_tree/lib:/home/agilex/agilex_ws/install/nav2_amcl/lib:/home/agilex/agilex_ws/install/nav2_util/lib:/home/agilex/agilex_ws/install/nav2_voxel_grid/lib:/home/agilex/agilex_ws/install/nav2_msgs/lib:/home/agilex/agilex_ws/install/dwb_msgs/lib:/home/agilex/agilex_ws/install/nav_2d_msgs/lib PYTHONPATH=/home/agilex/agilex_ws/install/nav2_simple_commander/lib/python3.10/site-packages:/home/agilex/agilex_ws/install/nav2_msgs/local/lib/python3.10/dist-packages:/home/agilex/agilex_ws/install/dwb_msgs/local/lib/python3.10/dist-packages:/home/agilex/agilex_ws/install/nav_2d_msgs/local/lib/python3.10/dist-packages:/home/agilex/agilex_ws/install/nav2_common/local/lib/python3.10/dist-packages /usr/bin/cmake --build /home/agilex/agilex_ws/build/nav2_bringup -- -j16 -l16
[5.932s] DEBUG:colcon.colcon_core.event_handler.log_command:Invoking command in '/home/agilex/agilex_ws/build/nav2_bringup': AMENT_PREFIX_PATH=/home/agilex/agilex_ws/install/navigation2:/home/agilex/agilex_ws/install/nav2_dwb_controller:/home/agilex/agilex_ws/install/nav2_rotation_shim_controller:/home/agilex/agilex_ws/install/dwb_plugins:/home/agilex/agilex_ws/install/dwb_critics:/home/agilex/agilex_ws/install/nav2_waypoint_follower:/home/agilex/agilex_ws/install/nav2_theta_star_planner:/home/agilex/agilex_ws/install/nav2_smoother:/home/agilex/agilex_ws/install/nav2_smac_planner:/home/agilex/agilex_ws/install/nav2_regulated_pure_pursuit_controller:/home/agilex/agilex_ws/install/nav2_planner:/home/agilex/agilex_ws/install/nav2_navfn_planner:/home/agilex/agilex_ws/install/nav2_controller:/home/agilex/agilex_ws/install/nav2_bt_navigator:/home/agilex/agilex_ws/install/nav2_behaviors:/home/agilex/agilex_ws/install/dwb_core:/home/agilex/agilex_ws/install/nav2_core:/home/agilex/agilex_ws/install/costmap_queue:/home/agilex/agilex_ws/install/nav2_rviz_plugins:/home/agilex/agilex_ws/install/nav2_costmap_2d:/home/agilex/agilex_ws/install/nav_2d_utils:/home/agilex/agilex_ws/install/nav2_map_server:/home/agilex/agilex_ws/install/nav2_lifecycle_manager:/home/agilex/agilex_ws/install/nav2_behavior_tree:/home/agilex/agilex_ws/install/nav2_amcl:/home/agilex/agilex_ws/install/nav2_util:/home/agilex/agilex_ws/install/nav2_simple_commander:/home/agilex/agilex_ws/install/nav2_voxel_grid:/home/agilex/agilex_ws/install/nav2_msgs:/home/agilex/agilex_ws/install/dwb_msgs:/home/agilex/agilex_ws/install/nav_2d_msgs:/home/agilex/agilex_ws/install/nav2_common CMAKE_PREFIX_PATH=/home/agilex/agilex_ws/install/navigation2:/home/agilex/agilex_ws/install/nav2_dwb_controller:/home/agilex/agilex_ws/install/nav2_rotation_shim_controller:/home/agilex/agilex_ws/install/dwb_plugins:/home/agilex/agilex_ws/install/dwb_critics:/home/agilex/agilex_ws/install/nav2_waypoint_follower:/home/agilex/agilex_ws/install/nav2_theta_star_planner:/home/agilex/agilex_ws/install/nav2_smoother:/home/agilex/agilex_ws/install/nav2_smac_planner:/home/agilex/agilex_ws/install/nav2_regulated_pure_pursuit_controller:/home/agilex/agilex_ws/install/nav2_planner:/home/agilex/agilex_ws/install/nav2_navfn_planner:/home/agilex/agilex_ws/install/nav2_controller:/home/agilex/agilex_ws/install/nav2_bt_navigator:/home/agilex/agilex_ws/install/nav2_behaviors:/home/agilex/agilex_ws/install/dwb_core:/home/agilex/agilex_ws/install/nav2_core:/home/agilex/agilex_ws/install/costmap_queue:/home/agilex/agilex_ws/install/nav2_rviz_plugins:/home/agilex/agilex_ws/install/nav2_costmap_2d:/home/agilex/agilex_ws/install/nav_2d_utils:/home/agilex/agilex_ws/install/nav2_map_server:/home/agilex/agilex_ws/install/nav2_lifecycle_manager:/home/agilex/agilex_ws/install/nav2_behavior_tree:/home/agilex/agilex_ws/install/nav2_amcl:/home/agilex/agilex_ws/install/nav2_util:/home/agilex/agilex_ws/install/nav2_voxel_grid:/home/agilex/agilex_ws/install/nav2_msgs:/home/agilex/agilex_ws/install/dwb_msgs:/home/agilex/agilex_ws/install/nav_2d_msgs:/home/agilex/agilex_ws/install/nav2_common LD_LIBRARY_PATH=/home/agilex/agilex_ws/install/nav2_rotation_shim_controller/lib:/home/agilex/agilex_ws/install/dwb_plugins/lib:/home/agilex/agilex_ws/install/dwb_critics/lib:/home/agilex/agilex_ws/install/nav2_waypoint_follower/lib:/home/agilex/agilex_ws/install/nav2_theta_star_planner/lib:/home/agilex/agilex_ws/install/nav2_smoother/lib:/home/agilex/agilex_ws/install/nav2_smac_planner/lib:/home/agilex/agilex_ws/install/nav2_regulated_pure_pursuit_controller/lib:/home/agilex/agilex_ws/install/nav2_planner/lib:/home/agilex/agilex_ws/install/nav2_navfn_planner/lib:/home/agilex/agilex_ws/install/nav2_controller/lib:/home/agilex/agilex_ws/install/nav2_bt_navigator/lib:/home/agilex/agilex_ws/install/nav2_behaviors/lib:/home/agilex/agilex_ws/install/dwb_core/lib:/home/agilex/agilex_ws/install/costmap_queue/lib:/home/agilex/agilex_ws/install/nav2_rviz_plugins/lib:/home/agilex/agilex_ws/install/nav2_costmap_2d/lib:/home/agilex/agilex_ws/install/nav_2d_utils/lib:/home/agilex/agilex_ws/install/nav2_map_server/lib:/home/agilex/agilex_ws/install/nav2_lifecycle_manager/lib:/home/agilex/agilex_ws/install/nav2_behavior_tree/lib:/home/agilex/agilex_ws/install/nav2_amcl/lib:/home/agilex/agilex_ws/install/nav2_util/lib:/home/agilex/agilex_ws/install/nav2_voxel_grid/lib:/home/agilex/agilex_ws/install/nav2_msgs/lib:/home/agilex/agilex_ws/install/dwb_msgs/lib:/home/agilex/agilex_ws/install/nav_2d_msgs/lib PYTHONPATH=/home/agilex/agilex_ws/install/nav2_simple_commander/lib/python3.10/site-packages:/home/agilex/agilex_ws/install/nav2_msgs/local/lib/python3.10/dist-packages:/home/agilex/agilex_ws/install/dwb_msgs/local/lib/python3.10/dist-packages:/home/agilex/agilex_ws/install/nav_2d_msgs/local/lib/python3.10/dist-packages:/home/agilex/agilex_ws/install/nav2_common/local/lib/python3.10/dist-packages /usr/bin/cmake --install /home/agilex/agilex_ws/build/nav2_bringup
[5.943s] Level 1:colcon.colcon_core.environment:create_environment_scripts_only(nav2_bringup)
[5.944s] DEBUG:colcon.colcon_core.event_handler.log_command:Invoked command in '/home/agilex/agilex_ws/build/nav2_bringup' returned '0': AMENT_PREFIX_PATH=/home/agilex/agilex_ws/install/navigation2:/home/agilex/agilex_ws/install/nav2_dwb_controller:/home/agilex/agilex_ws/install/nav2_rotation_shim_controller:/home/agilex/agilex_ws/install/dwb_plugins:/home/agilex/agilex_ws/install/dwb_critics:/home/agilex/agilex_ws/install/nav2_waypoint_follower:/home/agilex/agilex_ws/install/nav2_theta_star_planner:/home/agilex/agilex_ws/install/nav2_smoother:/home/agilex/agilex_ws/install/nav2_smac_planner:/home/agilex/agilex_ws/install/nav2_regulated_pure_pursuit_controller:/home/agilex/agilex_ws/install/nav2_planner:/home/agilex/agilex_ws/install/nav2_navfn_planner:/home/agilex/agilex_ws/install/nav2_controller:/home/agilex/agilex_ws/install/nav2_bt_navigator:/home/agilex/agilex_ws/install/nav2_behaviors:/home/agilex/agilex_ws/install/dwb_core:/home/agilex/agilex_ws/install/nav2_core:/home/agilex/agilex_ws/install/costmap_queue:/home/agilex/agilex_ws/install/nav2_rviz_plugins:/home/agilex/agilex_ws/install/nav2_costmap_2d:/home/agilex/agilex_ws/install/nav_2d_utils:/home/agilex/agilex_ws/install/nav2_map_server:/home/agilex/agilex_ws/install/nav2_lifecycle_manager:/home/agilex/agilex_ws/install/nav2_behavior_tree:/home/agilex/agilex_ws/install/nav2_amcl:/home/agilex/agilex_ws/install/nav2_util:/home/agilex/agilex_ws/install/nav2_simple_commander:/home/agilex/agilex_ws/install/nav2_voxel_grid:/home/agilex/agilex_ws/install/nav2_msgs:/home/agilex/agilex_ws/install/dwb_msgs:/home/agilex/agilex_ws/install/nav_2d_msgs:/home/agilex/agilex_ws/install/nav2_common CMAKE_PREFIX_PATH=/home/agilex/agilex_ws/install/navigation2:/home/agilex/agilex_ws/install/nav2_dwb_controller:/home/agilex/agilex_ws/install/nav2_rotation_shim_controller:/home/agilex/agilex_ws/install/dwb_plugins:/home/agilex/agilex_ws/install/dwb_critics:/home/agilex/agilex_ws/install/nav2_waypoint_follower:/home/agilex/agilex_ws/install/nav2_theta_star_planner:/home/agilex/agilex_ws/install/nav2_smoother:/home/agilex/agilex_ws/install/nav2_smac_planner:/home/agilex/agilex_ws/install/nav2_regulated_pure_pursuit_controller:/home/agilex/agilex_ws/install/nav2_planner:/home/agilex/agilex_ws/install/nav2_navfn_planner:/home/agilex/agilex_ws/install/nav2_controller:/home/agilex/agilex_ws/install/nav2_bt_navigator:/home/agilex/agilex_ws/install/nav2_behaviors:/home/agilex/agilex_ws/install/dwb_core:/home/agilex/agilex_ws/install/nav2_core:/home/agilex/agilex_ws/install/costmap_queue:/home/agilex/agilex_ws/install/nav2_rviz_plugins:/home/agilex/agilex_ws/install/nav2_costmap_2d:/home/agilex/agilex_ws/install/nav_2d_utils:/home/agilex/agilex_ws/install/nav2_map_server:/home/agilex/agilex_ws/install/nav2_lifecycle_manager:/home/agilex/agilex_ws/install/nav2_behavior_tree:/home/agilex/agilex_ws/install/nav2_amcl:/home/agilex/agilex_ws/install/nav2_util:/home/agilex/agilex_ws/install/nav2_voxel_grid:/home/agilex/agilex_ws/install/nav2_msgs:/home/agilex/agilex_ws/install/dwb_msgs:/home/agilex/agilex_ws/install/nav_2d_msgs:/home/agilex/agilex_ws/install/nav2_common LD_LIBRARY_PATH=/home/agilex/agilex_ws/install/nav2_rotation_shim_controller/lib:/home/agilex/agilex_ws/install/dwb_plugins/lib:/home/agilex/agilex_ws/install/dwb_critics/lib:/home/agilex/agilex_ws/install/nav2_waypoint_follower/lib:/home/agilex/agilex_ws/install/nav2_theta_star_planner/lib:/home/agilex/agilex_ws/install/nav2_smoother/lib:/home/agilex/agilex_ws/install/nav2_smac_planner/lib:/home/agilex/agilex_ws/install/nav2_regulated_pure_pursuit_controller/lib:/home/agilex/agilex_ws/install/nav2_planner/lib:/home/agilex/agilex_ws/install/nav2_navfn_planner/lib:/home/agilex/agilex_ws/install/nav2_controller/lib:/home/agilex/agilex_ws/install/nav2_bt_navigator/lib:/home/agilex/agilex_ws/install/nav2_behaviors/lib:/home/agilex/agilex_ws/install/dwb_core/lib:/home/agilex/agilex_ws/install/costmap_queue/lib:/home/agilex/agilex_ws/install/nav2_rviz_plugins/lib:/home/agilex/agilex_ws/install/nav2_costmap_2d/lib:/home/agilex/agilex_ws/install/nav_2d_utils/lib:/home/agilex/agilex_ws/install/nav2_map_server/lib:/home/agilex/agilex_ws/install/nav2_lifecycle_manager/lib:/home/agilex/agilex_ws/install/nav2_behavior_tree/lib:/home/agilex/agilex_ws/install/nav2_amcl/lib:/home/agilex/agilex_ws/install/nav2_util/lib:/home/agilex/agilex_ws/install/nav2_voxel_grid/lib:/home/agilex/agilex_ws/install/nav2_msgs/lib:/home/agilex/agilex_ws/install/dwb_msgs/lib:/home/agilex/agilex_ws/install/nav_2d_msgs/lib PYTHONPATH=/home/agilex/agilex_ws/install/nav2_simple_commander/lib/python3.10/site-packages:/home/agilex/agilex_ws/install/nav2_msgs/local/lib/python3.10/dist-packages:/home/agilex/agilex_ws/install/dwb_msgs/local/lib/python3.10/dist-packages:/home/agilex/agilex_ws/install/nav_2d_msgs/local/lib/python3.10/dist-packages:/home/agilex/agilex_ws/install/nav2_common/local/lib/python3.10/dist-packages /usr/bin/cmake --install /home/agilex/agilex_ws/build/nav2_bringup
[5.948s] Level 1:colcon.colcon_core.environment:checking '/home/agilex/agilex_ws/install/nav2_bringup' for CMake module files
[5.948s] Level 1:colcon.colcon_core.environment:checking '/home/agilex/agilex_ws/install/nav2_bringup' for CMake config files
[5.948s] Level 1:colcon.colcon_core.shell:create_environment_hook('nav2_bringup', 'cmake_prefix_path')
[5.951s] INFO:colcon.colcon_core.shell:Creating environment hook '/home/agilex/agilex_ws/install/nav2_bringup/share/nav2_bringup/hook/cmake_prefix_path.ps1'
[5.952s] INFO:colcon.colcon_core.shell:Creating environment descriptor '/home/agilex/agilex_ws/install/nav2_bringup/share/nav2_bringup/hook/cmake_prefix_path.dsv'
[5.952s] INFO:colcon.colcon_core.shell:Creating environment hook '/home/agilex/agilex_ws/install/nav2_bringup/share/nav2_bringup/hook/cmake_prefix_path.sh'
[5.952s] Level 1:colcon.colcon_core.environment:checking '/home/agilex/agilex_ws/install/nav2_bringup/bin'
[5.952s] Level 1:colcon.colcon_core.environment:checking '/home/agilex/agilex_ws/install/nav2_bringup/lib/pkgconfig/nav2_bringup.pc'
[5.952s] Level 1:colcon.colcon_core.environment:checking '/home/agilex/agilex_ws/install/nav2_bringup/lib/python3.10/site-packages'
[5.952s] Level 1:colcon.colcon_core.environment:checking '/home/agilex/agilex_ws/install/nav2_bringup/bin'
[5.956s] INFO:colcon.colcon_core.shell:Creating package script '/home/agilex/agilex_ws/install/nav2_bringup/share/nav2_bringup/package.ps1'
[5.956s] INFO:colcon.colcon_core.shell:Creating package descriptor '/home/agilex/agilex_ws/install/nav2_bringup/share/nav2_bringup/package.dsv'
[5.956s] INFO:colcon.colcon_core.shell:Creating package script '/home/agilex/agilex_ws/install/nav2_bringup/share/nav2_bringup/package.sh'
[5.956s] INFO:colcon.colcon_core.shell:Creating package script '/home/agilex/agilex_ws/install/nav2_bringup/share/nav2_bringup/package.bash'
[5.956s] INFO:colcon.colcon_core.shell:Creating package script '/home/agilex/agilex_ws/install/nav2_bringup/share/nav2_bringup/package.zsh'
[5.957s] Level 1:colcon.colcon_core.environment:create_file_with_runtime_dependencies(/home/agilex/agilex_ws/install/nav2_bringup/share/colcon-core/packages/nav2_bringup)
[5.973s] Level 1:colcon.colcon_core.environment:create_environment_scripts_only(nav2_bringup)
[5.976s] Level 1:colcon.colcon_core.environment:checking '/home/agilex/agilex_ws/install/nav2_bringup' for CMake module files
[5.977s] Level 1:colcon.colcon_core.environment:checking '/home/agilex/agilex_ws/install/nav2_bringup' for CMake config files
[5.977s] Level 1:colcon.colcon_core.shell:create_environment_hook('nav2_bringup', 'cmake_prefix_path')
[5.980s] INFO:colcon.colcon_core.shell:Creating environment hook '/home/agilex/agilex_ws/install/nav2_bringup/share/nav2_bringup/hook/cmake_prefix_path.ps1'
[5.981s] INFO:colcon.colcon_core.shell:Creating environment descriptor '/home/agilex/agilex_ws/install/nav2_bringup/share/nav2_bringup/hook/cmake_prefix_path.dsv'
[5.981s] INFO:colcon.colcon_core.shell:Creating environment hook '/home/agilex/agilex_ws/install/nav2_bringup/share/nav2_bringup/hook/cmake_prefix_path.sh'
[5.981s] Level 1:colcon.colcon_core.environment:checking '/home/agilex/agilex_ws/install/nav2_bringup/bin'
[5.981s] Level 1:colcon.colcon_core.environment:checking '/home/agilex/agilex_ws/install/nav2_bringup/lib/pkgconfig/nav2_bringup.pc'
[5.981s] Level 1:colcon.colcon_core.environment:checking '/home/agilex/agilex_ws/install/nav2_bringup/lib/python3.10/site-packages'
[5.981s] Level 1:colcon.colcon_core.environment:checking '/home/agilex/agilex_ws/install/nav2_bringup/bin'
[5.984s] INFO:colcon.colcon_core.shell:Creating package script '/home/agilex/agilex_ws/install/nav2_bringup/share/nav2_bringup/package.ps1'
[5.985s] INFO:colcon.colcon_core.shell:Creating package descriptor '/home/agilex/agilex_ws/install/nav2_bringup/share/nav2_bringup/package.dsv'
[5.985s] INFO:colcon.colcon_core.shell:Creating package script '/home/agilex/agilex_ws/install/nav2_bringup/share/nav2_bringup/package.sh'
[5.985s] INFO:colcon.colcon_core.shell:Creating package script '/home/agilex/agilex_ws/install/nav2_bringup/share/nav2_bringup/package.bash'
[5.985s] INFO:colcon.colcon_core.shell:Creating package script '/home/agilex/agilex_ws/install/nav2_bringup/share/nav2_bringup/package.zsh'
[5.985s] Level 1:colcon.colcon_core.environment:create_file_with_runtime_dependencies(/home/agilex/agilex_ws/install/nav2_bringup/share/colcon-core/packages/nav2_bringup)
[5.985s] INFO:colcon.colcon_ros.task.ament_cmake.build:Building ROS package in '/home/agilex/agilex_ws/src/navigation2/nav2_system_tests' with build type 'ament_cmake'
[5.986s] INFO:colcon.colcon_cmake.task.cmake.build:Building CMake package in '/home/agilex/agilex_ws/src/navigation2/nav2_system_tests'
[5.989s] INFO:colcon.colcon_core.shell:Skip shell extension 'powershell' for command environment: Not usable outside of PowerShell
[5.989s] DEBUG:colcon.colcon_core.shell:Skip shell extension 'dsv' for command environment
[5.994s] INFO:colcon.colcon_ros.task.ament_cmake.build:Building ROS package in '/home/agilex/agilex_ws/src/teb_local_planner/teb_local_planner' with build type 'ament_cmake'
[5.994s] INFO:colcon.colcon_cmake.task.cmake.build:Building CMake package in '/home/agilex/agilex_ws/src/teb_local_planner/teb_local_planner'
[5.998s] INFO:colcon.colcon_core.shell:Skip shell extension 'powershell' for command environment: Not usable outside of PowerShell
[5.998s] DEBUG:colcon.colcon_core.shell:Skip shell extension 'dsv' for command environment
[6.052s] DEBUG:colcon.colcon_core.event_handler.log_command:Invoking command in '/home/agilex/agilex_ws/build/nav2_system_tests': AMENT_PREFIX_PATH=/home/agilex/agilex_ws/install/nav2_bringup:/home/agilex/agilex_ws/install/navigation2:/home/agilex/agilex_ws/install/nav2_dwb_controller:/home/agilex/agilex_ws/install/nav2_rotation_shim_controller:/home/agilex/agilex_ws/install/dwb_plugins:/home/agilex/agilex_ws/install/dwb_critics:/home/agilex/agilex_ws/install/nav2_waypoint_follower:/home/agilex/agilex_ws/install/nav2_theta_star_planner:/home/agilex/agilex_ws/install/nav2_smoother:/home/agilex/agilex_ws/install/nav2_smac_planner:/home/agilex/agilex_ws/install/nav2_regulated_pure_pursuit_controller:/home/agilex/agilex_ws/install/nav2_planner:/home/agilex/agilex_ws/install/nav2_navfn_planner:/home/agilex/agilex_ws/install/nav2_controller:/home/agilex/agilex_ws/install/nav2_bt_navigator:/home/agilex/agilex_ws/install/nav2_behaviors:/home/agilex/agilex_ws/install/dwb_core:/home/agilex/agilex_ws/install/nav2_core:/home/agilex/agilex_ws/install/costmap_queue:/home/agilex/agilex_ws/install/nav2_rviz_plugins:/home/agilex/agilex_ws/install/nav2_costmap_2d:/home/agilex/agilex_ws/install/nav_2d_utils:/home/agilex/agilex_ws/install/nav2_map_server:/home/agilex/agilex_ws/install/nav2_lifecycle_manager:/home/agilex/agilex_ws/install/nav2_behavior_tree:/home/agilex/agilex_ws/install/nav2_amcl:/home/agilex/agilex_ws/install/nav2_util:/home/agilex/agilex_ws/install/nav2_simple_commander:/home/agilex/agilex_ws/install/nav2_voxel_grid:/home/agilex/agilex_ws/install/nav2_msgs:/home/agilex/agilex_ws/install/dwb_msgs:/home/agilex/agilex_ws/install/nav_2d_msgs:/home/agilex/agilex_ws/install/nav2_common CMAKE_PREFIX_PATH=/home/agilex/agilex_ws/install/nav2_bringup:/home/agilex/agilex_ws/install/navigation2:/home/agilex/agilex_ws/install/nav2_dwb_controller:/home/agilex/agilex_ws/install/nav2_rotation_shim_controller:/home/agilex/agilex_ws/install/dwb_plugins:/home/agilex/agilex_ws/install/dwb_critics:/home/agilex/agilex_ws/install/nav2_waypoint_follower:/home/agilex/agilex_ws/install/nav2_theta_star_planner:/home/agilex/agilex_ws/install/nav2_smoother:/home/agilex/agilex_ws/install/nav2_smac_planner:/home/agilex/agilex_ws/install/nav2_regulated_pure_pursuit_controller:/home/agilex/agilex_ws/install/nav2_planner:/home/agilex/agilex_ws/install/nav2_navfn_planner:/home/agilex/agilex_ws/install/nav2_controller:/home/agilex/agilex_ws/install/nav2_bt_navigator:/home/agilex/agilex_ws/install/nav2_behaviors:/home/agilex/agilex_ws/install/dwb_core:/home/agilex/agilex_ws/install/nav2_core:/home/agilex/agilex_ws/install/costmap_queue:/home/agilex/agilex_ws/install/nav2_rviz_plugins:/home/agilex/agilex_ws/install/nav2_costmap_2d:/home/agilex/agilex_ws/install/nav_2d_utils:/home/agilex/agilex_ws/install/nav2_map_server:/home/agilex/agilex_ws/install/nav2_lifecycle_manager:/home/agilex/agilex_ws/install/nav2_behavior_tree:/home/agilex/agilex_ws/install/nav2_amcl:/home/agilex/agilex_ws/install/nav2_util:/home/agilex/agilex_ws/install/nav2_voxel_grid:/home/agilex/agilex_ws/install/nav2_msgs:/home/agilex/agilex_ws/install/dwb_msgs:/home/agilex/agilex_ws/install/nav_2d_msgs:/home/agilex/agilex_ws/install/nav2_common LD_LIBRARY_PATH=/home/agilex/agilex_ws/install/nav2_rotation_shim_controller/lib:/home/agilex/agilex_ws/install/dwb_plugins/lib:/home/agilex/agilex_ws/install/dwb_critics/lib:/home/agilex/agilex_ws/install/nav2_waypoint_follower/lib:/home/agilex/agilex_ws/install/nav2_theta_star_planner/lib:/home/agilex/agilex_ws/install/nav2_smoother/lib:/home/agilex/agilex_ws/install/nav2_smac_planner/lib:/home/agilex/agilex_ws/install/nav2_regulated_pure_pursuit_controller/lib:/home/agilex/agilex_ws/install/nav2_planner/lib:/home/agilex/agilex_ws/install/nav2_navfn_planner/lib:/home/agilex/agilex_ws/install/nav2_controller/lib:/home/agilex/agilex_ws/install/nav2_bt_navigator/lib:/home/agilex/agilex_ws/install/nav2_behaviors/lib:/home/agilex/agilex_ws/install/dwb_core/lib:/home/agilex/agilex_ws/install/costmap_queue/lib:/home/agilex/agilex_ws/install/nav2_rviz_plugins/lib:/home/agilex/agilex_ws/install/nav2_costmap_2d/lib:/home/agilex/agilex_ws/install/nav_2d_utils/lib:/home/agilex/agilex_ws/install/nav2_map_server/lib:/home/agilex/agilex_ws/install/nav2_lifecycle_manager/lib:/home/agilex/agilex_ws/install/nav2_behavior_tree/lib:/home/agilex/agilex_ws/install/nav2_amcl/lib:/home/agilex/agilex_ws/install/nav2_util/lib:/home/agilex/agilex_ws/install/nav2_voxel_grid/lib:/home/agilex/agilex_ws/install/nav2_msgs/lib:/home/agilex/agilex_ws/install/dwb_msgs/lib:/home/agilex/agilex_ws/install/nav_2d_msgs/lib PYTHONPATH=/home/agilex/agilex_ws/install/nav2_simple_commander/lib/python3.10/site-packages:/home/agilex/agilex_ws/install/nav2_msgs/local/lib/python3.10/dist-packages:/home/agilex/agilex_ws/install/dwb_msgs/local/lib/python3.10/dist-packages:/home/agilex/agilex_ws/install/nav_2d_msgs/local/lib/python3.10/dist-packages:/home/agilex/agilex_ws/install/nav2_common/local/lib/python3.10/dist-packages /usr/bin/cmake --build /home/agilex/agilex_ws/build/nav2_system_tests -- -j16 -l16
[6.064s] DEBUG:colcon.colcon_core.event_handler.log_command:Invoking command in '/home/agilex/agilex_ws/build/teb_local_planner': AMENT_PREFIX_PATH=/home/agilex/agilex_ws/install/nav2_bringup:/home/agilex/agilex_ws/install/navigation2:/home/agilex/agilex_ws/install/nav2_dwb_controller:/home/agilex/agilex_ws/install/nav2_rotation_shim_controller:/home/agilex/agilex_ws/install/dwb_plugins:/home/agilex/agilex_ws/install/dwb_critics:/home/agilex/agilex_ws/install/nav2_waypoint_follower:/home/agilex/agilex_ws/install/nav2_theta_star_planner:/home/agilex/agilex_ws/install/nav2_smoother:/home/agilex/agilex_ws/install/nav2_smac_planner:/home/agilex/agilex_ws/install/nav2_regulated_pure_pursuit_controller:/home/agilex/agilex_ws/install/nav2_planner:/home/agilex/agilex_ws/install/nav2_navfn_planner:/home/agilex/agilex_ws/install/nav2_controller:/home/agilex/agilex_ws/install/nav2_bt_navigator:/home/agilex/agilex_ws/install/nav2_behaviors:/home/agilex/agilex_ws/install/dwb_core:/home/agilex/agilex_ws/install/nav2_core:/home/agilex/agilex_ws/install/costmap_queue:/home/agilex/agilex_ws/install/costmap_converter:/home/agilex/agilex_ws/install/nav2_rviz_plugins:/home/agilex/agilex_ws/install/nav2_costmap_2d:/home/agilex/agilex_ws/install/nav_2d_utils:/home/agilex/agilex_ws/install/nav2_map_server:/home/agilex/agilex_ws/install/nav2_lifecycle_manager:/home/agilex/agilex_ws/install/nav2_behavior_tree:/home/agilex/agilex_ws/install/nav2_amcl:/home/agilex/agilex_ws/install/nav2_util:/home/agilex/agilex_ws/install/nav2_simple_commander:/home/agilex/agilex_ws/install/teb_msgs:/home/agilex/agilex_ws/install/nav2_voxel_grid:/home/agilex/agilex_ws/install/nav2_msgs:/home/agilex/agilex_ws/install/dwb_msgs:/home/agilex/agilex_ws/install/nav_2d_msgs:/home/agilex/agilex_ws/install/nav2_common:/home/agilex/agilex_ws/install/costmap_converter_msgs CMAKE_PREFIX_PATH=/home/agilex/agilex_ws/install/nav2_bringup:/home/agilex/agilex_ws/install/navigation2:/home/agilex/agilex_ws/install/nav2_dwb_controller:/home/agilex/agilex_ws/install/nav2_rotation_shim_controller:/home/agilex/agilex_ws/install/dwb_plugins:/home/agilex/agilex_ws/install/dwb_critics:/home/agilex/agilex_ws/install/nav2_waypoint_follower:/home/agilex/agilex_ws/install/nav2_theta_star_planner:/home/agilex/agilex_ws/install/nav2_smoother:/home/agilex/agilex_ws/install/nav2_smac_planner:/home/agilex/agilex_ws/install/nav2_regulated_pure_pursuit_controller:/home/agilex/agilex_ws/install/nav2_planner:/home/agilex/agilex_ws/install/nav2_navfn_planner:/home/agilex/agilex_ws/install/nav2_controller:/home/agilex/agilex_ws/install/nav2_bt_navigator:/home/agilex/agilex_ws/install/nav2_behaviors:/home/agilex/agilex_ws/install/dwb_core:/home/agilex/agilex_ws/install/nav2_core:/home/agilex/agilex_ws/install/costmap_queue:/home/agilex/agilex_ws/install/costmap_converter:/home/agilex/agilex_ws/install/nav2_rviz_plugins:/home/agilex/agilex_ws/install/nav2_costmap_2d:/home/agilex/agilex_ws/install/nav_2d_utils:/home/agilex/agilex_ws/install/nav2_map_server:/home/agilex/agilex_ws/install/nav2_lifecycle_manager:/home/agilex/agilex_ws/install/nav2_behavior_tree:/home/agilex/agilex_ws/install/nav2_amcl:/home/agilex/agilex_ws/install/nav2_util:/home/agilex/agilex_ws/install/teb_msgs:/home/agilex/agilex_ws/install/nav2_voxel_grid:/home/agilex/agilex_ws/install/nav2_msgs:/home/agilex/agilex_ws/install/dwb_msgs:/home/agilex/agilex_ws/install/nav_2d_msgs:/home/agilex/agilex_ws/install/nav2_common:/home/agilex/agilex_ws/install/costmap_converter_msgs LD_LIBRARY_PATH=/home/agilex/agilex_ws/install/nav2_rotation_shim_controller/lib:/home/agilex/agilex_ws/install/dwb_plugins/lib:/home/agilex/agilex_ws/install/dwb_critics/lib:/home/agilex/agilex_ws/install/nav2_waypoint_follower/lib:/home/agilex/agilex_ws/install/nav2_theta_star_planner/lib:/home/agilex/agilex_ws/install/nav2_smoother/lib:/home/agilex/agilex_ws/install/nav2_smac_planner/lib:/home/agilex/agilex_ws/install/nav2_regulated_pure_pursuit_controller/lib:/home/agilex/agilex_ws/install/nav2_planner/lib:/home/agilex/agilex_ws/install/nav2_navfn_planner/lib:/home/agilex/agilex_ws/install/nav2_controller/lib:/home/agilex/agilex_ws/install/nav2_bt_navigator/lib:/home/agilex/agilex_ws/install/nav2_behaviors/lib:/home/agilex/agilex_ws/install/dwb_core/lib:/home/agilex/agilex_ws/install/costmap_queue/lib:/home/agilex/agilex_ws/install/costmap_converter/lib:/home/agilex/agilex_ws/install/nav2_rviz_plugins/lib:/home/agilex/agilex_ws/install/nav2_costmap_2d/lib:/home/agilex/agilex_ws/install/nav_2d_utils/lib:/home/agilex/agilex_ws/install/nav2_map_server/lib:/home/agilex/agilex_ws/install/nav2_lifecycle_manager/lib:/home/agilex/agilex_ws/install/nav2_behavior_tree/lib:/home/agilex/agilex_ws/install/nav2_amcl/lib:/home/agilex/agilex_ws/install/nav2_util/lib:/home/agilex/agilex_ws/install/teb_msgs/lib:/home/agilex/agilex_ws/install/nav2_voxel_grid/lib:/home/agilex/agilex_ws/install/nav2_msgs/lib:/home/agilex/agilex_ws/install/dwb_msgs/lib:/home/agilex/agilex_ws/install/nav_2d_msgs/lib:/home/agilex/agilex_ws/install/costmap_converter_msgs/lib PATH=/home/agilex/agilex_ws/install/costmap_converter/bin:${PATH} PYTHONPATH=/home/agilex/agilex_ws/install/nav2_simple_commander/lib/python3.10/site-packages:/home/agilex/agilex_ws/install/teb_msgs/local/lib/python3.10/dist-packages:/home/agilex/agilex_ws/install/nav2_msgs/local/lib/python3.10/dist-packages:/home/agilex/agilex_ws/install/dwb_msgs/local/lib/python3.10/dist-packages:/home/agilex/agilex_ws/install/nav_2d_msgs/local/lib/python3.10/dist-packages:/home/agilex/agilex_ws/install/nav2_common/local/lib/python3.10/dist-packages:/home/agilex/agilex_ws/install/costmap_converter_msgs/local/lib/python3.10/dist-packages /usr/bin/cmake --build /home/agilex/agilex_ws/build/teb_local_planner -- -j16 -l16
[6.153s] DEBUG:colcon.colcon_core.event_handler.log_command:Invoked command in '/home/agilex/agilex_ws/build/teb_local_planner' returned '0': AMENT_PREFIX_PATH=/home/agilex/agilex_ws/install/nav2_bringup:/home/agilex/agilex_ws/install/navigation2:/home/agilex/agilex_ws/install/nav2_dwb_controller:/home/agilex/agilex_ws/install/nav2_rotation_shim_controller:/home/agilex/agilex_ws/install/dwb_plugins:/home/agilex/agilex_ws/install/dwb_critics:/home/agilex/agilex_ws/install/nav2_waypoint_follower:/home/agilex/agilex_ws/install/nav2_theta_star_planner:/home/agilex/agilex_ws/install/nav2_smoother:/home/agilex/agilex_ws/install/nav2_smac_planner:/home/agilex/agilex_ws/install/nav2_regulated_pure_pursuit_controller:/home/agilex/agilex_ws/install/nav2_planner:/home/agilex/agilex_ws/install/nav2_navfn_planner:/home/agilex/agilex_ws/install/nav2_controller:/home/agilex/agilex_ws/install/nav2_bt_navigator:/home/agilex/agilex_ws/install/nav2_behaviors:/home/agilex/agilex_ws/install/dwb_core:/home/agilex/agilex_ws/install/nav2_core:/home/agilex/agilex_ws/install/costmap_queue:/home/agilex/agilex_ws/install/costmap_converter:/home/agilex/agilex_ws/install/nav2_rviz_plugins:/home/agilex/agilex_ws/install/nav2_costmap_2d:/home/agilex/agilex_ws/install/nav_2d_utils:/home/agilex/agilex_ws/install/nav2_map_server:/home/agilex/agilex_ws/install/nav2_lifecycle_manager:/home/agilex/agilex_ws/install/nav2_behavior_tree:/home/agilex/agilex_ws/install/nav2_amcl:/home/agilex/agilex_ws/install/nav2_util:/home/agilex/agilex_ws/install/nav2_simple_commander:/home/agilex/agilex_ws/install/teb_msgs:/home/agilex/agilex_ws/install/nav2_voxel_grid:/home/agilex/agilex_ws/install/nav2_msgs:/home/agilex/agilex_ws/install/dwb_msgs:/home/agilex/agilex_ws/install/nav_2d_msgs:/home/agilex/agilex_ws/install/nav2_common:/home/agilex/agilex_ws/install/costmap_converter_msgs CMAKE_PREFIX_PATH=/home/agilex/agilex_ws/install/nav2_bringup:/home/agilex/agilex_ws/install/navigation2:/home/agilex/agilex_ws/install/nav2_dwb_controller:/home/agilex/agilex_ws/install/nav2_rotation_shim_controller:/home/agilex/agilex_ws/install/dwb_plugins:/home/agilex/agilex_ws/install/dwb_critics:/home/agilex/agilex_ws/install/nav2_waypoint_follower:/home/agilex/agilex_ws/install/nav2_theta_star_planner:/home/agilex/agilex_ws/install/nav2_smoother:/home/agilex/agilex_ws/install/nav2_smac_planner:/home/agilex/agilex_ws/install/nav2_regulated_pure_pursuit_controller:/home/agilex/agilex_ws/install/nav2_planner:/home/agilex/agilex_ws/install/nav2_navfn_planner:/home/agilex/agilex_ws/install/nav2_controller:/home/agilex/agilex_ws/install/nav2_bt_navigator:/home/agilex/agilex_ws/install/nav2_behaviors:/home/agilex/agilex_ws/install/dwb_core:/home/agilex/agilex_ws/install/nav2_core:/home/agilex/agilex_ws/install/costmap_queue:/home/agilex/agilex_ws/install/costmap_converter:/home/agilex/agilex_ws/install/nav2_rviz_plugins:/home/agilex/agilex_ws/install/nav2_costmap_2d:/home/agilex/agilex_ws/install/nav_2d_utils:/home/agilex/agilex_ws/install/nav2_map_server:/home/agilex/agilex_ws/install/nav2_lifecycle_manager:/home/agilex/agilex_ws/install/nav2_behavior_tree:/home/agilex/agilex_ws/install/nav2_amcl:/home/agilex/agilex_ws/install/nav2_util:/home/agilex/agilex_ws/install/teb_msgs:/home/agilex/agilex_ws/install/nav2_voxel_grid:/home/agilex/agilex_ws/install/nav2_msgs:/home/agilex/agilex_ws/install/dwb_msgs:/home/agilex/agilex_ws/install/nav_2d_msgs:/home/agilex/agilex_ws/install/nav2_common:/home/agilex/agilex_ws/install/costmap_converter_msgs LD_LIBRARY_PATH=/home/agilex/agilex_ws/install/nav2_rotation_shim_controller/lib:/home/agilex/agilex_ws/install/dwb_plugins/lib:/home/agilex/agilex_ws/install/dwb_critics/lib:/home/agilex/agilex_ws/install/nav2_waypoint_follower/lib:/home/agilex/agilex_ws/install/nav2_theta_star_planner/lib:/home/agilex/agilex_ws/install/nav2_smoother/lib:/home/agilex/agilex_ws/install/nav2_smac_planner/lib:/home/agilex/agilex_ws/install/nav2_regulated_pure_pursuit_controller/lib:/home/agilex/agilex_ws/install/nav2_planner/lib:/home/agilex/agilex_ws/install/nav2_navfn_planner/lib:/home/agilex/agilex_ws/install/nav2_controller/lib:/home/agilex/agilex_ws/install/nav2_bt_navigator/lib:/home/agilex/agilex_ws/install/nav2_behaviors/lib:/home/agilex/agilex_ws/install/dwb_core/lib:/home/agilex/agilex_ws/install/costmap_queue/lib:/home/agilex/agilex_ws/install/costmap_converter/lib:/home/agilex/agilex_ws/install/nav2_rviz_plugins/lib:/home/agilex/agilex_ws/install/nav2_costmap_2d/lib:/home/agilex/agilex_ws/install/nav_2d_utils/lib:/home/agilex/agilex_ws/install/nav2_map_server/lib:/home/agilex/agilex_ws/install/nav2_lifecycle_manager/lib:/home/agilex/agilex_ws/install/nav2_behavior_tree/lib:/home/agilex/agilex_ws/install/nav2_amcl/lib:/home/agilex/agilex_ws/install/nav2_util/lib:/home/agilex/agilex_ws/install/teb_msgs/lib:/home/agilex/agilex_ws/install/nav2_voxel_grid/lib:/home/agilex/agilex_ws/install/nav2_msgs/lib:/home/agilex/agilex_ws/install/dwb_msgs/lib:/home/agilex/agilex_ws/install/nav_2d_msgs/lib:/home/agilex/agilex_ws/install/costmap_converter_msgs/lib PATH=/home/agilex/agilex_ws/install/costmap_converter/bin:${PATH} PYTHONPATH=/home/agilex/agilex_ws/install/nav2_simple_commander/lib/python3.10/site-packages:/home/agilex/agilex_ws/install/teb_msgs/local/lib/python3.10/dist-packages:/home/agilex/agilex_ws/install/nav2_msgs/local/lib/python3.10/dist-packages:/home/agilex/agilex_ws/install/dwb_msgs/local/lib/python3.10/dist-packages:/home/agilex/agilex_ws/install/nav_2d_msgs/local/lib/python3.10/dist-packages:/home/agilex/agilex_ws/install/nav2_common/local/lib/python3.10/dist-packages:/home/agilex/agilex_ws/install/costmap_converter_msgs/local/lib/python3.10/dist-packages /usr/bin/cmake --build /home/agilex/agilex_ws/build/teb_local_planner -- -j16 -l16
[6.161s] DEBUG:colcon.colcon_core.event_handler.log_command:Invoked command in '/home/agilex/agilex_ws/build/nav2_system_tests' returned '0': AMENT_PREFIX_PATH=/home/agilex/agilex_ws/install/nav2_bringup:/home/agilex/agilex_ws/install/navigation2:/home/agilex/agilex_ws/install/nav2_dwb_controller:/home/agilex/agilex_ws/install/nav2_rotation_shim_controller:/home/agilex/agilex_ws/install/dwb_plugins:/home/agilex/agilex_ws/install/dwb_critics:/home/agilex/agilex_ws/install/nav2_waypoint_follower:/home/agilex/agilex_ws/install/nav2_theta_star_planner:/home/agilex/agilex_ws/install/nav2_smoother:/home/agilex/agilex_ws/install/nav2_smac_planner:/home/agilex/agilex_ws/install/nav2_regulated_pure_pursuit_controller:/home/agilex/agilex_ws/install/nav2_planner:/home/agilex/agilex_ws/install/nav2_navfn_planner:/home/agilex/agilex_ws/install/nav2_controller:/home/agilex/agilex_ws/install/nav2_bt_navigator:/home/agilex/agilex_ws/install/nav2_behaviors:/home/agilex/agilex_ws/install/dwb_core:/home/agilex/agilex_ws/install/nav2_core:/home/agilex/agilex_ws/install/costmap_queue:/home/agilex/agilex_ws/install/nav2_rviz_plugins:/home/agilex/agilex_ws/install/nav2_costmap_2d:/home/agilex/agilex_ws/install/nav_2d_utils:/home/agilex/agilex_ws/install/nav2_map_server:/home/agilex/agilex_ws/install/nav2_lifecycle_manager:/home/agilex/agilex_ws/install/nav2_behavior_tree:/home/agilex/agilex_ws/install/nav2_amcl:/home/agilex/agilex_ws/install/nav2_util:/home/agilex/agilex_ws/install/nav2_simple_commander:/home/agilex/agilex_ws/install/nav2_voxel_grid:/home/agilex/agilex_ws/install/nav2_msgs:/home/agilex/agilex_ws/install/dwb_msgs:/home/agilex/agilex_ws/install/nav_2d_msgs:/home/agilex/agilex_ws/install/nav2_common CMAKE_PREFIX_PATH=/home/agilex/agilex_ws/install/nav2_bringup:/home/agilex/agilex_ws/install/navigation2:/home/agilex/agilex_ws/install/nav2_dwb_controller:/home/agilex/agilex_ws/install/nav2_rotation_shim_controller:/home/agilex/agilex_ws/install/dwb_plugins:/home/agilex/agilex_ws/install/dwb_critics:/home/agilex/agilex_ws/install/nav2_waypoint_follower:/home/agilex/agilex_ws/install/nav2_theta_star_planner:/home/agilex/agilex_ws/install/nav2_smoother:/home/agilex/agilex_ws/install/nav2_smac_planner:/home/agilex/agilex_ws/install/nav2_regulated_pure_pursuit_controller:/home/agilex/agilex_ws/install/nav2_planner:/home/agilex/agilex_ws/install/nav2_navfn_planner:/home/agilex/agilex_ws/install/nav2_controller:/home/agilex/agilex_ws/install/nav2_bt_navigator:/home/agilex/agilex_ws/install/nav2_behaviors:/home/agilex/agilex_ws/install/dwb_core:/home/agilex/agilex_ws/install/nav2_core:/home/agilex/agilex_ws/install/costmap_queue:/home/agilex/agilex_ws/install/nav2_rviz_plugins:/home/agilex/agilex_ws/install/nav2_costmap_2d:/home/agilex/agilex_ws/install/nav_2d_utils:/home/agilex/agilex_ws/install/nav2_map_server:/home/agilex/agilex_ws/install/nav2_lifecycle_manager:/home/agilex/agilex_ws/install/nav2_behavior_tree:/home/agilex/agilex_ws/install/nav2_amcl:/home/agilex/agilex_ws/install/nav2_util:/home/agilex/agilex_ws/install/nav2_voxel_grid:/home/agilex/agilex_ws/install/nav2_msgs:/home/agilex/agilex_ws/install/dwb_msgs:/home/agilex/agilex_ws/install/nav_2d_msgs:/home/agilex/agilex_ws/install/nav2_common LD_LIBRARY_PATH=/home/agilex/agilex_ws/install/nav2_rotation_shim_controller/lib:/home/agilex/agilex_ws/install/dwb_plugins/lib:/home/agilex/agilex_ws/install/dwb_critics/lib:/home/agilex/agilex_ws/install/nav2_waypoint_follower/lib:/home/agilex/agilex_ws/install/nav2_theta_star_planner/lib:/home/agilex/agilex_ws/install/nav2_smoother/lib:/home/agilex/agilex_ws/install/nav2_smac_planner/lib:/home/agilex/agilex_ws/install/nav2_regulated_pure_pursuit_controller/lib:/home/agilex/agilex_ws/install/nav2_planner/lib:/home/agilex/agilex_ws/install/nav2_navfn_planner/lib:/home/agilex/agilex_ws/install/nav2_controller/lib:/home/agilex/agilex_ws/install/nav2_bt_navigator/lib:/home/agilex/agilex_ws/install/nav2_behaviors/lib:/home/agilex/agilex_ws/install/dwb_core/lib:/home/agilex/agilex_ws/install/costmap_queue/lib:/home/agilex/agilex_ws/install/nav2_rviz_plugins/lib:/home/agilex/agilex_ws/install/nav2_costmap_2d/lib:/home/agilex/agilex_ws/install/nav_2d_utils/lib:/home/agilex/agilex_ws/install/nav2_map_server/lib:/home/agilex/agilex_ws/install/nav2_lifecycle_manager/lib:/home/agilex/agilex_ws/install/nav2_behavior_tree/lib:/home/agilex/agilex_ws/install/nav2_amcl/lib:/home/agilex/agilex_ws/install/nav2_util/lib:/home/agilex/agilex_ws/install/nav2_voxel_grid/lib:/home/agilex/agilex_ws/install/nav2_msgs/lib:/home/agilex/agilex_ws/install/dwb_msgs/lib:/home/agilex/agilex_ws/install/nav_2d_msgs/lib PYTHONPATH=/home/agilex/agilex_ws/install/nav2_simple_commander/lib/python3.10/site-packages:/home/agilex/agilex_ws/install/nav2_msgs/local/lib/python3.10/dist-packages:/home/agilex/agilex_ws/install/dwb_msgs/local/lib/python3.10/dist-packages:/home/agilex/agilex_ws/install/nav_2d_msgs/local/lib/python3.10/dist-packages:/home/agilex/agilex_ws/install/nav2_common/local/lib/python3.10/dist-packages /usr/bin/cmake --build /home/agilex/agilex_ws/build/nav2_system_tests -- -j16 -l16
[6.181s] DEBUG:colcon.colcon_core.event_handler.log_command:Invoking command in '/home/agilex/agilex_ws/build/nav2_system_tests': AMENT_PREFIX_PATH=/home/agilex/agilex_ws/install/nav2_bringup:/home/agilex/agilex_ws/install/navigation2:/home/agilex/agilex_ws/install/nav2_dwb_controller:/home/agilex/agilex_ws/install/nav2_rotation_shim_controller:/home/agilex/agilex_ws/install/dwb_plugins:/home/agilex/agilex_ws/install/dwb_critics:/home/agilex/agilex_ws/install/nav2_waypoint_follower:/home/agilex/agilex_ws/install/nav2_theta_star_planner:/home/agilex/agilex_ws/install/nav2_smoother:/home/agilex/agilex_ws/install/nav2_smac_planner:/home/agilex/agilex_ws/install/nav2_regulated_pure_pursuit_controller:/home/agilex/agilex_ws/install/nav2_planner:/home/agilex/agilex_ws/install/nav2_navfn_planner:/home/agilex/agilex_ws/install/nav2_controller:/home/agilex/agilex_ws/install/nav2_bt_navigator:/home/agilex/agilex_ws/install/nav2_behaviors:/home/agilex/agilex_ws/install/dwb_core:/home/agilex/agilex_ws/install/nav2_core:/home/agilex/agilex_ws/install/costmap_queue:/home/agilex/agilex_ws/install/nav2_rviz_plugins:/home/agilex/agilex_ws/install/nav2_costmap_2d:/home/agilex/agilex_ws/install/nav_2d_utils:/home/agilex/agilex_ws/install/nav2_map_server:/home/agilex/agilex_ws/install/nav2_lifecycle_manager:/home/agilex/agilex_ws/install/nav2_behavior_tree:/home/agilex/agilex_ws/install/nav2_amcl:/home/agilex/agilex_ws/install/nav2_util:/home/agilex/agilex_ws/install/nav2_simple_commander:/home/agilex/agilex_ws/install/nav2_voxel_grid:/home/agilex/agilex_ws/install/nav2_msgs:/home/agilex/agilex_ws/install/dwb_msgs:/home/agilex/agilex_ws/install/nav_2d_msgs:/home/agilex/agilex_ws/install/nav2_common CMAKE_PREFIX_PATH=/home/agilex/agilex_ws/install/nav2_bringup:/home/agilex/agilex_ws/install/navigation2:/home/agilex/agilex_ws/install/nav2_dwb_controller:/home/agilex/agilex_ws/install/nav2_rotation_shim_controller:/home/agilex/agilex_ws/install/dwb_plugins:/home/agilex/agilex_ws/install/dwb_critics:/home/agilex/agilex_ws/install/nav2_waypoint_follower:/home/agilex/agilex_ws/install/nav2_theta_star_planner:/home/agilex/agilex_ws/install/nav2_smoother:/home/agilex/agilex_ws/install/nav2_smac_planner:/home/agilex/agilex_ws/install/nav2_regulated_pure_pursuit_controller:/home/agilex/agilex_ws/install/nav2_planner:/home/agilex/agilex_ws/install/nav2_navfn_planner:/home/agilex/agilex_ws/install/nav2_controller:/home/agilex/agilex_ws/install/nav2_bt_navigator:/home/agilex/agilex_ws/install/nav2_behaviors:/home/agilex/agilex_ws/install/dwb_core:/home/agilex/agilex_ws/install/nav2_core:/home/agilex/agilex_ws/install/costmap_queue:/home/agilex/agilex_ws/install/nav2_rviz_plugins:/home/agilex/agilex_ws/install/nav2_costmap_2d:/home/agilex/agilex_ws/install/nav_2d_utils:/home/agilex/agilex_ws/install/nav2_map_server:/home/agilex/agilex_ws/install/nav2_lifecycle_manager:/home/agilex/agilex_ws/install/nav2_behavior_tree:/home/agilex/agilex_ws/install/nav2_amcl:/home/agilex/agilex_ws/install/nav2_util:/home/agilex/agilex_ws/install/nav2_voxel_grid:/home/agilex/agilex_ws/install/nav2_msgs:/home/agilex/agilex_ws/install/dwb_msgs:/home/agilex/agilex_ws/install/nav_2d_msgs:/home/agilex/agilex_ws/install/nav2_common LD_LIBRARY_PATH=/home/agilex/agilex_ws/install/nav2_rotation_shim_controller/lib:/home/agilex/agilex_ws/install/dwb_plugins/lib:/home/agilex/agilex_ws/install/dwb_critics/lib:/home/agilex/agilex_ws/install/nav2_waypoint_follower/lib:/home/agilex/agilex_ws/install/nav2_theta_star_planner/lib:/home/agilex/agilex_ws/install/nav2_smoother/lib:/home/agilex/agilex_ws/install/nav2_smac_planner/lib:/home/agilex/agilex_ws/install/nav2_regulated_pure_pursuit_controller/lib:/home/agilex/agilex_ws/install/nav2_planner/lib:/home/agilex/agilex_ws/install/nav2_navfn_planner/lib:/home/agilex/agilex_ws/install/nav2_controller/lib:/home/agilex/agilex_ws/install/nav2_bt_navigator/lib:/home/agilex/agilex_ws/install/nav2_behaviors/lib:/home/agilex/agilex_ws/install/dwb_core/lib:/home/agilex/agilex_ws/install/costmap_queue/lib:/home/agilex/agilex_ws/install/nav2_rviz_plugins/lib:/home/agilex/agilex_ws/install/nav2_costmap_2d/lib:/home/agilex/agilex_ws/install/nav_2d_utils/lib:/home/agilex/agilex_ws/install/nav2_map_server/lib:/home/agilex/agilex_ws/install/nav2_lifecycle_manager/lib:/home/agilex/agilex_ws/install/nav2_behavior_tree/lib:/home/agilex/agilex_ws/install/nav2_amcl/lib:/home/agilex/agilex_ws/install/nav2_util/lib:/home/agilex/agilex_ws/install/nav2_voxel_grid/lib:/home/agilex/agilex_ws/install/nav2_msgs/lib:/home/agilex/agilex_ws/install/dwb_msgs/lib:/home/agilex/agilex_ws/install/nav_2d_msgs/lib PYTHONPATH=/home/agilex/agilex_ws/install/nav2_simple_commander/lib/python3.10/site-packages:/home/agilex/agilex_ws/install/nav2_msgs/local/lib/python3.10/dist-packages:/home/agilex/agilex_ws/install/dwb_msgs/local/lib/python3.10/dist-packages:/home/agilex/agilex_ws/install/nav_2d_msgs/local/lib/python3.10/dist-packages:/home/agilex/agilex_ws/install/nav2_common/local/lib/python3.10/dist-packages /usr/bin/cmake --install /home/agilex/agilex_ws/build/nav2_system_tests
[6.181s] DEBUG:colcon.colcon_core.event_handler.log_command:Invoking command in '/home/agilex/agilex_ws/build/teb_local_planner': AMENT_PREFIX_PATH=/home/agilex/agilex_ws/install/nav2_bringup:/home/agilex/agilex_ws/install/navigation2:/home/agilex/agilex_ws/install/nav2_dwb_controller:/home/agilex/agilex_ws/install/nav2_rotation_shim_controller:/home/agilex/agilex_ws/install/dwb_plugins:/home/agilex/agilex_ws/install/dwb_critics:/home/agilex/agilex_ws/install/nav2_waypoint_follower:/home/agilex/agilex_ws/install/nav2_theta_star_planner:/home/agilex/agilex_ws/install/nav2_smoother:/home/agilex/agilex_ws/install/nav2_smac_planner:/home/agilex/agilex_ws/install/nav2_regulated_pure_pursuit_controller:/home/agilex/agilex_ws/install/nav2_planner:/home/agilex/agilex_ws/install/nav2_navfn_planner:/home/agilex/agilex_ws/install/nav2_controller:/home/agilex/agilex_ws/install/nav2_bt_navigator:/home/agilex/agilex_ws/install/nav2_behaviors:/home/agilex/agilex_ws/install/dwb_core:/home/agilex/agilex_ws/install/nav2_core:/home/agilex/agilex_ws/install/costmap_queue:/home/agilex/agilex_ws/install/costmap_converter:/home/agilex/agilex_ws/install/nav2_rviz_plugins:/home/agilex/agilex_ws/install/nav2_costmap_2d:/home/agilex/agilex_ws/install/nav_2d_utils:/home/agilex/agilex_ws/install/nav2_map_server:/home/agilex/agilex_ws/install/nav2_lifecycle_manager:/home/agilex/agilex_ws/install/nav2_behavior_tree:/home/agilex/agilex_ws/install/nav2_amcl:/home/agilex/agilex_ws/install/nav2_util:/home/agilex/agilex_ws/install/nav2_simple_commander:/home/agilex/agilex_ws/install/teb_msgs:/home/agilex/agilex_ws/install/nav2_voxel_grid:/home/agilex/agilex_ws/install/nav2_msgs:/home/agilex/agilex_ws/install/dwb_msgs:/home/agilex/agilex_ws/install/nav_2d_msgs:/home/agilex/agilex_ws/install/nav2_common:/home/agilex/agilex_ws/install/costmap_converter_msgs CMAKE_PREFIX_PATH=/home/agilex/agilex_ws/install/nav2_bringup:/home/agilex/agilex_ws/install/navigation2:/home/agilex/agilex_ws/install/nav2_dwb_controller:/home/agilex/agilex_ws/install/nav2_rotation_shim_controller:/home/agilex/agilex_ws/install/dwb_plugins:/home/agilex/agilex_ws/install/dwb_critics:/home/agilex/agilex_ws/install/nav2_waypoint_follower:/home/agilex/agilex_ws/install/nav2_theta_star_planner:/home/agilex/agilex_ws/install/nav2_smoother:/home/agilex/agilex_ws/install/nav2_smac_planner:/home/agilex/agilex_ws/install/nav2_regulated_pure_pursuit_controller:/home/agilex/agilex_ws/install/nav2_planner:/home/agilex/agilex_ws/install/nav2_navfn_planner:/home/agilex/agilex_ws/install/nav2_controller:/home/agilex/agilex_ws/install/nav2_bt_navigator:/home/agilex/agilex_ws/install/nav2_behaviors:/home/agilex/agilex_ws/install/dwb_core:/home/agilex/agilex_ws/install/nav2_core:/home/agilex/agilex_ws/install/costmap_queue:/home/agilex/agilex_ws/install/costmap_converter:/home/agilex/agilex_ws/install/nav2_rviz_plugins:/home/agilex/agilex_ws/install/nav2_costmap_2d:/home/agilex/agilex_ws/install/nav_2d_utils:/home/agilex/agilex_ws/install/nav2_map_server:/home/agilex/agilex_ws/install/nav2_lifecycle_manager:/home/agilex/agilex_ws/install/nav2_behavior_tree:/home/agilex/agilex_ws/install/nav2_amcl:/home/agilex/agilex_ws/install/nav2_util:/home/agilex/agilex_ws/install/teb_msgs:/home/agilex/agilex_ws/install/nav2_voxel_grid:/home/agilex/agilex_ws/install/nav2_msgs:/home/agilex/agilex_ws/install/dwb_msgs:/home/agilex/agilex_ws/install/nav_2d_msgs:/home/agilex/agilex_ws/install/nav2_common:/home/agilex/agilex_ws/install/costmap_converter_msgs LD_LIBRARY_PATH=/home/agilex/agilex_ws/install/nav2_rotation_shim_controller/lib:/home/agilex/agilex_ws/install/dwb_plugins/lib:/home/agilex/agilex_ws/install/dwb_critics/lib:/home/agilex/agilex_ws/install/nav2_waypoint_follower/lib:/home/agilex/agilex_ws/install/nav2_theta_star_planner/lib:/home/agilex/agilex_ws/install/nav2_smoother/lib:/home/agilex/agilex_ws/install/nav2_smac_planner/lib:/home/agilex/agilex_ws/install/nav2_regulated_pure_pursuit_controller/lib:/home/agilex/agilex_ws/install/nav2_planner/lib:/home/agilex/agilex_ws/install/nav2_navfn_planner/lib:/home/agilex/agilex_ws/install/nav2_controller/lib:/home/agilex/agilex_ws/install/nav2_bt_navigator/lib:/home/agilex/agilex_ws/install/nav2_behaviors/lib:/home/agilex/agilex_ws/install/dwb_core/lib:/home/agilex/agilex_ws/install/costmap_queue/lib:/home/agilex/agilex_ws/install/costmap_converter/lib:/home/agilex/agilex_ws/install/nav2_rviz_plugins/lib:/home/agilex/agilex_ws/install/nav2_costmap_2d/lib:/home/agilex/agilex_ws/install/nav_2d_utils/lib:/home/agilex/agilex_ws/install/nav2_map_server/lib:/home/agilex/agilex_ws/install/nav2_lifecycle_manager/lib:/home/agilex/agilex_ws/install/nav2_behavior_tree/lib:/home/agilex/agilex_ws/install/nav2_amcl/lib:/home/agilex/agilex_ws/install/nav2_util/lib:/home/agilex/agilex_ws/install/teb_msgs/lib:/home/agilex/agilex_ws/install/nav2_voxel_grid/lib:/home/agilex/agilex_ws/install/nav2_msgs/lib:/home/agilex/agilex_ws/install/dwb_msgs/lib:/home/agilex/agilex_ws/install/nav_2d_msgs/lib:/home/agilex/agilex_ws/install/costmap_converter_msgs/lib PATH=/home/agilex/agilex_ws/install/costmap_converter/bin:${PATH} PYTHONPATH=/home/agilex/agilex_ws/install/nav2_simple_commander/lib/python3.10/site-packages:/home/agilex/agilex_ws/install/teb_msgs/local/lib/python3.10/dist-packages:/home/agilex/agilex_ws/install/nav2_msgs/local/lib/python3.10/dist-packages:/home/agilex/agilex_ws/install/dwb_msgs/local/lib/python3.10/dist-packages:/home/agilex/agilex_ws/install/nav_2d_msgs/local/lib/python3.10/dist-packages:/home/agilex/agilex_ws/install/nav2_common/local/lib/python3.10/dist-packages:/home/agilex/agilex_ws/install/costmap_converter_msgs/local/lib/python3.10/dist-packages /usr/bin/cmake --install /home/agilex/agilex_ws/build/teb_local_planner
[6.191s] Level 1:colcon.colcon_core.environment:create_environment_scripts_only(nav2_system_tests)
[6.192s] DEBUG:colcon.colcon_core.event_handler.log_command:Invoked command in '/home/agilex/agilex_ws/build/nav2_system_tests' returned '0': AMENT_PREFIX_PATH=/home/agilex/agilex_ws/install/nav2_bringup:/home/agilex/agilex_ws/install/navigation2:/home/agilex/agilex_ws/install/nav2_dwb_controller:/home/agilex/agilex_ws/install/nav2_rotation_shim_controller:/home/agilex/agilex_ws/install/dwb_plugins:/home/agilex/agilex_ws/install/dwb_critics:/home/agilex/agilex_ws/install/nav2_waypoint_follower:/home/agilex/agilex_ws/install/nav2_theta_star_planner:/home/agilex/agilex_ws/install/nav2_smoother:/home/agilex/agilex_ws/install/nav2_smac_planner:/home/agilex/agilex_ws/install/nav2_regulated_pure_pursuit_controller:/home/agilex/agilex_ws/install/nav2_planner:/home/agilex/agilex_ws/install/nav2_navfn_planner:/home/agilex/agilex_ws/install/nav2_controller:/home/agilex/agilex_ws/install/nav2_bt_navigator:/home/agilex/agilex_ws/install/nav2_behaviors:/home/agilex/agilex_ws/install/dwb_core:/home/agilex/agilex_ws/install/nav2_core:/home/agilex/agilex_ws/install/costmap_queue:/home/agilex/agilex_ws/install/nav2_rviz_plugins:/home/agilex/agilex_ws/install/nav2_costmap_2d:/home/agilex/agilex_ws/install/nav_2d_utils:/home/agilex/agilex_ws/install/nav2_map_server:/home/agilex/agilex_ws/install/nav2_lifecycle_manager:/home/agilex/agilex_ws/install/nav2_behavior_tree:/home/agilex/agilex_ws/install/nav2_amcl:/home/agilex/agilex_ws/install/nav2_util:/home/agilex/agilex_ws/install/nav2_simple_commander:/home/agilex/agilex_ws/install/nav2_voxel_grid:/home/agilex/agilex_ws/install/nav2_msgs:/home/agilex/agilex_ws/install/dwb_msgs:/home/agilex/agilex_ws/install/nav_2d_msgs:/home/agilex/agilex_ws/install/nav2_common CMAKE_PREFIX_PATH=/home/agilex/agilex_ws/install/nav2_bringup:/home/agilex/agilex_ws/install/navigation2:/home/agilex/agilex_ws/install/nav2_dwb_controller:/home/agilex/agilex_ws/install/nav2_rotation_shim_controller:/home/agilex/agilex_ws/install/dwb_plugins:/home/agilex/agilex_ws/install/dwb_critics:/home/agilex/agilex_ws/install/nav2_waypoint_follower:/home/agilex/agilex_ws/install/nav2_theta_star_planner:/home/agilex/agilex_ws/install/nav2_smoother:/home/agilex/agilex_ws/install/nav2_smac_planner:/home/agilex/agilex_ws/install/nav2_regulated_pure_pursuit_controller:/home/agilex/agilex_ws/install/nav2_planner:/home/agilex/agilex_ws/install/nav2_navfn_planner:/home/agilex/agilex_ws/install/nav2_controller:/home/agilex/agilex_ws/install/nav2_bt_navigator:/home/agilex/agilex_ws/install/nav2_behaviors:/home/agilex/agilex_ws/install/dwb_core:/home/agilex/agilex_ws/install/nav2_core:/home/agilex/agilex_ws/install/costmap_queue:/home/agilex/agilex_ws/install/nav2_rviz_plugins:/home/agilex/agilex_ws/install/nav2_costmap_2d:/home/agilex/agilex_ws/install/nav_2d_utils:/home/agilex/agilex_ws/install/nav2_map_server:/home/agilex/agilex_ws/install/nav2_lifecycle_manager:/home/agilex/agilex_ws/install/nav2_behavior_tree:/home/agilex/agilex_ws/install/nav2_amcl:/home/agilex/agilex_ws/install/nav2_util:/home/agilex/agilex_ws/install/nav2_voxel_grid:/home/agilex/agilex_ws/install/nav2_msgs:/home/agilex/agilex_ws/install/dwb_msgs:/home/agilex/agilex_ws/install/nav_2d_msgs:/home/agilex/agilex_ws/install/nav2_common LD_LIBRARY_PATH=/home/agilex/agilex_ws/install/nav2_rotation_shim_controller/lib:/home/agilex/agilex_ws/install/dwb_plugins/lib:/home/agilex/agilex_ws/install/dwb_critics/lib:/home/agilex/agilex_ws/install/nav2_waypoint_follower/lib:/home/agilex/agilex_ws/install/nav2_theta_star_planner/lib:/home/agilex/agilex_ws/install/nav2_smoother/lib:/home/agilex/agilex_ws/install/nav2_smac_planner/lib:/home/agilex/agilex_ws/install/nav2_regulated_pure_pursuit_controller/lib:/home/agilex/agilex_ws/install/nav2_planner/lib:/home/agilex/agilex_ws/install/nav2_navfn_planner/lib:/home/agilex/agilex_ws/install/nav2_controller/lib:/home/agilex/agilex_ws/install/nav2_bt_navigator/lib:/home/agilex/agilex_ws/install/nav2_behaviors/lib:/home/agilex/agilex_ws/install/dwb_core/lib:/home/agilex/agilex_ws/install/costmap_queue/lib:/home/agilex/agilex_ws/install/nav2_rviz_plugins/lib:/home/agilex/agilex_ws/install/nav2_costmap_2d/lib:/home/agilex/agilex_ws/install/nav_2d_utils/lib:/home/agilex/agilex_ws/install/nav2_map_server/lib:/home/agilex/agilex_ws/install/nav2_lifecycle_manager/lib:/home/agilex/agilex_ws/install/nav2_behavior_tree/lib:/home/agilex/agilex_ws/install/nav2_amcl/lib:/home/agilex/agilex_ws/install/nav2_util/lib:/home/agilex/agilex_ws/install/nav2_voxel_grid/lib:/home/agilex/agilex_ws/install/nav2_msgs/lib:/home/agilex/agilex_ws/install/dwb_msgs/lib:/home/agilex/agilex_ws/install/nav_2d_msgs/lib PYTHONPATH=/home/agilex/agilex_ws/install/nav2_simple_commander/lib/python3.10/site-packages:/home/agilex/agilex_ws/install/nav2_msgs/local/lib/python3.10/dist-packages:/home/agilex/agilex_ws/install/dwb_msgs/local/lib/python3.10/dist-packages:/home/agilex/agilex_ws/install/nav_2d_msgs/local/lib/python3.10/dist-packages:/home/agilex/agilex_ws/install/nav2_common/local/lib/python3.10/dist-packages /usr/bin/cmake --install /home/agilex/agilex_ws/build/nav2_system_tests
[6.196s] Level 1:colcon.colcon_core.environment:checking '/home/agilex/agilex_ws/install/nav2_system_tests' for CMake module files
[6.196s] Level 1:colcon.colcon_core.environment:checking '/home/agilex/agilex_ws/install/nav2_system_tests' for CMake config files
[6.196s] Level 1:colcon.colcon_core.shell:create_environment_hook('nav2_system_tests', 'cmake_prefix_path')
[6.200s] INFO:colcon.colcon_core.shell:Creating environment hook '/home/agilex/agilex_ws/install/nav2_system_tests/share/nav2_system_tests/hook/cmake_prefix_path.ps1'
[6.200s] INFO:colcon.colcon_core.shell:Creating environment descriptor '/home/agilex/agilex_ws/install/nav2_system_tests/share/nav2_system_tests/hook/cmake_prefix_path.dsv'
[6.200s] INFO:colcon.colcon_core.shell:Creating environment hook '/home/agilex/agilex_ws/install/nav2_system_tests/share/nav2_system_tests/hook/cmake_prefix_path.sh'
[6.201s] Level 1:colcon.colcon_core.environment:checking '/home/agilex/agilex_ws/install/nav2_system_tests/lib'
[6.201s] Level 1:colcon.colcon_core.environment:checking '/home/agilex/agilex_ws/install/nav2_system_tests/bin'
[6.201s] Level 1:colcon.colcon_core.environment:checking '/home/agilex/agilex_ws/install/nav2_system_tests/lib/pkgconfig/nav2_system_tests.pc'
[6.201s] Level 1:colcon.colcon_core.environment:checking '/home/agilex/agilex_ws/install/nav2_system_tests/lib/python3.10/site-packages'
[6.201s] Level 1:colcon.colcon_core.environment:checking '/home/agilex/agilex_ws/install/nav2_system_tests/bin'
[6.205s] INFO:colcon.colcon_core.shell:Creating package script '/home/agilex/agilex_ws/install/nav2_system_tests/share/nav2_system_tests/package.ps1'
[6.205s] INFO:colcon.colcon_core.shell:Creating package descriptor '/home/agilex/agilex_ws/install/nav2_system_tests/share/nav2_system_tests/package.dsv'
[6.205s] INFO:colcon.colcon_core.shell:Creating package script '/home/agilex/agilex_ws/install/nav2_system_tests/share/nav2_system_tests/package.sh'
[6.205s] INFO:colcon.colcon_core.shell:Creating package script '/home/agilex/agilex_ws/install/nav2_system_tests/share/nav2_system_tests/package.bash'
[6.205s] INFO:colcon.colcon_core.shell:Creating package script '/home/agilex/agilex_ws/install/nav2_system_tests/share/nav2_system_tests/package.zsh'
[6.205s] Level 1:colcon.colcon_core.environment:create_file_with_runtime_dependencies(/home/agilex/agilex_ws/install/nav2_system_tests/share/colcon-core/packages/nav2_system_tests)
[6.206s] Level 1:colcon.colcon_core.environment:create_environment_scripts_only(teb_local_planner)
[6.207s] DEBUG:colcon.colcon_core.event_handler.log_command:Invoked command in '/home/agilex/agilex_ws/build/teb_local_planner' returned '0': AMENT_PREFIX_PATH=/home/agilex/agilex_ws/install/nav2_bringup:/home/agilex/agilex_ws/install/navigation2:/home/agilex/agilex_ws/install/nav2_dwb_controller:/home/agilex/agilex_ws/install/nav2_rotation_shim_controller:/home/agilex/agilex_ws/install/dwb_plugins:/home/agilex/agilex_ws/install/dwb_critics:/home/agilex/agilex_ws/install/nav2_waypoint_follower:/home/agilex/agilex_ws/install/nav2_theta_star_planner:/home/agilex/agilex_ws/install/nav2_smoother:/home/agilex/agilex_ws/install/nav2_smac_planner:/home/agilex/agilex_ws/install/nav2_regulated_pure_pursuit_controller:/home/agilex/agilex_ws/install/nav2_planner:/home/agilex/agilex_ws/install/nav2_navfn_planner:/home/agilex/agilex_ws/install/nav2_controller:/home/agilex/agilex_ws/install/nav2_bt_navigator:/home/agilex/agilex_ws/install/nav2_behaviors:/home/agilex/agilex_ws/install/dwb_core:/home/agilex/agilex_ws/install/nav2_core:/home/agilex/agilex_ws/install/costmap_queue:/home/agilex/agilex_ws/install/costmap_converter:/home/agilex/agilex_ws/install/nav2_rviz_plugins:/home/agilex/agilex_ws/install/nav2_costmap_2d:/home/agilex/agilex_ws/install/nav_2d_utils:/home/agilex/agilex_ws/install/nav2_map_server:/home/agilex/agilex_ws/install/nav2_lifecycle_manager:/home/agilex/agilex_ws/install/nav2_behavior_tree:/home/agilex/agilex_ws/install/nav2_amcl:/home/agilex/agilex_ws/install/nav2_util:/home/agilex/agilex_ws/install/nav2_simple_commander:/home/agilex/agilex_ws/install/teb_msgs:/home/agilex/agilex_ws/install/nav2_voxel_grid:/home/agilex/agilex_ws/install/nav2_msgs:/home/agilex/agilex_ws/install/dwb_msgs:/home/agilex/agilex_ws/install/nav_2d_msgs:/home/agilex/agilex_ws/install/nav2_common:/home/agilex/agilex_ws/install/costmap_converter_msgs CMAKE_PREFIX_PATH=/home/agilex/agilex_ws/install/nav2_bringup:/home/agilex/agilex_ws/install/navigation2:/home/agilex/agilex_ws/install/nav2_dwb_controller:/home/agilex/agilex_ws/install/nav2_rotation_shim_controller:/home/agilex/agilex_ws/install/dwb_plugins:/home/agilex/agilex_ws/install/dwb_critics:/home/agilex/agilex_ws/install/nav2_waypoint_follower:/home/agilex/agilex_ws/install/nav2_theta_star_planner:/home/agilex/agilex_ws/install/nav2_smoother:/home/agilex/agilex_ws/install/nav2_smac_planner:/home/agilex/agilex_ws/install/nav2_regulated_pure_pursuit_controller:/home/agilex/agilex_ws/install/nav2_planner:/home/agilex/agilex_ws/install/nav2_navfn_planner:/home/agilex/agilex_ws/install/nav2_controller:/home/agilex/agilex_ws/install/nav2_bt_navigator:/home/agilex/agilex_ws/install/nav2_behaviors:/home/agilex/agilex_ws/install/dwb_core:/home/agilex/agilex_ws/install/nav2_core:/home/agilex/agilex_ws/install/costmap_queue:/home/agilex/agilex_ws/install/costmap_converter:/home/agilex/agilex_ws/install/nav2_rviz_plugins:/home/agilex/agilex_ws/install/nav2_costmap_2d:/home/agilex/agilex_ws/install/nav_2d_utils:/home/agilex/agilex_ws/install/nav2_map_server:/home/agilex/agilex_ws/install/nav2_lifecycle_manager:/home/agilex/agilex_ws/install/nav2_behavior_tree:/home/agilex/agilex_ws/install/nav2_amcl:/home/agilex/agilex_ws/install/nav2_util:/home/agilex/agilex_ws/install/teb_msgs:/home/agilex/agilex_ws/install/nav2_voxel_grid:/home/agilex/agilex_ws/install/nav2_msgs:/home/agilex/agilex_ws/install/dwb_msgs:/home/agilex/agilex_ws/install/nav_2d_msgs:/home/agilex/agilex_ws/install/nav2_common:/home/agilex/agilex_ws/install/costmap_converter_msgs LD_LIBRARY_PATH=/home/agilex/agilex_ws/install/nav2_rotation_shim_controller/lib:/home/agilex/agilex_ws/install/dwb_plugins/lib:/home/agilex/agilex_ws/install/dwb_critics/lib:/home/agilex/agilex_ws/install/nav2_waypoint_follower/lib:/home/agilex/agilex_ws/install/nav2_theta_star_planner/lib:/home/agilex/agilex_ws/install/nav2_smoother/lib:/home/agilex/agilex_ws/install/nav2_smac_planner/lib:/home/agilex/agilex_ws/install/nav2_regulated_pure_pursuit_controller/lib:/home/agilex/agilex_ws/install/nav2_planner/lib:/home/agilex/agilex_ws/install/nav2_navfn_planner/lib:/home/agilex/agilex_ws/install/nav2_controller/lib:/home/agilex/agilex_ws/install/nav2_bt_navigator/lib:/home/agilex/agilex_ws/install/nav2_behaviors/lib:/home/agilex/agilex_ws/install/dwb_core/lib:/home/agilex/agilex_ws/install/costmap_queue/lib:/home/agilex/agilex_ws/install/costmap_converter/lib:/home/agilex/agilex_ws/install/nav2_rviz_plugins/lib:/home/agilex/agilex_ws/install/nav2_costmap_2d/lib:/home/agilex/agilex_ws/install/nav_2d_utils/lib:/home/agilex/agilex_ws/install/nav2_map_server/lib:/home/agilex/agilex_ws/install/nav2_lifecycle_manager/lib:/home/agilex/agilex_ws/install/nav2_behavior_tree/lib:/home/agilex/agilex_ws/install/nav2_amcl/lib:/home/agilex/agilex_ws/install/nav2_util/lib:/home/agilex/agilex_ws/install/teb_msgs/lib:/home/agilex/agilex_ws/install/nav2_voxel_grid/lib:/home/agilex/agilex_ws/install/nav2_msgs/lib:/home/agilex/agilex_ws/install/dwb_msgs/lib:/home/agilex/agilex_ws/install/nav_2d_msgs/lib:/home/agilex/agilex_ws/install/costmap_converter_msgs/lib PATH=/home/agilex/agilex_ws/install/costmap_converter/bin:${PATH} PYTHONPATH=/home/agilex/agilex_ws/install/nav2_simple_commander/lib/python3.10/site-packages:/home/agilex/agilex_ws/install/teb_msgs/local/lib/python3.10/dist-packages:/home/agilex/agilex_ws/install/nav2_msgs/local/lib/python3.10/dist-packages:/home/agilex/agilex_ws/install/dwb_msgs/local/lib/python3.10/dist-packages:/home/agilex/agilex_ws/install/nav_2d_msgs/local/lib/python3.10/dist-packages:/home/agilex/agilex_ws/install/nav2_common/local/lib/python3.10/dist-packages:/home/agilex/agilex_ws/install/costmap_converter_msgs/local/lib/python3.10/dist-packages /usr/bin/cmake --install /home/agilex/agilex_ws/build/teb_local_planner
[6.210s] Level 1:colcon.colcon_core.environment:checking '/home/agilex/agilex_ws/install/teb_local_planner' for CMake module files
[6.211s] Level 1:colcon.colcon_core.environment:checking '/home/agilex/agilex_ws/install/teb_local_planner' for CMake config files
[6.211s] Level 1:colcon.colcon_core.shell:create_environment_hook('teb_local_planner', 'cmake_prefix_path')
[6.214s] INFO:colcon.colcon_core.shell:Creating environment hook '/home/agilex/agilex_ws/install/teb_local_planner/share/teb_local_planner/hook/cmake_prefix_path.ps1'
[6.215s] INFO:colcon.colcon_core.shell:Creating environment descriptor '/home/agilex/agilex_ws/install/teb_local_planner/share/teb_local_planner/hook/cmake_prefix_path.dsv'
[6.215s] INFO:colcon.colcon_core.shell:Creating environment hook '/home/agilex/agilex_ws/install/teb_local_planner/share/teb_local_planner/hook/cmake_prefix_path.sh'
[6.215s] Level 1:colcon.colcon_core.environment:checking '/home/agilex/agilex_ws/install/teb_local_planner/lib'
[6.215s] Level 1:colcon.colcon_core.shell:create_environment_hook('teb_local_planner', 'ld_library_path_lib')
[6.219s] INFO:colcon.colcon_core.shell:Creating environment hook '/home/agilex/agilex_ws/install/teb_local_planner/share/teb_local_planner/hook/ld_library_path_lib.ps1'
[6.219s] INFO:colcon.colcon_core.shell:Creating environment descriptor '/home/agilex/agilex_ws/install/teb_local_planner/share/teb_local_planner/hook/ld_library_path_lib.dsv'
[6.219s] INFO:colcon.colcon_core.shell:Creating environment hook '/home/agilex/agilex_ws/install/teb_local_planner/share/teb_local_planner/hook/ld_library_path_lib.sh'
[6.220s] Level 1:colcon.colcon_core.environment:checking '/home/agilex/agilex_ws/install/teb_local_planner/bin'
[6.220s] Level 1:colcon.colcon_core.environment:checking '/home/agilex/agilex_ws/install/teb_local_planner/lib/pkgconfig/teb_local_planner.pc'
[6.220s] Level 1:colcon.colcon_core.environment:checking '/home/agilex/agilex_ws/install/teb_local_planner/lib/python3.10/site-packages'
[6.220s] Level 1:colcon.colcon_core.environment:checking '/home/agilex/agilex_ws/install/teb_local_planner/bin'
[6.223s] INFO:colcon.colcon_core.shell:Creating package script '/home/agilex/agilex_ws/install/teb_local_planner/share/teb_local_planner/package.ps1'
[6.224s] INFO:colcon.colcon_core.shell:Creating package descriptor '/home/agilex/agilex_ws/install/teb_local_planner/share/teb_local_planner/package.dsv'
[6.224s] INFO:colcon.colcon_core.shell:Creating package script '/home/agilex/agilex_ws/install/teb_local_planner/share/teb_local_planner/package.sh'
[6.224s] INFO:colcon.colcon_core.shell:Creating package script '/home/agilex/agilex_ws/install/teb_local_planner/share/teb_local_planner/package.bash'
[6.224s] INFO:colcon.colcon_core.shell:Creating package script '/home/agilex/agilex_ws/install/teb_local_planner/share/teb_local_planner/package.zsh'
[6.225s] Level 1:colcon.colcon_core.environment:create_file_with_runtime_dependencies(/home/agilex/agilex_ws/install/teb_local_planner/share/colcon-core/packages/teb_local_planner)
[6.229s] Level 1:colcon.colcon_core.environment:create_environment_scripts_only(nav2_system_tests)
[6.233s] Level 1:colcon.colcon_core.environment:checking '/home/agilex/agilex_ws/install/nav2_system_tests' for CMake module files
[6.233s] Level 1:colcon.colcon_core.environment:checking '/home/agilex/agilex_ws/install/nav2_system_tests' for CMake config files
[6.233s] Level 1:colcon.colcon_core.shell:create_environment_hook('nav2_system_tests', 'cmake_prefix_path')
[6.237s] INFO:colcon.colcon_core.shell:Creating environment hook '/home/agilex/agilex_ws/install/nav2_system_tests/share/nav2_system_tests/hook/cmake_prefix_path.ps1'
[6.238s] INFO:colcon.colcon_core.shell:Creating environment descriptor '/home/agilex/agilex_ws/install/nav2_system_tests/share/nav2_system_tests/hook/cmake_prefix_path.dsv'
[6.238s] INFO:colcon.colcon_core.shell:Creating environment hook '/home/agilex/agilex_ws/install/nav2_system_tests/share/nav2_system_tests/hook/cmake_prefix_path.sh'
[6.238s] Level 1:colcon.colcon_core.environment:checking '/home/agilex/agilex_ws/install/nav2_system_tests/lib'
[6.238s] Level 1:colcon.colcon_core.environment:checking '/home/agilex/agilex_ws/install/nav2_system_tests/bin'
[6.238s] Level 1:colcon.colcon_core.environment:checking '/home/agilex/agilex_ws/install/nav2_system_tests/lib/pkgconfig/nav2_system_tests.pc'
[6.238s] Level 1:colcon.colcon_core.environment:checking '/home/agilex/agilex_ws/install/nav2_system_tests/lib/python3.10/site-packages'
[6.238s] Level 1:colcon.colcon_core.environment:checking '/home/agilex/agilex_ws/install/nav2_system_tests/bin'
[6.242s] INFO:colcon.colcon_core.shell:Creating package script '/home/agilex/agilex_ws/install/nav2_system_tests/share/nav2_system_tests/package.ps1'
[6.242s] INFO:colcon.colcon_core.shell:Creating package descriptor '/home/agilex/agilex_ws/install/nav2_system_tests/share/nav2_system_tests/package.dsv'
[6.243s] INFO:colcon.colcon_core.shell:Creating package script '/home/agilex/agilex_ws/install/nav2_system_tests/share/nav2_system_tests/package.sh'
[6.243s] INFO:colcon.colcon_core.shell:Creating package script '/home/agilex/agilex_ws/install/nav2_system_tests/share/nav2_system_tests/package.bash'
[6.243s] INFO:colcon.colcon_core.shell:Creating package script '/home/agilex/agilex_ws/install/nav2_system_tests/share/nav2_system_tests/package.zsh'
[6.243s] Level 1:colcon.colcon_core.environment:create_file_with_runtime_dependencies(/home/agilex/agilex_ws/install/nav2_system_tests/share/colcon-core/packages/nav2_system_tests)
[6.255s] Level 1:colcon.colcon_core.environment:create_environment_scripts_only(teb_local_planner)
[6.258s] Level 1:colcon.colcon_core.environment:checking '/home/agilex/agilex_ws/install/teb_local_planner' for CMake module files
[6.258s] Level 1:colcon.colcon_core.environment:checking '/home/agilex/agilex_ws/install/teb_local_planner' for CMake config files
[6.259s] Level 1:colcon.colcon_core.shell:create_environment_hook('teb_local_planner', 'cmake_prefix_path')
[6.262s] INFO:colcon.colcon_core.shell:Creating environment hook '/home/agilex/agilex_ws/install/teb_local_planner/share/teb_local_planner/hook/cmake_prefix_path.ps1'
[6.262s] INFO:colcon.colcon_core.shell:Creating environment descriptor '/home/agilex/agilex_ws/install/teb_local_planner/share/teb_local_planner/hook/cmake_prefix_path.dsv'
[6.262s] INFO:colcon.colcon_core.shell:Creating environment hook '/home/agilex/agilex_ws/install/teb_local_planner/share/teb_local_planner/hook/cmake_prefix_path.sh'
[6.262s] Level 1:colcon.colcon_core.environment:checking '/home/agilex/agilex_ws/install/teb_local_planner/lib'
[6.262s] Level 1:colcon.colcon_core.shell:create_environment_hook('teb_local_planner', 'ld_library_path_lib')
[6.265s] INFO:colcon.colcon_core.shell:Creating environment hook '/home/agilex/agilex_ws/install/teb_local_planner/share/teb_local_planner/hook/ld_library_path_lib.ps1'
[6.265s] INFO:colcon.colcon_core.shell:Creating environment descriptor '/home/agilex/agilex_ws/install/teb_local_planner/share/teb_local_planner/hook/ld_library_path_lib.dsv'
[6.266s] INFO:colcon.colcon_core.shell:Creating environment hook '/home/agilex/agilex_ws/install/teb_local_planner/share/teb_local_planner/hook/ld_library_path_lib.sh'
[6.266s] Level 1:colcon.colcon_core.environment:checking '/home/agilex/agilex_ws/install/teb_local_planner/bin'
[6.266s] Level 1:colcon.colcon_core.environment:checking '/home/agilex/agilex_ws/install/teb_local_planner/lib/pkgconfig/teb_local_planner.pc'
[6.266s] Level 1:colcon.colcon_core.environment:checking '/home/agilex/agilex_ws/install/teb_local_planner/lib/python3.10/site-packages'
[6.266s] Level 1:colcon.colcon_core.environment:checking '/home/agilex/agilex_ws/install/teb_local_planner/bin'
[6.270s] INFO:colcon.colcon_core.shell:Creating package script '/home/agilex/agilex_ws/install/teb_local_planner/share/teb_local_planner/package.ps1'
[6.270s] INFO:colcon.colcon_core.shell:Creating package descriptor '/home/agilex/agilex_ws/install/teb_local_planner/share/teb_local_planner/package.dsv'
[6.271s] INFO:colcon.colcon_core.shell:Creating package script '/home/agilex/agilex_ws/install/teb_local_planner/share/teb_local_planner/package.sh'
[6.271s] INFO:colcon.colcon_core.shell:Creating package script '/home/agilex/agilex_ws/install/teb_local_planner/share/teb_local_planner/package.bash'
[6.271s] INFO:colcon.colcon_core.shell:Creating package script '/home/agilex/agilex_ws/install/teb_local_planner/share/teb_local_planner/package.zsh'
[6.271s] Level 1:colcon.colcon_core.environment:create_file_with_runtime_dependencies(/home/agilex/agilex_ws/install/teb_local_planner/share/colcon-core/packages/teb_local_planner)
[6.271s] DEBUG:colcon.colcon_parallel_executor.executor.parallel:closing loop
[6.271s] DEBUG:colcon.colcon_parallel_executor.executor.parallel:loop closed
[6.272s] DEBUG:colcon.colcon_parallel_executor.executor.parallel:run_until_complete finished with '0'
[6.272s] DEBUG:colcon.colcon_core.event_reactor:joining thread
[6.279s] INFO:colcon.colcon_core.plugin_system:Skipping extension 'colcon_notification.desktop_notification.terminal_notifier': Not used on non-Darwin systems
[6.279s] INFO:colcon.colcon_core.plugin_system:Skipping extension 'colcon_notification.desktop_notification.win32': Not used on non-Windows systems
[6.279s] INFO:colcon.colcon_notification.desktop_notification:Sending desktop notification using 'notify2'
[6.281s] DEBUG:colcon.colcon_notification.desktop_notification.notify2:Failed to initialize notify2: org.freedesktop.DBus.Error.Spawn.ExecFailed: /usr/bin/dbus-launch terminated abnormally without any error message
[6.281s] DEBUG:colcon.colcon_core.event_reactor:joined thread
[6.285s] INFO:colcon.colcon_core.shell:Creating prefix script '/home/agilex/agilex_ws/install/local_setup.ps1'
[6.286s] INFO:colcon.colcon_core.shell:Creating prefix util module '/home/agilex/agilex_ws/install/_local_setup_util_ps1.py'
[6.286s] INFO:colcon.colcon_core.shell:Creating prefix chain script '/home/agilex/agilex_ws/install/setup.ps1'
[6.291s] INFO:colcon.colcon_core.shell:Creating prefix script '/home/agilex/agilex_ws/install/local_setup.sh'
[6.291s] INFO:colcon.colcon_core.shell:Creating prefix util module '/home/agilex/agilex_ws/install/_local_setup_util_sh.py'
[6.291s] INFO:colcon.colcon_core.shell:Creating prefix chain script '/home/agilex/agilex_ws/install/setup.sh'
[6.295s] INFO:colcon.colcon_core.shell:Creating prefix script '/home/agilex/agilex_ws/install/local_setup.bash'
[6.295s] INFO:colcon.colcon_core.shell:Creating prefix chain script '/home/agilex/agilex_ws/install/setup.bash'
[6.299s] INFO:colcon.colcon_core.shell:Creating prefix script '/home/agilex/agilex_ws/install/local_setup.zsh'
[6.299s] INFO:colcon.colcon_core.shell:Creating prefix chain script '/home/agilex/agilex_ws/install/setup.zsh'
