[0.338s] DEBUG:colcon:Command line arguments: ['/usr/bin/colcon', 'build']
[0.338s] DEBUG:colcon:Parsed command line arguments: Namespace(log_base=None, log_level=None, verb_name='build', build_base='build', install_base='install', merge_install=False, symlink_install=False, test_result_base=None, continue_on_error=False, executor='parallel', parallel_workers=16, event_handlers=None, ignore_user_meta=False, metas=['./colcon.meta'], base_paths=['.'], packages_ignore=None, packages_ignore_regex=None, paths=None, packages_up_to=None, packages_up_to_regex=None, packages_above=None, packages_above_and_dependencies=None, packages_above_depth=None, packages_select_by_dep=None, packages_skip_by_dep=None, packages_skip_up_to=None, packages_select_build_failed=False, packages_skip_build_finished=False, packages_select_test_failures=False, packages_skip_test_passed=False, packages_select=None, packages_skip=None, packages_select_regex=None, packages_skip_regex=None, packages_start=None, packages_end=None, allow_overriding=[], cmake_args=None, cmake_target=None, cmake_target_skip_unavailable=False, cmake_clean_cache=False, cmake_clean_first=False, cmake_force_configure=False, ament_cmake_args=None, catkin_cmake_args=None, catkin_skip_building_tests=False, verb_parser=<colcon_defaults.argument_parser.defaults.DefaultArgumentsDecorator object at 0x72eed817b8e0>, verb_extension=<colcon_core.verb.build.BuildVerb object at 0x72eed862b190>, main=<bound method BuildVerb.main of <colcon_core.verb.build.BuildVerb object at 0x72eed862b190>>)
[0.365s] Level 1:colcon.colcon_core.package_discovery:discover_packages(colcon_meta) check parameters
[0.365s] Level 1:colcon.colcon_core.package_discovery:discover_packages(recursive) check parameters
[0.365s] Level 1:colcon.colcon_core.package_discovery:discover_packages(ignore) check parameters
[0.365s] Level 1:colcon.colcon_core.package_discovery:discover_packages(path) check parameters
[0.365s] Level 1:colcon.colcon_core.package_discovery:discover_packages(colcon_meta) discover
[0.365s] Level 1:colcon.colcon_core.package_discovery:discover_packages(recursive) discover
[0.365s] INFO:colcon.colcon_core.package_discovery:Crawling recursively for packages in '/home/agilex/agilex_ws'
[0.365s] Level 1:colcon.colcon_core.package_identification:_identify(.) by extensions ['ignore', 'ignore_ament_install']
[0.365s] Level 1:colcon.colcon_core.package_identification:_identify(.) by extension 'ignore'
[0.365s] Level 1:colcon.colcon_core.package_identification:_identify(.) by extension 'ignore_ament_install'
[0.365s] Level 1:colcon.colcon_core.package_identification:_identify(.) by extensions ['colcon_pkg']
[0.365s] Level 1:colcon.colcon_core.package_identification:_identify(.) by extension 'colcon_pkg'
[0.365s] Level 1:colcon.colcon_core.package_identification:_identify(.) by extensions ['colcon_meta']
[0.365s] Level 1:colcon.colcon_core.package_identification:_identify(.) by extension 'colcon_meta'
[0.365s] Level 1:colcon.colcon_core.package_identification:_identify(.) by extensions ['ros']
[0.365s] Level 1:colcon.colcon_core.package_identification:_identify(.) by extension 'ros'
[0.373s] Level 1:colcon.colcon_core.package_identification:_identify(.) by extensions ['cmake', 'python']
[0.373s] Level 1:colcon.colcon_core.package_identification:_identify(.) by extension 'cmake'
[0.373s] Level 1:colcon.colcon_core.package_identification:_identify(.) by extension 'python'
[0.373s] Level 1:colcon.colcon_core.package_identification:_identify(.) by extensions ['python_setup_py']
[0.373s] Level 1:colcon.colcon_core.package_identification:_identify(.) by extension 'python_setup_py'
[0.374s] Level 1:colcon.colcon_core.package_identification:_identify(build) by extensions ['ignore', 'ignore_ament_install']
[0.374s] Level 1:colcon.colcon_core.package_identification:_identify(build) by extension 'ignore'
[0.374s] Level 1:colcon.colcon_core.package_identification:_identify(build) ignored
[0.374s] Level 1:colcon.colcon_core.package_identification:_identify(install) by extensions ['ignore', 'ignore_ament_install']
[0.374s] Level 1:colcon.colcon_core.package_identification:_identify(install) by extension 'ignore'
[0.374s] Level 1:colcon.colcon_core.package_identification:_identify(install) ignored
[0.374s] Level 1:colcon.colcon_core.package_identification:_identify(log) by extensions ['ignore', 'ignore_ament_install']
[0.374s] Level 1:colcon.colcon_core.package_identification:_identify(log) by extension 'ignore'
[0.374s] Level 1:colcon.colcon_core.package_identification:_identify(log) ignored
[0.374s] Level 1:colcon.colcon_core.package_identification:_identify(src) by extensions ['ignore', 'ignore_ament_install']
[0.374s] Level 1:colcon.colcon_core.package_identification:_identify(src) by extension 'ignore'
[0.374s] Level 1:colcon.colcon_core.package_identification:_identify(src) by extension 'ignore_ament_install'
[0.374s] Level 1:colcon.colcon_core.package_identification:_identify(src) by extensions ['colcon_pkg']
[0.374s] Level 1:colcon.colcon_core.package_identification:_identify(src) by extension 'colcon_pkg'
[0.374s] Level 1:colcon.colcon_core.package_identification:_identify(src) by extensions ['colcon_meta']
[0.374s] Level 1:colcon.colcon_core.package_identification:_identify(src) by extension 'colcon_meta'
[0.374s] Level 1:colcon.colcon_core.package_identification:_identify(src) by extensions ['ros']
[0.374s] Level 1:colcon.colcon_core.package_identification:_identify(src) by extension 'ros'
[0.374s] Level 1:colcon.colcon_core.package_identification:_identify(src) by extensions ['cmake', 'python']
[0.374s] Level 1:colcon.colcon_core.package_identification:_identify(src) by extension 'cmake'
[0.374s] Level 1:colcon.colcon_core.package_identification:_identify(src) by extension 'python'
[0.374s] Level 1:colcon.colcon_core.package_identification:_identify(src) by extensions ['python_setup_py']
[0.374s] Level 1:colcon.colcon_core.package_identification:_identify(src) by extension 'python_setup_py'
[0.375s] Level 1:colcon.colcon_core.package_identification:_identify(src/OrbbecSDK_ROS2) by extensions ['ignore', 'ignore_ament_install']
[0.375s] Level 1:colcon.colcon_core.package_identification:_identify(src/OrbbecSDK_ROS2) by extension 'ignore'
[0.375s] Level 1:colcon.colcon_core.package_identification:_identify(src/OrbbecSDK_ROS2) by extension 'ignore_ament_install'
[0.375s] Level 1:colcon.colcon_core.package_identification:_identify(src/OrbbecSDK_ROS2) by extensions ['colcon_pkg']
[0.375s] Level 1:colcon.colcon_core.package_identification:_identify(src/OrbbecSDK_ROS2) by extension 'colcon_pkg'
[0.375s] Level 1:colcon.colcon_core.package_identification:_identify(src/OrbbecSDK_ROS2) by extensions ['colcon_meta']
[0.375s] Level 1:colcon.colcon_core.package_identification:_identify(src/OrbbecSDK_ROS2) by extension 'colcon_meta'
[0.375s] Level 1:colcon.colcon_core.package_identification:_identify(src/OrbbecSDK_ROS2) by extensions ['ros']
[0.375s] Level 1:colcon.colcon_core.package_identification:_identify(src/OrbbecSDK_ROS2) by extension 'ros'
[0.375s] Level 1:colcon.colcon_core.package_identification:_identify(src/OrbbecSDK_ROS2) by extensions ['cmake', 'python']
[0.375s] Level 1:colcon.colcon_core.package_identification:_identify(src/OrbbecSDK_ROS2) by extension 'cmake'
[0.375s] Level 1:colcon.colcon_core.package_identification:_identify(src/OrbbecSDK_ROS2) by extension 'python'
[0.375s] Level 1:colcon.colcon_core.package_identification:_identify(src/OrbbecSDK_ROS2) by extensions ['python_setup_py']
[0.375s] Level 1:colcon.colcon_core.package_identification:_identify(src/OrbbecSDK_ROS2) by extension 'python_setup_py'
[0.375s] Level 1:colcon.colcon_core.package_identification:_identify(src/OrbbecSDK_ROS2/orbbec_camera) by extensions ['ignore', 'ignore_ament_install']
[0.375s] Level 1:colcon.colcon_core.package_identification:_identify(src/OrbbecSDK_ROS2/orbbec_camera) by extension 'ignore'
[0.375s] Level 1:colcon.colcon_core.package_identification:_identify(src/OrbbecSDK_ROS2/orbbec_camera) by extension 'ignore_ament_install'
[0.375s] Level 1:colcon.colcon_core.package_identification:_identify(src/OrbbecSDK_ROS2/orbbec_camera) by extensions ['colcon_pkg']
[0.376s] Level 1:colcon.colcon_core.package_identification:_identify(src/OrbbecSDK_ROS2/orbbec_camera) by extension 'colcon_pkg'
[0.376s] Level 1:colcon.colcon_core.package_identification:_identify(src/OrbbecSDK_ROS2/orbbec_camera) by extensions ['colcon_meta']
[0.376s] Level 1:colcon.colcon_core.package_identification:_identify(src/OrbbecSDK_ROS2/orbbec_camera) by extension 'colcon_meta'
[0.376s] Level 1:colcon.colcon_core.package_identification:_identify(src/OrbbecSDK_ROS2/orbbec_camera) by extensions ['ros']
[0.376s] Level 1:colcon.colcon_core.package_identification:_identify(src/OrbbecSDK_ROS2/orbbec_camera) by extension 'ros'
[0.378s] DEBUG:colcon.colcon_core.package_identification:Package 'src/OrbbecSDK_ROS2/orbbec_camera' with type 'ros.ament_cmake' and name 'orbbec_camera'
[0.378s] Level 1:colcon.colcon_core.package_identification:_identify(src/OrbbecSDK_ROS2/orbbec_camera_msgs) by extensions ['ignore', 'ignore_ament_install']
[0.378s] Level 1:colcon.colcon_core.package_identification:_identify(src/OrbbecSDK_ROS2/orbbec_camera_msgs) by extension 'ignore'
[0.378s] Level 1:colcon.colcon_core.package_identification:_identify(src/OrbbecSDK_ROS2/orbbec_camera_msgs) by extension 'ignore_ament_install'
[0.378s] Level 1:colcon.colcon_core.package_identification:_identify(src/OrbbecSDK_ROS2/orbbec_camera_msgs) by extensions ['colcon_pkg']
[0.378s] Level 1:colcon.colcon_core.package_identification:_identify(src/OrbbecSDK_ROS2/orbbec_camera_msgs) by extension 'colcon_pkg'
[0.378s] Level 1:colcon.colcon_core.package_identification:_identify(src/OrbbecSDK_ROS2/orbbec_camera_msgs) by extensions ['colcon_meta']
[0.378s] Level 1:colcon.colcon_core.package_identification:_identify(src/OrbbecSDK_ROS2/orbbec_camera_msgs) by extension 'colcon_meta'
[0.378s] Level 1:colcon.colcon_core.package_identification:_identify(src/OrbbecSDK_ROS2/orbbec_camera_msgs) by extensions ['ros']
[0.378s] Level 1:colcon.colcon_core.package_identification:_identify(src/OrbbecSDK_ROS2/orbbec_camera_msgs) by extension 'ros'
[0.379s] DEBUG:colcon.colcon_core.package_identification:Package 'src/OrbbecSDK_ROS2/orbbec_camera_msgs' with type 'ros.ament_cmake' and name 'orbbec_camera_msgs'
[0.379s] Level 1:colcon.colcon_core.package_identification:_identify(src/OrbbecSDK_ROS2/orbbec_description) by extensions ['ignore', 'ignore_ament_install']
[0.379s] Level 1:colcon.colcon_core.package_identification:_identify(src/OrbbecSDK_ROS2/orbbec_description) by extension 'ignore'
[0.379s] Level 1:colcon.colcon_core.package_identification:_identify(src/OrbbecSDK_ROS2/orbbec_description) by extension 'ignore_ament_install'
[0.379s] Level 1:colcon.colcon_core.package_identification:_identify(src/OrbbecSDK_ROS2/orbbec_description) by extensions ['colcon_pkg']
[0.379s] Level 1:colcon.colcon_core.package_identification:_identify(src/OrbbecSDK_ROS2/orbbec_description) by extension 'colcon_pkg'
[0.379s] Level 1:colcon.colcon_core.package_identification:_identify(src/OrbbecSDK_ROS2/orbbec_description) by extensions ['colcon_meta']
[0.379s] Level 1:colcon.colcon_core.package_identification:_identify(src/OrbbecSDK_ROS2/orbbec_description) by extension 'colcon_meta'
[0.379s] Level 1:colcon.colcon_core.package_identification:_identify(src/OrbbecSDK_ROS2/orbbec_description) by extensions ['ros']
[0.379s] Level 1:colcon.colcon_core.package_identification:_identify(src/OrbbecSDK_ROS2/orbbec_description) by extension 'ros'
[0.379s] DEBUG:colcon.colcon_core.package_identification:Package 'src/OrbbecSDK_ROS2/orbbec_description' with type 'ros.ament_cmake' and name 'orbbec_description'
[0.379s] Level 1:colcon.colcon_core.package_identification:_identify(src/YDLidar-SDK) by extensions ['ignore', 'ignore_ament_install']
[0.380s] Level 1:colcon.colcon_core.package_identification:_identify(src/YDLidar-SDK) by extension 'ignore'
[0.380s] Level 1:colcon.colcon_core.package_identification:_identify(src/YDLidar-SDK) by extension 'ignore_ament_install'
[0.380s] Level 1:colcon.colcon_core.package_identification:_identify(src/YDLidar-SDK) by extensions ['colcon_pkg']
[0.380s] Level 1:colcon.colcon_core.package_identification:_identify(src/YDLidar-SDK) by extension 'colcon_pkg'
[0.380s] Level 1:colcon.colcon_core.package_identification:_identify(src/YDLidar-SDK) by extensions ['colcon_meta']
[0.380s] Level 1:colcon.colcon_core.package_identification:_identify(src/YDLidar-SDK) by extension 'colcon_meta'
[0.380s] Level 1:colcon.colcon_core.package_identification:_identify(src/YDLidar-SDK) by extensions ['ros']
[0.380s] Level 1:colcon.colcon_core.package_identification:_identify(src/YDLidar-SDK) by extension 'ros'
[0.380s] Level 1:colcon.colcon_core.package_identification:_identify(src/YDLidar-SDK) by extensions ['cmake', 'python']
[0.380s] Level 1:colcon.colcon_core.package_identification:_identify(src/YDLidar-SDK) by extension 'cmake'
[0.405s] Level 1:colcon.colcon_core.package_identification:_identify(src/YDLidar-SDK) by extension 'python'
[0.405s] DEBUG:colcon.colcon_core.package_identification:Package 'src/YDLidar-SDK' with type 'cmake' and name 'ydlidar_sdk'
[0.405s] Level 1:colcon.colcon_core.package_identification:_identify(src/aruco_ros) by extensions ['ignore', 'ignore_ament_install']
[0.406s] Level 1:colcon.colcon_core.package_identification:_identify(src/aruco_ros) by extension 'ignore'
[0.406s] Level 1:colcon.colcon_core.package_identification:_identify(src/aruco_ros) by extension 'ignore_ament_install'
[0.406s] Level 1:colcon.colcon_core.package_identification:_identify(src/aruco_ros) by extensions ['colcon_pkg']
[0.406s] Level 1:colcon.colcon_core.package_identification:_identify(src/aruco_ros) by extension 'colcon_pkg'
[0.406s] Level 1:colcon.colcon_core.package_identification:_identify(src/aruco_ros) by extensions ['colcon_meta']
[0.406s] Level 1:colcon.colcon_core.package_identification:_identify(src/aruco_ros) by extension 'colcon_meta'
[0.406s] Level 1:colcon.colcon_core.package_identification:_identify(src/aruco_ros) by extensions ['ros']
[0.406s] Level 1:colcon.colcon_core.package_identification:_identify(src/aruco_ros) by extension 'ros'
[0.406s] Level 1:colcon.colcon_core.package_identification:_identify(src/aruco_ros) by extensions ['cmake', 'python']
[0.406s] Level 1:colcon.colcon_core.package_identification:_identify(src/aruco_ros) by extension 'cmake'
[0.406s] Level 1:colcon.colcon_core.package_identification:_identify(src/aruco_ros) by extension 'python'
[0.406s] Level 1:colcon.colcon_core.package_identification:_identify(src/aruco_ros) by extensions ['python_setup_py']
[0.406s] Level 1:colcon.colcon_core.package_identification:_identify(src/aruco_ros) by extension 'python_setup_py'
[0.406s] Level 1:colcon.colcon_core.package_identification:_identify(src/aruco_ros/aruco) by extensions ['ignore', 'ignore_ament_install']
[0.406s] Level 1:colcon.colcon_core.package_identification:_identify(src/aruco_ros/aruco) by extension 'ignore'
[0.406s] Level 1:colcon.colcon_core.package_identification:_identify(src/aruco_ros/aruco) by extension 'ignore_ament_install'
[0.406s] Level 1:colcon.colcon_core.package_identification:_identify(src/aruco_ros/aruco) by extensions ['colcon_pkg']
[0.406s] Level 1:colcon.colcon_core.package_identification:_identify(src/aruco_ros/aruco) by extension 'colcon_pkg'
[0.406s] Level 1:colcon.colcon_core.package_identification:_identify(src/aruco_ros/aruco) by extensions ['colcon_meta']
[0.406s] Level 1:colcon.colcon_core.package_identification:_identify(src/aruco_ros/aruco) by extension 'colcon_meta'
[0.406s] Level 1:colcon.colcon_core.package_identification:_identify(src/aruco_ros/aruco) by extensions ['ros']
[0.406s] Level 1:colcon.colcon_core.package_identification:_identify(src/aruco_ros/aruco) by extension 'ros'
[0.406s] DEBUG:colcon.colcon_core.package_identification:Package 'src/aruco_ros/aruco' with type 'ros.ament_cmake' and name 'aruco'
[0.407s] Level 1:colcon.colcon_core.package_identification:_identify(src/aruco_ros/aruco_msgs) by extensions ['ignore', 'ignore_ament_install']
[0.407s] Level 1:colcon.colcon_core.package_identification:_identify(src/aruco_ros/aruco_msgs) by extension 'ignore'
[0.407s] Level 1:colcon.colcon_core.package_identification:_identify(src/aruco_ros/aruco_msgs) by extension 'ignore_ament_install'
[0.407s] Level 1:colcon.colcon_core.package_identification:_identify(src/aruco_ros/aruco_msgs) by extensions ['colcon_pkg']
[0.407s] Level 1:colcon.colcon_core.package_identification:_identify(src/aruco_ros/aruco_msgs) by extension 'colcon_pkg'
[0.407s] Level 1:colcon.colcon_core.package_identification:_identify(src/aruco_ros/aruco_msgs) by extensions ['colcon_meta']
[0.407s] Level 1:colcon.colcon_core.package_identification:_identify(src/aruco_ros/aruco_msgs) by extension 'colcon_meta'
[0.407s] Level 1:colcon.colcon_core.package_identification:_identify(src/aruco_ros/aruco_msgs) by extensions ['ros']
[0.407s] Level 1:colcon.colcon_core.package_identification:_identify(src/aruco_ros/aruco_msgs) by extension 'ros'
[0.407s] DEBUG:colcon.colcon_core.package_identification:Package 'src/aruco_ros/aruco_msgs' with type 'ros.ament_cmake' and name 'aruco_msgs'
[0.407s] Level 1:colcon.colcon_core.package_identification:_identify(src/aruco_ros/aruco_ros) by extensions ['ignore', 'ignore_ament_install']
[0.407s] Level 1:colcon.colcon_core.package_identification:_identify(src/aruco_ros/aruco_ros) by extension 'ignore'
[0.407s] Level 1:colcon.colcon_core.package_identification:_identify(src/aruco_ros/aruco_ros) by extension 'ignore_ament_install'
[0.407s] Level 1:colcon.colcon_core.package_identification:_identify(src/aruco_ros/aruco_ros) by extensions ['colcon_pkg']
[0.407s] Level 1:colcon.colcon_core.package_identification:_identify(src/aruco_ros/aruco_ros) by extension 'colcon_pkg'
[0.407s] Level 1:colcon.colcon_core.package_identification:_identify(src/aruco_ros/aruco_ros) by extensions ['colcon_meta']
[0.407s] Level 1:colcon.colcon_core.package_identification:_identify(src/aruco_ros/aruco_ros) by extension 'colcon_meta'
[0.407s] Level 1:colcon.colcon_core.package_identification:_identify(src/aruco_ros/aruco_ros) by extensions ['ros']
[0.407s] Level 1:colcon.colcon_core.package_identification:_identify(src/aruco_ros/aruco_ros) by extension 'ros'
[0.409s] DEBUG:colcon.colcon_core.package_identification:Package 'src/aruco_ros/aruco_ros' with type 'ros.ament_cmake' and name 'aruco_ros'
[0.409s] Level 1:colcon.colcon_core.package_identification:_identify(src/costmap_converter) by extensions ['ignore', 'ignore_ament_install']
[0.409s] Level 1:colcon.colcon_core.package_identification:_identify(src/costmap_converter) by extension 'ignore'
[0.409s] Level 1:colcon.colcon_core.package_identification:_identify(src/costmap_converter) by extension 'ignore_ament_install'
[0.409s] Level 1:colcon.colcon_core.package_identification:_identify(src/costmap_converter) by extensions ['colcon_pkg']
[0.409s] Level 1:colcon.colcon_core.package_identification:_identify(src/costmap_converter) by extension 'colcon_pkg'
[0.409s] Level 1:colcon.colcon_core.package_identification:_identify(src/costmap_converter) by extensions ['colcon_meta']
[0.409s] Level 1:colcon.colcon_core.package_identification:_identify(src/costmap_converter) by extension 'colcon_meta'
[0.409s] Level 1:colcon.colcon_core.package_identification:_identify(src/costmap_converter) by extensions ['ros']
[0.409s] Level 1:colcon.colcon_core.package_identification:_identify(src/costmap_converter) by extension 'ros'
[0.409s] Level 1:colcon.colcon_core.package_identification:_identify(src/costmap_converter) by extensions ['cmake', 'python']
[0.409s] Level 1:colcon.colcon_core.package_identification:_identify(src/costmap_converter) by extension 'cmake'
[0.409s] Level 1:colcon.colcon_core.package_identification:_identify(src/costmap_converter) by extension 'python'
[0.409s] Level 1:colcon.colcon_core.package_identification:_identify(src/costmap_converter) by extensions ['python_setup_py']
[0.409s] Level 1:colcon.colcon_core.package_identification:_identify(src/costmap_converter) by extension 'python_setup_py'
[0.409s] Level 1:colcon.colcon_core.package_identification:_identify(src/costmap_converter/costmap_converter) by extensions ['ignore', 'ignore_ament_install']
[0.409s] Level 1:colcon.colcon_core.package_identification:_identify(src/costmap_converter/costmap_converter) by extension 'ignore'
[0.409s] Level 1:colcon.colcon_core.package_identification:_identify(src/costmap_converter/costmap_converter) by extension 'ignore_ament_install'
[0.409s] Level 1:colcon.colcon_core.package_identification:_identify(src/costmap_converter/costmap_converter) by extensions ['colcon_pkg']
[0.409s] Level 1:colcon.colcon_core.package_identification:_identify(src/costmap_converter/costmap_converter) by extension 'colcon_pkg'
[0.409s] Level 1:colcon.colcon_core.package_identification:_identify(src/costmap_converter/costmap_converter) by extensions ['colcon_meta']
[0.409s] Level 1:colcon.colcon_core.package_identification:_identify(src/costmap_converter/costmap_converter) by extension 'colcon_meta'
[0.409s] Level 1:colcon.colcon_core.package_identification:_identify(src/costmap_converter/costmap_converter) by extensions ['ros']
[0.409s] Level 1:colcon.colcon_core.package_identification:_identify(src/costmap_converter/costmap_converter) by extension 'ros'
[0.410s] DEBUG:colcon.colcon_core.package_identification:Package 'src/costmap_converter/costmap_converter' with type 'ros.ament_cmake' and name 'costmap_converter'
[0.410s] Level 1:colcon.colcon_core.package_identification:_identify(src/costmap_converter/costmap_converter_msgs) by extensions ['ignore', 'ignore_ament_install']
[0.410s] Level 1:colcon.colcon_core.package_identification:_identify(src/costmap_converter/costmap_converter_msgs) by extension 'ignore'
[0.410s] Level 1:colcon.colcon_core.package_identification:_identify(src/costmap_converter/costmap_converter_msgs) by extension 'ignore_ament_install'
[0.410s] Level 1:colcon.colcon_core.package_identification:_identify(src/costmap_converter/costmap_converter_msgs) by extensions ['colcon_pkg']
[0.410s] Level 1:colcon.colcon_core.package_identification:_identify(src/costmap_converter/costmap_converter_msgs) by extension 'colcon_pkg'
[0.410s] Level 1:colcon.colcon_core.package_identification:_identify(src/costmap_converter/costmap_converter_msgs) by extensions ['colcon_meta']
[0.410s] Level 1:colcon.colcon_core.package_identification:_identify(src/costmap_converter/costmap_converter_msgs) by extension 'colcon_meta'
[0.410s] Level 1:colcon.colcon_core.package_identification:_identify(src/costmap_converter/costmap_converter_msgs) by extensions ['ros']
[0.410s] Level 1:colcon.colcon_core.package_identification:_identify(src/costmap_converter/costmap_converter_msgs) by extension 'ros'
[0.411s] DEBUG:colcon.colcon_core.package_identification:Package 'src/costmap_converter/costmap_converter_msgs' with type 'ros.ament_cmake' and name 'costmap_converter_msgs'
[0.411s] Level 1:colcon.colcon_core.package_identification:_identify(src/csm) by extensions ['ignore', 'ignore_ament_install']
[0.411s] Level 1:colcon.colcon_core.package_identification:_identify(src/csm) by extension 'ignore'
[0.411s] Level 1:colcon.colcon_core.package_identification:_identify(src/csm) by extension 'ignore_ament_install'
[0.411s] Level 1:colcon.colcon_core.package_identification:_identify(src/csm) by extensions ['colcon_pkg']
[0.411s] Level 1:colcon.colcon_core.package_identification:_identify(src/csm) by extension 'colcon_pkg'
[0.411s] Level 1:colcon.colcon_core.package_identification:_identify(src/csm) by extensions ['colcon_meta']
[0.411s] Level 1:colcon.colcon_core.package_identification:_identify(src/csm) by extension 'colcon_meta'
[0.411s] Level 1:colcon.colcon_core.package_identification:_identify(src/csm) by extensions ['ros']
[0.411s] Level 1:colcon.colcon_core.package_identification:_identify(src/csm) by extension 'ros'
[0.411s] DEBUG:colcon.colcon_core.package_identification:Package 'src/csm' with type 'ros.ament_cmake' and name 'csm'
[0.412s] Level 1:colcon.colcon_core.package_identification:_identify(src/limo_car) by extensions ['ignore', 'ignore_ament_install']
[0.412s] Level 1:colcon.colcon_core.package_identification:_identify(src/limo_car) by extension 'ignore'
[0.412s] Level 1:colcon.colcon_core.package_identification:_identify(src/limo_car) by extension 'ignore_ament_install'
[0.412s] Level 1:colcon.colcon_core.package_identification:_identify(src/limo_car) by extensions ['colcon_pkg']
[0.412s] Level 1:colcon.colcon_core.package_identification:_identify(src/limo_car) by extension 'colcon_pkg'
[0.412s] Level 1:colcon.colcon_core.package_identification:_identify(src/limo_car) by extensions ['colcon_meta']
[0.412s] Level 1:colcon.colcon_core.package_identification:_identify(src/limo_car) by extension 'colcon_meta'
[0.412s] Level 1:colcon.colcon_core.package_identification:_identify(src/limo_car) by extensions ['ros']
[0.412s] Level 1:colcon.colcon_core.package_identification:_identify(src/limo_car) by extension 'ros'
[0.417s] DEBUG:colcon.colcon_core.package_identification:Package 'src/limo_car' with type 'ros.ament_cmake' and name 'limo_car'
[0.418s] Level 1:colcon.colcon_core.package_identification:_identify(src/limo_ros2) by extensions ['ignore', 'ignore_ament_install']
[0.418s] Level 1:colcon.colcon_core.package_identification:_identify(src/limo_ros2) by extension 'ignore'
[0.418s] Level 1:colcon.colcon_core.package_identification:_identify(src/limo_ros2) by extension 'ignore_ament_install'
[0.418s] Level 1:colcon.colcon_core.package_identification:_identify(src/limo_ros2) by extensions ['colcon_pkg']
[0.418s] Level 1:colcon.colcon_core.package_identification:_identify(src/limo_ros2) by extension 'colcon_pkg'
[0.418s] Level 1:colcon.colcon_core.package_identification:_identify(src/limo_ros2) by extensions ['colcon_meta']
[0.418s] Level 1:colcon.colcon_core.package_identification:_identify(src/limo_ros2) by extension 'colcon_meta'
[0.418s] Level 1:colcon.colcon_core.package_identification:_identify(src/limo_ros2) by extensions ['ros']
[0.418s] Level 1:colcon.colcon_core.package_identification:_identify(src/limo_ros2) by extension 'ros'
[0.418s] Level 1:colcon.colcon_core.package_identification:_identify(src/limo_ros2) by extensions ['cmake', 'python']
[0.418s] Level 1:colcon.colcon_core.package_identification:_identify(src/limo_ros2) by extension 'cmake'
[0.418s] Level 1:colcon.colcon_core.package_identification:_identify(src/limo_ros2) by extension 'python'
[0.418s] Level 1:colcon.colcon_core.package_identification:_identify(src/limo_ros2) by extensions ['python_setup_py']
[0.418s] Level 1:colcon.colcon_core.package_identification:_identify(src/limo_ros2) by extension 'python_setup_py'
[0.419s] Level 1:colcon.colcon_core.package_identification:_identify(src/limo_ros2/docs) by extensions ['ignore', 'ignore_ament_install']
[0.419s] Level 1:colcon.colcon_core.package_identification:_identify(src/limo_ros2/docs) by extension 'ignore'
[0.419s] Level 1:colcon.colcon_core.package_identification:_identify(src/limo_ros2/docs) by extension 'ignore_ament_install'
[0.419s] Level 1:colcon.colcon_core.package_identification:_identify(src/limo_ros2/docs) by extensions ['colcon_pkg']
[0.419s] Level 1:colcon.colcon_core.package_identification:_identify(src/limo_ros2/docs) by extension 'colcon_pkg'
[0.419s] Level 1:colcon.colcon_core.package_identification:_identify(src/limo_ros2/docs) by extensions ['colcon_meta']
[0.419s] Level 1:colcon.colcon_core.package_identification:_identify(src/limo_ros2/docs) by extension 'colcon_meta'
[0.419s] Level 1:colcon.colcon_core.package_identification:_identify(src/limo_ros2/docs) by extensions ['ros']
[0.419s] Level 1:colcon.colcon_core.package_identification:_identify(src/limo_ros2/docs) by extension 'ros'
[0.419s] Level 1:colcon.colcon_core.package_identification:_identify(src/limo_ros2/docs) by extensions ['cmake', 'python']
[0.419s] Level 1:colcon.colcon_core.package_identification:_identify(src/limo_ros2/docs) by extension 'cmake'
[0.419s] Level 1:colcon.colcon_core.package_identification:_identify(src/limo_ros2/docs) by extension 'python'
[0.419s] Level 1:colcon.colcon_core.package_identification:_identify(src/limo_ros2/docs) by extensions ['python_setup_py']
[0.419s] Level 1:colcon.colcon_core.package_identification:_identify(src/limo_ros2/docs) by extension 'python_setup_py'
[0.419s] Level 1:colcon.colcon_core.package_identification:_identify(src/limo_ros2/limo_base) by extensions ['ignore', 'ignore_ament_install']
[0.419s] Level 1:colcon.colcon_core.package_identification:_identify(src/limo_ros2/limo_base) by extension 'ignore'
[0.419s] Level 1:colcon.colcon_core.package_identification:_identify(src/limo_ros2/limo_base) by extension 'ignore_ament_install'
[0.419s] Level 1:colcon.colcon_core.package_identification:_identify(src/limo_ros2/limo_base) by extensions ['colcon_pkg']
[0.419s] Level 1:colcon.colcon_core.package_identification:_identify(src/limo_ros2/limo_base) by extension 'colcon_pkg'
[0.419s] Level 1:colcon.colcon_core.package_identification:_identify(src/limo_ros2/limo_base) by extensions ['colcon_meta']
[0.419s] Level 1:colcon.colcon_core.package_identification:_identify(src/limo_ros2/limo_base) by extension 'colcon_meta'
[0.419s] Level 1:colcon.colcon_core.package_identification:_identify(src/limo_ros2/limo_base) by extensions ['ros']
[0.419s] Level 1:colcon.colcon_core.package_identification:_identify(src/limo_ros2/limo_base) by extension 'ros'
[0.420s] DEBUG:colcon.colcon_core.package_identification:Package 'src/limo_ros2/limo_base' with type 'ros.ament_cmake' and name 'limo_base'
[0.420s] Level 1:colcon.colcon_core.package_identification:_identify(src/limo_ros2/limo_bringup) by extensions ['ignore', 'ignore_ament_install']
[0.420s] Level 1:colcon.colcon_core.package_identification:_identify(src/limo_ros2/limo_bringup) by extension 'ignore'
[0.420s] Level 1:colcon.colcon_core.package_identification:_identify(src/limo_ros2/limo_bringup) by extension 'ignore_ament_install'
[0.420s] Level 1:colcon.colcon_core.package_identification:_identify(src/limo_ros2/limo_bringup) by extensions ['colcon_pkg']
[0.420s] Level 1:colcon.colcon_core.package_identification:_identify(src/limo_ros2/limo_bringup) by extension 'colcon_pkg'
[0.420s] Level 1:colcon.colcon_core.package_identification:_identify(src/limo_ros2/limo_bringup) by extensions ['colcon_meta']
[0.420s] Level 1:colcon.colcon_core.package_identification:_identify(src/limo_ros2/limo_bringup) by extension 'colcon_meta'
[0.420s] Level 1:colcon.colcon_core.package_identification:_identify(src/limo_ros2/limo_bringup) by extensions ['ros']
[0.420s] Level 1:colcon.colcon_core.package_identification:_identify(src/limo_ros2/limo_bringup) by extension 'ros'
[0.421s] DEBUG:colcon.colcon_core.package_identification:Package 'src/limo_ros2/limo_bringup' with type 'ros.ament_cmake' and name 'limo_bringup'
[0.421s] Level 1:colcon.colcon_core.package_identification:_identify(src/limo_ros2/limo_description) by extensions ['ignore', 'ignore_ament_install']
[0.421s] Level 1:colcon.colcon_core.package_identification:_identify(src/limo_ros2/limo_description) by extension 'ignore'
[0.421s] Level 1:colcon.colcon_core.package_identification:_identify(src/limo_ros2/limo_description) by extension 'ignore_ament_install'
[0.421s] Level 1:colcon.colcon_core.package_identification:_identify(src/limo_ros2/limo_description) by extensions ['colcon_pkg']
[0.421s] Level 1:colcon.colcon_core.package_identification:_identify(src/limo_ros2/limo_description) by extension 'colcon_pkg'
[0.421s] Level 1:colcon.colcon_core.package_identification:_identify(src/limo_ros2/limo_description) by extensions ['colcon_meta']
[0.421s] Level 1:colcon.colcon_core.package_identification:_identify(src/limo_ros2/limo_description) by extension 'colcon_meta'
[0.421s] Level 1:colcon.colcon_core.package_identification:_identify(src/limo_ros2/limo_description) by extensions ['ros']
[0.421s] Level 1:colcon.colcon_core.package_identification:_identify(src/limo_ros2/limo_description) by extension 'ros'
[0.422s] DEBUG:colcon.colcon_core.package_identification:Package 'src/limo_ros2/limo_description' with type 'ros.ament_cmake' and name 'limo_description'
[0.422s] Level 1:colcon.colcon_core.package_identification:_identify(src/limo_ros2/limo_msgs) by extensions ['ignore', 'ignore_ament_install']
[0.422s] Level 1:colcon.colcon_core.package_identification:_identify(src/limo_ros2/limo_msgs) by extension 'ignore'
[0.422s] Level 1:colcon.colcon_core.package_identification:_identify(src/limo_ros2/limo_msgs) by extension 'ignore_ament_install'
[0.422s] Level 1:colcon.colcon_core.package_identification:_identify(src/limo_ros2/limo_msgs) by extensions ['colcon_pkg']
[0.422s] Level 1:colcon.colcon_core.package_identification:_identify(src/limo_ros2/limo_msgs) by extension 'colcon_pkg'
[0.422s] Level 1:colcon.colcon_core.package_identification:_identify(src/limo_ros2/limo_msgs) by extensions ['colcon_meta']
[0.422s] Level 1:colcon.colcon_core.package_identification:_identify(src/limo_ros2/limo_msgs) by extension 'colcon_meta'
[0.422s] Level 1:colcon.colcon_core.package_identification:_identify(src/limo_ros2/limo_msgs) by extensions ['ros']
[0.422s] Level 1:colcon.colcon_core.package_identification:_identify(src/limo_ros2/limo_msgs) by extension 'ros'
[0.422s] DEBUG:colcon.colcon_core.package_identification:Package 'src/limo_ros2/limo_msgs' with type 'ros.ament_cmake' and name 'limo_msgs'
[0.423s] Level 1:colcon.colcon_core.package_identification:_identify(src/limo_visions) by extensions ['ignore', 'ignore_ament_install']
[0.423s] Level 1:colcon.colcon_core.package_identification:_identify(src/limo_visions) by extension 'ignore'
[0.423s] Level 1:colcon.colcon_core.package_identification:_identify(src/limo_visions) by extension 'ignore_ament_install'
[0.423s] Level 1:colcon.colcon_core.package_identification:_identify(src/limo_visions) by extensions ['colcon_pkg']
[0.423s] Level 1:colcon.colcon_core.package_identification:_identify(src/limo_visions) by extension 'colcon_pkg'
[0.423s] Level 1:colcon.colcon_core.package_identification:_identify(src/limo_visions) by extensions ['colcon_meta']
[0.423s] Level 1:colcon.colcon_core.package_identification:_identify(src/limo_visions) by extension 'colcon_meta'
[0.423s] Level 1:colcon.colcon_core.package_identification:_identify(src/limo_visions) by extensions ['ros']
[0.423s] Level 1:colcon.colcon_core.package_identification:_identify(src/limo_visions) by extension 'ros'
[0.424s] DEBUG:colcon.colcon_core.package_identification:Package 'src/limo_visions' with type 'ros.ament_cmake' and name 'limo_visions'
[0.424s] Level 1:colcon.colcon_core.package_identification:_identify(src/navigation2) by extensions ['ignore', 'ignore_ament_install']
[0.424s] Level 1:colcon.colcon_core.package_identification:_identify(src/navigation2) by extension 'ignore'
[0.424s] Level 1:colcon.colcon_core.package_identification:_identify(src/navigation2) by extension 'ignore_ament_install'
[0.424s] Level 1:colcon.colcon_core.package_identification:_identify(src/navigation2) by extensions ['colcon_pkg']
[0.424s] Level 1:colcon.colcon_core.package_identification:_identify(src/navigation2) by extension 'colcon_pkg'
[0.424s] Level 1:colcon.colcon_core.package_identification:_identify(src/navigation2) by extensions ['colcon_meta']
[0.424s] Level 1:colcon.colcon_core.package_identification:_identify(src/navigation2) by extension 'colcon_meta'
[0.424s] Level 1:colcon.colcon_core.package_identification:_identify(src/navigation2) by extensions ['ros']
[0.424s] Level 1:colcon.colcon_core.package_identification:_identify(src/navigation2) by extension 'ros'
[0.424s] Level 1:colcon.colcon_core.package_identification:_identify(src/navigation2) by extensions ['cmake', 'python']
[0.424s] Level 1:colcon.colcon_core.package_identification:_identify(src/navigation2) by extension 'cmake'
[0.424s] Level 1:colcon.colcon_core.package_identification:_identify(src/navigation2) by extension 'python'
[0.424s] Level 1:colcon.colcon_core.package_identification:_identify(src/navigation2) by extensions ['python_setup_py']
[0.424s] Level 1:colcon.colcon_core.package_identification:_identify(src/navigation2) by extension 'python_setup_py'
[0.424s] Level 1:colcon.colcon_core.package_identification:_identify(src/navigation2/doc) by extensions ['ignore', 'ignore_ament_install']
[0.424s] Level 1:colcon.colcon_core.package_identification:_identify(src/navigation2/doc) by extension 'ignore'
[0.424s] Level 1:colcon.colcon_core.package_identification:_identify(src/navigation2/doc) by extension 'ignore_ament_install'
[0.424s] Level 1:colcon.colcon_core.package_identification:_identify(src/navigation2/doc) by extensions ['colcon_pkg']
[0.424s] Level 1:colcon.colcon_core.package_identification:_identify(src/navigation2/doc) by extension 'colcon_pkg'
[0.424s] Level 1:colcon.colcon_core.package_identification:_identify(src/navigation2/doc) by extensions ['colcon_meta']
[0.424s] Level 1:colcon.colcon_core.package_identification:_identify(src/navigation2/doc) by extension 'colcon_meta'
[0.424s] Level 1:colcon.colcon_core.package_identification:_identify(src/navigation2/doc) by extensions ['ros']
[0.424s] Level 1:colcon.colcon_core.package_identification:_identify(src/navigation2/doc) by extension 'ros'
[0.425s] Level 1:colcon.colcon_core.package_identification:_identify(src/navigation2/doc) by extensions ['cmake', 'python']
[0.425s] Level 1:colcon.colcon_core.package_identification:_identify(src/navigation2/doc) by extension 'cmake'
[0.425s] Level 1:colcon.colcon_core.package_identification:_identify(src/navigation2/doc) by extension 'python'
[0.425s] Level 1:colcon.colcon_core.package_identification:_identify(src/navigation2/doc) by extensions ['python_setup_py']
[0.425s] Level 1:colcon.colcon_core.package_identification:_identify(src/navigation2/doc) by extension 'python_setup_py'
[0.425s] Level 1:colcon.colcon_core.package_identification:_identify(src/navigation2/doc/architecture) by extensions ['ignore', 'ignore_ament_install']
[0.425s] Level 1:colcon.colcon_core.package_identification:_identify(src/navigation2/doc/architecture) by extension 'ignore'
[0.425s] Level 1:colcon.colcon_core.package_identification:_identify(src/navigation2/doc/architecture) by extension 'ignore_ament_install'
[0.425s] Level 1:colcon.colcon_core.package_identification:_identify(src/navigation2/doc/architecture) by extensions ['colcon_pkg']
[0.425s] Level 1:colcon.colcon_core.package_identification:_identify(src/navigation2/doc/architecture) by extension 'colcon_pkg'
[0.425s] Level 1:colcon.colcon_core.package_identification:_identify(src/navigation2/doc/architecture) by extensions ['colcon_meta']
[0.425s] Level 1:colcon.colcon_core.package_identification:_identify(src/navigation2/doc/architecture) by extension 'colcon_meta'
[0.425s] Level 1:colcon.colcon_core.package_identification:_identify(src/navigation2/doc/architecture) by extensions ['ros']
[0.425s] Level 1:colcon.colcon_core.package_identification:_identify(src/navigation2/doc/architecture) by extension 'ros'
[0.425s] Level 1:colcon.colcon_core.package_identification:_identify(src/navigation2/doc/architecture) by extensions ['cmake', 'python']
[0.425s] Level 1:colcon.colcon_core.package_identification:_identify(src/navigation2/doc/architecture) by extension 'cmake'
[0.425s] Level 1:colcon.colcon_core.package_identification:_identify(src/navigation2/doc/architecture) by extension 'python'
[0.425s] Level 1:colcon.colcon_core.package_identification:_identify(src/navigation2/doc/architecture) by extensions ['python_setup_py']
[0.425s] Level 1:colcon.colcon_core.package_identification:_identify(src/navigation2/doc/architecture) by extension 'python_setup_py'
[0.426s] Level 1:colcon.colcon_core.package_identification:_identify(src/navigation2/doc/design) by extensions ['ignore', 'ignore_ament_install']
[0.426s] Level 1:colcon.colcon_core.package_identification:_identify(src/navigation2/doc/design) by extension 'ignore'
[0.426s] Level 1:colcon.colcon_core.package_identification:_identify(src/navigation2/doc/design) by extension 'ignore_ament_install'
[0.426s] Level 1:colcon.colcon_core.package_identification:_identify(src/navigation2/doc/design) by extensions ['colcon_pkg']
[0.426s] Level 1:colcon.colcon_core.package_identification:_identify(src/navigation2/doc/design) by extension 'colcon_pkg'
[0.426s] Level 1:colcon.colcon_core.package_identification:_identify(src/navigation2/doc/design) by extensions ['colcon_meta']
[0.426s] Level 1:colcon.colcon_core.package_identification:_identify(src/navigation2/doc/design) by extension 'colcon_meta'
[0.426s] Level 1:colcon.colcon_core.package_identification:_identify(src/navigation2/doc/design) by extensions ['ros']
[0.426s] Level 1:colcon.colcon_core.package_identification:_identify(src/navigation2/doc/design) by extension 'ros'
[0.426s] Level 1:colcon.colcon_core.package_identification:_identify(src/navigation2/doc/design) by extensions ['cmake', 'python']
[0.426s] Level 1:colcon.colcon_core.package_identification:_identify(src/navigation2/doc/design) by extension 'cmake'
[0.426s] Level 1:colcon.colcon_core.package_identification:_identify(src/navigation2/doc/design) by extension 'python'
[0.426s] Level 1:colcon.colcon_core.package_identification:_identify(src/navigation2/doc/design) by extensions ['python_setup_py']
[0.426s] Level 1:colcon.colcon_core.package_identification:_identify(src/navigation2/doc/design) by extension 'python_setup_py'
[0.426s] Level 1:colcon.colcon_core.package_identification:_identify(src/navigation2/doc/process) by extensions ['ignore', 'ignore_ament_install']
[0.426s] Level 1:colcon.colcon_core.package_identification:_identify(src/navigation2/doc/process) by extension 'ignore'
[0.426s] Level 1:colcon.colcon_core.package_identification:_identify(src/navigation2/doc/process) by extension 'ignore_ament_install'
[0.426s] Level 1:colcon.colcon_core.package_identification:_identify(src/navigation2/doc/process) by extensions ['colcon_pkg']
[0.426s] Level 1:colcon.colcon_core.package_identification:_identify(src/navigation2/doc/process) by extension 'colcon_pkg'
[0.426s] Level 1:colcon.colcon_core.package_identification:_identify(src/navigation2/doc/process) by extensions ['colcon_meta']
[0.426s] Level 1:colcon.colcon_core.package_identification:_identify(src/navigation2/doc/process) by extension 'colcon_meta'
[0.426s] Level 1:colcon.colcon_core.package_identification:_identify(src/navigation2/doc/process) by extensions ['ros']
[0.426s] Level 1:colcon.colcon_core.package_identification:_identify(src/navigation2/doc/process) by extension 'ros'
[0.426s] Level 1:colcon.colcon_core.package_identification:_identify(src/navigation2/doc/process) by extensions ['cmake', 'python']
[0.426s] Level 1:colcon.colcon_core.package_identification:_identify(src/navigation2/doc/process) by extension 'cmake'
[0.426s] Level 1:colcon.colcon_core.package_identification:_identify(src/navigation2/doc/process) by extension 'python'
[0.426s] Level 1:colcon.colcon_core.package_identification:_identify(src/navigation2/doc/process) by extensions ['python_setup_py']
[0.426s] Level 1:colcon.colcon_core.package_identification:_identify(src/navigation2/doc/process) by extension 'python_setup_py'
[0.426s] Level 1:colcon.colcon_core.package_identification:_identify(src/navigation2/doc/requirements) by extensions ['ignore', 'ignore_ament_install']
[0.426s] Level 1:colcon.colcon_core.package_identification:_identify(src/navigation2/doc/requirements) by extension 'ignore'
[0.426s] Level 1:colcon.colcon_core.package_identification:_identify(src/navigation2/doc/requirements) by extension 'ignore_ament_install'
[0.426s] Level 1:colcon.colcon_core.package_identification:_identify(src/navigation2/doc/requirements) by extensions ['colcon_pkg']
[0.426s] Level 1:colcon.colcon_core.package_identification:_identify(src/navigation2/doc/requirements) by extension 'colcon_pkg'
[0.426s] Level 1:colcon.colcon_core.package_identification:_identify(src/navigation2/doc/requirements) by extensions ['colcon_meta']
[0.426s] Level 1:colcon.colcon_core.package_identification:_identify(src/navigation2/doc/requirements) by extension 'colcon_meta'
[0.426s] Level 1:colcon.colcon_core.package_identification:_identify(src/navigation2/doc/requirements) by extensions ['ros']
[0.426s] Level 1:colcon.colcon_core.package_identification:_identify(src/navigation2/doc/requirements) by extension 'ros'
[0.427s] Level 1:colcon.colcon_core.package_identification:_identify(src/navigation2/doc/requirements) by extensions ['cmake', 'python']
[0.427s] Level 1:colcon.colcon_core.package_identification:_identify(src/navigation2/doc/requirements) by extension 'cmake'
[0.427s] Level 1:colcon.colcon_core.package_identification:_identify(src/navigation2/doc/requirements) by extension 'python'
[0.427s] Level 1:colcon.colcon_core.package_identification:_identify(src/navigation2/doc/requirements) by extensions ['python_setup_py']
[0.427s] Level 1:colcon.colcon_core.package_identification:_identify(src/navigation2/doc/requirements) by extension 'python_setup_py'
[0.427s] Level 1:colcon.colcon_core.package_identification:_identify(src/navigation2/doc/requirements/images) by extensions ['ignore', 'ignore_ament_install']
[0.427s] Level 1:colcon.colcon_core.package_identification:_identify(src/navigation2/doc/requirements/images) by extension 'ignore'
[0.427s] Level 1:colcon.colcon_core.package_identification:_identify(src/navigation2/doc/requirements/images) by extension 'ignore_ament_install'
[0.427s] Level 1:colcon.colcon_core.package_identification:_identify(src/navigation2/doc/requirements/images) by extensions ['colcon_pkg']
[0.427s] Level 1:colcon.colcon_core.package_identification:_identify(src/navigation2/doc/requirements/images) by extension 'colcon_pkg'
[0.427s] Level 1:colcon.colcon_core.package_identification:_identify(src/navigation2/doc/requirements/images) by extensions ['colcon_meta']
[0.427s] Level 1:colcon.colcon_core.package_identification:_identify(src/navigation2/doc/requirements/images) by extension 'colcon_meta'
[0.427s] Level 1:colcon.colcon_core.package_identification:_identify(src/navigation2/doc/requirements/images) by extensions ['ros']
[0.427s] Level 1:colcon.colcon_core.package_identification:_identify(src/navigation2/doc/requirements/images) by extension 'ros'
[0.427s] Level 1:colcon.colcon_core.package_identification:_identify(src/navigation2/doc/requirements/images) by extensions ['cmake', 'python']
[0.427s] Level 1:colcon.colcon_core.package_identification:_identify(src/navigation2/doc/requirements/images) by extension 'cmake'
[0.427s] Level 1:colcon.colcon_core.package_identification:_identify(src/navigation2/doc/requirements/images) by extension 'python'
[0.427s] Level 1:colcon.colcon_core.package_identification:_identify(src/navigation2/doc/requirements/images) by extensions ['python_setup_py']
[0.427s] Level 1:colcon.colcon_core.package_identification:_identify(src/navigation2/doc/requirements/images) by extension 'python_setup_py'
[0.427s] Level 1:colcon.colcon_core.package_identification:_identify(src/navigation2/doc/use_cases) by extensions ['ignore', 'ignore_ament_install']
[0.427s] Level 1:colcon.colcon_core.package_identification:_identify(src/navigation2/doc/use_cases) by extension 'ignore'
[0.427s] Level 1:colcon.colcon_core.package_identification:_identify(src/navigation2/doc/use_cases) by extension 'ignore_ament_install'
[0.427s] Level 1:colcon.colcon_core.package_identification:_identify(src/navigation2/doc/use_cases) by extensions ['colcon_pkg']
[0.427s] Level 1:colcon.colcon_core.package_identification:_identify(src/navigation2/doc/use_cases) by extension 'colcon_pkg'
[0.427s] Level 1:colcon.colcon_core.package_identification:_identify(src/navigation2/doc/use_cases) by extensions ['colcon_meta']
[0.427s] Level 1:colcon.colcon_core.package_identification:_identify(src/navigation2/doc/use_cases) by extension 'colcon_meta'
[0.427s] Level 1:colcon.colcon_core.package_identification:_identify(src/navigation2/doc/use_cases) by extensions ['ros']
[0.427s] Level 1:colcon.colcon_core.package_identification:_identify(src/navigation2/doc/use_cases) by extension 'ros'
[0.427s] Level 1:colcon.colcon_core.package_identification:_identify(src/navigation2/doc/use_cases) by extensions ['cmake', 'python']
[0.427s] Level 1:colcon.colcon_core.package_identification:_identify(src/navigation2/doc/use_cases) by extension 'cmake'
[0.427s] Level 1:colcon.colcon_core.package_identification:_identify(src/navigation2/doc/use_cases) by extension 'python'
[0.427s] Level 1:colcon.colcon_core.package_identification:_identify(src/navigation2/doc/use_cases) by extensions ['python_setup_py']
[0.427s] Level 1:colcon.colcon_core.package_identification:_identify(src/navigation2/doc/use_cases) by extension 'python_setup_py'
[0.427s] Level 1:colcon.colcon_core.package_identification:_identify(src/navigation2/nav2_amcl) by extensions ['ignore', 'ignore_ament_install']
[0.428s] Level 1:colcon.colcon_core.package_identification:_identify(src/navigation2/nav2_amcl) by extension 'ignore'
[0.428s] Level 1:colcon.colcon_core.package_identification:_identify(src/navigation2/nav2_amcl) by extension 'ignore_ament_install'
[0.428s] Level 1:colcon.colcon_core.package_identification:_identify(src/navigation2/nav2_amcl) by extensions ['colcon_pkg']
[0.428s] Level 1:colcon.colcon_core.package_identification:_identify(src/navigation2/nav2_amcl) by extension 'colcon_pkg'
[0.428s] Level 1:colcon.colcon_core.package_identification:_identify(src/navigation2/nav2_amcl) by extensions ['colcon_meta']
[0.428s] Level 1:colcon.colcon_core.package_identification:_identify(src/navigation2/nav2_amcl) by extension 'colcon_meta'
[0.428s] Level 1:colcon.colcon_core.package_identification:_identify(src/navigation2/nav2_amcl) by extensions ['ros']
[0.428s] Level 1:colcon.colcon_core.package_identification:_identify(src/navigation2/nav2_amcl) by extension 'ros'
[0.428s] DEBUG:colcon.colcon_core.package_identification:Package 'src/navigation2/nav2_amcl' with type 'ros.ament_cmake' and name 'nav2_amcl'
[0.429s] Level 1:colcon.colcon_core.package_identification:_identify(src/navigation2/nav2_behavior_tree) by extensions ['ignore', 'ignore_ament_install']
[0.429s] Level 1:colcon.colcon_core.package_identification:_identify(src/navigation2/nav2_behavior_tree) by extension 'ignore'
[0.429s] Level 1:colcon.colcon_core.package_identification:_identify(src/navigation2/nav2_behavior_tree) by extension 'ignore_ament_install'
[0.429s] Level 1:colcon.colcon_core.package_identification:_identify(src/navigation2/nav2_behavior_tree) by extensions ['colcon_pkg']
[0.429s] Level 1:colcon.colcon_core.package_identification:_identify(src/navigation2/nav2_behavior_tree) by extension 'colcon_pkg'
[0.429s] Level 1:colcon.colcon_core.package_identification:_identify(src/navigation2/nav2_behavior_tree) by extensions ['colcon_meta']
[0.429s] Level 1:colcon.colcon_core.package_identification:_identify(src/navigation2/nav2_behavior_tree) by extension 'colcon_meta'
[0.429s] Level 1:colcon.colcon_core.package_identification:_identify(src/navigation2/nav2_behavior_tree) by extensions ['ros']
[0.429s] Level 1:colcon.colcon_core.package_identification:_identify(src/navigation2/nav2_behavior_tree) by extension 'ros'
[0.429s] DEBUG:colcon.colcon_core.package_identification:Package 'src/navigation2/nav2_behavior_tree' with type 'ros.ament_cmake' and name 'nav2_behavior_tree'
[0.430s] Level 1:colcon.colcon_core.package_identification:_identify(src/navigation2/nav2_behaviors) by extensions ['ignore', 'ignore_ament_install']
[0.430s] Level 1:colcon.colcon_core.package_identification:_identify(src/navigation2/nav2_behaviors) by extension 'ignore'
[0.430s] Level 1:colcon.colcon_core.package_identification:_identify(src/navigation2/nav2_behaviors) by extension 'ignore_ament_install'
[0.430s] Level 1:colcon.colcon_core.package_identification:_identify(src/navigation2/nav2_behaviors) by extensions ['colcon_pkg']
[0.430s] Level 1:colcon.colcon_core.package_identification:_identify(src/navigation2/nav2_behaviors) by extension 'colcon_pkg'
[0.430s] Level 1:colcon.colcon_core.package_identification:_identify(src/navigation2/nav2_behaviors) by extensions ['colcon_meta']
[0.430s] Level 1:colcon.colcon_core.package_identification:_identify(src/navigation2/nav2_behaviors) by extension 'colcon_meta'
[0.430s] Level 1:colcon.colcon_core.package_identification:_identify(src/navigation2/nav2_behaviors) by extensions ['ros']
[0.430s] Level 1:colcon.colcon_core.package_identification:_identify(src/navigation2/nav2_behaviors) by extension 'ros'
[0.430s] DEBUG:colcon.colcon_core.package_identification:Package 'src/navigation2/nav2_behaviors' with type 'ros.ament_cmake' and name 'nav2_behaviors'
[0.430s] Level 1:colcon.colcon_core.package_identification:_identify(src/navigation2/nav2_bringup) by extensions ['ignore', 'ignore_ament_install']
[0.430s] Level 1:colcon.colcon_core.package_identification:_identify(src/navigation2/nav2_bringup) by extension 'ignore'
[0.430s] Level 1:colcon.colcon_core.package_identification:_identify(src/navigation2/nav2_bringup) by extension 'ignore_ament_install'
[0.431s] Level 1:colcon.colcon_core.package_identification:_identify(src/navigation2/nav2_bringup) by extensions ['colcon_pkg']
[0.431s] Level 1:colcon.colcon_core.package_identification:_identify(src/navigation2/nav2_bringup) by extension 'colcon_pkg'
[0.431s] Level 1:colcon.colcon_core.package_identification:_identify(src/navigation2/nav2_bringup) by extensions ['colcon_meta']
[0.431s] Level 1:colcon.colcon_core.package_identification:_identify(src/navigation2/nav2_bringup) by extension 'colcon_meta'
[0.431s] Level 1:colcon.colcon_core.package_identification:_identify(src/navigation2/nav2_bringup) by extensions ['ros']
[0.431s] Level 1:colcon.colcon_core.package_identification:_identify(src/navigation2/nav2_bringup) by extension 'ros'
[0.431s] DEBUG:colcon.colcon_core.package_identification:Package 'src/navigation2/nav2_bringup' with type 'ros.ament_cmake' and name 'nav2_bringup'
[0.431s] Level 1:colcon.colcon_core.package_identification:_identify(src/navigation2/nav2_bt_navigator) by extensions ['ignore', 'ignore_ament_install']
[0.431s] Level 1:colcon.colcon_core.package_identification:_identify(src/navigation2/nav2_bt_navigator) by extension 'ignore'
[0.431s] Level 1:colcon.colcon_core.package_identification:_identify(src/navigation2/nav2_bt_navigator) by extension 'ignore_ament_install'
[0.431s] Level 1:colcon.colcon_core.package_identification:_identify(src/navigation2/nav2_bt_navigator) by extensions ['colcon_pkg']
[0.431s] Level 1:colcon.colcon_core.package_identification:_identify(src/navigation2/nav2_bt_navigator) by extension 'colcon_pkg'
[0.431s] Level 1:colcon.colcon_core.package_identification:_identify(src/navigation2/nav2_bt_navigator) by extensions ['colcon_meta']
[0.431s] Level 1:colcon.colcon_core.package_identification:_identify(src/navigation2/nav2_bt_navigator) by extension 'colcon_meta'
[0.431s] Level 1:colcon.colcon_core.package_identification:_identify(src/navigation2/nav2_bt_navigator) by extensions ['ros']
[0.431s] Level 1:colcon.colcon_core.package_identification:_identify(src/navigation2/nav2_bt_navigator) by extension 'ros'
[0.432s] DEBUG:colcon.colcon_core.package_identification:Package 'src/navigation2/nav2_bt_navigator' with type 'ros.ament_cmake' and name 'nav2_bt_navigator'
[0.432s] Level 1:colcon.colcon_core.package_identification:_identify(src/navigation2/nav2_common) by extensions ['ignore', 'ignore_ament_install']
[0.432s] Level 1:colcon.colcon_core.package_identification:_identify(src/navigation2/nav2_common) by extension 'ignore'
[0.432s] Level 1:colcon.colcon_core.package_identification:_identify(src/navigation2/nav2_common) by extension 'ignore_ament_install'
[0.432s] Level 1:colcon.colcon_core.package_identification:_identify(src/navigation2/nav2_common) by extensions ['colcon_pkg']
[0.432s] Level 1:colcon.colcon_core.package_identification:_identify(src/navigation2/nav2_common) by extension 'colcon_pkg'
[0.432s] Level 1:colcon.colcon_core.package_identification:_identify(src/navigation2/nav2_common) by extensions ['colcon_meta']
[0.432s] Level 1:colcon.colcon_core.package_identification:_identify(src/navigation2/nav2_common) by extension 'colcon_meta'
[0.432s] Level 1:colcon.colcon_core.package_identification:_identify(src/navigation2/nav2_common) by extensions ['ros']
[0.432s] Level 1:colcon.colcon_core.package_identification:_identify(src/navigation2/nav2_common) by extension 'ros'
[0.433s] DEBUG:colcon.colcon_core.package_identification:Package 'src/navigation2/nav2_common' with type 'ros.ament_cmake' and name 'nav2_common'
[0.433s] Level 1:colcon.colcon_core.package_identification:_identify(src/navigation2/nav2_constrained_smoother) by extensions ['ignore', 'ignore_ament_install']
[0.433s] Level 1:colcon.colcon_core.package_identification:_identify(src/navigation2/nav2_constrained_smoother) by extension 'ignore'
[0.433s] Level 1:colcon.colcon_core.package_identification:_identify(src/navigation2/nav2_constrained_smoother) by extension 'ignore_ament_install'
[0.433s] Level 1:colcon.colcon_core.package_identification:_identify(src/navigation2/nav2_constrained_smoother) by extensions ['colcon_pkg']
[0.433s] Level 1:colcon.colcon_core.package_identification:_identify(src/navigation2/nav2_constrained_smoother) by extension 'colcon_pkg'
[0.433s] Level 1:colcon.colcon_core.package_identification:_identify(src/navigation2/nav2_constrained_smoother) by extensions ['colcon_meta']
[0.433s] Level 1:colcon.colcon_core.package_identification:_identify(src/navigation2/nav2_constrained_smoother) by extension 'colcon_meta'
[0.433s] Level 1:colcon.colcon_core.package_identification:_identify(src/navigation2/nav2_constrained_smoother) by extensions ['ros']
[0.433s] Level 1:colcon.colcon_core.package_identification:_identify(src/navigation2/nav2_constrained_smoother) by extension 'ros'
[0.434s] DEBUG:colcon.colcon_core.package_identification:Package 'src/navigation2/nav2_constrained_smoother' with type 'ros.ament_cmake' and name 'nav2_constrained_smoother'
[0.434s] Level 1:colcon.colcon_core.package_identification:_identify(src/navigation2/nav2_controller) by extensions ['ignore', 'ignore_ament_install']
[0.434s] Level 1:colcon.colcon_core.package_identification:_identify(src/navigation2/nav2_controller) by extension 'ignore'
[0.434s] Level 1:colcon.colcon_core.package_identification:_identify(src/navigation2/nav2_controller) by extension 'ignore_ament_install'
[0.434s] Level 1:colcon.colcon_core.package_identification:_identify(src/navigation2/nav2_controller) by extensions ['colcon_pkg']
[0.434s] Level 1:colcon.colcon_core.package_identification:_identify(src/navigation2/nav2_controller) by extension 'colcon_pkg'
[0.434s] Level 1:colcon.colcon_core.package_identification:_identify(src/navigation2/nav2_controller) by extensions ['colcon_meta']
[0.434s] Level 1:colcon.colcon_core.package_identification:_identify(src/navigation2/nav2_controller) by extension 'colcon_meta'
[0.434s] Level 1:colcon.colcon_core.package_identification:_identify(src/navigation2/nav2_controller) by extensions ['ros']
[0.434s] Level 1:colcon.colcon_core.package_identification:_identify(src/navigation2/nav2_controller) by extension 'ros'
[0.435s] DEBUG:colcon.colcon_core.package_identification:Package 'src/navigation2/nav2_controller' with type 'ros.ament_cmake' and name 'nav2_controller'
[0.435s] Level 1:colcon.colcon_core.package_identification:_identify(src/navigation2/nav2_core) by extensions ['ignore', 'ignore_ament_install']
[0.435s] Level 1:colcon.colcon_core.package_identification:_identify(src/navigation2/nav2_core) by extension 'ignore'
[0.435s] Level 1:colcon.colcon_core.package_identification:_identify(src/navigation2/nav2_core) by extension 'ignore_ament_install'
[0.435s] Level 1:colcon.colcon_core.package_identification:_identify(src/navigation2/nav2_core) by extensions ['colcon_pkg']
[0.435s] Level 1:colcon.colcon_core.package_identification:_identify(src/navigation2/nav2_core) by extension 'colcon_pkg'
[0.435s] Level 1:colcon.colcon_core.package_identification:_identify(src/navigation2/nav2_core) by extensions ['colcon_meta']
[0.435s] Level 1:colcon.colcon_core.package_identification:_identify(src/navigation2/nav2_core) by extension 'colcon_meta'
[0.435s] Level 1:colcon.colcon_core.package_identification:_identify(src/navigation2/nav2_core) by extensions ['ros']
[0.435s] Level 1:colcon.colcon_core.package_identification:_identify(src/navigation2/nav2_core) by extension 'ros'
[0.436s] DEBUG:colcon.colcon_core.package_identification:Package 'src/navigation2/nav2_core' with type 'ros.ament_cmake' and name 'nav2_core'
[0.436s] Level 1:colcon.colcon_core.package_identification:_identify(src/navigation2/nav2_costmap_2d) by extensions ['ignore', 'ignore_ament_install']
[0.436s] Level 1:colcon.colcon_core.package_identification:_identify(src/navigation2/nav2_costmap_2d) by extension 'ignore'
[0.436s] Level 1:colcon.colcon_core.package_identification:_identify(src/navigation2/nav2_costmap_2d) by extension 'ignore_ament_install'
[0.436s] Level 1:colcon.colcon_core.package_identification:_identify(src/navigation2/nav2_costmap_2d) by extensions ['colcon_pkg']
[0.436s] Level 1:colcon.colcon_core.package_identification:_identify(src/navigation2/nav2_costmap_2d) by extension 'colcon_pkg'
[0.436s] Level 1:colcon.colcon_core.package_identification:_identify(src/navigation2/nav2_costmap_2d) by extensions ['colcon_meta']
[0.436s] Level 1:colcon.colcon_core.package_identification:_identify(src/navigation2/nav2_costmap_2d) by extension 'colcon_meta'
[0.436s] Level 1:colcon.colcon_core.package_identification:_identify(src/navigation2/nav2_costmap_2d) by extensions ['ros']
[0.436s] Level 1:colcon.colcon_core.package_identification:_identify(src/navigation2/nav2_costmap_2d) by extension 'ros'
[0.437s] DEBUG:colcon.colcon_core.package_identification:Package 'src/navigation2/nav2_costmap_2d' with type 'ros.ament_cmake' and name 'nav2_costmap_2d'
[0.437s] Level 1:colcon.colcon_core.package_identification:_identify(src/navigation2/nav2_dwb_controller) by extensions ['ignore', 'ignore_ament_install']
[0.437s] Level 1:colcon.colcon_core.package_identification:_identify(src/navigation2/nav2_dwb_controller) by extension 'ignore'
[0.437s] Level 1:colcon.colcon_core.package_identification:_identify(src/navigation2/nav2_dwb_controller) by extension 'ignore_ament_install'
[0.437s] Level 1:colcon.colcon_core.package_identification:_identify(src/navigation2/nav2_dwb_controller) by extensions ['colcon_pkg']
[0.437s] Level 1:colcon.colcon_core.package_identification:_identify(src/navigation2/nav2_dwb_controller) by extension 'colcon_pkg'
[0.437s] Level 1:colcon.colcon_core.package_identification:_identify(src/navigation2/nav2_dwb_controller) by extensions ['colcon_meta']
[0.437s] Level 1:colcon.colcon_core.package_identification:_identify(src/navigation2/nav2_dwb_controller) by extension 'colcon_meta'
[0.437s] Level 1:colcon.colcon_core.package_identification:_identify(src/navigation2/nav2_dwb_controller) by extensions ['ros']
[0.437s] Level 1:colcon.colcon_core.package_identification:_identify(src/navigation2/nav2_dwb_controller) by extension 'ros'
[0.437s] Level 1:colcon.colcon_core.package_identification:_identify(src/navigation2/nav2_dwb_controller) by extensions ['cmake', 'python']
[0.437s] Level 1:colcon.colcon_core.package_identification:_identify(src/navigation2/nav2_dwb_controller) by extension 'cmake'
[0.437s] Level 1:colcon.colcon_core.package_identification:_identify(src/navigation2/nav2_dwb_controller) by extension 'python'
[0.437s] Level 1:colcon.colcon_core.package_identification:_identify(src/navigation2/nav2_dwb_controller) by extensions ['python_setup_py']
[0.438s] Level 1:colcon.colcon_core.package_identification:_identify(src/navigation2/nav2_dwb_controller) by extension 'python_setup_py'
[0.438s] Level 1:colcon.colcon_core.package_identification:_identify(src/navigation2/nav2_dwb_controller/costmap_queue) by extensions ['ignore', 'ignore_ament_install']
[0.438s] Level 1:colcon.colcon_core.package_identification:_identify(src/navigation2/nav2_dwb_controller/costmap_queue) by extension 'ignore'
[0.438s] Level 1:colcon.colcon_core.package_identification:_identify(src/navigation2/nav2_dwb_controller/costmap_queue) by extension 'ignore_ament_install'
[0.438s] Level 1:colcon.colcon_core.package_identification:_identify(src/navigation2/nav2_dwb_controller/costmap_queue) by extensions ['colcon_pkg']
[0.438s] Level 1:colcon.colcon_core.package_identification:_identify(src/navigation2/nav2_dwb_controller/costmap_queue) by extension 'colcon_pkg'
[0.438s] Level 1:colcon.colcon_core.package_identification:_identify(src/navigation2/nav2_dwb_controller/costmap_queue) by extensions ['colcon_meta']
[0.438s] Level 1:colcon.colcon_core.package_identification:_identify(src/navigation2/nav2_dwb_controller/costmap_queue) by extension 'colcon_meta'
[0.438s] Level 1:colcon.colcon_core.package_identification:_identify(src/navigation2/nav2_dwb_controller/costmap_queue) by extensions ['ros']
[0.438s] Level 1:colcon.colcon_core.package_identification:_identify(src/navigation2/nav2_dwb_controller/costmap_queue) by extension 'ros'
[0.439s] DEBUG:colcon.colcon_core.package_identification:Package 'src/navigation2/nav2_dwb_controller/costmap_queue' with type 'ros.ament_cmake' and name 'costmap_queue'
[0.439s] Level 1:colcon.colcon_core.package_identification:_identify(src/navigation2/nav2_dwb_controller/dwb_core) by extensions ['ignore', 'ignore_ament_install']
[0.439s] Level 1:colcon.colcon_core.package_identification:_identify(src/navigation2/nav2_dwb_controller/dwb_core) by extension 'ignore'
[0.439s] Level 1:colcon.colcon_core.package_identification:_identify(src/navigation2/nav2_dwb_controller/dwb_core) by extension 'ignore_ament_install'
[0.439s] Level 1:colcon.colcon_core.package_identification:_identify(src/navigation2/nav2_dwb_controller/dwb_core) by extensions ['colcon_pkg']
[0.439s] Level 1:colcon.colcon_core.package_identification:_identify(src/navigation2/nav2_dwb_controller/dwb_core) by extension 'colcon_pkg'
[0.439s] Level 1:colcon.colcon_core.package_identification:_identify(src/navigation2/nav2_dwb_controller/dwb_core) by extensions ['colcon_meta']
[0.439s] Level 1:colcon.colcon_core.package_identification:_identify(src/navigation2/nav2_dwb_controller/dwb_core) by extension 'colcon_meta'
[0.439s] Level 1:colcon.colcon_core.package_identification:_identify(src/navigation2/nav2_dwb_controller/dwb_core) by extensions ['ros']
[0.439s] Level 1:colcon.colcon_core.package_identification:_identify(src/navigation2/nav2_dwb_controller/dwb_core) by extension 'ros'
[0.440s] DEBUG:colcon.colcon_core.package_identification:Package 'src/navigation2/nav2_dwb_controller/dwb_core' with type 'ros.ament_cmake' and name 'dwb_core'
[0.440s] Level 1:colcon.colcon_core.package_identification:_identify(src/navigation2/nav2_dwb_controller/dwb_critics) by extensions ['ignore', 'ignore_ament_install']
[0.440s] Level 1:colcon.colcon_core.package_identification:_identify(src/navigation2/nav2_dwb_controller/dwb_critics) by extension 'ignore'
[0.440s] Level 1:colcon.colcon_core.package_identification:_identify(src/navigation2/nav2_dwb_controller/dwb_critics) by extension 'ignore_ament_install'
[0.440s] Level 1:colcon.colcon_core.package_identification:_identify(src/navigation2/nav2_dwb_controller/dwb_critics) by extensions ['colcon_pkg']
[0.440s] Level 1:colcon.colcon_core.package_identification:_identify(src/navigation2/nav2_dwb_controller/dwb_critics) by extension 'colcon_pkg'
[0.440s] Level 1:colcon.colcon_core.package_identification:_identify(src/navigation2/nav2_dwb_controller/dwb_critics) by extensions ['colcon_meta']
[0.440s] Level 1:colcon.colcon_core.package_identification:_identify(src/navigation2/nav2_dwb_controller/dwb_critics) by extension 'colcon_meta'
[0.440s] Level 1:colcon.colcon_core.package_identification:_identify(src/navigation2/nav2_dwb_controller/dwb_critics) by extensions ['ros']
[0.440s] Level 1:colcon.colcon_core.package_identification:_identify(src/navigation2/nav2_dwb_controller/dwb_critics) by extension 'ros'
[0.441s] DEBUG:colcon.colcon_core.package_identification:Package 'src/navigation2/nav2_dwb_controller/dwb_critics' with type 'ros.ament_cmake' and name 'dwb_critics'
[0.441s] Level 1:colcon.colcon_core.package_identification:_identify(src/navigation2/nav2_dwb_controller/dwb_msgs) by extensions ['ignore', 'ignore_ament_install']
[0.441s] Level 1:colcon.colcon_core.package_identification:_identify(src/navigation2/nav2_dwb_controller/dwb_msgs) by extension 'ignore'
[0.441s] Level 1:colcon.colcon_core.package_identification:_identify(src/navigation2/nav2_dwb_controller/dwb_msgs) by extension 'ignore_ament_install'
[0.441s] Level 1:colcon.colcon_core.package_identification:_identify(src/navigation2/nav2_dwb_controller/dwb_msgs) by extensions ['colcon_pkg']
[0.441s] Level 1:colcon.colcon_core.package_identification:_identify(src/navigation2/nav2_dwb_controller/dwb_msgs) by extension 'colcon_pkg'
[0.441s] Level 1:colcon.colcon_core.package_identification:_identify(src/navigation2/nav2_dwb_controller/dwb_msgs) by extensions ['colcon_meta']
[0.441s] Level 1:colcon.colcon_core.package_identification:_identify(src/navigation2/nav2_dwb_controller/dwb_msgs) by extension 'colcon_meta'
[0.441s] Level 1:colcon.colcon_core.package_identification:_identify(src/navigation2/nav2_dwb_controller/dwb_msgs) by extensions ['ros']
[0.441s] Level 1:colcon.colcon_core.package_identification:_identify(src/navigation2/nav2_dwb_controller/dwb_msgs) by extension 'ros'
[0.441s] DEBUG:colcon.colcon_core.package_identification:Package 'src/navigation2/nav2_dwb_controller/dwb_msgs' with type 'ros.ament_cmake' and name 'dwb_msgs'
[0.442s] Level 1:colcon.colcon_core.package_identification:_identify(src/navigation2/nav2_dwb_controller/dwb_plugins) by extensions ['ignore', 'ignore_ament_install']
[0.442s] Level 1:colcon.colcon_core.package_identification:_identify(src/navigation2/nav2_dwb_controller/dwb_plugins) by extension 'ignore'
[0.442s] Level 1:colcon.colcon_core.package_identification:_identify(src/navigation2/nav2_dwb_controller/dwb_plugins) by extension 'ignore_ament_install'
[0.442s] Level 1:colcon.colcon_core.package_identification:_identify(src/navigation2/nav2_dwb_controller/dwb_plugins) by extensions ['colcon_pkg']
[0.442s] Level 1:colcon.colcon_core.package_identification:_identify(src/navigation2/nav2_dwb_controller/dwb_plugins) by extension 'colcon_pkg'
[0.442s] Level 1:colcon.colcon_core.package_identification:_identify(src/navigation2/nav2_dwb_controller/dwb_plugins) by extensions ['colcon_meta']
[0.442s] Level 1:colcon.colcon_core.package_identification:_identify(src/navigation2/nav2_dwb_controller/dwb_plugins) by extension 'colcon_meta'
[0.442s] Level 1:colcon.colcon_core.package_identification:_identify(src/navigation2/nav2_dwb_controller/dwb_plugins) by extensions ['ros']
[0.442s] Level 1:colcon.colcon_core.package_identification:_identify(src/navigation2/nav2_dwb_controller/dwb_plugins) by extension 'ros'
[0.442s] DEBUG:colcon.colcon_core.package_identification:Package 'src/navigation2/nav2_dwb_controller/dwb_plugins' with type 'ros.ament_cmake' and name 'dwb_plugins'
[0.442s] Level 1:colcon.colcon_core.package_identification:_identify(src/navigation2/nav2_dwb_controller/images) by extensions ['ignore', 'ignore_ament_install']
[0.442s] Level 1:colcon.colcon_core.package_identification:_identify(src/navigation2/nav2_dwb_controller/images) by extension 'ignore'
[0.442s] Level 1:colcon.colcon_core.package_identification:_identify(src/navigation2/nav2_dwb_controller/images) by extension 'ignore_ament_install'
[0.442s] Level 1:colcon.colcon_core.package_identification:_identify(src/navigation2/nav2_dwb_controller/images) by extensions ['colcon_pkg']
[0.442s] Level 1:colcon.colcon_core.package_identification:_identify(src/navigation2/nav2_dwb_controller/images) by extension 'colcon_pkg'
[0.442s] Level 1:colcon.colcon_core.package_identification:_identify(src/navigation2/nav2_dwb_controller/images) by extensions ['colcon_meta']
[0.443s] Level 1:colcon.colcon_core.package_identification:_identify(src/navigation2/nav2_dwb_controller/images) by extension 'colcon_meta'
[0.443s] Level 1:colcon.colcon_core.package_identification:_identify(src/navigation2/nav2_dwb_controller/images) by extensions ['ros']
[0.443s] Level 1:colcon.colcon_core.package_identification:_identify(src/navigation2/nav2_dwb_controller/images) by extension 'ros'
[0.443s] Level 1:colcon.colcon_core.package_identification:_identify(src/navigation2/nav2_dwb_controller/images) by extensions ['cmake', 'python']
[0.443s] Level 1:colcon.colcon_core.package_identification:_identify(src/navigation2/nav2_dwb_controller/images) by extension 'cmake'
[0.443s] Level 1:colcon.colcon_core.package_identification:_identify(src/navigation2/nav2_dwb_controller/images) by extension 'python'
[0.443s] Level 1:colcon.colcon_core.package_identification:_identify(src/navigation2/nav2_dwb_controller/images) by extensions ['python_setup_py']
[0.443s] Level 1:colcon.colcon_core.package_identification:_identify(src/navigation2/nav2_dwb_controller/images) by extension 'python_setup_py'
[0.443s] Level 1:colcon.colcon_core.package_identification:_identify(src/navigation2/nav2_dwb_controller/nav2_dwb_controller) by extensions ['ignore', 'ignore_ament_install']
[0.443s] Level 1:colcon.colcon_core.package_identification:_identify(src/navigation2/nav2_dwb_controller/nav2_dwb_controller) by extension 'ignore'
[0.443s] Level 1:colcon.colcon_core.package_identification:_identify(src/navigation2/nav2_dwb_controller/nav2_dwb_controller) by extension 'ignore_ament_install'
[0.443s] Level 1:colcon.colcon_core.package_identification:_identify(src/navigation2/nav2_dwb_controller/nav2_dwb_controller) by extensions ['colcon_pkg']
[0.443s] Level 1:colcon.colcon_core.package_identification:_identify(src/navigation2/nav2_dwb_controller/nav2_dwb_controller) by extension 'colcon_pkg'
[0.443s] Level 1:colcon.colcon_core.package_identification:_identify(src/navigation2/nav2_dwb_controller/nav2_dwb_controller) by extensions ['colcon_meta']
[0.443s] Level 1:colcon.colcon_core.package_identification:_identify(src/navigation2/nav2_dwb_controller/nav2_dwb_controller) by extension 'colcon_meta'
[0.443s] Level 1:colcon.colcon_core.package_identification:_identify(src/navigation2/nav2_dwb_controller/nav2_dwb_controller) by extensions ['ros']
[0.443s] Level 1:colcon.colcon_core.package_identification:_identify(src/navigation2/nav2_dwb_controller/nav2_dwb_controller) by extension 'ros'
[0.444s] DEBUG:colcon.colcon_core.package_identification:Package 'src/navigation2/nav2_dwb_controller/nav2_dwb_controller' with type 'ros.ament_cmake' and name 'nav2_dwb_controller'
[0.444s] Level 1:colcon.colcon_core.package_identification:_identify(src/navigation2/nav2_dwb_controller/nav_2d_msgs) by extensions ['ignore', 'ignore_ament_install']
[0.444s] Level 1:colcon.colcon_core.package_identification:_identify(src/navigation2/nav2_dwb_controller/nav_2d_msgs) by extension 'ignore'
[0.444s] Level 1:colcon.colcon_core.package_identification:_identify(src/navigation2/nav2_dwb_controller/nav_2d_msgs) by extension 'ignore_ament_install'
[0.444s] Level 1:colcon.colcon_core.package_identification:_identify(src/navigation2/nav2_dwb_controller/nav_2d_msgs) by extensions ['colcon_pkg']
[0.444s] Level 1:colcon.colcon_core.package_identification:_identify(src/navigation2/nav2_dwb_controller/nav_2d_msgs) by extension 'colcon_pkg'
[0.444s] Level 1:colcon.colcon_core.package_identification:_identify(src/navigation2/nav2_dwb_controller/nav_2d_msgs) by extensions ['colcon_meta']
[0.444s] Level 1:colcon.colcon_core.package_identification:_identify(src/navigation2/nav2_dwb_controller/nav_2d_msgs) by extension 'colcon_meta'
[0.444s] Level 1:colcon.colcon_core.package_identification:_identify(src/navigation2/nav2_dwb_controller/nav_2d_msgs) by extensions ['ros']
[0.444s] Level 1:colcon.colcon_core.package_identification:_identify(src/navigation2/nav2_dwb_controller/nav_2d_msgs) by extension 'ros'
[0.444s] DEBUG:colcon.colcon_core.package_identification:Package 'src/navigation2/nav2_dwb_controller/nav_2d_msgs' with type 'ros.ament_cmake' and name 'nav_2d_msgs'
[0.444s] Level 1:colcon.colcon_core.package_identification:_identify(src/navigation2/nav2_dwb_controller/nav_2d_utils) by extensions ['ignore', 'ignore_ament_install']
[0.444s] Level 1:colcon.colcon_core.package_identification:_identify(src/navigation2/nav2_dwb_controller/nav_2d_utils) by extension 'ignore'
[0.444s] Level 1:colcon.colcon_core.package_identification:_identify(src/navigation2/nav2_dwb_controller/nav_2d_utils) by extension 'ignore_ament_install'
[0.444s] Level 1:colcon.colcon_core.package_identification:_identify(src/navigation2/nav2_dwb_controller/nav_2d_utils) by extensions ['colcon_pkg']
[0.444s] Level 1:colcon.colcon_core.package_identification:_identify(src/navigation2/nav2_dwb_controller/nav_2d_utils) by extension 'colcon_pkg'
[0.444s] Level 1:colcon.colcon_core.package_identification:_identify(src/navigation2/nav2_dwb_controller/nav_2d_utils) by extensions ['colcon_meta']
[0.444s] Level 1:colcon.colcon_core.package_identification:_identify(src/navigation2/nav2_dwb_controller/nav_2d_utils) by extension 'colcon_meta'
[0.445s] Level 1:colcon.colcon_core.package_identification:_identify(src/navigation2/nav2_dwb_controller/nav_2d_utils) by extensions ['ros']
[0.445s] Level 1:colcon.colcon_core.package_identification:_identify(src/navigation2/nav2_dwb_controller/nav_2d_utils) by extension 'ros'
[0.445s] DEBUG:colcon.colcon_core.package_identification:Package 'src/navigation2/nav2_dwb_controller/nav_2d_utils' with type 'ros.ament_cmake' and name 'nav_2d_utils'
[0.445s] Level 1:colcon.colcon_core.package_identification:_identify(src/navigation2/nav2_lifecycle_manager) by extensions ['ignore', 'ignore_ament_install']
[0.445s] Level 1:colcon.colcon_core.package_identification:_identify(src/navigation2/nav2_lifecycle_manager) by extension 'ignore'
[0.445s] Level 1:colcon.colcon_core.package_identification:_identify(src/navigation2/nav2_lifecycle_manager) by extension 'ignore_ament_install'
[0.445s] Level 1:colcon.colcon_core.package_identification:_identify(src/navigation2/nav2_lifecycle_manager) by extensions ['colcon_pkg']
[0.445s] Level 1:colcon.colcon_core.package_identification:_identify(src/navigation2/nav2_lifecycle_manager) by extension 'colcon_pkg'
[0.445s] Level 1:colcon.colcon_core.package_identification:_identify(src/navigation2/nav2_lifecycle_manager) by extensions ['colcon_meta']
[0.445s] Level 1:colcon.colcon_core.package_identification:_identify(src/navigation2/nav2_lifecycle_manager) by extension 'colcon_meta'
[0.445s] Level 1:colcon.colcon_core.package_identification:_identify(src/navigation2/nav2_lifecycle_manager) by extensions ['ros']
[0.445s] Level 1:colcon.colcon_core.package_identification:_identify(src/navigation2/nav2_lifecycle_manager) by extension 'ros'
[0.446s] DEBUG:colcon.colcon_core.package_identification:Package 'src/navigation2/nav2_lifecycle_manager' with type 'ros.ament_cmake' and name 'nav2_lifecycle_manager'
[0.446s] Level 1:colcon.colcon_core.package_identification:_identify(src/navigation2/nav2_map_server) by extensions ['ignore', 'ignore_ament_install']
[0.446s] Level 1:colcon.colcon_core.package_identification:_identify(src/navigation2/nav2_map_server) by extension 'ignore'
[0.446s] Level 1:colcon.colcon_core.package_identification:_identify(src/navigation2/nav2_map_server) by extension 'ignore_ament_install'
[0.446s] Level 1:colcon.colcon_core.package_identification:_identify(src/navigation2/nav2_map_server) by extensions ['colcon_pkg']
[0.446s] Level 1:colcon.colcon_core.package_identification:_identify(src/navigation2/nav2_map_server) by extension 'colcon_pkg'
[0.446s] Level 1:colcon.colcon_core.package_identification:_identify(src/navigation2/nav2_map_server) by extensions ['colcon_meta']
[0.446s] Level 1:colcon.colcon_core.package_identification:_identify(src/navigation2/nav2_map_server) by extension 'colcon_meta'
[0.446s] Level 1:colcon.colcon_core.package_identification:_identify(src/navigation2/nav2_map_server) by extensions ['ros']
[0.446s] Level 1:colcon.colcon_core.package_identification:_identify(src/navigation2/nav2_map_server) by extension 'ros'
[0.447s] DEBUG:colcon.colcon_core.package_identification:Package 'src/navigation2/nav2_map_server' with type 'ros.ament_cmake' and name 'nav2_map_server'
[0.447s] Level 1:colcon.colcon_core.package_identification:_identify(src/navigation2/nav2_msgs) by extensions ['ignore', 'ignore_ament_install']
[0.447s] Level 1:colcon.colcon_core.package_identification:_identify(src/navigation2/nav2_msgs) by extension 'ignore'
[0.447s] Level 1:colcon.colcon_core.package_identification:_identify(src/navigation2/nav2_msgs) by extension 'ignore_ament_install'
[0.447s] Level 1:colcon.colcon_core.package_identification:_identify(src/navigation2/nav2_msgs) by extensions ['colcon_pkg']
[0.447s] Level 1:colcon.colcon_core.package_identification:_identify(src/navigation2/nav2_msgs) by extension 'colcon_pkg'
[0.447s] Level 1:colcon.colcon_core.package_identification:_identify(src/navigation2/nav2_msgs) by extensions ['colcon_meta']
[0.447s] Level 1:colcon.colcon_core.package_identification:_identify(src/navigation2/nav2_msgs) by extension 'colcon_meta'
[0.447s] Level 1:colcon.colcon_core.package_identification:_identify(src/navigation2/nav2_msgs) by extensions ['ros']
[0.447s] Level 1:colcon.colcon_core.package_identification:_identify(src/navigation2/nav2_msgs) by extension 'ros'
[0.448s] DEBUG:colcon.colcon_core.package_identification:Package 'src/navigation2/nav2_msgs' with type 'ros.ament_cmake' and name 'nav2_msgs'
[0.448s] Level 1:colcon.colcon_core.package_identification:_identify(src/navigation2/nav2_navfn_planner) by extensions ['ignore', 'ignore_ament_install']
[0.448s] Level 1:colcon.colcon_core.package_identification:_identify(src/navigation2/nav2_navfn_planner) by extension 'ignore'
[0.448s] Level 1:colcon.colcon_core.package_identification:_identify(src/navigation2/nav2_navfn_planner) by extension 'ignore_ament_install'
[0.448s] Level 1:colcon.colcon_core.package_identification:_identify(src/navigation2/nav2_navfn_planner) by extensions ['colcon_pkg']
[0.448s] Level 1:colcon.colcon_core.package_identification:_identify(src/navigation2/nav2_navfn_planner) by extension 'colcon_pkg'
[0.448s] Level 1:colcon.colcon_core.package_identification:_identify(src/navigation2/nav2_navfn_planner) by extensions ['colcon_meta']
[0.448s] Level 1:colcon.colcon_core.package_identification:_identify(src/navigation2/nav2_navfn_planner) by extension 'colcon_meta'
[0.448s] Level 1:colcon.colcon_core.package_identification:_identify(src/navigation2/nav2_navfn_planner) by extensions ['ros']
[0.448s] Level 1:colcon.colcon_core.package_identification:_identify(src/navigation2/nav2_navfn_planner) by extension 'ros'
[0.449s] DEBUG:colcon.colcon_core.package_identification:Package 'src/navigation2/nav2_navfn_planner' with type 'ros.ament_cmake' and name 'nav2_navfn_planner'
[0.449s] Level 1:colcon.colcon_core.package_identification:_identify(src/navigation2/nav2_planner) by extensions ['ignore', 'ignore_ament_install']
[0.449s] Level 1:colcon.colcon_core.package_identification:_identify(src/navigation2/nav2_planner) by extension 'ignore'
[0.449s] Level 1:colcon.colcon_core.package_identification:_identify(src/navigation2/nav2_planner) by extension 'ignore_ament_install'
[0.449s] Level 1:colcon.colcon_core.package_identification:_identify(src/navigation2/nav2_planner) by extensions ['colcon_pkg']
[0.449s] Level 1:colcon.colcon_core.package_identification:_identify(src/navigation2/nav2_planner) by extension 'colcon_pkg'
[0.449s] Level 1:colcon.colcon_core.package_identification:_identify(src/navigation2/nav2_planner) by extensions ['colcon_meta']
[0.449s] Level 1:colcon.colcon_core.package_identification:_identify(src/navigation2/nav2_planner) by extension 'colcon_meta'
[0.449s] Level 1:colcon.colcon_core.package_identification:_identify(src/navigation2/nav2_planner) by extensions ['ros']
[0.449s] Level 1:colcon.colcon_core.package_identification:_identify(src/navigation2/nav2_planner) by extension 'ros'
[0.450s] DEBUG:colcon.colcon_core.package_identification:Package 'src/navigation2/nav2_planner' with type 'ros.ament_cmake' and name 'nav2_planner'
[0.450s] Level 1:colcon.colcon_core.package_identification:_identify(src/navigation2/nav2_regulated_pure_pursuit_controller) by extensions ['ignore', 'ignore_ament_install']
[0.450s] Level 1:colcon.colcon_core.package_identification:_identify(src/navigation2/nav2_regulated_pure_pursuit_controller) by extension 'ignore'
[0.450s] Level 1:colcon.colcon_core.package_identification:_identify(src/navigation2/nav2_regulated_pure_pursuit_controller) by extension 'ignore_ament_install'
[0.450s] Level 1:colcon.colcon_core.package_identification:_identify(src/navigation2/nav2_regulated_pure_pursuit_controller) by extensions ['colcon_pkg']
[0.450s] Level 1:colcon.colcon_core.package_identification:_identify(src/navigation2/nav2_regulated_pure_pursuit_controller) by extension 'colcon_pkg'
[0.450s] Level 1:colcon.colcon_core.package_identification:_identify(src/navigation2/nav2_regulated_pure_pursuit_controller) by extensions ['colcon_meta']
[0.450s] Level 1:colcon.colcon_core.package_identification:_identify(src/navigation2/nav2_regulated_pure_pursuit_controller) by extension 'colcon_meta'
[0.450s] Level 1:colcon.colcon_core.package_identification:_identify(src/navigation2/nav2_regulated_pure_pursuit_controller) by extensions ['ros']
[0.450s] Level 1:colcon.colcon_core.package_identification:_identify(src/navigation2/nav2_regulated_pure_pursuit_controller) by extension 'ros'
[0.451s] DEBUG:colcon.colcon_core.package_identification:Package 'src/navigation2/nav2_regulated_pure_pursuit_controller' with type 'ros.ament_cmake' and name 'nav2_regulated_pure_pursuit_controller'
[0.451s] Level 1:colcon.colcon_core.package_identification:_identify(src/navigation2/nav2_rotation_shim_controller) by extensions ['ignore', 'ignore_ament_install']
[0.451s] Level 1:colcon.colcon_core.package_identification:_identify(src/navigation2/nav2_rotation_shim_controller) by extension 'ignore'
[0.451s] Level 1:colcon.colcon_core.package_identification:_identify(src/navigation2/nav2_rotation_shim_controller) by extension 'ignore_ament_install'
[0.451s] Level 1:colcon.colcon_core.package_identification:_identify(src/navigation2/nav2_rotation_shim_controller) by extensions ['colcon_pkg']
[0.451s] Level 1:colcon.colcon_core.package_identification:_identify(src/navigation2/nav2_rotation_shim_controller) by extension 'colcon_pkg'
[0.451s] Level 1:colcon.colcon_core.package_identification:_identify(src/navigation2/nav2_rotation_shim_controller) by extensions ['colcon_meta']
[0.451s] Level 1:colcon.colcon_core.package_identification:_identify(src/navigation2/nav2_rotation_shim_controller) by extension 'colcon_meta'
[0.451s] Level 1:colcon.colcon_core.package_identification:_identify(src/navigation2/nav2_rotation_shim_controller) by extensions ['ros']
[0.451s] Level 1:colcon.colcon_core.package_identification:_identify(src/navigation2/nav2_rotation_shim_controller) by extension 'ros'
[0.452s] DEBUG:colcon.colcon_core.package_identification:Package 'src/navigation2/nav2_rotation_shim_controller' with type 'ros.ament_cmake' and name 'nav2_rotation_shim_controller'
[0.452s] Level 1:colcon.colcon_core.package_identification:_identify(src/navigation2/nav2_rviz_plugins) by extensions ['ignore', 'ignore_ament_install']
[0.452s] Level 1:colcon.colcon_core.package_identification:_identify(src/navigation2/nav2_rviz_plugins) by extension 'ignore'
[0.452s] Level 1:colcon.colcon_core.package_identification:_identify(src/navigation2/nav2_rviz_plugins) by extension 'ignore_ament_install'
[0.452s] Level 1:colcon.colcon_core.package_identification:_identify(src/navigation2/nav2_rviz_plugins) by extensions ['colcon_pkg']
[0.452s] Level 1:colcon.colcon_core.package_identification:_identify(src/navigation2/nav2_rviz_plugins) by extension 'colcon_pkg'
[0.452s] Level 1:colcon.colcon_core.package_identification:_identify(src/navigation2/nav2_rviz_plugins) by extensions ['colcon_meta']
[0.452s] Level 1:colcon.colcon_core.package_identification:_identify(src/navigation2/nav2_rviz_plugins) by extension 'colcon_meta'
[0.452s] Level 1:colcon.colcon_core.package_identification:_identify(src/navigation2/nav2_rviz_plugins) by extensions ['ros']
[0.452s] Level 1:colcon.colcon_core.package_identification:_identify(src/navigation2/nav2_rviz_plugins) by extension 'ros'
[0.453s] DEBUG:colcon.colcon_core.package_identification:Package 'src/navigation2/nav2_rviz_plugins' with type 'ros.ament_cmake' and name 'nav2_rviz_plugins'
[0.453s] Level 1:colcon.colcon_core.package_identification:_identify(src/navigation2/nav2_simple_commander) by extensions ['ignore', 'ignore_ament_install']
[0.454s] Level 1:colcon.colcon_core.package_identification:_identify(src/navigation2/nav2_simple_commander) by extension 'ignore'
[0.454s] Level 1:colcon.colcon_core.package_identification:_identify(src/navigation2/nav2_simple_commander) by extension 'ignore_ament_install'
[0.454s] Level 1:colcon.colcon_core.package_identification:_identify(src/navigation2/nav2_simple_commander) by extensions ['colcon_pkg']
[0.454s] Level 1:colcon.colcon_core.package_identification:_identify(src/navigation2/nav2_simple_commander) by extension 'colcon_pkg'
[0.454s] Level 1:colcon.colcon_core.package_identification:_identify(src/navigation2/nav2_simple_commander) by extensions ['colcon_meta']
[0.454s] Level 1:colcon.colcon_core.package_identification:_identify(src/navigation2/nav2_simple_commander) by extension 'colcon_meta'
[0.454s] Level 1:colcon.colcon_core.package_identification:_identify(src/navigation2/nav2_simple_commander) by extensions ['ros']
[0.454s] Level 1:colcon.colcon_core.package_identification:_identify(src/navigation2/nav2_simple_commander) by extension 'ros'
[0.454s] DEBUG:colcon.colcon_core.package_identification:Package 'src/navigation2/nav2_simple_commander' with type 'ros.ament_python' and name 'nav2_simple_commander'
[0.454s] Level 1:colcon.colcon_core.package_identification:_identify(src/navigation2/nav2_smac_planner) by extensions ['ignore', 'ignore_ament_install']
[0.454s] Level 1:colcon.colcon_core.package_identification:_identify(src/navigation2/nav2_smac_planner) by extension 'ignore'
[0.454s] Level 1:colcon.colcon_core.package_identification:_identify(src/navigation2/nav2_smac_planner) by extension 'ignore_ament_install'
[0.454s] Level 1:colcon.colcon_core.package_identification:_identify(src/navigation2/nav2_smac_planner) by extensions ['colcon_pkg']
[0.454s] Level 1:colcon.colcon_core.package_identification:_identify(src/navigation2/nav2_smac_planner) by extension 'colcon_pkg'
[0.454s] Level 1:colcon.colcon_core.package_identification:_identify(src/navigation2/nav2_smac_planner) by extensions ['colcon_meta']
[0.454s] Level 1:colcon.colcon_core.package_identification:_identify(src/navigation2/nav2_smac_planner) by extension 'colcon_meta'
[0.454s] Level 1:colcon.colcon_core.package_identification:_identify(src/navigation2/nav2_smac_planner) by extensions ['ros']
[0.454s] Level 1:colcon.colcon_core.package_identification:_identify(src/navigation2/nav2_smac_planner) by extension 'ros'
[0.455s] DEBUG:colcon.colcon_core.package_identification:Package 'src/navigation2/nav2_smac_planner' with type 'ros.ament_cmake' and name 'nav2_smac_planner'
[0.455s] Level 1:colcon.colcon_core.package_identification:_identify(src/navigation2/nav2_smoother) by extensions ['ignore', 'ignore_ament_install']
[0.455s] Level 1:colcon.colcon_core.package_identification:_identify(src/navigation2/nav2_smoother) by extension 'ignore'
[0.455s] Level 1:colcon.colcon_core.package_identification:_identify(src/navigation2/nav2_smoother) by extension 'ignore_ament_install'
[0.456s] Level 1:colcon.colcon_core.package_identification:_identify(src/navigation2/nav2_smoother) by extensions ['colcon_pkg']
[0.456s] Level 1:colcon.colcon_core.package_identification:_identify(src/navigation2/nav2_smoother) by extension 'colcon_pkg'
[0.456s] Level 1:colcon.colcon_core.package_identification:_identify(src/navigation2/nav2_smoother) by extensions ['colcon_meta']
[0.456s] Level 1:colcon.colcon_core.package_identification:_identify(src/navigation2/nav2_smoother) by extension 'colcon_meta'
[0.456s] Level 1:colcon.colcon_core.package_identification:_identify(src/navigation2/nav2_smoother) by extensions ['ros']
[0.456s] Level 1:colcon.colcon_core.package_identification:_identify(src/navigation2/nav2_smoother) by extension 'ros'
[0.457s] DEBUG:colcon.colcon_core.package_identification:Package 'src/navigation2/nav2_smoother' with type 'ros.ament_cmake' and name 'nav2_smoother'
[0.457s] Level 1:colcon.colcon_core.package_identification:_identify(src/navigation2/nav2_system_tests) by extensions ['ignore', 'ignore_ament_install']
[0.457s] Level 1:colcon.colcon_core.package_identification:_identify(src/navigation2/nav2_system_tests) by extension 'ignore'
[0.457s] Level 1:colcon.colcon_core.package_identification:_identify(src/navigation2/nav2_system_tests) by extension 'ignore_ament_install'
[0.457s] Level 1:colcon.colcon_core.package_identification:_identify(src/navigation2/nav2_system_tests) by extensions ['colcon_pkg']
[0.457s] Level 1:colcon.colcon_core.package_identification:_identify(src/navigation2/nav2_system_tests) by extension 'colcon_pkg'
[0.457s] Level 1:colcon.colcon_core.package_identification:_identify(src/navigation2/nav2_system_tests) by extensions ['colcon_meta']
[0.457s] Level 1:colcon.colcon_core.package_identification:_identify(src/navigation2/nav2_system_tests) by extension 'colcon_meta'
[0.457s] Level 1:colcon.colcon_core.package_identification:_identify(src/navigation2/nav2_system_tests) by extensions ['ros']
[0.457s] Level 1:colcon.colcon_core.package_identification:_identify(src/navigation2/nav2_system_tests) by extension 'ros'
[0.458s] DEBUG:colcon.colcon_core.package_identification:Package 'src/navigation2/nav2_system_tests' with type 'ros.ament_cmake' and name 'nav2_system_tests'
[0.458s] Level 1:colcon.colcon_core.package_identification:_identify(src/navigation2/nav2_theta_star_planner) by extensions ['ignore', 'ignore_ament_install']
[0.458s] Level 1:colcon.colcon_core.package_identification:_identify(src/navigation2/nav2_theta_star_planner) by extension 'ignore'
[0.458s] Level 1:colcon.colcon_core.package_identification:_identify(src/navigation2/nav2_theta_star_planner) by extension 'ignore_ament_install'
[0.458s] Level 1:colcon.colcon_core.package_identification:_identify(src/navigation2/nav2_theta_star_planner) by extensions ['colcon_pkg']
[0.458s] Level 1:colcon.colcon_core.package_identification:_identify(src/navigation2/nav2_theta_star_planner) by extension 'colcon_pkg'
[0.458s] Level 1:colcon.colcon_core.package_identification:_identify(src/navigation2/nav2_theta_star_planner) by extensions ['colcon_meta']
[0.458s] Level 1:colcon.colcon_core.package_identification:_identify(src/navigation2/nav2_theta_star_planner) by extension 'colcon_meta'
[0.458s] Level 1:colcon.colcon_core.package_identification:_identify(src/navigation2/nav2_theta_star_planner) by extensions ['ros']
[0.458s] Level 1:colcon.colcon_core.package_identification:_identify(src/navigation2/nav2_theta_star_planner) by extension 'ros'
[0.459s] DEBUG:colcon.colcon_core.package_identification:Package 'src/navigation2/nav2_theta_star_planner' with type 'ros.ament_cmake' and name 'nav2_theta_star_planner'
[0.459s] Level 1:colcon.colcon_core.package_identification:_identify(src/navigation2/nav2_util) by extensions ['ignore', 'ignore_ament_install']
[0.459s] Level 1:colcon.colcon_core.package_identification:_identify(src/navigation2/nav2_util) by extension 'ignore'
[0.459s] Level 1:colcon.colcon_core.package_identification:_identify(src/navigation2/nav2_util) by extension 'ignore_ament_install'
[0.459s] Level 1:colcon.colcon_core.package_identification:_identify(src/navigation2/nav2_util) by extensions ['colcon_pkg']
[0.459s] Level 1:colcon.colcon_core.package_identification:_identify(src/navigation2/nav2_util) by extension 'colcon_pkg'
[0.459s] Level 1:colcon.colcon_core.package_identification:_identify(src/navigation2/nav2_util) by extensions ['colcon_meta']
[0.459s] Level 1:colcon.colcon_core.package_identification:_identify(src/navigation2/nav2_util) by extension 'colcon_meta'
[0.459s] Level 1:colcon.colcon_core.package_identification:_identify(src/navigation2/nav2_util) by extensions ['ros']
[0.459s] Level 1:colcon.colcon_core.package_identification:_identify(src/navigation2/nav2_util) by extension 'ros'
[0.460s] DEBUG:colcon.colcon_core.package_identification:Package 'src/navigation2/nav2_util' with type 'ros.ament_cmake' and name 'nav2_util'
[0.460s] Level 1:colcon.colcon_core.package_identification:_identify(src/navigation2/nav2_voxel_grid) by extensions ['ignore', 'ignore_ament_install']
[0.460s] Level 1:colcon.colcon_core.package_identification:_identify(src/navigation2/nav2_voxel_grid) by extension 'ignore'
[0.460s] Level 1:colcon.colcon_core.package_identification:_identify(src/navigation2/nav2_voxel_grid) by extension 'ignore_ament_install'
[0.461s] Level 1:colcon.colcon_core.package_identification:_identify(src/navigation2/nav2_voxel_grid) by extensions ['colcon_pkg']
[0.461s] Level 1:colcon.colcon_core.package_identification:_identify(src/navigation2/nav2_voxel_grid) by extension 'colcon_pkg'
[0.461s] Level 1:colcon.colcon_core.package_identification:_identify(src/navigation2/nav2_voxel_grid) by extensions ['colcon_meta']
[0.461s] Level 1:colcon.colcon_core.package_identification:_identify(src/navigation2/nav2_voxel_grid) by extension 'colcon_meta'
[0.461s] Level 1:colcon.colcon_core.package_identification:_identify(src/navigation2/nav2_voxel_grid) by extensions ['ros']
[0.461s] Level 1:colcon.colcon_core.package_identification:_identify(src/navigation2/nav2_voxel_grid) by extension 'ros'
[0.461s] DEBUG:colcon.colcon_core.package_identification:Package 'src/navigation2/nav2_voxel_grid' with type 'ros.ament_cmake' and name 'nav2_voxel_grid'
[0.461s] Level 1:colcon.colcon_core.package_identification:_identify(src/navigation2/nav2_waypoint_follower) by extensions ['ignore', 'ignore_ament_install']
[0.461s] Level 1:colcon.colcon_core.package_identification:_identify(src/navigation2/nav2_waypoint_follower) by extension 'ignore'
[0.461s] Level 1:colcon.colcon_core.package_identification:_identify(src/navigation2/nav2_waypoint_follower) by extension 'ignore_ament_install'
[0.461s] Level 1:colcon.colcon_core.package_identification:_identify(src/navigation2/nav2_waypoint_follower) by extensions ['colcon_pkg']
[0.461s] Level 1:colcon.colcon_core.package_identification:_identify(src/navigation2/nav2_waypoint_follower) by extension 'colcon_pkg'
[0.461s] Level 1:colcon.colcon_core.package_identification:_identify(src/navigation2/nav2_waypoint_follower) by extensions ['colcon_meta']
[0.461s] Level 1:colcon.colcon_core.package_identification:_identify(src/navigation2/nav2_waypoint_follower) by extension 'colcon_meta'
[0.461s] Level 1:colcon.colcon_core.package_identification:_identify(src/navigation2/nav2_waypoint_follower) by extensions ['ros']
[0.461s] Level 1:colcon.colcon_core.package_identification:_identify(src/navigation2/nav2_waypoint_follower) by extension 'ros'
[0.462s] DEBUG:colcon.colcon_core.package_identification:Package 'src/navigation2/nav2_waypoint_follower' with type 'ros.ament_cmake' and name 'nav2_waypoint_follower'
[0.462s] Level 1:colcon.colcon_core.package_identification:_identify(src/navigation2/navigation2) by extensions ['ignore', 'ignore_ament_install']
[0.462s] Level 1:colcon.colcon_core.package_identification:_identify(src/navigation2/navigation2) by extension 'ignore'
[0.462s] Level 1:colcon.colcon_core.package_identification:_identify(src/navigation2/navigation2) by extension 'ignore_ament_install'
[0.462s] Level 1:colcon.colcon_core.package_identification:_identify(src/navigation2/navigation2) by extensions ['colcon_pkg']
[0.462s] Level 1:colcon.colcon_core.package_identification:_identify(src/navigation2/navigation2) by extension 'colcon_pkg'
[0.462s] Level 1:colcon.colcon_core.package_identification:_identify(src/navigation2/navigation2) by extensions ['colcon_meta']
[0.462s] Level 1:colcon.colcon_core.package_identification:_identify(src/navigation2/navigation2) by extension 'colcon_meta'
[0.462s] Level 1:colcon.colcon_core.package_identification:_identify(src/navigation2/navigation2) by extensions ['ros']
[0.462s] Level 1:colcon.colcon_core.package_identification:_identify(src/navigation2/navigation2) by extension 'ros'
[0.463s] DEBUG:colcon.colcon_core.package_identification:Package 'src/navigation2/navigation2' with type 'ros.ament_cmake' and name 'navigation2'
[0.463s] Level 1:colcon.colcon_core.package_identification:_identify(src/navigation2/tools) by extensions ['ignore', 'ignore_ament_install']
[0.463s] Level 1:colcon.colcon_core.package_identification:_identify(src/navigation2/tools) by extension 'ignore'
[0.463s] Level 1:colcon.colcon_core.package_identification:_identify(src/navigation2/tools) by extension 'ignore_ament_install'
[0.463s] Level 1:colcon.colcon_core.package_identification:_identify(src/navigation2/tools) by extensions ['colcon_pkg']
[0.463s] Level 1:colcon.colcon_core.package_identification:_identify(src/navigation2/tools) by extension 'colcon_pkg'
[0.463s] Level 1:colcon.colcon_core.package_identification:_identify(src/navigation2/tools) by extensions ['colcon_meta']
[0.463s] Level 1:colcon.colcon_core.package_identification:_identify(src/navigation2/tools) by extension 'colcon_meta'
[0.463s] Level 1:colcon.colcon_core.package_identification:_identify(src/navigation2/tools) by extensions ['ros']
[0.463s] Level 1:colcon.colcon_core.package_identification:_identify(src/navigation2/tools) by extension 'ros'
[0.463s] Level 1:colcon.colcon_core.package_identification:_identify(src/navigation2/tools) by extensions ['cmake', 'python']
[0.463s] Level 1:colcon.colcon_core.package_identification:_identify(src/navigation2/tools) by extension 'cmake'
[0.463s] Level 1:colcon.colcon_core.package_identification:_identify(src/navigation2/tools) by extension 'python'
[0.463s] Level 1:colcon.colcon_core.package_identification:_identify(src/navigation2/tools) by extensions ['python_setup_py']
[0.463s] Level 1:colcon.colcon_core.package_identification:_identify(src/navigation2/tools) by extension 'python_setup_py'
[0.464s] Level 1:colcon.colcon_core.package_identification:_identify(src/navigation2/tools/planner_benchmarking) by extensions ['ignore', 'ignore_ament_install']
[0.464s] Level 1:colcon.colcon_core.package_identification:_identify(src/navigation2/tools/planner_benchmarking) by extension 'ignore'
[0.464s] Level 1:colcon.colcon_core.package_identification:_identify(src/navigation2/tools/planner_benchmarking) by extension 'ignore_ament_install'
[0.464s] Level 1:colcon.colcon_core.package_identification:_identify(src/navigation2/tools/planner_benchmarking) by extensions ['colcon_pkg']
[0.464s] Level 1:colcon.colcon_core.package_identification:_identify(src/navigation2/tools/planner_benchmarking) by extension 'colcon_pkg'
[0.464s] Level 1:colcon.colcon_core.package_identification:_identify(src/navigation2/tools/planner_benchmarking) by extensions ['colcon_meta']
[0.464s] Level 1:colcon.colcon_core.package_identification:_identify(src/navigation2/tools/planner_benchmarking) by extension 'colcon_meta'
[0.464s] Level 1:colcon.colcon_core.package_identification:_identify(src/navigation2/tools/planner_benchmarking) by extensions ['ros']
[0.464s] Level 1:colcon.colcon_core.package_identification:_identify(src/navigation2/tools/planner_benchmarking) by extension 'ros'
[0.464s] Level 1:colcon.colcon_core.package_identification:_identify(src/navigation2/tools/planner_benchmarking) by extensions ['cmake', 'python']
[0.464s] Level 1:colcon.colcon_core.package_identification:_identify(src/navigation2/tools/planner_benchmarking) by extension 'cmake'
[0.464s] Level 1:colcon.colcon_core.package_identification:_identify(src/navigation2/tools/planner_benchmarking) by extension 'python'
[0.464s] Level 1:colcon.colcon_core.package_identification:_identify(src/navigation2/tools/planner_benchmarking) by extensions ['python_setup_py']
[0.464s] Level 1:colcon.colcon_core.package_identification:_identify(src/navigation2/tools/planner_benchmarking) by extension 'python_setup_py'
[0.464s] Level 1:colcon.colcon_core.package_identification:_identify(src/rf2o_laser_odometry) by extensions ['ignore', 'ignore_ament_install']
[0.464s] Level 1:colcon.colcon_core.package_identification:_identify(src/rf2o_laser_odometry) by extension 'ignore'
[0.464s] Level 1:colcon.colcon_core.package_identification:_identify(src/rf2o_laser_odometry) by extension 'ignore_ament_install'
[0.464s] Level 1:colcon.colcon_core.package_identification:_identify(src/rf2o_laser_odometry) by extensions ['colcon_pkg']
[0.464s] Level 1:colcon.colcon_core.package_identification:_identify(src/rf2o_laser_odometry) by extension 'colcon_pkg'
[0.464s] Level 1:colcon.colcon_core.package_identification:_identify(src/rf2o_laser_odometry) by extensions ['colcon_meta']
[0.464s] Level 1:colcon.colcon_core.package_identification:_identify(src/rf2o_laser_odometry) by extension 'colcon_meta'
[0.464s] Level 1:colcon.colcon_core.package_identification:_identify(src/rf2o_laser_odometry) by extensions ['ros']
[0.464s] Level 1:colcon.colcon_core.package_identification:_identify(src/rf2o_laser_odometry) by extension 'ros'
[0.465s] DEBUG:colcon.colcon_core.package_identification:Package 'src/rf2o_laser_odometry' with type 'ros.ament_cmake' and name 'rf2o_laser_odometry'
[0.465s] Level 1:colcon.colcon_core.package_identification:_identify(src/teb_local_planner) by extensions ['ignore', 'ignore_ament_install']
[0.465s] Level 1:colcon.colcon_core.package_identification:_identify(src/teb_local_planner) by extension 'ignore'
[0.465s] Level 1:colcon.colcon_core.package_identification:_identify(src/teb_local_planner) by extension 'ignore_ament_install'
[0.465s] Level 1:colcon.colcon_core.package_identification:_identify(src/teb_local_planner) by extensions ['colcon_pkg']
[0.465s] Level 1:colcon.colcon_core.package_identification:_identify(src/teb_local_planner) by extension 'colcon_pkg'
[0.465s] Level 1:colcon.colcon_core.package_identification:_identify(src/teb_local_planner) by extensions ['colcon_meta']
[0.465s] Level 1:colcon.colcon_core.package_identification:_identify(src/teb_local_planner) by extension 'colcon_meta'
[0.465s] Level 1:colcon.colcon_core.package_identification:_identify(src/teb_local_planner) by extensions ['ros']
[0.465s] Level 1:colcon.colcon_core.package_identification:_identify(src/teb_local_planner) by extension 'ros'
[0.465s] Level 1:colcon.colcon_core.package_identification:_identify(src/teb_local_planner) by extensions ['cmake', 'python']
[0.465s] Level 1:colcon.colcon_core.package_identification:_identify(src/teb_local_planner) by extension 'cmake'
[0.465s] Level 1:colcon.colcon_core.package_identification:_identify(src/teb_local_planner) by extension 'python'
[0.465s] Level 1:colcon.colcon_core.package_identification:_identify(src/teb_local_planner) by extensions ['python_setup_py']
[0.465s] Level 1:colcon.colcon_core.package_identification:_identify(src/teb_local_planner) by extension 'python_setup_py'
[0.466s] Level 1:colcon.colcon_core.package_identification:_identify(src/teb_local_planner/teb_local_planner) by extensions ['ignore', 'ignore_ament_install']
[0.466s] Level 1:colcon.colcon_core.package_identification:_identify(src/teb_local_planner/teb_local_planner) by extension 'ignore'
[0.466s] Level 1:colcon.colcon_core.package_identification:_identify(src/teb_local_planner/teb_local_planner) by extension 'ignore_ament_install'
[0.466s] Level 1:colcon.colcon_core.package_identification:_identify(src/teb_local_planner/teb_local_planner) by extensions ['colcon_pkg']
[0.466s] Level 1:colcon.colcon_core.package_identification:_identify(src/teb_local_planner/teb_local_planner) by extension 'colcon_pkg'
[0.466s] Level 1:colcon.colcon_core.package_identification:_identify(src/teb_local_planner/teb_local_planner) by extensions ['colcon_meta']
[0.466s] Level 1:colcon.colcon_core.package_identification:_identify(src/teb_local_planner/teb_local_planner) by extension 'colcon_meta'
[0.466s] Level 1:colcon.colcon_core.package_identification:_identify(src/teb_local_planner/teb_local_planner) by extensions ['ros']
[0.466s] Level 1:colcon.colcon_core.package_identification:_identify(src/teb_local_planner/teb_local_planner) by extension 'ros'
[0.467s] DEBUG:colcon.colcon_core.package_identification:Package 'src/teb_local_planner/teb_local_planner' with type 'ros.ament_cmake' and name 'teb_local_planner'
[0.467s] Level 1:colcon.colcon_core.package_identification:_identify(src/teb_local_planner/teb_msgs) by extensions ['ignore', 'ignore_ament_install']
[0.467s] Level 1:colcon.colcon_core.package_identification:_identify(src/teb_local_planner/teb_msgs) by extension 'ignore'
[0.467s] Level 1:colcon.colcon_core.package_identification:_identify(src/teb_local_planner/teb_msgs) by extension 'ignore_ament_install'
[0.467s] Level 1:colcon.colcon_core.package_identification:_identify(src/teb_local_planner/teb_msgs) by extensions ['colcon_pkg']
[0.467s] Level 1:colcon.colcon_core.package_identification:_identify(src/teb_local_planner/teb_msgs) by extension 'colcon_pkg'
[0.467s] Level 1:colcon.colcon_core.package_identification:_identify(src/teb_local_planner/teb_msgs) by extensions ['colcon_meta']
[0.467s] Level 1:colcon.colcon_core.package_identification:_identify(src/teb_local_planner/teb_msgs) by extension 'colcon_meta'
[0.467s] Level 1:colcon.colcon_core.package_identification:_identify(src/teb_local_planner/teb_msgs) by extensions ['ros']
[0.467s] Level 1:colcon.colcon_core.package_identification:_identify(src/teb_local_planner/teb_msgs) by extension 'ros'
[0.468s] DEBUG:colcon.colcon_core.package_identification:Package 'src/teb_local_planner/teb_msgs' with type 'ros.ament_cmake' and name 'teb_msgs'
[0.468s] Level 1:colcon.colcon_core.package_identification:_identify(src/ydlidar_ros2_driver) by extensions ['ignore', 'ignore_ament_install']
[0.468s] Level 1:colcon.colcon_core.package_identification:_identify(src/ydlidar_ros2_driver) by extension 'ignore'
[0.468s] Level 1:colcon.colcon_core.package_identification:_identify(src/ydlidar_ros2_driver) by extension 'ignore_ament_install'
[0.468s] Level 1:colcon.colcon_core.package_identification:_identify(src/ydlidar_ros2_driver) by extensions ['colcon_pkg']
[0.468s] Level 1:colcon.colcon_core.package_identification:_identify(src/ydlidar_ros2_driver) by extension 'colcon_pkg'
[0.468s] Level 1:colcon.colcon_core.package_identification:_identify(src/ydlidar_ros2_driver) by extensions ['colcon_meta']
[0.468s] Level 1:colcon.colcon_core.package_identification:_identify(src/ydlidar_ros2_driver) by extension 'colcon_meta'
[0.468s] Level 1:colcon.colcon_core.package_identification:_identify(src/ydlidar_ros2_driver) by extensions ['ros']
[0.468s] Level 1:colcon.colcon_core.package_identification:_identify(src/ydlidar_ros2_driver) by extension 'ros'
[0.469s] DEBUG:colcon.colcon_core.package_identification:Package 'src/ydlidar_ros2_driver' with type 'ros.ament_cmake' and name 'ydlidar_ros2_driver'
[0.469s] Level 1:colcon.colcon_core.package_identification:_identify(src/yolov5_ros2) by extensions ['ignore', 'ignore_ament_install']
[0.469s] Level 1:colcon.colcon_core.package_identification:_identify(src/yolov5_ros2) by extension 'ignore'
[0.469s] Level 1:colcon.colcon_core.package_identification:_identify(src/yolov5_ros2) by extension 'ignore_ament_install'
[0.469s] Level 1:colcon.colcon_core.package_identification:_identify(src/yolov5_ros2) by extensions ['colcon_pkg']
[0.469s] Level 1:colcon.colcon_core.package_identification:_identify(src/yolov5_ros2) by extension 'colcon_pkg'
[0.469s] Level 1:colcon.colcon_core.package_identification:_identify(src/yolov5_ros2) by extensions ['colcon_meta']
[0.469s] Level 1:colcon.colcon_core.package_identification:_identify(src/yolov5_ros2) by extension 'colcon_meta'
[0.469s] Level 1:colcon.colcon_core.package_identification:_identify(src/yolov5_ros2) by extensions ['ros']
[0.469s] Level 1:colcon.colcon_core.package_identification:_identify(src/yolov5_ros2) by extension 'ros'
[0.469s] DEBUG:colcon.colcon_core.package_identification:Package 'src/yolov5_ros2' with type 'ros.ament_python' and name 'yolov5_ros2'
[0.469s] Level 1:colcon.colcon_core.package_discovery:discover_packages(recursive) using defaults
[0.469s] Level 1:colcon.colcon_core.package_discovery:discover_packages(ignore) discover
[0.469s] Level 1:colcon.colcon_core.package_discovery:discover_packages(ignore) using defaults
[0.469s] Level 1:colcon.colcon_core.package_discovery:discover_packages(path) discover
[0.469s] Level 1:colcon.colcon_core.package_discovery:discover_packages(path) using defaults
[0.515s] Level 1:colcon.colcon_core.package_discovery:discover_packages(prefix_path) check parameters
[0.515s] Level 1:colcon.colcon_core.package_discovery:discover_packages(prefix_path) discover
[0.519s] Level 1:colcon.colcon_core.package_discovery:discover_packages(prefix_path) using defaults
[0.526s] Level 5:colcon.colcon_core.verb:set package 'aruco' build argument 'cmake_args' from command line to 'None'
[0.526s] Level 5:colcon.colcon_core.verb:set package 'aruco' build argument 'cmake_target' from command line to 'None'
[0.526s] Level 5:colcon.colcon_core.verb:set package 'aruco' build argument 'cmake_target_skip_unavailable' from command line to 'False'
[0.526s] Level 5:colcon.colcon_core.verb:set package 'aruco' build argument 'cmake_clean_cache' from command line to 'False'
[0.526s] Level 5:colcon.colcon_core.verb:set package 'aruco' build argument 'cmake_clean_first' from command line to 'False'
[0.526s] Level 5:colcon.colcon_core.verb:set package 'aruco' build argument 'cmake_force_configure' from command line to 'False'
[0.526s] Level 5:colcon.colcon_core.verb:set package 'aruco' build argument 'ament_cmake_args' from command line to 'None'
[0.526s] Level 5:colcon.colcon_core.verb:set package 'aruco' build argument 'catkin_cmake_args' from command line to 'None'
[0.526s] Level 5:colcon.colcon_core.verb:set package 'aruco' build argument 'catkin_skip_building_tests' from command line to 'False'
[0.526s] DEBUG:colcon.colcon_core.verb:Building package 'aruco' with the following arguments: {'ament_cmake_args': None, 'build_base': '/home/agilex/agilex_ws/build/aruco', 'catkin_cmake_args': None, 'catkin_skip_building_tests': False, 'cmake_args': None, 'cmake_clean_cache': False, 'cmake_clean_first': False, 'cmake_force_configure': False, 'cmake_target': None, 'cmake_target_skip_unavailable': False, 'install_base': '/home/agilex/agilex_ws/install/aruco', 'merge_install': False, 'path': '/home/agilex/agilex_ws/src/aruco_ros/aruco', 'symlink_install': False, 'test_result_base': None}
[0.529s] Level 5:colcon.colcon_core.verb:set package 'aruco_msgs' build argument 'cmake_args' from command line to 'None'
[0.529s] Level 5:colcon.colcon_core.verb:set package 'aruco_msgs' build argument 'cmake_target' from command line to 'None'
[0.529s] Level 5:colcon.colcon_core.verb:set package 'aruco_msgs' build argument 'cmake_target_skip_unavailable' from command line to 'False'
[0.529s] Level 5:colcon.colcon_core.verb:set package 'aruco_msgs' build argument 'cmake_clean_cache' from command line to 'False'
[0.529s] Level 5:colcon.colcon_core.verb:set package 'aruco_msgs' build argument 'cmake_clean_first' from command line to 'False'
[0.529s] Level 5:colcon.colcon_core.verb:set package 'aruco_msgs' build argument 'cmake_force_configure' from command line to 'False'
[0.529s] Level 5:colcon.colcon_core.verb:set package 'aruco_msgs' build argument 'ament_cmake_args' from command line to 'None'
[0.529s] Level 5:colcon.colcon_core.verb:set package 'aruco_msgs' build argument 'catkin_cmake_args' from command line to 'None'
[0.529s] Level 5:colcon.colcon_core.verb:set package 'aruco_msgs' build argument 'catkin_skip_building_tests' from command line to 'False'
[0.529s] DEBUG:colcon.colcon_core.verb:Building package 'aruco_msgs' with the following arguments: {'ament_cmake_args': None, 'build_base': '/home/agilex/agilex_ws/build/aruco_msgs', 'catkin_cmake_args': None, 'catkin_skip_building_tests': False, 'cmake_args': None, 'cmake_clean_cache': False, 'cmake_clean_first': False, 'cmake_force_configure': False, 'cmake_target': None, 'cmake_target_skip_unavailable': False, 'install_base': '/home/agilex/agilex_ws/install/aruco_msgs', 'merge_install': False, 'path': '/home/agilex/agilex_ws/src/aruco_ros/aruco_msgs', 'symlink_install': False, 'test_result_base': None}
[0.532s] Level 5:colcon.colcon_core.verb:set package 'costmap_converter_msgs' build argument 'cmake_args' from command line to 'None'
[0.532s] Level 5:colcon.colcon_core.verb:set package 'costmap_converter_msgs' build argument 'cmake_target' from command line to 'None'
[0.532s] Level 5:colcon.colcon_core.verb:set package 'costmap_converter_msgs' build argument 'cmake_target_skip_unavailable' from command line to 'False'
[0.532s] Level 5:colcon.colcon_core.verb:set package 'costmap_converter_msgs' build argument 'cmake_clean_cache' from command line to 'False'
[0.532s] Level 5:colcon.colcon_core.verb:set package 'costmap_converter_msgs' build argument 'cmake_clean_first' from command line to 'False'
[0.532s] Level 5:colcon.colcon_core.verb:set package 'costmap_converter_msgs' build argument 'cmake_force_configure' from command line to 'False'
[0.532s] Level 5:colcon.colcon_core.verb:set package 'costmap_converter_msgs' build argument 'ament_cmake_args' from command line to 'None'
[0.532s] Level 5:colcon.colcon_core.verb:set package 'costmap_converter_msgs' build argument 'catkin_cmake_args' from command line to 'None'
[0.532s] Level 5:colcon.colcon_core.verb:set package 'costmap_converter_msgs' build argument 'catkin_skip_building_tests' from command line to 'False'
[0.532s] DEBUG:colcon.colcon_core.verb:Building package 'costmap_converter_msgs' with the following arguments: {'ament_cmake_args': None, 'build_base': '/home/agilex/agilex_ws/build/costmap_converter_msgs', 'catkin_cmake_args': None, 'catkin_skip_building_tests': False, 'cmake_args': None, 'cmake_clean_cache': False, 'cmake_clean_first': False, 'cmake_force_configure': False, 'cmake_target': None, 'cmake_target_skip_unavailable': False, 'install_base': '/home/agilex/agilex_ws/install/costmap_converter_msgs', 'merge_install': False, 'path': '/home/agilex/agilex_ws/src/costmap_converter/costmap_converter_msgs', 'symlink_install': False, 'test_result_base': None}
[0.535s] Level 5:colcon.colcon_core.verb:set package 'csm' build argument 'cmake_args' from command line to 'None'
[0.535s] Level 5:colcon.colcon_core.verb:set package 'csm' build argument 'cmake_target' from command line to 'None'
[0.535s] Level 5:colcon.colcon_core.verb:set package 'csm' build argument 'cmake_target_skip_unavailable' from command line to 'False'
[0.535s] Level 5:colcon.colcon_core.verb:set package 'csm' build argument 'cmake_clean_cache' from command line to 'False'
[0.535s] Level 5:colcon.colcon_core.verb:set package 'csm' build argument 'cmake_clean_first' from command line to 'False'
[0.535s] Level 5:colcon.colcon_core.verb:set package 'csm' build argument 'cmake_force_configure' from command line to 'False'
[0.535s] Level 5:colcon.colcon_core.verb:set package 'csm' build argument 'ament_cmake_args' from command line to 'None'
[0.535s] Level 5:colcon.colcon_core.verb:set package 'csm' build argument 'catkin_cmake_args' from command line to 'None'
[0.535s] Level 5:colcon.colcon_core.verb:set package 'csm' build argument 'catkin_skip_building_tests' from command line to 'False'
[0.535s] DEBUG:colcon.colcon_core.verb:Building package 'csm' with the following arguments: {'ament_cmake_args': None, 'build_base': '/home/agilex/agilex_ws/build/csm', 'catkin_cmake_args': None, 'catkin_skip_building_tests': False, 'cmake_args': None, 'cmake_clean_cache': False, 'cmake_clean_first': False, 'cmake_force_configure': False, 'cmake_target': None, 'cmake_target_skip_unavailable': False, 'install_base': '/home/agilex/agilex_ws/install/csm', 'merge_install': False, 'path': '/home/agilex/agilex_ws/src/csm', 'symlink_install': False, 'test_result_base': None}
[0.538s] Level 5:colcon.colcon_core.verb:set package 'limo_car' build argument 'cmake_args' from command line to 'None'
[0.538s] Level 5:colcon.colcon_core.verb:set package 'limo_car' build argument 'cmake_target' from command line to 'None'
[0.538s] Level 5:colcon.colcon_core.verb:set package 'limo_car' build argument 'cmake_target_skip_unavailable' from command line to 'False'
[0.538s] Level 5:colcon.colcon_core.verb:set package 'limo_car' build argument 'cmake_clean_cache' from command line to 'False'
[0.538s] Level 5:colcon.colcon_core.verb:set package 'limo_car' build argument 'cmake_clean_first' from command line to 'False'
[0.538s] Level 5:colcon.colcon_core.verb:set package 'limo_car' build argument 'cmake_force_configure' from command line to 'False'
[0.538s] Level 5:colcon.colcon_core.verb:set package 'limo_car' build argument 'ament_cmake_args' from command line to 'None'
[0.538s] Level 5:colcon.colcon_core.verb:set package 'limo_car' build argument 'catkin_cmake_args' from command line to 'None'
[0.538s] Level 5:colcon.colcon_core.verb:set package 'limo_car' build argument 'catkin_skip_building_tests' from command line to 'False'
[0.538s] DEBUG:colcon.colcon_core.verb:Building package 'limo_car' with the following arguments: {'ament_cmake_args': None, 'build_base': '/home/agilex/agilex_ws/build/limo_car', 'catkin_cmake_args': None, 'catkin_skip_building_tests': False, 'cmake_args': None, 'cmake_clean_cache': False, 'cmake_clean_first': False, 'cmake_force_configure': False, 'cmake_target': None, 'cmake_target_skip_unavailable': False, 'install_base': '/home/agilex/agilex_ws/install/limo_car', 'merge_install': False, 'path': '/home/agilex/agilex_ws/src/limo_car', 'symlink_install': False, 'test_result_base': None}
[0.541s] Level 5:colcon.colcon_core.verb:set package 'limo_description' build argument 'cmake_args' from command line to 'None'
[0.541s] Level 5:colcon.colcon_core.verb:set package 'limo_description' build argument 'cmake_target' from command line to 'None'
[0.541s] Level 5:colcon.colcon_core.verb:set package 'limo_description' build argument 'cmake_target_skip_unavailable' from command line to 'False'
[0.541s] Level 5:colcon.colcon_core.verb:set package 'limo_description' build argument 'cmake_clean_cache' from command line to 'False'
[0.541s] Level 5:colcon.colcon_core.verb:set package 'limo_description' build argument 'cmake_clean_first' from command line to 'False'
[0.541s] Level 5:colcon.colcon_core.verb:set package 'limo_description' build argument 'cmake_force_configure' from command line to 'False'
[0.541s] Level 5:colcon.colcon_core.verb:set package 'limo_description' build argument 'ament_cmake_args' from command line to 'None'
[0.541s] Level 5:colcon.colcon_core.verb:set package 'limo_description' build argument 'catkin_cmake_args' from command line to 'None'
[0.541s] Level 5:colcon.colcon_core.verb:set package 'limo_description' build argument 'catkin_skip_building_tests' from command line to 'False'
[0.541s] DEBUG:colcon.colcon_core.verb:Building package 'limo_description' with the following arguments: {'ament_cmake_args': None, 'build_base': '/home/agilex/agilex_ws/build/limo_description', 'catkin_cmake_args': None, 'catkin_skip_building_tests': False, 'cmake_args': None, 'cmake_clean_cache': False, 'cmake_clean_first': False, 'cmake_force_configure': False, 'cmake_target': None, 'cmake_target_skip_unavailable': False, 'install_base': '/home/agilex/agilex_ws/install/limo_description', 'merge_install': False, 'path': '/home/agilex/agilex_ws/src/limo_ros2/limo_description', 'symlink_install': False, 'test_result_base': None}
[0.544s] Level 5:colcon.colcon_core.verb:set package 'limo_msgs' build argument 'cmake_args' from command line to 'None'
[0.544s] Level 5:colcon.colcon_core.verb:set package 'limo_msgs' build argument 'cmake_target' from command line to 'None'
[0.544s] Level 5:colcon.colcon_core.verb:set package 'limo_msgs' build argument 'cmake_target_skip_unavailable' from command line to 'False'
[0.544s] Level 5:colcon.colcon_core.verb:set package 'limo_msgs' build argument 'cmake_clean_cache' from command line to 'False'
[0.544s] Level 5:colcon.colcon_core.verb:set package 'limo_msgs' build argument 'cmake_clean_first' from command line to 'False'
[0.545s] Level 5:colcon.colcon_core.verb:set package 'limo_msgs' build argument 'cmake_force_configure' from command line to 'False'
[0.545s] Level 5:colcon.colcon_core.verb:set package 'limo_msgs' build argument 'ament_cmake_args' from command line to 'None'
[0.545s] Level 5:colcon.colcon_core.verb:set package 'limo_msgs' build argument 'catkin_cmake_args' from command line to 'None'
[0.545s] Level 5:colcon.colcon_core.verb:set package 'limo_msgs' build argument 'catkin_skip_building_tests' from command line to 'False'
[0.545s] DEBUG:colcon.colcon_core.verb:Building package 'limo_msgs' with the following arguments: {'ament_cmake_args': None, 'build_base': '/home/agilex/agilex_ws/build/limo_msgs', 'catkin_cmake_args': None, 'catkin_skip_building_tests': False, 'cmake_args': None, 'cmake_clean_cache': False, 'cmake_clean_first': False, 'cmake_force_configure': False, 'cmake_target': None, 'cmake_target_skip_unavailable': False, 'install_base': '/home/agilex/agilex_ws/install/limo_msgs', 'merge_install': False, 'path': '/home/agilex/agilex_ws/src/limo_ros2/limo_msgs', 'symlink_install': False, 'test_result_base': None}
[0.548s] Level 5:colcon.colcon_core.verb:set package 'limo_visions' build argument 'cmake_args' from command line to 'None'
[0.548s] Level 5:colcon.colcon_core.verb:set package 'limo_visions' build argument 'cmake_target' from command line to 'None'
[0.548s] Level 5:colcon.colcon_core.verb:set package 'limo_visions' build argument 'cmake_target_skip_unavailable' from command line to 'False'
[0.548s] Level 5:colcon.colcon_core.verb:set package 'limo_visions' build argument 'cmake_clean_cache' from command line to 'False'
[0.548s] Level 5:colcon.colcon_core.verb:set package 'limo_visions' build argument 'cmake_clean_first' from command line to 'False'
[0.548s] Level 5:colcon.colcon_core.verb:set package 'limo_visions' build argument 'cmake_force_configure' from command line to 'False'
[0.548s] Level 5:colcon.colcon_core.verb:set package 'limo_visions' build argument 'ament_cmake_args' from command line to 'None'
[0.548s] Level 5:colcon.colcon_core.verb:set package 'limo_visions' build argument 'catkin_cmake_args' from command line to 'None'
[0.548s] Level 5:colcon.colcon_core.verb:set package 'limo_visions' build argument 'catkin_skip_building_tests' from command line to 'False'
[0.548s] DEBUG:colcon.colcon_core.verb:Building package 'limo_visions' with the following arguments: {'ament_cmake_args': None, 'build_base': '/home/agilex/agilex_ws/build/limo_visions', 'catkin_cmake_args': None, 'catkin_skip_building_tests': False, 'cmake_args': None, 'cmake_clean_cache': False, 'cmake_clean_first': False, 'cmake_force_configure': False, 'cmake_target': None, 'cmake_target_skip_unavailable': False, 'install_base': '/home/agilex/agilex_ws/install/limo_visions', 'merge_install': False, 'path': '/home/agilex/agilex_ws/src/limo_visions', 'symlink_install': False, 'test_result_base': None}
[0.551s] Level 5:colcon.colcon_core.verb:set package 'nav2_common' build argument 'cmake_args' from command line to 'None'
[0.551s] Level 5:colcon.colcon_core.verb:set package 'nav2_common' build argument 'cmake_target' from command line to 'None'
[0.551s] Level 5:colcon.colcon_core.verb:set package 'nav2_common' build argument 'cmake_target_skip_unavailable' from command line to 'False'
[0.551s] Level 5:colcon.colcon_core.verb:set package 'nav2_common' build argument 'cmake_clean_cache' from command line to 'False'
[0.551s] Level 5:colcon.colcon_core.verb:set package 'nav2_common' build argument 'cmake_clean_first' from command line to 'False'
[0.551s] Level 5:colcon.colcon_core.verb:set package 'nav2_common' build argument 'cmake_force_configure' from command line to 'False'
[0.551s] Level 5:colcon.colcon_core.verb:set package 'nav2_common' build argument 'ament_cmake_args' from command line to 'None'
[0.551s] Level 5:colcon.colcon_core.verb:set package 'nav2_common' build argument 'catkin_cmake_args' from command line to 'None'
[0.551s] Level 5:colcon.colcon_core.verb:set package 'nav2_common' build argument 'catkin_skip_building_tests' from command line to 'False'
[0.551s] DEBUG:colcon.colcon_core.verb:Building package 'nav2_common' with the following arguments: {'ament_cmake_args': None, 'build_base': '/home/agilex/agilex_ws/build/nav2_common', 'catkin_cmake_args': None, 'catkin_skip_building_tests': False, 'cmake_args': None, 'cmake_clean_cache': False, 'cmake_clean_first': False, 'cmake_force_configure': False, 'cmake_target': None, 'cmake_target_skip_unavailable': False, 'install_base': '/home/agilex/agilex_ws/install/nav2_common', 'merge_install': False, 'path': '/home/agilex/agilex_ws/src/navigation2/nav2_common', 'symlink_install': False, 'test_result_base': None}
[0.554s] Level 5:colcon.colcon_core.verb:set package 'nav_2d_msgs' build argument 'cmake_args' from command line to 'None'
[0.554s] Level 5:colcon.colcon_core.verb:set package 'nav_2d_msgs' build argument 'cmake_target' from command line to 'None'
[0.554s] Level 5:colcon.colcon_core.verb:set package 'nav_2d_msgs' build argument 'cmake_target_skip_unavailable' from command line to 'False'
[0.554s] Level 5:colcon.colcon_core.verb:set package 'nav_2d_msgs' build argument 'cmake_clean_cache' from command line to 'False'
[0.554s] Level 5:colcon.colcon_core.verb:set package 'nav_2d_msgs' build argument 'cmake_clean_first' from command line to 'False'
[0.554s] Level 5:colcon.colcon_core.verb:set package 'nav_2d_msgs' build argument 'cmake_force_configure' from command line to 'False'
[0.554s] Level 5:colcon.colcon_core.verb:set package 'nav_2d_msgs' build argument 'ament_cmake_args' from command line to 'None'
[0.554s] Level 5:colcon.colcon_core.verb:set package 'nav_2d_msgs' build argument 'catkin_cmake_args' from command line to 'None'
[0.554s] Level 5:colcon.colcon_core.verb:set package 'nav_2d_msgs' build argument 'catkin_skip_building_tests' from command line to 'False'
[0.554s] DEBUG:colcon.colcon_core.verb:Building package 'nav_2d_msgs' with the following arguments: {'ament_cmake_args': None, 'build_base': '/home/agilex/agilex_ws/build/nav_2d_msgs', 'catkin_cmake_args': None, 'catkin_skip_building_tests': False, 'cmake_args': None, 'cmake_clean_cache': False, 'cmake_clean_first': False, 'cmake_force_configure': False, 'cmake_target': None, 'cmake_target_skip_unavailable': False, 'install_base': '/home/agilex/agilex_ws/install/nav_2d_msgs', 'merge_install': False, 'path': '/home/agilex/agilex_ws/src/navigation2/nav2_dwb_controller/nav_2d_msgs', 'symlink_install': False, 'test_result_base': None}
[0.557s] Level 5:colcon.colcon_core.verb:set package 'orbbec_camera_msgs' build argument 'cmake_args' from command line to 'None'
[0.557s] Level 5:colcon.colcon_core.verb:set package 'orbbec_camera_msgs' build argument 'cmake_target' from command line to 'None'
[0.557s] Level 5:colcon.colcon_core.verb:set package 'orbbec_camera_msgs' build argument 'cmake_target_skip_unavailable' from command line to 'False'
[0.557s] Level 5:colcon.colcon_core.verb:set package 'orbbec_camera_msgs' build argument 'cmake_clean_cache' from command line to 'False'
[0.557s] Level 5:colcon.colcon_core.verb:set package 'orbbec_camera_msgs' build argument 'cmake_clean_first' from command line to 'False'
[0.557s] Level 5:colcon.colcon_core.verb:set package 'orbbec_camera_msgs' build argument 'cmake_force_configure' from command line to 'False'
[0.557s] Level 5:colcon.colcon_core.verb:set package 'orbbec_camera_msgs' build argument 'ament_cmake_args' from command line to 'None'
[0.557s] Level 5:colcon.colcon_core.verb:set package 'orbbec_camera_msgs' build argument 'catkin_cmake_args' from command line to 'None'
[0.557s] Level 5:colcon.colcon_core.verb:set package 'orbbec_camera_msgs' build argument 'catkin_skip_building_tests' from command line to 'False'
[0.557s] DEBUG:colcon.colcon_core.verb:Building package 'orbbec_camera_msgs' with the following arguments: {'ament_cmake_args': None, 'build_base': '/home/agilex/agilex_ws/build/orbbec_camera_msgs', 'catkin_cmake_args': None, 'catkin_skip_building_tests': False, 'cmake_args': None, 'cmake_clean_cache': False, 'cmake_clean_first': False, 'cmake_force_configure': False, 'cmake_target': None, 'cmake_target_skip_unavailable': False, 'install_base': '/home/agilex/agilex_ws/install/orbbec_camera_msgs', 'merge_install': False, 'path': '/home/agilex/agilex_ws/src/OrbbecSDK_ROS2/orbbec_camera_msgs', 'symlink_install': False, 'test_result_base': None}
[0.560s] Level 5:colcon.colcon_core.verb:set package 'orbbec_description' build argument 'cmake_args' from command line to 'None'
[0.560s] Level 5:colcon.colcon_core.verb:set package 'orbbec_description' build argument 'cmake_target' from command line to 'None'
[0.560s] Level 5:colcon.colcon_core.verb:set package 'orbbec_description' build argument 'cmake_target_skip_unavailable' from command line to 'False'
[0.560s] Level 5:colcon.colcon_core.verb:set package 'orbbec_description' build argument 'cmake_clean_cache' from command line to 'False'
[0.560s] Level 5:colcon.colcon_core.verb:set package 'orbbec_description' build argument 'cmake_clean_first' from command line to 'False'
[0.560s] Level 5:colcon.colcon_core.verb:set package 'orbbec_description' build argument 'cmake_force_configure' from command line to 'False'
[0.560s] Level 5:colcon.colcon_core.verb:set package 'orbbec_description' build argument 'ament_cmake_args' from command line to 'None'
[0.560s] Level 5:colcon.colcon_core.verb:set package 'orbbec_description' build argument 'catkin_cmake_args' from command line to 'None'
[0.560s] Level 5:colcon.colcon_core.verb:set package 'orbbec_description' build argument 'catkin_skip_building_tests' from command line to 'False'
[0.560s] DEBUG:colcon.colcon_core.verb:Building package 'orbbec_description' with the following arguments: {'ament_cmake_args': None, 'build_base': '/home/agilex/agilex_ws/build/orbbec_description', 'catkin_cmake_args': None, 'catkin_skip_building_tests': False, 'cmake_args': None, 'cmake_clean_cache': False, 'cmake_clean_first': False, 'cmake_force_configure': False, 'cmake_target': None, 'cmake_target_skip_unavailable': False, 'install_base': '/home/agilex/agilex_ws/install/orbbec_description', 'merge_install': False, 'path': '/home/agilex/agilex_ws/src/OrbbecSDK_ROS2/orbbec_description', 'symlink_install': False, 'test_result_base': None}
[0.563s] Level 5:colcon.colcon_core.verb:set package 'rf2o_laser_odometry' build argument 'cmake_args' from command line to 'None'
[0.563s] Level 5:colcon.colcon_core.verb:set package 'rf2o_laser_odometry' build argument 'cmake_target' from command line to 'None'
[0.563s] Level 5:colcon.colcon_core.verb:set package 'rf2o_laser_odometry' build argument 'cmake_target_skip_unavailable' from command line to 'False'
[0.563s] Level 5:colcon.colcon_core.verb:set package 'rf2o_laser_odometry' build argument 'cmake_clean_cache' from command line to 'False'
[0.563s] Level 5:colcon.colcon_core.verb:set package 'rf2o_laser_odometry' build argument 'cmake_clean_first' from command line to 'False'
[0.563s] Level 5:colcon.colcon_core.verb:set package 'rf2o_laser_odometry' build argument 'cmake_force_configure' from command line to 'False'
[0.563s] Level 5:colcon.colcon_core.verb:set package 'rf2o_laser_odometry' build argument 'ament_cmake_args' from command line to 'None'
[0.563s] Level 5:colcon.colcon_core.verb:set package 'rf2o_laser_odometry' build argument 'catkin_cmake_args' from command line to 'None'
[0.563s] Level 5:colcon.colcon_core.verb:set package 'rf2o_laser_odometry' build argument 'catkin_skip_building_tests' from command line to 'False'
[0.563s] DEBUG:colcon.colcon_core.verb:Building package 'rf2o_laser_odometry' with the following arguments: {'ament_cmake_args': None, 'build_base': '/home/agilex/agilex_ws/build/rf2o_laser_odometry', 'catkin_cmake_args': None, 'catkin_skip_building_tests': False, 'cmake_args': None, 'cmake_clean_cache': False, 'cmake_clean_first': False, 'cmake_force_configure': False, 'cmake_target': None, 'cmake_target_skip_unavailable': False, 'install_base': '/home/agilex/agilex_ws/install/rf2o_laser_odometry', 'merge_install': False, 'path': '/home/agilex/agilex_ws/src/rf2o_laser_odometry', 'symlink_install': False, 'test_result_base': None}
[0.566s] Level 5:colcon.colcon_core.verb:set package 'ydlidar_ros2_driver' build argument 'cmake_args' from command line to 'None'
[0.566s] Level 5:colcon.colcon_core.verb:set package 'ydlidar_ros2_driver' build argument 'cmake_target' from command line to 'None'
[0.566s] Level 5:colcon.colcon_core.verb:set package 'ydlidar_ros2_driver' build argument 'cmake_target_skip_unavailable' from command line to 'False'
[0.566s] Level 5:colcon.colcon_core.verb:set package 'ydlidar_ros2_driver' build argument 'cmake_clean_cache' from command line to 'False'
[0.566s] Level 5:colcon.colcon_core.verb:set package 'ydlidar_ros2_driver' build argument 'cmake_clean_first' from command line to 'False'
[0.566s] Level 5:colcon.colcon_core.verb:set package 'ydlidar_ros2_driver' build argument 'cmake_force_configure' from command line to 'False'
[0.566s] Level 5:colcon.colcon_core.verb:set package 'ydlidar_ros2_driver' build argument 'ament_cmake_args' from command line to 'None'
[0.566s] Level 5:colcon.colcon_core.verb:set package 'ydlidar_ros2_driver' build argument 'catkin_cmake_args' from command line to 'None'
[0.566s] Level 5:colcon.colcon_core.verb:set package 'ydlidar_ros2_driver' build argument 'catkin_skip_building_tests' from command line to 'False'
[0.566s] DEBUG:colcon.colcon_core.verb:Building package 'ydlidar_ros2_driver' with the following arguments: {'ament_cmake_args': None, 'build_base': '/home/agilex/agilex_ws/build/ydlidar_ros2_driver', 'catkin_cmake_args': None, 'catkin_skip_building_tests': False, 'cmake_args': None, 'cmake_clean_cache': False, 'cmake_clean_first': False, 'cmake_force_configure': False, 'cmake_target': None, 'cmake_target_skip_unavailable': False, 'install_base': '/home/agilex/agilex_ws/install/ydlidar_ros2_driver', 'merge_install': False, 'path': '/home/agilex/agilex_ws/src/ydlidar_ros2_driver', 'symlink_install': False, 'test_result_base': None}
[0.569s] Level 5:colcon.colcon_core.verb:set package 'ydlidar_sdk' build argument 'cmake_args' from command line to 'None'
[0.569s] Level 5:colcon.colcon_core.verb:set package 'ydlidar_sdk' build argument 'cmake_target' from command line to 'None'
[0.569s] Level 5:colcon.colcon_core.verb:set package 'ydlidar_sdk' build argument 'cmake_target_skip_unavailable' from command line to 'False'
[0.569s] Level 5:colcon.colcon_core.verb:set package 'ydlidar_sdk' build argument 'cmake_clean_cache' from command line to 'False'
[0.569s] Level 5:colcon.colcon_core.verb:set package 'ydlidar_sdk' build argument 'cmake_clean_first' from command line to 'False'
[0.569s] Level 5:colcon.colcon_core.verb:set package 'ydlidar_sdk' build argument 'cmake_force_configure' from command line to 'False'
[0.569s] Level 5:colcon.colcon_core.verb:set package 'ydlidar_sdk' build argument 'ament_cmake_args' from command line to 'None'
[0.569s] Level 5:colcon.colcon_core.verb:set package 'ydlidar_sdk' build argument 'catkin_cmake_args' from command line to 'None'
[0.569s] Level 5:colcon.colcon_core.verb:set package 'ydlidar_sdk' build argument 'catkin_skip_building_tests' from command line to 'False'
[0.569s] DEBUG:colcon.colcon_core.verb:Building package 'ydlidar_sdk' with the following arguments: {'ament_cmake_args': None, 'build_base': '/home/agilex/agilex_ws/build/ydlidar_sdk', 'catkin_cmake_args': None, 'catkin_skip_building_tests': False, 'cmake_args': None, 'cmake_clean_cache': False, 'cmake_clean_first': False, 'cmake_force_configure': False, 'cmake_target': None, 'cmake_target_skip_unavailable': False, 'install_base': '/home/agilex/agilex_ws/install/ydlidar_sdk', 'merge_install': False, 'path': '/home/agilex/agilex_ws/src/YDLidar-SDK', 'symlink_install': False, 'test_result_base': None}
[0.572s] Level 5:colcon.colcon_core.verb:set package 'yolov5_ros2' build argument 'cmake_args' from command line to 'None'
[0.572s] Level 5:colcon.colcon_core.verb:set package 'yolov5_ros2' build argument 'cmake_target' from command line to 'None'
[0.572s] Level 5:colcon.colcon_core.verb:set package 'yolov5_ros2' build argument 'cmake_target_skip_unavailable' from command line to 'False'
[0.572s] Level 5:colcon.colcon_core.verb:set package 'yolov5_ros2' build argument 'cmake_clean_cache' from command line to 'False'
[0.572s] Level 5:colcon.colcon_core.verb:set package 'yolov5_ros2' build argument 'cmake_clean_first' from command line to 'False'
[0.572s] Level 5:colcon.colcon_core.verb:set package 'yolov5_ros2' build argument 'cmake_force_configure' from command line to 'False'
[0.572s] Level 5:colcon.colcon_core.verb:set package 'yolov5_ros2' build argument 'ament_cmake_args' from command line to 'None'
[0.572s] Level 5:colcon.colcon_core.verb:set package 'yolov5_ros2' build argument 'catkin_cmake_args' from command line to 'None'
[0.572s] Level 5:colcon.colcon_core.verb:set package 'yolov5_ros2' build argument 'catkin_skip_building_tests' from command line to 'False'
[0.573s] DEBUG:colcon.colcon_core.verb:Building package 'yolov5_ros2' with the following arguments: {'ament_cmake_args': None, 'build_base': '/home/agilex/agilex_ws/build/yolov5_ros2', 'catkin_cmake_args': None, 'catkin_skip_building_tests': False, 'cmake_args': None, 'cmake_clean_cache': False, 'cmake_clean_first': False, 'cmake_force_configure': False, 'cmake_target': None, 'cmake_target_skip_unavailable': False, 'install_base': '/home/agilex/agilex_ws/install/yolov5_ros2', 'merge_install': False, 'path': '/home/agilex/agilex_ws/src/yolov5_ros2', 'symlink_install': False, 'test_result_base': None}
[0.575s] Level 5:colcon.colcon_core.verb:set package 'aruco_ros' build argument 'cmake_args' from command line to 'None'
[0.576s] Level 5:colcon.colcon_core.verb:set package 'aruco_ros' build argument 'cmake_target' from command line to 'None'
[0.576s] Level 5:colcon.colcon_core.verb:set package 'aruco_ros' build argument 'cmake_target_skip_unavailable' from command line to 'False'
[0.576s] Level 5:colcon.colcon_core.verb:set package 'aruco_ros' build argument 'cmake_clean_cache' from command line to 'False'
[0.576s] Level 5:colcon.colcon_core.verb:set package 'aruco_ros' build argument 'cmake_clean_first' from command line to 'False'
[0.576s] Level 5:colcon.colcon_core.verb:set package 'aruco_ros' build argument 'cmake_force_configure' from command line to 'False'
[0.576s] Level 5:colcon.colcon_core.verb:set package 'aruco_ros' build argument 'ament_cmake_args' from command line to 'None'
[0.576s] Level 5:colcon.colcon_core.verb:set package 'aruco_ros' build argument 'catkin_cmake_args' from command line to 'None'
[0.576s] Level 5:colcon.colcon_core.verb:set package 'aruco_ros' build argument 'catkin_skip_building_tests' from command line to 'False'
[0.576s] DEBUG:colcon.colcon_core.verb:Building package 'aruco_ros' with the following arguments: {'ament_cmake_args': None, 'build_base': '/home/agilex/agilex_ws/build/aruco_ros', 'catkin_cmake_args': None, 'catkin_skip_building_tests': False, 'cmake_args': None, 'cmake_clean_cache': False, 'cmake_clean_first': False, 'cmake_force_configure': False, 'cmake_target': None, 'cmake_target_skip_unavailable': False, 'install_base': '/home/agilex/agilex_ws/install/aruco_ros', 'merge_install': False, 'path': '/home/agilex/agilex_ws/src/aruco_ros/aruco_ros', 'symlink_install': False, 'test_result_base': None}
[0.579s] Level 5:colcon.colcon_core.verb:set package 'dwb_msgs' build argument 'cmake_args' from command line to 'None'
[0.579s] Level 5:colcon.colcon_core.verb:set package 'dwb_msgs' build argument 'cmake_target' from command line to 'None'
[0.579s] Level 5:colcon.colcon_core.verb:set package 'dwb_msgs' build argument 'cmake_target_skip_unavailable' from command line to 'False'
[0.579s] Level 5:colcon.colcon_core.verb:set package 'dwb_msgs' build argument 'cmake_clean_cache' from command line to 'False'
[0.579s] Level 5:colcon.colcon_core.verb:set package 'dwb_msgs' build argument 'cmake_clean_first' from command line to 'False'
[0.579s] Level 5:colcon.colcon_core.verb:set package 'dwb_msgs' build argument 'cmake_force_configure' from command line to 'False'
[0.579s] Level 5:colcon.colcon_core.verb:set package 'dwb_msgs' build argument 'ament_cmake_args' from command line to 'None'
[0.579s] Level 5:colcon.colcon_core.verb:set package 'dwb_msgs' build argument 'catkin_cmake_args' from command line to 'None'
[0.579s] Level 5:colcon.colcon_core.verb:set package 'dwb_msgs' build argument 'catkin_skip_building_tests' from command line to 'False'
[0.579s] DEBUG:colcon.colcon_core.verb:Building package 'dwb_msgs' with the following arguments: {'ament_cmake_args': None, 'build_base': '/home/agilex/agilex_ws/build/dwb_msgs', 'catkin_cmake_args': None, 'catkin_skip_building_tests': False, 'cmake_args': None, 'cmake_clean_cache': False, 'cmake_clean_first': False, 'cmake_force_configure': False, 'cmake_target': None, 'cmake_target_skip_unavailable': False, 'install_base': '/home/agilex/agilex_ws/install/dwb_msgs', 'merge_install': False, 'path': '/home/agilex/agilex_ws/src/navigation2/nav2_dwb_controller/dwb_msgs', 'symlink_install': False, 'test_result_base': None}
[0.582s] Level 5:colcon.colcon_core.verb:set package 'limo_base' build argument 'cmake_args' from command line to 'None'
[0.582s] Level 5:colcon.colcon_core.verb:set package 'limo_base' build argument 'cmake_target' from command line to 'None'
[0.582s] Level 5:colcon.colcon_core.verb:set package 'limo_base' build argument 'cmake_target_skip_unavailable' from command line to 'False'
[0.582s] Level 5:colcon.colcon_core.verb:set package 'limo_base' build argument 'cmake_clean_cache' from command line to 'False'
[0.582s] Level 5:colcon.colcon_core.verb:set package 'limo_base' build argument 'cmake_clean_first' from command line to 'False'
[0.582s] Level 5:colcon.colcon_core.verb:set package 'limo_base' build argument 'cmake_force_configure' from command line to 'False'
[0.582s] Level 5:colcon.colcon_core.verb:set package 'limo_base' build argument 'ament_cmake_args' from command line to 'None'
[0.582s] Level 5:colcon.colcon_core.verb:set package 'limo_base' build argument 'catkin_cmake_args' from command line to 'None'
[0.582s] Level 5:colcon.colcon_core.verb:set package 'limo_base' build argument 'catkin_skip_building_tests' from command line to 'False'
[0.582s] DEBUG:colcon.colcon_core.verb:Building package 'limo_base' with the following arguments: {'ament_cmake_args': None, 'build_base': '/home/agilex/agilex_ws/build/limo_base', 'catkin_cmake_args': None, 'catkin_skip_building_tests': False, 'cmake_args': None, 'cmake_clean_cache': False, 'cmake_clean_first': False, 'cmake_force_configure': False, 'cmake_target': None, 'cmake_target_skip_unavailable': False, 'install_base': '/home/agilex/agilex_ws/install/limo_base', 'merge_install': False, 'path': '/home/agilex/agilex_ws/src/limo_ros2/limo_base', 'symlink_install': False, 'test_result_base': None}
[0.585s] Level 5:colcon.colcon_core.verb:set package 'nav2_msgs' build argument 'cmake_args' from command line to 'None'
[0.585s] Level 5:colcon.colcon_core.verb:set package 'nav2_msgs' build argument 'cmake_target' from command line to 'None'
[0.585s] Level 5:colcon.colcon_core.verb:set package 'nav2_msgs' build argument 'cmake_target_skip_unavailable' from command line to 'False'
[0.585s] Level 5:colcon.colcon_core.verb:set package 'nav2_msgs' build argument 'cmake_clean_cache' from command line to 'False'
[0.585s] Level 5:colcon.colcon_core.verb:set package 'nav2_msgs' build argument 'cmake_clean_first' from command line to 'False'
[0.585s] Level 5:colcon.colcon_core.verb:set package 'nav2_msgs' build argument 'cmake_force_configure' from command line to 'False'
[0.585s] Level 5:colcon.colcon_core.verb:set package 'nav2_msgs' build argument 'ament_cmake_args' from command line to 'None'
[0.585s] Level 5:colcon.colcon_core.verb:set package 'nav2_msgs' build argument 'catkin_cmake_args' from command line to 'None'
[0.585s] Level 5:colcon.colcon_core.verb:set package 'nav2_msgs' build argument 'catkin_skip_building_tests' from command line to 'False'
[0.585s] DEBUG:colcon.colcon_core.verb:Building package 'nav2_msgs' with the following arguments: {'ament_cmake_args': None, 'build_base': '/home/agilex/agilex_ws/build/nav2_msgs', 'catkin_cmake_args': None, 'catkin_skip_building_tests': False, 'cmake_args': None, 'cmake_clean_cache': False, 'cmake_clean_first': False, 'cmake_force_configure': False, 'cmake_target': None, 'cmake_target_skip_unavailable': False, 'install_base': '/home/agilex/agilex_ws/install/nav2_msgs', 'merge_install': False, 'path': '/home/agilex/agilex_ws/src/navigation2/nav2_msgs', 'symlink_install': False, 'test_result_base': None}
[0.588s] Level 5:colcon.colcon_core.verb:set package 'nav2_voxel_grid' build argument 'cmake_args' from command line to 'None'
[0.588s] Level 5:colcon.colcon_core.verb:set package 'nav2_voxel_grid' build argument 'cmake_target' from command line to 'None'
[0.588s] Level 5:colcon.colcon_core.verb:set package 'nav2_voxel_grid' build argument 'cmake_target_skip_unavailable' from command line to 'False'
[0.588s] Level 5:colcon.colcon_core.verb:set package 'nav2_voxel_grid' build argument 'cmake_clean_cache' from command line to 'False'
[0.588s] Level 5:colcon.colcon_core.verb:set package 'nav2_voxel_grid' build argument 'cmake_clean_first' from command line to 'False'
[0.588s] Level 5:colcon.colcon_core.verb:set package 'nav2_voxel_grid' build argument 'cmake_force_configure' from command line to 'False'
[0.588s] Level 5:colcon.colcon_core.verb:set package 'nav2_voxel_grid' build argument 'ament_cmake_args' from command line to 'None'
[0.588s] Level 5:colcon.colcon_core.verb:set package 'nav2_voxel_grid' build argument 'catkin_cmake_args' from command line to 'None'
[0.588s] Level 5:colcon.colcon_core.verb:set package 'nav2_voxel_grid' build argument 'catkin_skip_building_tests' from command line to 'False'
[0.588s] DEBUG:colcon.colcon_core.verb:Building package 'nav2_voxel_grid' with the following arguments: {'ament_cmake_args': None, 'build_base': '/home/agilex/agilex_ws/build/nav2_voxel_grid', 'catkin_cmake_args': None, 'catkin_skip_building_tests': False, 'cmake_args': None, 'cmake_clean_cache': False, 'cmake_clean_first': False, 'cmake_force_configure': False, 'cmake_target': None, 'cmake_target_skip_unavailable': False, 'install_base': '/home/agilex/agilex_ws/install/nav2_voxel_grid', 'merge_install': False, 'path': '/home/agilex/agilex_ws/src/navigation2/nav2_voxel_grid', 'symlink_install': False, 'test_result_base': None}
[0.591s] Level 5:colcon.colcon_core.verb:set package 'orbbec_camera' build argument 'cmake_args' from command line to 'None'
[0.591s] Level 5:colcon.colcon_core.verb:set package 'orbbec_camera' build argument 'cmake_target' from command line to 'None'
[0.591s] Level 5:colcon.colcon_core.verb:set package 'orbbec_camera' build argument 'cmake_target_skip_unavailable' from command line to 'False'
[0.591s] Level 5:colcon.colcon_core.verb:set package 'orbbec_camera' build argument 'cmake_clean_cache' from command line to 'False'
[0.591s] Level 5:colcon.colcon_core.verb:set package 'orbbec_camera' build argument 'cmake_clean_first' from command line to 'False'
[0.591s] Level 5:colcon.colcon_core.verb:set package 'orbbec_camera' build argument 'cmake_force_configure' from command line to 'False'
[0.591s] Level 5:colcon.colcon_core.verb:set package 'orbbec_camera' build argument 'ament_cmake_args' from command line to 'None'
[0.591s] Level 5:colcon.colcon_core.verb:set package 'orbbec_camera' build argument 'catkin_cmake_args' from command line to 'None'
[0.591s] Level 5:colcon.colcon_core.verb:set package 'orbbec_camera' build argument 'catkin_skip_building_tests' from command line to 'False'
[0.591s] DEBUG:colcon.colcon_core.verb:Building package 'orbbec_camera' with the following arguments: {'ament_cmake_args': None, 'build_base': '/home/agilex/agilex_ws/build/orbbec_camera', 'catkin_cmake_args': None, 'catkin_skip_building_tests': False, 'cmake_args': None, 'cmake_clean_cache': False, 'cmake_clean_first': False, 'cmake_force_configure': False, 'cmake_target': None, 'cmake_target_skip_unavailable': False, 'install_base': '/home/agilex/agilex_ws/install/orbbec_camera', 'merge_install': False, 'path': '/home/agilex/agilex_ws/src/OrbbecSDK_ROS2/orbbec_camera', 'symlink_install': False, 'test_result_base': None}
[0.594s] Level 5:colcon.colcon_core.verb:set package 'teb_msgs' build argument 'cmake_args' from command line to 'None'
[0.594s] Level 5:colcon.colcon_core.verb:set package 'teb_msgs' build argument 'cmake_target' from command line to 'None'
[0.594s] Level 5:colcon.colcon_core.verb:set package 'teb_msgs' build argument 'cmake_target_skip_unavailable' from command line to 'False'
[0.594s] Level 5:colcon.colcon_core.verb:set package 'teb_msgs' build argument 'cmake_clean_cache' from command line to 'False'
[0.594s] Level 5:colcon.colcon_core.verb:set package 'teb_msgs' build argument 'cmake_clean_first' from command line to 'False'
[0.594s] Level 5:colcon.colcon_core.verb:set package 'teb_msgs' build argument 'cmake_force_configure' from command line to 'False'
[0.594s] Level 5:colcon.colcon_core.verb:set package 'teb_msgs' build argument 'ament_cmake_args' from command line to 'None'
[0.594s] Level 5:colcon.colcon_core.verb:set package 'teb_msgs' build argument 'catkin_cmake_args' from command line to 'None'
[0.594s] Level 5:colcon.colcon_core.verb:set package 'teb_msgs' build argument 'catkin_skip_building_tests' from command line to 'False'
[0.594s] DEBUG:colcon.colcon_core.verb:Building package 'teb_msgs' with the following arguments: {'ament_cmake_args': None, 'build_base': '/home/agilex/agilex_ws/build/teb_msgs', 'catkin_cmake_args': None, 'catkin_skip_building_tests': False, 'cmake_args': None, 'cmake_clean_cache': False, 'cmake_clean_first': False, 'cmake_force_configure': False, 'cmake_target': None, 'cmake_target_skip_unavailable': False, 'install_base': '/home/agilex/agilex_ws/install/teb_msgs', 'merge_install': False, 'path': '/home/agilex/agilex_ws/src/teb_local_planner/teb_msgs', 'symlink_install': False, 'test_result_base': None}
[0.597s] Level 5:colcon.colcon_core.verb:set package 'nav2_simple_commander' build argument 'cmake_args' from command line to 'None'
[0.597s] Level 5:colcon.colcon_core.verb:set package 'nav2_simple_commander' build argument 'cmake_target' from command line to 'None'
[0.597s] Level 5:colcon.colcon_core.verb:set package 'nav2_simple_commander' build argument 'cmake_target_skip_unavailable' from command line to 'False'
[0.597s] Level 5:colcon.colcon_core.verb:set package 'nav2_simple_commander' build argument 'cmake_clean_cache' from command line to 'False'
[0.597s] Level 5:colcon.colcon_core.verb:set package 'nav2_simple_commander' build argument 'cmake_clean_first' from command line to 'False'
[0.597s] Level 5:colcon.colcon_core.verb:set package 'nav2_simple_commander' build argument 'cmake_force_configure' from command line to 'False'
[0.597s] Level 5:colcon.colcon_core.verb:set package 'nav2_simple_commander' build argument 'ament_cmake_args' from command line to 'None'
[0.597s] Level 5:colcon.colcon_core.verb:set package 'nav2_simple_commander' build argument 'catkin_cmake_args' from command line to 'None'
[0.597s] Level 5:colcon.colcon_core.verb:set package 'nav2_simple_commander' build argument 'catkin_skip_building_tests' from command line to 'False'
[0.597s] DEBUG:colcon.colcon_core.verb:Building package 'nav2_simple_commander' with the following arguments: {'ament_cmake_args': None, 'build_base': '/home/agilex/agilex_ws/build/nav2_simple_commander', 'catkin_cmake_args': None, 'catkin_skip_building_tests': False, 'cmake_args': None, 'cmake_clean_cache': False, 'cmake_clean_first': False, 'cmake_force_configure': False, 'cmake_target': None, 'cmake_target_skip_unavailable': False, 'install_base': '/home/agilex/agilex_ws/install/nav2_simple_commander', 'merge_install': False, 'path': '/home/agilex/agilex_ws/src/navigation2/nav2_simple_commander', 'symlink_install': False, 'test_result_base': None}
[0.600s] Level 5:colcon.colcon_core.verb:set package 'nav2_util' build argument 'cmake_args' from command line to 'None'
[0.600s] Level 5:colcon.colcon_core.verb:set package 'nav2_util' build argument 'cmake_target' from command line to 'None'
[0.600s] Level 5:colcon.colcon_core.verb:set package 'nav2_util' build argument 'cmake_target_skip_unavailable' from command line to 'False'
[0.600s] Level 5:colcon.colcon_core.verb:set package 'nav2_util' build argument 'cmake_clean_cache' from command line to 'False'
[0.600s] Level 5:colcon.colcon_core.verb:set package 'nav2_util' build argument 'cmake_clean_first' from command line to 'False'
[0.600s] Level 5:colcon.colcon_core.verb:set package 'nav2_util' build argument 'cmake_force_configure' from command line to 'False'
[0.600s] Level 5:colcon.colcon_core.verb:set package 'nav2_util' build argument 'ament_cmake_args' from command line to 'None'
[0.600s] Level 5:colcon.colcon_core.verb:set package 'nav2_util' build argument 'catkin_cmake_args' from command line to 'None'
[0.600s] Level 5:colcon.colcon_core.verb:set package 'nav2_util' build argument 'catkin_skip_building_tests' from command line to 'False'
[0.600s] DEBUG:colcon.colcon_core.verb:Building package 'nav2_util' with the following arguments: {'ament_cmake_args': None, 'build_base': '/home/agilex/agilex_ws/build/nav2_util', 'catkin_cmake_args': None, 'catkin_skip_building_tests': False, 'cmake_args': None, 'cmake_clean_cache': False, 'cmake_clean_first': False, 'cmake_force_configure': False, 'cmake_target': None, 'cmake_target_skip_unavailable': False, 'install_base': '/home/agilex/agilex_ws/install/nav2_util', 'merge_install': False, 'path': '/home/agilex/agilex_ws/src/navigation2/nav2_util', 'symlink_install': False, 'test_result_base': None}
[0.603s] Level 5:colcon.colcon_core.verb:set package 'nav2_amcl' build argument 'cmake_args' from command line to 'None'
[0.603s] Level 5:colcon.colcon_core.verb:set package 'nav2_amcl' build argument 'cmake_target' from command line to 'None'
[0.603s] Level 5:colcon.colcon_core.verb:set package 'nav2_amcl' build argument 'cmake_target_skip_unavailable' from command line to 'False'
[0.603s] Level 5:colcon.colcon_core.verb:set package 'nav2_amcl' build argument 'cmake_clean_cache' from command line to 'False'
[0.603s] Level 5:colcon.colcon_core.verb:set package 'nav2_amcl' build argument 'cmake_clean_first' from command line to 'False'
[0.603s] Level 5:colcon.colcon_core.verb:set package 'nav2_amcl' build argument 'cmake_force_configure' from command line to 'False'
[0.603s] Level 5:colcon.colcon_core.verb:set package 'nav2_amcl' build argument 'ament_cmake_args' from command line to 'None'
[0.603s] Level 5:colcon.colcon_core.verb:set package 'nav2_amcl' build argument 'catkin_cmake_args' from command line to 'None'
[0.603s] Level 5:colcon.colcon_core.verb:set package 'nav2_amcl' build argument 'catkin_skip_building_tests' from command line to 'False'
[0.603s] DEBUG:colcon.colcon_core.verb:Building package 'nav2_amcl' with the following arguments: {'ament_cmake_args': None, 'build_base': '/home/agilex/agilex_ws/build/nav2_amcl', 'catkin_cmake_args': None, 'catkin_skip_building_tests': False, 'cmake_args': None, 'cmake_clean_cache': False, 'cmake_clean_first': False, 'cmake_force_configure': False, 'cmake_target': None, 'cmake_target_skip_unavailable': False, 'install_base': '/home/agilex/agilex_ws/install/nav2_amcl', 'merge_install': False, 'path': '/home/agilex/agilex_ws/src/navigation2/nav2_amcl', 'symlink_install': False, 'test_result_base': None}
[0.606s] Level 5:colcon.colcon_core.verb:set package 'nav2_behavior_tree' build argument 'cmake_args' from command line to 'None'
[0.606s] Level 5:colcon.colcon_core.verb:set package 'nav2_behavior_tree' build argument 'cmake_target' from command line to 'None'
[0.606s] Level 5:colcon.colcon_core.verb:set package 'nav2_behavior_tree' build argument 'cmake_target_skip_unavailable' from command line to 'False'
[0.606s] Level 5:colcon.colcon_core.verb:set package 'nav2_behavior_tree' build argument 'cmake_clean_cache' from command line to 'False'
[0.606s] Level 5:colcon.colcon_core.verb:set package 'nav2_behavior_tree' build argument 'cmake_clean_first' from command line to 'False'
[0.606s] Level 5:colcon.colcon_core.verb:set package 'nav2_behavior_tree' build argument 'cmake_force_configure' from command line to 'False'
[0.606s] Level 5:colcon.colcon_core.verb:set package 'nav2_behavior_tree' build argument 'ament_cmake_args' from command line to 'None'
[0.606s] Level 5:colcon.colcon_core.verb:set package 'nav2_behavior_tree' build argument 'catkin_cmake_args' from command line to 'None'
[0.606s] Level 5:colcon.colcon_core.verb:set package 'nav2_behavior_tree' build argument 'catkin_skip_building_tests' from command line to 'False'
[0.606s] DEBUG:colcon.colcon_core.verb:Building package 'nav2_behavior_tree' with the following arguments: {'ament_cmake_args': None, 'build_base': '/home/agilex/agilex_ws/build/nav2_behavior_tree', 'catkin_cmake_args': None, 'catkin_skip_building_tests': False, 'cmake_args': None, 'cmake_clean_cache': False, 'cmake_clean_first': False, 'cmake_force_configure': False, 'cmake_target': None, 'cmake_target_skip_unavailable': False, 'install_base': '/home/agilex/agilex_ws/install/nav2_behavior_tree', 'merge_install': False, 'path': '/home/agilex/agilex_ws/src/navigation2/nav2_behavior_tree', 'symlink_install': False, 'test_result_base': None}
[0.609s] Level 5:colcon.colcon_core.verb:set package 'nav2_lifecycle_manager' build argument 'cmake_args' from command line to 'None'
[0.609s] Level 5:colcon.colcon_core.verb:set package 'nav2_lifecycle_manager' build argument 'cmake_target' from command line to 'None'
[0.609s] Level 5:colcon.colcon_core.verb:set package 'nav2_lifecycle_manager' build argument 'cmake_target_skip_unavailable' from command line to 'False'
[0.609s] Level 5:colcon.colcon_core.verb:set package 'nav2_lifecycle_manager' build argument 'cmake_clean_cache' from command line to 'False'
[0.609s] Level 5:colcon.colcon_core.verb:set package 'nav2_lifecycle_manager' build argument 'cmake_clean_first' from command line to 'False'
[0.609s] Level 5:colcon.colcon_core.verb:set package 'nav2_lifecycle_manager' build argument 'cmake_force_configure' from command line to 'False'
[0.609s] Level 5:colcon.colcon_core.verb:set package 'nav2_lifecycle_manager' build argument 'ament_cmake_args' from command line to 'None'
[0.609s] Level 5:colcon.colcon_core.verb:set package 'nav2_lifecycle_manager' build argument 'catkin_cmake_args' from command line to 'None'
[0.609s] Level 5:colcon.colcon_core.verb:set package 'nav2_lifecycle_manager' build argument 'catkin_skip_building_tests' from command line to 'False'
[0.609s] DEBUG:colcon.colcon_core.verb:Building package 'nav2_lifecycle_manager' with the following arguments: {'ament_cmake_args': None, 'build_base': '/home/agilex/agilex_ws/build/nav2_lifecycle_manager', 'catkin_cmake_args': None, 'catkin_skip_building_tests': False, 'cmake_args': None, 'cmake_clean_cache': False, 'cmake_clean_first': False, 'cmake_force_configure': False, 'cmake_target': None, 'cmake_target_skip_unavailable': False, 'install_base': '/home/agilex/agilex_ws/install/nav2_lifecycle_manager', 'merge_install': False, 'path': '/home/agilex/agilex_ws/src/navigation2/nav2_lifecycle_manager', 'symlink_install': False, 'test_result_base': None}
[0.612s] Level 5:colcon.colcon_core.verb:set package 'nav2_map_server' build argument 'cmake_args' from command line to 'None'
[0.612s] Level 5:colcon.colcon_core.verb:set package 'nav2_map_server' build argument 'cmake_target' from command line to 'None'
[0.612s] Level 5:colcon.colcon_core.verb:set package 'nav2_map_server' build argument 'cmake_target_skip_unavailable' from command line to 'False'
[0.612s] Level 5:colcon.colcon_core.verb:set package 'nav2_map_server' build argument 'cmake_clean_cache' from command line to 'False'
[0.612s] Level 5:colcon.colcon_core.verb:set package 'nav2_map_server' build argument 'cmake_clean_first' from command line to 'False'
[0.612s] Level 5:colcon.colcon_core.verb:set package 'nav2_map_server' build argument 'cmake_force_configure' from command line to 'False'
[0.612s] Level 5:colcon.colcon_core.verb:set package 'nav2_map_server' build argument 'ament_cmake_args' from command line to 'None'
[0.612s] Level 5:colcon.colcon_core.verb:set package 'nav2_map_server' build argument 'catkin_cmake_args' from command line to 'None'
[0.612s] Level 5:colcon.colcon_core.verb:set package 'nav2_map_server' build argument 'catkin_skip_building_tests' from command line to 'False'
[0.612s] DEBUG:colcon.colcon_core.verb:Building package 'nav2_map_server' with the following arguments: {'ament_cmake_args': None, 'build_base': '/home/agilex/agilex_ws/build/nav2_map_server', 'catkin_cmake_args': None, 'catkin_skip_building_tests': False, 'cmake_args': None, 'cmake_clean_cache': False, 'cmake_clean_first': False, 'cmake_force_configure': False, 'cmake_target': None, 'cmake_target_skip_unavailable': False, 'install_base': '/home/agilex/agilex_ws/install/nav2_map_server', 'merge_install': False, 'path': '/home/agilex/agilex_ws/src/navigation2/nav2_map_server', 'symlink_install': False, 'test_result_base': None}
[0.615s] Level 5:colcon.colcon_core.verb:set package 'nav_2d_utils' build argument 'cmake_args' from command line to 'None'
[0.615s] Level 5:colcon.colcon_core.verb:set package 'nav_2d_utils' build argument 'cmake_target' from command line to 'None'
[0.615s] Level 5:colcon.colcon_core.verb:set package 'nav_2d_utils' build argument 'cmake_target_skip_unavailable' from command line to 'False'
[0.615s] Level 5:colcon.colcon_core.verb:set package 'nav_2d_utils' build argument 'cmake_clean_cache' from command line to 'False'
[0.615s] Level 5:colcon.colcon_core.verb:set package 'nav_2d_utils' build argument 'cmake_clean_first' from command line to 'False'
[0.615s] Level 5:colcon.colcon_core.verb:set package 'nav_2d_utils' build argument 'cmake_force_configure' from command line to 'False'
[0.615s] Level 5:colcon.colcon_core.verb:set package 'nav_2d_utils' build argument 'ament_cmake_args' from command line to 'None'
[0.615s] Level 5:colcon.colcon_core.verb:set package 'nav_2d_utils' build argument 'catkin_cmake_args' from command line to 'None'
[0.615s] Level 5:colcon.colcon_core.verb:set package 'nav_2d_utils' build argument 'catkin_skip_building_tests' from command line to 'False'
[0.615s] DEBUG:colcon.colcon_core.verb:Building package 'nav_2d_utils' with the following arguments: {'ament_cmake_args': None, 'build_base': '/home/agilex/agilex_ws/build/nav_2d_utils', 'catkin_cmake_args': None, 'catkin_skip_building_tests': False, 'cmake_args': None, 'cmake_clean_cache': False, 'cmake_clean_first': False, 'cmake_force_configure': False, 'cmake_target': None, 'cmake_target_skip_unavailable': False, 'install_base': '/home/agilex/agilex_ws/install/nav_2d_utils', 'merge_install': False, 'path': '/home/agilex/agilex_ws/src/navigation2/nav2_dwb_controller/nav_2d_utils', 'symlink_install': False, 'test_result_base': None}
[0.618s] Level 5:colcon.colcon_core.verb:set package 'nav2_costmap_2d' build argument 'cmake_args' from command line to 'None'
[0.618s] Level 5:colcon.colcon_core.verb:set package 'nav2_costmap_2d' build argument 'cmake_target' from command line to 'None'
[0.618s] Level 5:colcon.colcon_core.verb:set package 'nav2_costmap_2d' build argument 'cmake_target_skip_unavailable' from command line to 'False'
[0.618s] Level 5:colcon.colcon_core.verb:set package 'nav2_costmap_2d' build argument 'cmake_clean_cache' from command line to 'False'
[0.618s] Level 5:colcon.colcon_core.verb:set package 'nav2_costmap_2d' build argument 'cmake_clean_first' from command line to 'False'
[0.618s] Level 5:colcon.colcon_core.verb:set package 'nav2_costmap_2d' build argument 'cmake_force_configure' from command line to 'False'
[0.618s] Level 5:colcon.colcon_core.verb:set package 'nav2_costmap_2d' build argument 'ament_cmake_args' from command line to 'None'
[0.618s] Level 5:colcon.colcon_core.verb:set package 'nav2_costmap_2d' build argument 'catkin_cmake_args' from command line to 'None'
[0.618s] Level 5:colcon.colcon_core.verb:set package 'nav2_costmap_2d' build argument 'catkin_skip_building_tests' from command line to 'False'
[0.618s] DEBUG:colcon.colcon_core.verb:Building package 'nav2_costmap_2d' with the following arguments: {'ament_cmake_args': None, 'build_base': '/home/agilex/agilex_ws/build/nav2_costmap_2d', 'catkin_cmake_args': None, 'catkin_skip_building_tests': False, 'cmake_args': None, 'cmake_clean_cache': False, 'cmake_clean_first': False, 'cmake_force_configure': False, 'cmake_target': None, 'cmake_target_skip_unavailable': False, 'install_base': '/home/agilex/agilex_ws/install/nav2_costmap_2d', 'merge_install': False, 'path': '/home/agilex/agilex_ws/src/navigation2/nav2_costmap_2d', 'symlink_install': False, 'test_result_base': None}
[0.621s] Level 5:colcon.colcon_core.verb:set package 'nav2_rviz_plugins' build argument 'cmake_args' from command line to 'None'
[0.621s] Level 5:colcon.colcon_core.verb:set package 'nav2_rviz_plugins' build argument 'cmake_target' from command line to 'None'
[0.621s] Level 5:colcon.colcon_core.verb:set package 'nav2_rviz_plugins' build argument 'cmake_target_skip_unavailable' from command line to 'False'
[0.621s] Level 5:colcon.colcon_core.verb:set package 'nav2_rviz_plugins' build argument 'cmake_clean_cache' from command line to 'False'
[0.621s] Level 5:colcon.colcon_core.verb:set package 'nav2_rviz_plugins' build argument 'cmake_clean_first' from command line to 'False'
[0.621s] Level 5:colcon.colcon_core.verb:set package 'nav2_rviz_plugins' build argument 'cmake_force_configure' from command line to 'False'
[0.621s] Level 5:colcon.colcon_core.verb:set package 'nav2_rviz_plugins' build argument 'ament_cmake_args' from command line to 'None'
[0.621s] Level 5:colcon.colcon_core.verb:set package 'nav2_rviz_plugins' build argument 'catkin_cmake_args' from command line to 'None'
[0.621s] Level 5:colcon.colcon_core.verb:set package 'nav2_rviz_plugins' build argument 'catkin_skip_building_tests' from command line to 'False'
[0.621s] DEBUG:colcon.colcon_core.verb:Building package 'nav2_rviz_plugins' with the following arguments: {'ament_cmake_args': None, 'build_base': '/home/agilex/agilex_ws/build/nav2_rviz_plugins', 'catkin_cmake_args': None, 'catkin_skip_building_tests': False, 'cmake_args': None, 'cmake_clean_cache': False, 'cmake_clean_first': False, 'cmake_force_configure': False, 'cmake_target': None, 'cmake_target_skip_unavailable': False, 'install_base': '/home/agilex/agilex_ws/install/nav2_rviz_plugins', 'merge_install': False, 'path': '/home/agilex/agilex_ws/src/navigation2/nav2_rviz_plugins', 'symlink_install': False, 'test_result_base': None}
[0.624s] Level 5:colcon.colcon_core.verb:set package 'costmap_converter' build argument 'cmake_args' from command line to 'None'
[0.624s] Level 5:colcon.colcon_core.verb:set package 'costmap_converter' build argument 'cmake_target' from command line to 'None'
[0.624s] Level 5:colcon.colcon_core.verb:set package 'costmap_converter' build argument 'cmake_target_skip_unavailable' from command line to 'False'
[0.624s] Level 5:colcon.colcon_core.verb:set package 'costmap_converter' build argument 'cmake_clean_cache' from command line to 'False'
[0.624s] Level 5:colcon.colcon_core.verb:set package 'costmap_converter' build argument 'cmake_clean_first' from command line to 'False'
[0.624s] Level 5:colcon.colcon_core.verb:set package 'costmap_converter' build argument 'cmake_force_configure' from command line to 'False'
[0.624s] Level 5:colcon.colcon_core.verb:set package 'costmap_converter' build argument 'ament_cmake_args' from command line to 'None'
[0.624s] Level 5:colcon.colcon_core.verb:set package 'costmap_converter' build argument 'catkin_cmake_args' from command line to 'None'
[0.624s] Level 5:colcon.colcon_core.verb:set package 'costmap_converter' build argument 'catkin_skip_building_tests' from command line to 'False'
[0.624s] DEBUG:colcon.colcon_core.verb:Building package 'costmap_converter' with the following arguments: {'ament_cmake_args': None, 'build_base': '/home/agilex/agilex_ws/build/costmap_converter', 'catkin_cmake_args': None, 'catkin_skip_building_tests': False, 'cmake_args': None, 'cmake_clean_cache': False, 'cmake_clean_first': False, 'cmake_force_configure': False, 'cmake_target': None, 'cmake_target_skip_unavailable': False, 'install_base': '/home/agilex/agilex_ws/install/costmap_converter', 'merge_install': False, 'path': '/home/agilex/agilex_ws/src/costmap_converter/costmap_converter', 'symlink_install': False, 'test_result_base': None}
[0.627s] Level 5:colcon.colcon_core.verb:set package 'costmap_queue' build argument 'cmake_args' from command line to 'None'
[0.627s] Level 5:colcon.colcon_core.verb:set package 'costmap_queue' build argument 'cmake_target' from command line to 'None'
[0.627s] Level 5:colcon.colcon_core.verb:set package 'costmap_queue' build argument 'cmake_target_skip_unavailable' from command line to 'False'
[0.627s] Level 5:colcon.colcon_core.verb:set package 'costmap_queue' build argument 'cmake_clean_cache' from command line to 'False'
[0.627s] Level 5:colcon.colcon_core.verb:set package 'costmap_queue' build argument 'cmake_clean_first' from command line to 'False'
[0.627s] Level 5:colcon.colcon_core.verb:set package 'costmap_queue' build argument 'cmake_force_configure' from command line to 'False'
[0.627s] Level 5:colcon.colcon_core.verb:set package 'costmap_queue' build argument 'ament_cmake_args' from command line to 'None'
[0.627s] Level 5:colcon.colcon_core.verb:set package 'costmap_queue' build argument 'catkin_cmake_args' from command line to 'None'
[0.627s] Level 5:colcon.colcon_core.verb:set package 'costmap_queue' build argument 'catkin_skip_building_tests' from command line to 'False'
[0.627s] DEBUG:colcon.colcon_core.verb:Building package 'costmap_queue' with the following arguments: {'ament_cmake_args': None, 'build_base': '/home/agilex/agilex_ws/build/costmap_queue', 'catkin_cmake_args': None, 'catkin_skip_building_tests': False, 'cmake_args': None, 'cmake_clean_cache': False, 'cmake_clean_first': False, 'cmake_force_configure': False, 'cmake_target': None, 'cmake_target_skip_unavailable': False, 'install_base': '/home/agilex/agilex_ws/install/costmap_queue', 'merge_install': False, 'path': '/home/agilex/agilex_ws/src/navigation2/nav2_dwb_controller/costmap_queue', 'symlink_install': False, 'test_result_base': None}
[0.630s] Level 5:colcon.colcon_core.verb:set package 'nav2_core' build argument 'cmake_args' from command line to 'None'
[0.631s] Level 5:colcon.colcon_core.verb:set package 'nav2_core' build argument 'cmake_target' from command line to 'None'
[0.631s] Level 5:colcon.colcon_core.verb:set package 'nav2_core' build argument 'cmake_target_skip_unavailable' from command line to 'False'
[0.631s] Level 5:colcon.colcon_core.verb:set package 'nav2_core' build argument 'cmake_clean_cache' from command line to 'False'
[0.631s] Level 5:colcon.colcon_core.verb:set package 'nav2_core' build argument 'cmake_clean_first' from command line to 'False'
[0.631s] Level 5:colcon.colcon_core.verb:set package 'nav2_core' build argument 'cmake_force_configure' from command line to 'False'
[0.631s] Level 5:colcon.colcon_core.verb:set package 'nav2_core' build argument 'ament_cmake_args' from command line to 'None'
[0.631s] Level 5:colcon.colcon_core.verb:set package 'nav2_core' build argument 'catkin_cmake_args' from command line to 'None'
[0.631s] Level 5:colcon.colcon_core.verb:set package 'nav2_core' build argument 'catkin_skip_building_tests' from command line to 'False'
[0.631s] DEBUG:colcon.colcon_core.verb:Building package 'nav2_core' with the following arguments: {'ament_cmake_args': None, 'build_base': '/home/agilex/agilex_ws/build/nav2_core', 'catkin_cmake_args': None, 'catkin_skip_building_tests': False, 'cmake_args': None, 'cmake_clean_cache': False, 'cmake_clean_first': False, 'cmake_force_configure': False, 'cmake_target': None, 'cmake_target_skip_unavailable': False, 'install_base': '/home/agilex/agilex_ws/install/nav2_core', 'merge_install': False, 'path': '/home/agilex/agilex_ws/src/navigation2/nav2_core', 'symlink_install': False, 'test_result_base': None}
[0.634s] Level 5:colcon.colcon_core.verb:set package 'dwb_core' build argument 'cmake_args' from command line to 'None'
[0.634s] Level 5:colcon.colcon_core.verb:set package 'dwb_core' build argument 'cmake_target' from command line to 'None'
[0.634s] Level 5:colcon.colcon_core.verb:set package 'dwb_core' build argument 'cmake_target_skip_unavailable' from command line to 'False'
[0.634s] Level 5:colcon.colcon_core.verb:set package 'dwb_core' build argument 'cmake_clean_cache' from command line to 'False'
[0.634s] Level 5:colcon.colcon_core.verb:set package 'dwb_core' build argument 'cmake_clean_first' from command line to 'False'
[0.634s] Level 5:colcon.colcon_core.verb:set package 'dwb_core' build argument 'cmake_force_configure' from command line to 'False'
[0.634s] Level 5:colcon.colcon_core.verb:set package 'dwb_core' build argument 'ament_cmake_args' from command line to 'None'
[0.634s] Level 5:colcon.colcon_core.verb:set package 'dwb_core' build argument 'catkin_cmake_args' from command line to 'None'
[0.634s] Level 5:colcon.colcon_core.verb:set package 'dwb_core' build argument 'catkin_skip_building_tests' from command line to 'False'
[0.634s] DEBUG:colcon.colcon_core.verb:Building package 'dwb_core' with the following arguments: {'ament_cmake_args': None, 'build_base': '/home/agilex/agilex_ws/build/dwb_core', 'catkin_cmake_args': None, 'catkin_skip_building_tests': False, 'cmake_args': None, 'cmake_clean_cache': False, 'cmake_clean_first': False, 'cmake_force_configure': False, 'cmake_target': None, 'cmake_target_skip_unavailable': False, 'install_base': '/home/agilex/agilex_ws/install/dwb_core', 'merge_install': False, 'path': '/home/agilex/agilex_ws/src/navigation2/nav2_dwb_controller/dwb_core', 'symlink_install': False, 'test_result_base': None}
[0.637s] Level 5:colcon.colcon_core.verb:set package 'nav2_behaviors' build argument 'cmake_args' from command line to 'None'
[0.637s] Level 5:colcon.colcon_core.verb:set package 'nav2_behaviors' build argument 'cmake_target' from command line to 'None'
[0.637s] Level 5:colcon.colcon_core.verb:set package 'nav2_behaviors' build argument 'cmake_target_skip_unavailable' from command line to 'False'
[0.637s] Level 5:colcon.colcon_core.verb:set package 'nav2_behaviors' build argument 'cmake_clean_cache' from command line to 'False'
[0.637s] Level 5:colcon.colcon_core.verb:set package 'nav2_behaviors' build argument 'cmake_clean_first' from command line to 'False'
[0.637s] Level 5:colcon.colcon_core.verb:set package 'nav2_behaviors' build argument 'cmake_force_configure' from command line to 'False'
[0.637s] Level 5:colcon.colcon_core.verb:set package 'nav2_behaviors' build argument 'ament_cmake_args' from command line to 'None'
[0.637s] Level 5:colcon.colcon_core.verb:set package 'nav2_behaviors' build argument 'catkin_cmake_args' from command line to 'None'
[0.637s] Level 5:colcon.colcon_core.verb:set package 'nav2_behaviors' build argument 'catkin_skip_building_tests' from command line to 'False'
[0.637s] DEBUG:colcon.colcon_core.verb:Building package 'nav2_behaviors' with the following arguments: {'ament_cmake_args': None, 'build_base': '/home/agilex/agilex_ws/build/nav2_behaviors', 'catkin_cmake_args': None, 'catkin_skip_building_tests': False, 'cmake_args': None, 'cmake_clean_cache': False, 'cmake_clean_first': False, 'cmake_force_configure': False, 'cmake_target': None, 'cmake_target_skip_unavailable': False, 'install_base': '/home/agilex/agilex_ws/install/nav2_behaviors', 'merge_install': False, 'path': '/home/agilex/agilex_ws/src/navigation2/nav2_behaviors', 'symlink_install': False, 'test_result_base': None}
[0.640s] Level 5:colcon.colcon_core.verb:set package 'nav2_bt_navigator' build argument 'cmake_args' from command line to 'None'
[0.640s] Level 5:colcon.colcon_core.verb:set package 'nav2_bt_navigator' build argument 'cmake_target' from command line to 'None'
[0.640s] Level 5:colcon.colcon_core.verb:set package 'nav2_bt_navigator' build argument 'cmake_target_skip_unavailable' from command line to 'False'
[0.640s] Level 5:colcon.colcon_core.verb:set package 'nav2_bt_navigator' build argument 'cmake_clean_cache' from command line to 'False'
[0.640s] Level 5:colcon.colcon_core.verb:set package 'nav2_bt_navigator' build argument 'cmake_clean_first' from command line to 'False'
[0.640s] Level 5:colcon.colcon_core.verb:set package 'nav2_bt_navigator' build argument 'cmake_force_configure' from command line to 'False'
[0.640s] Level 5:colcon.colcon_core.verb:set package 'nav2_bt_navigator' build argument 'ament_cmake_args' from command line to 'None'
[0.640s] Level 5:colcon.colcon_core.verb:set package 'nav2_bt_navigator' build argument 'catkin_cmake_args' from command line to 'None'
[0.640s] Level 5:colcon.colcon_core.verb:set package 'nav2_bt_navigator' build argument 'catkin_skip_building_tests' from command line to 'False'
[0.640s] DEBUG:colcon.colcon_core.verb:Building package 'nav2_bt_navigator' with the following arguments: {'ament_cmake_args': None, 'build_base': '/home/agilex/agilex_ws/build/nav2_bt_navigator', 'catkin_cmake_args': None, 'catkin_skip_building_tests': False, 'cmake_args': None, 'cmake_clean_cache': False, 'cmake_clean_first': False, 'cmake_force_configure': False, 'cmake_target': None, 'cmake_target_skip_unavailable': False, 'install_base': '/home/agilex/agilex_ws/install/nav2_bt_navigator', 'merge_install': False, 'path': '/home/agilex/agilex_ws/src/navigation2/nav2_bt_navigator', 'symlink_install': False, 'test_result_base': None}
[0.643s] Level 5:colcon.colcon_core.verb:set package 'nav2_constrained_smoother' build argument 'cmake_args' from command line to 'None'
[0.643s] Level 5:colcon.colcon_core.verb:set package 'nav2_constrained_smoother' build argument 'cmake_target' from command line to 'None'
[0.643s] Level 5:colcon.colcon_core.verb:set package 'nav2_constrained_smoother' build argument 'cmake_target_skip_unavailable' from command line to 'False'
[0.643s] Level 5:colcon.colcon_core.verb:set package 'nav2_constrained_smoother' build argument 'cmake_clean_cache' from command line to 'False'
[0.643s] Level 5:colcon.colcon_core.verb:set package 'nav2_constrained_smoother' build argument 'cmake_clean_first' from command line to 'False'
[0.643s] Level 5:colcon.colcon_core.verb:set package 'nav2_constrained_smoother' build argument 'cmake_force_configure' from command line to 'False'
[0.643s] Level 5:colcon.colcon_core.verb:set package 'nav2_constrained_smoother' build argument 'ament_cmake_args' from command line to 'None'
[0.643s] Level 5:colcon.colcon_core.verb:set package 'nav2_constrained_smoother' build argument 'catkin_cmake_args' from command line to 'None'
[0.643s] Level 5:colcon.colcon_core.verb:set package 'nav2_constrained_smoother' build argument 'catkin_skip_building_tests' from command line to 'False'
[0.643s] DEBUG:colcon.colcon_core.verb:Building package 'nav2_constrained_smoother' with the following arguments: {'ament_cmake_args': None, 'build_base': '/home/agilex/agilex_ws/build/nav2_constrained_smoother', 'catkin_cmake_args': None, 'catkin_skip_building_tests': False, 'cmake_args': None, 'cmake_clean_cache': False, 'cmake_clean_first': False, 'cmake_force_configure': False, 'cmake_target': None, 'cmake_target_skip_unavailable': False, 'install_base': '/home/agilex/agilex_ws/install/nav2_constrained_smoother', 'merge_install': False, 'path': '/home/agilex/agilex_ws/src/navigation2/nav2_constrained_smoother', 'symlink_install': False, 'test_result_base': None}
[0.646s] Level 5:colcon.colcon_core.verb:set package 'nav2_controller' build argument 'cmake_args' from command line to 'None'
[0.646s] Level 5:colcon.colcon_core.verb:set package 'nav2_controller' build argument 'cmake_target' from command line to 'None'
[0.646s] Level 5:colcon.colcon_core.verb:set package 'nav2_controller' build argument 'cmake_target_skip_unavailable' from command line to 'False'
[0.646s] Level 5:colcon.colcon_core.verb:set package 'nav2_controller' build argument 'cmake_clean_cache' from command line to 'False'
[0.646s] Level 5:colcon.colcon_core.verb:set package 'nav2_controller' build argument 'cmake_clean_first' from command line to 'False'
[0.646s] Level 5:colcon.colcon_core.verb:set package 'nav2_controller' build argument 'cmake_force_configure' from command line to 'False'
[0.646s] Level 5:colcon.colcon_core.verb:set package 'nav2_controller' build argument 'ament_cmake_args' from command line to 'None'
[0.646s] Level 5:colcon.colcon_core.verb:set package 'nav2_controller' build argument 'catkin_cmake_args' from command line to 'None'
[0.646s] Level 5:colcon.colcon_core.verb:set package 'nav2_controller' build argument 'catkin_skip_building_tests' from command line to 'False'
[0.646s] DEBUG:colcon.colcon_core.verb:Building package 'nav2_controller' with the following arguments: {'ament_cmake_args': None, 'build_base': '/home/agilex/agilex_ws/build/nav2_controller', 'catkin_cmake_args': None, 'catkin_skip_building_tests': False, 'cmake_args': None, 'cmake_clean_cache': False, 'cmake_clean_first': False, 'cmake_force_configure': False, 'cmake_target': None, 'cmake_target_skip_unavailable': False, 'install_base': '/home/agilex/agilex_ws/install/nav2_controller', 'merge_install': False, 'path': '/home/agilex/agilex_ws/src/navigation2/nav2_controller', 'symlink_install': False, 'test_result_base': None}
[0.649s] Level 5:colcon.colcon_core.verb:set package 'nav2_navfn_planner' build argument 'cmake_args' from command line to 'None'
[0.649s] Level 5:colcon.colcon_core.verb:set package 'nav2_navfn_planner' build argument 'cmake_target' from command line to 'None'
[0.649s] Level 5:colcon.colcon_core.verb:set package 'nav2_navfn_planner' build argument 'cmake_target_skip_unavailable' from command line to 'False'
[0.649s] Level 5:colcon.colcon_core.verb:set package 'nav2_navfn_planner' build argument 'cmake_clean_cache' from command line to 'False'
[0.649s] Level 5:colcon.colcon_core.verb:set package 'nav2_navfn_planner' build argument 'cmake_clean_first' from command line to 'False'
[0.649s] Level 5:colcon.colcon_core.verb:set package 'nav2_navfn_planner' build argument 'cmake_force_configure' from command line to 'False'
[0.649s] Level 5:colcon.colcon_core.verb:set package 'nav2_navfn_planner' build argument 'ament_cmake_args' from command line to 'None'
[0.649s] Level 5:colcon.colcon_core.verb:set package 'nav2_navfn_planner' build argument 'catkin_cmake_args' from command line to 'None'
[0.649s] Level 5:colcon.colcon_core.verb:set package 'nav2_navfn_planner' build argument 'catkin_skip_building_tests' from command line to 'False'
[0.649s] DEBUG:colcon.colcon_core.verb:Building package 'nav2_navfn_planner' with the following arguments: {'ament_cmake_args': None, 'build_base': '/home/agilex/agilex_ws/build/nav2_navfn_planner', 'catkin_cmake_args': None, 'catkin_skip_building_tests': False, 'cmake_args': None, 'cmake_clean_cache': False, 'cmake_clean_first': False, 'cmake_force_configure': False, 'cmake_target': None, 'cmake_target_skip_unavailable': False, 'install_base': '/home/agilex/agilex_ws/install/nav2_navfn_planner', 'merge_install': False, 'path': '/home/agilex/agilex_ws/src/navigation2/nav2_navfn_planner', 'symlink_install': False, 'test_result_base': None}
[0.652s] Level 5:colcon.colcon_core.verb:set package 'nav2_planner' build argument 'cmake_args' from command line to 'None'
[0.652s] Level 5:colcon.colcon_core.verb:set package 'nav2_planner' build argument 'cmake_target' from command line to 'None'
[0.652s] Level 5:colcon.colcon_core.verb:set package 'nav2_planner' build argument 'cmake_target_skip_unavailable' from command line to 'False'
[0.652s] Level 5:colcon.colcon_core.verb:set package 'nav2_planner' build argument 'cmake_clean_cache' from command line to 'False'
[0.652s] Level 5:colcon.colcon_core.verb:set package 'nav2_planner' build argument 'cmake_clean_first' from command line to 'False'
[0.652s] Level 5:colcon.colcon_core.verb:set package 'nav2_planner' build argument 'cmake_force_configure' from command line to 'False'
[0.652s] Level 5:colcon.colcon_core.verb:set package 'nav2_planner' build argument 'ament_cmake_args' from command line to 'None'
[0.652s] Level 5:colcon.colcon_core.verb:set package 'nav2_planner' build argument 'catkin_cmake_args' from command line to 'None'
[0.652s] Level 5:colcon.colcon_core.verb:set package 'nav2_planner' build argument 'catkin_skip_building_tests' from command line to 'False'
[0.652s] DEBUG:colcon.colcon_core.verb:Building package 'nav2_planner' with the following arguments: {'ament_cmake_args': None, 'build_base': '/home/agilex/agilex_ws/build/nav2_planner', 'catkin_cmake_args': None, 'catkin_skip_building_tests': False, 'cmake_args': None, 'cmake_clean_cache': False, 'cmake_clean_first': False, 'cmake_force_configure': False, 'cmake_target': None, 'cmake_target_skip_unavailable': False, 'install_base': '/home/agilex/agilex_ws/install/nav2_planner', 'merge_install': False, 'path': '/home/agilex/agilex_ws/src/navigation2/nav2_planner', 'symlink_install': False, 'test_result_base': None}
[0.655s] Level 5:colcon.colcon_core.verb:set package 'nav2_regulated_pure_pursuit_controller' build argument 'cmake_args' from command line to 'None'
[0.655s] Level 5:colcon.colcon_core.verb:set package 'nav2_regulated_pure_pursuit_controller' build argument 'cmake_target' from command line to 'None'
[0.655s] Level 5:colcon.colcon_core.verb:set package 'nav2_regulated_pure_pursuit_controller' build argument 'cmake_target_skip_unavailable' from command line to 'False'
[0.655s] Level 5:colcon.colcon_core.verb:set package 'nav2_regulated_pure_pursuit_controller' build argument 'cmake_clean_cache' from command line to 'False'
[0.655s] Level 5:colcon.colcon_core.verb:set package 'nav2_regulated_pure_pursuit_controller' build argument 'cmake_clean_first' from command line to 'False'
[0.655s] Level 5:colcon.colcon_core.verb:set package 'nav2_regulated_pure_pursuit_controller' build argument 'cmake_force_configure' from command line to 'False'
[0.655s] Level 5:colcon.colcon_core.verb:set package 'nav2_regulated_pure_pursuit_controller' build argument 'ament_cmake_args' from command line to 'None'
[0.655s] Level 5:colcon.colcon_core.verb:set package 'nav2_regulated_pure_pursuit_controller' build argument 'catkin_cmake_args' from command line to 'None'
[0.655s] Level 5:colcon.colcon_core.verb:set package 'nav2_regulated_pure_pursuit_controller' build argument 'catkin_skip_building_tests' from command line to 'False'
[0.655s] DEBUG:colcon.colcon_core.verb:Building package 'nav2_regulated_pure_pursuit_controller' with the following arguments: {'ament_cmake_args': None, 'build_base': '/home/agilex/agilex_ws/build/nav2_regulated_pure_pursuit_controller', 'catkin_cmake_args': None, 'catkin_skip_building_tests': False, 'cmake_args': None, 'cmake_clean_cache': False, 'cmake_clean_first': False, 'cmake_force_configure': False, 'cmake_target': None, 'cmake_target_skip_unavailable': False, 'install_base': '/home/agilex/agilex_ws/install/nav2_regulated_pure_pursuit_controller', 'merge_install': False, 'path': '/home/agilex/agilex_ws/src/navigation2/nav2_regulated_pure_pursuit_controller', 'symlink_install': False, 'test_result_base': None}
[0.658s] Level 5:colcon.colcon_core.verb:set package 'nav2_smac_planner' build argument 'cmake_args' from command line to 'None'
[0.658s] Level 5:colcon.colcon_core.verb:set package 'nav2_smac_planner' build argument 'cmake_target' from command line to 'None'
[0.658s] Level 5:colcon.colcon_core.verb:set package 'nav2_smac_planner' build argument 'cmake_target_skip_unavailable' from command line to 'False'
[0.658s] Level 5:colcon.colcon_core.verb:set package 'nav2_smac_planner' build argument 'cmake_clean_cache' from command line to 'False'
[0.658s] Level 5:colcon.colcon_core.verb:set package 'nav2_smac_planner' build argument 'cmake_clean_first' from command line to 'False'
[0.658s] Level 5:colcon.colcon_core.verb:set package 'nav2_smac_planner' build argument 'cmake_force_configure' from command line to 'False'
[0.658s] Level 5:colcon.colcon_core.verb:set package 'nav2_smac_planner' build argument 'ament_cmake_args' from command line to 'None'
[0.658s] Level 5:colcon.colcon_core.verb:set package 'nav2_smac_planner' build argument 'catkin_cmake_args' from command line to 'None'
[0.658s] Level 5:colcon.colcon_core.verb:set package 'nav2_smac_planner' build argument 'catkin_skip_building_tests' from command line to 'False'
[0.658s] DEBUG:colcon.colcon_core.verb:Building package 'nav2_smac_planner' with the following arguments: {'ament_cmake_args': None, 'build_base': '/home/agilex/agilex_ws/build/nav2_smac_planner', 'catkin_cmake_args': None, 'catkin_skip_building_tests': False, 'cmake_args': None, 'cmake_clean_cache': False, 'cmake_clean_first': False, 'cmake_force_configure': False, 'cmake_target': None, 'cmake_target_skip_unavailable': False, 'install_base': '/home/agilex/agilex_ws/install/nav2_smac_planner', 'merge_install': False, 'path': '/home/agilex/agilex_ws/src/navigation2/nav2_smac_planner', 'symlink_install': False, 'test_result_base': None}
[0.661s] Level 5:colcon.colcon_core.verb:set package 'nav2_smoother' build argument 'cmake_args' from command line to 'None'
[0.661s] Level 5:colcon.colcon_core.verb:set package 'nav2_smoother' build argument 'cmake_target' from command line to 'None'
[0.661s] Level 5:colcon.colcon_core.verb:set package 'nav2_smoother' build argument 'cmake_target_skip_unavailable' from command line to 'False'
[0.661s] Level 5:colcon.colcon_core.verb:set package 'nav2_smoother' build argument 'cmake_clean_cache' from command line to 'False'
[0.661s] Level 5:colcon.colcon_core.verb:set package 'nav2_smoother' build argument 'cmake_clean_first' from command line to 'False'
[0.661s] Level 5:colcon.colcon_core.verb:set package 'nav2_smoother' build argument 'cmake_force_configure' from command line to 'False'
[0.661s] Level 5:colcon.colcon_core.verb:set package 'nav2_smoother' build argument 'ament_cmake_args' from command line to 'None'
[0.661s] Level 5:colcon.colcon_core.verb:set package 'nav2_smoother' build argument 'catkin_cmake_args' from command line to 'None'
[0.661s] Level 5:colcon.colcon_core.verb:set package 'nav2_smoother' build argument 'catkin_skip_building_tests' from command line to 'False'
[0.661s] DEBUG:colcon.colcon_core.verb:Building package 'nav2_smoother' with the following arguments: {'ament_cmake_args': None, 'build_base': '/home/agilex/agilex_ws/build/nav2_smoother', 'catkin_cmake_args': None, 'catkin_skip_building_tests': False, 'cmake_args': None, 'cmake_clean_cache': False, 'cmake_clean_first': False, 'cmake_force_configure': False, 'cmake_target': None, 'cmake_target_skip_unavailable': False, 'install_base': '/home/agilex/agilex_ws/install/nav2_smoother', 'merge_install': False, 'path': '/home/agilex/agilex_ws/src/navigation2/nav2_smoother', 'symlink_install': False, 'test_result_base': None}
[0.664s] Level 5:colcon.colcon_core.verb:set package 'nav2_theta_star_planner' build argument 'cmake_args' from command line to 'None'
[0.664s] Level 5:colcon.colcon_core.verb:set package 'nav2_theta_star_planner' build argument 'cmake_target' from command line to 'None'
[0.664s] Level 5:colcon.colcon_core.verb:set package 'nav2_theta_star_planner' build argument 'cmake_target_skip_unavailable' from command line to 'False'
[0.664s] Level 5:colcon.colcon_core.verb:set package 'nav2_theta_star_planner' build argument 'cmake_clean_cache' from command line to 'False'
[0.664s] Level 5:colcon.colcon_core.verb:set package 'nav2_theta_star_planner' build argument 'cmake_clean_first' from command line to 'False'
[0.664s] Level 5:colcon.colcon_core.verb:set package 'nav2_theta_star_planner' build argument 'cmake_force_configure' from command line to 'False'
[0.664s] Level 5:colcon.colcon_core.verb:set package 'nav2_theta_star_planner' build argument 'ament_cmake_args' from command line to 'None'
[0.664s] Level 5:colcon.colcon_core.verb:set package 'nav2_theta_star_planner' build argument 'catkin_cmake_args' from command line to 'None'
[0.664s] Level 5:colcon.colcon_core.verb:set package 'nav2_theta_star_planner' build argument 'catkin_skip_building_tests' from command line to 'False'
[0.664s] DEBUG:colcon.colcon_core.verb:Building package 'nav2_theta_star_planner' with the following arguments: {'ament_cmake_args': None, 'build_base': '/home/agilex/agilex_ws/build/nav2_theta_star_planner', 'catkin_cmake_args': None, 'catkin_skip_building_tests': False, 'cmake_args': None, 'cmake_clean_cache': False, 'cmake_clean_first': False, 'cmake_force_configure': False, 'cmake_target': None, 'cmake_target_skip_unavailable': False, 'install_base': '/home/agilex/agilex_ws/install/nav2_theta_star_planner', 'merge_install': False, 'path': '/home/agilex/agilex_ws/src/navigation2/nav2_theta_star_planner', 'symlink_install': False, 'test_result_base': None}
[0.667s] Level 5:colcon.colcon_core.verb:set package 'nav2_waypoint_follower' build argument 'cmake_args' from command line to 'None'
[0.667s] Level 5:colcon.colcon_core.verb:set package 'nav2_waypoint_follower' build argument 'cmake_target' from command line to 'None'
[0.667s] Level 5:colcon.colcon_core.verb:set package 'nav2_waypoint_follower' build argument 'cmake_target_skip_unavailable' from command line to 'False'
[0.667s] Level 5:colcon.colcon_core.verb:set package 'nav2_waypoint_follower' build argument 'cmake_clean_cache' from command line to 'False'
[0.667s] Level 5:colcon.colcon_core.verb:set package 'nav2_waypoint_follower' build argument 'cmake_clean_first' from command line to 'False'
[0.667s] Level 5:colcon.colcon_core.verb:set package 'nav2_waypoint_follower' build argument 'cmake_force_configure' from command line to 'False'
[0.667s] Level 5:colcon.colcon_core.verb:set package 'nav2_waypoint_follower' build argument 'ament_cmake_args' from command line to 'None'
[0.667s] Level 5:colcon.colcon_core.verb:set package 'nav2_waypoint_follower' build argument 'catkin_cmake_args' from command line to 'None'
[0.667s] Level 5:colcon.colcon_core.verb:set package 'nav2_waypoint_follower' build argument 'catkin_skip_building_tests' from command line to 'False'
[0.668s] DEBUG:colcon.colcon_core.verb:Building package 'nav2_waypoint_follower' with the following arguments: {'ament_cmake_args': None, 'build_base': '/home/agilex/agilex_ws/build/nav2_waypoint_follower', 'catkin_cmake_args': None, 'catkin_skip_building_tests': False, 'cmake_args': None, 'cmake_clean_cache': False, 'cmake_clean_first': False, 'cmake_force_configure': False, 'cmake_target': None, 'cmake_target_skip_unavailable': False, 'install_base': '/home/agilex/agilex_ws/install/nav2_waypoint_follower', 'merge_install': False, 'path': '/home/agilex/agilex_ws/src/navigation2/nav2_waypoint_follower', 'symlink_install': False, 'test_result_base': None}
[0.670s] Level 5:colcon.colcon_core.verb:set package 'dwb_critics' build argument 'cmake_args' from command line to 'None'
[0.671s] Level 5:colcon.colcon_core.verb:set package 'dwb_critics' build argument 'cmake_target' from command line to 'None'
[0.671s] Level 5:colcon.colcon_core.verb:set package 'dwb_critics' build argument 'cmake_target_skip_unavailable' from command line to 'False'
[0.671s] Level 5:colcon.colcon_core.verb:set package 'dwb_critics' build argument 'cmake_clean_cache' from command line to 'False'
[0.671s] Level 5:colcon.colcon_core.verb:set package 'dwb_critics' build argument 'cmake_clean_first' from command line to 'False'
[0.671s] Level 5:colcon.colcon_core.verb:set package 'dwb_critics' build argument 'cmake_force_configure' from command line to 'False'
[0.671s] Level 5:colcon.colcon_core.verb:set package 'dwb_critics' build argument 'ament_cmake_args' from command line to 'None'
[0.671s] Level 5:colcon.colcon_core.verb:set package 'dwb_critics' build argument 'catkin_cmake_args' from command line to 'None'
[0.671s] Level 5:colcon.colcon_core.verb:set package 'dwb_critics' build argument 'catkin_skip_building_tests' from command line to 'False'
[0.671s] DEBUG:colcon.colcon_core.verb:Building package 'dwb_critics' with the following arguments: {'ament_cmake_args': None, 'build_base': '/home/agilex/agilex_ws/build/dwb_critics', 'catkin_cmake_args': None, 'catkin_skip_building_tests': False, 'cmake_args': None, 'cmake_clean_cache': False, 'cmake_clean_first': False, 'cmake_force_configure': False, 'cmake_target': None, 'cmake_target_skip_unavailable': False, 'install_base': '/home/agilex/agilex_ws/install/dwb_critics', 'merge_install': False, 'path': '/home/agilex/agilex_ws/src/navigation2/nav2_dwb_controller/dwb_critics', 'symlink_install': False, 'test_result_base': None}
[0.674s] Level 5:colcon.colcon_core.verb:set package 'dwb_plugins' build argument 'cmake_args' from command line to 'None'
[0.674s] Level 5:colcon.colcon_core.verb:set package 'dwb_plugins' build argument 'cmake_target' from command line to 'None'
[0.674s] Level 5:colcon.colcon_core.verb:set package 'dwb_plugins' build argument 'cmake_target_skip_unavailable' from command line to 'False'
[0.674s] Level 5:colcon.colcon_core.verb:set package 'dwb_plugins' build argument 'cmake_clean_cache' from command line to 'False'
[0.674s] Level 5:colcon.colcon_core.verb:set package 'dwb_plugins' build argument 'cmake_clean_first' from command line to 'False'
[0.674s] Level 5:colcon.colcon_core.verb:set package 'dwb_plugins' build argument 'cmake_force_configure' from command line to 'False'
[0.674s] Level 5:colcon.colcon_core.verb:set package 'dwb_plugins' build argument 'ament_cmake_args' from command line to 'None'
[0.674s] Level 5:colcon.colcon_core.verb:set package 'dwb_plugins' build argument 'catkin_cmake_args' from command line to 'None'
[0.674s] Level 5:colcon.colcon_core.verb:set package 'dwb_plugins' build argument 'catkin_skip_building_tests' from command line to 'False'
[0.674s] DEBUG:colcon.colcon_core.verb:Building package 'dwb_plugins' with the following arguments: {'ament_cmake_args': None, 'build_base': '/home/agilex/agilex_ws/build/dwb_plugins', 'catkin_cmake_args': None, 'catkin_skip_building_tests': False, 'cmake_args': None, 'cmake_clean_cache': False, 'cmake_clean_first': False, 'cmake_force_configure': False, 'cmake_target': None, 'cmake_target_skip_unavailable': False, 'install_base': '/home/agilex/agilex_ws/install/dwb_plugins', 'merge_install': False, 'path': '/home/agilex/agilex_ws/src/navigation2/nav2_dwb_controller/dwb_plugins', 'symlink_install': False, 'test_result_base': None}
[0.677s] Level 5:colcon.colcon_core.verb:set package 'limo_bringup' build argument 'cmake_args' from command line to 'None'
[0.677s] Level 5:colcon.colcon_core.verb:set package 'limo_bringup' build argument 'cmake_target' from command line to 'None'
[0.677s] Level 5:colcon.colcon_core.verb:set package 'limo_bringup' build argument 'cmake_target_skip_unavailable' from command line to 'False'
[0.677s] Level 5:colcon.colcon_core.verb:set package 'limo_bringup' build argument 'cmake_clean_cache' from command line to 'False'
[0.677s] Level 5:colcon.colcon_core.verb:set package 'limo_bringup' build argument 'cmake_clean_first' from command line to 'False'
[0.677s] Level 5:colcon.colcon_core.verb:set package 'limo_bringup' build argument 'cmake_force_configure' from command line to 'False'
[0.677s] Level 5:colcon.colcon_core.verb:set package 'limo_bringup' build argument 'ament_cmake_args' from command line to 'None'
[0.677s] Level 5:colcon.colcon_core.verb:set package 'limo_bringup' build argument 'catkin_cmake_args' from command line to 'None'
[0.677s] Level 5:colcon.colcon_core.verb:set package 'limo_bringup' build argument 'catkin_skip_building_tests' from command line to 'False'
[0.677s] DEBUG:colcon.colcon_core.verb:Building package 'limo_bringup' with the following arguments: {'ament_cmake_args': None, 'build_base': '/home/agilex/agilex_ws/build/limo_bringup', 'catkin_cmake_args': None, 'catkin_skip_building_tests': False, 'cmake_args': None, 'cmake_clean_cache': False, 'cmake_clean_first': False, 'cmake_force_configure': False, 'cmake_target': None, 'cmake_target_skip_unavailable': False, 'install_base': '/home/agilex/agilex_ws/install/limo_bringup', 'merge_install': False, 'path': '/home/agilex/agilex_ws/src/limo_ros2/limo_bringup', 'symlink_install': False, 'test_result_base': None}
[0.680s] Level 5:colcon.colcon_core.verb:set package 'nav2_rotation_shim_controller' build argument 'cmake_args' from command line to 'None'
[0.680s] Level 5:colcon.colcon_core.verb:set package 'nav2_rotation_shim_controller' build argument 'cmake_target' from command line to 'None'
[0.680s] Level 5:colcon.colcon_core.verb:set package 'nav2_rotation_shim_controller' build argument 'cmake_target_skip_unavailable' from command line to 'False'
[0.680s] Level 5:colcon.colcon_core.verb:set package 'nav2_rotation_shim_controller' build argument 'cmake_clean_cache' from command line to 'False'
[0.680s] Level 5:colcon.colcon_core.verb:set package 'nav2_rotation_shim_controller' build argument 'cmake_clean_first' from command line to 'False'
[0.680s] Level 5:colcon.colcon_core.verb:set package 'nav2_rotation_shim_controller' build argument 'cmake_force_configure' from command line to 'False'
[0.680s] Level 5:colcon.colcon_core.verb:set package 'nav2_rotation_shim_controller' build argument 'ament_cmake_args' from command line to 'None'
[0.680s] Level 5:colcon.colcon_core.verb:set package 'nav2_rotation_shim_controller' build argument 'catkin_cmake_args' from command line to 'None'
[0.680s] Level 5:colcon.colcon_core.verb:set package 'nav2_rotation_shim_controller' build argument 'catkin_skip_building_tests' from command line to 'False'
[0.680s] DEBUG:colcon.colcon_core.verb:Building package 'nav2_rotation_shim_controller' with the following arguments: {'ament_cmake_args': None, 'build_base': '/home/agilex/agilex_ws/build/nav2_rotation_shim_controller', 'catkin_cmake_args': None, 'catkin_skip_building_tests': False, 'cmake_args': None, 'cmake_clean_cache': False, 'cmake_clean_first': False, 'cmake_force_configure': False, 'cmake_target': None, 'cmake_target_skip_unavailable': False, 'install_base': '/home/agilex/agilex_ws/install/nav2_rotation_shim_controller', 'merge_install': False, 'path': '/home/agilex/agilex_ws/src/navigation2/nav2_rotation_shim_controller', 'symlink_install': False, 'test_result_base': None}
[0.683s] Level 5:colcon.colcon_core.verb:set package 'nav2_dwb_controller' build argument 'cmake_args' from command line to 'None'
[0.683s] Level 5:colcon.colcon_core.verb:set package 'nav2_dwb_controller' build argument 'cmake_target' from command line to 'None'
[0.683s] Level 5:colcon.colcon_core.verb:set package 'nav2_dwb_controller' build argument 'cmake_target_skip_unavailable' from command line to 'False'
[0.683s] Level 5:colcon.colcon_core.verb:set package 'nav2_dwb_controller' build argument 'cmake_clean_cache' from command line to 'False'
[0.683s] Level 5:colcon.colcon_core.verb:set package 'nav2_dwb_controller' build argument 'cmake_clean_first' from command line to 'False'
[0.683s] Level 5:colcon.colcon_core.verb:set package 'nav2_dwb_controller' build argument 'cmake_force_configure' from command line to 'False'
[0.683s] Level 5:colcon.colcon_core.verb:set package 'nav2_dwb_controller' build argument 'ament_cmake_args' from command line to 'None'
[0.683s] Level 5:colcon.colcon_core.verb:set package 'nav2_dwb_controller' build argument 'catkin_cmake_args' from command line to 'None'
[0.683s] Level 5:colcon.colcon_core.verb:set package 'nav2_dwb_controller' build argument 'catkin_skip_building_tests' from command line to 'False'
[0.683s] DEBUG:colcon.colcon_core.verb:Building package 'nav2_dwb_controller' with the following arguments: {'ament_cmake_args': None, 'build_base': '/home/agilex/agilex_ws/build/nav2_dwb_controller', 'catkin_cmake_args': None, 'catkin_skip_building_tests': False, 'cmake_args': None, 'cmake_clean_cache': False, 'cmake_clean_first': False, 'cmake_force_configure': False, 'cmake_target': None, 'cmake_target_skip_unavailable': False, 'install_base': '/home/agilex/agilex_ws/install/nav2_dwb_controller', 'merge_install': False, 'path': '/home/agilex/agilex_ws/src/navigation2/nav2_dwb_controller/nav2_dwb_controller', 'symlink_install': False, 'test_result_base': None}
[0.686s] Level 5:colcon.colcon_core.verb:set package 'navigation2' build argument 'cmake_args' from command line to 'None'
[0.686s] Level 5:colcon.colcon_core.verb:set package 'navigation2' build argument 'cmake_target' from command line to 'None'
[0.686s] Level 5:colcon.colcon_core.verb:set package 'navigation2' build argument 'cmake_target_skip_unavailable' from command line to 'False'
[0.686s] Level 5:colcon.colcon_core.verb:set package 'navigation2' build argument 'cmake_clean_cache' from command line to 'False'
[0.686s] Level 5:colcon.colcon_core.verb:set package 'navigation2' build argument 'cmake_clean_first' from command line to 'False'
[0.686s] Level 5:colcon.colcon_core.verb:set package 'navigation2' build argument 'cmake_force_configure' from command line to 'False'
[0.686s] Level 5:colcon.colcon_core.verb:set package 'navigation2' build argument 'ament_cmake_args' from command line to 'None'
[0.686s] Level 5:colcon.colcon_core.verb:set package 'navigation2' build argument 'catkin_cmake_args' from command line to 'None'
[0.686s] Level 5:colcon.colcon_core.verb:set package 'navigation2' build argument 'catkin_skip_building_tests' from command line to 'False'
[0.686s] DEBUG:colcon.colcon_core.verb:Building package 'navigation2' with the following arguments: {'ament_cmake_args': None, 'build_base': '/home/agilex/agilex_ws/build/navigation2', 'catkin_cmake_args': None, 'catkin_skip_building_tests': False, 'cmake_args': None, 'cmake_clean_cache': False, 'cmake_clean_first': False, 'cmake_force_configure': False, 'cmake_target': None, 'cmake_target_skip_unavailable': False, 'install_base': '/home/agilex/agilex_ws/install/navigation2', 'merge_install': False, 'path': '/home/agilex/agilex_ws/src/navigation2/navigation2', 'symlink_install': False, 'test_result_base': None}
[0.689s] Level 5:colcon.colcon_core.verb:set package 'nav2_bringup' build argument 'cmake_args' from command line to 'None'
[0.689s] Level 5:colcon.colcon_core.verb:set package 'nav2_bringup' build argument 'cmake_target' from command line to 'None'
[0.689s] Level 5:colcon.colcon_core.verb:set package 'nav2_bringup' build argument 'cmake_target_skip_unavailable' from command line to 'False'
[0.689s] Level 5:colcon.colcon_core.verb:set package 'nav2_bringup' build argument 'cmake_clean_cache' from command line to 'False'
[0.689s] Level 5:colcon.colcon_core.verb:set package 'nav2_bringup' build argument 'cmake_clean_first' from command line to 'False'
[0.689s] Level 5:colcon.colcon_core.verb:set package 'nav2_bringup' build argument 'cmake_force_configure' from command line to 'False'
[0.689s] Level 5:colcon.colcon_core.verb:set package 'nav2_bringup' build argument 'ament_cmake_args' from command line to 'None'
[0.689s] Level 5:colcon.colcon_core.verb:set package 'nav2_bringup' build argument 'catkin_cmake_args' from command line to 'None'
[0.689s] Level 5:colcon.colcon_core.verb:set package 'nav2_bringup' build argument 'catkin_skip_building_tests' from command line to 'False'
[0.689s] DEBUG:colcon.colcon_core.verb:Building package 'nav2_bringup' with the following arguments: {'ament_cmake_args': None, 'build_base': '/home/agilex/agilex_ws/build/nav2_bringup', 'catkin_cmake_args': None, 'catkin_skip_building_tests': False, 'cmake_args': None, 'cmake_clean_cache': False, 'cmake_clean_first': False, 'cmake_force_configure': False, 'cmake_target': None, 'cmake_target_skip_unavailable': False, 'install_base': '/home/agilex/agilex_ws/install/nav2_bringup', 'merge_install': False, 'path': '/home/agilex/agilex_ws/src/navigation2/nav2_bringup', 'symlink_install': False, 'test_result_base': None}
[0.692s] Level 5:colcon.colcon_core.verb:set package 'nav2_system_tests' build argument 'cmake_args' from command line to 'None'
[0.692s] Level 5:colcon.colcon_core.verb:set package 'nav2_system_tests' build argument 'cmake_target' from command line to 'None'
[0.692s] Level 5:colcon.colcon_core.verb:set package 'nav2_system_tests' build argument 'cmake_target_skip_unavailable' from command line to 'False'
[0.692s] Level 5:colcon.colcon_core.verb:set package 'nav2_system_tests' build argument 'cmake_clean_cache' from command line to 'False'
[0.692s] Level 5:colcon.colcon_core.verb:set package 'nav2_system_tests' build argument 'cmake_clean_first' from command line to 'False'
[0.692s] Level 5:colcon.colcon_core.verb:set package 'nav2_system_tests' build argument 'cmake_force_configure' from command line to 'False'
[0.692s] Level 5:colcon.colcon_core.verb:set package 'nav2_system_tests' build argument 'ament_cmake_args' from command line to 'None'
[0.692s] Level 5:colcon.colcon_core.verb:set package 'nav2_system_tests' build argument 'catkin_cmake_args' from command line to 'None'
[0.692s] Level 5:colcon.colcon_core.verb:set package 'nav2_system_tests' build argument 'catkin_skip_building_tests' from command line to 'False'
[0.692s] DEBUG:colcon.colcon_core.verb:Building package 'nav2_system_tests' with the following arguments: {'ament_cmake_args': None, 'build_base': '/home/agilex/agilex_ws/build/nav2_system_tests', 'catkin_cmake_args': None, 'catkin_skip_building_tests': False, 'cmake_args': None, 'cmake_clean_cache': False, 'cmake_clean_first': False, 'cmake_force_configure': False, 'cmake_target': None, 'cmake_target_skip_unavailable': False, 'install_base': '/home/agilex/agilex_ws/install/nav2_system_tests', 'merge_install': False, 'path': '/home/agilex/agilex_ws/src/navigation2/nav2_system_tests', 'symlink_install': False, 'test_result_base': None}
[0.695s] Level 5:colcon.colcon_core.verb:set package 'teb_local_planner' build argument 'cmake_args' from command line to 'None'
[0.695s] Level 5:colcon.colcon_core.verb:set package 'teb_local_planner' build argument 'cmake_target' from command line to 'None'
[0.695s] Level 5:colcon.colcon_core.verb:set package 'teb_local_planner' build argument 'cmake_target_skip_unavailable' from command line to 'False'
[0.695s] Level 5:colcon.colcon_core.verb:set package 'teb_local_planner' build argument 'cmake_clean_cache' from command line to 'False'
[0.695s] Level 5:colcon.colcon_core.verb:set package 'teb_local_planner' build argument 'cmake_clean_first' from command line to 'False'
[0.695s] Level 5:colcon.colcon_core.verb:set package 'teb_local_planner' build argument 'cmake_force_configure' from command line to 'False'
[0.695s] Level 5:colcon.colcon_core.verb:set package 'teb_local_planner' build argument 'ament_cmake_args' from command line to 'None'
[0.695s] Level 5:colcon.colcon_core.verb:set package 'teb_local_planner' build argument 'catkin_cmake_args' from command line to 'None'
[0.695s] Level 5:colcon.colcon_core.verb:set package 'teb_local_planner' build argument 'catkin_skip_building_tests' from command line to 'False'
[0.695s] DEBUG:colcon.colcon_core.verb:Building package 'teb_local_planner' with the following arguments: {'ament_cmake_args': None, 'build_base': '/home/agilex/agilex_ws/build/teb_local_planner', 'catkin_cmake_args': None, 'catkin_skip_building_tests': False, 'cmake_args': None, 'cmake_clean_cache': False, 'cmake_clean_first': False, 'cmake_force_configure': False, 'cmake_target': None, 'cmake_target_skip_unavailable': False, 'install_base': '/home/agilex/agilex_ws/install/teb_local_planner', 'merge_install': False, 'path': '/home/agilex/agilex_ws/src/teb_local_planner/teb_local_planner', 'symlink_install': False, 'test_result_base': None}
[0.698s] INFO:colcon.colcon_core.executor:Executing jobs using 'parallel' executor
[0.702s] DEBUG:colcon.colcon_parallel_executor.executor.parallel:run_until_complete
[0.702s] INFO:colcon.colcon_ros.task.ament_cmake.build:Building ROS package in '/home/agilex/agilex_ws/src/navigation2/nav2_common' with build type 'ament_cmake'
[0.702s] INFO:colcon.colcon_cmake.task.cmake.build:Building CMake package in '/home/agilex/agilex_ws/src/navigation2/nav2_common'
[0.709s] INFO:colcon.colcon_core.plugin_system:Skipping extension 'colcon_core.shell.bat': Not used on non-Windows systems
[0.709s] INFO:colcon.colcon_core.shell:Skip shell extension 'powershell' for command environment: Not usable outside of PowerShell
[0.709s] DEBUG:colcon.colcon_core.shell:Skip shell extension 'dsv' for command environment
[0.713s] INFO:colcon.colcon_ros.task.ament_cmake.build:Building ROS package in '/home/agilex/agilex_ws/src/navigation2/nav2_dwb_controller/nav_2d_msgs' with build type 'ament_cmake'
[0.713s] INFO:colcon.colcon_cmake.task.cmake.build:Building CMake package in '/home/agilex/agilex_ws/src/navigation2/nav2_dwb_controller/nav_2d_msgs'
[0.717s] INFO:colcon.colcon_core.shell:Skip shell extension 'powershell' for command environment: Not usable outside of PowerShell
[0.717s] DEBUG:colcon.colcon_core.shell:Skip shell extension 'dsv' for command environment
[0.720s] INFO:colcon.colcon_ros.task.ament_cmake.build:Building ROS package in '/home/agilex/agilex_ws/src/costmap_converter/costmap_converter_msgs' with build type 'ament_cmake'
[0.720s] INFO:colcon.colcon_cmake.task.cmake.build:Building CMake package in '/home/agilex/agilex_ws/src/costmap_converter/costmap_converter_msgs'
[0.724s] INFO:colcon.colcon_core.shell:Skip shell extension 'powershell' for command environment: Not usable outside of PowerShell
[0.724s] DEBUG:colcon.colcon_core.shell:Skip shell extension 'dsv' for command environment
[0.728s] INFO:colcon.colcon_ros.task.ament_cmake.build:Building ROS package in '/home/agilex/agilex_ws/src/limo_ros2/limo_msgs' with build type 'ament_cmake'
[0.728s] INFO:colcon.colcon_cmake.task.cmake.build:Building CMake package in '/home/agilex/agilex_ws/src/limo_ros2/limo_msgs'
[0.732s] INFO:colcon.colcon_core.shell:Skip shell extension 'powershell' for command environment: Not usable outside of PowerShell
[0.732s] DEBUG:colcon.colcon_core.shell:Skip shell extension 'dsv' for command environment
[0.737s] INFO:colcon.colcon_ros.task.ament_cmake.build:Building ROS package in '/home/agilex/agilex_ws/src/aruco_ros/aruco' with build type 'ament_cmake'
[0.737s] INFO:colcon.colcon_cmake.task.cmake.build:Building CMake package in '/home/agilex/agilex_ws/src/aruco_ros/aruco'
[0.740s] INFO:colcon.colcon_core.shell:Skip shell extension 'powershell' for command environment: Not usable outside of PowerShell
[0.740s] DEBUG:colcon.colcon_core.shell:Skip shell extension 'dsv' for command environment
[0.744s] INFO:colcon.colcon_ros.task.ament_cmake.build:Building ROS package in '/home/agilex/agilex_ws/src/aruco_ros/aruco_msgs' with build type 'ament_cmake'
[0.744s] INFO:colcon.colcon_cmake.task.cmake.build:Building CMake package in '/home/agilex/agilex_ws/src/aruco_ros/aruco_msgs'
[0.748s] INFO:colcon.colcon_core.shell:Skip shell extension 'powershell' for command environment: Not usable outside of PowerShell
[0.748s] DEBUG:colcon.colcon_core.shell:Skip shell extension 'dsv' for command environment
[0.752s] INFO:colcon.colcon_ros.task.ament_cmake.build:Building ROS package in '/home/agilex/agilex_ws/src/OrbbecSDK_ROS2/orbbec_camera_msgs' with build type 'ament_cmake'
[0.752s] INFO:colcon.colcon_cmake.task.cmake.build:Building CMake package in '/home/agilex/agilex_ws/src/OrbbecSDK_ROS2/orbbec_camera_msgs'
[0.755s] INFO:colcon.colcon_core.shell:Skip shell extension 'powershell' for command environment: Not usable outside of PowerShell
[0.755s] DEBUG:colcon.colcon_core.shell:Skip shell extension 'dsv' for command environment
[0.759s] INFO:colcon.colcon_ros.task.ament_cmake.build:Building ROS package in '/home/agilex/agilex_ws/src/csm' with build type 'ament_cmake'
[0.759s] INFO:colcon.colcon_cmake.task.cmake.build:Building CMake package in '/home/agilex/agilex_ws/src/csm'
[0.762s] INFO:colcon.colcon_core.shell:Skip shell extension 'powershell' for command environment: Not usable outside of PowerShell
[0.762s] DEBUG:colcon.colcon_core.shell:Skip shell extension 'dsv' for command environment
[0.766s] INFO:colcon.colcon_ros.task.ament_cmake.build:Building ROS package in '/home/agilex/agilex_ws/src/limo_car' with build type 'ament_cmake'
[0.766s] INFO:colcon.colcon_cmake.task.cmake.build:Building CMake package in '/home/agilex/agilex_ws/src/limo_car'
[0.770s] INFO:colcon.colcon_core.shell:Skip shell extension 'powershell' for command environment: Not usable outside of PowerShell
[0.770s] DEBUG:colcon.colcon_core.shell:Skip shell extension 'dsv' for command environment
[0.773s] INFO:colcon.colcon_ros.task.ament_cmake.build:Building ROS package in '/home/agilex/agilex_ws/src/limo_ros2/limo_description' with build type 'ament_cmake'
[0.774s] INFO:colcon.colcon_cmake.task.cmake.build:Building CMake package in '/home/agilex/agilex_ws/src/limo_ros2/limo_description'
[0.777s] INFO:colcon.colcon_core.shell:Skip shell extension 'powershell' for command environment: Not usable outside of PowerShell
[0.777s] DEBUG:colcon.colcon_core.shell:Skip shell extension 'dsv' for command environment
[0.780s] INFO:colcon.colcon_ros.task.ament_cmake.build:Building ROS package in '/home/agilex/agilex_ws/src/limo_visions' with build type 'ament_cmake'
[0.780s] INFO:colcon.colcon_cmake.task.cmake.build:Building CMake package in '/home/agilex/agilex_ws/src/limo_visions'
[0.784s] INFO:colcon.colcon_core.shell:Skip shell extension 'powershell' for command environment: Not usable outside of PowerShell
[0.784s] DEBUG:colcon.colcon_core.shell:Skip shell extension 'dsv' for command environment
[0.787s] INFO:colcon.colcon_ros.task.ament_cmake.build:Building ROS package in '/home/agilex/agilex_ws/src/OrbbecSDK_ROS2/orbbec_description' with build type 'ament_cmake'
[0.787s] INFO:colcon.colcon_cmake.task.cmake.build:Building CMake package in '/home/agilex/agilex_ws/src/OrbbecSDK_ROS2/orbbec_description'
[0.791s] INFO:colcon.colcon_core.shell:Skip shell extension 'powershell' for command environment: Not usable outside of PowerShell
[0.791s] DEBUG:colcon.colcon_core.shell:Skip shell extension 'dsv' for command environment
[0.794s] INFO:colcon.colcon_ros.task.ament_cmake.build:Building ROS package in '/home/agilex/agilex_ws/src/rf2o_laser_odometry' with build type 'ament_cmake'
[0.795s] INFO:colcon.colcon_cmake.task.cmake.build:Building CMake package in '/home/agilex/agilex_ws/src/rf2o_laser_odometry'
[0.798s] INFO:colcon.colcon_core.shell:Skip shell extension 'powershell' for command environment: Not usable outside of PowerShell
[0.798s] DEBUG:colcon.colcon_core.shell:Skip shell extension 'dsv' for command environment
[0.802s] INFO:colcon.colcon_ros.task.ament_cmake.build:Building ROS package in '/home/agilex/agilex_ws/src/ydlidar_ros2_driver' with build type 'ament_cmake'
[0.802s] INFO:colcon.colcon_cmake.task.cmake.build:Building CMake package in '/home/agilex/agilex_ws/src/ydlidar_ros2_driver'
[0.805s] INFO:colcon.colcon_core.shell:Skip shell extension 'powershell' for command environment: Not usable outside of PowerShell
[0.805s] DEBUG:colcon.colcon_core.shell:Skip shell extension 'dsv' for command environment
[0.809s] INFO:colcon.colcon_cmake.task.cmake.build:Building CMake package in '/home/agilex/agilex_ws/src/YDLidar-SDK'
[0.812s] INFO:colcon.colcon_core.shell:Skip shell extension 'powershell' for command environment: Not usable outside of PowerShell
[0.812s] DEBUG:colcon.colcon_core.shell:Skip shell extension 'dsv' for command environment
[0.816s] INFO:colcon.colcon_ros.task.ament_python.build:Building ROS package in '/home/agilex/agilex_ws/src/yolov5_ros2' with build type 'ament_python'
[0.816s] Level 1:colcon.colcon_core.shell:create_environment_hook('yolov5_ros2', 'ament_prefix_path')
[0.819s] INFO:colcon.colcon_core.shell:Creating environment hook '/home/agilex/agilex_ws/install/yolov5_ros2/share/yolov5_ros2/hook/ament_prefix_path.ps1'
[0.820s] INFO:colcon.colcon_core.shell:Creating environment descriptor '/home/agilex/agilex_ws/install/yolov5_ros2/share/yolov5_ros2/hook/ament_prefix_path.dsv'
[0.820s] INFO:colcon.colcon_core.shell:Creating environment hook '/home/agilex/agilex_ws/install/yolov5_ros2/share/yolov5_ros2/hook/ament_prefix_path.sh'
[0.824s] INFO:colcon.colcon_core.shell:Skip shell extension 'powershell' for command environment: Not usable outside of PowerShell
[0.824s] DEBUG:colcon.colcon_core.shell:Skip shell extension 'dsv' for command environment
[0.831s] DEBUG:colcon.colcon_core.event_handler.log_command:Invoking command in '/home/agilex/agilex_ws/build/nav2_common': /usr/bin/cmake --build /home/agilex/agilex_ws/build/nav2_common -- -j16 -l16
[0.835s] DEBUG:colcon.colcon_core.event_handler.log_command:Invoking command in '/home/agilex/agilex_ws/build/nav_2d_msgs': /usr/bin/cmake --build /home/agilex/agilex_ws/build/nav_2d_msgs -- -j16 -l16
[0.838s] DEBUG:colcon.colcon_core.event_handler.log_command:Invoking command in '/home/agilex/agilex_ws/build/costmap_converter_msgs': /usr/bin/cmake --build /home/agilex/agilex_ws/build/costmap_converter_msgs -- -j16 -l16
[0.840s] DEBUG:colcon.colcon_core.event_handler.log_command:Invoking command in '/home/agilex/agilex_ws/build/limo_msgs': /usr/bin/cmake --build /home/agilex/agilex_ws/build/limo_msgs -- -j16 -l16
[0.844s] DEBUG:colcon.colcon_core.event_handler.log_command:Invoking command in '/home/agilex/agilex_ws/build/aruco': /usr/bin/cmake --build /home/agilex/agilex_ws/build/aruco -- -j16 -l16
[0.847s] DEBUG:colcon.colcon_core.event_handler.log_command:Invoking command in '/home/agilex/agilex_ws/build/aruco_msgs': /usr/bin/cmake --build /home/agilex/agilex_ws/build/aruco_msgs -- -j16 -l16
[0.863s] DEBUG:colcon.colcon_core.event_handler.log_command:Invoking command in '/home/agilex/agilex_ws/build/orbbec_camera_msgs': /usr/bin/cmake --build /home/agilex/agilex_ws/build/orbbec_camera_msgs -- -j16 -l16
[0.866s] DEBUG:colcon.colcon_core.event_handler.log_command:Invoking command in '/home/agilex/agilex_ws/build/csm': /usr/bin/cmake --build /home/agilex/agilex_ws/build/csm -- -j16 -l16
[0.869s] DEBUG:colcon.colcon_core.event_handler.log_command:Invoking command in '/home/agilex/agilex_ws/build/limo_car': /usr/bin/cmake --build /home/agilex/agilex_ws/build/limo_car -- -j16 -l16
[0.872s] DEBUG:colcon.colcon_core.event_handler.log_command:Invoking command in '/home/agilex/agilex_ws/build/limo_description': /usr/bin/cmake --build /home/agilex/agilex_ws/build/limo_description -- -j16 -l16
[0.876s] DEBUG:colcon.colcon_core.event_handler.log_command:Invoking command in '/home/agilex/agilex_ws/build/limo_visions': /usr/bin/cmake --build /home/agilex/agilex_ws/build/limo_visions -- -j16 -l16
[0.879s] DEBUG:colcon.colcon_core.event_handler.log_command:Invoking command in '/home/agilex/agilex_ws/build/orbbec_description': /usr/bin/cmake --build /home/agilex/agilex_ws/build/orbbec_description -- -j16 -l16
[0.884s] DEBUG:colcon.colcon_core.event_handler.log_command:Invoking command in '/home/agilex/agilex_ws/build/rf2o_laser_odometry': /usr/bin/cmake --build /home/agilex/agilex_ws/build/rf2o_laser_odometry -- -j16 -l16
[0.902s] DEBUG:colcon.colcon_core.event_handler.log_command:Invoking command in '/home/agilex/agilex_ws/build/ydlidar_ros2_driver': /usr/bin/cmake --build /home/agilex/agilex_ws/build/ydlidar_ros2_driver -- -j16 -l16
[0.911s] DEBUG:colcon.colcon_core.event_handler.log_command:Invoking command in '/home/agilex/agilex_ws/build/ydlidar_sdk': /usr/bin/cmake --build /home/agilex/agilex_ws/build/ydlidar_sdk -- -j16 -l16
[1.090s] WARNING:colcon.colcon_ros.task.ament_python.build:Package 'yolov5_ros2' doesn't explicitly install a marker in the package index (colcon-ros currently does it implicitly but that fallback will be removed in the future)
[1.091s] INFO:colcon.colcon_core.task.python.build:Building Python package in '/home/agilex/agilex_ws/src/yolov5_ros2'
[1.099s] INFO:colcon.colcon_core.shell:Skip shell extension 'powershell' for command environment: Not usable outside of PowerShell
[1.099s] DEBUG:colcon.colcon_core.shell:Skip shell extension 'dsv' for command environment
[1.113s] DEBUG:colcon.colcon_core.event_handler.log_command:Invoked command in '/home/agilex/agilex_ws/build/limo_description' returned '0': /usr/bin/cmake --build /home/agilex/agilex_ws/build/limo_description -- -j16 -l16
[1.114s] DEBUG:colcon.colcon_core.event_handler.log_command:Invoked command in '/home/agilex/agilex_ws/build/limo_car' returned '0': /usr/bin/cmake --build /home/agilex/agilex_ws/build/limo_car -- -j16 -l16
[1.115s] DEBUG:colcon.colcon_core.event_handler.log_command:Invoked command in '/home/agilex/agilex_ws/build/aruco' returned '0': /usr/bin/cmake --build /home/agilex/agilex_ws/build/aruco -- -j16 -l16
[1.116s] DEBUG:colcon.colcon_core.event_handler.log_command:Invoked command in '/home/agilex/agilex_ws/build/orbbec_description' returned '0': /usr/bin/cmake --build /home/agilex/agilex_ws/build/orbbec_description -- -j16 -l16
[1.117s] DEBUG:colcon.colcon_core.event_handler.log_command:Invoked command in '/home/agilex/agilex_ws/build/rf2o_laser_odometry' returned '0': /usr/bin/cmake --build /home/agilex/agilex_ws/build/rf2o_laser_odometry -- -j16 -l16
[1.119s] DEBUG:colcon.colcon_core.event_handler.log_command:Invoked command in '/home/agilex/agilex_ws/build/limo_visions' returned '0': /usr/bin/cmake --build /home/agilex/agilex_ws/build/limo_visions -- -j16 -l16
[1.122s] DEBUG:colcon.colcon_core.event_handler.log_command:Invoked command in '/home/agilex/agilex_ws/build/csm' returned '0': /usr/bin/cmake --build /home/agilex/agilex_ws/build/csm -- -j16 -l16
[1.123s] DEBUG:colcon.colcon_core.event_handler.log_command:Invoked command in '/home/agilex/agilex_ws/build/ydlidar_ros2_driver' returned '0': /usr/bin/cmake --build /home/agilex/agilex_ws/build/ydlidar_ros2_driver -- -j16 -l16
[1.147s] DEBUG:colcon.colcon_core.event_handler.log_command:Invoking command in '/home/agilex/agilex_ws/build/limo_car': /usr/bin/cmake --install /home/agilex/agilex_ws/build/limo_car
[1.149s] DEBUG:colcon.colcon_core.event_handler.log_command:Invoking command in '/home/agilex/agilex_ws/build/limo_description': /usr/bin/cmake --install /home/agilex/agilex_ws/build/limo_description
[1.156s] DEBUG:colcon.colcon_core.event_handler.log_command:Invoking command in '/home/agilex/agilex_ws/build/orbbec_description': /usr/bin/cmake --install /home/agilex/agilex_ws/build/orbbec_description
[1.157s] DEBUG:colcon.colcon_core.event_handler.log_command:Invoking command in '/home/agilex/agilex_ws/build/rf2o_laser_odometry': /usr/bin/cmake --install /home/agilex/agilex_ws/build/rf2o_laser_odometry
[1.158s] DEBUG:colcon.colcon_core.event_handler.log_command:Invoking command in '/home/agilex/agilex_ws/build/ydlidar_ros2_driver': /usr/bin/cmake --install /home/agilex/agilex_ws/build/ydlidar_ros2_driver
[1.172s] Level 1:colcon.colcon_core.environment:create_environment_scripts_only(orbbec_description)
[1.174s] DEBUG:colcon.colcon_core.event_handler.log_command:Invoking command in '/home/agilex/agilex_ws/build/limo_visions': /usr/bin/cmake --install /home/agilex/agilex_ws/build/limo_visions
[1.187s] DEBUG:colcon.colcon_core.event_handler.log_command:Invoked command in '/home/agilex/agilex_ws/build/orbbec_description' returned '0': /usr/bin/cmake --install /home/agilex/agilex_ws/build/orbbec_description
[1.200s] Level 1:colcon.colcon_core.environment:checking '/home/agilex/agilex_ws/install/orbbec_description' for CMake module files
[1.201s] Level 1:colcon.colcon_core.environment:checking '/home/agilex/agilex_ws/install/orbbec_description' for CMake config files
[1.201s] Level 1:colcon.colcon_core.shell:create_environment_hook('orbbec_description', 'cmake_prefix_path')
[1.211s] INFO:colcon.colcon_core.shell:Creating environment hook '/home/agilex/agilex_ws/install/orbbec_description/share/orbbec_description/hook/cmake_prefix_path.ps1'
[1.212s] INFO:colcon.colcon_core.shell:Creating environment descriptor '/home/agilex/agilex_ws/install/orbbec_description/share/orbbec_description/hook/cmake_prefix_path.dsv'
[1.212s] INFO:colcon.colcon_core.shell:Creating environment hook '/home/agilex/agilex_ws/install/orbbec_description/share/orbbec_description/hook/cmake_prefix_path.sh'
[1.213s] Level 1:colcon.colcon_core.environment:checking '/home/agilex/agilex_ws/install/orbbec_description/bin'
[1.213s] Level 1:colcon.colcon_core.environment:checking '/home/agilex/agilex_ws/install/orbbec_description/lib/pkgconfig/orbbec_description.pc'
[1.213s] Level 1:colcon.colcon_core.environment:checking '/home/agilex/agilex_ws/install/orbbec_description/lib/python3.10/site-packages'
[1.214s] Level 1:colcon.colcon_core.environment:checking '/home/agilex/agilex_ws/install/orbbec_description/bin'
[1.222s] INFO:colcon.colcon_core.shell:Creating package script '/home/agilex/agilex_ws/install/orbbec_description/share/orbbec_description/package.ps1'
[1.224s] INFO:colcon.colcon_core.shell:Creating package descriptor '/home/agilex/agilex_ws/install/orbbec_description/share/orbbec_description/package.dsv'
[1.226s] INFO:colcon.colcon_core.shell:Creating package script '/home/agilex/agilex_ws/install/orbbec_description/share/orbbec_description/package.sh'
[1.228s] INFO:colcon.colcon_core.shell:Creating package script '/home/agilex/agilex_ws/install/orbbec_description/share/orbbec_description/package.bash'
[1.229s] INFO:colcon.colcon_core.shell:Creating package script '/home/agilex/agilex_ws/install/orbbec_description/share/orbbec_description/package.zsh'
[1.231s] Level 1:colcon.colcon_core.environment:create_file_with_runtime_dependencies(/home/agilex/agilex_ws/install/orbbec_description/share/colcon-core/packages/orbbec_description)
[1.235s] Level 1:colcon.colcon_core.environment:create_environment_scripts_only(limo_description)
[1.237s] DEBUG:colcon.colcon_core.event_handler.log_command:Invoked command in '/home/agilex/agilex_ws/build/limo_description' returned '0': /usr/bin/cmake --install /home/agilex/agilex_ws/build/limo_description
[1.243s] Level 1:colcon.colcon_core.environment:checking '/home/agilex/agilex_ws/install/limo_description' for CMake module files
[1.243s] Level 1:colcon.colcon_core.environment:checking '/home/agilex/agilex_ws/install/limo_description' for CMake config files
[1.243s] Level 1:colcon.colcon_core.shell:create_environment_hook('limo_description', 'cmake_prefix_path')
[1.248s] INFO:colcon.colcon_core.shell:Creating environment hook '/home/agilex/agilex_ws/install/limo_description/share/limo_description/hook/cmake_prefix_path.ps1'
[1.248s] INFO:colcon.colcon_core.shell:Creating environment descriptor '/home/agilex/agilex_ws/install/limo_description/share/limo_description/hook/cmake_prefix_path.dsv'
[1.249s] INFO:colcon.colcon_core.shell:Creating environment hook '/home/agilex/agilex_ws/install/limo_description/share/limo_description/hook/cmake_prefix_path.sh'
[1.249s] Level 1:colcon.colcon_core.environment:checking '/home/agilex/agilex_ws/install/limo_description/bin'
[1.249s] Level 1:colcon.colcon_core.environment:checking '/home/agilex/agilex_ws/install/limo_description/lib/pkgconfig/limo_description.pc'
[1.249s] Level 1:colcon.colcon_core.environment:checking '/home/agilex/agilex_ws/install/limo_description/lib/python3.10/site-packages'
[1.249s] Level 1:colcon.colcon_core.environment:checking '/home/agilex/agilex_ws/install/limo_description/bin'
[1.255s] INFO:colcon.colcon_core.shell:Creating package script '/home/agilex/agilex_ws/install/limo_description/share/limo_description/package.ps1'
[1.256s] INFO:colcon.colcon_core.shell:Creating package descriptor '/home/agilex/agilex_ws/install/limo_description/share/limo_description/package.dsv'
[1.256s] INFO:colcon.colcon_core.shell:Creating package script '/home/agilex/agilex_ws/install/limo_description/share/limo_description/package.sh'
[1.256s] INFO:colcon.colcon_core.shell:Creating package script '/home/agilex/agilex_ws/install/limo_description/share/limo_description/package.bash'
[1.256s] INFO:colcon.colcon_core.shell:Creating package script '/home/agilex/agilex_ws/install/limo_description/share/limo_description/package.zsh'
[1.256s] Level 1:colcon.colcon_core.environment:create_file_with_runtime_dependencies(/home/agilex/agilex_ws/install/limo_description/share/colcon-core/packages/limo_description)
[1.260s] Level 1:colcon.colcon_core.environment:create_environment_scripts_only(rf2o_laser_odometry)
[1.260s] DEBUG:colcon.colcon_core.event_handler.log_command:Invoking command in '/home/agilex/agilex_ws/build/aruco': /usr/bin/cmake --install /home/agilex/agilex_ws/build/aruco
[1.260s] DEBUG:colcon.colcon_core.event_handler.log_command:Invoked command in '/home/agilex/agilex_ws/build/rf2o_laser_odometry' returned '0': /usr/bin/cmake --install /home/agilex/agilex_ws/build/rf2o_laser_odometry
[1.268s] Level 1:colcon.colcon_core.environment:checking '/home/agilex/agilex_ws/install/rf2o_laser_odometry' for CMake module files
[1.268s] Level 1:colcon.colcon_core.environment:checking '/home/agilex/agilex_ws/install/rf2o_laser_odometry' for CMake config files
[1.268s] Level 1:colcon.colcon_core.shell:create_environment_hook('rf2o_laser_odometry', 'cmake_prefix_path')
[1.273s] INFO:colcon.colcon_core.shell:Creating environment hook '/home/agilex/agilex_ws/install/rf2o_laser_odometry/share/rf2o_laser_odometry/hook/cmake_prefix_path.ps1'
[1.274s] INFO:colcon.colcon_core.shell:Creating environment descriptor '/home/agilex/agilex_ws/install/rf2o_laser_odometry/share/rf2o_laser_odometry/hook/cmake_prefix_path.dsv'
[1.274s] INFO:colcon.colcon_core.shell:Creating environment hook '/home/agilex/agilex_ws/install/rf2o_laser_odometry/share/rf2o_laser_odometry/hook/cmake_prefix_path.sh'
[1.275s] Level 1:colcon.colcon_core.environment:checking '/home/agilex/agilex_ws/install/rf2o_laser_odometry/lib'
[1.275s] Level 1:colcon.colcon_core.environment:checking '/home/agilex/agilex_ws/install/rf2o_laser_odometry/bin'
[1.275s] Level 1:colcon.colcon_core.environment:checking '/home/agilex/agilex_ws/install/rf2o_laser_odometry/lib/pkgconfig/rf2o_laser_odometry.pc'
[1.275s] Level 1:colcon.colcon_core.environment:checking '/home/agilex/agilex_ws/install/rf2o_laser_odometry/lib/python3.10/site-packages'
[1.275s] Level 1:colcon.colcon_core.environment:checking '/home/agilex/agilex_ws/install/rf2o_laser_odometry/bin'
[1.280s] INFO:colcon.colcon_core.shell:Creating package script '/home/agilex/agilex_ws/install/rf2o_laser_odometry/share/rf2o_laser_odometry/package.ps1'
[1.281s] INFO:colcon.colcon_core.shell:Creating package descriptor '/home/agilex/agilex_ws/install/rf2o_laser_odometry/share/rf2o_laser_odometry/package.dsv'
[1.281s] INFO:colcon.colcon_core.shell:Creating package script '/home/agilex/agilex_ws/install/rf2o_laser_odometry/share/rf2o_laser_odometry/package.sh'
[1.281s] INFO:colcon.colcon_core.shell:Creating package script '/home/agilex/agilex_ws/install/rf2o_laser_odometry/share/rf2o_laser_odometry/package.bash'
[1.281s] INFO:colcon.colcon_core.shell:Creating package script '/home/agilex/agilex_ws/install/rf2o_laser_odometry/share/rf2o_laser_odometry/package.zsh'
[1.281s] Level 1:colcon.colcon_core.environment:create_file_with_runtime_dependencies(/home/agilex/agilex_ws/install/rf2o_laser_odometry/share/colcon-core/packages/rf2o_laser_odometry)
[1.283s] Level 1:colcon.colcon_core.environment:create_environment_scripts_only(ydlidar_ros2_driver)
[1.283s] DEBUG:colcon.colcon_core.event_handler.log_command:Invoked command in '/home/agilex/agilex_ws/build/ydlidar_ros2_driver' returned '0': /usr/bin/cmake --install /home/agilex/agilex_ws/build/ydlidar_ros2_driver
[1.289s] Level 1:colcon.colcon_core.environment:checking '/home/agilex/agilex_ws/install/ydlidar_ros2_driver' for CMake module files
[1.289s] Level 1:colcon.colcon_core.environment:checking '/home/agilex/agilex_ws/install/ydlidar_ros2_driver' for CMake config files
[1.289s] Level 1:colcon.colcon_core.shell:create_environment_hook('ydlidar_ros2_driver', 'cmake_prefix_path')
[1.293s] INFO:colcon.colcon_core.shell:Creating environment hook '/home/agilex/agilex_ws/install/ydlidar_ros2_driver/share/ydlidar_ros2_driver/hook/cmake_prefix_path.ps1'
[1.293s] INFO:colcon.colcon_core.shell:Creating environment descriptor '/home/agilex/agilex_ws/install/ydlidar_ros2_driver/share/ydlidar_ros2_driver/hook/cmake_prefix_path.dsv'
[1.294s] INFO:colcon.colcon_core.shell:Creating environment hook '/home/agilex/agilex_ws/install/ydlidar_ros2_driver/share/ydlidar_ros2_driver/hook/cmake_prefix_path.sh'
[1.294s] Level 1:colcon.colcon_core.environment:checking '/home/agilex/agilex_ws/install/ydlidar_ros2_driver/lib'
[1.294s] Level 1:colcon.colcon_core.environment:checking '/home/agilex/agilex_ws/install/ydlidar_ros2_driver/bin'
[1.294s] Level 1:colcon.colcon_core.environment:checking '/home/agilex/agilex_ws/install/ydlidar_ros2_driver/lib/pkgconfig/ydlidar_ros2_driver.pc'
[1.295s] Level 1:colcon.colcon_core.environment:checking '/home/agilex/agilex_ws/install/ydlidar_ros2_driver/lib/python3.10/site-packages'
[1.295s] Level 1:colcon.colcon_core.environment:checking '/home/agilex/agilex_ws/install/ydlidar_ros2_driver/bin'
[1.300s] INFO:colcon.colcon_core.shell:Creating package script '/home/agilex/agilex_ws/install/ydlidar_ros2_driver/share/ydlidar_ros2_driver/package.ps1'
[1.300s] INFO:colcon.colcon_core.shell:Creating package descriptor '/home/agilex/agilex_ws/install/ydlidar_ros2_driver/share/ydlidar_ros2_driver/package.dsv'
[1.300s] INFO:colcon.colcon_core.shell:Creating package script '/home/agilex/agilex_ws/install/ydlidar_ros2_driver/share/ydlidar_ros2_driver/package.sh'
[1.301s] INFO:colcon.colcon_core.shell:Creating package script '/home/agilex/agilex_ws/install/ydlidar_ros2_driver/share/ydlidar_ros2_driver/package.bash'
[1.301s] INFO:colcon.colcon_core.shell:Creating package script '/home/agilex/agilex_ws/install/ydlidar_ros2_driver/share/ydlidar_ros2_driver/package.zsh'
[1.301s] Level 1:colcon.colcon_core.environment:create_file_with_runtime_dependencies(/home/agilex/agilex_ws/install/ydlidar_ros2_driver/share/colcon-core/packages/ydlidar_ros2_driver)
[1.302s] Level 1:colcon.colcon_core.environment:create_environment_scripts_only(limo_visions)
[1.302s] DEBUG:colcon.colcon_core.event_handler.log_command:Invoked command in '/home/agilex/agilex_ws/build/limo_visions' returned '0': /usr/bin/cmake --install /home/agilex/agilex_ws/build/limo_visions
[1.307s] Level 1:colcon.colcon_core.environment:checking '/home/agilex/agilex_ws/install/limo_visions' for CMake module files
[1.307s] Level 1:colcon.colcon_core.environment:checking '/home/agilex/agilex_ws/install/limo_visions' for CMake config files
[1.307s] Level 1:colcon.colcon_core.shell:create_environment_hook('limo_visions', 'cmake_prefix_path')
[1.312s] INFO:colcon.colcon_core.shell:Creating environment hook '/home/agilex/agilex_ws/install/limo_visions/share/limo_visions/hook/cmake_prefix_path.ps1'
[1.312s] INFO:colcon.colcon_core.shell:Creating environment descriptor '/home/agilex/agilex_ws/install/limo_visions/share/limo_visions/hook/cmake_prefix_path.dsv'
[1.312s] INFO:colcon.colcon_core.shell:Creating environment hook '/home/agilex/agilex_ws/install/limo_visions/share/limo_visions/hook/cmake_prefix_path.sh'
[1.313s] Level 1:colcon.colcon_core.environment:checking '/home/agilex/agilex_ws/install/limo_visions/lib'
[1.313s] Level 1:colcon.colcon_core.environment:checking '/home/agilex/agilex_ws/install/limo_visions/bin'
[1.313s] Level 1:colcon.colcon_core.environment:checking '/home/agilex/agilex_ws/install/limo_visions/lib/pkgconfig/limo_visions.pc'
[1.313s] Level 1:colcon.colcon_core.environment:checking '/home/agilex/agilex_ws/install/limo_visions/lib/python3.10/site-packages'
[1.313s] Level 1:colcon.colcon_core.environment:checking '/home/agilex/agilex_ws/install/limo_visions/bin'
[1.320s] INFO:colcon.colcon_core.shell:Creating package script '/home/agilex/agilex_ws/install/limo_visions/share/limo_visions/package.ps1'
[1.321s] INFO:colcon.colcon_core.shell:Creating package descriptor '/home/agilex/agilex_ws/install/limo_visions/share/limo_visions/package.dsv'
[1.321s] INFO:colcon.colcon_core.shell:Creating package script '/home/agilex/agilex_ws/install/limo_visions/share/limo_visions/package.sh'
[1.322s] INFO:colcon.colcon_core.shell:Creating package script '/home/agilex/agilex_ws/install/limo_visions/share/limo_visions/package.bash'
[1.322s] INFO:colcon.colcon_core.shell:Creating package script '/home/agilex/agilex_ws/install/limo_visions/share/limo_visions/package.zsh'
[1.322s] Level 1:colcon.colcon_core.environment:create_file_with_runtime_dependencies(/home/agilex/agilex_ws/install/limo_visions/share/colcon-core/packages/limo_visions)
[1.323s] Level 1:colcon.colcon_core.environment:create_environment_scripts_only(limo_car)
[1.324s] DEBUG:colcon.colcon_core.event_handler.log_command:Invoked command in '/home/agilex/agilex_ws/build/limo_car' returned '0': /usr/bin/cmake --install /home/agilex/agilex_ws/build/limo_car
[1.332s] Level 1:colcon.colcon_core.environment:checking '/home/agilex/agilex_ws/install/limo_car' for CMake module files
[1.334s] Level 1:colcon.colcon_core.environment:checking '/home/agilex/agilex_ws/install/limo_car' for CMake config files
[1.335s] Level 1:colcon.colcon_core.shell:create_environment_hook('limo_car', 'cmake_prefix_path')
[1.342s] INFO:colcon.colcon_core.shell:Creating environment hook '/home/agilex/agilex_ws/install/limo_car/share/limo_car/hook/cmake_prefix_path.ps1'
[1.342s] INFO:colcon.colcon_core.shell:Creating environment descriptor '/home/agilex/agilex_ws/install/limo_car/share/limo_car/hook/cmake_prefix_path.dsv'
[1.343s] INFO:colcon.colcon_core.shell:Creating environment hook '/home/agilex/agilex_ws/install/limo_car/share/limo_car/hook/cmake_prefix_path.sh'
[1.343s] Level 1:colcon.colcon_core.environment:checking '/home/agilex/agilex_ws/install/limo_car/bin'
[1.343s] Level 1:colcon.colcon_core.environment:checking '/home/agilex/agilex_ws/install/limo_car/lib/pkgconfig/limo_car.pc'
[1.343s] Level 1:colcon.colcon_core.environment:checking '/home/agilex/agilex_ws/install/limo_car/lib/python3.10/site-packages'
[1.343s] Level 1:colcon.colcon_core.environment:checking '/home/agilex/agilex_ws/install/limo_car/bin'
[1.347s] INFO:colcon.colcon_core.shell:Creating package script '/home/agilex/agilex_ws/install/limo_car/share/limo_car/package.ps1'
[1.348s] INFO:colcon.colcon_core.shell:Creating package descriptor '/home/agilex/agilex_ws/install/limo_car/share/limo_car/package.dsv'
[1.348s] INFO:colcon.colcon_core.shell:Creating package script '/home/agilex/agilex_ws/install/limo_car/share/limo_car/package.sh'
[1.349s] INFO:colcon.colcon_core.shell:Creating package script '/home/agilex/agilex_ws/install/limo_car/share/limo_car/package.bash'
[1.349s] INFO:colcon.colcon_core.shell:Creating package script '/home/agilex/agilex_ws/install/limo_car/share/limo_car/package.zsh'
[1.349s] Level 1:colcon.colcon_core.environment:create_file_with_runtime_dependencies(/home/agilex/agilex_ws/install/limo_car/share/colcon-core/packages/limo_car)
[1.350s] DEBUG:colcon.colcon_core.event_handler.log_command:Invoked command in '/home/agilex/agilex_ws/build/nav2_common' returned '0': /usr/bin/cmake --build /home/agilex/agilex_ws/build/nav2_common -- -j16 -l16
[1.360s] DEBUG:colcon.colcon_core.event_handler.log_command:Invoked command in '/home/agilex/agilex_ws/build/ydlidar_sdk' returned '0': /usr/bin/cmake --build /home/agilex/agilex_ws/build/ydlidar_sdk -- -j16 -l16
[1.361s] Level 1:colcon.colcon_core.environment:create_environment_scripts_only(aruco)
[1.361s] DEBUG:colcon.colcon_core.event_handler.log_command:Invoking command in '/home/agilex/agilex_ws/build/csm': /usr/bin/cmake --install /home/agilex/agilex_ws/build/csm
[1.362s] DEBUG:colcon.colcon_core.event_handler.log_command:Invoked command in '/home/agilex/agilex_ws/build/aruco' returned '0': /usr/bin/cmake --install /home/agilex/agilex_ws/build/aruco
[1.374s] Level 1:colcon.colcon_core.environment:checking '/home/agilex/agilex_ws/install/aruco' for CMake module files
[1.375s] Level 1:colcon.colcon_core.environment:checking '/home/agilex/agilex_ws/install/aruco' for CMake config files
[1.376s] Level 1:colcon.colcon_core.shell:create_environment_hook('aruco', 'cmake_prefix_path')
[1.385s] INFO:colcon.colcon_core.shell:Creating environment hook '/home/agilex/agilex_ws/install/aruco/share/aruco/hook/cmake_prefix_path.ps1'
[1.385s] INFO:colcon.colcon_core.shell:Creating environment descriptor '/home/agilex/agilex_ws/install/aruco/share/aruco/hook/cmake_prefix_path.dsv'
[1.386s] INFO:colcon.colcon_core.shell:Creating environment hook '/home/agilex/agilex_ws/install/aruco/share/aruco/hook/cmake_prefix_path.sh'
[1.386s] Level 1:colcon.colcon_core.environment:checking '/home/agilex/agilex_ws/install/aruco/lib'
[1.386s] Level 1:colcon.colcon_core.shell:create_environment_hook('aruco', 'ld_library_path_lib')
[1.392s] INFO:colcon.colcon_core.shell:Creating environment hook '/home/agilex/agilex_ws/install/aruco/share/aruco/hook/ld_library_path_lib.ps1'
[1.392s] INFO:colcon.colcon_core.shell:Creating environment descriptor '/home/agilex/agilex_ws/install/aruco/share/aruco/hook/ld_library_path_lib.dsv'
[1.393s] INFO:colcon.colcon_core.shell:Creating environment hook '/home/agilex/agilex_ws/install/aruco/share/aruco/hook/ld_library_path_lib.sh'
[1.393s] Level 1:colcon.colcon_core.environment:checking '/home/agilex/agilex_ws/install/aruco/bin'
[1.393s] Level 1:colcon.colcon_core.environment:checking '/home/agilex/agilex_ws/install/aruco/lib/pkgconfig/aruco.pc'
[1.393s] Level 1:colcon.colcon_core.environment:checking '/home/agilex/agilex_ws/install/aruco/lib/python3.10/site-packages'
[1.393s] Level 1:colcon.colcon_core.environment:checking '/home/agilex/agilex_ws/install/aruco/bin'
[1.402s] INFO:colcon.colcon_core.shell:Creating package script '/home/agilex/agilex_ws/install/aruco/share/aruco/package.ps1'
[1.402s] INFO:colcon.colcon_core.shell:Creating package descriptor '/home/agilex/agilex_ws/install/aruco/share/aruco/package.dsv'
[1.403s] INFO:colcon.colcon_core.shell:Creating package script '/home/agilex/agilex_ws/install/aruco/share/aruco/package.sh'
[1.403s] INFO:colcon.colcon_core.shell:Creating package script '/home/agilex/agilex_ws/install/aruco/share/aruco/package.bash'
[1.404s] INFO:colcon.colcon_core.shell:Creating package script '/home/agilex/agilex_ws/install/aruco/share/aruco/package.zsh'
[1.404s] Level 1:colcon.colcon_core.environment:create_file_with_runtime_dependencies(/home/agilex/agilex_ws/install/aruco/share/colcon-core/packages/aruco)
[1.414s] Level 1:colcon.colcon_core.environment:create_environment_scripts_only(orbbec_description)
[1.419s] Level 1:colcon.colcon_core.environment:checking '/home/agilex/agilex_ws/install/orbbec_description' for CMake module files
[1.420s] Level 1:colcon.colcon_core.environment:checking '/home/agilex/agilex_ws/install/orbbec_description' for CMake config files
[1.420s] Level 1:colcon.colcon_core.shell:create_environment_hook('orbbec_description', 'cmake_prefix_path')
[1.424s] INFO:colcon.colcon_core.shell:Creating environment hook '/home/agilex/agilex_ws/install/orbbec_description/share/orbbec_description/hook/cmake_prefix_path.ps1'
[1.425s] INFO:colcon.colcon_core.shell:Creating environment descriptor '/home/agilex/agilex_ws/install/orbbec_description/share/orbbec_description/hook/cmake_prefix_path.dsv'
[1.425s] INFO:colcon.colcon_core.shell:Creating environment hook '/home/agilex/agilex_ws/install/orbbec_description/share/orbbec_description/hook/cmake_prefix_path.sh'
[1.425s] Level 1:colcon.colcon_core.environment:checking '/home/agilex/agilex_ws/install/orbbec_description/bin'
[1.425s] Level 1:colcon.colcon_core.environment:checking '/home/agilex/agilex_ws/install/orbbec_description/lib/pkgconfig/orbbec_description.pc'
[1.425s] Level 1:colcon.colcon_core.environment:checking '/home/agilex/agilex_ws/install/orbbec_description/lib/python3.10/site-packages'
[1.426s] Level 1:colcon.colcon_core.environment:checking '/home/agilex/agilex_ws/install/orbbec_description/bin'
[1.430s] INFO:colcon.colcon_core.shell:Creating package script '/home/agilex/agilex_ws/install/orbbec_description/share/orbbec_description/package.ps1'
[1.431s] INFO:colcon.colcon_core.shell:Creating package descriptor '/home/agilex/agilex_ws/install/orbbec_description/share/orbbec_description/package.dsv'
[1.431s] INFO:colcon.colcon_core.shell:Creating package script '/home/agilex/agilex_ws/install/orbbec_description/share/orbbec_description/package.sh'
[1.431s] INFO:colcon.colcon_core.shell:Creating package script '/home/agilex/agilex_ws/install/orbbec_description/share/orbbec_description/package.bash'
[1.432s] INFO:colcon.colcon_core.shell:Creating package script '/home/agilex/agilex_ws/install/orbbec_description/share/orbbec_description/package.zsh'
[1.432s] Level 1:colcon.colcon_core.environment:create_file_with_runtime_dependencies(/home/agilex/agilex_ws/install/orbbec_description/share/colcon-core/packages/orbbec_description)
[1.442s] Level 1:colcon.colcon_core.environment:create_environment_scripts_only(limo_description)
[1.451s] Level 1:colcon.colcon_core.environment:checking '/home/agilex/agilex_ws/install/limo_description' for CMake module files
[1.452s] Level 1:colcon.colcon_core.environment:checking '/home/agilex/agilex_ws/install/limo_description' for CMake config files
[1.452s] Level 1:colcon.colcon_core.shell:create_environment_hook('limo_description', 'cmake_prefix_path')
[1.459s] INFO:colcon.colcon_core.shell:Creating environment hook '/home/agilex/agilex_ws/install/limo_description/share/limo_description/hook/cmake_prefix_path.ps1'
[1.459s] INFO:colcon.colcon_core.shell:Creating environment descriptor '/home/agilex/agilex_ws/install/limo_description/share/limo_description/hook/cmake_prefix_path.dsv'
[1.459s] INFO:colcon.colcon_core.shell:Creating environment hook '/home/agilex/agilex_ws/install/limo_description/share/limo_description/hook/cmake_prefix_path.sh'
[1.460s] Level 1:colcon.colcon_core.environment:checking '/home/agilex/agilex_ws/install/limo_description/bin'
[1.460s] Level 1:colcon.colcon_core.environment:checking '/home/agilex/agilex_ws/install/limo_description/lib/pkgconfig/limo_description.pc'
[1.460s] Level 1:colcon.colcon_core.environment:checking '/home/agilex/agilex_ws/install/limo_description/lib/python3.10/site-packages'
[1.460s] Level 1:colcon.colcon_core.environment:checking '/home/agilex/agilex_ws/install/limo_description/bin'
[1.465s] INFO:colcon.colcon_core.shell:Creating package script '/home/agilex/agilex_ws/install/limo_description/share/limo_description/package.ps1'
[1.465s] INFO:colcon.colcon_core.shell:Creating package descriptor '/home/agilex/agilex_ws/install/limo_description/share/limo_description/package.dsv'
[1.466s] INFO:colcon.colcon_core.shell:Creating package script '/home/agilex/agilex_ws/install/limo_description/share/limo_description/package.sh'
[1.466s] INFO:colcon.colcon_core.shell:Creating package script '/home/agilex/agilex_ws/install/limo_description/share/limo_description/package.bash'
[1.466s] INFO:colcon.colcon_core.shell:Creating package script '/home/agilex/agilex_ws/install/limo_description/share/limo_description/package.zsh'
[1.466s] Level 1:colcon.colcon_core.environment:create_file_with_runtime_dependencies(/home/agilex/agilex_ws/install/limo_description/share/colcon-core/packages/limo_description)
[1.472s] Level 1:colcon.colcon_core.environment:create_environment_scripts_only(rf2o_laser_odometry)
[1.475s] Level 1:colcon.colcon_core.environment:checking '/home/agilex/agilex_ws/install/rf2o_laser_odometry' for CMake module files
[1.476s] Level 1:colcon.colcon_core.environment:checking '/home/agilex/agilex_ws/install/rf2o_laser_odometry' for CMake config files
[1.476s] Level 1:colcon.colcon_core.shell:create_environment_hook('rf2o_laser_odometry', 'cmake_prefix_path')
[1.480s] INFO:colcon.colcon_core.shell:Creating environment hook '/home/agilex/agilex_ws/install/rf2o_laser_odometry/share/rf2o_laser_odometry/hook/cmake_prefix_path.ps1'
[1.480s] INFO:colcon.colcon_core.shell:Creating environment descriptor '/home/agilex/agilex_ws/install/rf2o_laser_odometry/share/rf2o_laser_odometry/hook/cmake_prefix_path.dsv'
[1.480s] INFO:colcon.colcon_core.shell:Creating environment hook '/home/agilex/agilex_ws/install/rf2o_laser_odometry/share/rf2o_laser_odometry/hook/cmake_prefix_path.sh'
[1.481s] Level 1:colcon.colcon_core.environment:checking '/home/agilex/agilex_ws/install/rf2o_laser_odometry/lib'
[1.481s] Level 1:colcon.colcon_core.environment:checking '/home/agilex/agilex_ws/install/rf2o_laser_odometry/bin'
[1.481s] Level 1:colcon.colcon_core.environment:checking '/home/agilex/agilex_ws/install/rf2o_laser_odometry/lib/pkgconfig/rf2o_laser_odometry.pc'
[1.481s] Level 1:colcon.colcon_core.environment:checking '/home/agilex/agilex_ws/install/rf2o_laser_odometry/lib/python3.10/site-packages'
[1.481s] Level 1:colcon.colcon_core.environment:checking '/home/agilex/agilex_ws/install/rf2o_laser_odometry/bin'
[1.484s] INFO:colcon.colcon_core.shell:Creating package script '/home/agilex/agilex_ws/install/rf2o_laser_odometry/share/rf2o_laser_odometry/package.ps1'
[1.485s] INFO:colcon.colcon_core.shell:Creating package descriptor '/home/agilex/agilex_ws/install/rf2o_laser_odometry/share/rf2o_laser_odometry/package.dsv'
[1.485s] INFO:colcon.colcon_core.shell:Creating package script '/home/agilex/agilex_ws/install/rf2o_laser_odometry/share/rf2o_laser_odometry/package.sh'
[1.485s] INFO:colcon.colcon_core.shell:Creating package script '/home/agilex/agilex_ws/install/rf2o_laser_odometry/share/rf2o_laser_odometry/package.bash'
[1.486s] INFO:colcon.colcon_core.shell:Creating package script '/home/agilex/agilex_ws/install/rf2o_laser_odometry/share/rf2o_laser_odometry/package.zsh'
[1.486s] Level 1:colcon.colcon_core.environment:create_file_with_runtime_dependencies(/home/agilex/agilex_ws/install/rf2o_laser_odometry/share/colcon-core/packages/rf2o_laser_odometry)
[1.491s] Level 1:colcon.colcon_core.environment:create_environment_scripts_only(ydlidar_ros2_driver)
[1.494s] Level 1:colcon.colcon_core.environment:checking '/home/agilex/agilex_ws/install/ydlidar_ros2_driver' for CMake module files
[1.494s] Level 1:colcon.colcon_core.environment:checking '/home/agilex/agilex_ws/install/ydlidar_ros2_driver' for CMake config files
[1.494s] Level 1:colcon.colcon_core.shell:create_environment_hook('ydlidar_ros2_driver', 'cmake_prefix_path')
[1.497s] INFO:colcon.colcon_core.shell:Creating environment hook '/home/agilex/agilex_ws/install/ydlidar_ros2_driver/share/ydlidar_ros2_driver/hook/cmake_prefix_path.ps1'
[1.498s] INFO:colcon.colcon_core.shell:Creating environment descriptor '/home/agilex/agilex_ws/install/ydlidar_ros2_driver/share/ydlidar_ros2_driver/hook/cmake_prefix_path.dsv'
[1.498s] INFO:colcon.colcon_core.shell:Creating environment hook '/home/agilex/agilex_ws/install/ydlidar_ros2_driver/share/ydlidar_ros2_driver/hook/cmake_prefix_path.sh'
[1.498s] Level 1:colcon.colcon_core.environment:checking '/home/agilex/agilex_ws/install/ydlidar_ros2_driver/lib'
[1.498s] Level 1:colcon.colcon_core.environment:checking '/home/agilex/agilex_ws/install/ydlidar_ros2_driver/bin'
[1.498s] Level 1:colcon.colcon_core.environment:checking '/home/agilex/agilex_ws/install/ydlidar_ros2_driver/lib/pkgconfig/ydlidar_ros2_driver.pc'
[1.498s] Level 1:colcon.colcon_core.environment:checking '/home/agilex/agilex_ws/install/ydlidar_ros2_driver/lib/python3.10/site-packages'
[1.498s] Level 1:colcon.colcon_core.environment:checking '/home/agilex/agilex_ws/install/ydlidar_ros2_driver/bin'
[1.501s] INFO:colcon.colcon_core.shell:Creating package script '/home/agilex/agilex_ws/install/ydlidar_ros2_driver/share/ydlidar_ros2_driver/package.ps1'
[1.502s] INFO:colcon.colcon_core.shell:Creating package descriptor '/home/agilex/agilex_ws/install/ydlidar_ros2_driver/share/ydlidar_ros2_driver/package.dsv'
[1.502s] INFO:colcon.colcon_core.shell:Creating package script '/home/agilex/agilex_ws/install/ydlidar_ros2_driver/share/ydlidar_ros2_driver/package.sh'
[1.502s] INFO:colcon.colcon_core.shell:Creating package script '/home/agilex/agilex_ws/install/ydlidar_ros2_driver/share/ydlidar_ros2_driver/package.bash'
[1.502s] INFO:colcon.colcon_core.shell:Creating package script '/home/agilex/agilex_ws/install/ydlidar_ros2_driver/share/ydlidar_ros2_driver/package.zsh'
[1.502s] Level 1:colcon.colcon_core.environment:create_file_with_runtime_dependencies(/home/agilex/agilex_ws/install/ydlidar_ros2_driver/share/colcon-core/packages/ydlidar_ros2_driver)
[1.506s] Level 1:colcon.colcon_core.environment:create_environment_scripts_only(limo_visions)
[1.509s] Level 1:colcon.colcon_core.environment:checking '/home/agilex/agilex_ws/install/limo_visions' for CMake module files
[1.509s] Level 1:colcon.colcon_core.environment:checking '/home/agilex/agilex_ws/install/limo_visions' for CMake config files
[1.509s] Level 1:colcon.colcon_core.shell:create_environment_hook('limo_visions', 'cmake_prefix_path')
[1.512s] INFO:colcon.colcon_core.shell:Creating environment hook '/home/agilex/agilex_ws/install/limo_visions/share/limo_visions/hook/cmake_prefix_path.ps1'
[1.512s] INFO:colcon.colcon_core.shell:Creating environment descriptor '/home/agilex/agilex_ws/install/limo_visions/share/limo_visions/hook/cmake_prefix_path.dsv'
[1.513s] INFO:colcon.colcon_core.shell:Creating environment hook '/home/agilex/agilex_ws/install/limo_visions/share/limo_visions/hook/cmake_prefix_path.sh'
[1.513s] Level 1:colcon.colcon_core.environment:checking '/home/agilex/agilex_ws/install/limo_visions/lib'
[1.513s] Level 1:colcon.colcon_core.environment:checking '/home/agilex/agilex_ws/install/limo_visions/bin'
[1.513s] Level 1:colcon.colcon_core.environment:checking '/home/agilex/agilex_ws/install/limo_visions/lib/pkgconfig/limo_visions.pc'
[1.513s] Level 1:colcon.colcon_core.environment:checking '/home/agilex/agilex_ws/install/limo_visions/lib/python3.10/site-packages'
[1.513s] Level 1:colcon.colcon_core.environment:checking '/home/agilex/agilex_ws/install/limo_visions/bin'
[1.516s] INFO:colcon.colcon_core.shell:Creating package script '/home/agilex/agilex_ws/install/limo_visions/share/limo_visions/package.ps1'
[1.516s] INFO:colcon.colcon_core.shell:Creating package descriptor '/home/agilex/agilex_ws/install/limo_visions/share/limo_visions/package.dsv'
[1.517s] INFO:colcon.colcon_core.shell:Creating package script '/home/agilex/agilex_ws/install/limo_visions/share/limo_visions/package.sh'
[1.517s] INFO:colcon.colcon_core.shell:Creating package script '/home/agilex/agilex_ws/install/limo_visions/share/limo_visions/package.bash'
[1.517s] INFO:colcon.colcon_core.shell:Creating package script '/home/agilex/agilex_ws/install/limo_visions/share/limo_visions/package.zsh'
[1.517s] Level 1:colcon.colcon_core.environment:create_file_with_runtime_dependencies(/home/agilex/agilex_ws/install/limo_visions/share/colcon-core/packages/limo_visions)
[1.521s] Level 1:colcon.colcon_core.environment:create_environment_scripts_only(limo_car)
[1.524s] Level 1:colcon.colcon_core.environment:checking '/home/agilex/agilex_ws/install/limo_car' for CMake module files
[1.524s] Level 1:colcon.colcon_core.environment:checking '/home/agilex/agilex_ws/install/limo_car' for CMake config files
[1.525s] Level 1:colcon.colcon_core.shell:create_environment_hook('limo_car', 'cmake_prefix_path')
[1.528s] INFO:colcon.colcon_core.shell:Creating environment hook '/home/agilex/agilex_ws/install/limo_car/share/limo_car/hook/cmake_prefix_path.ps1'
[1.528s] INFO:colcon.colcon_core.shell:Creating environment descriptor '/home/agilex/agilex_ws/install/limo_car/share/limo_car/hook/cmake_prefix_path.dsv'
[1.528s] INFO:colcon.colcon_core.shell:Creating environment hook '/home/agilex/agilex_ws/install/limo_car/share/limo_car/hook/cmake_prefix_path.sh'
[1.528s] Level 1:colcon.colcon_core.environment:checking '/home/agilex/agilex_ws/install/limo_car/bin'
[1.528s] Level 1:colcon.colcon_core.environment:checking '/home/agilex/agilex_ws/install/limo_car/lib/pkgconfig/limo_car.pc'
[1.528s] Level 1:colcon.colcon_core.environment:checking '/home/agilex/agilex_ws/install/limo_car/lib/python3.10/site-packages'
[1.528s] Level 1:colcon.colcon_core.environment:checking '/home/agilex/agilex_ws/install/limo_car/bin'
[1.531s] INFO:colcon.colcon_core.shell:Creating package script '/home/agilex/agilex_ws/install/limo_car/share/limo_car/package.ps1'
[1.532s] INFO:colcon.colcon_core.shell:Creating package descriptor '/home/agilex/agilex_ws/install/limo_car/share/limo_car/package.dsv'
[1.532s] INFO:colcon.colcon_core.shell:Creating package script '/home/agilex/agilex_ws/install/limo_car/share/limo_car/package.sh'
[1.532s] INFO:colcon.colcon_core.shell:Creating package script '/home/agilex/agilex_ws/install/limo_car/share/limo_car/package.bash'
[1.532s] INFO:colcon.colcon_core.shell:Creating package script '/home/agilex/agilex_ws/install/limo_car/share/limo_car/package.zsh'
[1.532s] Level 1:colcon.colcon_core.environment:create_file_with_runtime_dependencies(/home/agilex/agilex_ws/install/limo_car/share/colcon-core/packages/limo_car)
[1.533s] Level 1:colcon.colcon_core.environment:create_environment_scripts_only(csm)
[1.535s] DEBUG:colcon.colcon_core.event_handler.log_command:Invoking command in '/home/agilex/agilex_ws/build/nav2_common': /usr/bin/cmake --install /home/agilex/agilex_ws/build/nav2_common
[1.535s] DEBUG:colcon.colcon_core.event_handler.log_command:Invoked command in '/home/agilex/agilex_ws/build/csm' returned '0': /usr/bin/cmake --install /home/agilex/agilex_ws/build/csm
[1.537s] Level 1:colcon.colcon_core.environment:checking '/home/agilex/agilex_ws/install/csm' for CMake module files
[1.538s] Level 1:colcon.colcon_core.environment:checking '/home/agilex/agilex_ws/install/csm' for CMake config files
[1.538s] Level 1:colcon.colcon_core.shell:create_environment_hook('csm', 'cmake_prefix_path')
[1.541s] INFO:colcon.colcon_core.shell:Creating environment hook '/home/agilex/agilex_ws/install/csm/share/csm/hook/cmake_prefix_path.ps1'
[1.541s] INFO:colcon.colcon_core.shell:Creating environment descriptor '/home/agilex/agilex_ws/install/csm/share/csm/hook/cmake_prefix_path.dsv'
[1.541s] INFO:colcon.colcon_core.shell:Creating environment hook '/home/agilex/agilex_ws/install/csm/share/csm/hook/cmake_prefix_path.sh'
[1.541s] Level 1:colcon.colcon_core.environment:checking '/home/agilex/agilex_ws/install/csm/lib'
[1.542s] Level 1:colcon.colcon_core.shell:create_environment_hook('csm', 'ld_library_path_lib')
[1.545s] INFO:colcon.colcon_core.shell:Creating environment hook '/home/agilex/agilex_ws/install/csm/share/csm/hook/ld_library_path_lib.ps1'
[1.545s] INFO:colcon.colcon_core.shell:Creating environment descriptor '/home/agilex/agilex_ws/install/csm/share/csm/hook/ld_library_path_lib.dsv'
[1.545s] INFO:colcon.colcon_core.shell:Creating environment hook '/home/agilex/agilex_ws/install/csm/share/csm/hook/ld_library_path_lib.sh'
[1.545s] Level 1:colcon.colcon_core.environment:checking '/home/agilex/agilex_ws/install/csm/bin'
[1.545s] Level 1:colcon.colcon_core.environment:checking '/home/agilex/agilex_ws/install/csm/lib/pkgconfig/csm.pc'
[1.545s] Level 1:colcon.colcon_core.environment:checking '/home/agilex/agilex_ws/install/csm/lib/python3.10/site-packages'
[1.545s] Level 1:colcon.colcon_core.environment:checking '/home/agilex/agilex_ws/install/csm/bin'
[1.549s] INFO:colcon.colcon_core.shell:Creating package script '/home/agilex/agilex_ws/install/csm/share/csm/package.ps1'
[1.549s] INFO:colcon.colcon_core.shell:Creating package descriptor '/home/agilex/agilex_ws/install/csm/share/csm/package.dsv'
[1.549s] INFO:colcon.colcon_core.shell:Creating package script '/home/agilex/agilex_ws/install/csm/share/csm/package.sh'
[1.549s] INFO:colcon.colcon_core.shell:Creating package script '/home/agilex/agilex_ws/install/csm/share/csm/package.bash'
[1.549s] INFO:colcon.colcon_core.shell:Creating package script '/home/agilex/agilex_ws/install/csm/share/csm/package.zsh'
[1.549s] Level 1:colcon.colcon_core.environment:create_file_with_runtime_dependencies(/home/agilex/agilex_ws/install/csm/share/colcon-core/packages/csm)
[1.553s] DEBUG:colcon.colcon_core.event_handler.log_command:Invoking command in '/home/agilex/agilex_ws/build/ydlidar_sdk': /usr/bin/cmake --install /home/agilex/agilex_ws/build/ydlidar_sdk
[1.555s] DEBUG:colcon.colcon_core.event_handler.log_command:Invoking command in '/home/agilex/agilex_ws/src/yolov5_ros2': PYTHONPATH=/home/agilex/agilex_ws/build/yolov5_ros2/prefix_override:/home/agilex/agilex_ws/install/yolov5_ros2/lib/python3.10/site-packages: /usr/bin/python3 setup.py egg_info --egg-base ../../build/yolov5_ros2 build --build-base /home/agilex/agilex_ws/build/yolov5_ros2/build install --record /home/agilex/agilex_ws/build/yolov5_ros2/install.log --single-version-externally-managed
[1.555s] DEBUG:colcon.colcon_core.event_handler.log_command:Invoked command in '/home/agilex/agilex_ws/build/limo_msgs' returned '0': /usr/bin/cmake --build /home/agilex/agilex_ws/build/limo_msgs -- -j16 -l16
[1.563s] Level 1:colcon.colcon_core.environment:create_environment_scripts_only(aruco)
[1.569s] Level 1:colcon.colcon_core.environment:checking '/home/agilex/agilex_ws/install/aruco' for CMake module files
[1.570s] Level 1:colcon.colcon_core.environment:checking '/home/agilex/agilex_ws/install/aruco' for CMake config files
[1.570s] Level 1:colcon.colcon_core.shell:create_environment_hook('aruco', 'cmake_prefix_path')
[1.576s] INFO:colcon.colcon_core.shell:Creating environment hook '/home/agilex/agilex_ws/install/aruco/share/aruco/hook/cmake_prefix_path.ps1'
[1.576s] INFO:colcon.colcon_core.shell:Creating environment descriptor '/home/agilex/agilex_ws/install/aruco/share/aruco/hook/cmake_prefix_path.dsv'
[1.576s] INFO:colcon.colcon_core.shell:Creating environment hook '/home/agilex/agilex_ws/install/aruco/share/aruco/hook/cmake_prefix_path.sh'
[1.577s] Level 1:colcon.colcon_core.environment:checking '/home/agilex/agilex_ws/install/aruco/lib'
[1.577s] Level 1:colcon.colcon_core.shell:create_environment_hook('aruco', 'ld_library_path_lib')
[1.580s] INFO:colcon.colcon_core.shell:Creating environment hook '/home/agilex/agilex_ws/install/aruco/share/aruco/hook/ld_library_path_lib.ps1'
[1.581s] INFO:colcon.colcon_core.shell:Creating environment descriptor '/home/agilex/agilex_ws/install/aruco/share/aruco/hook/ld_library_path_lib.dsv'
[1.581s] INFO:colcon.colcon_core.shell:Creating environment hook '/home/agilex/agilex_ws/install/aruco/share/aruco/hook/ld_library_path_lib.sh'
[1.581s] Level 1:colcon.colcon_core.environment:checking '/home/agilex/agilex_ws/install/aruco/bin'
[1.581s] Level 1:colcon.colcon_core.environment:checking '/home/agilex/agilex_ws/install/aruco/lib/pkgconfig/aruco.pc'
[1.581s] Level 1:colcon.colcon_core.environment:checking '/home/agilex/agilex_ws/install/aruco/lib/python3.10/site-packages'
[1.581s] Level 1:colcon.colcon_core.environment:checking '/home/agilex/agilex_ws/install/aruco/bin'
[1.586s] INFO:colcon.colcon_core.shell:Creating package script '/home/agilex/agilex_ws/install/aruco/share/aruco/package.ps1'
[1.587s] INFO:colcon.colcon_core.shell:Creating package descriptor '/home/agilex/agilex_ws/install/aruco/share/aruco/package.dsv'
[1.587s] INFO:colcon.colcon_core.shell:Creating package script '/home/agilex/agilex_ws/install/aruco/share/aruco/package.sh'
[1.588s] INFO:colcon.colcon_core.shell:Creating package script '/home/agilex/agilex_ws/install/aruco/share/aruco/package.bash'
[1.588s] INFO:colcon.colcon_core.shell:Creating package script '/home/agilex/agilex_ws/install/aruco/share/aruco/package.zsh'
[1.588s] Level 1:colcon.colcon_core.environment:create_file_with_runtime_dependencies(/home/agilex/agilex_ws/install/aruco/share/colcon-core/packages/aruco)
[1.590s] DEBUG:colcon.colcon_core.event_handler.log_command:Invoked command in '/home/agilex/agilex_ws/build/nav_2d_msgs' returned '0': /usr/bin/cmake --build /home/agilex/agilex_ws/build/nav_2d_msgs -- -j16 -l16
[1.591s] DEBUG:colcon.colcon_core.event_handler.log_command:Invoked command in '/home/agilex/agilex_ws/build/aruco_msgs' returned '0': /usr/bin/cmake --build /home/agilex/agilex_ws/build/aruco_msgs -- -j16 -l16
[1.592s] DEBUG:colcon.colcon_core.event_handler.log_command:Invoked command in '/home/agilex/agilex_ws/build/orbbec_camera_msgs' returned '0': /usr/bin/cmake --build /home/agilex/agilex_ws/build/orbbec_camera_msgs -- -j16 -l16
[1.593s] DEBUG:colcon.colcon_core.event_handler.log_command:Invoked command in '/home/agilex/agilex_ws/build/costmap_converter_msgs' returned '0': /usr/bin/cmake --build /home/agilex/agilex_ws/build/costmap_converter_msgs -- -j16 -l16
[1.598s] Level 1:colcon.colcon_core.environment:create_environment_scripts_only(ydlidar_sdk)
[1.603s] DEBUG:colcon.colcon_core.event_handler.log_command:Invoked command in '/home/agilex/agilex_ws/build/ydlidar_sdk' returned '0': /usr/bin/cmake --install /home/agilex/agilex_ws/build/ydlidar_sdk
[1.607s] Level 1:colcon.colcon_core.environment:checking '/home/agilex/agilex_ws/install/ydlidar_sdk' for CMake module files
[1.608s] Level 1:colcon.colcon_core.environment:checking '/home/agilex/agilex_ws/install/ydlidar_sdk' for CMake config files
[1.608s] Level 1:colcon.colcon_core.shell:create_environment_hook('ydlidar_sdk', 'cmake_prefix_path')
[1.612s] INFO:colcon.colcon_core.shell:Creating environment hook '/home/agilex/agilex_ws/install/ydlidar_sdk/share/ydlidar_sdk/hook/cmake_prefix_path.ps1'
[1.612s] INFO:colcon.colcon_core.shell:Creating environment descriptor '/home/agilex/agilex_ws/install/ydlidar_sdk/share/ydlidar_sdk/hook/cmake_prefix_path.dsv'
[1.612s] INFO:colcon.colcon_core.shell:Creating environment hook '/home/agilex/agilex_ws/install/ydlidar_sdk/share/ydlidar_sdk/hook/cmake_prefix_path.sh'
[1.612s] Level 1:colcon.colcon_core.environment:checking '/home/agilex/agilex_ws/install/ydlidar_sdk/lib'
[1.613s] Level 1:colcon.colcon_core.environment:checking '/home/agilex/agilex_ws/install/ydlidar_sdk/bin'
[1.613s] Level 1:colcon.colcon_core.shell:create_environment_hook('ydlidar_sdk', 'path')
[1.617s] INFO:colcon.colcon_core.shell:Creating environment hook '/home/agilex/agilex_ws/install/ydlidar_sdk/share/ydlidar_sdk/hook/path.ps1'
[1.617s] INFO:colcon.colcon_core.shell:Creating environment descriptor '/home/agilex/agilex_ws/install/ydlidar_sdk/share/ydlidar_sdk/hook/path.dsv'
[1.617s] INFO:colcon.colcon_core.shell:Creating environment hook '/home/agilex/agilex_ws/install/ydlidar_sdk/share/ydlidar_sdk/hook/path.sh'
[1.617s] Level 1:colcon.colcon_core.environment:checking '/home/agilex/agilex_ws/install/ydlidar_sdk/lib/pkgconfig/ydlidar_sdk.pc'
[1.618s] Level 1:colcon.colcon_core.environment:checking '/home/agilex/agilex_ws/install/ydlidar_sdk/lib/python3.10/site-packages'
[1.618s] Level 1:colcon.colcon_core.environment:checking '/home/agilex/agilex_ws/install/ydlidar_sdk/bin'
[1.618s] Level 1:colcon.colcon_core.shell:create_environment_hook('ydlidar_sdk', 'pythonscriptspath')
[1.622s] INFO:colcon.colcon_core.shell:Creating environment hook '/home/agilex/agilex_ws/install/ydlidar_sdk/share/ydlidar_sdk/hook/pythonscriptspath.ps1'
[1.622s] INFO:colcon.colcon_core.shell:Creating environment descriptor '/home/agilex/agilex_ws/install/ydlidar_sdk/share/ydlidar_sdk/hook/pythonscriptspath.dsv'
[1.622s] INFO:colcon.colcon_core.shell:Creating environment hook '/home/agilex/agilex_ws/install/ydlidar_sdk/share/ydlidar_sdk/hook/pythonscriptspath.sh'
[1.626s] INFO:colcon.colcon_core.shell:Creating package script '/home/agilex/agilex_ws/install/ydlidar_sdk/share/ydlidar_sdk/package.ps1'
[1.626s] INFO:colcon.colcon_core.shell:Creating package descriptor '/home/agilex/agilex_ws/install/ydlidar_sdk/share/ydlidar_sdk/package.dsv'
[1.627s] INFO:colcon.colcon_core.shell:Creating package script '/home/agilex/agilex_ws/install/ydlidar_sdk/share/ydlidar_sdk/package.sh'
[1.627s] INFO:colcon.colcon_core.shell:Creating package script '/home/agilex/agilex_ws/install/ydlidar_sdk/share/ydlidar_sdk/package.bash'
[1.627s] INFO:colcon.colcon_core.shell:Creating package script '/home/agilex/agilex_ws/install/ydlidar_sdk/share/ydlidar_sdk/package.zsh'
[1.627s] Level 1:colcon.colcon_core.environment:create_file_with_runtime_dependencies(/home/agilex/agilex_ws/install/ydlidar_sdk/share/colcon-core/packages/ydlidar_sdk)
[1.627s] Level 1:colcon.colcon_core.environment:create_environment_scripts_only(nav2_common)
[1.629s] DEBUG:colcon.colcon_core.event_handler.log_command:Invoked command in '/home/agilex/agilex_ws/build/nav2_common' returned '0': /usr/bin/cmake --install /home/agilex/agilex_ws/build/nav2_common
[1.632s] Level 1:colcon.colcon_core.environment:checking '/home/agilex/agilex_ws/install/nav2_common' for CMake module files
[1.632s] Level 1:colcon.colcon_core.environment:checking '/home/agilex/agilex_ws/install/nav2_common' for CMake config files
[1.633s] Level 1:colcon.colcon_core.shell:create_environment_hook('nav2_common', 'cmake_prefix_path')
[1.638s] INFO:colcon.colcon_core.shell:Creating environment hook '/home/agilex/agilex_ws/install/nav2_common/share/nav2_common/hook/cmake_prefix_path.ps1'
[1.638s] INFO:colcon.colcon_core.shell:Creating environment descriptor '/home/agilex/agilex_ws/install/nav2_common/share/nav2_common/hook/cmake_prefix_path.dsv'
[1.638s] INFO:colcon.colcon_core.shell:Creating environment hook '/home/agilex/agilex_ws/install/nav2_common/share/nav2_common/hook/cmake_prefix_path.sh'
[1.638s] Level 1:colcon.colcon_core.environment:checking '/home/agilex/agilex_ws/install/nav2_common/bin'
[1.638s] Level 1:colcon.colcon_core.environment:checking '/home/agilex/agilex_ws/install/nav2_common/lib/pkgconfig/nav2_common.pc'
[1.639s] Level 1:colcon.colcon_core.environment:checking '/home/agilex/agilex_ws/install/nav2_common/lib/python3.10/site-packages'
[1.639s] Level 1:colcon.colcon_core.environment:checking '/home/agilex/agilex_ws/install/nav2_common/bin'
[1.643s] INFO:colcon.colcon_core.shell:Creating package script '/home/agilex/agilex_ws/install/nav2_common/share/nav2_common/package.ps1'
[1.643s] INFO:colcon.colcon_core.shell:Creating package descriptor '/home/agilex/agilex_ws/install/nav2_common/share/nav2_common/package.dsv'
[1.643s] INFO:colcon.colcon_core.shell:Creating package script '/home/agilex/agilex_ws/install/nav2_common/share/nav2_common/package.sh'
[1.643s] INFO:colcon.colcon_core.shell:Creating package script '/home/agilex/agilex_ws/install/nav2_common/share/nav2_common/package.bash'
[1.644s] INFO:colcon.colcon_core.shell:Creating package script '/home/agilex/agilex_ws/install/nav2_common/share/nav2_common/package.zsh'
[1.644s] Level 1:colcon.colcon_core.environment:create_file_with_runtime_dependencies(/home/agilex/agilex_ws/install/nav2_common/share/colcon-core/packages/nav2_common)
[1.646s] DEBUG:colcon.colcon_core.event_handler.log_command:Invoking command in '/home/agilex/agilex_ws/build/limo_msgs': /usr/bin/cmake --install /home/agilex/agilex_ws/build/limo_msgs
[1.651s] Level 1:colcon.colcon_core.environment:create_environment_scripts_only(csm)
[1.665s] Level 1:colcon.colcon_core.environment:checking '/home/agilex/agilex_ws/install/csm' for CMake module files
[1.665s] Level 1:colcon.colcon_core.environment:checking '/home/agilex/agilex_ws/install/csm' for CMake config files
[1.665s] Level 1:colcon.colcon_core.shell:create_environment_hook('csm', 'cmake_prefix_path')
[1.670s] INFO:colcon.colcon_core.shell:Creating environment hook '/home/agilex/agilex_ws/install/csm/share/csm/hook/cmake_prefix_path.ps1'
[1.670s] INFO:colcon.colcon_core.shell:Creating environment descriptor '/home/agilex/agilex_ws/install/csm/share/csm/hook/cmake_prefix_path.dsv'
[1.670s] INFO:colcon.colcon_core.shell:Creating environment hook '/home/agilex/agilex_ws/install/csm/share/csm/hook/cmake_prefix_path.sh'
[1.671s] Level 1:colcon.colcon_core.environment:checking '/home/agilex/agilex_ws/install/csm/lib'
[1.671s] Level 1:colcon.colcon_core.shell:create_environment_hook('csm', 'ld_library_path_lib')
[1.675s] INFO:colcon.colcon_core.shell:Creating environment hook '/home/agilex/agilex_ws/install/csm/share/csm/hook/ld_library_path_lib.ps1'
[1.675s] INFO:colcon.colcon_core.shell:Creating environment descriptor '/home/agilex/agilex_ws/install/csm/share/csm/hook/ld_library_path_lib.dsv'
[1.675s] INFO:colcon.colcon_core.shell:Creating environment hook '/home/agilex/agilex_ws/install/csm/share/csm/hook/ld_library_path_lib.sh'
[1.675s] Level 1:colcon.colcon_core.environment:checking '/home/agilex/agilex_ws/install/csm/bin'
[1.675s] Level 1:colcon.colcon_core.environment:checking '/home/agilex/agilex_ws/install/csm/lib/pkgconfig/csm.pc'
[1.675s] Level 1:colcon.colcon_core.environment:checking '/home/agilex/agilex_ws/install/csm/lib/python3.10/site-packages'
[1.676s] Level 1:colcon.colcon_core.environment:checking '/home/agilex/agilex_ws/install/csm/bin'
[1.679s] INFO:colcon.colcon_core.shell:Creating package script '/home/agilex/agilex_ws/install/csm/share/csm/package.ps1'
[1.680s] INFO:colcon.colcon_core.shell:Creating package descriptor '/home/agilex/agilex_ws/install/csm/share/csm/package.dsv'
[1.680s] INFO:colcon.colcon_core.shell:Creating package script '/home/agilex/agilex_ws/install/csm/share/csm/package.sh'
[1.681s] INFO:colcon.colcon_core.shell:Creating package script '/home/agilex/agilex_ws/install/csm/share/csm/package.bash'
[1.681s] INFO:colcon.colcon_core.shell:Creating package script '/home/agilex/agilex_ws/install/csm/share/csm/package.zsh'
[1.681s] Level 1:colcon.colcon_core.environment:create_file_with_runtime_dependencies(/home/agilex/agilex_ws/install/csm/share/colcon-core/packages/csm)
[1.684s] DEBUG:colcon.colcon_core.event_handler.log_command:Invoking command in '/home/agilex/agilex_ws/build/aruco_msgs': /usr/bin/cmake --install /home/agilex/agilex_ws/build/aruco_msgs
[1.687s] DEBUG:colcon.colcon_core.event_handler.log_command:Invoking command in '/home/agilex/agilex_ws/build/costmap_converter_msgs': /usr/bin/cmake --install /home/agilex/agilex_ws/build/costmap_converter_msgs
[1.709s] Level 1:colcon.colcon_core.environment:create_environment_scripts_only(nav2_common)
[1.716s] Level 1:colcon.colcon_core.environment:checking '/home/agilex/agilex_ws/install/nav2_common' for CMake module files
[1.717s] Level 1:colcon.colcon_core.environment:checking '/home/agilex/agilex_ws/install/nav2_common' for CMake config files
[1.717s] Level 1:colcon.colcon_core.shell:create_environment_hook('nav2_common', 'cmake_prefix_path')
[1.722s] INFO:colcon.colcon_core.shell:Creating environment hook '/home/agilex/agilex_ws/install/nav2_common/share/nav2_common/hook/cmake_prefix_path.ps1'
[1.723s] INFO:colcon.colcon_core.shell:Creating environment descriptor '/home/agilex/agilex_ws/install/nav2_common/share/nav2_common/hook/cmake_prefix_path.dsv'
[1.723s] INFO:colcon.colcon_core.shell:Creating environment hook '/home/agilex/agilex_ws/install/nav2_common/share/nav2_common/hook/cmake_prefix_path.sh'
[1.724s] Level 1:colcon.colcon_core.environment:checking '/home/agilex/agilex_ws/install/nav2_common/bin'
[1.724s] Level 1:colcon.colcon_core.environment:checking '/home/agilex/agilex_ws/install/nav2_common/lib/pkgconfig/nav2_common.pc'
[1.724s] Level 1:colcon.colcon_core.environment:checking '/home/agilex/agilex_ws/install/nav2_common/lib/python3.10/site-packages'
[1.724s] Level 1:colcon.colcon_core.environment:checking '/home/agilex/agilex_ws/install/nav2_common/bin'
[1.732s] INFO:colcon.colcon_core.shell:Creating package script '/home/agilex/agilex_ws/install/nav2_common/share/nav2_common/package.ps1'
[1.733s] INFO:colcon.colcon_core.shell:Creating package descriptor '/home/agilex/agilex_ws/install/nav2_common/share/nav2_common/package.dsv'
[1.733s] INFO:colcon.colcon_core.shell:Creating package script '/home/agilex/agilex_ws/install/nav2_common/share/nav2_common/package.sh'
[1.734s] INFO:colcon.colcon_core.shell:Creating package script '/home/agilex/agilex_ws/install/nav2_common/share/nav2_common/package.bash'
[1.735s] INFO:colcon.colcon_core.shell:Creating package script '/home/agilex/agilex_ws/install/nav2_common/share/nav2_common/package.zsh'
[1.735s] Level 1:colcon.colcon_core.environment:create_file_with_runtime_dependencies(/home/agilex/agilex_ws/install/nav2_common/share/colcon-core/packages/nav2_common)
[1.737s] INFO:colcon.colcon_ros.task.ament_cmake.build:Building ROS package in '/home/agilex/agilex_ws/src/navigation2/nav2_msgs' with build type 'ament_cmake'
[1.737s] DEBUG:colcon.colcon_core.event_handler.log_command:Invoking command in '/home/agilex/agilex_ws/build/nav_2d_msgs': /usr/bin/cmake --install /home/agilex/agilex_ws/build/nav_2d_msgs
[1.737s] INFO:colcon.colcon_cmake.task.cmake.build:Building CMake package in '/home/agilex/agilex_ws/src/navigation2/nav2_msgs'
[1.743s] INFO:colcon.colcon_core.shell:Skip shell extension 'powershell' for command environment: Not usable outside of PowerShell
[1.743s] DEBUG:colcon.colcon_core.shell:Skip shell extension 'dsv' for command environment
[1.747s] INFO:colcon.colcon_ros.task.ament_cmake.build:Building ROS package in '/home/agilex/agilex_ws/src/navigation2/nav2_voxel_grid' with build type 'ament_cmake'
[1.747s] INFO:colcon.colcon_cmake.task.cmake.build:Building CMake package in '/home/agilex/agilex_ws/src/navigation2/nav2_voxel_grid'
[1.751s] INFO:colcon.colcon_core.shell:Skip shell extension 'powershell' for command environment: Not usable outside of PowerShell
[1.751s] DEBUG:colcon.colcon_core.shell:Skip shell extension 'dsv' for command environment
[1.758s] Level 1:colcon.colcon_core.environment:create_environment_scripts_only(limo_msgs)
[1.763s] DEBUG:colcon.colcon_core.event_handler.log_command:Invoked command in '/home/agilex/agilex_ws/build/limo_msgs' returned '0': /usr/bin/cmake --install /home/agilex/agilex_ws/build/limo_msgs
[1.766s] Level 1:colcon.colcon_core.environment:checking '/home/agilex/agilex_ws/install/limo_msgs' for CMake module files
[1.766s] Level 1:colcon.colcon_core.environment:checking '/home/agilex/agilex_ws/install/limo_msgs' for CMake config files
[1.767s] Level 1:colcon.colcon_core.shell:create_environment_hook('limo_msgs', 'cmake_prefix_path')
[1.770s] INFO:colcon.colcon_core.shell:Creating environment hook '/home/agilex/agilex_ws/install/limo_msgs/share/limo_msgs/hook/cmake_prefix_path.ps1'
[1.771s] INFO:colcon.colcon_core.shell:Creating environment descriptor '/home/agilex/agilex_ws/install/limo_msgs/share/limo_msgs/hook/cmake_prefix_path.dsv'
[1.771s] INFO:colcon.colcon_core.shell:Creating environment hook '/home/agilex/agilex_ws/install/limo_msgs/share/limo_msgs/hook/cmake_prefix_path.sh'
[1.771s] Level 1:colcon.colcon_core.environment:checking '/home/agilex/agilex_ws/install/limo_msgs/lib'
[1.771s] Level 1:colcon.colcon_core.shell:create_environment_hook('limo_msgs', 'ld_library_path_lib')
[1.775s] INFO:colcon.colcon_core.shell:Creating environment hook '/home/agilex/agilex_ws/install/limo_msgs/share/limo_msgs/hook/ld_library_path_lib.ps1'
[1.775s] INFO:colcon.colcon_core.shell:Creating environment descriptor '/home/agilex/agilex_ws/install/limo_msgs/share/limo_msgs/hook/ld_library_path_lib.dsv'
[1.775s] INFO:colcon.colcon_core.shell:Creating environment hook '/home/agilex/agilex_ws/install/limo_msgs/share/limo_msgs/hook/ld_library_path_lib.sh'
[1.775s] Level 1:colcon.colcon_core.environment:checking '/home/agilex/agilex_ws/install/limo_msgs/bin'
[1.775s] Level 1:colcon.colcon_core.environment:checking '/home/agilex/agilex_ws/install/limo_msgs/lib/pkgconfig/limo_msgs.pc'
[1.776s] Level 1:colcon.colcon_core.environment:checking '/home/agilex/agilex_ws/install/limo_msgs/lib/python3.10/site-packages'
[1.776s] Level 1:colcon.colcon_core.environment:checking '/home/agilex/agilex_ws/install/limo_msgs/bin'
[1.780s] INFO:colcon.colcon_core.shell:Creating package script '/home/agilex/agilex_ws/install/limo_msgs/share/limo_msgs/package.ps1'
[1.780s] INFO:colcon.colcon_core.shell:Creating package descriptor '/home/agilex/agilex_ws/install/limo_msgs/share/limo_msgs/package.dsv'
[1.780s] INFO:colcon.colcon_core.shell:Creating package script '/home/agilex/agilex_ws/install/limo_msgs/share/limo_msgs/package.sh'
[1.780s] INFO:colcon.colcon_core.shell:Creating package script '/home/agilex/agilex_ws/install/limo_msgs/share/limo_msgs/package.bash'
[1.780s] INFO:colcon.colcon_core.shell:Creating package script '/home/agilex/agilex_ws/install/limo_msgs/share/limo_msgs/package.zsh'
[1.781s] Level 1:colcon.colcon_core.environment:create_file_with_runtime_dependencies(/home/agilex/agilex_ws/install/limo_msgs/share/colcon-core/packages/limo_msgs)
[1.782s] DEBUG:colcon.colcon_core.event_handler.log_command:Invoked command in '/home/agilex/agilex_ws/src/yolov5_ros2' returned '0': PYTHONPATH=/home/agilex/agilex_ws/build/yolov5_ros2/prefix_override:/home/agilex/agilex_ws/install/yolov5_ros2/lib/python3.10/site-packages: /usr/bin/python3 setup.py egg_info --egg-base ../../build/yolov5_ros2 build --build-base /home/agilex/agilex_ws/build/yolov5_ros2/build install --record /home/agilex/agilex_ws/build/yolov5_ros2/install.log --single-version-externally-managed
[1.789s] Level 1:colcon.colcon_core.environment:checking '/home/agilex/agilex_ws/install/yolov5_ros2' for CMake module files
[1.790s] Level 1:colcon.colcon_core.environment:checking '/home/agilex/agilex_ws/install/yolov5_ros2' for CMake config files
[1.790s] Level 1:colcon.colcon_core.environment:checking '/home/agilex/agilex_ws/install/yolov5_ros2/lib'
[1.790s] Level 1:colcon.colcon_core.environment:checking '/home/agilex/agilex_ws/install/yolov5_ros2/bin'
[1.790s] Level 1:colcon.colcon_core.environment:checking '/home/agilex/agilex_ws/install/yolov5_ros2/lib/pkgconfig/yolov5_ros2.pc'
[1.791s] Level 1:colcon.colcon_core.environment:checking '/home/agilex/agilex_ws/install/yolov5_ros2/lib/python3.10/site-packages'
[1.791s] Level 1:colcon.colcon_core.shell:create_environment_hook('yolov5_ros2', 'pythonpath')
[1.794s] INFO:colcon.colcon_core.shell:Creating environment hook '/home/agilex/agilex_ws/install/yolov5_ros2/share/yolov5_ros2/hook/pythonpath.ps1'
[1.794s] INFO:colcon.colcon_core.shell:Creating environment descriptor '/home/agilex/agilex_ws/install/yolov5_ros2/share/yolov5_ros2/hook/pythonpath.dsv'
[1.795s] INFO:colcon.colcon_core.shell:Creating environment hook '/home/agilex/agilex_ws/install/yolov5_ros2/share/yolov5_ros2/hook/pythonpath.sh'
[1.795s] Level 1:colcon.colcon_core.environment:checking '/home/agilex/agilex_ws/install/yolov5_ros2/bin'
[1.795s] Level 1:colcon.colcon_core.environment:create_environment_scripts_only(yolov5_ros2)
[1.798s] INFO:colcon.colcon_core.shell:Creating package script '/home/agilex/agilex_ws/install/yolov5_ros2/share/yolov5_ros2/package.ps1'
[1.798s] INFO:colcon.colcon_core.shell:Creating package descriptor '/home/agilex/agilex_ws/install/yolov5_ros2/share/yolov5_ros2/package.dsv'
[1.799s] INFO:colcon.colcon_core.shell:Creating package script '/home/agilex/agilex_ws/install/yolov5_ros2/share/yolov5_ros2/package.sh'
[1.799s] INFO:colcon.colcon_core.shell:Creating package script '/home/agilex/agilex_ws/install/yolov5_ros2/share/yolov5_ros2/package.bash'
[1.799s] INFO:colcon.colcon_core.shell:Creating package script '/home/agilex/agilex_ws/install/yolov5_ros2/share/yolov5_ros2/package.zsh'
[1.799s] Level 1:colcon.colcon_core.environment:create_file_with_runtime_dependencies(/home/agilex/agilex_ws/install/yolov5_ros2/share/colcon-core/packages/yolov5_ros2)
[1.799s] Level 1:colcon.colcon_core.environment:create_environment_scripts_only(costmap_converter_msgs)
[1.801s] DEBUG:colcon.colcon_core.event_handler.log_command:Invoked command in '/home/agilex/agilex_ws/build/costmap_converter_msgs' returned '0': /usr/bin/cmake --install /home/agilex/agilex_ws/build/costmap_converter_msgs
[1.803s] Level 1:colcon.colcon_core.environment:checking '/home/agilex/agilex_ws/install/costmap_converter_msgs' for CMake module files
[1.803s] Level 1:colcon.colcon_core.environment:checking '/home/agilex/agilex_ws/install/costmap_converter_msgs' for CMake config files
[1.804s] Level 1:colcon.colcon_core.shell:create_environment_hook('costmap_converter_msgs', 'cmake_prefix_path')
[1.807s] INFO:colcon.colcon_core.shell:Creating environment hook '/home/agilex/agilex_ws/install/costmap_converter_msgs/share/costmap_converter_msgs/hook/cmake_prefix_path.ps1'
[1.807s] INFO:colcon.colcon_core.shell:Creating environment descriptor '/home/agilex/agilex_ws/install/costmap_converter_msgs/share/costmap_converter_msgs/hook/cmake_prefix_path.dsv'
[1.807s] INFO:colcon.colcon_core.shell:Creating environment hook '/home/agilex/agilex_ws/install/costmap_converter_msgs/share/costmap_converter_msgs/hook/cmake_prefix_path.sh'
[1.808s] Level 1:colcon.colcon_core.environment:checking '/home/agilex/agilex_ws/install/costmap_converter_msgs/lib'
[1.808s] Level 1:colcon.colcon_core.shell:create_environment_hook('costmap_converter_msgs', 'ld_library_path_lib')
[1.811s] INFO:colcon.colcon_core.shell:Creating environment hook '/home/agilex/agilex_ws/install/costmap_converter_msgs/share/costmap_converter_msgs/hook/ld_library_path_lib.ps1'
[1.811s] INFO:colcon.colcon_core.shell:Creating environment descriptor '/home/agilex/agilex_ws/install/costmap_converter_msgs/share/costmap_converter_msgs/hook/ld_library_path_lib.dsv'
[1.811s] INFO:colcon.colcon_core.shell:Creating environment hook '/home/agilex/agilex_ws/install/costmap_converter_msgs/share/costmap_converter_msgs/hook/ld_library_path_lib.sh'
[1.811s] Level 1:colcon.colcon_core.environment:checking '/home/agilex/agilex_ws/install/costmap_converter_msgs/bin'
[1.811s] Level 1:colcon.colcon_core.environment:checking '/home/agilex/agilex_ws/install/costmap_converter_msgs/lib/pkgconfig/costmap_converter_msgs.pc'
[1.811s] Level 1:colcon.colcon_core.environment:checking '/home/agilex/agilex_ws/install/costmap_converter_msgs/lib/python3.10/site-packages'
[1.811s] Level 1:colcon.colcon_core.environment:checking '/home/agilex/agilex_ws/install/costmap_converter_msgs/bin'
[1.814s] INFO:colcon.colcon_core.shell:Creating package script '/home/agilex/agilex_ws/install/costmap_converter_msgs/share/costmap_converter_msgs/package.ps1'
[1.815s] INFO:colcon.colcon_core.shell:Creating package descriptor '/home/agilex/agilex_ws/install/costmap_converter_msgs/share/costmap_converter_msgs/package.dsv'
[1.815s] INFO:colcon.colcon_core.shell:Creating package script '/home/agilex/agilex_ws/install/costmap_converter_msgs/share/costmap_converter_msgs/package.sh'
[1.815s] INFO:colcon.colcon_core.shell:Creating package script '/home/agilex/agilex_ws/install/costmap_converter_msgs/share/costmap_converter_msgs/package.bash'
[1.815s] INFO:colcon.colcon_core.shell:Creating package script '/home/agilex/agilex_ws/install/costmap_converter_msgs/share/costmap_converter_msgs/package.zsh'
[1.815s] Level 1:colcon.colcon_core.environment:create_file_with_runtime_dependencies(/home/agilex/agilex_ws/install/costmap_converter_msgs/share/colcon-core/packages/costmap_converter_msgs)
[1.817s] DEBUG:colcon.colcon_core.event_handler.log_command:Invoking command in '/home/agilex/agilex_ws/build/orbbec_camera_msgs': /usr/bin/cmake --install /home/agilex/agilex_ws/build/orbbec_camera_msgs
[1.818s] Level 1:colcon.colcon_core.environment:create_environment_scripts_only(aruco_msgs)
[1.818s] DEBUG:colcon.colcon_core.event_handler.log_command:Invoked command in '/home/agilex/agilex_ws/build/aruco_msgs' returned '0': /usr/bin/cmake --install /home/agilex/agilex_ws/build/aruco_msgs
[1.822s] Level 1:colcon.colcon_core.environment:checking '/home/agilex/agilex_ws/install/aruco_msgs' for CMake module files
[1.823s] Level 1:colcon.colcon_core.environment:checking '/home/agilex/agilex_ws/install/aruco_msgs' for CMake config files
[1.823s] Level 1:colcon.colcon_core.shell:create_environment_hook('aruco_msgs', 'cmake_prefix_path')
[1.826s] INFO:colcon.colcon_core.shell:Creating environment hook '/home/agilex/agilex_ws/install/aruco_msgs/share/aruco_msgs/hook/cmake_prefix_path.ps1'
[1.827s] INFO:colcon.colcon_core.shell:Creating environment descriptor '/home/agilex/agilex_ws/install/aruco_msgs/share/aruco_msgs/hook/cmake_prefix_path.dsv'
[1.827s] INFO:colcon.colcon_core.shell:Creating environment hook '/home/agilex/agilex_ws/install/aruco_msgs/share/aruco_msgs/hook/cmake_prefix_path.sh'
[1.827s] Level 1:colcon.colcon_core.environment:checking '/home/agilex/agilex_ws/install/aruco_msgs/lib'
[1.827s] Level 1:colcon.colcon_core.shell:create_environment_hook('aruco_msgs', 'ld_library_path_lib')
[1.831s] INFO:colcon.colcon_core.shell:Creating environment hook '/home/agilex/agilex_ws/install/aruco_msgs/share/aruco_msgs/hook/ld_library_path_lib.ps1'
[1.831s] INFO:colcon.colcon_core.shell:Creating environment descriptor '/home/agilex/agilex_ws/install/aruco_msgs/share/aruco_msgs/hook/ld_library_path_lib.dsv'
[1.831s] INFO:colcon.colcon_core.shell:Creating environment hook '/home/agilex/agilex_ws/install/aruco_msgs/share/aruco_msgs/hook/ld_library_path_lib.sh'
[1.831s] Level 1:colcon.colcon_core.environment:checking '/home/agilex/agilex_ws/install/aruco_msgs/bin'
[1.832s] Level 1:colcon.colcon_core.environment:checking '/home/agilex/agilex_ws/install/aruco_msgs/lib/pkgconfig/aruco_msgs.pc'
[1.832s] Level 1:colcon.colcon_core.environment:checking '/home/agilex/agilex_ws/install/aruco_msgs/lib/python3.10/site-packages'
[1.832s] Level 1:colcon.colcon_core.environment:checking '/home/agilex/agilex_ws/install/aruco_msgs/bin'
[1.836s] INFO:colcon.colcon_core.shell:Creating package script '/home/agilex/agilex_ws/install/aruco_msgs/share/aruco_msgs/package.ps1'
[1.836s] INFO:colcon.colcon_core.shell:Creating package descriptor '/home/agilex/agilex_ws/install/aruco_msgs/share/aruco_msgs/package.dsv'
[1.836s] INFO:colcon.colcon_core.shell:Creating package script '/home/agilex/agilex_ws/install/aruco_msgs/share/aruco_msgs/package.sh'
[1.836s] INFO:colcon.colcon_core.shell:Creating package script '/home/agilex/agilex_ws/install/aruco_msgs/share/aruco_msgs/package.bash'
[1.837s] INFO:colcon.colcon_core.shell:Creating package script '/home/agilex/agilex_ws/install/aruco_msgs/share/aruco_msgs/package.zsh'
[1.837s] Level 1:colcon.colcon_core.environment:create_file_with_runtime_dependencies(/home/agilex/agilex_ws/install/aruco_msgs/share/colcon-core/packages/aruco_msgs)
[1.846s] DEBUG:colcon.colcon_core.event_handler.log_command:Invoking command in '/home/agilex/agilex_ws/build/nav2_msgs': AMENT_PREFIX_PATH=/home/agilex/agilex_ws/install/nav2_common CMAKE_PREFIX_PATH=/home/agilex/agilex_ws/install/nav2_common PYTHONPATH=/home/agilex/agilex_ws/install/nav2_common/local/lib/python3.10/dist-packages /usr/bin/cmake --build /home/agilex/agilex_ws/build/nav2_msgs -- -j16 -l16
[1.849s] Level 1:colcon.colcon_core.environment:create_environment_scripts_only(nav_2d_msgs)
[1.850s] DEBUG:colcon.colcon_core.event_handler.log_command:Invoking command in '/home/agilex/agilex_ws/build/nav2_voxel_grid': AMENT_PREFIX_PATH=/home/agilex/agilex_ws/install/nav2_common CMAKE_PREFIX_PATH=/home/agilex/agilex_ws/install/nav2_common PYTHONPATH=/home/agilex/agilex_ws/install/nav2_common/local/lib/python3.10/dist-packages /usr/bin/cmake --build /home/agilex/agilex_ws/build/nav2_voxel_grid -- -j16 -l16
[1.850s] DEBUG:colcon.colcon_core.event_handler.log_command:Invoked command in '/home/agilex/agilex_ws/build/nav_2d_msgs' returned '0': /usr/bin/cmake --install /home/agilex/agilex_ws/build/nav_2d_msgs
[1.854s] Level 1:colcon.colcon_core.environment:checking '/home/agilex/agilex_ws/install/nav_2d_msgs' for CMake module files
[1.855s] Level 1:colcon.colcon_core.environment:checking '/home/agilex/agilex_ws/install/nav_2d_msgs' for CMake config files
[1.855s] Level 1:colcon.colcon_core.shell:create_environment_hook('nav_2d_msgs', 'cmake_prefix_path')
[1.859s] INFO:colcon.colcon_core.shell:Creating environment hook '/home/agilex/agilex_ws/install/nav_2d_msgs/share/nav_2d_msgs/hook/cmake_prefix_path.ps1'
[1.859s] INFO:colcon.colcon_core.shell:Creating environment descriptor '/home/agilex/agilex_ws/install/nav_2d_msgs/share/nav_2d_msgs/hook/cmake_prefix_path.dsv'
[1.859s] INFO:colcon.colcon_core.shell:Creating environment hook '/home/agilex/agilex_ws/install/nav_2d_msgs/share/nav_2d_msgs/hook/cmake_prefix_path.sh'
[1.860s] Level 1:colcon.colcon_core.environment:checking '/home/agilex/agilex_ws/install/nav_2d_msgs/lib'
[1.860s] Level 1:colcon.colcon_core.shell:create_environment_hook('nav_2d_msgs', 'ld_library_path_lib')
[1.864s] INFO:colcon.colcon_core.shell:Creating environment hook '/home/agilex/agilex_ws/install/nav_2d_msgs/share/nav_2d_msgs/hook/ld_library_path_lib.ps1'
[1.864s] INFO:colcon.colcon_core.shell:Creating environment descriptor '/home/agilex/agilex_ws/install/nav_2d_msgs/share/nav_2d_msgs/hook/ld_library_path_lib.dsv'
[1.864s] INFO:colcon.colcon_core.shell:Creating environment hook '/home/agilex/agilex_ws/install/nav_2d_msgs/share/nav_2d_msgs/hook/ld_library_path_lib.sh'
[1.864s] Level 1:colcon.colcon_core.environment:checking '/home/agilex/agilex_ws/install/nav_2d_msgs/bin'
[1.864s] Level 1:colcon.colcon_core.environment:checking '/home/agilex/agilex_ws/install/nav_2d_msgs/lib/pkgconfig/nav_2d_msgs.pc'
[1.865s] Level 1:colcon.colcon_core.environment:checking '/home/agilex/agilex_ws/install/nav_2d_msgs/lib/python3.10/site-packages'
[1.865s] Level 1:colcon.colcon_core.environment:checking '/home/agilex/agilex_ws/install/nav_2d_msgs/bin'
[1.870s] INFO:colcon.colcon_core.shell:Creating package script '/home/agilex/agilex_ws/install/nav_2d_msgs/share/nav_2d_msgs/package.ps1'
[1.870s] INFO:colcon.colcon_core.shell:Creating package descriptor '/home/agilex/agilex_ws/install/nav_2d_msgs/share/nav_2d_msgs/package.dsv'
[1.871s] INFO:colcon.colcon_core.shell:Creating package script '/home/agilex/agilex_ws/install/nav_2d_msgs/share/nav_2d_msgs/package.sh'
[1.871s] INFO:colcon.colcon_core.shell:Creating package script '/home/agilex/agilex_ws/install/nav_2d_msgs/share/nav_2d_msgs/package.bash'
[1.871s] INFO:colcon.colcon_core.shell:Creating package script '/home/agilex/agilex_ws/install/nav_2d_msgs/share/nav_2d_msgs/package.zsh'
[1.871s] Level 1:colcon.colcon_core.environment:create_file_with_runtime_dependencies(/home/agilex/agilex_ws/install/nav_2d_msgs/share/colcon-core/packages/nav_2d_msgs)
[1.881s] Level 1:colcon.colcon_core.environment:create_environment_scripts_only(limo_msgs)
[1.886s] Level 1:colcon.colcon_core.environment:checking '/home/agilex/agilex_ws/install/limo_msgs' for CMake module files
[1.886s] Level 1:colcon.colcon_core.environment:checking '/home/agilex/agilex_ws/install/limo_msgs' for CMake config files
[1.887s] Level 1:colcon.colcon_core.shell:create_environment_hook('limo_msgs', 'cmake_prefix_path')
[1.890s] INFO:colcon.colcon_core.shell:Creating environment hook '/home/agilex/agilex_ws/install/limo_msgs/share/limo_msgs/hook/cmake_prefix_path.ps1'
[1.891s] INFO:colcon.colcon_core.shell:Creating environment descriptor '/home/agilex/agilex_ws/install/limo_msgs/share/limo_msgs/hook/cmake_prefix_path.dsv'
[1.891s] INFO:colcon.colcon_core.shell:Creating environment hook '/home/agilex/agilex_ws/install/limo_msgs/share/limo_msgs/hook/cmake_prefix_path.sh'
[1.891s] Level 1:colcon.colcon_core.environment:checking '/home/agilex/agilex_ws/install/limo_msgs/lib'
[1.891s] Level 1:colcon.colcon_core.shell:create_environment_hook('limo_msgs', 'ld_library_path_lib')
[1.895s] INFO:colcon.colcon_core.shell:Creating environment hook '/home/agilex/agilex_ws/install/limo_msgs/share/limo_msgs/hook/ld_library_path_lib.ps1'
[1.895s] INFO:colcon.colcon_core.shell:Creating environment descriptor '/home/agilex/agilex_ws/install/limo_msgs/share/limo_msgs/hook/ld_library_path_lib.dsv'
[1.896s] INFO:colcon.colcon_core.shell:Creating environment hook '/home/agilex/agilex_ws/install/limo_msgs/share/limo_msgs/hook/ld_library_path_lib.sh'
[1.896s] Level 1:colcon.colcon_core.environment:checking '/home/agilex/agilex_ws/install/limo_msgs/bin'
[1.896s] Level 1:colcon.colcon_core.environment:checking '/home/agilex/agilex_ws/install/limo_msgs/lib/pkgconfig/limo_msgs.pc'
[1.896s] Level 1:colcon.colcon_core.environment:checking '/home/agilex/agilex_ws/install/limo_msgs/lib/python3.10/site-packages'
[1.896s] Level 1:colcon.colcon_core.environment:checking '/home/agilex/agilex_ws/install/limo_msgs/bin'
[1.900s] INFO:colcon.colcon_core.shell:Creating package script '/home/agilex/agilex_ws/install/limo_msgs/share/limo_msgs/package.ps1'
[1.901s] INFO:colcon.colcon_core.shell:Creating package descriptor '/home/agilex/agilex_ws/install/limo_msgs/share/limo_msgs/package.dsv'
[1.901s] INFO:colcon.colcon_core.shell:Creating package script '/home/agilex/agilex_ws/install/limo_msgs/share/limo_msgs/package.sh'
[1.901s] INFO:colcon.colcon_core.shell:Creating package script '/home/agilex/agilex_ws/install/limo_msgs/share/limo_msgs/package.bash'
[1.901s] INFO:colcon.colcon_core.shell:Creating package script '/home/agilex/agilex_ws/install/limo_msgs/share/limo_msgs/package.zsh'
[1.902s] Level 1:colcon.colcon_core.environment:create_file_with_runtime_dependencies(/home/agilex/agilex_ws/install/limo_msgs/share/colcon-core/packages/limo_msgs)
[1.902s] INFO:colcon.colcon_ros.task.ament_cmake.build:Building ROS package in '/home/agilex/agilex_ws/src/limo_ros2/limo_base' with build type 'ament_cmake'
[1.902s] INFO:colcon.colcon_cmake.task.cmake.build:Building CMake package in '/home/agilex/agilex_ws/src/limo_ros2/limo_base'
[1.906s] INFO:colcon.colcon_core.shell:Skip shell extension 'powershell' for command environment: Not usable outside of PowerShell
[1.907s] DEBUG:colcon.colcon_core.shell:Skip shell extension 'dsv' for command environment
[1.916s] Level 1:colcon.colcon_core.environment:create_environment_scripts_only(costmap_converter_msgs)
[1.920s] Level 1:colcon.colcon_core.environment:checking '/home/agilex/agilex_ws/install/costmap_converter_msgs' for CMake module files
[1.921s] Level 1:colcon.colcon_core.environment:checking '/home/agilex/agilex_ws/install/costmap_converter_msgs' for CMake config files
[1.921s] Level 1:colcon.colcon_core.shell:create_environment_hook('costmap_converter_msgs', 'cmake_prefix_path')
[1.924s] INFO:colcon.colcon_core.shell:Creating environment hook '/home/agilex/agilex_ws/install/costmap_converter_msgs/share/costmap_converter_msgs/hook/cmake_prefix_path.ps1'
[1.924s] INFO:colcon.colcon_core.shell:Creating environment descriptor '/home/agilex/agilex_ws/install/costmap_converter_msgs/share/costmap_converter_msgs/hook/cmake_prefix_path.dsv'
[1.925s] INFO:colcon.colcon_core.shell:Creating environment hook '/home/agilex/agilex_ws/install/costmap_converter_msgs/share/costmap_converter_msgs/hook/cmake_prefix_path.sh'
[1.925s] Level 1:colcon.colcon_core.environment:checking '/home/agilex/agilex_ws/install/costmap_converter_msgs/lib'
[1.925s] Level 1:colcon.colcon_core.shell:create_environment_hook('costmap_converter_msgs', 'ld_library_path_lib')
[1.928s] INFO:colcon.colcon_core.shell:Creating environment hook '/home/agilex/agilex_ws/install/costmap_converter_msgs/share/costmap_converter_msgs/hook/ld_library_path_lib.ps1'
[1.929s] INFO:colcon.colcon_core.shell:Creating environment descriptor '/home/agilex/agilex_ws/install/costmap_converter_msgs/share/costmap_converter_msgs/hook/ld_library_path_lib.dsv'
[1.929s] INFO:colcon.colcon_core.shell:Creating environment hook '/home/agilex/agilex_ws/install/costmap_converter_msgs/share/costmap_converter_msgs/hook/ld_library_path_lib.sh'
[1.929s] Level 1:colcon.colcon_core.environment:checking '/home/agilex/agilex_ws/install/costmap_converter_msgs/bin'
[1.929s] Level 1:colcon.colcon_core.environment:checking '/home/agilex/agilex_ws/install/costmap_converter_msgs/lib/pkgconfig/costmap_converter_msgs.pc'
[1.929s] Level 1:colcon.colcon_core.environment:checking '/home/agilex/agilex_ws/install/costmap_converter_msgs/lib/python3.10/site-packages'
[1.929s] Level 1:colcon.colcon_core.environment:checking '/home/agilex/agilex_ws/install/costmap_converter_msgs/bin'
[1.933s] INFO:colcon.colcon_core.shell:Creating package script '/home/agilex/agilex_ws/install/costmap_converter_msgs/share/costmap_converter_msgs/package.ps1'
[1.934s] INFO:colcon.colcon_core.shell:Creating package descriptor '/home/agilex/agilex_ws/install/costmap_converter_msgs/share/costmap_converter_msgs/package.dsv'
[1.934s] INFO:colcon.colcon_core.shell:Creating package script '/home/agilex/agilex_ws/install/costmap_converter_msgs/share/costmap_converter_msgs/package.sh'
[1.934s] INFO:colcon.colcon_core.shell:Creating package script '/home/agilex/agilex_ws/install/costmap_converter_msgs/share/costmap_converter_msgs/package.bash'
[1.935s] INFO:colcon.colcon_core.shell:Creating package script '/home/agilex/agilex_ws/install/costmap_converter_msgs/share/costmap_converter_msgs/package.zsh'
[1.935s] Level 1:colcon.colcon_core.environment:create_file_with_runtime_dependencies(/home/agilex/agilex_ws/install/costmap_converter_msgs/share/colcon-core/packages/costmap_converter_msgs)
[1.935s] INFO:colcon.colcon_ros.task.ament_cmake.build:Building ROS package in '/home/agilex/agilex_ws/src/teb_local_planner/teb_msgs' with build type 'ament_cmake'
[1.936s] INFO:colcon.colcon_cmake.task.cmake.build:Building CMake package in '/home/agilex/agilex_ws/src/teb_local_planner/teb_msgs'
[1.940s] INFO:colcon.colcon_core.shell:Skip shell extension 'powershell' for command environment: Not usable outside of PowerShell
[1.940s] DEBUG:colcon.colcon_core.shell:Skip shell extension 'dsv' for command environment
[1.944s] Level 1:colcon.colcon_core.environment:create_environment_scripts_only(orbbec_camera_msgs)
[1.945s] DEBUG:colcon.colcon_core.event_handler.log_command:Invoked command in '/home/agilex/agilex_ws/build/orbbec_camera_msgs' returned '0': /usr/bin/cmake --install /home/agilex/agilex_ws/build/orbbec_camera_msgs
[1.948s] Level 1:colcon.colcon_core.environment:checking '/home/agilex/agilex_ws/install/orbbec_camera_msgs' for CMake module files
[1.948s] Level 1:colcon.colcon_core.environment:checking '/home/agilex/agilex_ws/install/orbbec_camera_msgs' for CMake config files
[1.949s] Level 1:colcon.colcon_core.shell:create_environment_hook('orbbec_camera_msgs', 'cmake_prefix_path')
[1.953s] INFO:colcon.colcon_core.shell:Creating environment hook '/home/agilex/agilex_ws/install/orbbec_camera_msgs/share/orbbec_camera_msgs/hook/cmake_prefix_path.ps1'
[1.953s] INFO:colcon.colcon_core.shell:Creating environment descriptor '/home/agilex/agilex_ws/install/orbbec_camera_msgs/share/orbbec_camera_msgs/hook/cmake_prefix_path.dsv'
[1.953s] INFO:colcon.colcon_core.shell:Creating environment hook '/home/agilex/agilex_ws/install/orbbec_camera_msgs/share/orbbec_camera_msgs/hook/cmake_prefix_path.sh'
[1.953s] Level 1:colcon.colcon_core.environment:checking '/home/agilex/agilex_ws/install/orbbec_camera_msgs/lib'
[1.953s] Level 1:colcon.colcon_core.shell:create_environment_hook('orbbec_camera_msgs', 'ld_library_path_lib')
[1.957s] INFO:colcon.colcon_core.shell:Creating environment hook '/home/agilex/agilex_ws/install/orbbec_camera_msgs/share/orbbec_camera_msgs/hook/ld_library_path_lib.ps1'
[1.958s] INFO:colcon.colcon_core.shell:Creating environment descriptor '/home/agilex/agilex_ws/install/orbbec_camera_msgs/share/orbbec_camera_msgs/hook/ld_library_path_lib.dsv'
[1.958s] INFO:colcon.colcon_core.shell:Creating environment hook '/home/agilex/agilex_ws/install/orbbec_camera_msgs/share/orbbec_camera_msgs/hook/ld_library_path_lib.sh'
[1.958s] Level 1:colcon.colcon_core.environment:checking '/home/agilex/agilex_ws/install/orbbec_camera_msgs/bin'
[1.958s] Level 1:colcon.colcon_core.environment:checking '/home/agilex/agilex_ws/install/orbbec_camera_msgs/lib/pkgconfig/orbbec_camera_msgs.pc'
[1.958s] Level 1:colcon.colcon_core.environment:checking '/home/agilex/agilex_ws/install/orbbec_camera_msgs/lib/python3.10/site-packages'
[1.958s] Level 1:colcon.colcon_core.environment:checking '/home/agilex/agilex_ws/install/orbbec_camera_msgs/bin'
[1.963s] INFO:colcon.colcon_core.shell:Creating package script '/home/agilex/agilex_ws/install/orbbec_camera_msgs/share/orbbec_camera_msgs/package.ps1'
[1.963s] INFO:colcon.colcon_core.shell:Creating package descriptor '/home/agilex/agilex_ws/install/orbbec_camera_msgs/share/orbbec_camera_msgs/package.dsv'
[1.963s] INFO:colcon.colcon_core.shell:Creating package script '/home/agilex/agilex_ws/install/orbbec_camera_msgs/share/orbbec_camera_msgs/package.sh'
[1.963s] INFO:colcon.colcon_core.shell:Creating package script '/home/agilex/agilex_ws/install/orbbec_camera_msgs/share/orbbec_camera_msgs/package.bash'
[1.964s] INFO:colcon.colcon_core.shell:Creating package script '/home/agilex/agilex_ws/install/orbbec_camera_msgs/share/orbbec_camera_msgs/package.zsh'
[1.964s] Level 1:colcon.colcon_core.environment:create_file_with_runtime_dependencies(/home/agilex/agilex_ws/install/orbbec_camera_msgs/share/colcon-core/packages/orbbec_camera_msgs)
[1.969s] Level 1:colcon.colcon_core.environment:create_environment_scripts_only(aruco_msgs)
[1.972s] Level 1:colcon.colcon_core.environment:checking '/home/agilex/agilex_ws/install/aruco_msgs' for CMake module files
[1.973s] Level 1:colcon.colcon_core.environment:checking '/home/agilex/agilex_ws/install/aruco_msgs' for CMake config files
[1.973s] Level 1:colcon.colcon_core.shell:create_environment_hook('aruco_msgs', 'cmake_prefix_path')
[1.976s] INFO:colcon.colcon_core.shell:Creating environment hook '/home/agilex/agilex_ws/install/aruco_msgs/share/aruco_msgs/hook/cmake_prefix_path.ps1'
[1.977s] INFO:colcon.colcon_core.shell:Creating environment descriptor '/home/agilex/agilex_ws/install/aruco_msgs/share/aruco_msgs/hook/cmake_prefix_path.dsv'
[1.977s] INFO:colcon.colcon_core.shell:Creating environment hook '/home/agilex/agilex_ws/install/aruco_msgs/share/aruco_msgs/hook/cmake_prefix_path.sh'
[1.977s] Level 1:colcon.colcon_core.environment:checking '/home/agilex/agilex_ws/install/aruco_msgs/lib'
[1.977s] Level 1:colcon.colcon_core.shell:create_environment_hook('aruco_msgs', 'ld_library_path_lib')
[1.981s] INFO:colcon.colcon_core.shell:Creating environment hook '/home/agilex/agilex_ws/install/aruco_msgs/share/aruco_msgs/hook/ld_library_path_lib.ps1'
[1.981s] INFO:colcon.colcon_core.shell:Creating environment descriptor '/home/agilex/agilex_ws/install/aruco_msgs/share/aruco_msgs/hook/ld_library_path_lib.dsv'
[1.981s] INFO:colcon.colcon_core.shell:Creating environment hook '/home/agilex/agilex_ws/install/aruco_msgs/share/aruco_msgs/hook/ld_library_path_lib.sh'
[1.982s] Level 1:colcon.colcon_core.environment:checking '/home/agilex/agilex_ws/install/aruco_msgs/bin'
[1.982s] Level 1:colcon.colcon_core.environment:checking '/home/agilex/agilex_ws/install/aruco_msgs/lib/pkgconfig/aruco_msgs.pc'
[1.982s] Level 1:colcon.colcon_core.environment:checking '/home/agilex/agilex_ws/install/aruco_msgs/lib/python3.10/site-packages'
[1.982s] Level 1:colcon.colcon_core.environment:checking '/home/agilex/agilex_ws/install/aruco_msgs/bin'
[1.986s] INFO:colcon.colcon_core.shell:Creating package script '/home/agilex/agilex_ws/install/aruco_msgs/share/aruco_msgs/package.ps1'
[1.987s] INFO:colcon.colcon_core.shell:Creating package descriptor '/home/agilex/agilex_ws/install/aruco_msgs/share/aruco_msgs/package.dsv'
[1.987s] INFO:colcon.colcon_core.shell:Creating package script '/home/agilex/agilex_ws/install/aruco_msgs/share/aruco_msgs/package.sh'
[1.987s] INFO:colcon.colcon_core.shell:Creating package script '/home/agilex/agilex_ws/install/aruco_msgs/share/aruco_msgs/package.bash'
[1.988s] INFO:colcon.colcon_core.shell:Creating package script '/home/agilex/agilex_ws/install/aruco_msgs/share/aruco_msgs/package.zsh'
[1.988s] Level 1:colcon.colcon_core.environment:create_file_with_runtime_dependencies(/home/agilex/agilex_ws/install/aruco_msgs/share/colcon-core/packages/aruco_msgs)
[1.989s] INFO:colcon.colcon_ros.task.ament_cmake.build:Building ROS package in '/home/agilex/agilex_ws/src/aruco_ros/aruco_ros' with build type 'ament_cmake'
[1.989s] INFO:colcon.colcon_cmake.task.cmake.build:Building CMake package in '/home/agilex/agilex_ws/src/aruco_ros/aruco_ros'
[1.993s] INFO:colcon.colcon_core.shell:Skip shell extension 'powershell' for command environment: Not usable outside of PowerShell
[1.993s] DEBUG:colcon.colcon_core.shell:Skip shell extension 'dsv' for command environment
[2.002s] DEBUG:colcon.colcon_core.event_handler.log_command:Invoking command in '/home/agilex/agilex_ws/build/limo_base': AMENT_PREFIX_PATH=/home/agilex/agilex_ws/install/limo_msgs CMAKE_PREFIX_PATH=/home/agilex/agilex_ws/install/limo_msgs LD_LIBRARY_PATH=/home/agilex/agilex_ws/install/limo_msgs/lib PYTHONPATH=/home/agilex/agilex_ws/install/limo_msgs/local/lib/python3.10/dist-packages /usr/bin/cmake --build /home/agilex/agilex_ws/build/limo_base -- -j16 -l16
[2.005s] Level 1:colcon.colcon_core.environment:create_environment_scripts_only(nav_2d_msgs)
[2.009s] Level 1:colcon.colcon_core.environment:checking '/home/agilex/agilex_ws/install/nav_2d_msgs' for CMake module files
[2.009s] Level 1:colcon.colcon_core.environment:checking '/home/agilex/agilex_ws/install/nav_2d_msgs' for CMake config files
[2.009s] Level 1:colcon.colcon_core.shell:create_environment_hook('nav_2d_msgs', 'cmake_prefix_path')
[2.013s] INFO:colcon.colcon_core.shell:Creating environment hook '/home/agilex/agilex_ws/install/nav_2d_msgs/share/nav_2d_msgs/hook/cmake_prefix_path.ps1'
[2.013s] INFO:colcon.colcon_core.shell:Creating environment descriptor '/home/agilex/agilex_ws/install/nav_2d_msgs/share/nav_2d_msgs/hook/cmake_prefix_path.dsv'
[2.013s] INFO:colcon.colcon_core.shell:Creating environment hook '/home/agilex/agilex_ws/install/nav_2d_msgs/share/nav_2d_msgs/hook/cmake_prefix_path.sh'
[2.013s] Level 1:colcon.colcon_core.environment:checking '/home/agilex/agilex_ws/install/nav_2d_msgs/lib'
[2.013s] Level 1:colcon.colcon_core.shell:create_environment_hook('nav_2d_msgs', 'ld_library_path_lib')
[2.017s] INFO:colcon.colcon_core.shell:Creating environment hook '/home/agilex/agilex_ws/install/nav_2d_msgs/share/nav_2d_msgs/hook/ld_library_path_lib.ps1'
[2.017s] INFO:colcon.colcon_core.shell:Creating environment descriptor '/home/agilex/agilex_ws/install/nav_2d_msgs/share/nav_2d_msgs/hook/ld_library_path_lib.dsv'
[2.018s] INFO:colcon.colcon_core.shell:Creating environment hook '/home/agilex/agilex_ws/install/nav_2d_msgs/share/nav_2d_msgs/hook/ld_library_path_lib.sh'
[2.018s] Level 1:colcon.colcon_core.environment:checking '/home/agilex/agilex_ws/install/nav_2d_msgs/bin'
[2.018s] Level 1:colcon.colcon_core.environment:checking '/home/agilex/agilex_ws/install/nav_2d_msgs/lib/pkgconfig/nav_2d_msgs.pc'
[2.018s] Level 1:colcon.colcon_core.environment:checking '/home/agilex/agilex_ws/install/nav_2d_msgs/lib/python3.10/site-packages'
[2.018s] Level 1:colcon.colcon_core.environment:checking '/home/agilex/agilex_ws/install/nav_2d_msgs/bin'
[2.022s] INFO:colcon.colcon_core.shell:Creating package script '/home/agilex/agilex_ws/install/nav_2d_msgs/share/nav_2d_msgs/package.ps1'
[2.022s] INFO:colcon.colcon_core.shell:Creating package descriptor '/home/agilex/agilex_ws/install/nav_2d_msgs/share/nav_2d_msgs/package.dsv'
[2.022s] INFO:colcon.colcon_core.shell:Creating package script '/home/agilex/agilex_ws/install/nav_2d_msgs/share/nav_2d_msgs/package.sh'
[2.022s] INFO:colcon.colcon_core.shell:Creating package script '/home/agilex/agilex_ws/install/nav_2d_msgs/share/nav_2d_msgs/package.bash'
[2.023s] INFO:colcon.colcon_core.shell:Creating package script '/home/agilex/agilex_ws/install/nav_2d_msgs/share/nav_2d_msgs/package.zsh'
[2.023s] Level 1:colcon.colcon_core.environment:create_file_with_runtime_dependencies(/home/agilex/agilex_ws/install/nav_2d_msgs/share/colcon-core/packages/nav_2d_msgs)
[2.025s] DEBUG:colcon.colcon_core.event_handler.log_command:Invoked command in '/home/agilex/agilex_ws/build/nav2_voxel_grid' returned '0': AMENT_PREFIX_PATH=/home/agilex/agilex_ws/install/nav2_common CMAKE_PREFIX_PATH=/home/agilex/agilex_ws/install/nav2_common PYTHONPATH=/home/agilex/agilex_ws/install/nav2_common/local/lib/python3.10/dist-packages /usr/bin/cmake --build /home/agilex/agilex_ws/build/nav2_voxel_grid -- -j16 -l16
[2.027s] INFO:colcon.colcon_ros.task.ament_cmake.build:Building ROS package in '/home/agilex/agilex_ws/src/navigation2/nav2_dwb_controller/dwb_msgs' with build type 'ament_cmake'
[2.027s] INFO:colcon.colcon_cmake.task.cmake.build:Building CMake package in '/home/agilex/agilex_ws/src/navigation2/nav2_dwb_controller/dwb_msgs'
[2.028s] DEBUG:colcon.colcon_core.event_handler.log_command:Invoking command in '/home/agilex/agilex_ws/build/teb_msgs': AMENT_PREFIX_PATH=/home/agilex/agilex_ws/install/costmap_converter_msgs CMAKE_PREFIX_PATH=/home/agilex/agilex_ws/install/costmap_converter_msgs LD_LIBRARY_PATH=/home/agilex/agilex_ws/install/costmap_converter_msgs/lib PYTHONPATH=/home/agilex/agilex_ws/install/costmap_converter_msgs/local/lib/python3.10/dist-packages /usr/bin/cmake --build /home/agilex/agilex_ws/build/teb_msgs -- -j16 -l16
[2.031s] INFO:colcon.colcon_core.shell:Skip shell extension 'powershell' for command environment: Not usable outside of PowerShell
[2.032s] DEBUG:colcon.colcon_core.shell:Skip shell extension 'dsv' for command environment
[2.041s] DEBUG:colcon.colcon_core.event_handler.log_command:Invoking command in '/home/agilex/agilex_ws/build/aruco_ros': AMENT_PREFIX_PATH=/home/agilex/agilex_ws/install/aruco_msgs:/home/agilex/agilex_ws/install/aruco CMAKE_PREFIX_PATH=/home/agilex/agilex_ws/install/aruco_msgs:/home/agilex/agilex_ws/install/aruco LD_LIBRARY_PATH=/home/agilex/agilex_ws/install/aruco_msgs/lib:/home/agilex/agilex_ws/install/aruco/lib PYTHONPATH=/home/agilex/agilex_ws/install/aruco_msgs/local/lib/python3.10/dist-packages /usr/bin/cmake --build /home/agilex/agilex_ws/build/aruco_ros -- -j16 -l16
[2.046s] DEBUG:colcon.colcon_core.event_handler.log_command:Invoking command in '/home/agilex/agilex_ws/build/dwb_msgs': AMENT_PREFIX_PATH=/home/agilex/agilex_ws/install/nav_2d_msgs CMAKE_PREFIX_PATH=/home/agilex/agilex_ws/install/nav_2d_msgs LD_LIBRARY_PATH=/home/agilex/agilex_ws/install/nav_2d_msgs/lib PYTHONPATH=/home/agilex/agilex_ws/install/nav_2d_msgs/local/lib/python3.10/dist-packages /usr/bin/cmake --build /home/agilex/agilex_ws/build/dwb_msgs -- -j16 -l16
[2.046s] DEBUG:colcon.colcon_core.event_handler.log_command:Invoking command in '/home/agilex/agilex_ws/build/nav2_voxel_grid': AMENT_PREFIX_PATH=/home/agilex/agilex_ws/install/nav2_common CMAKE_PREFIX_PATH=/home/agilex/agilex_ws/install/nav2_common PYTHONPATH=/home/agilex/agilex_ws/install/nav2_common/local/lib/python3.10/dist-packages /usr/bin/cmake --install /home/agilex/agilex_ws/build/nav2_voxel_grid
[2.059s] Level 1:colcon.colcon_core.environment:create_environment_scripts_only(nav2_voxel_grid)
[2.059s] DEBUG:colcon.colcon_core.event_handler.log_command:Invoked command in '/home/agilex/agilex_ws/build/nav2_voxel_grid' returned '0': AMENT_PREFIX_PATH=/home/agilex/agilex_ws/install/nav2_common CMAKE_PREFIX_PATH=/home/agilex/agilex_ws/install/nav2_common PYTHONPATH=/home/agilex/agilex_ws/install/nav2_common/local/lib/python3.10/dist-packages /usr/bin/cmake --install /home/agilex/agilex_ws/build/nav2_voxel_grid
[2.067s] Level 1:colcon.colcon_core.environment:checking '/home/agilex/agilex_ws/install/nav2_voxel_grid' for CMake module files
[2.068s] Level 1:colcon.colcon_core.environment:checking '/home/agilex/agilex_ws/install/nav2_voxel_grid' for CMake config files
[2.068s] Level 1:colcon.colcon_core.shell:create_environment_hook('nav2_voxel_grid', 'cmake_prefix_path')
[2.076s] INFO:colcon.colcon_core.shell:Creating environment hook '/home/agilex/agilex_ws/install/nav2_voxel_grid/share/nav2_voxel_grid/hook/cmake_prefix_path.ps1'
[2.077s] INFO:colcon.colcon_core.shell:Creating environment descriptor '/home/agilex/agilex_ws/install/nav2_voxel_grid/share/nav2_voxel_grid/hook/cmake_prefix_path.dsv'
[2.077s] INFO:colcon.colcon_core.shell:Creating environment hook '/home/agilex/agilex_ws/install/nav2_voxel_grid/share/nav2_voxel_grid/hook/cmake_prefix_path.sh'
[2.078s] Level 1:colcon.colcon_core.environment:checking '/home/agilex/agilex_ws/install/nav2_voxel_grid/lib'
[2.078s] Level 1:colcon.colcon_core.shell:create_environment_hook('nav2_voxel_grid', 'ld_library_path_lib')
[2.086s] INFO:colcon.colcon_core.shell:Creating environment hook '/home/agilex/agilex_ws/install/nav2_voxel_grid/share/nav2_voxel_grid/hook/ld_library_path_lib.ps1'
[2.087s] INFO:colcon.colcon_core.shell:Creating environment descriptor '/home/agilex/agilex_ws/install/nav2_voxel_grid/share/nav2_voxel_grid/hook/ld_library_path_lib.dsv'
[2.087s] INFO:colcon.colcon_core.shell:Creating environment hook '/home/agilex/agilex_ws/install/nav2_voxel_grid/share/nav2_voxel_grid/hook/ld_library_path_lib.sh'
[2.087s] Level 1:colcon.colcon_core.environment:checking '/home/agilex/agilex_ws/install/nav2_voxel_grid/bin'
[2.087s] Level 1:colcon.colcon_core.environment:checking '/home/agilex/agilex_ws/install/nav2_voxel_grid/lib/pkgconfig/nav2_voxel_grid.pc'
[2.088s] Level 1:colcon.colcon_core.environment:checking '/home/agilex/agilex_ws/install/nav2_voxel_grid/lib/python3.10/site-packages'
[2.088s] Level 1:colcon.colcon_core.environment:checking '/home/agilex/agilex_ws/install/nav2_voxel_grid/bin'
[2.091s] INFO:colcon.colcon_core.shell:Creating package script '/home/agilex/agilex_ws/install/nav2_voxel_grid/share/nav2_voxel_grid/package.ps1'
[2.092s] INFO:colcon.colcon_core.shell:Creating package descriptor '/home/agilex/agilex_ws/install/nav2_voxel_grid/share/nav2_voxel_grid/package.dsv'
[2.092s] INFO:colcon.colcon_core.shell:Creating package script '/home/agilex/agilex_ws/install/nav2_voxel_grid/share/nav2_voxel_grid/package.sh'
[2.092s] INFO:colcon.colcon_core.shell:Creating package script '/home/agilex/agilex_ws/install/nav2_voxel_grid/share/nav2_voxel_grid/package.bash'
[2.092s] INFO:colcon.colcon_core.shell:Creating package script '/home/agilex/agilex_ws/install/nav2_voxel_grid/share/nav2_voxel_grid/package.zsh'
[2.092s] Level 1:colcon.colcon_core.environment:create_file_with_runtime_dependencies(/home/agilex/agilex_ws/install/nav2_voxel_grid/share/colcon-core/packages/nav2_voxel_grid)
[2.094s] DEBUG:colcon.colcon_core.event_handler.log_command:Invoked command in '/home/agilex/agilex_ws/build/limo_base' returned '0': AMENT_PREFIX_PATH=/home/agilex/agilex_ws/install/limo_msgs CMAKE_PREFIX_PATH=/home/agilex/agilex_ws/install/limo_msgs LD_LIBRARY_PATH=/home/agilex/agilex_ws/install/limo_msgs/lib PYTHONPATH=/home/agilex/agilex_ws/install/limo_msgs/local/lib/python3.10/dist-packages /usr/bin/cmake --build /home/agilex/agilex_ws/build/limo_base -- -j16 -l16
[2.124s] Level 1:colcon.colcon_core.environment:create_environment_scripts_only(orbbec_camera_msgs)
[2.129s] Level 1:colcon.colcon_core.environment:checking '/home/agilex/agilex_ws/install/orbbec_camera_msgs' for CMake module files
[2.130s] Level 1:colcon.colcon_core.environment:checking '/home/agilex/agilex_ws/install/orbbec_camera_msgs' for CMake config files
[2.130s] Level 1:colcon.colcon_core.shell:create_environment_hook('orbbec_camera_msgs', 'cmake_prefix_path')
[2.135s] INFO:colcon.colcon_core.shell:Creating environment hook '/home/agilex/agilex_ws/install/orbbec_camera_msgs/share/orbbec_camera_msgs/hook/cmake_prefix_path.ps1'
[2.135s] INFO:colcon.colcon_core.shell:Creating environment descriptor '/home/agilex/agilex_ws/install/orbbec_camera_msgs/share/orbbec_camera_msgs/hook/cmake_prefix_path.dsv'
[2.136s] INFO:colcon.colcon_core.shell:Creating environment hook '/home/agilex/agilex_ws/install/orbbec_camera_msgs/share/orbbec_camera_msgs/hook/cmake_prefix_path.sh'
[2.136s] Level 1:colcon.colcon_core.environment:checking '/home/agilex/agilex_ws/install/orbbec_camera_msgs/lib'
[2.136s] Level 1:colcon.colcon_core.shell:create_environment_hook('orbbec_camera_msgs', 'ld_library_path_lib')
[2.140s] INFO:colcon.colcon_core.shell:Creating environment hook '/home/agilex/agilex_ws/install/orbbec_camera_msgs/share/orbbec_camera_msgs/hook/ld_library_path_lib.ps1'
[2.140s] INFO:colcon.colcon_core.shell:Creating environment descriptor '/home/agilex/agilex_ws/install/orbbec_camera_msgs/share/orbbec_camera_msgs/hook/ld_library_path_lib.dsv'
[2.141s] INFO:colcon.colcon_core.shell:Creating environment hook '/home/agilex/agilex_ws/install/orbbec_camera_msgs/share/orbbec_camera_msgs/hook/ld_library_path_lib.sh'
[2.141s] Level 1:colcon.colcon_core.environment:checking '/home/agilex/agilex_ws/install/orbbec_camera_msgs/bin'
[2.141s] Level 1:colcon.colcon_core.environment:checking '/home/agilex/agilex_ws/install/orbbec_camera_msgs/lib/pkgconfig/orbbec_camera_msgs.pc'
[2.141s] Level 1:colcon.colcon_core.environment:checking '/home/agilex/agilex_ws/install/orbbec_camera_msgs/lib/python3.10/site-packages'
[2.141s] Level 1:colcon.colcon_core.environment:checking '/home/agilex/agilex_ws/install/orbbec_camera_msgs/bin'
[2.149s] INFO:colcon.colcon_core.shell:Creating package script '/home/agilex/agilex_ws/install/orbbec_camera_msgs/share/orbbec_camera_msgs/package.ps1'
[2.150s] INFO:colcon.colcon_core.shell:Creating package descriptor '/home/agilex/agilex_ws/install/orbbec_camera_msgs/share/orbbec_camera_msgs/package.dsv'
[2.151s] INFO:colcon.colcon_core.shell:Creating package script '/home/agilex/agilex_ws/install/orbbec_camera_msgs/share/orbbec_camera_msgs/package.sh'
[2.151s] INFO:colcon.colcon_core.shell:Creating package script '/home/agilex/agilex_ws/install/orbbec_camera_msgs/share/orbbec_camera_msgs/package.bash'
[2.152s] INFO:colcon.colcon_core.shell:Creating package script '/home/agilex/agilex_ws/install/orbbec_camera_msgs/share/orbbec_camera_msgs/package.zsh'
[2.152s] Level 1:colcon.colcon_core.environment:create_file_with_runtime_dependencies(/home/agilex/agilex_ws/install/orbbec_camera_msgs/share/colcon-core/packages/orbbec_camera_msgs)
[2.153s] INFO:colcon.colcon_ros.task.ament_cmake.build:Building ROS package in '/home/agilex/agilex_ws/src/OrbbecSDK_ROS2/orbbec_camera' with build type 'ament_cmake'
[2.153s] INFO:colcon.colcon_cmake.task.cmake.build:Building CMake package in '/home/agilex/agilex_ws/src/OrbbecSDK_ROS2/orbbec_camera'
[2.160s] INFO:colcon.colcon_core.shell:Skip shell extension 'powershell' for command environment: Not usable outside of PowerShell
[2.160s] DEBUG:colcon.colcon_core.shell:Skip shell extension 'dsv' for command environment
[2.171s] DEBUG:colcon.colcon_core.event_handler.log_command:Invoking command in '/home/agilex/agilex_ws/build/limo_base': AMENT_PREFIX_PATH=/home/agilex/agilex_ws/install/limo_msgs CMAKE_PREFIX_PATH=/home/agilex/agilex_ws/install/limo_msgs LD_LIBRARY_PATH=/home/agilex/agilex_ws/install/limo_msgs/lib PYTHONPATH=/home/agilex/agilex_ws/install/limo_msgs/local/lib/python3.10/dist-packages /usr/bin/cmake --install /home/agilex/agilex_ws/build/limo_base
[2.176s] Level 1:colcon.colcon_core.environment:create_environment_scripts_only(nav2_voxel_grid)
[2.180s] Level 1:colcon.colcon_core.environment:checking '/home/agilex/agilex_ws/install/nav2_voxel_grid' for CMake module files
[2.180s] Level 1:colcon.colcon_core.environment:checking '/home/agilex/agilex_ws/install/nav2_voxel_grid' for CMake config files
[2.180s] Level 1:colcon.colcon_core.shell:create_environment_hook('nav2_voxel_grid', 'cmake_prefix_path')
[2.185s] INFO:colcon.colcon_core.shell:Creating environment hook '/home/agilex/agilex_ws/install/nav2_voxel_grid/share/nav2_voxel_grid/hook/cmake_prefix_path.ps1'
[2.185s] INFO:colcon.colcon_core.shell:Creating environment descriptor '/home/agilex/agilex_ws/install/nav2_voxel_grid/share/nav2_voxel_grid/hook/cmake_prefix_path.dsv'
[2.185s] INFO:colcon.colcon_core.shell:Creating environment hook '/home/agilex/agilex_ws/install/nav2_voxel_grid/share/nav2_voxel_grid/hook/cmake_prefix_path.sh'
[2.185s] Level 1:colcon.colcon_core.environment:checking '/home/agilex/agilex_ws/install/nav2_voxel_grid/lib'
[2.185s] Level 1:colcon.colcon_core.shell:create_environment_hook('nav2_voxel_grid', 'ld_library_path_lib')
[2.189s] INFO:colcon.colcon_core.shell:Creating environment hook '/home/agilex/agilex_ws/install/nav2_voxel_grid/share/nav2_voxel_grid/hook/ld_library_path_lib.ps1'
[2.189s] INFO:colcon.colcon_core.shell:Creating environment descriptor '/home/agilex/agilex_ws/install/nav2_voxel_grid/share/nav2_voxel_grid/hook/ld_library_path_lib.dsv'
[2.190s] INFO:colcon.colcon_core.shell:Creating environment hook '/home/agilex/agilex_ws/install/nav2_voxel_grid/share/nav2_voxel_grid/hook/ld_library_path_lib.sh'
[2.190s] Level 1:colcon.colcon_core.environment:checking '/home/agilex/agilex_ws/install/nav2_voxel_grid/bin'
[2.190s] Level 1:colcon.colcon_core.environment:checking '/home/agilex/agilex_ws/install/nav2_voxel_grid/lib/pkgconfig/nav2_voxel_grid.pc'
[2.190s] Level 1:colcon.colcon_core.environment:checking '/home/agilex/agilex_ws/install/nav2_voxel_grid/lib/python3.10/site-packages'
[2.190s] Level 1:colcon.colcon_core.environment:checking '/home/agilex/agilex_ws/install/nav2_voxel_grid/bin'
[2.194s] INFO:colcon.colcon_core.shell:Creating package script '/home/agilex/agilex_ws/install/nav2_voxel_grid/share/nav2_voxel_grid/package.ps1'
[2.194s] INFO:colcon.colcon_core.shell:Creating package descriptor '/home/agilex/agilex_ws/install/nav2_voxel_grid/share/nav2_voxel_grid/package.dsv'
[2.194s] INFO:colcon.colcon_core.shell:Creating package script '/home/agilex/agilex_ws/install/nav2_voxel_grid/share/nav2_voxel_grid/package.sh'
[2.195s] INFO:colcon.colcon_core.shell:Creating package script '/home/agilex/agilex_ws/install/nav2_voxel_grid/share/nav2_voxel_grid/package.bash'
[2.195s] INFO:colcon.colcon_core.shell:Creating package script '/home/agilex/agilex_ws/install/nav2_voxel_grid/share/nav2_voxel_grid/package.zsh'
[2.195s] Level 1:colcon.colcon_core.environment:create_file_with_runtime_dependencies(/home/agilex/agilex_ws/install/nav2_voxel_grid/share/colcon-core/packages/nav2_voxel_grid)
[2.200s] Level 1:colcon.colcon_core.environment:create_environment_scripts_only(limo_base)
[2.203s] DEBUG:colcon.colcon_core.event_handler.log_command:Invoking command in '/home/agilex/agilex_ws/build/orbbec_camera': AMENT_PREFIX_PATH=/home/agilex/agilex_ws/install/orbbec_camera_msgs CMAKE_PREFIX_PATH=/home/agilex/agilex_ws/install/orbbec_camera_msgs LD_LIBRARY_PATH=/home/agilex/agilex_ws/install/orbbec_camera_msgs/lib PYTHONPATH=/home/agilex/agilex_ws/install/orbbec_camera_msgs/local/lib/python3.10/dist-packages /usr/bin/cmake --build /home/agilex/agilex_ws/build/orbbec_camera -- -j16 -l16
[2.203s] DEBUG:colcon.colcon_core.event_handler.log_command:Invoked command in '/home/agilex/agilex_ws/build/limo_base' returned '0': AMENT_PREFIX_PATH=/home/agilex/agilex_ws/install/limo_msgs CMAKE_PREFIX_PATH=/home/agilex/agilex_ws/install/limo_msgs LD_LIBRARY_PATH=/home/agilex/agilex_ws/install/limo_msgs/lib PYTHONPATH=/home/agilex/agilex_ws/install/limo_msgs/local/lib/python3.10/dist-packages /usr/bin/cmake --install /home/agilex/agilex_ws/build/limo_base
[2.205s] Level 1:colcon.colcon_core.environment:checking '/home/agilex/agilex_ws/install/limo_base' for CMake module files
[2.206s] Level 1:colcon.colcon_core.environment:checking '/home/agilex/agilex_ws/install/limo_base' for CMake config files
[2.206s] Level 1:colcon.colcon_core.shell:create_environment_hook('limo_base', 'cmake_prefix_path')
[2.210s] INFO:colcon.colcon_core.shell:Creating environment hook '/home/agilex/agilex_ws/install/limo_base/share/limo_base/hook/cmake_prefix_path.ps1'
[2.210s] INFO:colcon.colcon_core.shell:Creating environment descriptor '/home/agilex/agilex_ws/install/limo_base/share/limo_base/hook/cmake_prefix_path.dsv'
[2.210s] INFO:colcon.colcon_core.shell:Creating environment hook '/home/agilex/agilex_ws/install/limo_base/share/limo_base/hook/cmake_prefix_path.sh'
[2.211s] Level 1:colcon.colcon_core.environment:checking '/home/agilex/agilex_ws/install/limo_base/lib'
[2.211s] Level 1:colcon.colcon_core.environment:checking '/home/agilex/agilex_ws/install/limo_base/bin'
[2.211s] Level 1:colcon.colcon_core.environment:checking '/home/agilex/agilex_ws/install/limo_base/lib/pkgconfig/limo_base.pc'
[2.211s] Level 1:colcon.colcon_core.environment:checking '/home/agilex/agilex_ws/install/limo_base/lib/python3.10/site-packages'
[2.211s] Level 1:colcon.colcon_core.environment:checking '/home/agilex/agilex_ws/install/limo_base/bin'
[2.215s] INFO:colcon.colcon_core.shell:Creating package script '/home/agilex/agilex_ws/install/limo_base/share/limo_base/package.ps1'
[2.216s] INFO:colcon.colcon_core.shell:Creating package descriptor '/home/agilex/agilex_ws/install/limo_base/share/limo_base/package.dsv'
[2.216s] INFO:colcon.colcon_core.shell:Creating package script '/home/agilex/agilex_ws/install/limo_base/share/limo_base/package.sh'
[2.216s] INFO:colcon.colcon_core.shell:Creating package script '/home/agilex/agilex_ws/install/limo_base/share/limo_base/package.bash'
[2.216s] INFO:colcon.colcon_core.shell:Creating package script '/home/agilex/agilex_ws/install/limo_base/share/limo_base/package.zsh'
[2.217s] Level 1:colcon.colcon_core.environment:create_file_with_runtime_dependencies(/home/agilex/agilex_ws/install/limo_base/share/colcon-core/packages/limo_base)
[2.218s] DEBUG:colcon.colcon_core.event_handler.log_command:Invoked command in '/home/agilex/agilex_ws/build/aruco_ros' returned '0': AMENT_PREFIX_PATH=/home/agilex/agilex_ws/install/aruco_msgs:/home/agilex/agilex_ws/install/aruco CMAKE_PREFIX_PATH=/home/agilex/agilex_ws/install/aruco_msgs:/home/agilex/agilex_ws/install/aruco LD_LIBRARY_PATH=/home/agilex/agilex_ws/install/aruco_msgs/lib:/home/agilex/agilex_ws/install/aruco/lib PYTHONPATH=/home/agilex/agilex_ws/install/aruco_msgs/local/lib/python3.10/dist-packages /usr/bin/cmake --build /home/agilex/agilex_ws/build/aruco_ros -- -j16 -l16
[2.244s] Level 1:colcon.colcon_core.environment:create_environment_scripts_only(limo_base)
[2.249s] Level 1:colcon.colcon_core.environment:checking '/home/agilex/agilex_ws/install/limo_base' for CMake module files
[2.249s] Level 1:colcon.colcon_core.environment:checking '/home/agilex/agilex_ws/install/limo_base' for CMake config files
[2.249s] Level 1:colcon.colcon_core.shell:create_environment_hook('limo_base', 'cmake_prefix_path')
[2.253s] INFO:colcon.colcon_core.shell:Creating environment hook '/home/agilex/agilex_ws/install/limo_base/share/limo_base/hook/cmake_prefix_path.ps1'
[2.254s] INFO:colcon.colcon_core.shell:Creating environment descriptor '/home/agilex/agilex_ws/install/limo_base/share/limo_base/hook/cmake_prefix_path.dsv'
[2.254s] INFO:colcon.colcon_core.shell:Creating environment hook '/home/agilex/agilex_ws/install/limo_base/share/limo_base/hook/cmake_prefix_path.sh'
[2.254s] Level 1:colcon.colcon_core.environment:checking '/home/agilex/agilex_ws/install/limo_base/lib'
[2.254s] Level 1:colcon.colcon_core.environment:checking '/home/agilex/agilex_ws/install/limo_base/bin'
[2.254s] Level 1:colcon.colcon_core.environment:checking '/home/agilex/agilex_ws/install/limo_base/lib/pkgconfig/limo_base.pc'
[2.255s] Level 1:colcon.colcon_core.environment:checking '/home/agilex/agilex_ws/install/limo_base/lib/python3.10/site-packages'
[2.255s] Level 1:colcon.colcon_core.environment:checking '/home/agilex/agilex_ws/install/limo_base/bin'
[2.259s] INFO:colcon.colcon_core.shell:Creating package script '/home/agilex/agilex_ws/install/limo_base/share/limo_base/package.ps1'
[2.259s] INFO:colcon.colcon_core.shell:Creating package descriptor '/home/agilex/agilex_ws/install/limo_base/share/limo_base/package.dsv'
[2.260s] INFO:colcon.colcon_core.shell:Creating package script '/home/agilex/agilex_ws/install/limo_base/share/limo_base/package.sh'
[2.260s] INFO:colcon.colcon_core.shell:Creating package script '/home/agilex/agilex_ws/install/limo_base/share/limo_base/package.bash'
[2.260s] INFO:colcon.colcon_core.shell:Creating package script '/home/agilex/agilex_ws/install/limo_base/share/limo_base/package.zsh'
[2.260s] Level 1:colcon.colcon_core.environment:create_file_with_runtime_dependencies(/home/agilex/agilex_ws/install/limo_base/share/colcon-core/packages/limo_base)
[2.262s] DEBUG:colcon.colcon_core.event_handler.log_command:Invoking command in '/home/agilex/agilex_ws/build/aruco_ros': AMENT_PREFIX_PATH=/home/agilex/agilex_ws/install/aruco_msgs:/home/agilex/agilex_ws/install/aruco CMAKE_PREFIX_PATH=/home/agilex/agilex_ws/install/aruco_msgs:/home/agilex/agilex_ws/install/aruco LD_LIBRARY_PATH=/home/agilex/agilex_ws/install/aruco_msgs/lib:/home/agilex/agilex_ws/install/aruco/lib PYTHONPATH=/home/agilex/agilex_ws/install/aruco_msgs/local/lib/python3.10/dist-packages /usr/bin/cmake --install /home/agilex/agilex_ws/build/aruco_ros
[2.276s] Level 1:colcon.colcon_core.environment:create_environment_scripts_only(aruco_ros)
[2.277s] DEBUG:colcon.colcon_core.event_handler.log_command:Invoked command in '/home/agilex/agilex_ws/build/aruco_ros' returned '0': AMENT_PREFIX_PATH=/home/agilex/agilex_ws/install/aruco_msgs:/home/agilex/agilex_ws/install/aruco CMAKE_PREFIX_PATH=/home/agilex/agilex_ws/install/aruco_msgs:/home/agilex/agilex_ws/install/aruco LD_LIBRARY_PATH=/home/agilex/agilex_ws/install/aruco_msgs/lib:/home/agilex/agilex_ws/install/aruco/lib PYTHONPATH=/home/agilex/agilex_ws/install/aruco_msgs/local/lib/python3.10/dist-packages /usr/bin/cmake --install /home/agilex/agilex_ws/build/aruco_ros
[2.282s] Level 1:colcon.colcon_core.environment:checking '/home/agilex/agilex_ws/install/aruco_ros' for CMake module files
[2.282s] Level 1:colcon.colcon_core.environment:checking '/home/agilex/agilex_ws/install/aruco_ros' for CMake config files
[2.283s] Level 1:colcon.colcon_core.shell:create_environment_hook('aruco_ros', 'cmake_prefix_path')
[2.287s] INFO:colcon.colcon_core.shell:Creating environment hook '/home/agilex/agilex_ws/install/aruco_ros/share/aruco_ros/hook/cmake_prefix_path.ps1'
[2.287s] INFO:colcon.colcon_core.shell:Creating environment descriptor '/home/agilex/agilex_ws/install/aruco_ros/share/aruco_ros/hook/cmake_prefix_path.dsv'
[2.288s] INFO:colcon.colcon_core.shell:Creating environment hook '/home/agilex/agilex_ws/install/aruco_ros/share/aruco_ros/hook/cmake_prefix_path.sh'
[2.288s] Level 1:colcon.colcon_core.environment:checking '/home/agilex/agilex_ws/install/aruco_ros/lib'
[2.288s] Level 1:colcon.colcon_core.shell:create_environment_hook('aruco_ros', 'ld_library_path_lib')
[2.292s] INFO:colcon.colcon_core.shell:Creating environment hook '/home/agilex/agilex_ws/install/aruco_ros/share/aruco_ros/hook/ld_library_path_lib.ps1'
[2.292s] INFO:colcon.colcon_core.shell:Creating environment descriptor '/home/agilex/agilex_ws/install/aruco_ros/share/aruco_ros/hook/ld_library_path_lib.dsv'
[2.293s] INFO:colcon.colcon_core.shell:Creating environment hook '/home/agilex/agilex_ws/install/aruco_ros/share/aruco_ros/hook/ld_library_path_lib.sh'
[2.293s] Level 1:colcon.colcon_core.environment:checking '/home/agilex/agilex_ws/install/aruco_ros/bin'
[2.293s] Level 1:colcon.colcon_core.environment:checking '/home/agilex/agilex_ws/install/aruco_ros/lib/pkgconfig/aruco_ros.pc'
[2.293s] Level 1:colcon.colcon_core.environment:checking '/home/agilex/agilex_ws/install/aruco_ros/lib/python3.10/site-packages'
[2.293s] Level 1:colcon.colcon_core.environment:checking '/home/agilex/agilex_ws/install/aruco_ros/bin'
[2.297s] INFO:colcon.colcon_core.shell:Creating package script '/home/agilex/agilex_ws/install/aruco_ros/share/aruco_ros/package.ps1'
[2.297s] INFO:colcon.colcon_core.shell:Creating package descriptor '/home/agilex/agilex_ws/install/aruco_ros/share/aruco_ros/package.dsv'
[2.298s] INFO:colcon.colcon_core.shell:Creating package script '/home/agilex/agilex_ws/install/aruco_ros/share/aruco_ros/package.sh'
[2.299s] INFO:colcon.colcon_core.shell:Creating package script '/home/agilex/agilex_ws/install/aruco_ros/share/aruco_ros/package.bash'
[2.299s] INFO:colcon.colcon_core.shell:Creating package script '/home/agilex/agilex_ws/install/aruco_ros/share/aruco_ros/package.zsh'
[2.299s] Level 1:colcon.colcon_core.environment:create_file_with_runtime_dependencies(/home/agilex/agilex_ws/install/aruco_ros/share/colcon-core/packages/aruco_ros)
[2.327s] Level 1:colcon.colcon_core.environment:create_environment_scripts_only(aruco_ros)
[2.331s] Level 1:colcon.colcon_core.environment:checking '/home/agilex/agilex_ws/install/aruco_ros' for CMake module files
[2.331s] Level 1:colcon.colcon_core.environment:checking '/home/agilex/agilex_ws/install/aruco_ros' for CMake config files
[2.331s] Level 1:colcon.colcon_core.shell:create_environment_hook('aruco_ros', 'cmake_prefix_path')
[2.335s] INFO:colcon.colcon_core.shell:Creating environment hook '/home/agilex/agilex_ws/install/aruco_ros/share/aruco_ros/hook/cmake_prefix_path.ps1'
[2.336s] INFO:colcon.colcon_core.shell:Creating environment descriptor '/home/agilex/agilex_ws/install/aruco_ros/share/aruco_ros/hook/cmake_prefix_path.dsv'
[2.336s] INFO:colcon.colcon_core.shell:Creating environment hook '/home/agilex/agilex_ws/install/aruco_ros/share/aruco_ros/hook/cmake_prefix_path.sh'
[2.336s] Level 1:colcon.colcon_core.environment:checking '/home/agilex/agilex_ws/install/aruco_ros/lib'
[2.336s] Level 1:colcon.colcon_core.shell:create_environment_hook('aruco_ros', 'ld_library_path_lib')
[2.341s] INFO:colcon.colcon_core.shell:Creating environment hook '/home/agilex/agilex_ws/install/aruco_ros/share/aruco_ros/hook/ld_library_path_lib.ps1'
[2.342s] INFO:colcon.colcon_core.shell:Creating environment descriptor '/home/agilex/agilex_ws/install/aruco_ros/share/aruco_ros/hook/ld_library_path_lib.dsv'
[2.342s] INFO:colcon.colcon_core.shell:Creating environment hook '/home/agilex/agilex_ws/install/aruco_ros/share/aruco_ros/hook/ld_library_path_lib.sh'
[2.342s] Level 1:colcon.colcon_core.environment:checking '/home/agilex/agilex_ws/install/aruco_ros/bin'
[2.343s] Level 1:colcon.colcon_core.environment:checking '/home/agilex/agilex_ws/install/aruco_ros/lib/pkgconfig/aruco_ros.pc'
[2.343s] Level 1:colcon.colcon_core.environment:checking '/home/agilex/agilex_ws/install/aruco_ros/lib/python3.10/site-packages'
[2.343s] Level 1:colcon.colcon_core.environment:checking '/home/agilex/agilex_ws/install/aruco_ros/bin'
[2.351s] INFO:colcon.colcon_core.shell:Creating package script '/home/agilex/agilex_ws/install/aruco_ros/share/aruco_ros/package.ps1'
[2.352s] INFO:colcon.colcon_core.shell:Creating package descriptor '/home/agilex/agilex_ws/install/aruco_ros/share/aruco_ros/package.dsv'
[2.353s] INFO:colcon.colcon_core.shell:Creating package script '/home/agilex/agilex_ws/install/aruco_ros/share/aruco_ros/package.sh'
[2.353s] INFO:colcon.colcon_core.shell:Creating package script '/home/agilex/agilex_ws/install/aruco_ros/share/aruco_ros/package.bash'
[2.353s] INFO:colcon.colcon_core.shell:Creating package script '/home/agilex/agilex_ws/install/aruco_ros/share/aruco_ros/package.zsh'
[2.354s] Level 1:colcon.colcon_core.environment:create_file_with_runtime_dependencies(/home/agilex/agilex_ws/install/aruco_ros/share/colcon-core/packages/aruco_ros)
[2.380s] DEBUG:colcon.colcon_core.event_handler.log_command:Invoked command in '/home/agilex/agilex_ws/build/orbbec_camera' returned '0': AMENT_PREFIX_PATH=/home/agilex/agilex_ws/install/orbbec_camera_msgs CMAKE_PREFIX_PATH=/home/agilex/agilex_ws/install/orbbec_camera_msgs LD_LIBRARY_PATH=/home/agilex/agilex_ws/install/orbbec_camera_msgs/lib PYTHONPATH=/home/agilex/agilex_ws/install/orbbec_camera_msgs/local/lib/python3.10/dist-packages /usr/bin/cmake --build /home/agilex/agilex_ws/build/orbbec_camera -- -j16 -l16
[2.418s] DEBUG:colcon.colcon_core.event_handler.log_command:Invoking command in '/home/agilex/agilex_ws/build/orbbec_camera': AMENT_PREFIX_PATH=/home/agilex/agilex_ws/install/orbbec_camera_msgs CMAKE_PREFIX_PATH=/home/agilex/agilex_ws/install/orbbec_camera_msgs LD_LIBRARY_PATH=/home/agilex/agilex_ws/install/orbbec_camera_msgs/lib PYTHONPATH=/home/agilex/agilex_ws/install/orbbec_camera_msgs/local/lib/python3.10/dist-packages /usr/bin/cmake --install /home/agilex/agilex_ws/build/orbbec_camera
[2.431s] Level 1:colcon.colcon_core.environment:create_environment_scripts_only(orbbec_camera)
[2.432s] DEBUG:colcon.colcon_core.event_handler.log_command:Invoked command in '/home/agilex/agilex_ws/build/orbbec_camera' returned '0': AMENT_PREFIX_PATH=/home/agilex/agilex_ws/install/orbbec_camera_msgs CMAKE_PREFIX_PATH=/home/agilex/agilex_ws/install/orbbec_camera_msgs LD_LIBRARY_PATH=/home/agilex/agilex_ws/install/orbbec_camera_msgs/lib PYTHONPATH=/home/agilex/agilex_ws/install/orbbec_camera_msgs/local/lib/python3.10/dist-packages /usr/bin/cmake --install /home/agilex/agilex_ws/build/orbbec_camera
[2.437s] Level 1:colcon.colcon_core.environment:checking '/home/agilex/agilex_ws/install/orbbec_camera' for CMake module files
[2.437s] Level 1:colcon.colcon_core.environment:checking '/home/agilex/agilex_ws/install/orbbec_camera' for CMake config files
[2.437s] Level 1:colcon.colcon_core.shell:create_environment_hook('orbbec_camera', 'cmake_prefix_path')
[2.441s] INFO:colcon.colcon_core.shell:Creating environment hook '/home/agilex/agilex_ws/install/orbbec_camera/share/orbbec_camera/hook/cmake_prefix_path.ps1'
[2.441s] INFO:colcon.colcon_core.shell:Creating environment descriptor '/home/agilex/agilex_ws/install/orbbec_camera/share/orbbec_camera/hook/cmake_prefix_path.dsv'
[2.441s] INFO:colcon.colcon_core.shell:Creating environment hook '/home/agilex/agilex_ws/install/orbbec_camera/share/orbbec_camera/hook/cmake_prefix_path.sh'
[2.442s] Level 1:colcon.colcon_core.environment:checking '/home/agilex/agilex_ws/install/orbbec_camera/lib'
[2.442s] Level 1:colcon.colcon_core.shell:create_environment_hook('orbbec_camera', 'ld_library_path_lib')
[2.446s] INFO:colcon.colcon_core.shell:Creating environment hook '/home/agilex/agilex_ws/install/orbbec_camera/share/orbbec_camera/hook/ld_library_path_lib.ps1'
[2.446s] INFO:colcon.colcon_core.shell:Creating environment descriptor '/home/agilex/agilex_ws/install/orbbec_camera/share/orbbec_camera/hook/ld_library_path_lib.dsv'
[2.446s] INFO:colcon.colcon_core.shell:Creating environment hook '/home/agilex/agilex_ws/install/orbbec_camera/share/orbbec_camera/hook/ld_library_path_lib.sh'
[2.447s] Level 1:colcon.colcon_core.environment:checking '/home/agilex/agilex_ws/install/orbbec_camera/bin'
[2.447s] Level 1:colcon.colcon_core.environment:checking '/home/agilex/agilex_ws/install/orbbec_camera/lib/pkgconfig/orbbec_camera.pc'
[2.447s] Level 1:colcon.colcon_core.environment:checking '/home/agilex/agilex_ws/install/orbbec_camera/lib/python3.10/site-packages'
[2.447s] Level 1:colcon.colcon_core.environment:checking '/home/agilex/agilex_ws/install/orbbec_camera/bin'
[2.451s] INFO:colcon.colcon_core.shell:Creating package script '/home/agilex/agilex_ws/install/orbbec_camera/share/orbbec_camera/package.ps1'
[2.452s] INFO:colcon.colcon_core.shell:Creating package descriptor '/home/agilex/agilex_ws/install/orbbec_camera/share/orbbec_camera/package.dsv'
[2.452s] INFO:colcon.colcon_core.shell:Creating package script '/home/agilex/agilex_ws/install/orbbec_camera/share/orbbec_camera/package.sh'
[2.452s] INFO:colcon.colcon_core.shell:Creating package script '/home/agilex/agilex_ws/install/orbbec_camera/share/orbbec_camera/package.bash'
[2.452s] INFO:colcon.colcon_core.shell:Creating package script '/home/agilex/agilex_ws/install/orbbec_camera/share/orbbec_camera/package.zsh'
[2.452s] Level 1:colcon.colcon_core.environment:create_file_with_runtime_dependencies(/home/agilex/agilex_ws/install/orbbec_camera/share/colcon-core/packages/orbbec_camera)
[2.458s] DEBUG:colcon.colcon_core.event_handler.log_command:Invoked command in '/home/agilex/agilex_ws/build/nav2_msgs' returned '0': AMENT_PREFIX_PATH=/home/agilex/agilex_ws/install/nav2_common CMAKE_PREFIX_PATH=/home/agilex/agilex_ws/install/nav2_common PYTHONPATH=/home/agilex/agilex_ws/install/nav2_common/local/lib/python3.10/dist-packages /usr/bin/cmake --build /home/agilex/agilex_ws/build/nav2_msgs -- -j16 -l16
[2.496s] Level 1:colcon.colcon_core.environment:create_environment_scripts_only(orbbec_camera)
[2.499s] Level 1:colcon.colcon_core.environment:checking '/home/agilex/agilex_ws/install/orbbec_camera' for CMake module files
[2.500s] Level 1:colcon.colcon_core.environment:checking '/home/agilex/agilex_ws/install/orbbec_camera' for CMake config files
[2.500s] Level 1:colcon.colcon_core.shell:create_environment_hook('orbbec_camera', 'cmake_prefix_path')
[2.504s] INFO:colcon.colcon_core.shell:Creating environment hook '/home/agilex/agilex_ws/install/orbbec_camera/share/orbbec_camera/hook/cmake_prefix_path.ps1'
[2.504s] INFO:colcon.colcon_core.shell:Creating environment descriptor '/home/agilex/agilex_ws/install/orbbec_camera/share/orbbec_camera/hook/cmake_prefix_path.dsv'
[2.505s] INFO:colcon.colcon_core.shell:Creating environment hook '/home/agilex/agilex_ws/install/orbbec_camera/share/orbbec_camera/hook/cmake_prefix_path.sh'
[2.505s] Level 1:colcon.colcon_core.environment:checking '/home/agilex/agilex_ws/install/orbbec_camera/lib'
[2.505s] Level 1:colcon.colcon_core.shell:create_environment_hook('orbbec_camera', 'ld_library_path_lib')
[2.509s] INFO:colcon.colcon_core.shell:Creating environment hook '/home/agilex/agilex_ws/install/orbbec_camera/share/orbbec_camera/hook/ld_library_path_lib.ps1'
[2.509s] INFO:colcon.colcon_core.shell:Creating environment descriptor '/home/agilex/agilex_ws/install/orbbec_camera/share/orbbec_camera/hook/ld_library_path_lib.dsv'
[2.509s] INFO:colcon.colcon_core.shell:Creating environment hook '/home/agilex/agilex_ws/install/orbbec_camera/share/orbbec_camera/hook/ld_library_path_lib.sh'
[2.510s] Level 1:colcon.colcon_core.environment:checking '/home/agilex/agilex_ws/install/orbbec_camera/bin'
[2.510s] Level 1:colcon.colcon_core.environment:checking '/home/agilex/agilex_ws/install/orbbec_camera/lib/pkgconfig/orbbec_camera.pc'
[2.510s] Level 1:colcon.colcon_core.environment:checking '/home/agilex/agilex_ws/install/orbbec_camera/lib/python3.10/site-packages'
[2.510s] Level 1:colcon.colcon_core.environment:checking '/home/agilex/agilex_ws/install/orbbec_camera/bin'
[2.514s] INFO:colcon.colcon_core.shell:Creating package script '/home/agilex/agilex_ws/install/orbbec_camera/share/orbbec_camera/package.ps1'
[2.514s] INFO:colcon.colcon_core.shell:Creating package descriptor '/home/agilex/agilex_ws/install/orbbec_camera/share/orbbec_camera/package.dsv'
[2.514s] INFO:colcon.colcon_core.shell:Creating package script '/home/agilex/agilex_ws/install/orbbec_camera/share/orbbec_camera/package.sh'
[2.514s] INFO:colcon.colcon_core.shell:Creating package script '/home/agilex/agilex_ws/install/orbbec_camera/share/orbbec_camera/package.bash'
[2.515s] INFO:colcon.colcon_core.shell:Creating package script '/home/agilex/agilex_ws/install/orbbec_camera/share/orbbec_camera/package.zsh'
[2.515s] Level 1:colcon.colcon_core.environment:create_file_with_runtime_dependencies(/home/agilex/agilex_ws/install/orbbec_camera/share/colcon-core/packages/orbbec_camera)
[2.516s] DEBUG:colcon.colcon_core.event_handler.log_command:Invoked command in '/home/agilex/agilex_ws/build/teb_msgs' returned '0': AMENT_PREFIX_PATH=/home/agilex/agilex_ws/install/costmap_converter_msgs CMAKE_PREFIX_PATH=/home/agilex/agilex_ws/install/costmap_converter_msgs LD_LIBRARY_PATH=/home/agilex/agilex_ws/install/costmap_converter_msgs/lib PYTHONPATH=/home/agilex/agilex_ws/install/costmap_converter_msgs/local/lib/python3.10/dist-packages /usr/bin/cmake --build /home/agilex/agilex_ws/build/teb_msgs -- -j16 -l16
[2.537s] DEBUG:colcon.colcon_core.event_handler.log_command:Invoked command in '/home/agilex/agilex_ws/build/dwb_msgs' returned '0': AMENT_PREFIX_PATH=/home/agilex/agilex_ws/install/nav_2d_msgs CMAKE_PREFIX_PATH=/home/agilex/agilex_ws/install/nav_2d_msgs LD_LIBRARY_PATH=/home/agilex/agilex_ws/install/nav_2d_msgs/lib PYTHONPATH=/home/agilex/agilex_ws/install/nav_2d_msgs/local/lib/python3.10/dist-packages /usr/bin/cmake --build /home/agilex/agilex_ws/build/dwb_msgs -- -j16 -l16
[2.577s] DEBUG:colcon.colcon_core.event_handler.log_command:Invoking command in '/home/agilex/agilex_ws/build/teb_msgs': AMENT_PREFIX_PATH=/home/agilex/agilex_ws/install/costmap_converter_msgs CMAKE_PREFIX_PATH=/home/agilex/agilex_ws/install/costmap_converter_msgs LD_LIBRARY_PATH=/home/agilex/agilex_ws/install/costmap_converter_msgs/lib PYTHONPATH=/home/agilex/agilex_ws/install/costmap_converter_msgs/local/lib/python3.10/dist-packages /usr/bin/cmake --install /home/agilex/agilex_ws/build/teb_msgs
[2.637s] Level 1:colcon.colcon_core.environment:create_environment_scripts_only(teb_msgs)
[2.638s] DEBUG:colcon.colcon_core.event_handler.log_command:Invoked command in '/home/agilex/agilex_ws/build/teb_msgs' returned '0': AMENT_PREFIX_PATH=/home/agilex/agilex_ws/install/costmap_converter_msgs CMAKE_PREFIX_PATH=/home/agilex/agilex_ws/install/costmap_converter_msgs LD_LIBRARY_PATH=/home/agilex/agilex_ws/install/costmap_converter_msgs/lib PYTHONPATH=/home/agilex/agilex_ws/install/costmap_converter_msgs/local/lib/python3.10/dist-packages /usr/bin/cmake --install /home/agilex/agilex_ws/build/teb_msgs
[2.643s] Level 1:colcon.colcon_core.environment:checking '/home/agilex/agilex_ws/install/teb_msgs' for CMake module files
[2.643s] Level 1:colcon.colcon_core.environment:checking '/home/agilex/agilex_ws/install/teb_msgs' for CMake config files
[2.644s] Level 1:colcon.colcon_core.shell:create_environment_hook('teb_msgs', 'cmake_prefix_path')
[2.648s] INFO:colcon.colcon_core.shell:Creating environment hook '/home/agilex/agilex_ws/install/teb_msgs/share/teb_msgs/hook/cmake_prefix_path.ps1'
[2.648s] INFO:colcon.colcon_core.shell:Creating environment descriptor '/home/agilex/agilex_ws/install/teb_msgs/share/teb_msgs/hook/cmake_prefix_path.dsv'
[2.648s] INFO:colcon.colcon_core.shell:Creating environment hook '/home/agilex/agilex_ws/install/teb_msgs/share/teb_msgs/hook/cmake_prefix_path.sh'
[2.648s] Level 1:colcon.colcon_core.environment:checking '/home/agilex/agilex_ws/install/teb_msgs/lib'
[2.648s] Level 1:colcon.colcon_core.shell:create_environment_hook('teb_msgs', 'ld_library_path_lib')
[2.652s] INFO:colcon.colcon_core.shell:Creating environment hook '/home/agilex/agilex_ws/install/teb_msgs/share/teb_msgs/hook/ld_library_path_lib.ps1'
[2.653s] INFO:colcon.colcon_core.shell:Creating environment descriptor '/home/agilex/agilex_ws/install/teb_msgs/share/teb_msgs/hook/ld_library_path_lib.dsv'
[2.653s] INFO:colcon.colcon_core.shell:Creating environment hook '/home/agilex/agilex_ws/install/teb_msgs/share/teb_msgs/hook/ld_library_path_lib.sh'
[2.653s] Level 1:colcon.colcon_core.environment:checking '/home/agilex/agilex_ws/install/teb_msgs/bin'
[2.653s] Level 1:colcon.colcon_core.environment:checking '/home/agilex/agilex_ws/install/teb_msgs/lib/pkgconfig/teb_msgs.pc'
[2.653s] Level 1:colcon.colcon_core.environment:checking '/home/agilex/agilex_ws/install/teb_msgs/lib/python3.10/site-packages'
[2.653s] Level 1:colcon.colcon_core.environment:checking '/home/agilex/agilex_ws/install/teb_msgs/bin'
[2.657s] INFO:colcon.colcon_core.shell:Creating package script '/home/agilex/agilex_ws/install/teb_msgs/share/teb_msgs/package.ps1'
[2.657s] INFO:colcon.colcon_core.shell:Creating package descriptor '/home/agilex/agilex_ws/install/teb_msgs/share/teb_msgs/package.dsv'
[2.657s] INFO:colcon.colcon_core.shell:Creating package script '/home/agilex/agilex_ws/install/teb_msgs/share/teb_msgs/package.sh'
[2.658s] INFO:colcon.colcon_core.shell:Creating package script '/home/agilex/agilex_ws/install/teb_msgs/share/teb_msgs/package.bash'
[2.658s] INFO:colcon.colcon_core.shell:Creating package script '/home/agilex/agilex_ws/install/teb_msgs/share/teb_msgs/package.zsh'
[2.658s] Level 1:colcon.colcon_core.environment:create_file_with_runtime_dependencies(/home/agilex/agilex_ws/install/teb_msgs/share/colcon-core/packages/teb_msgs)
[2.667s] DEBUG:colcon.colcon_core.event_handler.log_command:Invoking command in '/home/agilex/agilex_ws/build/dwb_msgs': AMENT_PREFIX_PATH=/home/agilex/agilex_ws/install/nav_2d_msgs CMAKE_PREFIX_PATH=/home/agilex/agilex_ws/install/nav_2d_msgs LD_LIBRARY_PATH=/home/agilex/agilex_ws/install/nav_2d_msgs/lib PYTHONPATH=/home/agilex/agilex_ws/install/nav_2d_msgs/local/lib/python3.10/dist-packages /usr/bin/cmake --install /home/agilex/agilex_ws/build/dwb_msgs
[2.725s] Level 1:colcon.colcon_core.environment:create_environment_scripts_only(teb_msgs)
[2.729s] Level 1:colcon.colcon_core.environment:checking '/home/agilex/agilex_ws/install/teb_msgs' for CMake module files
[2.729s] Level 1:colcon.colcon_core.environment:checking '/home/agilex/agilex_ws/install/teb_msgs' for CMake config files
[2.729s] Level 1:colcon.colcon_core.shell:create_environment_hook('teb_msgs', 'cmake_prefix_path')
[2.733s] INFO:colcon.colcon_core.shell:Creating environment hook '/home/agilex/agilex_ws/install/teb_msgs/share/teb_msgs/hook/cmake_prefix_path.ps1'
[2.733s] INFO:colcon.colcon_core.shell:Creating environment descriptor '/home/agilex/agilex_ws/install/teb_msgs/share/teb_msgs/hook/cmake_prefix_path.dsv'
[2.734s] INFO:colcon.colcon_core.shell:Creating environment hook '/home/agilex/agilex_ws/install/teb_msgs/share/teb_msgs/hook/cmake_prefix_path.sh'
[2.734s] Level 1:colcon.colcon_core.environment:checking '/home/agilex/agilex_ws/install/teb_msgs/lib'
[2.734s] Level 1:colcon.colcon_core.shell:create_environment_hook('teb_msgs', 'ld_library_path_lib')
[2.738s] INFO:colcon.colcon_core.shell:Creating environment hook '/home/agilex/agilex_ws/install/teb_msgs/share/teb_msgs/hook/ld_library_path_lib.ps1'
[2.738s] INFO:colcon.colcon_core.shell:Creating environment descriptor '/home/agilex/agilex_ws/install/teb_msgs/share/teb_msgs/hook/ld_library_path_lib.dsv'
[2.738s] INFO:colcon.colcon_core.shell:Creating environment hook '/home/agilex/agilex_ws/install/teb_msgs/share/teb_msgs/hook/ld_library_path_lib.sh'
[2.738s] Level 1:colcon.colcon_core.environment:checking '/home/agilex/agilex_ws/install/teb_msgs/bin'
[2.738s] Level 1:colcon.colcon_core.environment:checking '/home/agilex/agilex_ws/install/teb_msgs/lib/pkgconfig/teb_msgs.pc'
[2.738s] Level 1:colcon.colcon_core.environment:checking '/home/agilex/agilex_ws/install/teb_msgs/lib/python3.10/site-packages'
[2.739s] Level 1:colcon.colcon_core.environment:checking '/home/agilex/agilex_ws/install/teb_msgs/bin'
[2.742s] INFO:colcon.colcon_core.shell:Creating package script '/home/agilex/agilex_ws/install/teb_msgs/share/teb_msgs/package.ps1'
[2.742s] INFO:colcon.colcon_core.shell:Creating package descriptor '/home/agilex/agilex_ws/install/teb_msgs/share/teb_msgs/package.dsv'
[2.743s] INFO:colcon.colcon_core.shell:Creating package script '/home/agilex/agilex_ws/install/teb_msgs/share/teb_msgs/package.sh'
[2.743s] INFO:colcon.colcon_core.shell:Creating package script '/home/agilex/agilex_ws/install/teb_msgs/share/teb_msgs/package.bash'
[2.743s] INFO:colcon.colcon_core.shell:Creating package script '/home/agilex/agilex_ws/install/teb_msgs/share/teb_msgs/package.zsh'
[2.743s] Level 1:colcon.colcon_core.environment:create_file_with_runtime_dependencies(/home/agilex/agilex_ws/install/teb_msgs/share/colcon-core/packages/teb_msgs)
[2.744s] Level 1:colcon.colcon_core.environment:create_environment_scripts_only(dwb_msgs)
[2.745s] DEBUG:colcon.colcon_core.event_handler.log_command:Invoked command in '/home/agilex/agilex_ws/build/dwb_msgs' returned '0': AMENT_PREFIX_PATH=/home/agilex/agilex_ws/install/nav_2d_msgs CMAKE_PREFIX_PATH=/home/agilex/agilex_ws/install/nav_2d_msgs LD_LIBRARY_PATH=/home/agilex/agilex_ws/install/nav_2d_msgs/lib PYTHONPATH=/home/agilex/agilex_ws/install/nav_2d_msgs/local/lib/python3.10/dist-packages /usr/bin/cmake --install /home/agilex/agilex_ws/build/dwb_msgs
[2.748s] Level 1:colcon.colcon_core.environment:checking '/home/agilex/agilex_ws/install/dwb_msgs' for CMake module files
[2.749s] Level 1:colcon.colcon_core.environment:checking '/home/agilex/agilex_ws/install/dwb_msgs' for CMake config files
[2.749s] Level 1:colcon.colcon_core.shell:create_environment_hook('dwb_msgs', 'cmake_prefix_path')
[2.753s] INFO:colcon.colcon_core.shell:Creating environment hook '/home/agilex/agilex_ws/install/dwb_msgs/share/dwb_msgs/hook/cmake_prefix_path.ps1'
[2.753s] INFO:colcon.colcon_core.shell:Creating environment descriptor '/home/agilex/agilex_ws/install/dwb_msgs/share/dwb_msgs/hook/cmake_prefix_path.dsv'
[2.753s] INFO:colcon.colcon_core.shell:Creating environment hook '/home/agilex/agilex_ws/install/dwb_msgs/share/dwb_msgs/hook/cmake_prefix_path.sh'
[2.754s] Level 1:colcon.colcon_core.environment:checking '/home/agilex/agilex_ws/install/dwb_msgs/lib'
[2.754s] Level 1:colcon.colcon_core.shell:create_environment_hook('dwb_msgs', 'ld_library_path_lib')
[2.757s] INFO:colcon.colcon_core.shell:Creating environment hook '/home/agilex/agilex_ws/install/dwb_msgs/share/dwb_msgs/hook/ld_library_path_lib.ps1'
[2.758s] INFO:colcon.colcon_core.shell:Creating environment descriptor '/home/agilex/agilex_ws/install/dwb_msgs/share/dwb_msgs/hook/ld_library_path_lib.dsv'
[2.758s] INFO:colcon.colcon_core.shell:Creating environment hook '/home/agilex/agilex_ws/install/dwb_msgs/share/dwb_msgs/hook/ld_library_path_lib.sh'
[2.758s] Level 1:colcon.colcon_core.environment:checking '/home/agilex/agilex_ws/install/dwb_msgs/bin'
[2.758s] Level 1:colcon.colcon_core.environment:checking '/home/agilex/agilex_ws/install/dwb_msgs/lib/pkgconfig/dwb_msgs.pc'
[2.758s] Level 1:colcon.colcon_core.environment:checking '/home/agilex/agilex_ws/install/dwb_msgs/lib/python3.10/site-packages'
[2.758s] Level 1:colcon.colcon_core.environment:checking '/home/agilex/agilex_ws/install/dwb_msgs/bin'
[2.762s] INFO:colcon.colcon_core.shell:Creating package script '/home/agilex/agilex_ws/install/dwb_msgs/share/dwb_msgs/package.ps1'
[2.762s] INFO:colcon.colcon_core.shell:Creating package descriptor '/home/agilex/agilex_ws/install/dwb_msgs/share/dwb_msgs/package.dsv'
[2.762s] INFO:colcon.colcon_core.shell:Creating package script '/home/agilex/agilex_ws/install/dwb_msgs/share/dwb_msgs/package.sh'
[2.763s] INFO:colcon.colcon_core.shell:Creating package script '/home/agilex/agilex_ws/install/dwb_msgs/share/dwb_msgs/package.bash'
[2.763s] INFO:colcon.colcon_core.shell:Creating package script '/home/agilex/agilex_ws/install/dwb_msgs/share/dwb_msgs/package.zsh'
[2.763s] Level 1:colcon.colcon_core.environment:create_file_with_runtime_dependencies(/home/agilex/agilex_ws/install/dwb_msgs/share/colcon-core/packages/dwb_msgs)
[2.809s] DEBUG:colcon.colcon_core.event_handler.log_command:Invoking command in '/home/agilex/agilex_ws/build/nav2_msgs': AMENT_PREFIX_PATH=/home/agilex/agilex_ws/install/nav2_common CMAKE_PREFIX_PATH=/home/agilex/agilex_ws/install/nav2_common PYTHONPATH=/home/agilex/agilex_ws/install/nav2_common/local/lib/python3.10/dist-packages /usr/bin/cmake --install /home/agilex/agilex_ws/build/nav2_msgs
[2.865s] Level 1:colcon.colcon_core.environment:create_environment_scripts_only(nav2_msgs)
[2.865s] DEBUG:colcon.colcon_core.event_handler.log_command:Invoked command in '/home/agilex/agilex_ws/build/nav2_msgs' returned '0': AMENT_PREFIX_PATH=/home/agilex/agilex_ws/install/nav2_common CMAKE_PREFIX_PATH=/home/agilex/agilex_ws/install/nav2_common PYTHONPATH=/home/agilex/agilex_ws/install/nav2_common/local/lib/python3.10/dist-packages /usr/bin/cmake --install /home/agilex/agilex_ws/build/nav2_msgs
[2.869s] Level 1:colcon.colcon_core.environment:checking '/home/agilex/agilex_ws/install/nav2_msgs' for CMake module files
[2.870s] Level 1:colcon.colcon_core.environment:checking '/home/agilex/agilex_ws/install/nav2_msgs' for CMake config files
[2.871s] Level 1:colcon.colcon_core.shell:create_environment_hook('nav2_msgs', 'cmake_prefix_path')
[2.874s] INFO:colcon.colcon_core.shell:Creating environment hook '/home/agilex/agilex_ws/install/nav2_msgs/share/nav2_msgs/hook/cmake_prefix_path.ps1'
[2.874s] INFO:colcon.colcon_core.shell:Creating environment descriptor '/home/agilex/agilex_ws/install/nav2_msgs/share/nav2_msgs/hook/cmake_prefix_path.dsv'
[2.875s] INFO:colcon.colcon_core.shell:Creating environment hook '/home/agilex/agilex_ws/install/nav2_msgs/share/nav2_msgs/hook/cmake_prefix_path.sh'
[2.875s] Level 1:colcon.colcon_core.environment:checking '/home/agilex/agilex_ws/install/nav2_msgs/lib'
[2.875s] Level 1:colcon.colcon_core.shell:create_environment_hook('nav2_msgs', 'ld_library_path_lib')
[2.878s] INFO:colcon.colcon_core.shell:Creating environment hook '/home/agilex/agilex_ws/install/nav2_msgs/share/nav2_msgs/hook/ld_library_path_lib.ps1'
[2.878s] INFO:colcon.colcon_core.shell:Creating environment descriptor '/home/agilex/agilex_ws/install/nav2_msgs/share/nav2_msgs/hook/ld_library_path_lib.dsv'
[2.878s] INFO:colcon.colcon_core.shell:Creating environment hook '/home/agilex/agilex_ws/install/nav2_msgs/share/nav2_msgs/hook/ld_library_path_lib.sh'
[2.878s] Level 1:colcon.colcon_core.environment:checking '/home/agilex/agilex_ws/install/nav2_msgs/bin'
[2.878s] Level 1:colcon.colcon_core.environment:checking '/home/agilex/agilex_ws/install/nav2_msgs/lib/pkgconfig/nav2_msgs.pc'
[2.879s] Level 1:colcon.colcon_core.environment:checking '/home/agilex/agilex_ws/install/nav2_msgs/lib/python3.10/site-packages'
[2.879s] Level 1:colcon.colcon_core.environment:checking '/home/agilex/agilex_ws/install/nav2_msgs/bin'
[2.882s] INFO:colcon.colcon_core.shell:Creating package script '/home/agilex/agilex_ws/install/nav2_msgs/share/nav2_msgs/package.ps1'
[2.882s] INFO:colcon.colcon_core.shell:Creating package descriptor '/home/agilex/agilex_ws/install/nav2_msgs/share/nav2_msgs/package.dsv'
[2.883s] INFO:colcon.colcon_core.shell:Creating package script '/home/agilex/agilex_ws/install/nav2_msgs/share/nav2_msgs/package.sh'
[2.883s] INFO:colcon.colcon_core.shell:Creating package script '/home/agilex/agilex_ws/install/nav2_msgs/share/nav2_msgs/package.bash'
[2.883s] INFO:colcon.colcon_core.shell:Creating package script '/home/agilex/agilex_ws/install/nav2_msgs/share/nav2_msgs/package.zsh'
[2.884s] Level 1:colcon.colcon_core.environment:create_file_with_runtime_dependencies(/home/agilex/agilex_ws/install/nav2_msgs/share/colcon-core/packages/nav2_msgs)
[2.888s] Level 1:colcon.colcon_core.environment:create_environment_scripts_only(dwb_msgs)
[2.891s] Level 1:colcon.colcon_core.environment:checking '/home/agilex/agilex_ws/install/dwb_msgs' for CMake module files
[2.892s] Level 1:colcon.colcon_core.environment:checking '/home/agilex/agilex_ws/install/dwb_msgs' for CMake config files
[2.892s] Level 1:colcon.colcon_core.shell:create_environment_hook('dwb_msgs', 'cmake_prefix_path')
[2.895s] INFO:colcon.colcon_core.shell:Creating environment hook '/home/agilex/agilex_ws/install/dwb_msgs/share/dwb_msgs/hook/cmake_prefix_path.ps1'
[2.895s] INFO:colcon.colcon_core.shell:Creating environment descriptor '/home/agilex/agilex_ws/install/dwb_msgs/share/dwb_msgs/hook/cmake_prefix_path.dsv'
[2.895s] INFO:colcon.colcon_core.shell:Creating environment hook '/home/agilex/agilex_ws/install/dwb_msgs/share/dwb_msgs/hook/cmake_prefix_path.sh'
[2.896s] Level 1:colcon.colcon_core.environment:checking '/home/agilex/agilex_ws/install/dwb_msgs/lib'
[2.896s] Level 1:colcon.colcon_core.shell:create_environment_hook('dwb_msgs', 'ld_library_path_lib')
[2.899s] INFO:colcon.colcon_core.shell:Creating environment hook '/home/agilex/agilex_ws/install/dwb_msgs/share/dwb_msgs/hook/ld_library_path_lib.ps1'
[2.899s] INFO:colcon.colcon_core.shell:Creating environment descriptor '/home/agilex/agilex_ws/install/dwb_msgs/share/dwb_msgs/hook/ld_library_path_lib.dsv'
[2.899s] INFO:colcon.colcon_core.shell:Creating environment hook '/home/agilex/agilex_ws/install/dwb_msgs/share/dwb_msgs/hook/ld_library_path_lib.sh'
[2.899s] Level 1:colcon.colcon_core.environment:checking '/home/agilex/agilex_ws/install/dwb_msgs/bin'
[2.899s] Level 1:colcon.colcon_core.environment:checking '/home/agilex/agilex_ws/install/dwb_msgs/lib/pkgconfig/dwb_msgs.pc'
[2.899s] Level 1:colcon.colcon_core.environment:checking '/home/agilex/agilex_ws/install/dwb_msgs/lib/python3.10/site-packages'
[2.900s] Level 1:colcon.colcon_core.environment:checking '/home/agilex/agilex_ws/install/dwb_msgs/bin'
[2.903s] INFO:colcon.colcon_core.shell:Creating package script '/home/agilex/agilex_ws/install/dwb_msgs/share/dwb_msgs/package.ps1'
[2.903s] INFO:colcon.colcon_core.shell:Creating package descriptor '/home/agilex/agilex_ws/install/dwb_msgs/share/dwb_msgs/package.dsv'
[2.903s] INFO:colcon.colcon_core.shell:Creating package script '/home/agilex/agilex_ws/install/dwb_msgs/share/dwb_msgs/package.sh'
[2.903s] INFO:colcon.colcon_core.shell:Creating package script '/home/agilex/agilex_ws/install/dwb_msgs/share/dwb_msgs/package.bash'
[2.903s] INFO:colcon.colcon_core.shell:Creating package script '/home/agilex/agilex_ws/install/dwb_msgs/share/dwb_msgs/package.zsh'
[2.904s] Level 1:colcon.colcon_core.environment:create_file_with_runtime_dependencies(/home/agilex/agilex_ws/install/dwb_msgs/share/colcon-core/packages/dwb_msgs)
[3.210s] Level 1:colcon.colcon_core.environment:create_environment_scripts_only(nav2_msgs)
[3.214s] Level 1:colcon.colcon_core.environment:checking '/home/agilex/agilex_ws/install/nav2_msgs' for CMake module files
[3.214s] Level 1:colcon.colcon_core.environment:checking '/home/agilex/agilex_ws/install/nav2_msgs' for CMake config files
[3.214s] Level 1:colcon.colcon_core.shell:create_environment_hook('nav2_msgs', 'cmake_prefix_path')
[3.218s] INFO:colcon.colcon_core.shell:Creating environment hook '/home/agilex/agilex_ws/install/nav2_msgs/share/nav2_msgs/hook/cmake_prefix_path.ps1'
[3.218s] INFO:colcon.colcon_core.shell:Creating environment descriptor '/home/agilex/agilex_ws/install/nav2_msgs/share/nav2_msgs/hook/cmake_prefix_path.dsv'
[3.218s] INFO:colcon.colcon_core.shell:Creating environment hook '/home/agilex/agilex_ws/install/nav2_msgs/share/nav2_msgs/hook/cmake_prefix_path.sh'
[3.218s] Level 1:colcon.colcon_core.environment:checking '/home/agilex/agilex_ws/install/nav2_msgs/lib'
[3.218s] Level 1:colcon.colcon_core.shell:create_environment_hook('nav2_msgs', 'ld_library_path_lib')
[3.222s] INFO:colcon.colcon_core.shell:Creating environment hook '/home/agilex/agilex_ws/install/nav2_msgs/share/nav2_msgs/hook/ld_library_path_lib.ps1'
[3.222s] INFO:colcon.colcon_core.shell:Creating environment descriptor '/home/agilex/agilex_ws/install/nav2_msgs/share/nav2_msgs/hook/ld_library_path_lib.dsv'
[3.222s] INFO:colcon.colcon_core.shell:Creating environment hook '/home/agilex/agilex_ws/install/nav2_msgs/share/nav2_msgs/hook/ld_library_path_lib.sh'
[3.222s] Level 1:colcon.colcon_core.environment:checking '/home/agilex/agilex_ws/install/nav2_msgs/bin'
[3.222s] Level 1:colcon.colcon_core.environment:checking '/home/agilex/agilex_ws/install/nav2_msgs/lib/pkgconfig/nav2_msgs.pc'
[3.222s] Level 1:colcon.colcon_core.environment:checking '/home/agilex/agilex_ws/install/nav2_msgs/lib/python3.10/site-packages'
[3.222s] Level 1:colcon.colcon_core.environment:checking '/home/agilex/agilex_ws/install/nav2_msgs/bin'
[3.225s] INFO:colcon.colcon_core.shell:Creating package script '/home/agilex/agilex_ws/install/nav2_msgs/share/nav2_msgs/package.ps1'
[3.226s] INFO:colcon.colcon_core.shell:Creating package descriptor '/home/agilex/agilex_ws/install/nav2_msgs/share/nav2_msgs/package.dsv'
[3.226s] INFO:colcon.colcon_core.shell:Creating package script '/home/agilex/agilex_ws/install/nav2_msgs/share/nav2_msgs/package.sh'
[3.226s] INFO:colcon.colcon_core.shell:Creating package script '/home/agilex/agilex_ws/install/nav2_msgs/share/nav2_msgs/package.bash'
[3.226s] INFO:colcon.colcon_core.shell:Creating package script '/home/agilex/agilex_ws/install/nav2_msgs/share/nav2_msgs/package.zsh'
[3.226s] Level 1:colcon.colcon_core.environment:create_file_with_runtime_dependencies(/home/agilex/agilex_ws/install/nav2_msgs/share/colcon-core/packages/nav2_msgs)
[3.227s] INFO:colcon.colcon_ros.task.ament_cmake.build:Building ROS package in '/home/agilex/agilex_ws/src/navigation2/nav2_util' with build type 'ament_cmake'
[3.227s] INFO:colcon.colcon_cmake.task.cmake.build:Building CMake package in '/home/agilex/agilex_ws/src/navigation2/nav2_util'
[3.231s] INFO:colcon.colcon_core.shell:Skip shell extension 'powershell' for command environment: Not usable outside of PowerShell
[3.231s] DEBUG:colcon.colcon_core.shell:Skip shell extension 'dsv' for command environment
[3.235s] INFO:colcon.colcon_ros.task.ament_python.build:Building ROS package in '/home/agilex/agilex_ws/src/navigation2/nav2_simple_commander' with build type 'ament_python'
[3.235s] Level 1:colcon.colcon_core.shell:create_environment_hook('nav2_simple_commander', 'ament_prefix_path')
[3.239s] INFO:colcon.colcon_core.shell:Creating environment hook '/home/agilex/agilex_ws/install/nav2_simple_commander/share/nav2_simple_commander/hook/ament_prefix_path.ps1'
[3.239s] INFO:colcon.colcon_core.shell:Creating environment descriptor '/home/agilex/agilex_ws/install/nav2_simple_commander/share/nav2_simple_commander/hook/ament_prefix_path.dsv'
[3.240s] INFO:colcon.colcon_core.shell:Creating environment hook '/home/agilex/agilex_ws/install/nav2_simple_commander/share/nav2_simple_commander/hook/ament_prefix_path.sh'
[3.243s] INFO:colcon.colcon_core.shell:Skip shell extension 'powershell' for command environment: Not usable outside of PowerShell
[3.243s] DEBUG:colcon.colcon_core.shell:Skip shell extension 'dsv' for command environment
[3.250s] DEBUG:colcon.colcon_core.event_handler.log_command:Invoking command in '/home/agilex/agilex_ws/build/nav2_util': AMENT_PREFIX_PATH=/home/agilex/agilex_ws/install/nav2_msgs:/home/agilex/agilex_ws/install/nav2_common CMAKE_PREFIX_PATH=/home/agilex/agilex_ws/install/nav2_msgs:/home/agilex/agilex_ws/install/nav2_common LD_LIBRARY_PATH=/home/agilex/agilex_ws/install/nav2_msgs/lib PYTHONPATH=/home/agilex/agilex_ws/install/nav2_msgs/local/lib/python3.10/dist-packages:/home/agilex/agilex_ws/install/nav2_common/local/lib/python3.10/dist-packages /usr/bin/cmake --build /home/agilex/agilex_ws/build/nav2_util -- -j16 -l16
[3.358s] INFO:colcon.colcon_core.task.python.build:Building Python package in '/home/agilex/agilex_ws/src/navigation2/nav2_simple_commander'
[3.363s] INFO:colcon.colcon_core.shell:Skip shell extension 'powershell' for command environment: Not usable outside of PowerShell
[3.363s] DEBUG:colcon.colcon_core.shell:Skip shell extension 'dsv' for command environment
[3.513s] DEBUG:colcon.colcon_core.event_handler.log_command:Invoking command in '/home/agilex/agilex_ws/src/navigation2/nav2_simple_commander': AMENT_PREFIX_PATH=/home/agilex/agilex_ws/install/nav2_msgs CMAKE_PREFIX_PATH=/home/agilex/agilex_ws/install/nav2_msgs LD_LIBRARY_PATH=/home/agilex/agilex_ws/install/nav2_msgs/lib PYTHONPATH=/home/agilex/agilex_ws/build/nav2_simple_commander/prefix_override:/home/agilex/agilex_ws/install/nav2_simple_commander/lib/python3.10/site-packages:/home/agilex/agilex_ws/install/nav2_msgs/local/lib/python3.10/dist-packages /usr/bin/python3 setup.py egg_info --egg-base ../../../build/nav2_simple_commander build --build-base /home/agilex/agilex_ws/build/nav2_simple_commander/build install --record /home/agilex/agilex_ws/build/nav2_simple_commander/install.log --single-version-externally-managed
[3.592s] DEBUG:colcon.colcon_core.event_handler.log_command:Invoked command in '/home/agilex/agilex_ws/build/nav2_util' returned '0': AMENT_PREFIX_PATH=/home/agilex/agilex_ws/install/nav2_msgs:/home/agilex/agilex_ws/install/nav2_common CMAKE_PREFIX_PATH=/home/agilex/agilex_ws/install/nav2_msgs:/home/agilex/agilex_ws/install/nav2_common LD_LIBRARY_PATH=/home/agilex/agilex_ws/install/nav2_msgs/lib PYTHONPATH=/home/agilex/agilex_ws/install/nav2_msgs/local/lib/python3.10/dist-packages:/home/agilex/agilex_ws/install/nav2_common/local/lib/python3.10/dist-packages /usr/bin/cmake --build /home/agilex/agilex_ws/build/nav2_util -- -j16 -l16
[3.614s] DEBUG:colcon.colcon_core.event_handler.log_command:Invoking command in '/home/agilex/agilex_ws/build/nav2_util': AMENT_PREFIX_PATH=/home/agilex/agilex_ws/install/nav2_msgs:/home/agilex/agilex_ws/install/nav2_common CMAKE_PREFIX_PATH=/home/agilex/agilex_ws/install/nav2_msgs:/home/agilex/agilex_ws/install/nav2_common LD_LIBRARY_PATH=/home/agilex/agilex_ws/install/nav2_msgs/lib PYTHONPATH=/home/agilex/agilex_ws/install/nav2_msgs/local/lib/python3.10/dist-packages:/home/agilex/agilex_ws/install/nav2_common/local/lib/python3.10/dist-packages /usr/bin/cmake --install /home/agilex/agilex_ws/build/nav2_util
[3.623s] Level 1:colcon.colcon_core.environment:create_environment_scripts_only(nav2_util)
[3.624s] DEBUG:colcon.colcon_core.event_handler.log_command:Invoked command in '/home/agilex/agilex_ws/build/nav2_util' returned '0': AMENT_PREFIX_PATH=/home/agilex/agilex_ws/install/nav2_msgs:/home/agilex/agilex_ws/install/nav2_common CMAKE_PREFIX_PATH=/home/agilex/agilex_ws/install/nav2_msgs:/home/agilex/agilex_ws/install/nav2_common LD_LIBRARY_PATH=/home/agilex/agilex_ws/install/nav2_msgs/lib PYTHONPATH=/home/agilex/agilex_ws/install/nav2_msgs/local/lib/python3.10/dist-packages:/home/agilex/agilex_ws/install/nav2_common/local/lib/python3.10/dist-packages /usr/bin/cmake --install /home/agilex/agilex_ws/build/nav2_util
[3.627s] Level 1:colcon.colcon_core.environment:checking '/home/agilex/agilex_ws/install/nav2_util' for CMake module files
[3.627s] Level 1:colcon.colcon_core.environment:checking '/home/agilex/agilex_ws/install/nav2_util' for CMake config files
[3.627s] Level 1:colcon.colcon_core.shell:create_environment_hook('nav2_util', 'cmake_prefix_path')
[3.632s] INFO:colcon.colcon_core.shell:Creating environment hook '/home/agilex/agilex_ws/install/nav2_util/share/nav2_util/hook/cmake_prefix_path.ps1'
[3.632s] INFO:colcon.colcon_core.shell:Creating environment descriptor '/home/agilex/agilex_ws/install/nav2_util/share/nav2_util/hook/cmake_prefix_path.dsv'
[3.632s] INFO:colcon.colcon_core.shell:Creating environment hook '/home/agilex/agilex_ws/install/nav2_util/share/nav2_util/hook/cmake_prefix_path.sh'
[3.633s] Level 1:colcon.colcon_core.environment:checking '/home/agilex/agilex_ws/install/nav2_util/lib'
[3.633s] Level 1:colcon.colcon_core.shell:create_environment_hook('nav2_util', 'ld_library_path_lib')
[3.636s] INFO:colcon.colcon_core.shell:Creating environment hook '/home/agilex/agilex_ws/install/nav2_util/share/nav2_util/hook/ld_library_path_lib.ps1'
[3.637s] INFO:colcon.colcon_core.shell:Creating environment descriptor '/home/agilex/agilex_ws/install/nav2_util/share/nav2_util/hook/ld_library_path_lib.dsv'
[3.637s] INFO:colcon.colcon_core.shell:Creating environment hook '/home/agilex/agilex_ws/install/nav2_util/share/nav2_util/hook/ld_library_path_lib.sh'
[3.637s] Level 1:colcon.colcon_core.environment:checking '/home/agilex/agilex_ws/install/nav2_util/bin'
[3.637s] Level 1:colcon.colcon_core.environment:checking '/home/agilex/agilex_ws/install/nav2_util/lib/pkgconfig/nav2_util.pc'
[3.637s] Level 1:colcon.colcon_core.environment:checking '/home/agilex/agilex_ws/install/nav2_util/lib/python3.10/site-packages'
[3.637s] Level 1:colcon.colcon_core.environment:checking '/home/agilex/agilex_ws/install/nav2_util/bin'
[3.641s] INFO:colcon.colcon_core.shell:Creating package script '/home/agilex/agilex_ws/install/nav2_util/share/nav2_util/package.ps1'
[3.641s] INFO:colcon.colcon_core.shell:Creating package descriptor '/home/agilex/agilex_ws/install/nav2_util/share/nav2_util/package.dsv'
[3.641s] INFO:colcon.colcon_core.shell:Creating package script '/home/agilex/agilex_ws/install/nav2_util/share/nav2_util/package.sh'
[3.641s] INFO:colcon.colcon_core.shell:Creating package script '/home/agilex/agilex_ws/install/nav2_util/share/nav2_util/package.bash'
[3.641s] INFO:colcon.colcon_core.shell:Creating package script '/home/agilex/agilex_ws/install/nav2_util/share/nav2_util/package.zsh'
[3.642s] Level 1:colcon.colcon_core.environment:create_file_with_runtime_dependencies(/home/agilex/agilex_ws/install/nav2_util/share/colcon-core/packages/nav2_util)
[3.644s] DEBUG:colcon.colcon_core.event_handler.log_command:Invoked command in '/home/agilex/agilex_ws/src/navigation2/nav2_simple_commander' returned '0': AMENT_PREFIX_PATH=/home/agilex/agilex_ws/install/nav2_msgs CMAKE_PREFIX_PATH=/home/agilex/agilex_ws/install/nav2_msgs LD_LIBRARY_PATH=/home/agilex/agilex_ws/install/nav2_msgs/lib PYTHONPATH=/home/agilex/agilex_ws/build/nav2_simple_commander/prefix_override:/home/agilex/agilex_ws/install/nav2_simple_commander/lib/python3.10/site-packages:/home/agilex/agilex_ws/install/nav2_msgs/local/lib/python3.10/dist-packages /usr/bin/python3 setup.py egg_info --egg-base ../../../build/nav2_simple_commander build --build-base /home/agilex/agilex_ws/build/nav2_simple_commander/build install --record /home/agilex/agilex_ws/build/nav2_simple_commander/install.log --single-version-externally-managed
[3.648s] Level 1:colcon.colcon_core.environment:checking '/home/agilex/agilex_ws/install/nav2_simple_commander' for CMake module files
[3.648s] Level 1:colcon.colcon_core.environment:checking '/home/agilex/agilex_ws/install/nav2_simple_commander' for CMake config files
[3.648s] Level 1:colcon.colcon_core.environment:checking '/home/agilex/agilex_ws/install/nav2_simple_commander/lib'
[3.649s] Level 1:colcon.colcon_core.environment:checking '/home/agilex/agilex_ws/install/nav2_simple_commander/bin'
[3.649s] Level 1:colcon.colcon_core.environment:checking '/home/agilex/agilex_ws/install/nav2_simple_commander/lib/pkgconfig/nav2_simple_commander.pc'
[3.649s] Level 1:colcon.colcon_core.environment:checking '/home/agilex/agilex_ws/install/nav2_simple_commander/lib/python3.10/site-packages'
[3.649s] Level 1:colcon.colcon_core.shell:create_environment_hook('nav2_simple_commander', 'pythonpath')
[3.652s] INFO:colcon.colcon_core.shell:Creating environment hook '/home/agilex/agilex_ws/install/nav2_simple_commander/share/nav2_simple_commander/hook/pythonpath.ps1'
[3.653s] INFO:colcon.colcon_core.shell:Creating environment descriptor '/home/agilex/agilex_ws/install/nav2_simple_commander/share/nav2_simple_commander/hook/pythonpath.dsv'
[3.653s] INFO:colcon.colcon_core.shell:Creating environment hook '/home/agilex/agilex_ws/install/nav2_simple_commander/share/nav2_simple_commander/hook/pythonpath.sh'
[3.653s] Level 1:colcon.colcon_core.environment:checking '/home/agilex/agilex_ws/install/nav2_simple_commander/bin'
[3.653s] Level 1:colcon.colcon_core.environment:create_environment_scripts_only(nav2_simple_commander)
[3.656s] INFO:colcon.colcon_core.shell:Creating package script '/home/agilex/agilex_ws/install/nav2_simple_commander/share/nav2_simple_commander/package.ps1'
[3.657s] INFO:colcon.colcon_core.shell:Creating package descriptor '/home/agilex/agilex_ws/install/nav2_simple_commander/share/nav2_simple_commander/package.dsv'
[3.657s] INFO:colcon.colcon_core.shell:Creating package script '/home/agilex/agilex_ws/install/nav2_simple_commander/share/nav2_simple_commander/package.sh'
[3.657s] INFO:colcon.colcon_core.shell:Creating package script '/home/agilex/agilex_ws/install/nav2_simple_commander/share/nav2_simple_commander/package.bash'
[3.657s] INFO:colcon.colcon_core.shell:Creating package script '/home/agilex/agilex_ws/install/nav2_simple_commander/share/nav2_simple_commander/package.zsh'
[3.657s] Level 1:colcon.colcon_core.environment:create_file_with_runtime_dependencies(/home/agilex/agilex_ws/install/nav2_simple_commander/share/colcon-core/packages/nav2_simple_commander)
[3.664s] Level 1:colcon.colcon_core.environment:create_environment_scripts_only(nav2_util)
[3.667s] Level 1:colcon.colcon_core.environment:checking '/home/agilex/agilex_ws/install/nav2_util' for CMake module files
[3.667s] Level 1:colcon.colcon_core.environment:checking '/home/agilex/agilex_ws/install/nav2_util' for CMake config files
[3.667s] Level 1:colcon.colcon_core.shell:create_environment_hook('nav2_util', 'cmake_prefix_path')
[3.670s] INFO:colcon.colcon_core.shell:Creating environment hook '/home/agilex/agilex_ws/install/nav2_util/share/nav2_util/hook/cmake_prefix_path.ps1'
[3.671s] INFO:colcon.colcon_core.shell:Creating environment descriptor '/home/agilex/agilex_ws/install/nav2_util/share/nav2_util/hook/cmake_prefix_path.dsv'
[3.671s] INFO:colcon.colcon_core.shell:Creating environment hook '/home/agilex/agilex_ws/install/nav2_util/share/nav2_util/hook/cmake_prefix_path.sh'
[3.671s] Level 1:colcon.colcon_core.environment:checking '/home/agilex/agilex_ws/install/nav2_util/lib'
[3.671s] Level 1:colcon.colcon_core.shell:create_environment_hook('nav2_util', 'ld_library_path_lib')
[3.674s] INFO:colcon.colcon_core.shell:Creating environment hook '/home/agilex/agilex_ws/install/nav2_util/share/nav2_util/hook/ld_library_path_lib.ps1'
[3.674s] INFO:colcon.colcon_core.shell:Creating environment descriptor '/home/agilex/agilex_ws/install/nav2_util/share/nav2_util/hook/ld_library_path_lib.dsv'
[3.674s] INFO:colcon.colcon_core.shell:Creating environment hook '/home/agilex/agilex_ws/install/nav2_util/share/nav2_util/hook/ld_library_path_lib.sh'
[3.675s] Level 1:colcon.colcon_core.environment:checking '/home/agilex/agilex_ws/install/nav2_util/bin'
[3.675s] Level 1:colcon.colcon_core.environment:checking '/home/agilex/agilex_ws/install/nav2_util/lib/pkgconfig/nav2_util.pc'
[3.675s] Level 1:colcon.colcon_core.environment:checking '/home/agilex/agilex_ws/install/nav2_util/lib/python3.10/site-packages'
[3.675s] Level 1:colcon.colcon_core.environment:checking '/home/agilex/agilex_ws/install/nav2_util/bin'
[3.678s] INFO:colcon.colcon_core.shell:Creating package script '/home/agilex/agilex_ws/install/nav2_util/share/nav2_util/package.ps1'
[3.678s] INFO:colcon.colcon_core.shell:Creating package descriptor '/home/agilex/agilex_ws/install/nav2_util/share/nav2_util/package.dsv'
[3.678s] INFO:colcon.colcon_core.shell:Creating package script '/home/agilex/agilex_ws/install/nav2_util/share/nav2_util/package.sh'
[3.679s] INFO:colcon.colcon_core.shell:Creating package script '/home/agilex/agilex_ws/install/nav2_util/share/nav2_util/package.bash'
[3.679s] INFO:colcon.colcon_core.shell:Creating package script '/home/agilex/agilex_ws/install/nav2_util/share/nav2_util/package.zsh'
[3.679s] Level 1:colcon.colcon_core.environment:create_file_with_runtime_dependencies(/home/agilex/agilex_ws/install/nav2_util/share/colcon-core/packages/nav2_util)
[3.679s] INFO:colcon.colcon_ros.task.ament_cmake.build:Building ROS package in '/home/agilex/agilex_ws/src/navigation2/nav2_dwb_controller/nav_2d_utils' with build type 'ament_cmake'
[3.679s] INFO:colcon.colcon_cmake.task.cmake.build:Building CMake package in '/home/agilex/agilex_ws/src/navigation2/nav2_dwb_controller/nav_2d_utils'
[3.683s] INFO:colcon.colcon_core.shell:Skip shell extension 'powershell' for command environment: Not usable outside of PowerShell
[3.683s] DEBUG:colcon.colcon_core.shell:Skip shell extension 'dsv' for command environment
[3.687s] INFO:colcon.colcon_ros.task.ament_cmake.build:Building ROS package in '/home/agilex/agilex_ws/src/navigation2/nav2_behavior_tree' with build type 'ament_cmake'
[3.688s] INFO:colcon.colcon_cmake.task.cmake.build:Building CMake package in '/home/agilex/agilex_ws/src/navigation2/nav2_behavior_tree'
[3.691s] INFO:colcon.colcon_core.shell:Skip shell extension 'powershell' for command environment: Not usable outside of PowerShell
[3.691s] DEBUG:colcon.colcon_core.shell:Skip shell extension 'dsv' for command environment
[3.695s] INFO:colcon.colcon_ros.task.ament_cmake.build:Building ROS package in '/home/agilex/agilex_ws/src/navigation2/nav2_lifecycle_manager' with build type 'ament_cmake'
[3.695s] INFO:colcon.colcon_cmake.task.cmake.build:Building CMake package in '/home/agilex/agilex_ws/src/navigation2/nav2_lifecycle_manager'
[3.698s] INFO:colcon.colcon_core.shell:Skip shell extension 'powershell' for command environment: Not usable outside of PowerShell
[3.698s] DEBUG:colcon.colcon_core.shell:Skip shell extension 'dsv' for command environment
[3.703s] INFO:colcon.colcon_ros.task.ament_cmake.build:Building ROS package in '/home/agilex/agilex_ws/src/navigation2/nav2_map_server' with build type 'ament_cmake'
[3.703s] INFO:colcon.colcon_cmake.task.cmake.build:Building CMake package in '/home/agilex/agilex_ws/src/navigation2/nav2_map_server'
[3.706s] INFO:colcon.colcon_core.shell:Skip shell extension 'powershell' for command environment: Not usable outside of PowerShell
[3.706s] DEBUG:colcon.colcon_core.shell:Skip shell extension 'dsv' for command environment
[3.711s] INFO:colcon.colcon_ros.task.ament_cmake.build:Building ROS package in '/home/agilex/agilex_ws/src/navigation2/nav2_amcl' with build type 'ament_cmake'
[3.711s] INFO:colcon.colcon_cmake.task.cmake.build:Building CMake package in '/home/agilex/agilex_ws/src/navigation2/nav2_amcl'
[3.715s] INFO:colcon.colcon_core.shell:Skip shell extension 'powershell' for command environment: Not usable outside of PowerShell
[3.715s] DEBUG:colcon.colcon_core.shell:Skip shell extension 'dsv' for command environment
[3.722s] DEBUG:colcon.colcon_core.event_handler.log_command:Invoking command in '/home/agilex/agilex_ws/build/nav_2d_utils': AMENT_PREFIX_PATH=/home/agilex/agilex_ws/install/nav2_util:/home/agilex/agilex_ws/install/nav2_msgs:/home/agilex/agilex_ws/install/nav_2d_msgs:/home/agilex/agilex_ws/install/nav2_common CMAKE_PREFIX_PATH=/home/agilex/agilex_ws/install/nav2_util:/home/agilex/agilex_ws/install/nav2_msgs:/home/agilex/agilex_ws/install/nav_2d_msgs:/home/agilex/agilex_ws/install/nav2_common LD_LIBRARY_PATH=/home/agilex/agilex_ws/install/nav2_util/lib:/home/agilex/agilex_ws/install/nav2_msgs/lib:/home/agilex/agilex_ws/install/nav_2d_msgs/lib PYTHONPATH=/home/agilex/agilex_ws/install/nav2_msgs/local/lib/python3.10/dist-packages:/home/agilex/agilex_ws/install/nav_2d_msgs/local/lib/python3.10/dist-packages:/home/agilex/agilex_ws/install/nav2_common/local/lib/python3.10/dist-packages /usr/bin/cmake --build /home/agilex/agilex_ws/build/nav_2d_utils -- -j16 -l16
[3.727s] DEBUG:colcon.colcon_core.event_handler.log_command:Invoking command in '/home/agilex/agilex_ws/build/nav2_behavior_tree': AMENT_PREFIX_PATH=/home/agilex/agilex_ws/install/nav2_util:/home/agilex/agilex_ws/install/nav2_msgs:/home/agilex/agilex_ws/install/nav2_common CMAKE_PREFIX_PATH=/home/agilex/agilex_ws/install/nav2_util:/home/agilex/agilex_ws/install/nav2_msgs:/home/agilex/agilex_ws/install/nav2_common LD_LIBRARY_PATH=/home/agilex/agilex_ws/install/nav2_util/lib:/home/agilex/agilex_ws/install/nav2_msgs/lib PYTHONPATH=/home/agilex/agilex_ws/install/nav2_msgs/local/lib/python3.10/dist-packages:/home/agilex/agilex_ws/install/nav2_common/local/lib/python3.10/dist-packages /usr/bin/cmake --build /home/agilex/agilex_ws/build/nav2_behavior_tree -- -j16 -l16
[3.729s] DEBUG:colcon.colcon_core.event_handler.log_command:Invoking command in '/home/agilex/agilex_ws/build/nav2_lifecycle_manager': AMENT_PREFIX_PATH=/home/agilex/agilex_ws/install/nav2_util:/home/agilex/agilex_ws/install/nav2_msgs:/home/agilex/agilex_ws/install/nav2_common CMAKE_PREFIX_PATH=/home/agilex/agilex_ws/install/nav2_util:/home/agilex/agilex_ws/install/nav2_msgs:/home/agilex/agilex_ws/install/nav2_common LD_LIBRARY_PATH=/home/agilex/agilex_ws/install/nav2_util/lib:/home/agilex/agilex_ws/install/nav2_msgs/lib PYTHONPATH=/home/agilex/agilex_ws/install/nav2_msgs/local/lib/python3.10/dist-packages:/home/agilex/agilex_ws/install/nav2_common/local/lib/python3.10/dist-packages /usr/bin/cmake --build /home/agilex/agilex_ws/build/nav2_lifecycle_manager -- -j16 -l16
[3.732s] DEBUG:colcon.colcon_core.event_handler.log_command:Invoking command in '/home/agilex/agilex_ws/build/nav2_map_server': AMENT_PREFIX_PATH=/home/agilex/agilex_ws/install/nav2_util:/home/agilex/agilex_ws/install/nav2_msgs:/home/agilex/agilex_ws/install/nav2_common CMAKE_PREFIX_PATH=/home/agilex/agilex_ws/install/nav2_util:/home/agilex/agilex_ws/install/nav2_msgs:/home/agilex/agilex_ws/install/nav2_common LD_LIBRARY_PATH=/home/agilex/agilex_ws/install/nav2_util/lib:/home/agilex/agilex_ws/install/nav2_msgs/lib PYTHONPATH=/home/agilex/agilex_ws/install/nav2_msgs/local/lib/python3.10/dist-packages:/home/agilex/agilex_ws/install/nav2_common/local/lib/python3.10/dist-packages /usr/bin/cmake --build /home/agilex/agilex_ws/build/nav2_map_server -- -j16 -l16
[3.735s] DEBUG:colcon.colcon_core.event_handler.log_command:Invoking command in '/home/agilex/agilex_ws/build/nav2_amcl': AMENT_PREFIX_PATH=/home/agilex/agilex_ws/install/nav2_util:/home/agilex/agilex_ws/install/nav2_msgs:/home/agilex/agilex_ws/install/nav2_common CMAKE_PREFIX_PATH=/home/agilex/agilex_ws/install/nav2_util:/home/agilex/agilex_ws/install/nav2_msgs:/home/agilex/agilex_ws/install/nav2_common LD_LIBRARY_PATH=/home/agilex/agilex_ws/install/nav2_util/lib:/home/agilex/agilex_ws/install/nav2_msgs/lib PYTHONPATH=/home/agilex/agilex_ws/install/nav2_msgs/local/lib/python3.10/dist-packages:/home/agilex/agilex_ws/install/nav2_common/local/lib/python3.10/dist-packages /usr/bin/cmake --build /home/agilex/agilex_ws/build/nav2_amcl -- -j16 -l16
[3.891s] DEBUG:colcon.colcon_core.event_handler.log_command:Invoked command in '/home/agilex/agilex_ws/build/nav2_amcl' returned '0': AMENT_PREFIX_PATH=/home/agilex/agilex_ws/install/nav2_util:/home/agilex/agilex_ws/install/nav2_msgs:/home/agilex/agilex_ws/install/nav2_common CMAKE_PREFIX_PATH=/home/agilex/agilex_ws/install/nav2_util:/home/agilex/agilex_ws/install/nav2_msgs:/home/agilex/agilex_ws/install/nav2_common LD_LIBRARY_PATH=/home/agilex/agilex_ws/install/nav2_util/lib:/home/agilex/agilex_ws/install/nav2_msgs/lib PYTHONPATH=/home/agilex/agilex_ws/install/nav2_msgs/local/lib/python3.10/dist-packages:/home/agilex/agilex_ws/install/nav2_common/local/lib/python3.10/dist-packages /usr/bin/cmake --build /home/agilex/agilex_ws/build/nav2_amcl -- -j16 -l16
[3.893s] DEBUG:colcon.colcon_core.event_handler.log_command:Invoked command in '/home/agilex/agilex_ws/build/nav2_lifecycle_manager' returned '0': AMENT_PREFIX_PATH=/home/agilex/agilex_ws/install/nav2_util:/home/agilex/agilex_ws/install/nav2_msgs:/home/agilex/agilex_ws/install/nav2_common CMAKE_PREFIX_PATH=/home/agilex/agilex_ws/install/nav2_util:/home/agilex/agilex_ws/install/nav2_msgs:/home/agilex/agilex_ws/install/nav2_common LD_LIBRARY_PATH=/home/agilex/agilex_ws/install/nav2_util/lib:/home/agilex/agilex_ws/install/nav2_msgs/lib PYTHONPATH=/home/agilex/agilex_ws/install/nav2_msgs/local/lib/python3.10/dist-packages:/home/agilex/agilex_ws/install/nav2_common/local/lib/python3.10/dist-packages /usr/bin/cmake --build /home/agilex/agilex_ws/build/nav2_lifecycle_manager -- -j16 -l16
[3.912s] DEBUG:colcon.colcon_core.event_handler.log_command:Invoking command in '/home/agilex/agilex_ws/build/nav2_amcl': AMENT_PREFIX_PATH=/home/agilex/agilex_ws/install/nav2_util:/home/agilex/agilex_ws/install/nav2_msgs:/home/agilex/agilex_ws/install/nav2_common CMAKE_PREFIX_PATH=/home/agilex/agilex_ws/install/nav2_util:/home/agilex/agilex_ws/install/nav2_msgs:/home/agilex/agilex_ws/install/nav2_common LD_LIBRARY_PATH=/home/agilex/agilex_ws/install/nav2_util/lib:/home/agilex/agilex_ws/install/nav2_msgs/lib PYTHONPATH=/home/agilex/agilex_ws/install/nav2_msgs/local/lib/python3.10/dist-packages:/home/agilex/agilex_ws/install/nav2_common/local/lib/python3.10/dist-packages /usr/bin/cmake --install /home/agilex/agilex_ws/build/nav2_amcl
[3.916s] DEBUG:colcon.colcon_core.event_handler.log_command:Invoking command in '/home/agilex/agilex_ws/build/nav2_lifecycle_manager': AMENT_PREFIX_PATH=/home/agilex/agilex_ws/install/nav2_util:/home/agilex/agilex_ws/install/nav2_msgs:/home/agilex/agilex_ws/install/nav2_common CMAKE_PREFIX_PATH=/home/agilex/agilex_ws/install/nav2_util:/home/agilex/agilex_ws/install/nav2_msgs:/home/agilex/agilex_ws/install/nav2_common LD_LIBRARY_PATH=/home/agilex/agilex_ws/install/nav2_util/lib:/home/agilex/agilex_ws/install/nav2_msgs/lib PYTHONPATH=/home/agilex/agilex_ws/install/nav2_msgs/local/lib/python3.10/dist-packages:/home/agilex/agilex_ws/install/nav2_common/local/lib/python3.10/dist-packages /usr/bin/cmake --install /home/agilex/agilex_ws/build/nav2_lifecycle_manager
[3.921s] DEBUG:colcon.colcon_core.event_handler.log_command:Invoked command in '/home/agilex/agilex_ws/build/nav_2d_utils' returned '0': AMENT_PREFIX_PATH=/home/agilex/agilex_ws/install/nav2_util:/home/agilex/agilex_ws/install/nav2_msgs:/home/agilex/agilex_ws/install/nav_2d_msgs:/home/agilex/agilex_ws/install/nav2_common CMAKE_PREFIX_PATH=/home/agilex/agilex_ws/install/nav2_util:/home/agilex/agilex_ws/install/nav2_msgs:/home/agilex/agilex_ws/install/nav_2d_msgs:/home/agilex/agilex_ws/install/nav2_common LD_LIBRARY_PATH=/home/agilex/agilex_ws/install/nav2_util/lib:/home/agilex/agilex_ws/install/nav2_msgs/lib:/home/agilex/agilex_ws/install/nav_2d_msgs/lib PYTHONPATH=/home/agilex/agilex_ws/install/nav2_msgs/local/lib/python3.10/dist-packages:/home/agilex/agilex_ws/install/nav_2d_msgs/local/lib/python3.10/dist-packages:/home/agilex/agilex_ws/install/nav2_common/local/lib/python3.10/dist-packages /usr/bin/cmake --build /home/agilex/agilex_ws/build/nav_2d_utils -- -j16 -l16
[3.926s] Level 1:colcon.colcon_core.environment:create_environment_scripts_only(nav2_amcl)
[3.926s] DEBUG:colcon.colcon_core.event_handler.log_command:Invoked command in '/home/agilex/agilex_ws/build/nav2_amcl' returned '0': AMENT_PREFIX_PATH=/home/agilex/agilex_ws/install/nav2_util:/home/agilex/agilex_ws/install/nav2_msgs:/home/agilex/agilex_ws/install/nav2_common CMAKE_PREFIX_PATH=/home/agilex/agilex_ws/install/nav2_util:/home/agilex/agilex_ws/install/nav2_msgs:/home/agilex/agilex_ws/install/nav2_common LD_LIBRARY_PATH=/home/agilex/agilex_ws/install/nav2_util/lib:/home/agilex/agilex_ws/install/nav2_msgs/lib PYTHONPATH=/home/agilex/agilex_ws/install/nav2_msgs/local/lib/python3.10/dist-packages:/home/agilex/agilex_ws/install/nav2_common/local/lib/python3.10/dist-packages /usr/bin/cmake --install /home/agilex/agilex_ws/build/nav2_amcl
[3.931s] Level 1:colcon.colcon_core.environment:checking '/home/agilex/agilex_ws/install/nav2_amcl' for CMake module files
[3.931s] Level 1:colcon.colcon_core.environment:checking '/home/agilex/agilex_ws/install/nav2_amcl' for CMake config files
[3.931s] Level 1:colcon.colcon_core.shell:create_environment_hook('nav2_amcl', 'cmake_prefix_path')
[3.935s] INFO:colcon.colcon_core.shell:Creating environment hook '/home/agilex/agilex_ws/install/nav2_amcl/share/nav2_amcl/hook/cmake_prefix_path.ps1'
[3.936s] INFO:colcon.colcon_core.shell:Creating environment descriptor '/home/agilex/agilex_ws/install/nav2_amcl/share/nav2_amcl/hook/cmake_prefix_path.dsv'
[3.936s] INFO:colcon.colcon_core.shell:Creating environment hook '/home/agilex/agilex_ws/install/nav2_amcl/share/nav2_amcl/hook/cmake_prefix_path.sh'
[3.937s] Level 1:colcon.colcon_core.environment:checking '/home/agilex/agilex_ws/install/nav2_amcl/lib'
[3.937s] Level 1:colcon.colcon_core.shell:create_environment_hook('nav2_amcl', 'ld_library_path_lib')
[3.940s] INFO:colcon.colcon_core.shell:Creating environment hook '/home/agilex/agilex_ws/install/nav2_amcl/share/nav2_amcl/hook/ld_library_path_lib.ps1'
[3.940s] INFO:colcon.colcon_core.shell:Creating environment descriptor '/home/agilex/agilex_ws/install/nav2_amcl/share/nav2_amcl/hook/ld_library_path_lib.dsv'
[3.940s] INFO:colcon.colcon_core.shell:Creating environment hook '/home/agilex/agilex_ws/install/nav2_amcl/share/nav2_amcl/hook/ld_library_path_lib.sh'
[3.941s] Level 1:colcon.colcon_core.environment:checking '/home/agilex/agilex_ws/install/nav2_amcl/bin'
[3.941s] Level 1:colcon.colcon_core.environment:checking '/home/agilex/agilex_ws/install/nav2_amcl/lib/pkgconfig/nav2_amcl.pc'
[3.941s] Level 1:colcon.colcon_core.environment:checking '/home/agilex/agilex_ws/install/nav2_amcl/lib/python3.10/site-packages'
[3.941s] Level 1:colcon.colcon_core.environment:checking '/home/agilex/agilex_ws/install/nav2_amcl/bin'
[3.945s] INFO:colcon.colcon_core.shell:Creating package script '/home/agilex/agilex_ws/install/nav2_amcl/share/nav2_amcl/package.ps1'
[3.945s] INFO:colcon.colcon_core.shell:Creating package descriptor '/home/agilex/agilex_ws/install/nav2_amcl/share/nav2_amcl/package.dsv'
[3.946s] INFO:colcon.colcon_core.shell:Creating package script '/home/agilex/agilex_ws/install/nav2_amcl/share/nav2_amcl/package.sh'
[3.946s] INFO:colcon.colcon_core.shell:Creating package script '/home/agilex/agilex_ws/install/nav2_amcl/share/nav2_amcl/package.bash'
[3.946s] INFO:colcon.colcon_core.shell:Creating package script '/home/agilex/agilex_ws/install/nav2_amcl/share/nav2_amcl/package.zsh'
[3.946s] Level 1:colcon.colcon_core.environment:create_file_with_runtime_dependencies(/home/agilex/agilex_ws/install/nav2_amcl/share/colcon-core/packages/nav2_amcl)
[3.947s] Level 1:colcon.colcon_core.environment:create_environment_scripts_only(nav2_lifecycle_manager)
[3.948s] DEBUG:colcon.colcon_core.event_handler.log_command:Invoked command in '/home/agilex/agilex_ws/build/nav2_lifecycle_manager' returned '0': AMENT_PREFIX_PATH=/home/agilex/agilex_ws/install/nav2_util:/home/agilex/agilex_ws/install/nav2_msgs:/home/agilex/agilex_ws/install/nav2_common CMAKE_PREFIX_PATH=/home/agilex/agilex_ws/install/nav2_util:/home/agilex/agilex_ws/install/nav2_msgs:/home/agilex/agilex_ws/install/nav2_common LD_LIBRARY_PATH=/home/agilex/agilex_ws/install/nav2_util/lib:/home/agilex/agilex_ws/install/nav2_msgs/lib PYTHONPATH=/home/agilex/agilex_ws/install/nav2_msgs/local/lib/python3.10/dist-packages:/home/agilex/agilex_ws/install/nav2_common/local/lib/python3.10/dist-packages /usr/bin/cmake --install /home/agilex/agilex_ws/build/nav2_lifecycle_manager
[3.952s] Level 1:colcon.colcon_core.environment:checking '/home/agilex/agilex_ws/install/nav2_lifecycle_manager' for CMake module files
[3.953s] Level 1:colcon.colcon_core.environment:checking '/home/agilex/agilex_ws/install/nav2_lifecycle_manager' for CMake config files
[3.953s] Level 1:colcon.colcon_core.shell:create_environment_hook('nav2_lifecycle_manager', 'cmake_prefix_path')
[3.956s] INFO:colcon.colcon_core.shell:Creating environment hook '/home/agilex/agilex_ws/install/nav2_lifecycle_manager/share/nav2_lifecycle_manager/hook/cmake_prefix_path.ps1'
[3.956s] INFO:colcon.colcon_core.shell:Creating environment descriptor '/home/agilex/agilex_ws/install/nav2_lifecycle_manager/share/nav2_lifecycle_manager/hook/cmake_prefix_path.dsv'
[3.956s] INFO:colcon.colcon_core.shell:Creating environment hook '/home/agilex/agilex_ws/install/nav2_lifecycle_manager/share/nav2_lifecycle_manager/hook/cmake_prefix_path.sh'
[3.957s] Level 1:colcon.colcon_core.environment:checking '/home/agilex/agilex_ws/install/nav2_lifecycle_manager/lib'
[3.957s] Level 1:colcon.colcon_core.shell:create_environment_hook('nav2_lifecycle_manager', 'ld_library_path_lib')
[3.960s] INFO:colcon.colcon_core.shell:Creating environment hook '/home/agilex/agilex_ws/install/nav2_lifecycle_manager/share/nav2_lifecycle_manager/hook/ld_library_path_lib.ps1'
[3.960s] INFO:colcon.colcon_core.shell:Creating environment descriptor '/home/agilex/agilex_ws/install/nav2_lifecycle_manager/share/nav2_lifecycle_manager/hook/ld_library_path_lib.dsv'
[3.960s] INFO:colcon.colcon_core.shell:Creating environment hook '/home/agilex/agilex_ws/install/nav2_lifecycle_manager/share/nav2_lifecycle_manager/hook/ld_library_path_lib.sh'
[3.961s] Level 1:colcon.colcon_core.environment:checking '/home/agilex/agilex_ws/install/nav2_lifecycle_manager/bin'
[3.961s] Level 1:colcon.colcon_core.environment:checking '/home/agilex/agilex_ws/install/nav2_lifecycle_manager/lib/pkgconfig/nav2_lifecycle_manager.pc'
[3.961s] Level 1:colcon.colcon_core.environment:checking '/home/agilex/agilex_ws/install/nav2_lifecycle_manager/lib/python3.10/site-packages'
[3.961s] Level 1:colcon.colcon_core.environment:checking '/home/agilex/agilex_ws/install/nav2_lifecycle_manager/bin'
[3.964s] INFO:colcon.colcon_core.shell:Creating package script '/home/agilex/agilex_ws/install/nav2_lifecycle_manager/share/nav2_lifecycle_manager/package.ps1'
[3.965s] INFO:colcon.colcon_core.shell:Creating package descriptor '/home/agilex/agilex_ws/install/nav2_lifecycle_manager/share/nav2_lifecycle_manager/package.dsv'
[3.965s] INFO:colcon.colcon_core.shell:Creating package script '/home/agilex/agilex_ws/install/nav2_lifecycle_manager/share/nav2_lifecycle_manager/package.sh'
[3.965s] INFO:colcon.colcon_core.shell:Creating package script '/home/agilex/agilex_ws/install/nav2_lifecycle_manager/share/nav2_lifecycle_manager/package.bash'
[3.966s] INFO:colcon.colcon_core.shell:Creating package script '/home/agilex/agilex_ws/install/nav2_lifecycle_manager/share/nav2_lifecycle_manager/package.zsh'
[3.966s] Level 1:colcon.colcon_core.environment:create_file_with_runtime_dependencies(/home/agilex/agilex_ws/install/nav2_lifecycle_manager/share/colcon-core/packages/nav2_lifecycle_manager)
[3.967s] DEBUG:colcon.colcon_core.event_handler.log_command:Invoking command in '/home/agilex/agilex_ws/build/nav_2d_utils': AMENT_PREFIX_PATH=/home/agilex/agilex_ws/install/nav2_util:/home/agilex/agilex_ws/install/nav2_msgs:/home/agilex/agilex_ws/install/nav_2d_msgs:/home/agilex/agilex_ws/install/nav2_common CMAKE_PREFIX_PATH=/home/agilex/agilex_ws/install/nav2_util:/home/agilex/agilex_ws/install/nav2_msgs:/home/agilex/agilex_ws/install/nav_2d_msgs:/home/agilex/agilex_ws/install/nav2_common LD_LIBRARY_PATH=/home/agilex/agilex_ws/install/nav2_util/lib:/home/agilex/agilex_ws/install/nav2_msgs/lib:/home/agilex/agilex_ws/install/nav_2d_msgs/lib PYTHONPATH=/home/agilex/agilex_ws/install/nav2_msgs/local/lib/python3.10/dist-packages:/home/agilex/agilex_ws/install/nav_2d_msgs/local/lib/python3.10/dist-packages:/home/agilex/agilex_ws/install/nav2_common/local/lib/python3.10/dist-packages /usr/bin/cmake --install /home/agilex/agilex_ws/build/nav_2d_utils
[3.972s] Level 1:colcon.colcon_core.environment:create_environment_scripts_only(nav2_amcl)
[3.977s] Level 1:colcon.colcon_core.environment:checking '/home/agilex/agilex_ws/install/nav2_amcl' for CMake module files
[3.978s] Level 1:colcon.colcon_core.environment:checking '/home/agilex/agilex_ws/install/nav2_amcl' for CMake config files
[3.978s] Level 1:colcon.colcon_core.shell:create_environment_hook('nav2_amcl', 'cmake_prefix_path')
[3.982s] INFO:colcon.colcon_core.shell:Creating environment hook '/home/agilex/agilex_ws/install/nav2_amcl/share/nav2_amcl/hook/cmake_prefix_path.ps1'
[3.983s] INFO:colcon.colcon_core.shell:Creating environment descriptor '/home/agilex/agilex_ws/install/nav2_amcl/share/nav2_amcl/hook/cmake_prefix_path.dsv'
[3.983s] INFO:colcon.colcon_core.shell:Creating environment hook '/home/agilex/agilex_ws/install/nav2_amcl/share/nav2_amcl/hook/cmake_prefix_path.sh'
[3.983s] Level 1:colcon.colcon_core.environment:checking '/home/agilex/agilex_ws/install/nav2_amcl/lib'
[3.983s] Level 1:colcon.colcon_core.shell:create_environment_hook('nav2_amcl', 'ld_library_path_lib')
[3.988s] INFO:colcon.colcon_core.shell:Creating environment hook '/home/agilex/agilex_ws/install/nav2_amcl/share/nav2_amcl/hook/ld_library_path_lib.ps1'
[3.988s] INFO:colcon.colcon_core.shell:Creating environment descriptor '/home/agilex/agilex_ws/install/nav2_amcl/share/nav2_amcl/hook/ld_library_path_lib.dsv'
[3.988s] INFO:colcon.colcon_core.shell:Creating environment hook '/home/agilex/agilex_ws/install/nav2_amcl/share/nav2_amcl/hook/ld_library_path_lib.sh'
[3.988s] Level 1:colcon.colcon_core.environment:checking '/home/agilex/agilex_ws/install/nav2_amcl/bin'
[3.988s] Level 1:colcon.colcon_core.environment:checking '/home/agilex/agilex_ws/install/nav2_amcl/lib/pkgconfig/nav2_amcl.pc'
[3.988s] Level 1:colcon.colcon_core.environment:checking '/home/agilex/agilex_ws/install/nav2_amcl/lib/python3.10/site-packages'
[3.988s] Level 1:colcon.colcon_core.environment:checking '/home/agilex/agilex_ws/install/nav2_amcl/bin'
[3.992s] INFO:colcon.colcon_core.shell:Creating package script '/home/agilex/agilex_ws/install/nav2_amcl/share/nav2_amcl/package.ps1'
[3.993s] INFO:colcon.colcon_core.shell:Creating package descriptor '/home/agilex/agilex_ws/install/nav2_amcl/share/nav2_amcl/package.dsv'
[3.993s] INFO:colcon.colcon_core.shell:Creating package script '/home/agilex/agilex_ws/install/nav2_amcl/share/nav2_amcl/package.sh'
[3.993s] INFO:colcon.colcon_core.shell:Creating package script '/home/agilex/agilex_ws/install/nav2_amcl/share/nav2_amcl/package.bash'
[3.993s] INFO:colcon.colcon_core.shell:Creating package script '/home/agilex/agilex_ws/install/nav2_amcl/share/nav2_amcl/package.zsh'
[3.994s] Level 1:colcon.colcon_core.environment:create_file_with_runtime_dependencies(/home/agilex/agilex_ws/install/nav2_amcl/share/colcon-core/packages/nav2_amcl)
[4.002s] Level 1:colcon.colcon_core.environment:create_environment_scripts_only(nav2_lifecycle_manager)
[4.009s] Level 1:colcon.colcon_core.environment:checking '/home/agilex/agilex_ws/install/nav2_lifecycle_manager' for CMake module files
[4.010s] Level 1:colcon.colcon_core.environment:checking '/home/agilex/agilex_ws/install/nav2_lifecycle_manager' for CMake config files
[4.010s] Level 1:colcon.colcon_core.shell:create_environment_hook('nav2_lifecycle_manager', 'cmake_prefix_path')
[4.017s] INFO:colcon.colcon_core.shell:Creating environment hook '/home/agilex/agilex_ws/install/nav2_lifecycle_manager/share/nav2_lifecycle_manager/hook/cmake_prefix_path.ps1'
[4.018s] INFO:colcon.colcon_core.shell:Creating environment descriptor '/home/agilex/agilex_ws/install/nav2_lifecycle_manager/share/nav2_lifecycle_manager/hook/cmake_prefix_path.dsv'
[4.018s] INFO:colcon.colcon_core.shell:Creating environment hook '/home/agilex/agilex_ws/install/nav2_lifecycle_manager/share/nav2_lifecycle_manager/hook/cmake_prefix_path.sh'
[4.018s] Level 1:colcon.colcon_core.environment:checking '/home/agilex/agilex_ws/install/nav2_lifecycle_manager/lib'
[4.018s] Level 1:colcon.colcon_core.shell:create_environment_hook('nav2_lifecycle_manager', 'ld_library_path_lib')
[4.021s] INFO:colcon.colcon_core.shell:Creating environment hook '/home/agilex/agilex_ws/install/nav2_lifecycle_manager/share/nav2_lifecycle_manager/hook/ld_library_path_lib.ps1'
[4.022s] INFO:colcon.colcon_core.shell:Creating environment descriptor '/home/agilex/agilex_ws/install/nav2_lifecycle_manager/share/nav2_lifecycle_manager/hook/ld_library_path_lib.dsv'
[4.022s] INFO:colcon.colcon_core.shell:Creating environment hook '/home/agilex/agilex_ws/install/nav2_lifecycle_manager/share/nav2_lifecycle_manager/hook/ld_library_path_lib.sh'
[4.022s] Level 1:colcon.colcon_core.environment:checking '/home/agilex/agilex_ws/install/nav2_lifecycle_manager/bin'
[4.022s] Level 1:colcon.colcon_core.environment:checking '/home/agilex/agilex_ws/install/nav2_lifecycle_manager/lib/pkgconfig/nav2_lifecycle_manager.pc'
[4.022s] Level 1:colcon.colcon_core.environment:checking '/home/agilex/agilex_ws/install/nav2_lifecycle_manager/lib/python3.10/site-packages'
[4.022s] Level 1:colcon.colcon_core.environment:checking '/home/agilex/agilex_ws/install/nav2_lifecycle_manager/bin'
[4.026s] INFO:colcon.colcon_core.shell:Creating package script '/home/agilex/agilex_ws/install/nav2_lifecycle_manager/share/nav2_lifecycle_manager/package.ps1'
[4.026s] INFO:colcon.colcon_core.shell:Creating package descriptor '/home/agilex/agilex_ws/install/nav2_lifecycle_manager/share/nav2_lifecycle_manager/package.dsv'
[4.026s] INFO:colcon.colcon_core.shell:Creating package script '/home/agilex/agilex_ws/install/nav2_lifecycle_manager/share/nav2_lifecycle_manager/package.sh'
[4.027s] INFO:colcon.colcon_core.shell:Creating package script '/home/agilex/agilex_ws/install/nav2_lifecycle_manager/share/nav2_lifecycle_manager/package.bash'
[4.027s] INFO:colcon.colcon_core.shell:Creating package script '/home/agilex/agilex_ws/install/nav2_lifecycle_manager/share/nav2_lifecycle_manager/package.zsh'
[4.027s] Level 1:colcon.colcon_core.environment:create_file_with_runtime_dependencies(/home/agilex/agilex_ws/install/nav2_lifecycle_manager/share/colcon-core/packages/nav2_lifecycle_manager)
[4.027s] INFO:colcon.colcon_ros.task.ament_cmake.build:Building ROS package in '/home/agilex/agilex_ws/src/navigation2/nav2_rviz_plugins' with build type 'ament_cmake'
[4.028s] INFO:colcon.colcon_cmake.task.cmake.build:Building CMake package in '/home/agilex/agilex_ws/src/navigation2/nav2_rviz_plugins'
[4.032s] INFO:colcon.colcon_core.shell:Skip shell extension 'powershell' for command environment: Not usable outside of PowerShell
[4.032s] DEBUG:colcon.colcon_core.shell:Skip shell extension 'dsv' for command environment
[4.037s] Level 1:colcon.colcon_core.environment:create_environment_scripts_only(nav_2d_utils)
[4.037s] DEBUG:colcon.colcon_core.event_handler.log_command:Invoked command in '/home/agilex/agilex_ws/build/nav_2d_utils' returned '0': AMENT_PREFIX_PATH=/home/agilex/agilex_ws/install/nav2_util:/home/agilex/agilex_ws/install/nav2_msgs:/home/agilex/agilex_ws/install/nav_2d_msgs:/home/agilex/agilex_ws/install/nav2_common CMAKE_PREFIX_PATH=/home/agilex/agilex_ws/install/nav2_util:/home/agilex/agilex_ws/install/nav2_msgs:/home/agilex/agilex_ws/install/nav_2d_msgs:/home/agilex/agilex_ws/install/nav2_common LD_LIBRARY_PATH=/home/agilex/agilex_ws/install/nav2_util/lib:/home/agilex/agilex_ws/install/nav2_msgs/lib:/home/agilex/agilex_ws/install/nav_2d_msgs/lib PYTHONPATH=/home/agilex/agilex_ws/install/nav2_msgs/local/lib/python3.10/dist-packages:/home/agilex/agilex_ws/install/nav_2d_msgs/local/lib/python3.10/dist-packages:/home/agilex/agilex_ws/install/nav2_common/local/lib/python3.10/dist-packages /usr/bin/cmake --install /home/agilex/agilex_ws/build/nav_2d_utils
[4.041s] Level 1:colcon.colcon_core.environment:checking '/home/agilex/agilex_ws/install/nav_2d_utils' for CMake module files
[4.041s] Level 1:colcon.colcon_core.environment:checking '/home/agilex/agilex_ws/install/nav_2d_utils' for CMake config files
[4.041s] Level 1:colcon.colcon_core.shell:create_environment_hook('nav_2d_utils', 'cmake_prefix_path')
[4.045s] INFO:colcon.colcon_core.shell:Creating environment hook '/home/agilex/agilex_ws/install/nav_2d_utils/share/nav_2d_utils/hook/cmake_prefix_path.ps1'
[4.045s] INFO:colcon.colcon_core.shell:Creating environment descriptor '/home/agilex/agilex_ws/install/nav_2d_utils/share/nav_2d_utils/hook/cmake_prefix_path.dsv'
[4.045s] INFO:colcon.colcon_core.shell:Creating environment hook '/home/agilex/agilex_ws/install/nav_2d_utils/share/nav_2d_utils/hook/cmake_prefix_path.sh'
[4.045s] Level 1:colcon.colcon_core.environment:checking '/home/agilex/agilex_ws/install/nav_2d_utils/lib'
[4.045s] Level 1:colcon.colcon_core.shell:create_environment_hook('nav_2d_utils', 'ld_library_path_lib')
[4.049s] INFO:colcon.colcon_core.shell:Creating environment hook '/home/agilex/agilex_ws/install/nav_2d_utils/share/nav_2d_utils/hook/ld_library_path_lib.ps1'
[4.050s] INFO:colcon.colcon_core.shell:Creating environment descriptor '/home/agilex/agilex_ws/install/nav_2d_utils/share/nav_2d_utils/hook/ld_library_path_lib.dsv'
[4.050s] INFO:colcon.colcon_core.shell:Creating environment hook '/home/agilex/agilex_ws/install/nav_2d_utils/share/nav_2d_utils/hook/ld_library_path_lib.sh'
[4.050s] Level 1:colcon.colcon_core.environment:checking '/home/agilex/agilex_ws/install/nav_2d_utils/bin'
[4.050s] Level 1:colcon.colcon_core.environment:checking '/home/agilex/agilex_ws/install/nav_2d_utils/lib/pkgconfig/nav_2d_utils.pc'
[4.050s] Level 1:colcon.colcon_core.environment:checking '/home/agilex/agilex_ws/install/nav_2d_utils/lib/python3.10/site-packages'
[4.050s] Level 1:colcon.colcon_core.environment:checking '/home/agilex/agilex_ws/install/nav_2d_utils/bin'
[4.054s] INFO:colcon.colcon_core.shell:Creating package script '/home/agilex/agilex_ws/install/nav_2d_utils/share/nav_2d_utils/package.ps1'
[4.054s] INFO:colcon.colcon_core.shell:Creating package descriptor '/home/agilex/agilex_ws/install/nav_2d_utils/share/nav_2d_utils/package.dsv'
[4.054s] INFO:colcon.colcon_core.shell:Creating package script '/home/agilex/agilex_ws/install/nav_2d_utils/share/nav_2d_utils/package.sh'
[4.054s] INFO:colcon.colcon_core.shell:Creating package script '/home/agilex/agilex_ws/install/nav_2d_utils/share/nav_2d_utils/package.bash'
[4.055s] INFO:colcon.colcon_core.shell:Creating package script '/home/agilex/agilex_ws/install/nav_2d_utils/share/nav_2d_utils/package.zsh'
[4.055s] Level 1:colcon.colcon_core.environment:create_file_with_runtime_dependencies(/home/agilex/agilex_ws/install/nav_2d_utils/share/colcon-core/packages/nav_2d_utils)
[4.058s] DEBUG:colcon.colcon_core.event_handler.log_command:Invoking command in '/home/agilex/agilex_ws/build/nav2_rviz_plugins': AMENT_PREFIX_PATH=/home/agilex/agilex_ws/install/nav2_lifecycle_manager:/home/agilex/agilex_ws/install/nav2_util:/home/agilex/agilex_ws/install/nav2_msgs:/home/agilex/agilex_ws/install/nav2_common CMAKE_PREFIX_PATH=/home/agilex/agilex_ws/install/nav2_lifecycle_manager:/home/agilex/agilex_ws/install/nav2_util:/home/agilex/agilex_ws/install/nav2_msgs:/home/agilex/agilex_ws/install/nav2_common LD_LIBRARY_PATH=/home/agilex/agilex_ws/install/nav2_lifecycle_manager/lib:/home/agilex/agilex_ws/install/nav2_util/lib:/home/agilex/agilex_ws/install/nav2_msgs/lib PYTHONPATH=/home/agilex/agilex_ws/install/nav2_msgs/local/lib/python3.10/dist-packages:/home/agilex/agilex_ws/install/nav2_common/local/lib/python3.10/dist-packages /usr/bin/cmake --build /home/agilex/agilex_ws/build/nav2_rviz_plugins -- -j16 -l16
[4.085s] Level 1:colcon.colcon_core.environment:create_environment_scripts_only(nav_2d_utils)
[4.091s] Level 1:colcon.colcon_core.environment:checking '/home/agilex/agilex_ws/install/nav_2d_utils' for CMake module files
[4.092s] Level 1:colcon.colcon_core.environment:checking '/home/agilex/agilex_ws/install/nav_2d_utils' for CMake config files
[4.092s] Level 1:colcon.colcon_core.shell:create_environment_hook('nav_2d_utils', 'cmake_prefix_path')
[4.099s] INFO:colcon.colcon_core.shell:Creating environment hook '/home/agilex/agilex_ws/install/nav_2d_utils/share/nav_2d_utils/hook/cmake_prefix_path.ps1'
[4.100s] INFO:colcon.colcon_core.shell:Creating environment descriptor '/home/agilex/agilex_ws/install/nav_2d_utils/share/nav_2d_utils/hook/cmake_prefix_path.dsv'
[4.100s] INFO:colcon.colcon_core.shell:Creating environment hook '/home/agilex/agilex_ws/install/nav_2d_utils/share/nav_2d_utils/hook/cmake_prefix_path.sh'
[4.101s] Level 1:colcon.colcon_core.environment:checking '/home/agilex/agilex_ws/install/nav_2d_utils/lib'
[4.101s] Level 1:colcon.colcon_core.shell:create_environment_hook('nav_2d_utils', 'ld_library_path_lib')
[4.108s] INFO:colcon.colcon_core.shell:Creating environment hook '/home/agilex/agilex_ws/install/nav_2d_utils/share/nav_2d_utils/hook/ld_library_path_lib.ps1'
[4.108s] INFO:colcon.colcon_core.shell:Creating environment descriptor '/home/agilex/agilex_ws/install/nav_2d_utils/share/nav_2d_utils/hook/ld_library_path_lib.dsv'
[4.108s] INFO:colcon.colcon_core.shell:Creating environment hook '/home/agilex/agilex_ws/install/nav_2d_utils/share/nav_2d_utils/hook/ld_library_path_lib.sh'
[4.109s] Level 1:colcon.colcon_core.environment:checking '/home/agilex/agilex_ws/install/nav_2d_utils/bin'
[4.109s] Level 1:colcon.colcon_core.environment:checking '/home/agilex/agilex_ws/install/nav_2d_utils/lib/pkgconfig/nav_2d_utils.pc'
[4.109s] Level 1:colcon.colcon_core.environment:checking '/home/agilex/agilex_ws/install/nav_2d_utils/lib/python3.10/site-packages'
[4.109s] Level 1:colcon.colcon_core.environment:checking '/home/agilex/agilex_ws/install/nav_2d_utils/bin'
[4.113s] INFO:colcon.colcon_core.shell:Creating package script '/home/agilex/agilex_ws/install/nav_2d_utils/share/nav_2d_utils/package.ps1'
[4.113s] INFO:colcon.colcon_core.shell:Creating package descriptor '/home/agilex/agilex_ws/install/nav_2d_utils/share/nav_2d_utils/package.dsv'
[4.114s] INFO:colcon.colcon_core.shell:Creating package script '/home/agilex/agilex_ws/install/nav_2d_utils/share/nav_2d_utils/package.sh'
[4.114s] INFO:colcon.colcon_core.shell:Creating package script '/home/agilex/agilex_ws/install/nav_2d_utils/share/nav_2d_utils/package.bash'
[4.114s] INFO:colcon.colcon_core.shell:Creating package script '/home/agilex/agilex_ws/install/nav_2d_utils/share/nav_2d_utils/package.zsh'
[4.114s] Level 1:colcon.colcon_core.environment:create_file_with_runtime_dependencies(/home/agilex/agilex_ws/install/nav_2d_utils/share/colcon-core/packages/nav_2d_utils)
[4.116s] DEBUG:colcon.colcon_core.event_handler.log_command:Invoked command in '/home/agilex/agilex_ws/build/nav2_map_server' returned '0': AMENT_PREFIX_PATH=/home/agilex/agilex_ws/install/nav2_util:/home/agilex/agilex_ws/install/nav2_msgs:/home/agilex/agilex_ws/install/nav2_common CMAKE_PREFIX_PATH=/home/agilex/agilex_ws/install/nav2_util:/home/agilex/agilex_ws/install/nav2_msgs:/home/agilex/agilex_ws/install/nav2_common LD_LIBRARY_PATH=/home/agilex/agilex_ws/install/nav2_util/lib:/home/agilex/agilex_ws/install/nav2_msgs/lib PYTHONPATH=/home/agilex/agilex_ws/install/nav2_msgs/local/lib/python3.10/dist-packages:/home/agilex/agilex_ws/install/nav2_common/local/lib/python3.10/dist-packages /usr/bin/cmake --build /home/agilex/agilex_ws/build/nav2_map_server -- -j16 -l16
[4.149s] DEBUG:colcon.colcon_core.event_handler.log_command:Invoking command in '/home/agilex/agilex_ws/build/nav2_map_server': AMENT_PREFIX_PATH=/home/agilex/agilex_ws/install/nav2_util:/home/agilex/agilex_ws/install/nav2_msgs:/home/agilex/agilex_ws/install/nav2_common CMAKE_PREFIX_PATH=/home/agilex/agilex_ws/install/nav2_util:/home/agilex/agilex_ws/install/nav2_msgs:/home/agilex/agilex_ws/install/nav2_common LD_LIBRARY_PATH=/home/agilex/agilex_ws/install/nav2_util/lib:/home/agilex/agilex_ws/install/nav2_msgs/lib PYTHONPATH=/home/agilex/agilex_ws/install/nav2_msgs/local/lib/python3.10/dist-packages:/home/agilex/agilex_ws/install/nav2_common/local/lib/python3.10/dist-packages /usr/bin/cmake --install /home/agilex/agilex_ws/build/nav2_map_server
[4.161s] Level 1:colcon.colcon_core.environment:create_environment_scripts_only(nav2_map_server)
[4.161s] DEBUG:colcon.colcon_core.event_handler.log_command:Invoked command in '/home/agilex/agilex_ws/build/nav2_map_server' returned '0': AMENT_PREFIX_PATH=/home/agilex/agilex_ws/install/nav2_util:/home/agilex/agilex_ws/install/nav2_msgs:/home/agilex/agilex_ws/install/nav2_common CMAKE_PREFIX_PATH=/home/agilex/agilex_ws/install/nav2_util:/home/agilex/agilex_ws/install/nav2_msgs:/home/agilex/agilex_ws/install/nav2_common LD_LIBRARY_PATH=/home/agilex/agilex_ws/install/nav2_util/lib:/home/agilex/agilex_ws/install/nav2_msgs/lib PYTHONPATH=/home/agilex/agilex_ws/install/nav2_msgs/local/lib/python3.10/dist-packages:/home/agilex/agilex_ws/install/nav2_common/local/lib/python3.10/dist-packages /usr/bin/cmake --install /home/agilex/agilex_ws/build/nav2_map_server
[4.165s] Level 1:colcon.colcon_core.environment:checking '/home/agilex/agilex_ws/install/nav2_map_server' for CMake module files
[4.166s] Level 1:colcon.colcon_core.environment:checking '/home/agilex/agilex_ws/install/nav2_map_server' for CMake config files
[4.166s] Level 1:colcon.colcon_core.shell:create_environment_hook('nav2_map_server', 'cmake_prefix_path')
[4.169s] INFO:colcon.colcon_core.shell:Creating environment hook '/home/agilex/agilex_ws/install/nav2_map_server/share/nav2_map_server/hook/cmake_prefix_path.ps1'
[4.170s] INFO:colcon.colcon_core.shell:Creating environment descriptor '/home/agilex/agilex_ws/install/nav2_map_server/share/nav2_map_server/hook/cmake_prefix_path.dsv'
[4.170s] INFO:colcon.colcon_core.shell:Creating environment hook '/home/agilex/agilex_ws/install/nav2_map_server/share/nav2_map_server/hook/cmake_prefix_path.sh'
[4.170s] Level 1:colcon.colcon_core.environment:checking '/home/agilex/agilex_ws/install/nav2_map_server/lib'
[4.170s] Level 1:colcon.colcon_core.shell:create_environment_hook('nav2_map_server', 'ld_library_path_lib')
[4.174s] INFO:colcon.colcon_core.shell:Creating environment hook '/home/agilex/agilex_ws/install/nav2_map_server/share/nav2_map_server/hook/ld_library_path_lib.ps1'
[4.174s] INFO:colcon.colcon_core.shell:Creating environment descriptor '/home/agilex/agilex_ws/install/nav2_map_server/share/nav2_map_server/hook/ld_library_path_lib.dsv'
[4.174s] INFO:colcon.colcon_core.shell:Creating environment hook '/home/agilex/agilex_ws/install/nav2_map_server/share/nav2_map_server/hook/ld_library_path_lib.sh'
[4.174s] Level 1:colcon.colcon_core.environment:checking '/home/agilex/agilex_ws/install/nav2_map_server/bin'
[4.174s] Level 1:colcon.colcon_core.environment:checking '/home/agilex/agilex_ws/install/nav2_map_server/lib/pkgconfig/nav2_map_server.pc'
[4.175s] Level 1:colcon.colcon_core.environment:checking '/home/agilex/agilex_ws/install/nav2_map_server/lib/python3.10/site-packages'
[4.175s] Level 1:colcon.colcon_core.environment:checking '/home/agilex/agilex_ws/install/nav2_map_server/bin'
[4.178s] INFO:colcon.colcon_core.shell:Creating package script '/home/agilex/agilex_ws/install/nav2_map_server/share/nav2_map_server/package.ps1'
[4.178s] INFO:colcon.colcon_core.shell:Creating package descriptor '/home/agilex/agilex_ws/install/nav2_map_server/share/nav2_map_server/package.dsv'
[4.179s] INFO:colcon.colcon_core.shell:Creating package script '/home/agilex/agilex_ws/install/nav2_map_server/share/nav2_map_server/package.sh'
[4.179s] INFO:colcon.colcon_core.shell:Creating package script '/home/agilex/agilex_ws/install/nav2_map_server/share/nav2_map_server/package.bash'
[4.179s] INFO:colcon.colcon_core.shell:Creating package script '/home/agilex/agilex_ws/install/nav2_map_server/share/nav2_map_server/package.zsh'
[4.179s] Level 1:colcon.colcon_core.environment:create_file_with_runtime_dependencies(/home/agilex/agilex_ws/install/nav2_map_server/share/colcon-core/packages/nav2_map_server)
[4.181s] DEBUG:colcon.colcon_core.event_handler.log_command:Invoked command in '/home/agilex/agilex_ws/build/nav2_rviz_plugins' returned '0': AMENT_PREFIX_PATH=/home/agilex/agilex_ws/install/nav2_lifecycle_manager:/home/agilex/agilex_ws/install/nav2_util:/home/agilex/agilex_ws/install/nav2_msgs:/home/agilex/agilex_ws/install/nav2_common CMAKE_PREFIX_PATH=/home/agilex/agilex_ws/install/nav2_lifecycle_manager:/home/agilex/agilex_ws/install/nav2_util:/home/agilex/agilex_ws/install/nav2_msgs:/home/agilex/agilex_ws/install/nav2_common LD_LIBRARY_PATH=/home/agilex/agilex_ws/install/nav2_lifecycle_manager/lib:/home/agilex/agilex_ws/install/nav2_util/lib:/home/agilex/agilex_ws/install/nav2_msgs/lib PYTHONPATH=/home/agilex/agilex_ws/install/nav2_msgs/local/lib/python3.10/dist-packages:/home/agilex/agilex_ws/install/nav2_common/local/lib/python3.10/dist-packages /usr/bin/cmake --build /home/agilex/agilex_ws/build/nav2_rviz_plugins -- -j16 -l16
[4.203s] DEBUG:colcon.colcon_core.event_handler.log_command:Invoking command in '/home/agilex/agilex_ws/build/nav2_rviz_plugins': AMENT_PREFIX_PATH=/home/agilex/agilex_ws/install/nav2_lifecycle_manager:/home/agilex/agilex_ws/install/nav2_util:/home/agilex/agilex_ws/install/nav2_msgs:/home/agilex/agilex_ws/install/nav2_common CMAKE_PREFIX_PATH=/home/agilex/agilex_ws/install/nav2_lifecycle_manager:/home/agilex/agilex_ws/install/nav2_util:/home/agilex/agilex_ws/install/nav2_msgs:/home/agilex/agilex_ws/install/nav2_common LD_LIBRARY_PATH=/home/agilex/agilex_ws/install/nav2_lifecycle_manager/lib:/home/agilex/agilex_ws/install/nav2_util/lib:/home/agilex/agilex_ws/install/nav2_msgs/lib PYTHONPATH=/home/agilex/agilex_ws/install/nav2_msgs/local/lib/python3.10/dist-packages:/home/agilex/agilex_ws/install/nav2_common/local/lib/python3.10/dist-packages /usr/bin/cmake --install /home/agilex/agilex_ws/build/nav2_rviz_plugins
[4.217s] Level 1:colcon.colcon_core.environment:create_environment_scripts_only(nav2_map_server)
[4.220s] Level 1:colcon.colcon_core.environment:checking '/home/agilex/agilex_ws/install/nav2_map_server' for CMake module files
[4.221s] Level 1:colcon.colcon_core.environment:checking '/home/agilex/agilex_ws/install/nav2_map_server' for CMake config files
[4.221s] Level 1:colcon.colcon_core.shell:create_environment_hook('nav2_map_server', 'cmake_prefix_path')
[4.224s] INFO:colcon.colcon_core.shell:Creating environment hook '/home/agilex/agilex_ws/install/nav2_map_server/share/nav2_map_server/hook/cmake_prefix_path.ps1'
[4.225s] INFO:colcon.colcon_core.shell:Creating environment descriptor '/home/agilex/agilex_ws/install/nav2_map_server/share/nav2_map_server/hook/cmake_prefix_path.dsv'
[4.225s] INFO:colcon.colcon_core.shell:Creating environment hook '/home/agilex/agilex_ws/install/nav2_map_server/share/nav2_map_server/hook/cmake_prefix_path.sh'
[4.225s] Level 1:colcon.colcon_core.environment:checking '/home/agilex/agilex_ws/install/nav2_map_server/lib'
[4.225s] Level 1:colcon.colcon_core.shell:create_environment_hook('nav2_map_server', 'ld_library_path_lib')
[4.229s] INFO:colcon.colcon_core.shell:Creating environment hook '/home/agilex/agilex_ws/install/nav2_map_server/share/nav2_map_server/hook/ld_library_path_lib.ps1'
[4.229s] INFO:colcon.colcon_core.shell:Creating environment descriptor '/home/agilex/agilex_ws/install/nav2_map_server/share/nav2_map_server/hook/ld_library_path_lib.dsv'
[4.229s] INFO:colcon.colcon_core.shell:Creating environment hook '/home/agilex/agilex_ws/install/nav2_map_server/share/nav2_map_server/hook/ld_library_path_lib.sh'
[4.229s] Level 1:colcon.colcon_core.environment:checking '/home/agilex/agilex_ws/install/nav2_map_server/bin'
[4.229s] Level 1:colcon.colcon_core.environment:checking '/home/agilex/agilex_ws/install/nav2_map_server/lib/pkgconfig/nav2_map_server.pc'
[4.229s] Level 1:colcon.colcon_core.environment:checking '/home/agilex/agilex_ws/install/nav2_map_server/lib/python3.10/site-packages'
[4.229s] Level 1:colcon.colcon_core.environment:checking '/home/agilex/agilex_ws/install/nav2_map_server/bin'
[4.234s] INFO:colcon.colcon_core.shell:Creating package script '/home/agilex/agilex_ws/install/nav2_map_server/share/nav2_map_server/package.ps1'
[4.234s] INFO:colcon.colcon_core.shell:Creating package descriptor '/home/agilex/agilex_ws/install/nav2_map_server/share/nav2_map_server/package.dsv'
[4.235s] INFO:colcon.colcon_core.shell:Creating package script '/home/agilex/agilex_ws/install/nav2_map_server/share/nav2_map_server/package.sh'
[4.235s] INFO:colcon.colcon_core.shell:Creating package script '/home/agilex/agilex_ws/install/nav2_map_server/share/nav2_map_server/package.bash'
[4.235s] INFO:colcon.colcon_core.shell:Creating package script '/home/agilex/agilex_ws/install/nav2_map_server/share/nav2_map_server/package.zsh'
[4.235s] Level 1:colcon.colcon_core.environment:create_file_with_runtime_dependencies(/home/agilex/agilex_ws/install/nav2_map_server/share/colcon-core/packages/nav2_map_server)
[4.236s] INFO:colcon.colcon_ros.task.ament_cmake.build:Building ROS package in '/home/agilex/agilex_ws/src/navigation2/nav2_costmap_2d' with build type 'ament_cmake'
[4.236s] INFO:colcon.colcon_cmake.task.cmake.build:Building CMake package in '/home/agilex/agilex_ws/src/navigation2/nav2_costmap_2d'
[4.240s] INFO:colcon.colcon_core.shell:Skip shell extension 'powershell' for command environment: Not usable outside of PowerShell
[4.240s] DEBUG:colcon.colcon_core.shell:Skip shell extension 'dsv' for command environment
[4.245s] Level 1:colcon.colcon_core.environment:create_environment_scripts_only(nav2_rviz_plugins)
[4.245s] DEBUG:colcon.colcon_core.event_handler.log_command:Invoked command in '/home/agilex/agilex_ws/build/nav2_rviz_plugins' returned '0': AMENT_PREFIX_PATH=/home/agilex/agilex_ws/install/nav2_lifecycle_manager:/home/agilex/agilex_ws/install/nav2_util:/home/agilex/agilex_ws/install/nav2_msgs:/home/agilex/agilex_ws/install/nav2_common CMAKE_PREFIX_PATH=/home/agilex/agilex_ws/install/nav2_lifecycle_manager:/home/agilex/agilex_ws/install/nav2_util:/home/agilex/agilex_ws/install/nav2_msgs:/home/agilex/agilex_ws/install/nav2_common LD_LIBRARY_PATH=/home/agilex/agilex_ws/install/nav2_lifecycle_manager/lib:/home/agilex/agilex_ws/install/nav2_util/lib:/home/agilex/agilex_ws/install/nav2_msgs/lib PYTHONPATH=/home/agilex/agilex_ws/install/nav2_msgs/local/lib/python3.10/dist-packages:/home/agilex/agilex_ws/install/nav2_common/local/lib/python3.10/dist-packages /usr/bin/cmake --install /home/agilex/agilex_ws/build/nav2_rviz_plugins
[4.249s] Level 1:colcon.colcon_core.environment:checking '/home/agilex/agilex_ws/install/nav2_rviz_plugins' for CMake module files
[4.249s] Level 1:colcon.colcon_core.environment:checking '/home/agilex/agilex_ws/install/nav2_rviz_plugins' for CMake config files
[4.250s] Level 1:colcon.colcon_core.shell:create_environment_hook('nav2_rviz_plugins', 'cmake_prefix_path')
[4.253s] INFO:colcon.colcon_core.shell:Creating environment hook '/home/agilex/agilex_ws/install/nav2_rviz_plugins/share/nav2_rviz_plugins/hook/cmake_prefix_path.ps1'
[4.254s] INFO:colcon.colcon_core.shell:Creating environment descriptor '/home/agilex/agilex_ws/install/nav2_rviz_plugins/share/nav2_rviz_plugins/hook/cmake_prefix_path.dsv'
[4.254s] INFO:colcon.colcon_core.shell:Creating environment hook '/home/agilex/agilex_ws/install/nav2_rviz_plugins/share/nav2_rviz_plugins/hook/cmake_prefix_path.sh'
[4.254s] Level 1:colcon.colcon_core.environment:checking '/home/agilex/agilex_ws/install/nav2_rviz_plugins/lib'
[4.254s] Level 1:colcon.colcon_core.shell:create_environment_hook('nav2_rviz_plugins', 'ld_library_path_lib')
[4.258s] INFO:colcon.colcon_core.shell:Creating environment hook '/home/agilex/agilex_ws/install/nav2_rviz_plugins/share/nav2_rviz_plugins/hook/ld_library_path_lib.ps1'
[4.258s] INFO:colcon.colcon_core.shell:Creating environment descriptor '/home/agilex/agilex_ws/install/nav2_rviz_plugins/share/nav2_rviz_plugins/hook/ld_library_path_lib.dsv'
[4.258s] INFO:colcon.colcon_core.shell:Creating environment hook '/home/agilex/agilex_ws/install/nav2_rviz_plugins/share/nav2_rviz_plugins/hook/ld_library_path_lib.sh'
[4.259s] Level 1:colcon.colcon_core.environment:checking '/home/agilex/agilex_ws/install/nav2_rviz_plugins/bin'
[4.259s] Level 1:colcon.colcon_core.environment:checking '/home/agilex/agilex_ws/install/nav2_rviz_plugins/lib/pkgconfig/nav2_rviz_plugins.pc'
[4.259s] Level 1:colcon.colcon_core.environment:checking '/home/agilex/agilex_ws/install/nav2_rviz_plugins/lib/python3.10/site-packages'
[4.259s] Level 1:colcon.colcon_core.environment:checking '/home/agilex/agilex_ws/install/nav2_rviz_plugins/bin'
[4.263s] INFO:colcon.colcon_core.shell:Creating package script '/home/agilex/agilex_ws/install/nav2_rviz_plugins/share/nav2_rviz_plugins/package.ps1'
[4.263s] INFO:colcon.colcon_core.shell:Creating package descriptor '/home/agilex/agilex_ws/install/nav2_rviz_plugins/share/nav2_rviz_plugins/package.dsv'
[4.263s] INFO:colcon.colcon_core.shell:Creating package script '/home/agilex/agilex_ws/install/nav2_rviz_plugins/share/nav2_rviz_plugins/package.sh'
[4.263s] INFO:colcon.colcon_core.shell:Creating package script '/home/agilex/agilex_ws/install/nav2_rviz_plugins/share/nav2_rviz_plugins/package.bash'
[4.264s] INFO:colcon.colcon_core.shell:Creating package script '/home/agilex/agilex_ws/install/nav2_rviz_plugins/share/nav2_rviz_plugins/package.zsh'
[4.264s] Level 1:colcon.colcon_core.environment:create_file_with_runtime_dependencies(/home/agilex/agilex_ws/install/nav2_rviz_plugins/share/colcon-core/packages/nav2_rviz_plugins)
[4.268s] DEBUG:colcon.colcon_core.event_handler.log_command:Invoking command in '/home/agilex/agilex_ws/build/nav2_costmap_2d': AMENT_PREFIX_PATH=/home/agilex/agilex_ws/install/nav2_map_server:/home/agilex/agilex_ws/install/nav2_lifecycle_manager:/home/agilex/agilex_ws/install/nav2_util:/home/agilex/agilex_ws/install/nav2_voxel_grid:/home/agilex/agilex_ws/install/nav2_msgs:/home/agilex/agilex_ws/install/nav2_common CMAKE_PREFIX_PATH=/home/agilex/agilex_ws/install/nav2_map_server:/home/agilex/agilex_ws/install/nav2_lifecycle_manager:/home/agilex/agilex_ws/install/nav2_util:/home/agilex/agilex_ws/install/nav2_voxel_grid:/home/agilex/agilex_ws/install/nav2_msgs:/home/agilex/agilex_ws/install/nav2_common LD_LIBRARY_PATH=/home/agilex/agilex_ws/install/nav2_map_server/lib:/home/agilex/agilex_ws/install/nav2_lifecycle_manager/lib:/home/agilex/agilex_ws/install/nav2_util/lib:/home/agilex/agilex_ws/install/nav2_voxel_grid/lib:/home/agilex/agilex_ws/install/nav2_msgs/lib PYTHONPATH=/home/agilex/agilex_ws/install/nav2_msgs/local/lib/python3.10/dist-packages:/home/agilex/agilex_ws/install/nav2_common/local/lib/python3.10/dist-packages /usr/bin/cmake --build /home/agilex/agilex_ws/build/nav2_costmap_2d -- -j16 -l16
[4.290s] Level 1:colcon.colcon_core.environment:create_environment_scripts_only(nav2_rviz_plugins)
[4.294s] Level 1:colcon.colcon_core.environment:checking '/home/agilex/agilex_ws/install/nav2_rviz_plugins' for CMake module files
[4.294s] Level 1:colcon.colcon_core.environment:checking '/home/agilex/agilex_ws/install/nav2_rviz_plugins' for CMake config files
[4.295s] Level 1:colcon.colcon_core.shell:create_environment_hook('nav2_rviz_plugins', 'cmake_prefix_path')
[4.298s] INFO:colcon.colcon_core.shell:Creating environment hook '/home/agilex/agilex_ws/install/nav2_rviz_plugins/share/nav2_rviz_plugins/hook/cmake_prefix_path.ps1'
[4.299s] INFO:colcon.colcon_core.shell:Creating environment descriptor '/home/agilex/agilex_ws/install/nav2_rviz_plugins/share/nav2_rviz_plugins/hook/cmake_prefix_path.dsv'
[4.299s] INFO:colcon.colcon_core.shell:Creating environment hook '/home/agilex/agilex_ws/install/nav2_rviz_plugins/share/nav2_rviz_plugins/hook/cmake_prefix_path.sh'
[4.299s] Level 1:colcon.colcon_core.environment:checking '/home/agilex/agilex_ws/install/nav2_rviz_plugins/lib'
[4.299s] Level 1:colcon.colcon_core.shell:create_environment_hook('nav2_rviz_plugins', 'ld_library_path_lib')
[4.303s] INFO:colcon.colcon_core.shell:Creating environment hook '/home/agilex/agilex_ws/install/nav2_rviz_plugins/share/nav2_rviz_plugins/hook/ld_library_path_lib.ps1'
[4.303s] INFO:colcon.colcon_core.shell:Creating environment descriptor '/home/agilex/agilex_ws/install/nav2_rviz_plugins/share/nav2_rviz_plugins/hook/ld_library_path_lib.dsv'
[4.303s] INFO:colcon.colcon_core.shell:Creating environment hook '/home/agilex/agilex_ws/install/nav2_rviz_plugins/share/nav2_rviz_plugins/hook/ld_library_path_lib.sh'
[4.303s] Level 1:colcon.colcon_core.environment:checking '/home/agilex/agilex_ws/install/nav2_rviz_plugins/bin'
[4.303s] Level 1:colcon.colcon_core.environment:checking '/home/agilex/agilex_ws/install/nav2_rviz_plugins/lib/pkgconfig/nav2_rviz_plugins.pc'
[4.303s] Level 1:colcon.colcon_core.environment:checking '/home/agilex/agilex_ws/install/nav2_rviz_plugins/lib/python3.10/site-packages'
[4.303s] Level 1:colcon.colcon_core.environment:checking '/home/agilex/agilex_ws/install/nav2_rviz_plugins/bin'
[4.307s] INFO:colcon.colcon_core.shell:Creating package script '/home/agilex/agilex_ws/install/nav2_rviz_plugins/share/nav2_rviz_plugins/package.ps1'
[4.307s] INFO:colcon.colcon_core.shell:Creating package descriptor '/home/agilex/agilex_ws/install/nav2_rviz_plugins/share/nav2_rviz_plugins/package.dsv'
[4.307s] INFO:colcon.colcon_core.shell:Creating package script '/home/agilex/agilex_ws/install/nav2_rviz_plugins/share/nav2_rviz_plugins/package.sh'
[4.307s] INFO:colcon.colcon_core.shell:Creating package script '/home/agilex/agilex_ws/install/nav2_rviz_plugins/share/nav2_rviz_plugins/package.bash'
[4.307s] INFO:colcon.colcon_core.shell:Creating package script '/home/agilex/agilex_ws/install/nav2_rviz_plugins/share/nav2_rviz_plugins/package.zsh'
[4.308s] Level 1:colcon.colcon_core.environment:create_file_with_runtime_dependencies(/home/agilex/agilex_ws/install/nav2_rviz_plugins/share/colcon-core/packages/nav2_rviz_plugins)
[4.826s] DEBUG:colcon.colcon_core.event_handler.log_command:Invoked command in '/home/agilex/agilex_ws/build/nav2_costmap_2d' returned '0': AMENT_PREFIX_PATH=/home/agilex/agilex_ws/install/nav2_map_server:/home/agilex/agilex_ws/install/nav2_lifecycle_manager:/home/agilex/agilex_ws/install/nav2_util:/home/agilex/agilex_ws/install/nav2_voxel_grid:/home/agilex/agilex_ws/install/nav2_msgs:/home/agilex/agilex_ws/install/nav2_common CMAKE_PREFIX_PATH=/home/agilex/agilex_ws/install/nav2_map_server:/home/agilex/agilex_ws/install/nav2_lifecycle_manager:/home/agilex/agilex_ws/install/nav2_util:/home/agilex/agilex_ws/install/nav2_voxel_grid:/home/agilex/agilex_ws/install/nav2_msgs:/home/agilex/agilex_ws/install/nav2_common LD_LIBRARY_PATH=/home/agilex/agilex_ws/install/nav2_map_server/lib:/home/agilex/agilex_ws/install/nav2_lifecycle_manager/lib:/home/agilex/agilex_ws/install/nav2_util/lib:/home/agilex/agilex_ws/install/nav2_voxel_grid/lib:/home/agilex/agilex_ws/install/nav2_msgs/lib PYTHONPATH=/home/agilex/agilex_ws/install/nav2_msgs/local/lib/python3.10/dist-packages:/home/agilex/agilex_ws/install/nav2_common/local/lib/python3.10/dist-packages /usr/bin/cmake --build /home/agilex/agilex_ws/build/nav2_costmap_2d -- -j16 -l16
[4.883s] DEBUG:colcon.colcon_core.event_handler.log_command:Invoking command in '/home/agilex/agilex_ws/build/nav2_costmap_2d': AMENT_PREFIX_PATH=/home/agilex/agilex_ws/install/nav2_map_server:/home/agilex/agilex_ws/install/nav2_lifecycle_manager:/home/agilex/agilex_ws/install/nav2_util:/home/agilex/agilex_ws/install/nav2_voxel_grid:/home/agilex/agilex_ws/install/nav2_msgs:/home/agilex/agilex_ws/install/nav2_common CMAKE_PREFIX_PATH=/home/agilex/agilex_ws/install/nav2_map_server:/home/agilex/agilex_ws/install/nav2_lifecycle_manager:/home/agilex/agilex_ws/install/nav2_util:/home/agilex/agilex_ws/install/nav2_voxel_grid:/home/agilex/agilex_ws/install/nav2_msgs:/home/agilex/agilex_ws/install/nav2_common LD_LIBRARY_PATH=/home/agilex/agilex_ws/install/nav2_map_server/lib:/home/agilex/agilex_ws/install/nav2_lifecycle_manager/lib:/home/agilex/agilex_ws/install/nav2_util/lib:/home/agilex/agilex_ws/install/nav2_voxel_grid/lib:/home/agilex/agilex_ws/install/nav2_msgs/lib PYTHONPATH=/home/agilex/agilex_ws/install/nav2_msgs/local/lib/python3.10/dist-packages:/home/agilex/agilex_ws/install/nav2_common/local/lib/python3.10/dist-packages /usr/bin/cmake --install /home/agilex/agilex_ws/build/nav2_costmap_2d
[4.894s] Level 1:colcon.colcon_core.environment:create_environment_scripts_only(nav2_costmap_2d)
[4.894s] DEBUG:colcon.colcon_core.event_handler.log_command:Invoked command in '/home/agilex/agilex_ws/build/nav2_costmap_2d' returned '0': AMENT_PREFIX_PATH=/home/agilex/agilex_ws/install/nav2_map_server:/home/agilex/agilex_ws/install/nav2_lifecycle_manager:/home/agilex/agilex_ws/install/nav2_util:/home/agilex/agilex_ws/install/nav2_voxel_grid:/home/agilex/agilex_ws/install/nav2_msgs:/home/agilex/agilex_ws/install/nav2_common CMAKE_PREFIX_PATH=/home/agilex/agilex_ws/install/nav2_map_server:/home/agilex/agilex_ws/install/nav2_lifecycle_manager:/home/agilex/agilex_ws/install/nav2_util:/home/agilex/agilex_ws/install/nav2_voxel_grid:/home/agilex/agilex_ws/install/nav2_msgs:/home/agilex/agilex_ws/install/nav2_common LD_LIBRARY_PATH=/home/agilex/agilex_ws/install/nav2_map_server/lib:/home/agilex/agilex_ws/install/nav2_lifecycle_manager/lib:/home/agilex/agilex_ws/install/nav2_util/lib:/home/agilex/agilex_ws/install/nav2_voxel_grid/lib:/home/agilex/agilex_ws/install/nav2_msgs/lib PYTHONPATH=/home/agilex/agilex_ws/install/nav2_msgs/local/lib/python3.10/dist-packages:/home/agilex/agilex_ws/install/nav2_common/local/lib/python3.10/dist-packages /usr/bin/cmake --install /home/agilex/agilex_ws/build/nav2_costmap_2d
[4.898s] Level 1:colcon.colcon_core.environment:checking '/home/agilex/agilex_ws/install/nav2_costmap_2d' for CMake module files
[4.898s] Level 1:colcon.colcon_core.environment:checking '/home/agilex/agilex_ws/install/nav2_costmap_2d' for CMake config files
[4.899s] Level 1:colcon.colcon_core.shell:create_environment_hook('nav2_costmap_2d', 'cmake_prefix_path')
[4.902s] INFO:colcon.colcon_core.shell:Creating environment hook '/home/agilex/agilex_ws/install/nav2_costmap_2d/share/nav2_costmap_2d/hook/cmake_prefix_path.ps1'
[4.902s] INFO:colcon.colcon_core.shell:Creating environment descriptor '/home/agilex/agilex_ws/install/nav2_costmap_2d/share/nav2_costmap_2d/hook/cmake_prefix_path.dsv'
[4.903s] INFO:colcon.colcon_core.shell:Creating environment hook '/home/agilex/agilex_ws/install/nav2_costmap_2d/share/nav2_costmap_2d/hook/cmake_prefix_path.sh'
[4.903s] Level 1:colcon.colcon_core.environment:checking '/home/agilex/agilex_ws/install/nav2_costmap_2d/lib'
[4.903s] Level 1:colcon.colcon_core.shell:create_environment_hook('nav2_costmap_2d', 'ld_library_path_lib')
[4.906s] INFO:colcon.colcon_core.shell:Creating environment hook '/home/agilex/agilex_ws/install/nav2_costmap_2d/share/nav2_costmap_2d/hook/ld_library_path_lib.ps1'
[4.907s] INFO:colcon.colcon_core.shell:Creating environment descriptor '/home/agilex/agilex_ws/install/nav2_costmap_2d/share/nav2_costmap_2d/hook/ld_library_path_lib.dsv'
[4.907s] INFO:colcon.colcon_core.shell:Creating environment hook '/home/agilex/agilex_ws/install/nav2_costmap_2d/share/nav2_costmap_2d/hook/ld_library_path_lib.sh'
[4.907s] Level 1:colcon.colcon_core.environment:checking '/home/agilex/agilex_ws/install/nav2_costmap_2d/bin'
[4.907s] Level 1:colcon.colcon_core.environment:checking '/home/agilex/agilex_ws/install/nav2_costmap_2d/lib/pkgconfig/nav2_costmap_2d.pc'
[4.907s] Level 1:colcon.colcon_core.environment:checking '/home/agilex/agilex_ws/install/nav2_costmap_2d/lib/python3.10/site-packages'
[4.907s] Level 1:colcon.colcon_core.environment:checking '/home/agilex/agilex_ws/install/nav2_costmap_2d/bin'
[4.910s] INFO:colcon.colcon_core.shell:Creating package script '/home/agilex/agilex_ws/install/nav2_costmap_2d/share/nav2_costmap_2d/package.ps1'
[4.911s] INFO:colcon.colcon_core.shell:Creating package descriptor '/home/agilex/agilex_ws/install/nav2_costmap_2d/share/nav2_costmap_2d/package.dsv'
[4.911s] INFO:colcon.colcon_core.shell:Creating package script '/home/agilex/agilex_ws/install/nav2_costmap_2d/share/nav2_costmap_2d/package.sh'
[4.911s] INFO:colcon.colcon_core.shell:Creating package script '/home/agilex/agilex_ws/install/nav2_costmap_2d/share/nav2_costmap_2d/package.bash'
[4.911s] INFO:colcon.colcon_core.shell:Creating package script '/home/agilex/agilex_ws/install/nav2_costmap_2d/share/nav2_costmap_2d/package.zsh'
[4.911s] Level 1:colcon.colcon_core.environment:create_file_with_runtime_dependencies(/home/agilex/agilex_ws/install/nav2_costmap_2d/share/colcon-core/packages/nav2_costmap_2d)
[4.970s] Level 1:colcon.colcon_core.environment:create_environment_scripts_only(nav2_costmap_2d)
[4.973s] Level 1:colcon.colcon_core.environment:checking '/home/agilex/agilex_ws/install/nav2_costmap_2d' for CMake module files
[4.973s] Level 1:colcon.colcon_core.environment:checking '/home/agilex/agilex_ws/install/nav2_costmap_2d' for CMake config files
[4.974s] Level 1:colcon.colcon_core.shell:create_environment_hook('nav2_costmap_2d', 'cmake_prefix_path')
[4.977s] INFO:colcon.colcon_core.shell:Creating environment hook '/home/agilex/agilex_ws/install/nav2_costmap_2d/share/nav2_costmap_2d/hook/cmake_prefix_path.ps1'
[4.977s] INFO:colcon.colcon_core.shell:Creating environment descriptor '/home/agilex/agilex_ws/install/nav2_costmap_2d/share/nav2_costmap_2d/hook/cmake_prefix_path.dsv'
[4.977s] INFO:colcon.colcon_core.shell:Creating environment hook '/home/agilex/agilex_ws/install/nav2_costmap_2d/share/nav2_costmap_2d/hook/cmake_prefix_path.sh'
[4.977s] Level 1:colcon.colcon_core.environment:checking '/home/agilex/agilex_ws/install/nav2_costmap_2d/lib'
[4.977s] Level 1:colcon.colcon_core.shell:create_environment_hook('nav2_costmap_2d', 'ld_library_path_lib')
[4.981s] INFO:colcon.colcon_core.shell:Creating environment hook '/home/agilex/agilex_ws/install/nav2_costmap_2d/share/nav2_costmap_2d/hook/ld_library_path_lib.ps1'
[4.982s] INFO:colcon.colcon_core.shell:Creating environment descriptor '/home/agilex/agilex_ws/install/nav2_costmap_2d/share/nav2_costmap_2d/hook/ld_library_path_lib.dsv'
[4.982s] INFO:colcon.colcon_core.shell:Creating environment hook '/home/agilex/agilex_ws/install/nav2_costmap_2d/share/nav2_costmap_2d/hook/ld_library_path_lib.sh'
[4.982s] Level 1:colcon.colcon_core.environment:checking '/home/agilex/agilex_ws/install/nav2_costmap_2d/bin'
[4.982s] Level 1:colcon.colcon_core.environment:checking '/home/agilex/agilex_ws/install/nav2_costmap_2d/lib/pkgconfig/nav2_costmap_2d.pc'
[4.982s] Level 1:colcon.colcon_core.environment:checking '/home/agilex/agilex_ws/install/nav2_costmap_2d/lib/python3.10/site-packages'
[4.983s] Level 1:colcon.colcon_core.environment:checking '/home/agilex/agilex_ws/install/nav2_costmap_2d/bin'
[4.989s] INFO:colcon.colcon_core.shell:Creating package script '/home/agilex/agilex_ws/install/nav2_costmap_2d/share/nav2_costmap_2d/package.ps1'
[4.990s] INFO:colcon.colcon_core.shell:Creating package descriptor '/home/agilex/agilex_ws/install/nav2_costmap_2d/share/nav2_costmap_2d/package.dsv'
[4.990s] INFO:colcon.colcon_core.shell:Creating package script '/home/agilex/agilex_ws/install/nav2_costmap_2d/share/nav2_costmap_2d/package.sh'
[4.990s] INFO:colcon.colcon_core.shell:Creating package script '/home/agilex/agilex_ws/install/nav2_costmap_2d/share/nav2_costmap_2d/package.bash'
[4.991s] INFO:colcon.colcon_core.shell:Creating package script '/home/agilex/agilex_ws/install/nav2_costmap_2d/share/nav2_costmap_2d/package.zsh'
[4.991s] Level 1:colcon.colcon_core.environment:create_file_with_runtime_dependencies(/home/agilex/agilex_ws/install/nav2_costmap_2d/share/colcon-core/packages/nav2_costmap_2d)
[4.992s] INFO:colcon.colcon_ros.task.ament_cmake.build:Building ROS package in '/home/agilex/agilex_ws/src/navigation2/nav2_core' with build type 'ament_cmake'
[4.992s] INFO:colcon.colcon_cmake.task.cmake.build:Building CMake package in '/home/agilex/agilex_ws/src/navigation2/nav2_core'
[4.996s] INFO:colcon.colcon_core.shell:Skip shell extension 'powershell' for command environment: Not usable outside of PowerShell
[4.996s] DEBUG:colcon.colcon_core.shell:Skip shell extension 'dsv' for command environment
[5.000s] INFO:colcon.colcon_ros.task.ament_cmake.build:Building ROS package in '/home/agilex/agilex_ws/src/navigation2/nav2_dwb_controller/costmap_queue' with build type 'ament_cmake'
[5.000s] INFO:colcon.colcon_cmake.task.cmake.build:Building CMake package in '/home/agilex/agilex_ws/src/navigation2/nav2_dwb_controller/costmap_queue'
[5.004s] INFO:colcon.colcon_core.shell:Skip shell extension 'powershell' for command environment: Not usable outside of PowerShell
[5.004s] DEBUG:colcon.colcon_core.shell:Skip shell extension 'dsv' for command environment
[5.008s] INFO:colcon.colcon_ros.task.ament_cmake.build:Building ROS package in '/home/agilex/agilex_ws/src/costmap_converter/costmap_converter' with build type 'ament_cmake'
[5.008s] INFO:colcon.colcon_cmake.task.cmake.build:Building CMake package in '/home/agilex/agilex_ws/src/costmap_converter/costmap_converter'
[5.012s] INFO:colcon.colcon_core.shell:Skip shell extension 'powershell' for command environment: Not usable outside of PowerShell
[5.013s] DEBUG:colcon.colcon_core.shell:Skip shell extension 'dsv' for command environment
[5.021s] DEBUG:colcon.colcon_core.event_handler.log_command:Invoking command in '/home/agilex/agilex_ws/build/nav2_core': AMENT_PREFIX_PATH=/home/agilex/agilex_ws/install/nav2_costmap_2d:/home/agilex/agilex_ws/install/nav2_util:/home/agilex/agilex_ws/install/nav2_voxel_grid:/home/agilex/agilex_ws/install/nav2_msgs:/home/agilex/agilex_ws/install/nav2_common CMAKE_PREFIX_PATH=/home/agilex/agilex_ws/install/nav2_costmap_2d:/home/agilex/agilex_ws/install/nav2_util:/home/agilex/agilex_ws/install/nav2_voxel_grid:/home/agilex/agilex_ws/install/nav2_msgs:/home/agilex/agilex_ws/install/nav2_common LD_LIBRARY_PATH=/home/agilex/agilex_ws/install/nav2_costmap_2d/lib:/home/agilex/agilex_ws/install/nav2_util/lib:/home/agilex/agilex_ws/install/nav2_voxel_grid/lib:/home/agilex/agilex_ws/install/nav2_msgs/lib PYTHONPATH=/home/agilex/agilex_ws/install/nav2_msgs/local/lib/python3.10/dist-packages:/home/agilex/agilex_ws/install/nav2_common/local/lib/python3.10/dist-packages /usr/bin/cmake --build /home/agilex/agilex_ws/build/nav2_core -- -j16 -l16
[5.022s] DEBUG:colcon.colcon_core.event_handler.log_command:Invoking command in '/home/agilex/agilex_ws/build/costmap_queue': AMENT_PREFIX_PATH=/home/agilex/agilex_ws/install/nav2_costmap_2d:/home/agilex/agilex_ws/install/nav2_util:/home/agilex/agilex_ws/install/nav2_voxel_grid:/home/agilex/agilex_ws/install/nav2_msgs:/home/agilex/agilex_ws/install/nav2_common CMAKE_PREFIX_PATH=/home/agilex/agilex_ws/install/nav2_costmap_2d:/home/agilex/agilex_ws/install/nav2_util:/home/agilex/agilex_ws/install/nav2_voxel_grid:/home/agilex/agilex_ws/install/nav2_msgs:/home/agilex/agilex_ws/install/nav2_common LD_LIBRARY_PATH=/home/agilex/agilex_ws/install/nav2_costmap_2d/lib:/home/agilex/agilex_ws/install/nav2_util/lib:/home/agilex/agilex_ws/install/nav2_voxel_grid/lib:/home/agilex/agilex_ws/install/nav2_msgs/lib PYTHONPATH=/home/agilex/agilex_ws/install/nav2_msgs/local/lib/python3.10/dist-packages:/home/agilex/agilex_ws/install/nav2_common/local/lib/python3.10/dist-packages /usr/bin/cmake --build /home/agilex/agilex_ws/build/costmap_queue -- -j16 -l16
[5.029s] DEBUG:colcon.colcon_core.event_handler.log_command:Invoking command in '/home/agilex/agilex_ws/build/costmap_converter': AMENT_PREFIX_PATH=/home/agilex/agilex_ws/install/nav2_costmap_2d:/home/agilex/agilex_ws/install/nav2_util:/home/agilex/agilex_ws/install/nav2_voxel_grid:/home/agilex/agilex_ws/install/nav2_msgs:/home/agilex/agilex_ws/install/nav2_common:/home/agilex/agilex_ws/install/costmap_converter_msgs CMAKE_PREFIX_PATH=/home/agilex/agilex_ws/install/nav2_costmap_2d:/home/agilex/agilex_ws/install/nav2_util:/home/agilex/agilex_ws/install/nav2_voxel_grid:/home/agilex/agilex_ws/install/nav2_msgs:/home/agilex/agilex_ws/install/nav2_common:/home/agilex/agilex_ws/install/costmap_converter_msgs LD_LIBRARY_PATH=/home/agilex/agilex_ws/install/nav2_costmap_2d/lib:/home/agilex/agilex_ws/install/nav2_util/lib:/home/agilex/agilex_ws/install/nav2_voxel_grid/lib:/home/agilex/agilex_ws/install/nav2_msgs/lib:/home/agilex/agilex_ws/install/costmap_converter_msgs/lib PYTHONPATH=/home/agilex/agilex_ws/install/nav2_msgs/local/lib/python3.10/dist-packages:/home/agilex/agilex_ws/install/nav2_common/local/lib/python3.10/dist-packages:/home/agilex/agilex_ws/install/costmap_converter_msgs/local/lib/python3.10/dist-packages /usr/bin/cmake --build /home/agilex/agilex_ws/build/costmap_converter -- -j16 -l16
[5.053s] DEBUG:colcon.colcon_core.event_handler.log_command:Invoked command in '/home/agilex/agilex_ws/build/nav2_core' returned '0': AMENT_PREFIX_PATH=/home/agilex/agilex_ws/install/nav2_costmap_2d:/home/agilex/agilex_ws/install/nav2_util:/home/agilex/agilex_ws/install/nav2_voxel_grid:/home/agilex/agilex_ws/install/nav2_msgs:/home/agilex/agilex_ws/install/nav2_common CMAKE_PREFIX_PATH=/home/agilex/agilex_ws/install/nav2_costmap_2d:/home/agilex/agilex_ws/install/nav2_util:/home/agilex/agilex_ws/install/nav2_voxel_grid:/home/agilex/agilex_ws/install/nav2_msgs:/home/agilex/agilex_ws/install/nav2_common LD_LIBRARY_PATH=/home/agilex/agilex_ws/install/nav2_costmap_2d/lib:/home/agilex/agilex_ws/install/nav2_util/lib:/home/agilex/agilex_ws/install/nav2_voxel_grid/lib:/home/agilex/agilex_ws/install/nav2_msgs/lib PYTHONPATH=/home/agilex/agilex_ws/install/nav2_msgs/local/lib/python3.10/dist-packages:/home/agilex/agilex_ws/install/nav2_common/local/lib/python3.10/dist-packages /usr/bin/cmake --build /home/agilex/agilex_ws/build/nav2_core -- -j16 -l16
[5.068s] DEBUG:colcon.colcon_core.event_handler.log_command:Invoking command in '/home/agilex/agilex_ws/build/nav2_core': AMENT_PREFIX_PATH=/home/agilex/agilex_ws/install/nav2_costmap_2d:/home/agilex/agilex_ws/install/nav2_util:/home/agilex/agilex_ws/install/nav2_voxel_grid:/home/agilex/agilex_ws/install/nav2_msgs:/home/agilex/agilex_ws/install/nav2_common CMAKE_PREFIX_PATH=/home/agilex/agilex_ws/install/nav2_costmap_2d:/home/agilex/agilex_ws/install/nav2_util:/home/agilex/agilex_ws/install/nav2_voxel_grid:/home/agilex/agilex_ws/install/nav2_msgs:/home/agilex/agilex_ws/install/nav2_common LD_LIBRARY_PATH=/home/agilex/agilex_ws/install/nav2_costmap_2d/lib:/home/agilex/agilex_ws/install/nav2_util/lib:/home/agilex/agilex_ws/install/nav2_voxel_grid/lib:/home/agilex/agilex_ws/install/nav2_msgs/lib PYTHONPATH=/home/agilex/agilex_ws/install/nav2_msgs/local/lib/python3.10/dist-packages:/home/agilex/agilex_ws/install/nav2_common/local/lib/python3.10/dist-packages /usr/bin/cmake --install /home/agilex/agilex_ws/build/nav2_core
[5.077s] Level 1:colcon.colcon_core.environment:create_environment_scripts_only(nav2_core)
[5.077s] DEBUG:colcon.colcon_core.event_handler.log_command:Invoked command in '/home/agilex/agilex_ws/build/nav2_core' returned '0': AMENT_PREFIX_PATH=/home/agilex/agilex_ws/install/nav2_costmap_2d:/home/agilex/agilex_ws/install/nav2_util:/home/agilex/agilex_ws/install/nav2_voxel_grid:/home/agilex/agilex_ws/install/nav2_msgs:/home/agilex/agilex_ws/install/nav2_common CMAKE_PREFIX_PATH=/home/agilex/agilex_ws/install/nav2_costmap_2d:/home/agilex/agilex_ws/install/nav2_util:/home/agilex/agilex_ws/install/nav2_voxel_grid:/home/agilex/agilex_ws/install/nav2_msgs:/home/agilex/agilex_ws/install/nav2_common LD_LIBRARY_PATH=/home/agilex/agilex_ws/install/nav2_costmap_2d/lib:/home/agilex/agilex_ws/install/nav2_util/lib:/home/agilex/agilex_ws/install/nav2_voxel_grid/lib:/home/agilex/agilex_ws/install/nav2_msgs/lib PYTHONPATH=/home/agilex/agilex_ws/install/nav2_msgs/local/lib/python3.10/dist-packages:/home/agilex/agilex_ws/install/nav2_common/local/lib/python3.10/dist-packages /usr/bin/cmake --install /home/agilex/agilex_ws/build/nav2_core
[5.081s] Level 1:colcon.colcon_core.environment:checking '/home/agilex/agilex_ws/install/nav2_core' for CMake module files
[5.082s] Level 1:colcon.colcon_core.environment:checking '/home/agilex/agilex_ws/install/nav2_core' for CMake config files
[5.082s] Level 1:colcon.colcon_core.shell:create_environment_hook('nav2_core', 'cmake_prefix_path')
[5.086s] INFO:colcon.colcon_core.shell:Creating environment hook '/home/agilex/agilex_ws/install/nav2_core/share/nav2_core/hook/cmake_prefix_path.ps1'
[5.086s] INFO:colcon.colcon_core.shell:Creating environment descriptor '/home/agilex/agilex_ws/install/nav2_core/share/nav2_core/hook/cmake_prefix_path.dsv'
[5.086s] INFO:colcon.colcon_core.shell:Creating environment hook '/home/agilex/agilex_ws/install/nav2_core/share/nav2_core/hook/cmake_prefix_path.sh'
[5.087s] Level 1:colcon.colcon_core.environment:checking '/home/agilex/agilex_ws/install/nav2_core/bin'
[5.087s] Level 1:colcon.colcon_core.environment:checking '/home/agilex/agilex_ws/install/nav2_core/lib/pkgconfig/nav2_core.pc'
[5.087s] Level 1:colcon.colcon_core.environment:checking '/home/agilex/agilex_ws/install/nav2_core/lib/python3.10/site-packages'
[5.087s] Level 1:colcon.colcon_core.environment:checking '/home/agilex/agilex_ws/install/nav2_core/bin'
[5.091s] INFO:colcon.colcon_core.shell:Creating package script '/home/agilex/agilex_ws/install/nav2_core/share/nav2_core/package.ps1'
[5.092s] INFO:colcon.colcon_core.shell:Creating package descriptor '/home/agilex/agilex_ws/install/nav2_core/share/nav2_core/package.dsv'
[5.092s] INFO:colcon.colcon_core.shell:Creating package script '/home/agilex/agilex_ws/install/nav2_core/share/nav2_core/package.sh'
[5.092s] INFO:colcon.colcon_core.shell:Creating package script '/home/agilex/agilex_ws/install/nav2_core/share/nav2_core/package.bash'
[5.092s] INFO:colcon.colcon_core.shell:Creating package script '/home/agilex/agilex_ws/install/nav2_core/share/nav2_core/package.zsh'
[5.092s] Level 1:colcon.colcon_core.environment:create_file_with_runtime_dependencies(/home/agilex/agilex_ws/install/nav2_core/share/colcon-core/packages/nav2_core)
[5.111s] Level 1:colcon.colcon_core.environment:create_environment_scripts_only(nav2_core)
[5.115s] Level 1:colcon.colcon_core.environment:checking '/home/agilex/agilex_ws/install/nav2_core' for CMake module files
[5.115s] Level 1:colcon.colcon_core.environment:checking '/home/agilex/agilex_ws/install/nav2_core' for CMake config files
[5.115s] Level 1:colcon.colcon_core.shell:create_environment_hook('nav2_core', 'cmake_prefix_path')
[5.120s] INFO:colcon.colcon_core.shell:Creating environment hook '/home/agilex/agilex_ws/install/nav2_core/share/nav2_core/hook/cmake_prefix_path.ps1'
[5.120s] INFO:colcon.colcon_core.shell:Creating environment descriptor '/home/agilex/agilex_ws/install/nav2_core/share/nav2_core/hook/cmake_prefix_path.dsv'
[5.121s] INFO:colcon.colcon_core.shell:Creating environment hook '/home/agilex/agilex_ws/install/nav2_core/share/nav2_core/hook/cmake_prefix_path.sh'
[5.121s] Level 1:colcon.colcon_core.environment:checking '/home/agilex/agilex_ws/install/nav2_core/bin'
[5.121s] Level 1:colcon.colcon_core.environment:checking '/home/agilex/agilex_ws/install/nav2_core/lib/pkgconfig/nav2_core.pc'
[5.121s] Level 1:colcon.colcon_core.environment:checking '/home/agilex/agilex_ws/install/nav2_core/lib/python3.10/site-packages'
[5.121s] Level 1:colcon.colcon_core.environment:checking '/home/agilex/agilex_ws/install/nav2_core/bin'
[5.124s] INFO:colcon.colcon_core.shell:Creating package script '/home/agilex/agilex_ws/install/nav2_core/share/nav2_core/package.ps1'
[5.125s] INFO:colcon.colcon_core.shell:Creating package descriptor '/home/agilex/agilex_ws/install/nav2_core/share/nav2_core/package.dsv'
[5.125s] INFO:colcon.colcon_core.shell:Creating package script '/home/agilex/agilex_ws/install/nav2_core/share/nav2_core/package.sh'
[5.125s] INFO:colcon.colcon_core.shell:Creating package script '/home/agilex/agilex_ws/install/nav2_core/share/nav2_core/package.bash'
[5.125s] INFO:colcon.colcon_core.shell:Creating package script '/home/agilex/agilex_ws/install/nav2_core/share/nav2_core/package.zsh'
[5.126s] Level 1:colcon.colcon_core.environment:create_file_with_runtime_dependencies(/home/agilex/agilex_ws/install/nav2_core/share/colcon-core/packages/nav2_core)
[5.126s] INFO:colcon.colcon_ros.task.ament_cmake.build:Building ROS package in '/home/agilex/agilex_ws/src/navigation2/nav2_dwb_controller/dwb_core' with build type 'ament_cmake'
[5.126s] INFO:colcon.colcon_cmake.task.cmake.build:Building CMake package in '/home/agilex/agilex_ws/src/navigation2/nav2_dwb_controller/dwb_core'
[5.130s] INFO:colcon.colcon_core.shell:Skip shell extension 'powershell' for command environment: Not usable outside of PowerShell
[5.130s] DEBUG:colcon.colcon_core.shell:Skip shell extension 'dsv' for command environment
[5.135s] INFO:colcon.colcon_ros.task.ament_cmake.build:Building ROS package in '/home/agilex/agilex_ws/src/navigation2/nav2_controller' with build type 'ament_cmake'
[5.135s] INFO:colcon.colcon_cmake.task.cmake.build:Building CMake package in '/home/agilex/agilex_ws/src/navigation2/nav2_controller'
[5.139s] INFO:colcon.colcon_core.shell:Skip shell extension 'powershell' for command environment: Not usable outside of PowerShell
[5.139s] DEBUG:colcon.colcon_core.shell:Skip shell extension 'dsv' for command environment
[5.144s] INFO:colcon.colcon_ros.task.ament_cmake.build:Building ROS package in '/home/agilex/agilex_ws/src/navigation2/nav2_planner' with build type 'ament_cmake'
[5.144s] INFO:colcon.colcon_cmake.task.cmake.build:Building CMake package in '/home/agilex/agilex_ws/src/navigation2/nav2_planner'
[5.152s] INFO:colcon.colcon_core.shell:Skip shell extension 'powershell' for command environment: Not usable outside of PowerShell
[5.152s] DEBUG:colcon.colcon_core.shell:Skip shell extension 'dsv' for command environment
[5.157s] INFO:colcon.colcon_ros.task.ament_cmake.build:Building ROS package in '/home/agilex/agilex_ws/src/navigation2/nav2_regulated_pure_pursuit_controller' with build type 'ament_cmake'
[5.157s] INFO:colcon.colcon_cmake.task.cmake.build:Building CMake package in '/home/agilex/agilex_ws/src/navigation2/nav2_regulated_pure_pursuit_controller'
[5.161s] INFO:colcon.colcon_core.shell:Skip shell extension 'powershell' for command environment: Not usable outside of PowerShell
[5.161s] DEBUG:colcon.colcon_core.shell:Skip shell extension 'dsv' for command environment
[5.166s] INFO:colcon.colcon_ros.task.ament_cmake.build:Building ROS package in '/home/agilex/agilex_ws/src/navigation2/nav2_waypoint_follower' with build type 'ament_cmake'
[5.166s] INFO:colcon.colcon_cmake.task.cmake.build:Building CMake package in '/home/agilex/agilex_ws/src/navigation2/nav2_waypoint_follower'
[5.170s] INFO:colcon.colcon_core.shell:Skip shell extension 'powershell' for command environment: Not usable outside of PowerShell
[5.171s] DEBUG:colcon.colcon_core.shell:Skip shell extension 'dsv' for command environment
[5.176s] INFO:colcon.colcon_ros.task.ament_cmake.build:Building ROS package in '/home/agilex/agilex_ws/src/navigation2/nav2_navfn_planner' with build type 'ament_cmake'
[5.176s] INFO:colcon.colcon_cmake.task.cmake.build:Building CMake package in '/home/agilex/agilex_ws/src/navigation2/nav2_navfn_planner'
[5.180s] INFO:colcon.colcon_core.shell:Skip shell extension 'powershell' for command environment: Not usable outside of PowerShell
[5.180s] DEBUG:colcon.colcon_core.shell:Skip shell extension 'dsv' for command environment
[5.185s] INFO:colcon.colcon_ros.task.ament_cmake.build:Building ROS package in '/home/agilex/agilex_ws/src/navigation2/nav2_smac_planner' with build type 'ament_cmake'
[5.185s] INFO:colcon.colcon_cmake.task.cmake.build:Building CMake package in '/home/agilex/agilex_ws/src/navigation2/nav2_smac_planner'
[5.189s] INFO:colcon.colcon_core.shell:Skip shell extension 'powershell' for command environment: Not usable outside of PowerShell
[5.189s] DEBUG:colcon.colcon_core.shell:Skip shell extension 'dsv' for command environment
[5.194s] INFO:colcon.colcon_ros.task.ament_cmake.build:Building ROS package in '/home/agilex/agilex_ws/src/navigation2/nav2_smoother' with build type 'ament_cmake'
[5.194s] INFO:colcon.colcon_cmake.task.cmake.build:Building CMake package in '/home/agilex/agilex_ws/src/navigation2/nav2_smoother'
[5.199s] INFO:colcon.colcon_core.shell:Skip shell extension 'powershell' for command environment: Not usable outside of PowerShell
[5.199s] DEBUG:colcon.colcon_core.shell:Skip shell extension 'dsv' for command environment
[5.204s] INFO:colcon.colcon_ros.task.ament_cmake.build:Building ROS package in '/home/agilex/agilex_ws/src/navigation2/nav2_theta_star_planner' with build type 'ament_cmake'
[5.204s] INFO:colcon.colcon_cmake.task.cmake.build:Building CMake package in '/home/agilex/agilex_ws/src/navigation2/nav2_theta_star_planner'
[5.209s] INFO:colcon.colcon_core.shell:Skip shell extension 'powershell' for command environment: Not usable outside of PowerShell
[5.209s] DEBUG:colcon.colcon_core.shell:Skip shell extension 'dsv' for command environment
[5.214s] INFO:colcon.colcon_ros.task.ament_cmake.build:Building ROS package in '/home/agilex/agilex_ws/src/navigation2/nav2_constrained_smoother' with build type 'ament_cmake'
[5.214s] INFO:colcon.colcon_cmake.task.cmake.build:Building CMake package in '/home/agilex/agilex_ws/src/navigation2/nav2_constrained_smoother'
[5.218s] INFO:colcon.colcon_core.shell:Skip shell extension 'powershell' for command environment: Not usable outside of PowerShell
[5.218s] DEBUG:colcon.colcon_core.shell:Skip shell extension 'dsv' for command environment
[5.227s] DEBUG:colcon.colcon_core.event_handler.log_command:Invoking command in '/home/agilex/agilex_ws/build/dwb_core': AMENT_PREFIX_PATH=/home/agilex/agilex_ws/install/nav2_core:/home/agilex/agilex_ws/install/nav2_costmap_2d:/home/agilex/agilex_ws/install/nav_2d_utils:/home/agilex/agilex_ws/install/nav2_util:/home/agilex/agilex_ws/install/nav2_voxel_grid:/home/agilex/agilex_ws/install/nav2_msgs:/home/agilex/agilex_ws/install/dwb_msgs:/home/agilex/agilex_ws/install/nav_2d_msgs:/home/agilex/agilex_ws/install/nav2_common CMAKE_PREFIX_PATH=/home/agilex/agilex_ws/install/nav2_core:/home/agilex/agilex_ws/install/nav2_costmap_2d:/home/agilex/agilex_ws/install/nav_2d_utils:/home/agilex/agilex_ws/install/nav2_util:/home/agilex/agilex_ws/install/nav2_voxel_grid:/home/agilex/agilex_ws/install/nav2_msgs:/home/agilex/agilex_ws/install/dwb_msgs:/home/agilex/agilex_ws/install/nav_2d_msgs:/home/agilex/agilex_ws/install/nav2_common LD_LIBRARY_PATH=/home/agilex/agilex_ws/install/nav2_costmap_2d/lib:/home/agilex/agilex_ws/install/nav_2d_utils/lib:/home/agilex/agilex_ws/install/nav2_util/lib:/home/agilex/agilex_ws/install/nav2_voxel_grid/lib:/home/agilex/agilex_ws/install/nav2_msgs/lib:/home/agilex/agilex_ws/install/dwb_msgs/lib:/home/agilex/agilex_ws/install/nav_2d_msgs/lib PYTHONPATH=/home/agilex/agilex_ws/install/nav2_msgs/local/lib/python3.10/dist-packages:/home/agilex/agilex_ws/install/dwb_msgs/local/lib/python3.10/dist-packages:/home/agilex/agilex_ws/install/nav_2d_msgs/local/lib/python3.10/dist-packages:/home/agilex/agilex_ws/install/nav2_common/local/lib/python3.10/dist-packages /usr/bin/cmake --build /home/agilex/agilex_ws/build/dwb_core -- -j16 -l16
[5.232s] DEBUG:colcon.colcon_core.event_handler.log_command:Invoking command in '/home/agilex/agilex_ws/build/nav2_controller': AMENT_PREFIX_PATH=/home/agilex/agilex_ws/install/nav2_core:/home/agilex/agilex_ws/install/nav2_costmap_2d:/home/agilex/agilex_ws/install/nav_2d_utils:/home/agilex/agilex_ws/install/nav2_util:/home/agilex/agilex_ws/install/nav2_voxel_grid:/home/agilex/agilex_ws/install/nav2_msgs:/home/agilex/agilex_ws/install/nav_2d_msgs:/home/agilex/agilex_ws/install/nav2_common CMAKE_PREFIX_PATH=/home/agilex/agilex_ws/install/nav2_core:/home/agilex/agilex_ws/install/nav2_costmap_2d:/home/agilex/agilex_ws/install/nav_2d_utils:/home/agilex/agilex_ws/install/nav2_util:/home/agilex/agilex_ws/install/nav2_voxel_grid:/home/agilex/agilex_ws/install/nav2_msgs:/home/agilex/agilex_ws/install/nav_2d_msgs:/home/agilex/agilex_ws/install/nav2_common LD_LIBRARY_PATH=/home/agilex/agilex_ws/install/nav2_costmap_2d/lib:/home/agilex/agilex_ws/install/nav_2d_utils/lib:/home/agilex/agilex_ws/install/nav2_util/lib:/home/agilex/agilex_ws/install/nav2_voxel_grid/lib:/home/agilex/agilex_ws/install/nav2_msgs/lib:/home/agilex/agilex_ws/install/nav_2d_msgs/lib PYTHONPATH=/home/agilex/agilex_ws/install/nav2_msgs/local/lib/python3.10/dist-packages:/home/agilex/agilex_ws/install/nav_2d_msgs/local/lib/python3.10/dist-packages:/home/agilex/agilex_ws/install/nav2_common/local/lib/python3.10/dist-packages /usr/bin/cmake --build /home/agilex/agilex_ws/build/nav2_controller -- -j16 -l16
[5.235s] DEBUG:colcon.colcon_core.event_handler.log_command:Invoking command in '/home/agilex/agilex_ws/build/nav2_planner': AMENT_PREFIX_PATH=/home/agilex/agilex_ws/install/nav2_core:/home/agilex/agilex_ws/install/nav2_costmap_2d:/home/agilex/agilex_ws/install/nav2_util:/home/agilex/agilex_ws/install/nav2_voxel_grid:/home/agilex/agilex_ws/install/nav2_msgs:/home/agilex/agilex_ws/install/nav2_common CMAKE_PREFIX_PATH=/home/agilex/agilex_ws/install/nav2_core:/home/agilex/agilex_ws/install/nav2_costmap_2d:/home/agilex/agilex_ws/install/nav2_util:/home/agilex/agilex_ws/install/nav2_voxel_grid:/home/agilex/agilex_ws/install/nav2_msgs:/home/agilex/agilex_ws/install/nav2_common LD_LIBRARY_PATH=/home/agilex/agilex_ws/install/nav2_costmap_2d/lib:/home/agilex/agilex_ws/install/nav2_util/lib:/home/agilex/agilex_ws/install/nav2_voxel_grid/lib:/home/agilex/agilex_ws/install/nav2_msgs/lib PYTHONPATH=/home/agilex/agilex_ws/install/nav2_msgs/local/lib/python3.10/dist-packages:/home/agilex/agilex_ws/install/nav2_common/local/lib/python3.10/dist-packages /usr/bin/cmake --build /home/agilex/agilex_ws/build/nav2_planner -- -j16 -l16
[5.237s] DEBUG:colcon.colcon_core.event_handler.log_command:Invoking command in '/home/agilex/agilex_ws/build/nav2_regulated_pure_pursuit_controller': AMENT_PREFIX_PATH=/home/agilex/agilex_ws/install/nav2_core:/home/agilex/agilex_ws/install/nav2_costmap_2d:/home/agilex/agilex_ws/install/nav2_util:/home/agilex/agilex_ws/install/nav2_voxel_grid:/home/agilex/agilex_ws/install/nav2_msgs:/home/agilex/agilex_ws/install/nav2_common CMAKE_PREFIX_PATH=/home/agilex/agilex_ws/install/nav2_core:/home/agilex/agilex_ws/install/nav2_costmap_2d:/home/agilex/agilex_ws/install/nav2_util:/home/agilex/agilex_ws/install/nav2_voxel_grid:/home/agilex/agilex_ws/install/nav2_msgs:/home/agilex/agilex_ws/install/nav2_common LD_LIBRARY_PATH=/home/agilex/agilex_ws/install/nav2_costmap_2d/lib:/home/agilex/agilex_ws/install/nav2_util/lib:/home/agilex/agilex_ws/install/nav2_voxel_grid/lib:/home/agilex/agilex_ws/install/nav2_msgs/lib PYTHONPATH=/home/agilex/agilex_ws/install/nav2_msgs/local/lib/python3.10/dist-packages:/home/agilex/agilex_ws/install/nav2_common/local/lib/python3.10/dist-packages /usr/bin/cmake --build /home/agilex/agilex_ws/build/nav2_regulated_pure_pursuit_controller -- -j16 -l16
[5.240s] DEBUG:colcon.colcon_core.event_handler.log_command:Invoking command in '/home/agilex/agilex_ws/build/nav2_waypoint_follower': AMENT_PREFIX_PATH=/home/agilex/agilex_ws/install/nav2_core:/home/agilex/agilex_ws/install/nav2_costmap_2d:/home/agilex/agilex_ws/install/nav2_util:/home/agilex/agilex_ws/install/nav2_voxel_grid:/home/agilex/agilex_ws/install/nav2_msgs:/home/agilex/agilex_ws/install/nav2_common CMAKE_PREFIX_PATH=/home/agilex/agilex_ws/install/nav2_core:/home/agilex/agilex_ws/install/nav2_costmap_2d:/home/agilex/agilex_ws/install/nav2_util:/home/agilex/agilex_ws/install/nav2_voxel_grid:/home/agilex/agilex_ws/install/nav2_msgs:/home/agilex/agilex_ws/install/nav2_common LD_LIBRARY_PATH=/home/agilex/agilex_ws/install/nav2_costmap_2d/lib:/home/agilex/agilex_ws/install/nav2_util/lib:/home/agilex/agilex_ws/install/nav2_voxel_grid/lib:/home/agilex/agilex_ws/install/nav2_msgs/lib PYTHONPATH=/home/agilex/agilex_ws/install/nav2_msgs/local/lib/python3.10/dist-packages:/home/agilex/agilex_ws/install/nav2_common/local/lib/python3.10/dist-packages /usr/bin/cmake --build /home/agilex/agilex_ws/build/nav2_waypoint_follower -- -j16 -l16
[5.243s] DEBUG:colcon.colcon_core.event_handler.log_command:Invoking command in '/home/agilex/agilex_ws/build/nav2_navfn_planner': AMENT_PREFIX_PATH=/home/agilex/agilex_ws/install/nav2_core:/home/agilex/agilex_ws/install/nav2_costmap_2d:/home/agilex/agilex_ws/install/nav2_util:/home/agilex/agilex_ws/install/nav2_voxel_grid:/home/agilex/agilex_ws/install/nav2_msgs:/home/agilex/agilex_ws/install/nav2_common CMAKE_PREFIX_PATH=/home/agilex/agilex_ws/install/nav2_core:/home/agilex/agilex_ws/install/nav2_costmap_2d:/home/agilex/agilex_ws/install/nav2_util:/home/agilex/agilex_ws/install/nav2_voxel_grid:/home/agilex/agilex_ws/install/nav2_msgs:/home/agilex/agilex_ws/install/nav2_common LD_LIBRARY_PATH=/home/agilex/agilex_ws/install/nav2_costmap_2d/lib:/home/agilex/agilex_ws/install/nav2_util/lib:/home/agilex/agilex_ws/install/nav2_voxel_grid/lib:/home/agilex/agilex_ws/install/nav2_msgs/lib PYTHONPATH=/home/agilex/agilex_ws/install/nav2_msgs/local/lib/python3.10/dist-packages:/home/agilex/agilex_ws/install/nav2_common/local/lib/python3.10/dist-packages /usr/bin/cmake --build /home/agilex/agilex_ws/build/nav2_navfn_planner -- -j16 -l16
[5.246s] DEBUG:colcon.colcon_core.event_handler.log_command:Invoking command in '/home/agilex/agilex_ws/build/nav2_smac_planner': AMENT_PREFIX_PATH=/home/agilex/agilex_ws/install/nav2_core:/home/agilex/agilex_ws/install/nav2_costmap_2d:/home/agilex/agilex_ws/install/nav2_util:/home/agilex/agilex_ws/install/nav2_voxel_grid:/home/agilex/agilex_ws/install/nav2_msgs:/home/agilex/agilex_ws/install/nav2_common CMAKE_PREFIX_PATH=/home/agilex/agilex_ws/install/nav2_core:/home/agilex/agilex_ws/install/nav2_costmap_2d:/home/agilex/agilex_ws/install/nav2_util:/home/agilex/agilex_ws/install/nav2_voxel_grid:/home/agilex/agilex_ws/install/nav2_msgs:/home/agilex/agilex_ws/install/nav2_common LD_LIBRARY_PATH=/home/agilex/agilex_ws/install/nav2_costmap_2d/lib:/home/agilex/agilex_ws/install/nav2_util/lib:/home/agilex/agilex_ws/install/nav2_voxel_grid/lib:/home/agilex/agilex_ws/install/nav2_msgs/lib PYTHONPATH=/home/agilex/agilex_ws/install/nav2_msgs/local/lib/python3.10/dist-packages:/home/agilex/agilex_ws/install/nav2_common/local/lib/python3.10/dist-packages /usr/bin/cmake --build /home/agilex/agilex_ws/build/nav2_smac_planner -- -j16 -l16
[5.250s] DEBUG:colcon.colcon_core.event_handler.log_command:Invoking command in '/home/agilex/agilex_ws/build/nav2_smoother': AMENT_PREFIX_PATH=/home/agilex/agilex_ws/install/nav2_core:/home/agilex/agilex_ws/install/nav2_costmap_2d:/home/agilex/agilex_ws/install/nav_2d_utils:/home/agilex/agilex_ws/install/nav2_util:/home/agilex/agilex_ws/install/nav2_voxel_grid:/home/agilex/agilex_ws/install/nav2_msgs:/home/agilex/agilex_ws/install/nav_2d_msgs:/home/agilex/agilex_ws/install/nav2_common CMAKE_PREFIX_PATH=/home/agilex/agilex_ws/install/nav2_core:/home/agilex/agilex_ws/install/nav2_costmap_2d:/home/agilex/agilex_ws/install/nav_2d_utils:/home/agilex/agilex_ws/install/nav2_util:/home/agilex/agilex_ws/install/nav2_voxel_grid:/home/agilex/agilex_ws/install/nav2_msgs:/home/agilex/agilex_ws/install/nav_2d_msgs:/home/agilex/agilex_ws/install/nav2_common LD_LIBRARY_PATH=/home/agilex/agilex_ws/install/nav2_costmap_2d/lib:/home/agilex/agilex_ws/install/nav_2d_utils/lib:/home/agilex/agilex_ws/install/nav2_util/lib:/home/agilex/agilex_ws/install/nav2_voxel_grid/lib:/home/agilex/agilex_ws/install/nav2_msgs/lib:/home/agilex/agilex_ws/install/nav_2d_msgs/lib PYTHONPATH=/home/agilex/agilex_ws/install/nav2_msgs/local/lib/python3.10/dist-packages:/home/agilex/agilex_ws/install/nav_2d_msgs/local/lib/python3.10/dist-packages:/home/agilex/agilex_ws/install/nav2_common/local/lib/python3.10/dist-packages /usr/bin/cmake --build /home/agilex/agilex_ws/build/nav2_smoother -- -j16 -l16
[5.255s] DEBUG:colcon.colcon_core.event_handler.log_command:Invoking command in '/home/agilex/agilex_ws/build/nav2_theta_star_planner': AMENT_PREFIX_PATH=/home/agilex/agilex_ws/install/nav2_core:/home/agilex/agilex_ws/install/nav2_costmap_2d:/home/agilex/agilex_ws/install/nav2_util:/home/agilex/agilex_ws/install/nav2_voxel_grid:/home/agilex/agilex_ws/install/nav2_msgs:/home/agilex/agilex_ws/install/nav2_common CMAKE_PREFIX_PATH=/home/agilex/agilex_ws/install/nav2_core:/home/agilex/agilex_ws/install/nav2_costmap_2d:/home/agilex/agilex_ws/install/nav2_util:/home/agilex/agilex_ws/install/nav2_voxel_grid:/home/agilex/agilex_ws/install/nav2_msgs:/home/agilex/agilex_ws/install/nav2_common LD_LIBRARY_PATH=/home/agilex/agilex_ws/install/nav2_costmap_2d/lib:/home/agilex/agilex_ws/install/nav2_util/lib:/home/agilex/agilex_ws/install/nav2_voxel_grid/lib:/home/agilex/agilex_ws/install/nav2_msgs/lib PYTHONPATH=/home/agilex/agilex_ws/install/nav2_msgs/local/lib/python3.10/dist-packages:/home/agilex/agilex_ws/install/nav2_common/local/lib/python3.10/dist-packages /usr/bin/cmake --build /home/agilex/agilex_ws/build/nav2_theta_star_planner -- -j16 -l16
[5.260s] DEBUG:colcon.colcon_core.event_handler.log_command:Invoking command in '/home/agilex/agilex_ws/build/nav2_constrained_smoother': AMENT_PREFIX_PATH=/home/agilex/agilex_ws/install/nav2_core:/home/agilex/agilex_ws/install/nav2_costmap_2d:/home/agilex/agilex_ws/install/nav2_util:/home/agilex/agilex_ws/install/nav2_voxel_grid:/home/agilex/agilex_ws/install/nav2_msgs:/home/agilex/agilex_ws/install/nav2_common CMAKE_PREFIX_PATH=/home/agilex/agilex_ws/install/nav2_core:/home/agilex/agilex_ws/install/nav2_costmap_2d:/home/agilex/agilex_ws/install/nav2_util:/home/agilex/agilex_ws/install/nav2_voxel_grid:/home/agilex/agilex_ws/install/nav2_msgs:/home/agilex/agilex_ws/install/nav2_common LD_LIBRARY_PATH=/home/agilex/agilex_ws/install/nav2_costmap_2d/lib:/home/agilex/agilex_ws/install/nav2_util/lib:/home/agilex/agilex_ws/install/nav2_voxel_grid/lib:/home/agilex/agilex_ws/install/nav2_msgs/lib PYTHONPATH=/home/agilex/agilex_ws/install/nav2_msgs/local/lib/python3.10/dist-packages:/home/agilex/agilex_ws/install/nav2_common/local/lib/python3.10/dist-packages /usr/bin/cmake --build /home/agilex/agilex_ws/build/nav2_constrained_smoother -- -j16 -l16
[6.070s] DEBUG:colcon.colcon_core.event_handler.log_command:Invoked command in '/home/agilex/agilex_ws/build/nav2_behavior_tree' returned '0': AMENT_PREFIX_PATH=/home/agilex/agilex_ws/install/nav2_util:/home/agilex/agilex_ws/install/nav2_msgs:/home/agilex/agilex_ws/install/nav2_common CMAKE_PREFIX_PATH=/home/agilex/agilex_ws/install/nav2_util:/home/agilex/agilex_ws/install/nav2_msgs:/home/agilex/agilex_ws/install/nav2_common LD_LIBRARY_PATH=/home/agilex/agilex_ws/install/nav2_util/lib:/home/agilex/agilex_ws/install/nav2_msgs/lib PYTHONPATH=/home/agilex/agilex_ws/install/nav2_msgs/local/lib/python3.10/dist-packages:/home/agilex/agilex_ws/install/nav2_common/local/lib/python3.10/dist-packages /usr/bin/cmake --build /home/agilex/agilex_ws/build/nav2_behavior_tree -- -j16 -l16
[6.285s] DEBUG:colcon.colcon_core.event_handler.log_command:Invoking command in '/home/agilex/agilex_ws/build/nav2_behavior_tree': AMENT_PREFIX_PATH=/home/agilex/agilex_ws/install/nav2_util:/home/agilex/agilex_ws/install/nav2_msgs:/home/agilex/agilex_ws/install/nav2_common CMAKE_PREFIX_PATH=/home/agilex/agilex_ws/install/nav2_util:/home/agilex/agilex_ws/install/nav2_msgs:/home/agilex/agilex_ws/install/nav2_common LD_LIBRARY_PATH=/home/agilex/agilex_ws/install/nav2_util/lib:/home/agilex/agilex_ws/install/nav2_msgs/lib PYTHONPATH=/home/agilex/agilex_ws/install/nav2_msgs/local/lib/python3.10/dist-packages:/home/agilex/agilex_ws/install/nav2_common/local/lib/python3.10/dist-packages /usr/bin/cmake --install /home/agilex/agilex_ws/build/nav2_behavior_tree
[21.460s] DEBUG:colcon.colcon_core.event_handler.log_command:Invoked command in '/home/agilex/agilex_ws/build/costmap_queue' returned '0': AMENT_PREFIX_PATH=/home/agilex/agilex_ws/install/nav2_costmap_2d:/home/agilex/agilex_ws/install/nav2_util:/home/agilex/agilex_ws/install/nav2_voxel_grid:/home/agilex/agilex_ws/install/nav2_msgs:/home/agilex/agilex_ws/install/nav2_common CMAKE_PREFIX_PATH=/home/agilex/agilex_ws/install/nav2_costmap_2d:/home/agilex/agilex_ws/install/nav2_util:/home/agilex/agilex_ws/install/nav2_voxel_grid:/home/agilex/agilex_ws/install/nav2_msgs:/home/agilex/agilex_ws/install/nav2_common LD_LIBRARY_PATH=/home/agilex/agilex_ws/install/nav2_costmap_2d/lib:/home/agilex/agilex_ws/install/nav2_util/lib:/home/agilex/agilex_ws/install/nav2_voxel_grid/lib:/home/agilex/agilex_ws/install/nav2_msgs/lib PYTHONPATH=/home/agilex/agilex_ws/install/nav2_msgs/local/lib/python3.10/dist-packages:/home/agilex/agilex_ws/install/nav2_common/local/lib/python3.10/dist-packages /usr/bin/cmake --build /home/agilex/agilex_ws/build/costmap_queue -- -j16 -l16
[21.519s] DEBUG:colcon.colcon_core.event_handler.log_command:Invoking command in '/home/agilex/agilex_ws/build/costmap_queue': AMENT_PREFIX_PATH=/home/agilex/agilex_ws/install/nav2_costmap_2d:/home/agilex/agilex_ws/install/nav2_util:/home/agilex/agilex_ws/install/nav2_voxel_grid:/home/agilex/agilex_ws/install/nav2_msgs:/home/agilex/agilex_ws/install/nav2_common CMAKE_PREFIX_PATH=/home/agilex/agilex_ws/install/nav2_costmap_2d:/home/agilex/agilex_ws/install/nav2_util:/home/agilex/agilex_ws/install/nav2_voxel_grid:/home/agilex/agilex_ws/install/nav2_msgs:/home/agilex/agilex_ws/install/nav2_common LD_LIBRARY_PATH=/home/agilex/agilex_ws/install/nav2_costmap_2d/lib:/home/agilex/agilex_ws/install/nav2_util/lib:/home/agilex/agilex_ws/install/nav2_voxel_grid/lib:/home/agilex/agilex_ws/install/nav2_msgs/lib PYTHONPATH=/home/agilex/agilex_ws/install/nav2_msgs/local/lib/python3.10/dist-packages:/home/agilex/agilex_ws/install/nav2_common/local/lib/python3.10/dist-packages /usr/bin/cmake --install /home/agilex/agilex_ws/build/costmap_queue
[36.640s] DEBUG:colcon.colcon_core.event_handler.log_command:Invoked command in '/home/agilex/agilex_ws/build/nav2_navfn_planner' returned '0': AMENT_PREFIX_PATH=/home/agilex/agilex_ws/install/nav2_core:/home/agilex/agilex_ws/install/nav2_costmap_2d:/home/agilex/agilex_ws/install/nav2_util:/home/agilex/agilex_ws/install/nav2_voxel_grid:/home/agilex/agilex_ws/install/nav2_msgs:/home/agilex/agilex_ws/install/nav2_common CMAKE_PREFIX_PATH=/home/agilex/agilex_ws/install/nav2_core:/home/agilex/agilex_ws/install/nav2_costmap_2d:/home/agilex/agilex_ws/install/nav2_util:/home/agilex/agilex_ws/install/nav2_voxel_grid:/home/agilex/agilex_ws/install/nav2_msgs:/home/agilex/agilex_ws/install/nav2_common LD_LIBRARY_PATH=/home/agilex/agilex_ws/install/nav2_costmap_2d/lib:/home/agilex/agilex_ws/install/nav2_util/lib:/home/agilex/agilex_ws/install/nav2_voxel_grid/lib:/home/agilex/agilex_ws/install/nav2_msgs/lib PYTHONPATH=/home/agilex/agilex_ws/install/nav2_msgs/local/lib/python3.10/dist-packages:/home/agilex/agilex_ws/install/nav2_common/local/lib/python3.10/dist-packages /usr/bin/cmake --build /home/agilex/agilex_ws/build/nav2_navfn_planner -- -j16 -l16
[36.673s] DEBUG:colcon.colcon_core.event_handler.log_command:Invoking command in '/home/agilex/agilex_ws/build/nav2_navfn_planner': AMENT_PREFIX_PATH=/home/agilex/agilex_ws/install/nav2_core:/home/agilex/agilex_ws/install/nav2_costmap_2d:/home/agilex/agilex_ws/install/nav2_util:/home/agilex/agilex_ws/install/nav2_voxel_grid:/home/agilex/agilex_ws/install/nav2_msgs:/home/agilex/agilex_ws/install/nav2_common CMAKE_PREFIX_PATH=/home/agilex/agilex_ws/install/nav2_core:/home/agilex/agilex_ws/install/nav2_costmap_2d:/home/agilex/agilex_ws/install/nav2_util:/home/agilex/agilex_ws/install/nav2_voxel_grid:/home/agilex/agilex_ws/install/nav2_msgs:/home/agilex/agilex_ws/install/nav2_common LD_LIBRARY_PATH=/home/agilex/agilex_ws/install/nav2_costmap_2d/lib:/home/agilex/agilex_ws/install/nav2_util/lib:/home/agilex/agilex_ws/install/nav2_voxel_grid/lib:/home/agilex/agilex_ws/install/nav2_msgs/lib PYTHONPATH=/home/agilex/agilex_ws/install/nav2_msgs/local/lib/python3.10/dist-packages:/home/agilex/agilex_ws/install/nav2_common/local/lib/python3.10/dist-packages /usr/bin/cmake --install /home/agilex/agilex_ws/build/nav2_navfn_planner
[37.698s] DEBUG:colcon.colcon_core.event_handler.log_command:Invoked command in '/home/agilex/agilex_ws/build/nav2_theta_star_planner' returned '0': AMENT_PREFIX_PATH=/home/agilex/agilex_ws/install/nav2_core:/home/agilex/agilex_ws/install/nav2_costmap_2d:/home/agilex/agilex_ws/install/nav2_util:/home/agilex/agilex_ws/install/nav2_voxel_grid:/home/agilex/agilex_ws/install/nav2_msgs:/home/agilex/agilex_ws/install/nav2_common CMAKE_PREFIX_PATH=/home/agilex/agilex_ws/install/nav2_core:/home/agilex/agilex_ws/install/nav2_costmap_2d:/home/agilex/agilex_ws/install/nav2_util:/home/agilex/agilex_ws/install/nav2_voxel_grid:/home/agilex/agilex_ws/install/nav2_msgs:/home/agilex/agilex_ws/install/nav2_common LD_LIBRARY_PATH=/home/agilex/agilex_ws/install/nav2_costmap_2d/lib:/home/agilex/agilex_ws/install/nav2_util/lib:/home/agilex/agilex_ws/install/nav2_voxel_grid/lib:/home/agilex/agilex_ws/install/nav2_msgs/lib PYTHONPATH=/home/agilex/agilex_ws/install/nav2_msgs/local/lib/python3.10/dist-packages:/home/agilex/agilex_ws/install/nav2_common/local/lib/python3.10/dist-packages /usr/bin/cmake --build /home/agilex/agilex_ws/build/nav2_theta_star_planner -- -j16 -l16
[37.710s] Level 1:colcon.colcon_core.environment:create_environment_scripts_only(nav2_behavior_tree)
[37.749s] DEBUG:colcon.colcon_core.event_handler.log_command:Invoked command in '/home/agilex/agilex_ws/build/nav2_behavior_tree' returned '0': AMENT_PREFIX_PATH=/home/agilex/agilex_ws/install/nav2_util:/home/agilex/agilex_ws/install/nav2_msgs:/home/agilex/agilex_ws/install/nav2_common CMAKE_PREFIX_PATH=/home/agilex/agilex_ws/install/nav2_util:/home/agilex/agilex_ws/install/nav2_msgs:/home/agilex/agilex_ws/install/nav2_common LD_LIBRARY_PATH=/home/agilex/agilex_ws/install/nav2_util/lib:/home/agilex/agilex_ws/install/nav2_msgs/lib PYTHONPATH=/home/agilex/agilex_ws/install/nav2_msgs/local/lib/python3.10/dist-packages:/home/agilex/agilex_ws/install/nav2_common/local/lib/python3.10/dist-packages /usr/bin/cmake --install /home/agilex/agilex_ws/build/nav2_behavior_tree
[37.780s] Level 1:colcon.colcon_core.environment:checking '/home/agilex/agilex_ws/install/nav2_behavior_tree' for CMake module files
[37.782s] Level 1:colcon.colcon_core.environment:checking '/home/agilex/agilex_ws/install/nav2_behavior_tree' for CMake config files
[37.784s] Level 1:colcon.colcon_core.shell:create_environment_hook('nav2_behavior_tree', 'cmake_prefix_path')
[37.796s] INFO:colcon.colcon_core.shell:Creating environment hook '/home/agilex/agilex_ws/install/nav2_behavior_tree/share/nav2_behavior_tree/hook/cmake_prefix_path.ps1'
[37.807s] INFO:colcon.colcon_core.shell:Creating environment descriptor '/home/agilex/agilex_ws/install/nav2_behavior_tree/share/nav2_behavior_tree/hook/cmake_prefix_path.dsv'
[37.811s] INFO:colcon.colcon_core.shell:Creating environment hook '/home/agilex/agilex_ws/install/nav2_behavior_tree/share/nav2_behavior_tree/hook/cmake_prefix_path.sh'
[37.815s] Level 1:colcon.colcon_core.environment:checking '/home/agilex/agilex_ws/install/nav2_behavior_tree/lib'
[37.816s] Level 1:colcon.colcon_core.shell:create_environment_hook('nav2_behavior_tree', 'ld_library_path_lib')
[37.826s] INFO:colcon.colcon_core.shell:Creating environment hook '/home/agilex/agilex_ws/install/nav2_behavior_tree/share/nav2_behavior_tree/hook/ld_library_path_lib.ps1'
[37.828s] INFO:colcon.colcon_core.shell:Creating environment descriptor '/home/agilex/agilex_ws/install/nav2_behavior_tree/share/nav2_behavior_tree/hook/ld_library_path_lib.dsv'
[37.828s] INFO:colcon.colcon_core.shell:Creating environment hook '/home/agilex/agilex_ws/install/nav2_behavior_tree/share/nav2_behavior_tree/hook/ld_library_path_lib.sh'
[37.829s] Level 1:colcon.colcon_core.environment:checking '/home/agilex/agilex_ws/install/nav2_behavior_tree/bin'
[37.830s] Level 1:colcon.colcon_core.environment:checking '/home/agilex/agilex_ws/install/nav2_behavior_tree/lib/pkgconfig/nav2_behavior_tree.pc'
[37.833s] Level 1:colcon.colcon_core.environment:checking '/home/agilex/agilex_ws/install/nav2_behavior_tree/lib/python3.10/site-packages'
[37.834s] Level 1:colcon.colcon_core.environment:checking '/home/agilex/agilex_ws/install/nav2_behavior_tree/bin'
[37.844s] INFO:colcon.colcon_core.shell:Creating package script '/home/agilex/agilex_ws/install/nav2_behavior_tree/share/nav2_behavior_tree/package.ps1'
[37.846s] INFO:colcon.colcon_core.shell:Creating package descriptor '/home/agilex/agilex_ws/install/nav2_behavior_tree/share/nav2_behavior_tree/package.dsv'
[37.847s] INFO:colcon.colcon_core.shell:Creating package script '/home/agilex/agilex_ws/install/nav2_behavior_tree/share/nav2_behavior_tree/package.sh'
[37.849s] INFO:colcon.colcon_core.shell:Creating package script '/home/agilex/agilex_ws/install/nav2_behavior_tree/share/nav2_behavior_tree/package.bash'
[37.850s] INFO:colcon.colcon_core.shell:Creating package script '/home/agilex/agilex_ws/install/nav2_behavior_tree/share/nav2_behavior_tree/package.zsh'
[37.852s] Level 1:colcon.colcon_core.environment:create_file_with_runtime_dependencies(/home/agilex/agilex_ws/install/nav2_behavior_tree/share/colcon-core/packages/nav2_behavior_tree)
[37.859s] Level 1:colcon.colcon_core.environment:create_environment_scripts_only(costmap_queue)
[37.859s] DEBUG:colcon.colcon_core.event_handler.log_command:Invoked command in '/home/agilex/agilex_ws/build/costmap_queue' returned '0': AMENT_PREFIX_PATH=/home/agilex/agilex_ws/install/nav2_costmap_2d:/home/agilex/agilex_ws/install/nav2_util:/home/agilex/agilex_ws/install/nav2_voxel_grid:/home/agilex/agilex_ws/install/nav2_msgs:/home/agilex/agilex_ws/install/nav2_common CMAKE_PREFIX_PATH=/home/agilex/agilex_ws/install/nav2_costmap_2d:/home/agilex/agilex_ws/install/nav2_util:/home/agilex/agilex_ws/install/nav2_voxel_grid:/home/agilex/agilex_ws/install/nav2_msgs:/home/agilex/agilex_ws/install/nav2_common LD_LIBRARY_PATH=/home/agilex/agilex_ws/install/nav2_costmap_2d/lib:/home/agilex/agilex_ws/install/nav2_util/lib:/home/agilex/agilex_ws/install/nav2_voxel_grid/lib:/home/agilex/agilex_ws/install/nav2_msgs/lib PYTHONPATH=/home/agilex/agilex_ws/install/nav2_msgs/local/lib/python3.10/dist-packages:/home/agilex/agilex_ws/install/nav2_common/local/lib/python3.10/dist-packages /usr/bin/cmake --install /home/agilex/agilex_ws/build/costmap_queue
[37.869s] Level 1:colcon.colcon_core.environment:checking '/home/agilex/agilex_ws/install/costmap_queue' for CMake module files
[37.870s] Level 1:colcon.colcon_core.environment:checking '/home/agilex/agilex_ws/install/costmap_queue' for CMake config files
[37.871s] Level 1:colcon.colcon_core.shell:create_environment_hook('costmap_queue', 'cmake_prefix_path')
[37.881s] INFO:colcon.colcon_core.shell:Creating environment hook '/home/agilex/agilex_ws/install/costmap_queue/share/costmap_queue/hook/cmake_prefix_path.ps1'
[37.881s] INFO:colcon.colcon_core.shell:Creating environment descriptor '/home/agilex/agilex_ws/install/costmap_queue/share/costmap_queue/hook/cmake_prefix_path.dsv'
[37.882s] INFO:colcon.colcon_core.shell:Creating environment hook '/home/agilex/agilex_ws/install/costmap_queue/share/costmap_queue/hook/cmake_prefix_path.sh'
[37.883s] Level 1:colcon.colcon_core.environment:checking '/home/agilex/agilex_ws/install/costmap_queue/lib'
[37.883s] Level 1:colcon.colcon_core.environment:checking '/home/agilex/agilex_ws/install/costmap_queue/bin'
[37.883s] Level 1:colcon.colcon_core.environment:checking '/home/agilex/agilex_ws/install/costmap_queue/lib/pkgconfig/costmap_queue.pc'
[37.884s] Level 1:colcon.colcon_core.environment:checking '/home/agilex/agilex_ws/install/costmap_queue/lib/python3.10/site-packages'
[37.884s] Level 1:colcon.colcon_core.environment:checking '/home/agilex/agilex_ws/install/costmap_queue/bin'
[37.895s] INFO:colcon.colcon_core.shell:Creating package script '/home/agilex/agilex_ws/install/costmap_queue/share/costmap_queue/package.ps1'
[37.895s] INFO:colcon.colcon_core.shell:Creating package descriptor '/home/agilex/agilex_ws/install/costmap_queue/share/costmap_queue/package.dsv'
[37.896s] INFO:colcon.colcon_core.shell:Creating package script '/home/agilex/agilex_ws/install/costmap_queue/share/costmap_queue/package.sh'
[37.896s] INFO:colcon.colcon_core.shell:Creating package script '/home/agilex/agilex_ws/install/costmap_queue/share/costmap_queue/package.bash'
[37.897s] INFO:colcon.colcon_core.shell:Creating package script '/home/agilex/agilex_ws/install/costmap_queue/share/costmap_queue/package.zsh'
[37.897s] Level 1:colcon.colcon_core.environment:create_file_with_runtime_dependencies(/home/agilex/agilex_ws/install/costmap_queue/share/colcon-core/packages/costmap_queue)
[37.900s] Level 1:colcon.colcon_core.environment:create_environment_scripts_only(nav2_navfn_planner)
[37.901s] DEBUG:colcon.colcon_core.event_handler.log_command:Invoked command in '/home/agilex/agilex_ws/build/nav2_navfn_planner' returned '0': AMENT_PREFIX_PATH=/home/agilex/agilex_ws/install/nav2_core:/home/agilex/agilex_ws/install/nav2_costmap_2d:/home/agilex/agilex_ws/install/nav2_util:/home/agilex/agilex_ws/install/nav2_voxel_grid:/home/agilex/agilex_ws/install/nav2_msgs:/home/agilex/agilex_ws/install/nav2_common CMAKE_PREFIX_PATH=/home/agilex/agilex_ws/install/nav2_core:/home/agilex/agilex_ws/install/nav2_costmap_2d:/home/agilex/agilex_ws/install/nav2_util:/home/agilex/agilex_ws/install/nav2_voxel_grid:/home/agilex/agilex_ws/install/nav2_msgs:/home/agilex/agilex_ws/install/nav2_common LD_LIBRARY_PATH=/home/agilex/agilex_ws/install/nav2_costmap_2d/lib:/home/agilex/agilex_ws/install/nav2_util/lib:/home/agilex/agilex_ws/install/nav2_voxel_grid/lib:/home/agilex/agilex_ws/install/nav2_msgs/lib PYTHONPATH=/home/agilex/agilex_ws/install/nav2_msgs/local/lib/python3.10/dist-packages:/home/agilex/agilex_ws/install/nav2_common/local/lib/python3.10/dist-packages /usr/bin/cmake --install /home/agilex/agilex_ws/build/nav2_navfn_planner
[37.911s] Level 1:colcon.colcon_core.environment:checking '/home/agilex/agilex_ws/install/nav2_navfn_planner' for CMake module files
[37.912s] Level 1:colcon.colcon_core.environment:checking '/home/agilex/agilex_ws/install/nav2_navfn_planner' for CMake config files
[37.913s] Level 1:colcon.colcon_core.shell:create_environment_hook('nav2_navfn_planner', 'cmake_prefix_path')
[37.922s] INFO:colcon.colcon_core.shell:Creating environment hook '/home/agilex/agilex_ws/install/nav2_navfn_planner/share/nav2_navfn_planner/hook/cmake_prefix_path.ps1'
[37.923s] INFO:colcon.colcon_core.shell:Creating environment descriptor '/home/agilex/agilex_ws/install/nav2_navfn_planner/share/nav2_navfn_planner/hook/cmake_prefix_path.dsv'
[37.924s] INFO:colcon.colcon_core.shell:Creating environment hook '/home/agilex/agilex_ws/install/nav2_navfn_planner/share/nav2_navfn_planner/hook/cmake_prefix_path.sh'
[37.926s] Level 1:colcon.colcon_core.environment:checking '/home/agilex/agilex_ws/install/nav2_navfn_planner/lib'
[37.926s] Level 1:colcon.colcon_core.shell:create_environment_hook('nav2_navfn_planner', 'ld_library_path_lib')
[37.934s] INFO:colcon.colcon_core.shell:Creating environment hook '/home/agilex/agilex_ws/install/nav2_navfn_planner/share/nav2_navfn_planner/hook/ld_library_path_lib.ps1'
[37.935s] INFO:colcon.colcon_core.shell:Creating environment descriptor '/home/agilex/agilex_ws/install/nav2_navfn_planner/share/nav2_navfn_planner/hook/ld_library_path_lib.dsv'
[37.936s] INFO:colcon.colcon_core.shell:Creating environment hook '/home/agilex/agilex_ws/install/nav2_navfn_planner/share/nav2_navfn_planner/hook/ld_library_path_lib.sh'
[37.936s] Level 1:colcon.colcon_core.environment:checking '/home/agilex/agilex_ws/install/nav2_navfn_planner/bin'
[37.936s] Level 1:colcon.colcon_core.environment:checking '/home/agilex/agilex_ws/install/nav2_navfn_planner/lib/pkgconfig/nav2_navfn_planner.pc'
[37.937s] Level 1:colcon.colcon_core.environment:checking '/home/agilex/agilex_ws/install/nav2_navfn_planner/lib/python3.10/site-packages'
[37.937s] Level 1:colcon.colcon_core.environment:checking '/home/agilex/agilex_ws/install/nav2_navfn_planner/bin'
[37.947s] INFO:colcon.colcon_core.shell:Creating package script '/home/agilex/agilex_ws/install/nav2_navfn_planner/share/nav2_navfn_planner/package.ps1'
[37.947s] INFO:colcon.colcon_core.shell:Creating package descriptor '/home/agilex/agilex_ws/install/nav2_navfn_planner/share/nav2_navfn_planner/package.dsv'
[37.948s] INFO:colcon.colcon_core.shell:Creating package script '/home/agilex/agilex_ws/install/nav2_navfn_planner/share/nav2_navfn_planner/package.sh'
[37.949s] INFO:colcon.colcon_core.shell:Creating package script '/home/agilex/agilex_ws/install/nav2_navfn_planner/share/nav2_navfn_planner/package.bash'
[37.949s] INFO:colcon.colcon_core.shell:Creating package script '/home/agilex/agilex_ws/install/nav2_navfn_planner/share/nav2_navfn_planner/package.zsh'
[37.950s] Level 1:colcon.colcon_core.environment:create_file_with_runtime_dependencies(/home/agilex/agilex_ws/install/nav2_navfn_planner/share/colcon-core/packages/nav2_navfn_planner)
[37.956s] DEBUG:colcon.colcon_core.event_handler.log_command:Invoking command in '/home/agilex/agilex_ws/build/nav2_theta_star_planner': AMENT_PREFIX_PATH=/home/agilex/agilex_ws/install/nav2_core:/home/agilex/agilex_ws/install/nav2_costmap_2d:/home/agilex/agilex_ws/install/nav2_util:/home/agilex/agilex_ws/install/nav2_voxel_grid:/home/agilex/agilex_ws/install/nav2_msgs:/home/agilex/agilex_ws/install/nav2_common CMAKE_PREFIX_PATH=/home/agilex/agilex_ws/install/nav2_core:/home/agilex/agilex_ws/install/nav2_costmap_2d:/home/agilex/agilex_ws/install/nav2_util:/home/agilex/agilex_ws/install/nav2_voxel_grid:/home/agilex/agilex_ws/install/nav2_msgs:/home/agilex/agilex_ws/install/nav2_common LD_LIBRARY_PATH=/home/agilex/agilex_ws/install/nav2_costmap_2d/lib:/home/agilex/agilex_ws/install/nav2_util/lib:/home/agilex/agilex_ws/install/nav2_voxel_grid/lib:/home/agilex/agilex_ws/install/nav2_msgs/lib PYTHONPATH=/home/agilex/agilex_ws/install/nav2_msgs/local/lib/python3.10/dist-packages:/home/agilex/agilex_ws/install/nav2_common/local/lib/python3.10/dist-packages /usr/bin/cmake --install /home/agilex/agilex_ws/build/nav2_theta_star_planner
[37.966s] Level 1:colcon.colcon_core.environment:create_environment_scripts_only(costmap_queue)
[37.977s] Level 1:colcon.colcon_core.environment:checking '/home/agilex/agilex_ws/install/costmap_queue' for CMake module files
[37.977s] Level 1:colcon.colcon_core.environment:checking '/home/agilex/agilex_ws/install/costmap_queue' for CMake config files
[37.977s] Level 1:colcon.colcon_core.shell:create_environment_hook('costmap_queue', 'cmake_prefix_path')
[37.983s] INFO:colcon.colcon_core.shell:Creating environment hook '/home/agilex/agilex_ws/install/costmap_queue/share/costmap_queue/hook/cmake_prefix_path.ps1'
[37.983s] INFO:colcon.colcon_core.shell:Creating environment descriptor '/home/agilex/agilex_ws/install/costmap_queue/share/costmap_queue/hook/cmake_prefix_path.dsv'
[37.984s] INFO:colcon.colcon_core.shell:Creating environment hook '/home/agilex/agilex_ws/install/costmap_queue/share/costmap_queue/hook/cmake_prefix_path.sh'
[37.984s] Level 1:colcon.colcon_core.environment:checking '/home/agilex/agilex_ws/install/costmap_queue/lib'
[37.984s] Level 1:colcon.colcon_core.environment:checking '/home/agilex/agilex_ws/install/costmap_queue/bin'
[37.984s] Level 1:colcon.colcon_core.environment:checking '/home/agilex/agilex_ws/install/costmap_queue/lib/pkgconfig/costmap_queue.pc'
[37.984s] Level 1:colcon.colcon_core.environment:checking '/home/agilex/agilex_ws/install/costmap_queue/lib/python3.10/site-packages'
[37.985s] Level 1:colcon.colcon_core.environment:checking '/home/agilex/agilex_ws/install/costmap_queue/bin'
[37.992s] INFO:colcon.colcon_core.shell:Creating package script '/home/agilex/agilex_ws/install/costmap_queue/share/costmap_queue/package.ps1'
[37.993s] INFO:colcon.colcon_core.shell:Creating package descriptor '/home/agilex/agilex_ws/install/costmap_queue/share/costmap_queue/package.dsv'
[37.994s] INFO:colcon.colcon_core.shell:Creating package script '/home/agilex/agilex_ws/install/costmap_queue/share/costmap_queue/package.sh'
[37.994s] INFO:colcon.colcon_core.shell:Creating package script '/home/agilex/agilex_ws/install/costmap_queue/share/costmap_queue/package.bash'
[37.995s] INFO:colcon.colcon_core.shell:Creating package script '/home/agilex/agilex_ws/install/costmap_queue/share/costmap_queue/package.zsh'
[37.995s] Level 1:colcon.colcon_core.environment:create_file_with_runtime_dependencies(/home/agilex/agilex_ws/install/costmap_queue/share/colcon-core/packages/costmap_queue)
[38.013s] Level 1:colcon.colcon_core.environment:create_environment_scripts_only(nav2_behavior_tree)
[38.022s] Level 1:colcon.colcon_core.environment:checking '/home/agilex/agilex_ws/install/nav2_behavior_tree' for CMake module files
[38.023s] Level 1:colcon.colcon_core.environment:checking '/home/agilex/agilex_ws/install/nav2_behavior_tree' for CMake config files
[38.023s] Level 1:colcon.colcon_core.shell:create_environment_hook('nav2_behavior_tree', 'cmake_prefix_path')
[38.032s] INFO:colcon.colcon_core.shell:Creating environment hook '/home/agilex/agilex_ws/install/nav2_behavior_tree/share/nav2_behavior_tree/hook/cmake_prefix_path.ps1'
[38.033s] INFO:colcon.colcon_core.shell:Creating environment descriptor '/home/agilex/agilex_ws/install/nav2_behavior_tree/share/nav2_behavior_tree/hook/cmake_prefix_path.dsv'
[38.034s] INFO:colcon.colcon_core.shell:Creating environment hook '/home/agilex/agilex_ws/install/nav2_behavior_tree/share/nav2_behavior_tree/hook/cmake_prefix_path.sh'
[38.035s] Level 1:colcon.colcon_core.environment:checking '/home/agilex/agilex_ws/install/nav2_behavior_tree/lib'
[38.035s] Level 1:colcon.colcon_core.shell:create_environment_hook('nav2_behavior_tree', 'ld_library_path_lib')
[38.044s] INFO:colcon.colcon_core.shell:Creating environment hook '/home/agilex/agilex_ws/install/nav2_behavior_tree/share/nav2_behavior_tree/hook/ld_library_path_lib.ps1'
[38.044s] INFO:colcon.colcon_core.shell:Creating environment descriptor '/home/agilex/agilex_ws/install/nav2_behavior_tree/share/nav2_behavior_tree/hook/ld_library_path_lib.dsv'
[38.045s] INFO:colcon.colcon_core.shell:Creating environment hook '/home/agilex/agilex_ws/install/nav2_behavior_tree/share/nav2_behavior_tree/hook/ld_library_path_lib.sh'
[38.045s] Level 1:colcon.colcon_core.environment:checking '/home/agilex/agilex_ws/install/nav2_behavior_tree/bin'
[38.045s] Level 1:colcon.colcon_core.environment:checking '/home/agilex/agilex_ws/install/nav2_behavior_tree/lib/pkgconfig/nav2_behavior_tree.pc'
[38.045s] Level 1:colcon.colcon_core.environment:checking '/home/agilex/agilex_ws/install/nav2_behavior_tree/lib/python3.10/site-packages'
[38.046s] Level 1:colcon.colcon_core.environment:checking '/home/agilex/agilex_ws/install/nav2_behavior_tree/bin'
[38.054s] INFO:colcon.colcon_core.shell:Creating package script '/home/agilex/agilex_ws/install/nav2_behavior_tree/share/nav2_behavior_tree/package.ps1'
[38.055s] INFO:colcon.colcon_core.shell:Creating package descriptor '/home/agilex/agilex_ws/install/nav2_behavior_tree/share/nav2_behavior_tree/package.dsv'
[38.056s] INFO:colcon.colcon_core.shell:Creating package script '/home/agilex/agilex_ws/install/nav2_behavior_tree/share/nav2_behavior_tree/package.sh'
[38.056s] INFO:colcon.colcon_core.shell:Creating package script '/home/agilex/agilex_ws/install/nav2_behavior_tree/share/nav2_behavior_tree/package.bash'
[38.057s] INFO:colcon.colcon_core.shell:Creating package script '/home/agilex/agilex_ws/install/nav2_behavior_tree/share/nav2_behavior_tree/package.zsh'
[38.057s] Level 1:colcon.colcon_core.environment:create_file_with_runtime_dependencies(/home/agilex/agilex_ws/install/nav2_behavior_tree/share/colcon-core/packages/nav2_behavior_tree)
[38.068s] Level 1:colcon.colcon_core.environment:create_environment_scripts_only(nav2_navfn_planner)
[38.078s] Level 1:colcon.colcon_core.environment:checking '/home/agilex/agilex_ws/install/nav2_navfn_planner' for CMake module files
[38.078s] Level 1:colcon.colcon_core.environment:checking '/home/agilex/agilex_ws/install/nav2_navfn_planner' for CMake config files
[38.079s] Level 1:colcon.colcon_core.shell:create_environment_hook('nav2_navfn_planner', 'cmake_prefix_path')
[38.087s] INFO:colcon.colcon_core.shell:Creating environment hook '/home/agilex/agilex_ws/install/nav2_navfn_planner/share/nav2_navfn_planner/hook/cmake_prefix_path.ps1'
[38.087s] INFO:colcon.colcon_core.shell:Creating environment descriptor '/home/agilex/agilex_ws/install/nav2_navfn_planner/share/nav2_navfn_planner/hook/cmake_prefix_path.dsv'
[38.088s] INFO:colcon.colcon_core.shell:Creating environment hook '/home/agilex/agilex_ws/install/nav2_navfn_planner/share/nav2_navfn_planner/hook/cmake_prefix_path.sh'
[38.089s] Level 1:colcon.colcon_core.environment:checking '/home/agilex/agilex_ws/install/nav2_navfn_planner/lib'
[38.090s] Level 1:colcon.colcon_core.shell:create_environment_hook('nav2_navfn_planner', 'ld_library_path_lib')
[38.101s] INFO:colcon.colcon_core.shell:Creating environment hook '/home/agilex/agilex_ws/install/nav2_navfn_planner/share/nav2_navfn_planner/hook/ld_library_path_lib.ps1'
[38.102s] INFO:colcon.colcon_core.shell:Creating environment descriptor '/home/agilex/agilex_ws/install/nav2_navfn_planner/share/nav2_navfn_planner/hook/ld_library_path_lib.dsv'
[38.102s] INFO:colcon.colcon_core.shell:Creating environment hook '/home/agilex/agilex_ws/install/nav2_navfn_planner/share/nav2_navfn_planner/hook/ld_library_path_lib.sh'
[38.103s] Level 1:colcon.colcon_core.environment:checking '/home/agilex/agilex_ws/install/nav2_navfn_planner/bin'
[38.103s] Level 1:colcon.colcon_core.environment:checking '/home/agilex/agilex_ws/install/nav2_navfn_planner/lib/pkgconfig/nav2_navfn_planner.pc'
[38.104s] Level 1:colcon.colcon_core.environment:checking '/home/agilex/agilex_ws/install/nav2_navfn_planner/lib/python3.10/site-packages'
[38.104s] Level 1:colcon.colcon_core.environment:checking '/home/agilex/agilex_ws/install/nav2_navfn_planner/bin'
[38.113s] INFO:colcon.colcon_core.shell:Creating package script '/home/agilex/agilex_ws/install/nav2_navfn_planner/share/nav2_navfn_planner/package.ps1'
[38.114s] INFO:colcon.colcon_core.shell:Creating package descriptor '/home/agilex/agilex_ws/install/nav2_navfn_planner/share/nav2_navfn_planner/package.dsv'
[38.115s] INFO:colcon.colcon_core.shell:Creating package script '/home/agilex/agilex_ws/install/nav2_navfn_planner/share/nav2_navfn_planner/package.sh'
[38.115s] INFO:colcon.colcon_core.shell:Creating package script '/home/agilex/agilex_ws/install/nav2_navfn_planner/share/nav2_navfn_planner/package.bash'
[38.116s] INFO:colcon.colcon_core.shell:Creating package script '/home/agilex/agilex_ws/install/nav2_navfn_planner/share/nav2_navfn_planner/package.zsh'
[38.116s] Level 1:colcon.colcon_core.environment:create_file_with_runtime_dependencies(/home/agilex/agilex_ws/install/nav2_navfn_planner/share/colcon-core/packages/nav2_navfn_planner)
[38.118s] INFO:colcon.colcon_ros.task.ament_cmake.build:Building ROS package in '/home/agilex/agilex_ws/src/navigation2/nav2_bt_navigator' with build type 'ament_cmake'
[38.119s] INFO:colcon.colcon_cmake.task.cmake.build:Building CMake package in '/home/agilex/agilex_ws/src/navigation2/nav2_bt_navigator'
[38.131s] INFO:colcon.colcon_core.shell:Skip shell extension 'powershell' for command environment: Not usable outside of PowerShell
[38.131s] DEBUG:colcon.colcon_core.shell:Skip shell extension 'dsv' for command environment
[38.149s] INFO:colcon.colcon_ros.task.ament_cmake.build:Building ROS package in '/home/agilex/agilex_ws/src/navigation2/nav2_behaviors' with build type 'ament_cmake'
[38.149s] INFO:colcon.colcon_cmake.task.cmake.build:Building CMake package in '/home/agilex/agilex_ws/src/navigation2/nav2_behaviors'
[38.160s] INFO:colcon.colcon_core.shell:Skip shell extension 'powershell' for command environment: Not usable outside of PowerShell
[38.160s] DEBUG:colcon.colcon_core.shell:Skip shell extension 'dsv' for command environment
[38.172s] Level 1:colcon.colcon_core.environment:create_environment_scripts_only(nav2_theta_star_planner)
[38.173s] DEBUG:colcon.colcon_core.event_handler.log_command:Invoked command in '/home/agilex/agilex_ws/build/nav2_theta_star_planner' returned '0': AMENT_PREFIX_PATH=/home/agilex/agilex_ws/install/nav2_core:/home/agilex/agilex_ws/install/nav2_costmap_2d:/home/agilex/agilex_ws/install/nav2_util:/home/agilex/agilex_ws/install/nav2_voxel_grid:/home/agilex/agilex_ws/install/nav2_msgs:/home/agilex/agilex_ws/install/nav2_common CMAKE_PREFIX_PATH=/home/agilex/agilex_ws/install/nav2_core:/home/agilex/agilex_ws/install/nav2_costmap_2d:/home/agilex/agilex_ws/install/nav2_util:/home/agilex/agilex_ws/install/nav2_voxel_grid:/home/agilex/agilex_ws/install/nav2_msgs:/home/agilex/agilex_ws/install/nav2_common LD_LIBRARY_PATH=/home/agilex/agilex_ws/install/nav2_costmap_2d/lib:/home/agilex/agilex_ws/install/nav2_util/lib:/home/agilex/agilex_ws/install/nav2_voxel_grid/lib:/home/agilex/agilex_ws/install/nav2_msgs/lib PYTHONPATH=/home/agilex/agilex_ws/install/nav2_msgs/local/lib/python3.10/dist-packages:/home/agilex/agilex_ws/install/nav2_common/local/lib/python3.10/dist-packages /usr/bin/cmake --install /home/agilex/agilex_ws/build/nav2_theta_star_planner
[38.182s] Level 1:colcon.colcon_core.environment:checking '/home/agilex/agilex_ws/install/nav2_theta_star_planner' for CMake module files
[38.183s] Level 1:colcon.colcon_core.environment:checking '/home/agilex/agilex_ws/install/nav2_theta_star_planner' for CMake config files
[38.183s] Level 1:colcon.colcon_core.shell:create_environment_hook('nav2_theta_star_planner', 'cmake_prefix_path')
[38.193s] INFO:colcon.colcon_core.shell:Creating environment hook '/home/agilex/agilex_ws/install/nav2_theta_star_planner/share/nav2_theta_star_planner/hook/cmake_prefix_path.ps1'
[38.194s] INFO:colcon.colcon_core.shell:Creating environment descriptor '/home/agilex/agilex_ws/install/nav2_theta_star_planner/share/nav2_theta_star_planner/hook/cmake_prefix_path.dsv'
[38.195s] INFO:colcon.colcon_core.shell:Creating environment hook '/home/agilex/agilex_ws/install/nav2_theta_star_planner/share/nav2_theta_star_planner/hook/cmake_prefix_path.sh'
[38.195s] Level 1:colcon.colcon_core.environment:checking '/home/agilex/agilex_ws/install/nav2_theta_star_planner/lib'
[38.195s] Level 1:colcon.colcon_core.shell:create_environment_hook('nav2_theta_star_planner', 'ld_library_path_lib')
[38.204s] INFO:colcon.colcon_core.shell:Creating environment hook '/home/agilex/agilex_ws/install/nav2_theta_star_planner/share/nav2_theta_star_planner/hook/ld_library_path_lib.ps1'
[38.204s] INFO:colcon.colcon_core.shell:Creating environment descriptor '/home/agilex/agilex_ws/install/nav2_theta_star_planner/share/nav2_theta_star_planner/hook/ld_library_path_lib.dsv'
[38.205s] INFO:colcon.colcon_core.shell:Creating environment hook '/home/agilex/agilex_ws/install/nav2_theta_star_planner/share/nav2_theta_star_planner/hook/ld_library_path_lib.sh'
[38.205s] Level 1:colcon.colcon_core.environment:checking '/home/agilex/agilex_ws/install/nav2_theta_star_planner/bin'
[38.206s] Level 1:colcon.colcon_core.environment:checking '/home/agilex/agilex_ws/install/nav2_theta_star_planner/lib/pkgconfig/nav2_theta_star_planner.pc'
[38.206s] Level 1:colcon.colcon_core.environment:checking '/home/agilex/agilex_ws/install/nav2_theta_star_planner/lib/python3.10/site-packages'
[38.207s] Level 1:colcon.colcon_core.environment:checking '/home/agilex/agilex_ws/install/nav2_theta_star_planner/bin'
[38.216s] INFO:colcon.colcon_core.shell:Creating package script '/home/agilex/agilex_ws/install/nav2_theta_star_planner/share/nav2_theta_star_planner/package.ps1'
[38.216s] INFO:colcon.colcon_core.shell:Creating package descriptor '/home/agilex/agilex_ws/install/nav2_theta_star_planner/share/nav2_theta_star_planner/package.dsv'
[38.217s] INFO:colcon.colcon_core.shell:Creating package script '/home/agilex/agilex_ws/install/nav2_theta_star_planner/share/nav2_theta_star_planner/package.sh'
[38.217s] INFO:colcon.colcon_core.shell:Creating package script '/home/agilex/agilex_ws/install/nav2_theta_star_planner/share/nav2_theta_star_planner/package.bash'
[38.218s] INFO:colcon.colcon_core.shell:Creating package script '/home/agilex/agilex_ws/install/nav2_theta_star_planner/share/nav2_theta_star_planner/package.zsh'
[38.218s] Level 1:colcon.colcon_core.environment:create_file_with_runtime_dependencies(/home/agilex/agilex_ws/install/nav2_theta_star_planner/share/colcon-core/packages/nav2_theta_star_planner)
[38.233s] DEBUG:colcon.colcon_core.event_handler.log_command:Invoking command in '/home/agilex/agilex_ws/build/nav2_bt_navigator': AMENT_PREFIX_PATH=/home/agilex/agilex_ws/install/nav2_core:/home/agilex/agilex_ws/install/nav2_costmap_2d:/home/agilex/agilex_ws/install/nav2_behavior_tree:/home/agilex/agilex_ws/install/nav2_util:/home/agilex/agilex_ws/install/nav2_voxel_grid:/home/agilex/agilex_ws/install/nav2_msgs:/home/agilex/agilex_ws/install/nav2_common CMAKE_PREFIX_PATH=/home/agilex/agilex_ws/install/nav2_core:/home/agilex/agilex_ws/install/nav2_costmap_2d:/home/agilex/agilex_ws/install/nav2_behavior_tree:/home/agilex/agilex_ws/install/nav2_util:/home/agilex/agilex_ws/install/nav2_voxel_grid:/home/agilex/agilex_ws/install/nav2_msgs:/home/agilex/agilex_ws/install/nav2_common LD_LIBRARY_PATH=/home/agilex/agilex_ws/install/nav2_costmap_2d/lib:/home/agilex/agilex_ws/install/nav2_behavior_tree/lib:/home/agilex/agilex_ws/install/nav2_util/lib:/home/agilex/agilex_ws/install/nav2_voxel_grid/lib:/home/agilex/agilex_ws/install/nav2_msgs/lib PYTHONPATH=/home/agilex/agilex_ws/install/nav2_msgs/local/lib/python3.10/dist-packages:/home/agilex/agilex_ws/install/nav2_common/local/lib/python3.10/dist-packages /usr/bin/cmake --build /home/agilex/agilex_ws/build/nav2_bt_navigator -- -j16 -l16
[38.239s] DEBUG:colcon.colcon_core.event_handler.log_command:Invoking command in '/home/agilex/agilex_ws/build/nav2_behaviors': AMENT_PREFIX_PATH=/home/agilex/agilex_ws/install/nav2_core:/home/agilex/agilex_ws/install/nav2_costmap_2d:/home/agilex/agilex_ws/install/nav2_behavior_tree:/home/agilex/agilex_ws/install/nav2_util:/home/agilex/agilex_ws/install/nav2_voxel_grid:/home/agilex/agilex_ws/install/nav2_msgs:/home/agilex/agilex_ws/install/nav2_common CMAKE_PREFIX_PATH=/home/agilex/agilex_ws/install/nav2_core:/home/agilex/agilex_ws/install/nav2_costmap_2d:/home/agilex/agilex_ws/install/nav2_behavior_tree:/home/agilex/agilex_ws/install/nav2_util:/home/agilex/agilex_ws/install/nav2_voxel_grid:/home/agilex/agilex_ws/install/nav2_msgs:/home/agilex/agilex_ws/install/nav2_common LD_LIBRARY_PATH=/home/agilex/agilex_ws/install/nav2_costmap_2d/lib:/home/agilex/agilex_ws/install/nav2_behavior_tree/lib:/home/agilex/agilex_ws/install/nav2_util/lib:/home/agilex/agilex_ws/install/nav2_voxel_grid/lib:/home/agilex/agilex_ws/install/nav2_msgs/lib PYTHONPATH=/home/agilex/agilex_ws/install/nav2_msgs/local/lib/python3.10/dist-packages:/home/agilex/agilex_ws/install/nav2_common/local/lib/python3.10/dist-packages /usr/bin/cmake --build /home/agilex/agilex_ws/build/nav2_behaviors -- -j16 -l16
[38.256s] Level 1:colcon.colcon_core.environment:create_environment_scripts_only(nav2_theta_star_planner)
[38.265s] Level 1:colcon.colcon_core.environment:checking '/home/agilex/agilex_ws/install/nav2_theta_star_planner' for CMake module files
[38.265s] Level 1:colcon.colcon_core.environment:checking '/home/agilex/agilex_ws/install/nav2_theta_star_planner' for CMake config files
[38.266s] Level 1:colcon.colcon_core.shell:create_environment_hook('nav2_theta_star_planner', 'cmake_prefix_path')
[38.270s] INFO:colcon.colcon_core.shell:Creating environment hook '/home/agilex/agilex_ws/install/nav2_theta_star_planner/share/nav2_theta_star_planner/hook/cmake_prefix_path.ps1'
[38.271s] INFO:colcon.colcon_core.shell:Creating environment descriptor '/home/agilex/agilex_ws/install/nav2_theta_star_planner/share/nav2_theta_star_planner/hook/cmake_prefix_path.dsv'
[38.271s] INFO:colcon.colcon_core.shell:Creating environment hook '/home/agilex/agilex_ws/install/nav2_theta_star_planner/share/nav2_theta_star_planner/hook/cmake_prefix_path.sh'
[38.272s] Level 1:colcon.colcon_core.environment:checking '/home/agilex/agilex_ws/install/nav2_theta_star_planner/lib'
[38.272s] Level 1:colcon.colcon_core.shell:create_environment_hook('nav2_theta_star_planner', 'ld_library_path_lib')
[38.277s] INFO:colcon.colcon_core.shell:Creating environment hook '/home/agilex/agilex_ws/install/nav2_theta_star_planner/share/nav2_theta_star_planner/hook/ld_library_path_lib.ps1'
[38.278s] INFO:colcon.colcon_core.shell:Creating environment descriptor '/home/agilex/agilex_ws/install/nav2_theta_star_planner/share/nav2_theta_star_planner/hook/ld_library_path_lib.dsv'
[38.278s] INFO:colcon.colcon_core.shell:Creating environment hook '/home/agilex/agilex_ws/install/nav2_theta_star_planner/share/nav2_theta_star_planner/hook/ld_library_path_lib.sh'
[38.278s] Level 1:colcon.colcon_core.environment:checking '/home/agilex/agilex_ws/install/nav2_theta_star_planner/bin'
[38.278s] Level 1:colcon.colcon_core.environment:checking '/home/agilex/agilex_ws/install/nav2_theta_star_planner/lib/pkgconfig/nav2_theta_star_planner.pc'
[38.279s] Level 1:colcon.colcon_core.environment:checking '/home/agilex/agilex_ws/install/nav2_theta_star_planner/lib/python3.10/site-packages'
[38.279s] Level 1:colcon.colcon_core.environment:checking '/home/agilex/agilex_ws/install/nav2_theta_star_planner/bin'
[38.284s] INFO:colcon.colcon_core.shell:Creating package script '/home/agilex/agilex_ws/install/nav2_theta_star_planner/share/nav2_theta_star_planner/package.ps1'
[38.284s] INFO:colcon.colcon_core.shell:Creating package descriptor '/home/agilex/agilex_ws/install/nav2_theta_star_planner/share/nav2_theta_star_planner/package.dsv'
[38.285s] INFO:colcon.colcon_core.shell:Creating package script '/home/agilex/agilex_ws/install/nav2_theta_star_planner/share/nav2_theta_star_planner/package.sh'
[38.285s] INFO:colcon.colcon_core.shell:Creating package script '/home/agilex/agilex_ws/install/nav2_theta_star_planner/share/nav2_theta_star_planner/package.bash'
[38.285s] INFO:colcon.colcon_core.shell:Creating package script '/home/agilex/agilex_ws/install/nav2_theta_star_planner/share/nav2_theta_star_planner/package.zsh'
[38.286s] Level 1:colcon.colcon_core.environment:create_file_with_runtime_dependencies(/home/agilex/agilex_ws/install/nav2_theta_star_planner/share/colcon-core/packages/nav2_theta_star_planner)
[51.070s] DEBUG:colcon.colcon_core.event_handler.log_command:Invoked command in '/home/agilex/agilex_ws/build/dwb_core' returned '0': AMENT_PREFIX_PATH=/home/agilex/agilex_ws/install/nav2_core:/home/agilex/agilex_ws/install/nav2_costmap_2d:/home/agilex/agilex_ws/install/nav_2d_utils:/home/agilex/agilex_ws/install/nav2_util:/home/agilex/agilex_ws/install/nav2_voxel_grid:/home/agilex/agilex_ws/install/nav2_msgs:/home/agilex/agilex_ws/install/dwb_msgs:/home/agilex/agilex_ws/install/nav_2d_msgs:/home/agilex/agilex_ws/install/nav2_common CMAKE_PREFIX_PATH=/home/agilex/agilex_ws/install/nav2_core:/home/agilex/agilex_ws/install/nav2_costmap_2d:/home/agilex/agilex_ws/install/nav_2d_utils:/home/agilex/agilex_ws/install/nav2_util:/home/agilex/agilex_ws/install/nav2_voxel_grid:/home/agilex/agilex_ws/install/nav2_msgs:/home/agilex/agilex_ws/install/dwb_msgs:/home/agilex/agilex_ws/install/nav_2d_msgs:/home/agilex/agilex_ws/install/nav2_common LD_LIBRARY_PATH=/home/agilex/agilex_ws/install/nav2_costmap_2d/lib:/home/agilex/agilex_ws/install/nav_2d_utils/lib:/home/agilex/agilex_ws/install/nav2_util/lib:/home/agilex/agilex_ws/install/nav2_voxel_grid/lib:/home/agilex/agilex_ws/install/nav2_msgs/lib:/home/agilex/agilex_ws/install/dwb_msgs/lib:/home/agilex/agilex_ws/install/nav_2d_msgs/lib PYTHONPATH=/home/agilex/agilex_ws/install/nav2_msgs/local/lib/python3.10/dist-packages:/home/agilex/agilex_ws/install/dwb_msgs/local/lib/python3.10/dist-packages:/home/agilex/agilex_ws/install/nav_2d_msgs/local/lib/python3.10/dist-packages:/home/agilex/agilex_ws/install/nav2_common/local/lib/python3.10/dist-packages /usr/bin/cmake --build /home/agilex/agilex_ws/build/dwb_core -- -j16 -l16
[51.108s] DEBUG:colcon.colcon_core.event_handler.log_command:Invoking command in '/home/agilex/agilex_ws/build/dwb_core': AMENT_PREFIX_PATH=/home/agilex/agilex_ws/install/nav2_core:/home/agilex/agilex_ws/install/nav2_costmap_2d:/home/agilex/agilex_ws/install/nav_2d_utils:/home/agilex/agilex_ws/install/nav2_util:/home/agilex/agilex_ws/install/nav2_voxel_grid:/home/agilex/agilex_ws/install/nav2_msgs:/home/agilex/agilex_ws/install/dwb_msgs:/home/agilex/agilex_ws/install/nav_2d_msgs:/home/agilex/agilex_ws/install/nav2_common CMAKE_PREFIX_PATH=/home/agilex/agilex_ws/install/nav2_core:/home/agilex/agilex_ws/install/nav2_costmap_2d:/home/agilex/agilex_ws/install/nav_2d_utils:/home/agilex/agilex_ws/install/nav2_util:/home/agilex/agilex_ws/install/nav2_voxel_grid:/home/agilex/agilex_ws/install/nav2_msgs:/home/agilex/agilex_ws/install/dwb_msgs:/home/agilex/agilex_ws/install/nav_2d_msgs:/home/agilex/agilex_ws/install/nav2_common LD_LIBRARY_PATH=/home/agilex/agilex_ws/install/nav2_costmap_2d/lib:/home/agilex/agilex_ws/install/nav_2d_utils/lib:/home/agilex/agilex_ws/install/nav2_util/lib:/home/agilex/agilex_ws/install/nav2_voxel_grid/lib:/home/agilex/agilex_ws/install/nav2_msgs/lib:/home/agilex/agilex_ws/install/dwb_msgs/lib:/home/agilex/agilex_ws/install/nav_2d_msgs/lib PYTHONPATH=/home/agilex/agilex_ws/install/nav2_msgs/local/lib/python3.10/dist-packages:/home/agilex/agilex_ws/install/dwb_msgs/local/lib/python3.10/dist-packages:/home/agilex/agilex_ws/install/nav_2d_msgs/local/lib/python3.10/dist-packages:/home/agilex/agilex_ws/install/nav2_common/local/lib/python3.10/dist-packages /usr/bin/cmake --install /home/agilex/agilex_ws/build/dwb_core
[52.567s] DEBUG:colcon.colcon_core.event_handler.log_command:Invoked command in '/home/agilex/agilex_ws/build/nav2_regulated_pure_pursuit_controller' returned '0': AMENT_PREFIX_PATH=/home/agilex/agilex_ws/install/nav2_core:/home/agilex/agilex_ws/install/nav2_costmap_2d:/home/agilex/agilex_ws/install/nav2_util:/home/agilex/agilex_ws/install/nav2_voxel_grid:/home/agilex/agilex_ws/install/nav2_msgs:/home/agilex/agilex_ws/install/nav2_common CMAKE_PREFIX_PATH=/home/agilex/agilex_ws/install/nav2_core:/home/agilex/agilex_ws/install/nav2_costmap_2d:/home/agilex/agilex_ws/install/nav2_util:/home/agilex/agilex_ws/install/nav2_voxel_grid:/home/agilex/agilex_ws/install/nav2_msgs:/home/agilex/agilex_ws/install/nav2_common LD_LIBRARY_PATH=/home/agilex/agilex_ws/install/nav2_costmap_2d/lib:/home/agilex/agilex_ws/install/nav2_util/lib:/home/agilex/agilex_ws/install/nav2_voxel_grid/lib:/home/agilex/agilex_ws/install/nav2_msgs/lib PYTHONPATH=/home/agilex/agilex_ws/install/nav2_msgs/local/lib/python3.10/dist-packages:/home/agilex/agilex_ws/install/nav2_common/local/lib/python3.10/dist-packages /usr/bin/cmake --build /home/agilex/agilex_ws/build/nav2_regulated_pure_pursuit_controller -- -j16 -l16
[52.570s] Level 1:colcon.colcon_core.environment:create_environment_scripts_only(dwb_core)
[52.579s] DEBUG:colcon.colcon_core.event_handler.log_command:Invoked command in '/home/agilex/agilex_ws/build/dwb_core' returned '0': AMENT_PREFIX_PATH=/home/agilex/agilex_ws/install/nav2_core:/home/agilex/agilex_ws/install/nav2_costmap_2d:/home/agilex/agilex_ws/install/nav_2d_utils:/home/agilex/agilex_ws/install/nav2_util:/home/agilex/agilex_ws/install/nav2_voxel_grid:/home/agilex/agilex_ws/install/nav2_msgs:/home/agilex/agilex_ws/install/dwb_msgs:/home/agilex/agilex_ws/install/nav_2d_msgs:/home/agilex/agilex_ws/install/nav2_common CMAKE_PREFIX_PATH=/home/agilex/agilex_ws/install/nav2_core:/home/agilex/agilex_ws/install/nav2_costmap_2d:/home/agilex/agilex_ws/install/nav_2d_utils:/home/agilex/agilex_ws/install/nav2_util:/home/agilex/agilex_ws/install/nav2_voxel_grid:/home/agilex/agilex_ws/install/nav2_msgs:/home/agilex/agilex_ws/install/dwb_msgs:/home/agilex/agilex_ws/install/nav_2d_msgs:/home/agilex/agilex_ws/install/nav2_common LD_LIBRARY_PATH=/home/agilex/agilex_ws/install/nav2_costmap_2d/lib:/home/agilex/agilex_ws/install/nav_2d_utils/lib:/home/agilex/agilex_ws/install/nav2_util/lib:/home/agilex/agilex_ws/install/nav2_voxel_grid/lib:/home/agilex/agilex_ws/install/nav2_msgs/lib:/home/agilex/agilex_ws/install/dwb_msgs/lib:/home/agilex/agilex_ws/install/nav_2d_msgs/lib PYTHONPATH=/home/agilex/agilex_ws/install/nav2_msgs/local/lib/python3.10/dist-packages:/home/agilex/agilex_ws/install/dwb_msgs/local/lib/python3.10/dist-packages:/home/agilex/agilex_ws/install/nav_2d_msgs/local/lib/python3.10/dist-packages:/home/agilex/agilex_ws/install/nav2_common/local/lib/python3.10/dist-packages /usr/bin/cmake --install /home/agilex/agilex_ws/build/dwb_core
[52.587s] Level 1:colcon.colcon_core.environment:checking '/home/agilex/agilex_ws/install/dwb_core' for CMake module files
[52.588s] Level 1:colcon.colcon_core.environment:checking '/home/agilex/agilex_ws/install/dwb_core' for CMake config files
[52.589s] Level 1:colcon.colcon_core.shell:create_environment_hook('dwb_core', 'cmake_prefix_path')
[52.599s] INFO:colcon.colcon_core.shell:Creating environment hook '/home/agilex/agilex_ws/install/dwb_core/share/dwb_core/hook/cmake_prefix_path.ps1'
[52.600s] INFO:colcon.colcon_core.shell:Creating environment descriptor '/home/agilex/agilex_ws/install/dwb_core/share/dwb_core/hook/cmake_prefix_path.dsv'
[52.601s] INFO:colcon.colcon_core.shell:Creating environment hook '/home/agilex/agilex_ws/install/dwb_core/share/dwb_core/hook/cmake_prefix_path.sh'
[52.602s] Level 1:colcon.colcon_core.environment:checking '/home/agilex/agilex_ws/install/dwb_core/lib'
[52.602s] Level 1:colcon.colcon_core.shell:create_environment_hook('dwb_core', 'ld_library_path_lib')
[52.611s] INFO:colcon.colcon_core.shell:Creating environment hook '/home/agilex/agilex_ws/install/dwb_core/share/dwb_core/hook/ld_library_path_lib.ps1'
[52.612s] INFO:colcon.colcon_core.shell:Creating environment descriptor '/home/agilex/agilex_ws/install/dwb_core/share/dwb_core/hook/ld_library_path_lib.dsv'
[52.613s] INFO:colcon.colcon_core.shell:Creating environment hook '/home/agilex/agilex_ws/install/dwb_core/share/dwb_core/hook/ld_library_path_lib.sh'
[52.613s] Level 1:colcon.colcon_core.environment:checking '/home/agilex/agilex_ws/install/dwb_core/bin'
[52.614s] Level 1:colcon.colcon_core.environment:checking '/home/agilex/agilex_ws/install/dwb_core/lib/pkgconfig/dwb_core.pc'
[52.614s] Level 1:colcon.colcon_core.environment:checking '/home/agilex/agilex_ws/install/dwb_core/lib/python3.10/site-packages'
[52.614s] Level 1:colcon.colcon_core.environment:checking '/home/agilex/agilex_ws/install/dwb_core/bin'
[52.624s] INFO:colcon.colcon_core.shell:Creating package script '/home/agilex/agilex_ws/install/dwb_core/share/dwb_core/package.ps1'
[52.625s] INFO:colcon.colcon_core.shell:Creating package descriptor '/home/agilex/agilex_ws/install/dwb_core/share/dwb_core/package.dsv'
[52.626s] INFO:colcon.colcon_core.shell:Creating package script '/home/agilex/agilex_ws/install/dwb_core/share/dwb_core/package.sh'
[52.626s] INFO:colcon.colcon_core.shell:Creating package script '/home/agilex/agilex_ws/install/dwb_core/share/dwb_core/package.bash'
[52.627s] INFO:colcon.colcon_core.shell:Creating package script '/home/agilex/agilex_ws/install/dwb_core/share/dwb_core/package.zsh'
[52.627s] Level 1:colcon.colcon_core.environment:create_file_with_runtime_dependencies(/home/agilex/agilex_ws/install/dwb_core/share/colcon-core/packages/dwb_core)
[52.634s] DEBUG:colcon.colcon_core.event_handler.log_command:Invoking command in '/home/agilex/agilex_ws/build/nav2_regulated_pure_pursuit_controller': AMENT_PREFIX_PATH=/home/agilex/agilex_ws/install/nav2_core:/home/agilex/agilex_ws/install/nav2_costmap_2d:/home/agilex/agilex_ws/install/nav2_util:/home/agilex/agilex_ws/install/nav2_voxel_grid:/home/agilex/agilex_ws/install/nav2_msgs:/home/agilex/agilex_ws/install/nav2_common CMAKE_PREFIX_PATH=/home/agilex/agilex_ws/install/nav2_core:/home/agilex/agilex_ws/install/nav2_costmap_2d:/home/agilex/agilex_ws/install/nav2_util:/home/agilex/agilex_ws/install/nav2_voxel_grid:/home/agilex/agilex_ws/install/nav2_msgs:/home/agilex/agilex_ws/install/nav2_common LD_LIBRARY_PATH=/home/agilex/agilex_ws/install/nav2_costmap_2d/lib:/home/agilex/agilex_ws/install/nav2_util/lib:/home/agilex/agilex_ws/install/nav2_voxel_grid/lib:/home/agilex/agilex_ws/install/nav2_msgs/lib PYTHONPATH=/home/agilex/agilex_ws/install/nav2_msgs/local/lib/python3.10/dist-packages:/home/agilex/agilex_ws/install/nav2_common/local/lib/python3.10/dist-packages /usr/bin/cmake --install /home/agilex/agilex_ws/build/nav2_regulated_pure_pursuit_controller
[52.655s] Level 1:colcon.colcon_core.environment:create_environment_scripts_only(nav2_regulated_pure_pursuit_controller)
[52.656s] DEBUG:colcon.colcon_core.event_handler.log_command:Invoked command in '/home/agilex/agilex_ws/build/nav2_regulated_pure_pursuit_controller' returned '0': AMENT_PREFIX_PATH=/home/agilex/agilex_ws/install/nav2_core:/home/agilex/agilex_ws/install/nav2_costmap_2d:/home/agilex/agilex_ws/install/nav2_util:/home/agilex/agilex_ws/install/nav2_voxel_grid:/home/agilex/agilex_ws/install/nav2_msgs:/home/agilex/agilex_ws/install/nav2_common CMAKE_PREFIX_PATH=/home/agilex/agilex_ws/install/nav2_core:/home/agilex/agilex_ws/install/nav2_costmap_2d:/home/agilex/agilex_ws/install/nav2_util:/home/agilex/agilex_ws/install/nav2_voxel_grid:/home/agilex/agilex_ws/install/nav2_msgs:/home/agilex/agilex_ws/install/nav2_common LD_LIBRARY_PATH=/home/agilex/agilex_ws/install/nav2_costmap_2d/lib:/home/agilex/agilex_ws/install/nav2_util/lib:/home/agilex/agilex_ws/install/nav2_voxel_grid/lib:/home/agilex/agilex_ws/install/nav2_msgs/lib PYTHONPATH=/home/agilex/agilex_ws/install/nav2_msgs/local/lib/python3.10/dist-packages:/home/agilex/agilex_ws/install/nav2_common/local/lib/python3.10/dist-packages /usr/bin/cmake --install /home/agilex/agilex_ws/build/nav2_regulated_pure_pursuit_controller
[52.667s] Level 1:colcon.colcon_core.environment:checking '/home/agilex/agilex_ws/install/nav2_regulated_pure_pursuit_controller' for CMake module files
[52.668s] Level 1:colcon.colcon_core.environment:checking '/home/agilex/agilex_ws/install/nav2_regulated_pure_pursuit_controller' for CMake config files
[52.669s] Level 1:colcon.colcon_core.shell:create_environment_hook('nav2_regulated_pure_pursuit_controller', 'cmake_prefix_path')
[52.680s] INFO:colcon.colcon_core.shell:Creating environment hook '/home/agilex/agilex_ws/install/nav2_regulated_pure_pursuit_controller/share/nav2_regulated_pure_pursuit_controller/hook/cmake_prefix_path.ps1'
[52.680s] INFO:colcon.colcon_core.shell:Creating environment descriptor '/home/agilex/agilex_ws/install/nav2_regulated_pure_pursuit_controller/share/nav2_regulated_pure_pursuit_controller/hook/cmake_prefix_path.dsv'
[52.681s] INFO:colcon.colcon_core.shell:Creating environment hook '/home/agilex/agilex_ws/install/nav2_regulated_pure_pursuit_controller/share/nav2_regulated_pure_pursuit_controller/hook/cmake_prefix_path.sh'
[52.682s] Level 1:colcon.colcon_core.environment:checking '/home/agilex/agilex_ws/install/nav2_regulated_pure_pursuit_controller/lib'
[52.682s] Level 1:colcon.colcon_core.shell:create_environment_hook('nav2_regulated_pure_pursuit_controller', 'ld_library_path_lib')
[52.689s] INFO:colcon.colcon_core.shell:Creating environment hook '/home/agilex/agilex_ws/install/nav2_regulated_pure_pursuit_controller/share/nav2_regulated_pure_pursuit_controller/hook/ld_library_path_lib.ps1'
[52.689s] INFO:colcon.colcon_core.shell:Creating environment descriptor '/home/agilex/agilex_ws/install/nav2_regulated_pure_pursuit_controller/share/nav2_regulated_pure_pursuit_controller/hook/ld_library_path_lib.dsv'
[52.690s] INFO:colcon.colcon_core.shell:Creating environment hook '/home/agilex/agilex_ws/install/nav2_regulated_pure_pursuit_controller/share/nav2_regulated_pure_pursuit_controller/hook/ld_library_path_lib.sh'
[52.690s] Level 1:colcon.colcon_core.environment:checking '/home/agilex/agilex_ws/install/nav2_regulated_pure_pursuit_controller/bin'
[52.690s] Level 1:colcon.colcon_core.environment:checking '/home/agilex/agilex_ws/install/nav2_regulated_pure_pursuit_controller/lib/pkgconfig/nav2_regulated_pure_pursuit_controller.pc'
[52.690s] Level 1:colcon.colcon_core.environment:checking '/home/agilex/agilex_ws/install/nav2_regulated_pure_pursuit_controller/lib/python3.10/site-packages'
[52.690s] Level 1:colcon.colcon_core.environment:checking '/home/agilex/agilex_ws/install/nav2_regulated_pure_pursuit_controller/bin'
[52.696s] INFO:colcon.colcon_core.shell:Creating package script '/home/agilex/agilex_ws/install/nav2_regulated_pure_pursuit_controller/share/nav2_regulated_pure_pursuit_controller/package.ps1'
[52.697s] INFO:colcon.colcon_core.shell:Creating package descriptor '/home/agilex/agilex_ws/install/nav2_regulated_pure_pursuit_controller/share/nav2_regulated_pure_pursuit_controller/package.dsv'
[52.697s] INFO:colcon.colcon_core.shell:Creating package script '/home/agilex/agilex_ws/install/nav2_regulated_pure_pursuit_controller/share/nav2_regulated_pure_pursuit_controller/package.sh'
[52.698s] INFO:colcon.colcon_core.shell:Creating package script '/home/agilex/agilex_ws/install/nav2_regulated_pure_pursuit_controller/share/nav2_regulated_pure_pursuit_controller/package.bash'
[52.698s] INFO:colcon.colcon_core.shell:Creating package script '/home/agilex/agilex_ws/install/nav2_regulated_pure_pursuit_controller/share/nav2_regulated_pure_pursuit_controller/package.zsh'
[52.698s] Level 1:colcon.colcon_core.environment:create_file_with_runtime_dependencies(/home/agilex/agilex_ws/install/nav2_regulated_pure_pursuit_controller/share/colcon-core/packages/nav2_regulated_pure_pursuit_controller)
[52.708s] Level 1:colcon.colcon_core.environment:create_environment_scripts_only(dwb_core)
[52.714s] Level 1:colcon.colcon_core.environment:checking '/home/agilex/agilex_ws/install/dwb_core' for CMake module files
[52.715s] Level 1:colcon.colcon_core.environment:checking '/home/agilex/agilex_ws/install/dwb_core' for CMake config files
[52.715s] Level 1:colcon.colcon_core.shell:create_environment_hook('dwb_core', 'cmake_prefix_path')
[52.720s] INFO:colcon.colcon_core.shell:Creating environment hook '/home/agilex/agilex_ws/install/dwb_core/share/dwb_core/hook/cmake_prefix_path.ps1'
[52.721s] INFO:colcon.colcon_core.shell:Creating environment descriptor '/home/agilex/agilex_ws/install/dwb_core/share/dwb_core/hook/cmake_prefix_path.dsv'
[52.721s] INFO:colcon.colcon_core.shell:Creating environment hook '/home/agilex/agilex_ws/install/dwb_core/share/dwb_core/hook/cmake_prefix_path.sh'
[52.722s] Level 1:colcon.colcon_core.environment:checking '/home/agilex/agilex_ws/install/dwb_core/lib'
[52.722s] Level 1:colcon.colcon_core.shell:create_environment_hook('dwb_core', 'ld_library_path_lib')
[52.728s] INFO:colcon.colcon_core.shell:Creating environment hook '/home/agilex/agilex_ws/install/dwb_core/share/dwb_core/hook/ld_library_path_lib.ps1'
[52.728s] INFO:colcon.colcon_core.shell:Creating environment descriptor '/home/agilex/agilex_ws/install/dwb_core/share/dwb_core/hook/ld_library_path_lib.dsv'
[52.728s] INFO:colcon.colcon_core.shell:Creating environment hook '/home/agilex/agilex_ws/install/dwb_core/share/dwb_core/hook/ld_library_path_lib.sh'
[52.729s] Level 1:colcon.colcon_core.environment:checking '/home/agilex/agilex_ws/install/dwb_core/bin'
[52.729s] Level 1:colcon.colcon_core.environment:checking '/home/agilex/agilex_ws/install/dwb_core/lib/pkgconfig/dwb_core.pc'
[52.729s] Level 1:colcon.colcon_core.environment:checking '/home/agilex/agilex_ws/install/dwb_core/lib/python3.10/site-packages'
[52.729s] Level 1:colcon.colcon_core.environment:checking '/home/agilex/agilex_ws/install/dwb_core/bin'
[52.734s] INFO:colcon.colcon_core.shell:Creating package script '/home/agilex/agilex_ws/install/dwb_core/share/dwb_core/package.ps1'
[52.735s] INFO:colcon.colcon_core.shell:Creating package descriptor '/home/agilex/agilex_ws/install/dwb_core/share/dwb_core/package.dsv'
[52.735s] INFO:colcon.colcon_core.shell:Creating package script '/home/agilex/agilex_ws/install/dwb_core/share/dwb_core/package.sh'
[52.736s] INFO:colcon.colcon_core.shell:Creating package script '/home/agilex/agilex_ws/install/dwb_core/share/dwb_core/package.bash'
[52.736s] INFO:colcon.colcon_core.shell:Creating package script '/home/agilex/agilex_ws/install/dwb_core/share/dwb_core/package.zsh'
[52.736s] Level 1:colcon.colcon_core.environment:create_file_with_runtime_dependencies(/home/agilex/agilex_ws/install/dwb_core/share/colcon-core/packages/dwb_core)
[52.737s] INFO:colcon.colcon_ros.task.ament_cmake.build:Building ROS package in '/home/agilex/agilex_ws/src/navigation2/nav2_dwb_controller/dwb_critics' with build type 'ament_cmake'
[52.737s] INFO:colcon.colcon_cmake.task.cmake.build:Building CMake package in '/home/agilex/agilex_ws/src/navigation2/nav2_dwb_controller/dwb_critics'
[52.743s] INFO:colcon.colcon_core.shell:Skip shell extension 'powershell' for command environment: Not usable outside of PowerShell
[52.743s] DEBUG:colcon.colcon_core.shell:Skip shell extension 'dsv' for command environment
[52.757s] INFO:colcon.colcon_ros.task.ament_cmake.build:Building ROS package in '/home/agilex/agilex_ws/src/navigation2/nav2_dwb_controller/dwb_plugins' with build type 'ament_cmake'
[52.758s] INFO:colcon.colcon_cmake.task.cmake.build:Building CMake package in '/home/agilex/agilex_ws/src/navigation2/nav2_dwb_controller/dwb_plugins'
[52.765s] INFO:colcon.colcon_core.shell:Skip shell extension 'powershell' for command environment: Not usable outside of PowerShell
[52.765s] DEBUG:colcon.colcon_core.shell:Skip shell extension 'dsv' for command environment
[52.779s] Level 1:colcon.colcon_core.environment:create_environment_scripts_only(nav2_regulated_pure_pursuit_controller)
[52.790s] Level 1:colcon.colcon_core.environment:checking '/home/agilex/agilex_ws/install/nav2_regulated_pure_pursuit_controller' for CMake module files
[52.791s] Level 1:colcon.colcon_core.environment:checking '/home/agilex/agilex_ws/install/nav2_regulated_pure_pursuit_controller' for CMake config files
[52.791s] Level 1:colcon.colcon_core.shell:create_environment_hook('nav2_regulated_pure_pursuit_controller', 'cmake_prefix_path')
[52.801s] INFO:colcon.colcon_core.shell:Creating environment hook '/home/agilex/agilex_ws/install/nav2_regulated_pure_pursuit_controller/share/nav2_regulated_pure_pursuit_controller/hook/cmake_prefix_path.ps1'
[52.802s] INFO:colcon.colcon_core.shell:Creating environment descriptor '/home/agilex/agilex_ws/install/nav2_regulated_pure_pursuit_controller/share/nav2_regulated_pure_pursuit_controller/hook/cmake_prefix_path.dsv'
[52.802s] INFO:colcon.colcon_core.shell:Creating environment hook '/home/agilex/agilex_ws/install/nav2_regulated_pure_pursuit_controller/share/nav2_regulated_pure_pursuit_controller/hook/cmake_prefix_path.sh'
[52.804s] Level 1:colcon.colcon_core.environment:checking '/home/agilex/agilex_ws/install/nav2_regulated_pure_pursuit_controller/lib'
[52.804s] Level 1:colcon.colcon_core.shell:create_environment_hook('nav2_regulated_pure_pursuit_controller', 'ld_library_path_lib')
[52.814s] INFO:colcon.colcon_core.shell:Creating environment hook '/home/agilex/agilex_ws/install/nav2_regulated_pure_pursuit_controller/share/nav2_regulated_pure_pursuit_controller/hook/ld_library_path_lib.ps1'
[52.815s] INFO:colcon.colcon_core.shell:Creating environment descriptor '/home/agilex/agilex_ws/install/nav2_regulated_pure_pursuit_controller/share/nav2_regulated_pure_pursuit_controller/hook/ld_library_path_lib.dsv'
[52.815s] INFO:colcon.colcon_core.shell:Creating environment hook '/home/agilex/agilex_ws/install/nav2_regulated_pure_pursuit_controller/share/nav2_regulated_pure_pursuit_controller/hook/ld_library_path_lib.sh'
[52.816s] Level 1:colcon.colcon_core.environment:checking '/home/agilex/agilex_ws/install/nav2_regulated_pure_pursuit_controller/bin'
[52.816s] Level 1:colcon.colcon_core.environment:checking '/home/agilex/agilex_ws/install/nav2_regulated_pure_pursuit_controller/lib/pkgconfig/nav2_regulated_pure_pursuit_controller.pc'
[52.816s] Level 1:colcon.colcon_core.environment:checking '/home/agilex/agilex_ws/install/nav2_regulated_pure_pursuit_controller/lib/python3.10/site-packages'
[52.817s] Level 1:colcon.colcon_core.environment:checking '/home/agilex/agilex_ws/install/nav2_regulated_pure_pursuit_controller/bin'
[52.827s] INFO:colcon.colcon_core.shell:Creating package script '/home/agilex/agilex_ws/install/nav2_regulated_pure_pursuit_controller/share/nav2_regulated_pure_pursuit_controller/package.ps1'
[52.828s] INFO:colcon.colcon_core.shell:Creating package descriptor '/home/agilex/agilex_ws/install/nav2_regulated_pure_pursuit_controller/share/nav2_regulated_pure_pursuit_controller/package.dsv'
[52.829s] INFO:colcon.colcon_core.shell:Creating package script '/home/agilex/agilex_ws/install/nav2_regulated_pure_pursuit_controller/share/nav2_regulated_pure_pursuit_controller/package.sh'
[52.830s] INFO:colcon.colcon_core.shell:Creating package script '/home/agilex/agilex_ws/install/nav2_regulated_pure_pursuit_controller/share/nav2_regulated_pure_pursuit_controller/package.bash'
[52.831s] INFO:colcon.colcon_core.shell:Creating package script '/home/agilex/agilex_ws/install/nav2_regulated_pure_pursuit_controller/share/nav2_regulated_pure_pursuit_controller/package.zsh'
[52.831s] Level 1:colcon.colcon_core.environment:create_file_with_runtime_dependencies(/home/agilex/agilex_ws/install/nav2_regulated_pure_pursuit_controller/share/colcon-core/packages/nav2_regulated_pure_pursuit_controller)
[52.839s] DEBUG:colcon.colcon_core.event_handler.log_command:Invoking command in '/home/agilex/agilex_ws/build/dwb_critics': AMENT_PREFIX_PATH=/home/agilex/agilex_ws/install/dwb_core:/home/agilex/agilex_ws/install/nav2_core:/home/agilex/agilex_ws/install/costmap_queue:/home/agilex/agilex_ws/install/nav2_costmap_2d:/home/agilex/agilex_ws/install/nav_2d_utils:/home/agilex/agilex_ws/install/nav2_util:/home/agilex/agilex_ws/install/nav2_voxel_grid:/home/agilex/agilex_ws/install/nav2_msgs:/home/agilex/agilex_ws/install/dwb_msgs:/home/agilex/agilex_ws/install/nav_2d_msgs:/home/agilex/agilex_ws/install/nav2_common CMAKE_PREFIX_PATH=/home/agilex/agilex_ws/install/dwb_core:/home/agilex/agilex_ws/install/nav2_core:/home/agilex/agilex_ws/install/costmap_queue:/home/agilex/agilex_ws/install/nav2_costmap_2d:/home/agilex/agilex_ws/install/nav_2d_utils:/home/agilex/agilex_ws/install/nav2_util:/home/agilex/agilex_ws/install/nav2_voxel_grid:/home/agilex/agilex_ws/install/nav2_msgs:/home/agilex/agilex_ws/install/dwb_msgs:/home/agilex/agilex_ws/install/nav_2d_msgs:/home/agilex/agilex_ws/install/nav2_common LD_LIBRARY_PATH=/home/agilex/agilex_ws/install/dwb_core/lib:/home/agilex/agilex_ws/install/costmap_queue/lib:/home/agilex/agilex_ws/install/nav2_costmap_2d/lib:/home/agilex/agilex_ws/install/nav_2d_utils/lib:/home/agilex/agilex_ws/install/nav2_util/lib:/home/agilex/agilex_ws/install/nav2_voxel_grid/lib:/home/agilex/agilex_ws/install/nav2_msgs/lib:/home/agilex/agilex_ws/install/dwb_msgs/lib:/home/agilex/agilex_ws/install/nav_2d_msgs/lib PYTHONPATH=/home/agilex/agilex_ws/install/nav2_msgs/local/lib/python3.10/dist-packages:/home/agilex/agilex_ws/install/dwb_msgs/local/lib/python3.10/dist-packages:/home/agilex/agilex_ws/install/nav_2d_msgs/local/lib/python3.10/dist-packages:/home/agilex/agilex_ws/install/nav2_common/local/lib/python3.10/dist-packages /usr/bin/cmake --build /home/agilex/agilex_ws/build/dwb_critics -- -j16 -l16
[52.843s] DEBUG:colcon.colcon_core.event_handler.log_command:Invoking command in '/home/agilex/agilex_ws/build/dwb_plugins': AMENT_PREFIX_PATH=/home/agilex/agilex_ws/install/dwb_core:/home/agilex/agilex_ws/install/nav2_core:/home/agilex/agilex_ws/install/nav2_costmap_2d:/home/agilex/agilex_ws/install/nav_2d_utils:/home/agilex/agilex_ws/install/nav2_util:/home/agilex/agilex_ws/install/nav2_voxel_grid:/home/agilex/agilex_ws/install/nav2_msgs:/home/agilex/agilex_ws/install/dwb_msgs:/home/agilex/agilex_ws/install/nav_2d_msgs:/home/agilex/agilex_ws/install/nav2_common CMAKE_PREFIX_PATH=/home/agilex/agilex_ws/install/dwb_core:/home/agilex/agilex_ws/install/nav2_core:/home/agilex/agilex_ws/install/nav2_costmap_2d:/home/agilex/agilex_ws/install/nav_2d_utils:/home/agilex/agilex_ws/install/nav2_util:/home/agilex/agilex_ws/install/nav2_voxel_grid:/home/agilex/agilex_ws/install/nav2_msgs:/home/agilex/agilex_ws/install/dwb_msgs:/home/agilex/agilex_ws/install/nav_2d_msgs:/home/agilex/agilex_ws/install/nav2_common LD_LIBRARY_PATH=/home/agilex/agilex_ws/install/dwb_core/lib:/home/agilex/agilex_ws/install/nav2_costmap_2d/lib:/home/agilex/agilex_ws/install/nav_2d_utils/lib:/home/agilex/agilex_ws/install/nav2_util/lib:/home/agilex/agilex_ws/install/nav2_voxel_grid/lib:/home/agilex/agilex_ws/install/nav2_msgs/lib:/home/agilex/agilex_ws/install/dwb_msgs/lib:/home/agilex/agilex_ws/install/nav_2d_msgs/lib PYTHONPATH=/home/agilex/agilex_ws/install/nav2_msgs/local/lib/python3.10/dist-packages:/home/agilex/agilex_ws/install/dwb_msgs/local/lib/python3.10/dist-packages:/home/agilex/agilex_ws/install/nav_2d_msgs/local/lib/python3.10/dist-packages:/home/agilex/agilex_ws/install/nav2_common/local/lib/python3.10/dist-packages /usr/bin/cmake --build /home/agilex/agilex_ws/build/dwb_plugins -- -j16 -l16
[55.491s] DEBUG:colcon.colcon_core.event_handler.log_command:Invoked command in '/home/agilex/agilex_ws/build/nav2_planner' returned '0': AMENT_PREFIX_PATH=/home/agilex/agilex_ws/install/nav2_core:/home/agilex/agilex_ws/install/nav2_costmap_2d:/home/agilex/agilex_ws/install/nav2_util:/home/agilex/agilex_ws/install/nav2_voxel_grid:/home/agilex/agilex_ws/install/nav2_msgs:/home/agilex/agilex_ws/install/nav2_common CMAKE_PREFIX_PATH=/home/agilex/agilex_ws/install/nav2_core:/home/agilex/agilex_ws/install/nav2_costmap_2d:/home/agilex/agilex_ws/install/nav2_util:/home/agilex/agilex_ws/install/nav2_voxel_grid:/home/agilex/agilex_ws/install/nav2_msgs:/home/agilex/agilex_ws/install/nav2_common LD_LIBRARY_PATH=/home/agilex/agilex_ws/install/nav2_costmap_2d/lib:/home/agilex/agilex_ws/install/nav2_util/lib:/home/agilex/agilex_ws/install/nav2_voxel_grid/lib:/home/agilex/agilex_ws/install/nav2_msgs/lib PYTHONPATH=/home/agilex/agilex_ws/install/nav2_msgs/local/lib/python3.10/dist-packages:/home/agilex/agilex_ws/install/nav2_common/local/lib/python3.10/dist-packages /usr/bin/cmake --build /home/agilex/agilex_ws/build/nav2_planner -- -j16 -l16
[55.519s] DEBUG:colcon.colcon_core.event_handler.log_command:Invoking command in '/home/agilex/agilex_ws/build/nav2_planner': AMENT_PREFIX_PATH=/home/agilex/agilex_ws/install/nav2_core:/home/agilex/agilex_ws/install/nav2_costmap_2d:/home/agilex/agilex_ws/install/nav2_util:/home/agilex/agilex_ws/install/nav2_voxel_grid:/home/agilex/agilex_ws/install/nav2_msgs:/home/agilex/agilex_ws/install/nav2_common CMAKE_PREFIX_PATH=/home/agilex/agilex_ws/install/nav2_core:/home/agilex/agilex_ws/install/nav2_costmap_2d:/home/agilex/agilex_ws/install/nav2_util:/home/agilex/agilex_ws/install/nav2_voxel_grid:/home/agilex/agilex_ws/install/nav2_msgs:/home/agilex/agilex_ws/install/nav2_common LD_LIBRARY_PATH=/home/agilex/agilex_ws/install/nav2_costmap_2d/lib:/home/agilex/agilex_ws/install/nav2_util/lib:/home/agilex/agilex_ws/install/nav2_voxel_grid/lib:/home/agilex/agilex_ws/install/nav2_msgs/lib PYTHONPATH=/home/agilex/agilex_ws/install/nav2_msgs/local/lib/python3.10/dist-packages:/home/agilex/agilex_ws/install/nav2_common/local/lib/python3.10/dist-packages /usr/bin/cmake --install /home/agilex/agilex_ws/build/nav2_planner
[55.617s] Level 1:colcon.colcon_core.environment:create_environment_scripts_only(nav2_planner)
[55.618s] DEBUG:colcon.colcon_core.event_handler.log_command:Invoked command in '/home/agilex/agilex_ws/build/nav2_constrained_smoother' returned '0': AMENT_PREFIX_PATH=/home/agilex/agilex_ws/install/nav2_core:/home/agilex/agilex_ws/install/nav2_costmap_2d:/home/agilex/agilex_ws/install/nav2_util:/home/agilex/agilex_ws/install/nav2_voxel_grid:/home/agilex/agilex_ws/install/nav2_msgs:/home/agilex/agilex_ws/install/nav2_common CMAKE_PREFIX_PATH=/home/agilex/agilex_ws/install/nav2_core:/home/agilex/agilex_ws/install/nav2_costmap_2d:/home/agilex/agilex_ws/install/nav2_util:/home/agilex/agilex_ws/install/nav2_voxel_grid:/home/agilex/agilex_ws/install/nav2_msgs:/home/agilex/agilex_ws/install/nav2_common LD_LIBRARY_PATH=/home/agilex/agilex_ws/install/nav2_costmap_2d/lib:/home/agilex/agilex_ws/install/nav2_util/lib:/home/agilex/agilex_ws/install/nav2_voxel_grid/lib:/home/agilex/agilex_ws/install/nav2_msgs/lib PYTHONPATH=/home/agilex/agilex_ws/install/nav2_msgs/local/lib/python3.10/dist-packages:/home/agilex/agilex_ws/install/nav2_common/local/lib/python3.10/dist-packages /usr/bin/cmake --build /home/agilex/agilex_ws/build/nav2_constrained_smoother -- -j16 -l16
[55.619s] DEBUG:colcon.colcon_core.event_handler.log_command:Invoked command in '/home/agilex/agilex_ws/build/nav2_planner' returned '0': AMENT_PREFIX_PATH=/home/agilex/agilex_ws/install/nav2_core:/home/agilex/agilex_ws/install/nav2_costmap_2d:/home/agilex/agilex_ws/install/nav2_util:/home/agilex/agilex_ws/install/nav2_voxel_grid:/home/agilex/agilex_ws/install/nav2_msgs:/home/agilex/agilex_ws/install/nav2_common CMAKE_PREFIX_PATH=/home/agilex/agilex_ws/install/nav2_core:/home/agilex/agilex_ws/install/nav2_costmap_2d:/home/agilex/agilex_ws/install/nav2_util:/home/agilex/agilex_ws/install/nav2_voxel_grid:/home/agilex/agilex_ws/install/nav2_msgs:/home/agilex/agilex_ws/install/nav2_common LD_LIBRARY_PATH=/home/agilex/agilex_ws/install/nav2_costmap_2d/lib:/home/agilex/agilex_ws/install/nav2_util/lib:/home/agilex/agilex_ws/install/nav2_voxel_grid/lib:/home/agilex/agilex_ws/install/nav2_msgs/lib PYTHONPATH=/home/agilex/agilex_ws/install/nav2_msgs/local/lib/python3.10/dist-packages:/home/agilex/agilex_ws/install/nav2_common/local/lib/python3.10/dist-packages /usr/bin/cmake --install /home/agilex/agilex_ws/build/nav2_planner
[55.629s] Level 1:colcon.colcon_core.environment:checking '/home/agilex/agilex_ws/install/nav2_planner' for CMake module files
[55.630s] Level 1:colcon.colcon_core.environment:checking '/home/agilex/agilex_ws/install/nav2_planner' for CMake config files
[55.631s] Level 1:colcon.colcon_core.shell:create_environment_hook('nav2_planner', 'cmake_prefix_path')
[55.642s] INFO:colcon.colcon_core.shell:Creating environment hook '/home/agilex/agilex_ws/install/nav2_planner/share/nav2_planner/hook/cmake_prefix_path.ps1'
[55.643s] INFO:colcon.colcon_core.shell:Creating environment descriptor '/home/agilex/agilex_ws/install/nav2_planner/share/nav2_planner/hook/cmake_prefix_path.dsv'
[55.643s] INFO:colcon.colcon_core.shell:Creating environment hook '/home/agilex/agilex_ws/install/nav2_planner/share/nav2_planner/hook/cmake_prefix_path.sh'
[55.644s] Level 1:colcon.colcon_core.environment:checking '/home/agilex/agilex_ws/install/nav2_planner/lib'
[55.645s] Level 1:colcon.colcon_core.shell:create_environment_hook('nav2_planner', 'ld_library_path_lib')
[55.654s] INFO:colcon.colcon_core.shell:Creating environment hook '/home/agilex/agilex_ws/install/nav2_planner/share/nav2_planner/hook/ld_library_path_lib.ps1'
[55.655s] INFO:colcon.colcon_core.shell:Creating environment descriptor '/home/agilex/agilex_ws/install/nav2_planner/share/nav2_planner/hook/ld_library_path_lib.dsv'
[55.655s] INFO:colcon.colcon_core.shell:Creating environment hook '/home/agilex/agilex_ws/install/nav2_planner/share/nav2_planner/hook/ld_library_path_lib.sh'
[55.656s] Level 1:colcon.colcon_core.environment:checking '/home/agilex/agilex_ws/install/nav2_planner/bin'
[55.656s] Level 1:colcon.colcon_core.environment:checking '/home/agilex/agilex_ws/install/nav2_planner/lib/pkgconfig/nav2_planner.pc'
[55.657s] Level 1:colcon.colcon_core.environment:checking '/home/agilex/agilex_ws/install/nav2_planner/lib/python3.10/site-packages'
[55.657s] Level 1:colcon.colcon_core.environment:checking '/home/agilex/agilex_ws/install/nav2_planner/bin'
[55.667s] INFO:colcon.colcon_core.shell:Creating package script '/home/agilex/agilex_ws/install/nav2_planner/share/nav2_planner/package.ps1'
[55.668s] INFO:colcon.colcon_core.shell:Creating package descriptor '/home/agilex/agilex_ws/install/nav2_planner/share/nav2_planner/package.dsv'
[55.668s] INFO:colcon.colcon_core.shell:Creating package script '/home/agilex/agilex_ws/install/nav2_planner/share/nav2_planner/package.sh'
[55.669s] INFO:colcon.colcon_core.shell:Creating package script '/home/agilex/agilex_ws/install/nav2_planner/share/nav2_planner/package.bash'
[55.670s] INFO:colcon.colcon_core.shell:Creating package script '/home/agilex/agilex_ws/install/nav2_planner/share/nav2_planner/package.zsh'
[55.670s] Level 1:colcon.colcon_core.environment:create_file_with_runtime_dependencies(/home/agilex/agilex_ws/install/nav2_planner/share/colcon-core/packages/nav2_planner)
[55.676s] DEBUG:colcon.colcon_core.event_handler.log_command:Invoking command in '/home/agilex/agilex_ws/build/nav2_constrained_smoother': AMENT_PREFIX_PATH=/home/agilex/agilex_ws/install/nav2_core:/home/agilex/agilex_ws/install/nav2_costmap_2d:/home/agilex/agilex_ws/install/nav2_util:/home/agilex/agilex_ws/install/nav2_voxel_grid:/home/agilex/agilex_ws/install/nav2_msgs:/home/agilex/agilex_ws/install/nav2_common CMAKE_PREFIX_PATH=/home/agilex/agilex_ws/install/nav2_core:/home/agilex/agilex_ws/install/nav2_costmap_2d:/home/agilex/agilex_ws/install/nav2_util:/home/agilex/agilex_ws/install/nav2_voxel_grid:/home/agilex/agilex_ws/install/nav2_msgs:/home/agilex/agilex_ws/install/nav2_common LD_LIBRARY_PATH=/home/agilex/agilex_ws/install/nav2_costmap_2d/lib:/home/agilex/agilex_ws/install/nav2_util/lib:/home/agilex/agilex_ws/install/nav2_voxel_grid/lib:/home/agilex/agilex_ws/install/nav2_msgs/lib PYTHONPATH=/home/agilex/agilex_ws/install/nav2_msgs/local/lib/python3.10/dist-packages:/home/agilex/agilex_ws/install/nav2_common/local/lib/python3.10/dist-packages /usr/bin/cmake --install /home/agilex/agilex_ws/build/nav2_constrained_smoother
[55.696s] Level 1:colcon.colcon_core.environment:create_environment_scripts_only(nav2_constrained_smoother)
[55.697s] DEBUG:colcon.colcon_core.event_handler.log_command:Invoked command in '/home/agilex/agilex_ws/build/nav2_constrained_smoother' returned '0': AMENT_PREFIX_PATH=/home/agilex/agilex_ws/install/nav2_core:/home/agilex/agilex_ws/install/nav2_costmap_2d:/home/agilex/agilex_ws/install/nav2_util:/home/agilex/agilex_ws/install/nav2_voxel_grid:/home/agilex/agilex_ws/install/nav2_msgs:/home/agilex/agilex_ws/install/nav2_common CMAKE_PREFIX_PATH=/home/agilex/agilex_ws/install/nav2_core:/home/agilex/agilex_ws/install/nav2_costmap_2d:/home/agilex/agilex_ws/install/nav2_util:/home/agilex/agilex_ws/install/nav2_voxel_grid:/home/agilex/agilex_ws/install/nav2_msgs:/home/agilex/agilex_ws/install/nav2_common LD_LIBRARY_PATH=/home/agilex/agilex_ws/install/nav2_costmap_2d/lib:/home/agilex/agilex_ws/install/nav2_util/lib:/home/agilex/agilex_ws/install/nav2_voxel_grid/lib:/home/agilex/agilex_ws/install/nav2_msgs/lib PYTHONPATH=/home/agilex/agilex_ws/install/nav2_msgs/local/lib/python3.10/dist-packages:/home/agilex/agilex_ws/install/nav2_common/local/lib/python3.10/dist-packages /usr/bin/cmake --install /home/agilex/agilex_ws/build/nav2_constrained_smoother
[55.708s] Level 1:colcon.colcon_core.environment:checking '/home/agilex/agilex_ws/install/nav2_constrained_smoother' for CMake module files
[55.709s] Level 1:colcon.colcon_core.environment:checking '/home/agilex/agilex_ws/install/nav2_constrained_smoother' for CMake config files
[55.710s] Level 1:colcon.colcon_core.shell:create_environment_hook('nav2_constrained_smoother', 'cmake_prefix_path')
[55.720s] INFO:colcon.colcon_core.shell:Creating environment hook '/home/agilex/agilex_ws/install/nav2_constrained_smoother/share/nav2_constrained_smoother/hook/cmake_prefix_path.ps1'
[55.721s] INFO:colcon.colcon_core.shell:Creating environment descriptor '/home/agilex/agilex_ws/install/nav2_constrained_smoother/share/nav2_constrained_smoother/hook/cmake_prefix_path.dsv'
[55.721s] INFO:colcon.colcon_core.shell:Creating environment hook '/home/agilex/agilex_ws/install/nav2_constrained_smoother/share/nav2_constrained_smoother/hook/cmake_prefix_path.sh'
[55.722s] Level 1:colcon.colcon_core.environment:checking '/home/agilex/agilex_ws/install/nav2_constrained_smoother/lib'
[55.722s] Level 1:colcon.colcon_core.shell:create_environment_hook('nav2_constrained_smoother', 'ld_library_path_lib')
[55.732s] INFO:colcon.colcon_core.shell:Creating environment hook '/home/agilex/agilex_ws/install/nav2_constrained_smoother/share/nav2_constrained_smoother/hook/ld_library_path_lib.ps1'
[55.733s] INFO:colcon.colcon_core.shell:Creating environment descriptor '/home/agilex/agilex_ws/install/nav2_constrained_smoother/share/nav2_constrained_smoother/hook/ld_library_path_lib.dsv'
[55.733s] INFO:colcon.colcon_core.shell:Creating environment hook '/home/agilex/agilex_ws/install/nav2_constrained_smoother/share/nav2_constrained_smoother/hook/ld_library_path_lib.sh'
[55.734s] Level 1:colcon.colcon_core.environment:checking '/home/agilex/agilex_ws/install/nav2_constrained_smoother/bin'
[55.734s] Level 1:colcon.colcon_core.environment:checking '/home/agilex/agilex_ws/install/nav2_constrained_smoother/lib/pkgconfig/nav2_constrained_smoother.pc'
[55.734s] Level 1:colcon.colcon_core.environment:checking '/home/agilex/agilex_ws/install/nav2_constrained_smoother/lib/python3.10/site-packages'
[55.735s] Level 1:colcon.colcon_core.environment:checking '/home/agilex/agilex_ws/install/nav2_constrained_smoother/bin'
[55.745s] INFO:colcon.colcon_core.shell:Creating package script '/home/agilex/agilex_ws/install/nav2_constrained_smoother/share/nav2_constrained_smoother/package.ps1'
[55.746s] INFO:colcon.colcon_core.shell:Creating package descriptor '/home/agilex/agilex_ws/install/nav2_constrained_smoother/share/nav2_constrained_smoother/package.dsv'
[55.746s] INFO:colcon.colcon_core.shell:Creating package script '/home/agilex/agilex_ws/install/nav2_constrained_smoother/share/nav2_constrained_smoother/package.sh'
[55.747s] INFO:colcon.colcon_core.shell:Creating package script '/home/agilex/agilex_ws/install/nav2_constrained_smoother/share/nav2_constrained_smoother/package.bash'
[55.747s] INFO:colcon.colcon_core.shell:Creating package script '/home/agilex/agilex_ws/install/nav2_constrained_smoother/share/nav2_constrained_smoother/package.zsh'
[55.748s] Level 1:colcon.colcon_core.environment:create_file_with_runtime_dependencies(/home/agilex/agilex_ws/install/nav2_constrained_smoother/share/colcon-core/packages/nav2_constrained_smoother)
[55.762s] Level 1:colcon.colcon_core.environment:create_environment_scripts_only(nav2_planner)
[55.772s] Level 1:colcon.colcon_core.environment:checking '/home/agilex/agilex_ws/install/nav2_planner' for CMake module files
[55.773s] Level 1:colcon.colcon_core.environment:checking '/home/agilex/agilex_ws/install/nav2_planner' for CMake config files
[55.773s] Level 1:colcon.colcon_core.shell:create_environment_hook('nav2_planner', 'cmake_prefix_path')
[55.783s] INFO:colcon.colcon_core.shell:Creating environment hook '/home/agilex/agilex_ws/install/nav2_planner/share/nav2_planner/hook/cmake_prefix_path.ps1'
[55.784s] INFO:colcon.colcon_core.shell:Creating environment descriptor '/home/agilex/agilex_ws/install/nav2_planner/share/nav2_planner/hook/cmake_prefix_path.dsv'
[55.784s] INFO:colcon.colcon_core.shell:Creating environment hook '/home/agilex/agilex_ws/install/nav2_planner/share/nav2_planner/hook/cmake_prefix_path.sh'
[55.785s] Level 1:colcon.colcon_core.environment:checking '/home/agilex/agilex_ws/install/nav2_planner/lib'
[55.785s] Level 1:colcon.colcon_core.shell:create_environment_hook('nav2_planner', 'ld_library_path_lib')
[55.795s] INFO:colcon.colcon_core.shell:Creating environment hook '/home/agilex/agilex_ws/install/nav2_planner/share/nav2_planner/hook/ld_library_path_lib.ps1'
[55.796s] INFO:colcon.colcon_core.shell:Creating environment descriptor '/home/agilex/agilex_ws/install/nav2_planner/share/nav2_planner/hook/ld_library_path_lib.dsv'
[55.796s] INFO:colcon.colcon_core.shell:Creating environment hook '/home/agilex/agilex_ws/install/nav2_planner/share/nav2_planner/hook/ld_library_path_lib.sh'
[55.797s] Level 1:colcon.colcon_core.environment:checking '/home/agilex/agilex_ws/install/nav2_planner/bin'
[55.797s] Level 1:colcon.colcon_core.environment:checking '/home/agilex/agilex_ws/install/nav2_planner/lib/pkgconfig/nav2_planner.pc'
[55.797s] Level 1:colcon.colcon_core.environment:checking '/home/agilex/agilex_ws/install/nav2_planner/lib/python3.10/site-packages'
[55.798s] Level 1:colcon.colcon_core.environment:checking '/home/agilex/agilex_ws/install/nav2_planner/bin'
[55.807s] INFO:colcon.colcon_core.shell:Creating package script '/home/agilex/agilex_ws/install/nav2_planner/share/nav2_planner/package.ps1'
[55.808s] INFO:colcon.colcon_core.shell:Creating package descriptor '/home/agilex/agilex_ws/install/nav2_planner/share/nav2_planner/package.dsv'
[55.809s] INFO:colcon.colcon_core.shell:Creating package script '/home/agilex/agilex_ws/install/nav2_planner/share/nav2_planner/package.sh'
[55.810s] INFO:colcon.colcon_core.shell:Creating package script '/home/agilex/agilex_ws/install/nav2_planner/share/nav2_planner/package.bash'
[55.810s] INFO:colcon.colcon_core.shell:Creating package script '/home/agilex/agilex_ws/install/nav2_planner/share/nav2_planner/package.zsh'
[55.812s] Level 1:colcon.colcon_core.environment:create_file_with_runtime_dependencies(/home/agilex/agilex_ws/install/nav2_planner/share/colcon-core/packages/nav2_planner)
[55.823s] Level 1:colcon.colcon_core.environment:create_environment_scripts_only(nav2_constrained_smoother)
[55.832s] Level 1:colcon.colcon_core.environment:checking '/home/agilex/agilex_ws/install/nav2_constrained_smoother' for CMake module files
[55.833s] Level 1:colcon.colcon_core.environment:checking '/home/agilex/agilex_ws/install/nav2_constrained_smoother' for CMake config files
[55.833s] Level 1:colcon.colcon_core.shell:create_environment_hook('nav2_constrained_smoother', 'cmake_prefix_path')
[55.843s] INFO:colcon.colcon_core.shell:Creating environment hook '/home/agilex/agilex_ws/install/nav2_constrained_smoother/share/nav2_constrained_smoother/hook/cmake_prefix_path.ps1'
[55.844s] INFO:colcon.colcon_core.shell:Creating environment descriptor '/home/agilex/agilex_ws/install/nav2_constrained_smoother/share/nav2_constrained_smoother/hook/cmake_prefix_path.dsv'
[55.844s] INFO:colcon.colcon_core.shell:Creating environment hook '/home/agilex/agilex_ws/install/nav2_constrained_smoother/share/nav2_constrained_smoother/hook/cmake_prefix_path.sh'
[55.845s] Level 1:colcon.colcon_core.environment:checking '/home/agilex/agilex_ws/install/nav2_constrained_smoother/lib'
[55.845s] Level 1:colcon.colcon_core.shell:create_environment_hook('nav2_constrained_smoother', 'ld_library_path_lib')
[55.855s] INFO:colcon.colcon_core.shell:Creating environment hook '/home/agilex/agilex_ws/install/nav2_constrained_smoother/share/nav2_constrained_smoother/hook/ld_library_path_lib.ps1'
[55.856s] INFO:colcon.colcon_core.shell:Creating environment descriptor '/home/agilex/agilex_ws/install/nav2_constrained_smoother/share/nav2_constrained_smoother/hook/ld_library_path_lib.dsv'
[55.856s] INFO:colcon.colcon_core.shell:Creating environment hook '/home/agilex/agilex_ws/install/nav2_constrained_smoother/share/nav2_constrained_smoother/hook/ld_library_path_lib.sh'
[55.857s] Level 1:colcon.colcon_core.environment:checking '/home/agilex/agilex_ws/install/nav2_constrained_smoother/bin'
[55.857s] Level 1:colcon.colcon_core.environment:checking '/home/agilex/agilex_ws/install/nav2_constrained_smoother/lib/pkgconfig/nav2_constrained_smoother.pc'
[55.857s] Level 1:colcon.colcon_core.environment:checking '/home/agilex/agilex_ws/install/nav2_constrained_smoother/lib/python3.10/site-packages'
[55.857s] Level 1:colcon.colcon_core.environment:checking '/home/agilex/agilex_ws/install/nav2_constrained_smoother/bin'
[55.867s] INFO:colcon.colcon_core.shell:Creating package script '/home/agilex/agilex_ws/install/nav2_constrained_smoother/share/nav2_constrained_smoother/package.ps1'
[55.868s] INFO:colcon.colcon_core.shell:Creating package descriptor '/home/agilex/agilex_ws/install/nav2_constrained_smoother/share/nav2_constrained_smoother/package.dsv'
[55.869s] INFO:colcon.colcon_core.shell:Creating package script '/home/agilex/agilex_ws/install/nav2_constrained_smoother/share/nav2_constrained_smoother/package.sh'
[55.869s] INFO:colcon.colcon_core.shell:Creating package script '/home/agilex/agilex_ws/install/nav2_constrained_smoother/share/nav2_constrained_smoother/package.bash'
[55.870s] INFO:colcon.colcon_core.shell:Creating package script '/home/agilex/agilex_ws/install/nav2_constrained_smoother/share/nav2_constrained_smoother/package.zsh'
[55.871s] Level 1:colcon.colcon_core.environment:create_file_with_runtime_dependencies(/home/agilex/agilex_ws/install/nav2_constrained_smoother/share/colcon-core/packages/nav2_constrained_smoother)
[73.037s] DEBUG:colcon.colcon_core.event_handler.log_command:Invoked command in '/home/agilex/agilex_ws/build/nav2_smoother' returned '0': AMENT_PREFIX_PATH=/home/agilex/agilex_ws/install/nav2_core:/home/agilex/agilex_ws/install/nav2_costmap_2d:/home/agilex/agilex_ws/install/nav_2d_utils:/home/agilex/agilex_ws/install/nav2_util:/home/agilex/agilex_ws/install/nav2_voxel_grid:/home/agilex/agilex_ws/install/nav2_msgs:/home/agilex/agilex_ws/install/nav_2d_msgs:/home/agilex/agilex_ws/install/nav2_common CMAKE_PREFIX_PATH=/home/agilex/agilex_ws/install/nav2_core:/home/agilex/agilex_ws/install/nav2_costmap_2d:/home/agilex/agilex_ws/install/nav_2d_utils:/home/agilex/agilex_ws/install/nav2_util:/home/agilex/agilex_ws/install/nav2_voxel_grid:/home/agilex/agilex_ws/install/nav2_msgs:/home/agilex/agilex_ws/install/nav_2d_msgs:/home/agilex/agilex_ws/install/nav2_common LD_LIBRARY_PATH=/home/agilex/agilex_ws/install/nav2_costmap_2d/lib:/home/agilex/agilex_ws/install/nav_2d_utils/lib:/home/agilex/agilex_ws/install/nav2_util/lib:/home/agilex/agilex_ws/install/nav2_voxel_grid/lib:/home/agilex/agilex_ws/install/nav2_msgs/lib:/home/agilex/agilex_ws/install/nav_2d_msgs/lib PYTHONPATH=/home/agilex/agilex_ws/install/nav2_msgs/local/lib/python3.10/dist-packages:/home/agilex/agilex_ws/install/nav_2d_msgs/local/lib/python3.10/dist-packages:/home/agilex/agilex_ws/install/nav2_common/local/lib/python3.10/dist-packages /usr/bin/cmake --build /home/agilex/agilex_ws/build/nav2_smoother -- -j16 -l16
[73.070s] DEBUG:colcon.colcon_core.event_handler.log_command:Invoking command in '/home/agilex/agilex_ws/build/nav2_smoother': AMENT_PREFIX_PATH=/home/agilex/agilex_ws/install/nav2_core:/home/agilex/agilex_ws/install/nav2_costmap_2d:/home/agilex/agilex_ws/install/nav_2d_utils:/home/agilex/agilex_ws/install/nav2_util:/home/agilex/agilex_ws/install/nav2_voxel_grid:/home/agilex/agilex_ws/install/nav2_msgs:/home/agilex/agilex_ws/install/nav_2d_msgs:/home/agilex/agilex_ws/install/nav2_common CMAKE_PREFIX_PATH=/home/agilex/agilex_ws/install/nav2_core:/home/agilex/agilex_ws/install/nav2_costmap_2d:/home/agilex/agilex_ws/install/nav_2d_utils:/home/agilex/agilex_ws/install/nav2_util:/home/agilex/agilex_ws/install/nav2_voxel_grid:/home/agilex/agilex_ws/install/nav2_msgs:/home/agilex/agilex_ws/install/nav_2d_msgs:/home/agilex/agilex_ws/install/nav2_common LD_LIBRARY_PATH=/home/agilex/agilex_ws/install/nav2_costmap_2d/lib:/home/agilex/agilex_ws/install/nav_2d_utils/lib:/home/agilex/agilex_ws/install/nav2_util/lib:/home/agilex/agilex_ws/install/nav2_voxel_grid/lib:/home/agilex/agilex_ws/install/nav2_msgs/lib:/home/agilex/agilex_ws/install/nav_2d_msgs/lib PYTHONPATH=/home/agilex/agilex_ws/install/nav2_msgs/local/lib/python3.10/dist-packages:/home/agilex/agilex_ws/install/nav_2d_msgs/local/lib/python3.10/dist-packages:/home/agilex/agilex_ws/install/nav2_common/local/lib/python3.10/dist-packages /usr/bin/cmake --install /home/agilex/agilex_ws/build/nav2_smoother
[73.092s] Level 1:colcon.colcon_core.environment:create_environment_scripts_only(nav2_smoother)
[73.093s] DEBUG:colcon.colcon_core.event_handler.log_command:Invoked command in '/home/agilex/agilex_ws/build/nav2_smoother' returned '0': AMENT_PREFIX_PATH=/home/agilex/agilex_ws/install/nav2_core:/home/agilex/agilex_ws/install/nav2_costmap_2d:/home/agilex/agilex_ws/install/nav_2d_utils:/home/agilex/agilex_ws/install/nav2_util:/home/agilex/agilex_ws/install/nav2_voxel_grid:/home/agilex/agilex_ws/install/nav2_msgs:/home/agilex/agilex_ws/install/nav_2d_msgs:/home/agilex/agilex_ws/install/nav2_common CMAKE_PREFIX_PATH=/home/agilex/agilex_ws/install/nav2_core:/home/agilex/agilex_ws/install/nav2_costmap_2d:/home/agilex/agilex_ws/install/nav_2d_utils:/home/agilex/agilex_ws/install/nav2_util:/home/agilex/agilex_ws/install/nav2_voxel_grid:/home/agilex/agilex_ws/install/nav2_msgs:/home/agilex/agilex_ws/install/nav_2d_msgs:/home/agilex/agilex_ws/install/nav2_common LD_LIBRARY_PATH=/home/agilex/agilex_ws/install/nav2_costmap_2d/lib:/home/agilex/agilex_ws/install/nav_2d_utils/lib:/home/agilex/agilex_ws/install/nav2_util/lib:/home/agilex/agilex_ws/install/nav2_voxel_grid/lib:/home/agilex/agilex_ws/install/nav2_msgs/lib:/home/agilex/agilex_ws/install/nav_2d_msgs/lib PYTHONPATH=/home/agilex/agilex_ws/install/nav2_msgs/local/lib/python3.10/dist-packages:/home/agilex/agilex_ws/install/nav_2d_msgs/local/lib/python3.10/dist-packages:/home/agilex/agilex_ws/install/nav2_common/local/lib/python3.10/dist-packages /usr/bin/cmake --install /home/agilex/agilex_ws/build/nav2_smoother
[73.104s] Level 1:colcon.colcon_core.environment:checking '/home/agilex/agilex_ws/install/nav2_smoother' for CMake module files
[73.104s] Level 1:colcon.colcon_core.environment:checking '/home/agilex/agilex_ws/install/nav2_smoother' for CMake config files
[73.105s] Level 1:colcon.colcon_core.shell:create_environment_hook('nav2_smoother', 'cmake_prefix_path')
[73.115s] INFO:colcon.colcon_core.shell:Creating environment hook '/home/agilex/agilex_ws/install/nav2_smoother/share/nav2_smoother/hook/cmake_prefix_path.ps1'
[73.116s] INFO:colcon.colcon_core.shell:Creating environment descriptor '/home/agilex/agilex_ws/install/nav2_smoother/share/nav2_smoother/hook/cmake_prefix_path.dsv'
[73.116s] INFO:colcon.colcon_core.shell:Creating environment hook '/home/agilex/agilex_ws/install/nav2_smoother/share/nav2_smoother/hook/cmake_prefix_path.sh'
[73.117s] Level 1:colcon.colcon_core.environment:checking '/home/agilex/agilex_ws/install/nav2_smoother/lib'
[73.117s] Level 1:colcon.colcon_core.shell:create_environment_hook('nav2_smoother', 'ld_library_path_lib')
[73.128s] INFO:colcon.colcon_core.shell:Creating environment hook '/home/agilex/agilex_ws/install/nav2_smoother/share/nav2_smoother/hook/ld_library_path_lib.ps1'
[73.129s] INFO:colcon.colcon_core.shell:Creating environment descriptor '/home/agilex/agilex_ws/install/nav2_smoother/share/nav2_smoother/hook/ld_library_path_lib.dsv'
[73.130s] INFO:colcon.colcon_core.shell:Creating environment hook '/home/agilex/agilex_ws/install/nav2_smoother/share/nav2_smoother/hook/ld_library_path_lib.sh'
[73.130s] Level 1:colcon.colcon_core.environment:checking '/home/agilex/agilex_ws/install/nav2_smoother/bin'
[73.130s] Level 1:colcon.colcon_core.environment:checking '/home/agilex/agilex_ws/install/nav2_smoother/lib/pkgconfig/nav2_smoother.pc'
[73.131s] Level 1:colcon.colcon_core.environment:checking '/home/agilex/agilex_ws/install/nav2_smoother/lib/python3.10/site-packages'
[73.131s] Level 1:colcon.colcon_core.environment:checking '/home/agilex/agilex_ws/install/nav2_smoother/bin'
[73.142s] INFO:colcon.colcon_core.shell:Creating package script '/home/agilex/agilex_ws/install/nav2_smoother/share/nav2_smoother/package.ps1'
[73.143s] INFO:colcon.colcon_core.shell:Creating package descriptor '/home/agilex/agilex_ws/install/nav2_smoother/share/nav2_smoother/package.dsv'
[73.143s] INFO:colcon.colcon_core.shell:Creating package script '/home/agilex/agilex_ws/install/nav2_smoother/share/nav2_smoother/package.sh'
[73.144s] INFO:colcon.colcon_core.shell:Creating package script '/home/agilex/agilex_ws/install/nav2_smoother/share/nav2_smoother/package.bash'
[73.145s] INFO:colcon.colcon_core.shell:Creating package script '/home/agilex/agilex_ws/install/nav2_smoother/share/nav2_smoother/package.zsh'
[73.145s] Level 1:colcon.colcon_core.environment:create_file_with_runtime_dependencies(/home/agilex/agilex_ws/install/nav2_smoother/share/colcon-core/packages/nav2_smoother)
[73.186s] Level 1:colcon.colcon_core.environment:create_environment_scripts_only(nav2_smoother)
[73.196s] Level 1:colcon.colcon_core.environment:checking '/home/agilex/agilex_ws/install/nav2_smoother' for CMake module files
[73.197s] Level 1:colcon.colcon_core.environment:checking '/home/agilex/agilex_ws/install/nav2_smoother' for CMake config files
[73.197s] Level 1:colcon.colcon_core.shell:create_environment_hook('nav2_smoother', 'cmake_prefix_path')
[73.207s] INFO:colcon.colcon_core.shell:Creating environment hook '/home/agilex/agilex_ws/install/nav2_smoother/share/nav2_smoother/hook/cmake_prefix_path.ps1'
[73.208s] INFO:colcon.colcon_core.shell:Creating environment descriptor '/home/agilex/agilex_ws/install/nav2_smoother/share/nav2_smoother/hook/cmake_prefix_path.dsv'
[73.209s] INFO:colcon.colcon_core.shell:Creating environment hook '/home/agilex/agilex_ws/install/nav2_smoother/share/nav2_smoother/hook/cmake_prefix_path.sh'
[73.210s] Level 1:colcon.colcon_core.environment:checking '/home/agilex/agilex_ws/install/nav2_smoother/lib'
[73.210s] Level 1:colcon.colcon_core.shell:create_environment_hook('nav2_smoother', 'ld_library_path_lib')
[73.220s] INFO:colcon.colcon_core.shell:Creating environment hook '/home/agilex/agilex_ws/install/nav2_smoother/share/nav2_smoother/hook/ld_library_path_lib.ps1'
[73.221s] INFO:colcon.colcon_core.shell:Creating environment descriptor '/home/agilex/agilex_ws/install/nav2_smoother/share/nav2_smoother/hook/ld_library_path_lib.dsv'
[73.222s] INFO:colcon.colcon_core.shell:Creating environment hook '/home/agilex/agilex_ws/install/nav2_smoother/share/nav2_smoother/hook/ld_library_path_lib.sh'
[73.222s] Level 1:colcon.colcon_core.environment:checking '/home/agilex/agilex_ws/install/nav2_smoother/bin'
[73.222s] Level 1:colcon.colcon_core.environment:checking '/home/agilex/agilex_ws/install/nav2_smoother/lib/pkgconfig/nav2_smoother.pc'
[73.222s] Level 1:colcon.colcon_core.environment:checking '/home/agilex/agilex_ws/install/nav2_smoother/lib/python3.10/site-packages'
[73.223s] Level 1:colcon.colcon_core.environment:checking '/home/agilex/agilex_ws/install/nav2_smoother/bin'
[73.232s] INFO:colcon.colcon_core.shell:Creating package script '/home/agilex/agilex_ws/install/nav2_smoother/share/nav2_smoother/package.ps1'
[73.233s] INFO:colcon.colcon_core.shell:Creating package descriptor '/home/agilex/agilex_ws/install/nav2_smoother/share/nav2_smoother/package.dsv'
[73.234s] INFO:colcon.colcon_core.shell:Creating package script '/home/agilex/agilex_ws/install/nav2_smoother/share/nav2_smoother/package.sh'
[73.234s] INFO:colcon.colcon_core.shell:Creating package script '/home/agilex/agilex_ws/install/nav2_smoother/share/nav2_smoother/package.bash'
[73.235s] INFO:colcon.colcon_core.shell:Creating package script '/home/agilex/agilex_ws/install/nav2_smoother/share/nav2_smoother/package.zsh'
[73.235s] Level 1:colcon.colcon_core.environment:create_file_with_runtime_dependencies(/home/agilex/agilex_ws/install/nav2_smoother/share/colcon-core/packages/nav2_smoother)
[90.982s] DEBUG:colcon.colcon_core.event_handler.log_command:Invoked command in '/home/agilex/agilex_ws/build/dwb_plugins' returned '0': AMENT_PREFIX_PATH=/home/agilex/agilex_ws/install/dwb_core:/home/agilex/agilex_ws/install/nav2_core:/home/agilex/agilex_ws/install/nav2_costmap_2d:/home/agilex/agilex_ws/install/nav_2d_utils:/home/agilex/agilex_ws/install/nav2_util:/home/agilex/agilex_ws/install/nav2_voxel_grid:/home/agilex/agilex_ws/install/nav2_msgs:/home/agilex/agilex_ws/install/dwb_msgs:/home/agilex/agilex_ws/install/nav_2d_msgs:/home/agilex/agilex_ws/install/nav2_common CMAKE_PREFIX_PATH=/home/agilex/agilex_ws/install/dwb_core:/home/agilex/agilex_ws/install/nav2_core:/home/agilex/agilex_ws/install/nav2_costmap_2d:/home/agilex/agilex_ws/install/nav_2d_utils:/home/agilex/agilex_ws/install/nav2_util:/home/agilex/agilex_ws/install/nav2_voxel_grid:/home/agilex/agilex_ws/install/nav2_msgs:/home/agilex/agilex_ws/install/dwb_msgs:/home/agilex/agilex_ws/install/nav_2d_msgs:/home/agilex/agilex_ws/install/nav2_common LD_LIBRARY_PATH=/home/agilex/agilex_ws/install/dwb_core/lib:/home/agilex/agilex_ws/install/nav2_costmap_2d/lib:/home/agilex/agilex_ws/install/nav_2d_utils/lib:/home/agilex/agilex_ws/install/nav2_util/lib:/home/agilex/agilex_ws/install/nav2_voxel_grid/lib:/home/agilex/agilex_ws/install/nav2_msgs/lib:/home/agilex/agilex_ws/install/dwb_msgs/lib:/home/agilex/agilex_ws/install/nav_2d_msgs/lib PYTHONPATH=/home/agilex/agilex_ws/install/nav2_msgs/local/lib/python3.10/dist-packages:/home/agilex/agilex_ws/install/dwb_msgs/local/lib/python3.10/dist-packages:/home/agilex/agilex_ws/install/nav_2d_msgs/local/lib/python3.10/dist-packages:/home/agilex/agilex_ws/install/nav2_common/local/lib/python3.10/dist-packages /usr/bin/cmake --build /home/agilex/agilex_ws/build/dwb_plugins -- -j16 -l16
[91.036s] DEBUG:colcon.colcon_core.event_handler.log_command:Invoking command in '/home/agilex/agilex_ws/build/dwb_plugins': AMENT_PREFIX_PATH=/home/agilex/agilex_ws/install/dwb_core:/home/agilex/agilex_ws/install/nav2_core:/home/agilex/agilex_ws/install/nav2_costmap_2d:/home/agilex/agilex_ws/install/nav_2d_utils:/home/agilex/agilex_ws/install/nav2_util:/home/agilex/agilex_ws/install/nav2_voxel_grid:/home/agilex/agilex_ws/install/nav2_msgs:/home/agilex/agilex_ws/install/dwb_msgs:/home/agilex/agilex_ws/install/nav_2d_msgs:/home/agilex/agilex_ws/install/nav2_common CMAKE_PREFIX_PATH=/home/agilex/agilex_ws/install/dwb_core:/home/agilex/agilex_ws/install/nav2_core:/home/agilex/agilex_ws/install/nav2_costmap_2d:/home/agilex/agilex_ws/install/nav_2d_utils:/home/agilex/agilex_ws/install/nav2_util:/home/agilex/agilex_ws/install/nav2_voxel_grid:/home/agilex/agilex_ws/install/nav2_msgs:/home/agilex/agilex_ws/install/dwb_msgs:/home/agilex/agilex_ws/install/nav_2d_msgs:/home/agilex/agilex_ws/install/nav2_common LD_LIBRARY_PATH=/home/agilex/agilex_ws/install/dwb_core/lib:/home/agilex/agilex_ws/install/nav2_costmap_2d/lib:/home/agilex/agilex_ws/install/nav_2d_utils/lib:/home/agilex/agilex_ws/install/nav2_util/lib:/home/agilex/agilex_ws/install/nav2_voxel_grid/lib:/home/agilex/agilex_ws/install/nav2_msgs/lib:/home/agilex/agilex_ws/install/dwb_msgs/lib:/home/agilex/agilex_ws/install/nav_2d_msgs/lib PYTHONPATH=/home/agilex/agilex_ws/install/nav2_msgs/local/lib/python3.10/dist-packages:/home/agilex/agilex_ws/install/dwb_msgs/local/lib/python3.10/dist-packages:/home/agilex/agilex_ws/install/nav_2d_msgs/local/lib/python3.10/dist-packages:/home/agilex/agilex_ws/install/nav2_common/local/lib/python3.10/dist-packages /usr/bin/cmake --install /home/agilex/agilex_ws/build/dwb_plugins
[91.069s] Level 1:colcon.colcon_core.environment:create_environment_scripts_only(dwb_plugins)
[91.071s] DEBUG:colcon.colcon_core.event_handler.log_command:Invoked command in '/home/agilex/agilex_ws/build/dwb_plugins' returned '0': AMENT_PREFIX_PATH=/home/agilex/agilex_ws/install/dwb_core:/home/agilex/agilex_ws/install/nav2_core:/home/agilex/agilex_ws/install/nav2_costmap_2d:/home/agilex/agilex_ws/install/nav_2d_utils:/home/agilex/agilex_ws/install/nav2_util:/home/agilex/agilex_ws/install/nav2_voxel_grid:/home/agilex/agilex_ws/install/nav2_msgs:/home/agilex/agilex_ws/install/dwb_msgs:/home/agilex/agilex_ws/install/nav_2d_msgs:/home/agilex/agilex_ws/install/nav2_common CMAKE_PREFIX_PATH=/home/agilex/agilex_ws/install/dwb_core:/home/agilex/agilex_ws/install/nav2_core:/home/agilex/agilex_ws/install/nav2_costmap_2d:/home/agilex/agilex_ws/install/nav_2d_utils:/home/agilex/agilex_ws/install/nav2_util:/home/agilex/agilex_ws/install/nav2_voxel_grid:/home/agilex/agilex_ws/install/nav2_msgs:/home/agilex/agilex_ws/install/dwb_msgs:/home/agilex/agilex_ws/install/nav_2d_msgs:/home/agilex/agilex_ws/install/nav2_common LD_LIBRARY_PATH=/home/agilex/agilex_ws/install/dwb_core/lib:/home/agilex/agilex_ws/install/nav2_costmap_2d/lib:/home/agilex/agilex_ws/install/nav_2d_utils/lib:/home/agilex/agilex_ws/install/nav2_util/lib:/home/agilex/agilex_ws/install/nav2_voxel_grid/lib:/home/agilex/agilex_ws/install/nav2_msgs/lib:/home/agilex/agilex_ws/install/dwb_msgs/lib:/home/agilex/agilex_ws/install/nav_2d_msgs/lib PYTHONPATH=/home/agilex/agilex_ws/install/nav2_msgs/local/lib/python3.10/dist-packages:/home/agilex/agilex_ws/install/dwb_msgs/local/lib/python3.10/dist-packages:/home/agilex/agilex_ws/install/nav_2d_msgs/local/lib/python3.10/dist-packages:/home/agilex/agilex_ws/install/nav2_common/local/lib/python3.10/dist-packages /usr/bin/cmake --install /home/agilex/agilex_ws/build/dwb_plugins
[91.105s] Level 1:colcon.colcon_core.environment:checking '/home/agilex/agilex_ws/install/dwb_plugins' for CMake module files
[91.106s] Level 1:colcon.colcon_core.environment:checking '/home/agilex/agilex_ws/install/dwb_plugins' for CMake config files
[91.106s] Level 1:colcon.colcon_core.shell:create_environment_hook('dwb_plugins', 'cmake_prefix_path')
[91.116s] INFO:colcon.colcon_core.shell:Creating environment hook '/home/agilex/agilex_ws/install/dwb_plugins/share/dwb_plugins/hook/cmake_prefix_path.ps1'
[91.120s] INFO:colcon.colcon_core.shell:Creating environment descriptor '/home/agilex/agilex_ws/install/dwb_plugins/share/dwb_plugins/hook/cmake_prefix_path.dsv'
[91.123s] INFO:colcon.colcon_core.shell:Creating environment hook '/home/agilex/agilex_ws/install/dwb_plugins/share/dwb_plugins/hook/cmake_prefix_path.sh'
[91.126s] Level 1:colcon.colcon_core.environment:checking '/home/agilex/agilex_ws/install/dwb_plugins/lib'
[91.126s] Level 1:colcon.colcon_core.shell:create_environment_hook('dwb_plugins', 'ld_library_path_lib')
[91.139s] INFO:colcon.colcon_core.shell:Creating environment hook '/home/agilex/agilex_ws/install/dwb_plugins/share/dwb_plugins/hook/ld_library_path_lib.ps1'
[91.140s] INFO:colcon.colcon_core.shell:Creating environment descriptor '/home/agilex/agilex_ws/install/dwb_plugins/share/dwb_plugins/hook/ld_library_path_lib.dsv'
[91.141s] INFO:colcon.colcon_core.shell:Creating environment hook '/home/agilex/agilex_ws/install/dwb_plugins/share/dwb_plugins/hook/ld_library_path_lib.sh'
[91.142s] Level 1:colcon.colcon_core.environment:checking '/home/agilex/agilex_ws/install/dwb_plugins/bin'
[91.142s] Level 1:colcon.colcon_core.environment:checking '/home/agilex/agilex_ws/install/dwb_plugins/lib/pkgconfig/dwb_plugins.pc'
[91.142s] Level 1:colcon.colcon_core.environment:checking '/home/agilex/agilex_ws/install/dwb_plugins/lib/python3.10/site-packages'
[91.143s] Level 1:colcon.colcon_core.environment:checking '/home/agilex/agilex_ws/install/dwb_plugins/bin'
[91.154s] INFO:colcon.colcon_core.shell:Creating package script '/home/agilex/agilex_ws/install/dwb_plugins/share/dwb_plugins/package.ps1'
[91.155s] INFO:colcon.colcon_core.shell:Creating package descriptor '/home/agilex/agilex_ws/install/dwb_plugins/share/dwb_plugins/package.dsv'
[91.157s] INFO:colcon.colcon_core.shell:Creating package script '/home/agilex/agilex_ws/install/dwb_plugins/share/dwb_plugins/package.sh'
[91.159s] INFO:colcon.colcon_core.shell:Creating package script '/home/agilex/agilex_ws/install/dwb_plugins/share/dwb_plugins/package.bash'
[91.160s] INFO:colcon.colcon_core.shell:Creating package script '/home/agilex/agilex_ws/install/dwb_plugins/share/dwb_plugins/package.zsh'
[91.162s] Level 1:colcon.colcon_core.environment:create_file_with_runtime_dependencies(/home/agilex/agilex_ws/install/dwb_plugins/share/colcon-core/packages/dwb_plugins)
[91.233s] Level 1:colcon.colcon_core.environment:create_environment_scripts_only(dwb_plugins)
[91.246s] Level 1:colcon.colcon_core.environment:checking '/home/agilex/agilex_ws/install/dwb_plugins' for CMake module files
[91.246s] Level 1:colcon.colcon_core.environment:checking '/home/agilex/agilex_ws/install/dwb_plugins' for CMake config files
[91.246s] Level 1:colcon.colcon_core.shell:create_environment_hook('dwb_plugins', 'cmake_prefix_path')
[91.253s] INFO:colcon.colcon_core.shell:Creating environment hook '/home/agilex/agilex_ws/install/dwb_plugins/share/dwb_plugins/hook/cmake_prefix_path.ps1'
[91.254s] INFO:colcon.colcon_core.shell:Creating environment descriptor '/home/agilex/agilex_ws/install/dwb_plugins/share/dwb_plugins/hook/cmake_prefix_path.dsv'
[91.254s] INFO:colcon.colcon_core.shell:Creating environment hook '/home/agilex/agilex_ws/install/dwb_plugins/share/dwb_plugins/hook/cmake_prefix_path.sh'
[91.255s] Level 1:colcon.colcon_core.environment:checking '/home/agilex/agilex_ws/install/dwb_plugins/lib'
[91.255s] Level 1:colcon.colcon_core.shell:create_environment_hook('dwb_plugins', 'ld_library_path_lib')
[91.260s] INFO:colcon.colcon_core.shell:Creating environment hook '/home/agilex/agilex_ws/install/dwb_plugins/share/dwb_plugins/hook/ld_library_path_lib.ps1'
[91.261s] INFO:colcon.colcon_core.shell:Creating environment descriptor '/home/agilex/agilex_ws/install/dwb_plugins/share/dwb_plugins/hook/ld_library_path_lib.dsv'
[91.262s] INFO:colcon.colcon_core.shell:Creating environment hook '/home/agilex/agilex_ws/install/dwb_plugins/share/dwb_plugins/hook/ld_library_path_lib.sh'
[91.262s] Level 1:colcon.colcon_core.environment:checking '/home/agilex/agilex_ws/install/dwb_plugins/bin'
[91.262s] Level 1:colcon.colcon_core.environment:checking '/home/agilex/agilex_ws/install/dwb_plugins/lib/pkgconfig/dwb_plugins.pc'
[91.263s] Level 1:colcon.colcon_core.environment:checking '/home/agilex/agilex_ws/install/dwb_plugins/lib/python3.10/site-packages'
[91.263s] Level 1:colcon.colcon_core.environment:checking '/home/agilex/agilex_ws/install/dwb_plugins/bin'
[91.272s] INFO:colcon.colcon_core.shell:Creating package script '/home/agilex/agilex_ws/install/dwb_plugins/share/dwb_plugins/package.ps1'
[91.273s] INFO:colcon.colcon_core.shell:Creating package descriptor '/home/agilex/agilex_ws/install/dwb_plugins/share/dwb_plugins/package.dsv'
[91.274s] INFO:colcon.colcon_core.shell:Creating package script '/home/agilex/agilex_ws/install/dwb_plugins/share/dwb_plugins/package.sh'
[91.275s] INFO:colcon.colcon_core.shell:Creating package script '/home/agilex/agilex_ws/install/dwb_plugins/share/dwb_plugins/package.bash'
[91.276s] INFO:colcon.colcon_core.shell:Creating package script '/home/agilex/agilex_ws/install/dwb_plugins/share/dwb_plugins/package.zsh'
[91.277s] Level 1:colcon.colcon_core.environment:create_file_with_runtime_dependencies(/home/agilex/agilex_ws/install/dwb_plugins/share/colcon-core/packages/dwb_plugins)
[94.250s] DEBUG:colcon.colcon_core.event_handler.log_command:Invoked command in '/home/agilex/agilex_ws/build/nav2_waypoint_follower' returned '0': AMENT_PREFIX_PATH=/home/agilex/agilex_ws/install/nav2_core:/home/agilex/agilex_ws/install/nav2_costmap_2d:/home/agilex/agilex_ws/install/nav2_util:/home/agilex/agilex_ws/install/nav2_voxel_grid:/home/agilex/agilex_ws/install/nav2_msgs:/home/agilex/agilex_ws/install/nav2_common CMAKE_PREFIX_PATH=/home/agilex/agilex_ws/install/nav2_core:/home/agilex/agilex_ws/install/nav2_costmap_2d:/home/agilex/agilex_ws/install/nav2_util:/home/agilex/agilex_ws/install/nav2_voxel_grid:/home/agilex/agilex_ws/install/nav2_msgs:/home/agilex/agilex_ws/install/nav2_common LD_LIBRARY_PATH=/home/agilex/agilex_ws/install/nav2_costmap_2d/lib:/home/agilex/agilex_ws/install/nav2_util/lib:/home/agilex/agilex_ws/install/nav2_voxel_grid/lib:/home/agilex/agilex_ws/install/nav2_msgs/lib PYTHONPATH=/home/agilex/agilex_ws/install/nav2_msgs/local/lib/python3.10/dist-packages:/home/agilex/agilex_ws/install/nav2_common/local/lib/python3.10/dist-packages /usr/bin/cmake --build /home/agilex/agilex_ws/build/nav2_waypoint_follower -- -j16 -l16
[94.303s] DEBUG:colcon.colcon_core.event_handler.log_command:Invoking command in '/home/agilex/agilex_ws/build/nav2_waypoint_follower': AMENT_PREFIX_PATH=/home/agilex/agilex_ws/install/nav2_core:/home/agilex/agilex_ws/install/nav2_costmap_2d:/home/agilex/agilex_ws/install/nav2_util:/home/agilex/agilex_ws/install/nav2_voxel_grid:/home/agilex/agilex_ws/install/nav2_msgs:/home/agilex/agilex_ws/install/nav2_common CMAKE_PREFIX_PATH=/home/agilex/agilex_ws/install/nav2_core:/home/agilex/agilex_ws/install/nav2_costmap_2d:/home/agilex/agilex_ws/install/nav2_util:/home/agilex/agilex_ws/install/nav2_voxel_grid:/home/agilex/agilex_ws/install/nav2_msgs:/home/agilex/agilex_ws/install/nav2_common LD_LIBRARY_PATH=/home/agilex/agilex_ws/install/nav2_costmap_2d/lib:/home/agilex/agilex_ws/install/nav2_util/lib:/home/agilex/agilex_ws/install/nav2_voxel_grid/lib:/home/agilex/agilex_ws/install/nav2_msgs/lib PYTHONPATH=/home/agilex/agilex_ws/install/nav2_msgs/local/lib/python3.10/dist-packages:/home/agilex/agilex_ws/install/nav2_common/local/lib/python3.10/dist-packages /usr/bin/cmake --install /home/agilex/agilex_ws/build/nav2_waypoint_follower
[94.336s] Level 1:colcon.colcon_core.environment:create_environment_scripts_only(nav2_waypoint_follower)
[94.337s] DEBUG:colcon.colcon_core.event_handler.log_command:Invoked command in '/home/agilex/agilex_ws/build/nav2_waypoint_follower' returned '0': AMENT_PREFIX_PATH=/home/agilex/agilex_ws/install/nav2_core:/home/agilex/agilex_ws/install/nav2_costmap_2d:/home/agilex/agilex_ws/install/nav2_util:/home/agilex/agilex_ws/install/nav2_voxel_grid:/home/agilex/agilex_ws/install/nav2_msgs:/home/agilex/agilex_ws/install/nav2_common CMAKE_PREFIX_PATH=/home/agilex/agilex_ws/install/nav2_core:/home/agilex/agilex_ws/install/nav2_costmap_2d:/home/agilex/agilex_ws/install/nav2_util:/home/agilex/agilex_ws/install/nav2_voxel_grid:/home/agilex/agilex_ws/install/nav2_msgs:/home/agilex/agilex_ws/install/nav2_common LD_LIBRARY_PATH=/home/agilex/agilex_ws/install/nav2_costmap_2d/lib:/home/agilex/agilex_ws/install/nav2_util/lib:/home/agilex/agilex_ws/install/nav2_voxel_grid/lib:/home/agilex/agilex_ws/install/nav2_msgs/lib PYTHONPATH=/home/agilex/agilex_ws/install/nav2_msgs/local/lib/python3.10/dist-packages:/home/agilex/agilex_ws/install/nav2_common/local/lib/python3.10/dist-packages /usr/bin/cmake --install /home/agilex/agilex_ws/build/nav2_waypoint_follower
[94.348s] Level 1:colcon.colcon_core.environment:checking '/home/agilex/agilex_ws/install/nav2_waypoint_follower' for CMake module files
[94.349s] Level 1:colcon.colcon_core.environment:checking '/home/agilex/agilex_ws/install/nav2_waypoint_follower' for CMake config files
[94.350s] Level 1:colcon.colcon_core.shell:create_environment_hook('nav2_waypoint_follower', 'cmake_prefix_path')
[94.362s] INFO:colcon.colcon_core.shell:Creating environment hook '/home/agilex/agilex_ws/install/nav2_waypoint_follower/share/nav2_waypoint_follower/hook/cmake_prefix_path.ps1'
[94.363s] INFO:colcon.colcon_core.shell:Creating environment descriptor '/home/agilex/agilex_ws/install/nav2_waypoint_follower/share/nav2_waypoint_follower/hook/cmake_prefix_path.dsv'
[94.363s] INFO:colcon.colcon_core.shell:Creating environment hook '/home/agilex/agilex_ws/install/nav2_waypoint_follower/share/nav2_waypoint_follower/hook/cmake_prefix_path.sh'
[94.364s] Level 1:colcon.colcon_core.environment:checking '/home/agilex/agilex_ws/install/nav2_waypoint_follower/lib'
[94.364s] Level 1:colcon.colcon_core.shell:create_environment_hook('nav2_waypoint_follower', 'ld_library_path_lib')
[94.373s] INFO:colcon.colcon_core.shell:Creating environment hook '/home/agilex/agilex_ws/install/nav2_waypoint_follower/share/nav2_waypoint_follower/hook/ld_library_path_lib.ps1'
[94.374s] INFO:colcon.colcon_core.shell:Creating environment descriptor '/home/agilex/agilex_ws/install/nav2_waypoint_follower/share/nav2_waypoint_follower/hook/ld_library_path_lib.dsv'
[94.374s] INFO:colcon.colcon_core.shell:Creating environment hook '/home/agilex/agilex_ws/install/nav2_waypoint_follower/share/nav2_waypoint_follower/hook/ld_library_path_lib.sh'
[94.375s] Level 1:colcon.colcon_core.environment:checking '/home/agilex/agilex_ws/install/nav2_waypoint_follower/bin'
[94.375s] Level 1:colcon.colcon_core.environment:checking '/home/agilex/agilex_ws/install/nav2_waypoint_follower/lib/pkgconfig/nav2_waypoint_follower.pc'
[94.376s] Level 1:colcon.colcon_core.environment:checking '/home/agilex/agilex_ws/install/nav2_waypoint_follower/lib/python3.10/site-packages'
[94.376s] Level 1:colcon.colcon_core.environment:checking '/home/agilex/agilex_ws/install/nav2_waypoint_follower/bin'
[94.384s] INFO:colcon.colcon_core.shell:Creating package script '/home/agilex/agilex_ws/install/nav2_waypoint_follower/share/nav2_waypoint_follower/package.ps1'
[94.386s] INFO:colcon.colcon_core.shell:Creating package descriptor '/home/agilex/agilex_ws/install/nav2_waypoint_follower/share/nav2_waypoint_follower/package.dsv'
[94.386s] INFO:colcon.colcon_core.shell:Creating package script '/home/agilex/agilex_ws/install/nav2_waypoint_follower/share/nav2_waypoint_follower/package.sh'
[94.387s] INFO:colcon.colcon_core.shell:Creating package script '/home/agilex/agilex_ws/install/nav2_waypoint_follower/share/nav2_waypoint_follower/package.bash'
[94.388s] INFO:colcon.colcon_core.shell:Creating package script '/home/agilex/agilex_ws/install/nav2_waypoint_follower/share/nav2_waypoint_follower/package.zsh'
[94.388s] Level 1:colcon.colcon_core.environment:create_file_with_runtime_dependencies(/home/agilex/agilex_ws/install/nav2_waypoint_follower/share/colcon-core/packages/nav2_waypoint_follower)
[94.446s] Level 1:colcon.colcon_core.environment:create_environment_scripts_only(nav2_waypoint_follower)
[94.456s] Level 1:colcon.colcon_core.environment:checking '/home/agilex/agilex_ws/install/nav2_waypoint_follower' for CMake module files
[94.457s] Level 1:colcon.colcon_core.environment:checking '/home/agilex/agilex_ws/install/nav2_waypoint_follower' for CMake config files
[94.458s] Level 1:colcon.colcon_core.shell:create_environment_hook('nav2_waypoint_follower', 'cmake_prefix_path')
[94.468s] INFO:colcon.colcon_core.shell:Creating environment hook '/home/agilex/agilex_ws/install/nav2_waypoint_follower/share/nav2_waypoint_follower/hook/cmake_prefix_path.ps1'
[94.469s] INFO:colcon.colcon_core.shell:Creating environment descriptor '/home/agilex/agilex_ws/install/nav2_waypoint_follower/share/nav2_waypoint_follower/hook/cmake_prefix_path.dsv'
[94.470s] INFO:colcon.colcon_core.shell:Creating environment hook '/home/agilex/agilex_ws/install/nav2_waypoint_follower/share/nav2_waypoint_follower/hook/cmake_prefix_path.sh'
[94.471s] Level 1:colcon.colcon_core.environment:checking '/home/agilex/agilex_ws/install/nav2_waypoint_follower/lib'
[94.471s] Level 1:colcon.colcon_core.shell:create_environment_hook('nav2_waypoint_follower', 'ld_library_path_lib')
[94.481s] INFO:colcon.colcon_core.shell:Creating environment hook '/home/agilex/agilex_ws/install/nav2_waypoint_follower/share/nav2_waypoint_follower/hook/ld_library_path_lib.ps1'
[94.482s] INFO:colcon.colcon_core.shell:Creating environment descriptor '/home/agilex/agilex_ws/install/nav2_waypoint_follower/share/nav2_waypoint_follower/hook/ld_library_path_lib.dsv'
[94.483s] INFO:colcon.colcon_core.shell:Creating environment hook '/home/agilex/agilex_ws/install/nav2_waypoint_follower/share/nav2_waypoint_follower/hook/ld_library_path_lib.sh'
[94.484s] Level 1:colcon.colcon_core.environment:checking '/home/agilex/agilex_ws/install/nav2_waypoint_follower/bin'
[94.484s] Level 1:colcon.colcon_core.environment:checking '/home/agilex/agilex_ws/install/nav2_waypoint_follower/lib/pkgconfig/nav2_waypoint_follower.pc'
[94.484s] Level 1:colcon.colcon_core.environment:checking '/home/agilex/agilex_ws/install/nav2_waypoint_follower/lib/python3.10/site-packages'
[94.484s] Level 1:colcon.colcon_core.environment:checking '/home/agilex/agilex_ws/install/nav2_waypoint_follower/bin'
[94.495s] INFO:colcon.colcon_core.shell:Creating package script '/home/agilex/agilex_ws/install/nav2_waypoint_follower/share/nav2_waypoint_follower/package.ps1'
[94.497s] INFO:colcon.colcon_core.shell:Creating package descriptor '/home/agilex/agilex_ws/install/nav2_waypoint_follower/share/nav2_waypoint_follower/package.dsv'
[94.498s] INFO:colcon.colcon_core.shell:Creating package script '/home/agilex/agilex_ws/install/nav2_waypoint_follower/share/nav2_waypoint_follower/package.sh'
[94.498s] INFO:colcon.colcon_core.shell:Creating package script '/home/agilex/agilex_ws/install/nav2_waypoint_follower/share/nav2_waypoint_follower/package.bash'
[94.499s] INFO:colcon.colcon_core.shell:Creating package script '/home/agilex/agilex_ws/install/nav2_waypoint_follower/share/nav2_waypoint_follower/package.zsh'
[94.500s] Level 1:colcon.colcon_core.environment:create_file_with_runtime_dependencies(/home/agilex/agilex_ws/install/nav2_waypoint_follower/share/colcon-core/packages/nav2_waypoint_follower)
[98.014s] DEBUG:colcon.colcon_core.event_handler.log_command:Invoked command in '/home/agilex/agilex_ws/build/costmap_converter' returned '0': AMENT_PREFIX_PATH=/home/agilex/agilex_ws/install/nav2_costmap_2d:/home/agilex/agilex_ws/install/nav2_util:/home/agilex/agilex_ws/install/nav2_voxel_grid:/home/agilex/agilex_ws/install/nav2_msgs:/home/agilex/agilex_ws/install/nav2_common:/home/agilex/agilex_ws/install/costmap_converter_msgs CMAKE_PREFIX_PATH=/home/agilex/agilex_ws/install/nav2_costmap_2d:/home/agilex/agilex_ws/install/nav2_util:/home/agilex/agilex_ws/install/nav2_voxel_grid:/home/agilex/agilex_ws/install/nav2_msgs:/home/agilex/agilex_ws/install/nav2_common:/home/agilex/agilex_ws/install/costmap_converter_msgs LD_LIBRARY_PATH=/home/agilex/agilex_ws/install/nav2_costmap_2d/lib:/home/agilex/agilex_ws/install/nav2_util/lib:/home/agilex/agilex_ws/install/nav2_voxel_grid/lib:/home/agilex/agilex_ws/install/nav2_msgs/lib:/home/agilex/agilex_ws/install/costmap_converter_msgs/lib PYTHONPATH=/home/agilex/agilex_ws/install/nav2_msgs/local/lib/python3.10/dist-packages:/home/agilex/agilex_ws/install/nav2_common/local/lib/python3.10/dist-packages:/home/agilex/agilex_ws/install/costmap_converter_msgs/local/lib/python3.10/dist-packages /usr/bin/cmake --build /home/agilex/agilex_ws/build/costmap_converter -- -j16 -l16
[98.049s] DEBUG:colcon.colcon_core.event_handler.log_command:Invoking command in '/home/agilex/agilex_ws/build/costmap_converter': AMENT_PREFIX_PATH=/home/agilex/agilex_ws/install/nav2_costmap_2d:/home/agilex/agilex_ws/install/nav2_util:/home/agilex/agilex_ws/install/nav2_voxel_grid:/home/agilex/agilex_ws/install/nav2_msgs:/home/agilex/agilex_ws/install/nav2_common:/home/agilex/agilex_ws/install/costmap_converter_msgs CMAKE_PREFIX_PATH=/home/agilex/agilex_ws/install/nav2_costmap_2d:/home/agilex/agilex_ws/install/nav2_util:/home/agilex/agilex_ws/install/nav2_voxel_grid:/home/agilex/agilex_ws/install/nav2_msgs:/home/agilex/agilex_ws/install/nav2_common:/home/agilex/agilex_ws/install/costmap_converter_msgs LD_LIBRARY_PATH=/home/agilex/agilex_ws/install/nav2_costmap_2d/lib:/home/agilex/agilex_ws/install/nav2_util/lib:/home/agilex/agilex_ws/install/nav2_voxel_grid/lib:/home/agilex/agilex_ws/install/nav2_msgs/lib:/home/agilex/agilex_ws/install/costmap_converter_msgs/lib PYTHONPATH=/home/agilex/agilex_ws/install/nav2_msgs/local/lib/python3.10/dist-packages:/home/agilex/agilex_ws/install/nav2_common/local/lib/python3.10/dist-packages:/home/agilex/agilex_ws/install/costmap_converter_msgs/local/lib/python3.10/dist-packages /usr/bin/cmake --install /home/agilex/agilex_ws/build/costmap_converter
[98.072s] Level 1:colcon.colcon_core.environment:create_environment_scripts_only(costmap_converter)
[98.072s] DEBUG:colcon.colcon_core.event_handler.log_command:Invoked command in '/home/agilex/agilex_ws/build/costmap_converter' returned '0': AMENT_PREFIX_PATH=/home/agilex/agilex_ws/install/nav2_costmap_2d:/home/agilex/agilex_ws/install/nav2_util:/home/agilex/agilex_ws/install/nav2_voxel_grid:/home/agilex/agilex_ws/install/nav2_msgs:/home/agilex/agilex_ws/install/nav2_common:/home/agilex/agilex_ws/install/costmap_converter_msgs CMAKE_PREFIX_PATH=/home/agilex/agilex_ws/install/nav2_costmap_2d:/home/agilex/agilex_ws/install/nav2_util:/home/agilex/agilex_ws/install/nav2_voxel_grid:/home/agilex/agilex_ws/install/nav2_msgs:/home/agilex/agilex_ws/install/nav2_common:/home/agilex/agilex_ws/install/costmap_converter_msgs LD_LIBRARY_PATH=/home/agilex/agilex_ws/install/nav2_costmap_2d/lib:/home/agilex/agilex_ws/install/nav2_util/lib:/home/agilex/agilex_ws/install/nav2_voxel_grid/lib:/home/agilex/agilex_ws/install/nav2_msgs/lib:/home/agilex/agilex_ws/install/costmap_converter_msgs/lib PYTHONPATH=/home/agilex/agilex_ws/install/nav2_msgs/local/lib/python3.10/dist-packages:/home/agilex/agilex_ws/install/nav2_common/local/lib/python3.10/dist-packages:/home/agilex/agilex_ws/install/costmap_converter_msgs/local/lib/python3.10/dist-packages /usr/bin/cmake --install /home/agilex/agilex_ws/build/costmap_converter
[98.080s] Level 1:colcon.colcon_core.environment:checking '/home/agilex/agilex_ws/install/costmap_converter' for CMake module files
[98.081s] Level 1:colcon.colcon_core.environment:checking '/home/agilex/agilex_ws/install/costmap_converter' for CMake config files
[98.082s] Level 1:colcon.colcon_core.shell:create_environment_hook('costmap_converter', 'cmake_prefix_path')
[98.092s] INFO:colcon.colcon_core.shell:Creating environment hook '/home/agilex/agilex_ws/install/costmap_converter/share/costmap_converter/hook/cmake_prefix_path.ps1'
[98.093s] INFO:colcon.colcon_core.shell:Creating environment descriptor '/home/agilex/agilex_ws/install/costmap_converter/share/costmap_converter/hook/cmake_prefix_path.dsv'
[98.093s] INFO:colcon.colcon_core.shell:Creating environment hook '/home/agilex/agilex_ws/install/costmap_converter/share/costmap_converter/hook/cmake_prefix_path.sh'
[98.094s] Level 1:colcon.colcon_core.environment:checking '/home/agilex/agilex_ws/install/costmap_converter/lib'
[98.095s] Level 1:colcon.colcon_core.shell:create_environment_hook('costmap_converter', 'ld_library_path_lib')
[98.106s] INFO:colcon.colcon_core.shell:Creating environment hook '/home/agilex/agilex_ws/install/costmap_converter/share/costmap_converter/hook/ld_library_path_lib.ps1'
[98.106s] INFO:colcon.colcon_core.shell:Creating environment descriptor '/home/agilex/agilex_ws/install/costmap_converter/share/costmap_converter/hook/ld_library_path_lib.dsv'
[98.107s] INFO:colcon.colcon_core.shell:Creating environment hook '/home/agilex/agilex_ws/install/costmap_converter/share/costmap_converter/hook/ld_library_path_lib.sh'
[98.107s] Level 1:colcon.colcon_core.environment:checking '/home/agilex/agilex_ws/install/costmap_converter/bin'
[98.107s] Level 1:colcon.colcon_core.shell:create_environment_hook('costmap_converter', 'path')
[98.117s] INFO:colcon.colcon_core.shell:Creating environment hook '/home/agilex/agilex_ws/install/costmap_converter/share/costmap_converter/hook/path.ps1'
[98.118s] INFO:colcon.colcon_core.shell:Creating environment descriptor '/home/agilex/agilex_ws/install/costmap_converter/share/costmap_converter/hook/path.dsv'
[98.119s] INFO:colcon.colcon_core.shell:Creating environment hook '/home/agilex/agilex_ws/install/costmap_converter/share/costmap_converter/hook/path.sh'
[98.120s] Level 1:colcon.colcon_core.environment:checking '/home/agilex/agilex_ws/install/costmap_converter/lib/pkgconfig/costmap_converter.pc'
[98.120s] Level 1:colcon.colcon_core.environment:checking '/home/agilex/agilex_ws/install/costmap_converter/lib/python3.10/site-packages'
[98.120s] Level 1:colcon.colcon_core.environment:checking '/home/agilex/agilex_ws/install/costmap_converter/bin'
[98.121s] Level 1:colcon.colcon_core.shell:create_environment_hook('costmap_converter', 'pythonscriptspath')
[98.132s] INFO:colcon.colcon_core.shell:Creating environment hook '/home/agilex/agilex_ws/install/costmap_converter/share/costmap_converter/hook/pythonscriptspath.ps1'
[98.133s] INFO:colcon.colcon_core.shell:Creating environment descriptor '/home/agilex/agilex_ws/install/costmap_converter/share/costmap_converter/hook/pythonscriptspath.dsv'
[98.134s] INFO:colcon.colcon_core.shell:Creating environment hook '/home/agilex/agilex_ws/install/costmap_converter/share/costmap_converter/hook/pythonscriptspath.sh'
[98.146s] INFO:colcon.colcon_core.shell:Creating package script '/home/agilex/agilex_ws/install/costmap_converter/share/costmap_converter/package.ps1'
[98.147s] INFO:colcon.colcon_core.shell:Creating package descriptor '/home/agilex/agilex_ws/install/costmap_converter/share/costmap_converter/package.dsv'
[98.148s] INFO:colcon.colcon_core.shell:Creating package script '/home/agilex/agilex_ws/install/costmap_converter/share/costmap_converter/package.sh'
[98.148s] INFO:colcon.colcon_core.shell:Creating package script '/home/agilex/agilex_ws/install/costmap_converter/share/costmap_converter/package.bash'
[98.149s] INFO:colcon.colcon_core.shell:Creating package script '/home/agilex/agilex_ws/install/costmap_converter/share/costmap_converter/package.zsh'
[98.149s] Level 1:colcon.colcon_core.environment:create_file_with_runtime_dependencies(/home/agilex/agilex_ws/install/costmap_converter/share/colcon-core/packages/costmap_converter)
[98.211s] Level 1:colcon.colcon_core.environment:create_environment_scripts_only(costmap_converter)
[98.221s] Level 1:colcon.colcon_core.environment:checking '/home/agilex/agilex_ws/install/costmap_converter' for CMake module files
[98.222s] Level 1:colcon.colcon_core.environment:checking '/home/agilex/agilex_ws/install/costmap_converter' for CMake config files
[98.222s] Level 1:colcon.colcon_core.shell:create_environment_hook('costmap_converter', 'cmake_prefix_path')
[98.232s] INFO:colcon.colcon_core.shell:Creating environment hook '/home/agilex/agilex_ws/install/costmap_converter/share/costmap_converter/hook/cmake_prefix_path.ps1'
[98.233s] INFO:colcon.colcon_core.shell:Creating environment descriptor '/home/agilex/agilex_ws/install/costmap_converter/share/costmap_converter/hook/cmake_prefix_path.dsv'
[98.234s] INFO:colcon.colcon_core.shell:Creating environment hook '/home/agilex/agilex_ws/install/costmap_converter/share/costmap_converter/hook/cmake_prefix_path.sh'
[98.235s] Level 1:colcon.colcon_core.environment:checking '/home/agilex/agilex_ws/install/costmap_converter/lib'
[98.235s] Level 1:colcon.colcon_core.shell:create_environment_hook('costmap_converter', 'ld_library_path_lib')
[98.245s] INFO:colcon.colcon_core.shell:Creating environment hook '/home/agilex/agilex_ws/install/costmap_converter/share/costmap_converter/hook/ld_library_path_lib.ps1'
[98.246s] INFO:colcon.colcon_core.shell:Creating environment descriptor '/home/agilex/agilex_ws/install/costmap_converter/share/costmap_converter/hook/ld_library_path_lib.dsv'
[98.246s] INFO:colcon.colcon_core.shell:Creating environment hook '/home/agilex/agilex_ws/install/costmap_converter/share/costmap_converter/hook/ld_library_path_lib.sh'
[98.247s] Level 1:colcon.colcon_core.environment:checking '/home/agilex/agilex_ws/install/costmap_converter/bin'
[98.247s] Level 1:colcon.colcon_core.shell:create_environment_hook('costmap_converter', 'path')
[98.257s] INFO:colcon.colcon_core.shell:Creating environment hook '/home/agilex/agilex_ws/install/costmap_converter/share/costmap_converter/hook/path.ps1'
[98.258s] INFO:colcon.colcon_core.shell:Creating environment descriptor '/home/agilex/agilex_ws/install/costmap_converter/share/costmap_converter/hook/path.dsv'
[98.258s] INFO:colcon.colcon_core.shell:Creating environment hook '/home/agilex/agilex_ws/install/costmap_converter/share/costmap_converter/hook/path.sh'
[98.260s] Level 1:colcon.colcon_core.environment:checking '/home/agilex/agilex_ws/install/costmap_converter/lib/pkgconfig/costmap_converter.pc'
[98.260s] Level 1:colcon.colcon_core.environment:checking '/home/agilex/agilex_ws/install/costmap_converter/lib/python3.10/site-packages'
[98.260s] Level 1:colcon.colcon_core.environment:checking '/home/agilex/agilex_ws/install/costmap_converter/bin'
[98.261s] Level 1:colcon.colcon_core.shell:create_environment_hook('costmap_converter', 'pythonscriptspath')
[98.271s] INFO:colcon.colcon_core.shell:Creating environment hook '/home/agilex/agilex_ws/install/costmap_converter/share/costmap_converter/hook/pythonscriptspath.ps1'
[98.272s] INFO:colcon.colcon_core.shell:Creating environment descriptor '/home/agilex/agilex_ws/install/costmap_converter/share/costmap_converter/hook/pythonscriptspath.dsv'
[98.272s] INFO:colcon.colcon_core.shell:Creating environment hook '/home/agilex/agilex_ws/install/costmap_converter/share/costmap_converter/hook/pythonscriptspath.sh'
[98.283s] INFO:colcon.colcon_core.shell:Creating package script '/home/agilex/agilex_ws/install/costmap_converter/share/costmap_converter/package.ps1'
[98.284s] INFO:colcon.colcon_core.shell:Creating package descriptor '/home/agilex/agilex_ws/install/costmap_converter/share/costmap_converter/package.dsv'
[98.285s] INFO:colcon.colcon_core.shell:Creating package script '/home/agilex/agilex_ws/install/costmap_converter/share/costmap_converter/package.sh'
[98.286s] INFO:colcon.colcon_core.shell:Creating package script '/home/agilex/agilex_ws/install/costmap_converter/share/costmap_converter/package.bash'
[98.287s] INFO:colcon.colcon_core.shell:Creating package script '/home/agilex/agilex_ws/install/costmap_converter/share/costmap_converter/package.zsh'
[98.287s] Level 1:colcon.colcon_core.environment:create_file_with_runtime_dependencies(/home/agilex/agilex_ws/install/costmap_converter/share/colcon-core/packages/costmap_converter)
[98.830s] DEBUG:colcon.colcon_core.event_handler.log_command:Invoked command in '/home/agilex/agilex_ws/build/nav2_controller' returned '0': AMENT_PREFIX_PATH=/home/agilex/agilex_ws/install/nav2_core:/home/agilex/agilex_ws/install/nav2_costmap_2d:/home/agilex/agilex_ws/install/nav_2d_utils:/home/agilex/agilex_ws/install/nav2_util:/home/agilex/agilex_ws/install/nav2_voxel_grid:/home/agilex/agilex_ws/install/nav2_msgs:/home/agilex/agilex_ws/install/nav_2d_msgs:/home/agilex/agilex_ws/install/nav2_common CMAKE_PREFIX_PATH=/home/agilex/agilex_ws/install/nav2_core:/home/agilex/agilex_ws/install/nav2_costmap_2d:/home/agilex/agilex_ws/install/nav_2d_utils:/home/agilex/agilex_ws/install/nav2_util:/home/agilex/agilex_ws/install/nav2_voxel_grid:/home/agilex/agilex_ws/install/nav2_msgs:/home/agilex/agilex_ws/install/nav_2d_msgs:/home/agilex/agilex_ws/install/nav2_common LD_LIBRARY_PATH=/home/agilex/agilex_ws/install/nav2_costmap_2d/lib:/home/agilex/agilex_ws/install/nav_2d_utils/lib:/home/agilex/agilex_ws/install/nav2_util/lib:/home/agilex/agilex_ws/install/nav2_voxel_grid/lib:/home/agilex/agilex_ws/install/nav2_msgs/lib:/home/agilex/agilex_ws/install/nav_2d_msgs/lib PYTHONPATH=/home/agilex/agilex_ws/install/nav2_msgs/local/lib/python3.10/dist-packages:/home/agilex/agilex_ws/install/nav_2d_msgs/local/lib/python3.10/dist-packages:/home/agilex/agilex_ws/install/nav2_common/local/lib/python3.10/dist-packages /usr/bin/cmake --build /home/agilex/agilex_ws/build/nav2_controller -- -j16 -l16
[98.869s] DEBUG:colcon.colcon_core.event_handler.log_command:Invoking command in '/home/agilex/agilex_ws/build/nav2_controller': AMENT_PREFIX_PATH=/home/agilex/agilex_ws/install/nav2_core:/home/agilex/agilex_ws/install/nav2_costmap_2d:/home/agilex/agilex_ws/install/nav_2d_utils:/home/agilex/agilex_ws/install/nav2_util:/home/agilex/agilex_ws/install/nav2_voxel_grid:/home/agilex/agilex_ws/install/nav2_msgs:/home/agilex/agilex_ws/install/nav_2d_msgs:/home/agilex/agilex_ws/install/nav2_common CMAKE_PREFIX_PATH=/home/agilex/agilex_ws/install/nav2_core:/home/agilex/agilex_ws/install/nav2_costmap_2d:/home/agilex/agilex_ws/install/nav_2d_utils:/home/agilex/agilex_ws/install/nav2_util:/home/agilex/agilex_ws/install/nav2_voxel_grid:/home/agilex/agilex_ws/install/nav2_msgs:/home/agilex/agilex_ws/install/nav_2d_msgs:/home/agilex/agilex_ws/install/nav2_common LD_LIBRARY_PATH=/home/agilex/agilex_ws/install/nav2_costmap_2d/lib:/home/agilex/agilex_ws/install/nav_2d_utils/lib:/home/agilex/agilex_ws/install/nav2_util/lib:/home/agilex/agilex_ws/install/nav2_voxel_grid/lib:/home/agilex/agilex_ws/install/nav2_msgs/lib:/home/agilex/agilex_ws/install/nav_2d_msgs/lib PYTHONPATH=/home/agilex/agilex_ws/install/nav2_msgs/local/lib/python3.10/dist-packages:/home/agilex/agilex_ws/install/nav_2d_msgs/local/lib/python3.10/dist-packages:/home/agilex/agilex_ws/install/nav2_common/local/lib/python3.10/dist-packages /usr/bin/cmake --install /home/agilex/agilex_ws/build/nav2_controller
[98.887s] Level 1:colcon.colcon_core.environment:create_environment_scripts_only(nav2_controller)
[98.888s] DEBUG:colcon.colcon_core.event_handler.log_command:Invoked command in '/home/agilex/agilex_ws/build/nav2_controller' returned '0': AMENT_PREFIX_PATH=/home/agilex/agilex_ws/install/nav2_core:/home/agilex/agilex_ws/install/nav2_costmap_2d:/home/agilex/agilex_ws/install/nav_2d_utils:/home/agilex/agilex_ws/install/nav2_util:/home/agilex/agilex_ws/install/nav2_voxel_grid:/home/agilex/agilex_ws/install/nav2_msgs:/home/agilex/agilex_ws/install/nav_2d_msgs:/home/agilex/agilex_ws/install/nav2_common CMAKE_PREFIX_PATH=/home/agilex/agilex_ws/install/nav2_core:/home/agilex/agilex_ws/install/nav2_costmap_2d:/home/agilex/agilex_ws/install/nav_2d_utils:/home/agilex/agilex_ws/install/nav2_util:/home/agilex/agilex_ws/install/nav2_voxel_grid:/home/agilex/agilex_ws/install/nav2_msgs:/home/agilex/agilex_ws/install/nav_2d_msgs:/home/agilex/agilex_ws/install/nav2_common LD_LIBRARY_PATH=/home/agilex/agilex_ws/install/nav2_costmap_2d/lib:/home/agilex/agilex_ws/install/nav_2d_utils/lib:/home/agilex/agilex_ws/install/nav2_util/lib:/home/agilex/agilex_ws/install/nav2_voxel_grid/lib:/home/agilex/agilex_ws/install/nav2_msgs/lib:/home/agilex/agilex_ws/install/nav_2d_msgs/lib PYTHONPATH=/home/agilex/agilex_ws/install/nav2_msgs/local/lib/python3.10/dist-packages:/home/agilex/agilex_ws/install/nav_2d_msgs/local/lib/python3.10/dist-packages:/home/agilex/agilex_ws/install/nav2_common/local/lib/python3.10/dist-packages /usr/bin/cmake --install /home/agilex/agilex_ws/build/nav2_controller
[98.897s] Level 1:colcon.colcon_core.environment:checking '/home/agilex/agilex_ws/install/nav2_controller' for CMake module files
[98.898s] Level 1:colcon.colcon_core.environment:checking '/home/agilex/agilex_ws/install/nav2_controller' for CMake config files
[98.899s] Level 1:colcon.colcon_core.shell:create_environment_hook('nav2_controller', 'cmake_prefix_path')
[98.908s] INFO:colcon.colcon_core.shell:Creating environment hook '/home/agilex/agilex_ws/install/nav2_controller/share/nav2_controller/hook/cmake_prefix_path.ps1'
[98.908s] INFO:colcon.colcon_core.shell:Creating environment descriptor '/home/agilex/agilex_ws/install/nav2_controller/share/nav2_controller/hook/cmake_prefix_path.dsv'
[98.909s] INFO:colcon.colcon_core.shell:Creating environment hook '/home/agilex/agilex_ws/install/nav2_controller/share/nav2_controller/hook/cmake_prefix_path.sh'
[98.910s] Level 1:colcon.colcon_core.environment:checking '/home/agilex/agilex_ws/install/nav2_controller/lib'
[98.910s] Level 1:colcon.colcon_core.shell:create_environment_hook('nav2_controller', 'ld_library_path_lib')
[98.919s] INFO:colcon.colcon_core.shell:Creating environment hook '/home/agilex/agilex_ws/install/nav2_controller/share/nav2_controller/hook/ld_library_path_lib.ps1'
[98.920s] INFO:colcon.colcon_core.shell:Creating environment descriptor '/home/agilex/agilex_ws/install/nav2_controller/share/nav2_controller/hook/ld_library_path_lib.dsv'
[98.920s] INFO:colcon.colcon_core.shell:Creating environment hook '/home/agilex/agilex_ws/install/nav2_controller/share/nav2_controller/hook/ld_library_path_lib.sh'
[98.921s] Level 1:colcon.colcon_core.environment:checking '/home/agilex/agilex_ws/install/nav2_controller/bin'
[98.921s] Level 1:colcon.colcon_core.environment:checking '/home/agilex/agilex_ws/install/nav2_controller/lib/pkgconfig/nav2_controller.pc'
[98.921s] Level 1:colcon.colcon_core.environment:checking '/home/agilex/agilex_ws/install/nav2_controller/lib/python3.10/site-packages'
[98.922s] Level 1:colcon.colcon_core.environment:checking '/home/agilex/agilex_ws/install/nav2_controller/bin'
[98.932s] INFO:colcon.colcon_core.shell:Creating package script '/home/agilex/agilex_ws/install/nav2_controller/share/nav2_controller/package.ps1'
[98.932s] INFO:colcon.colcon_core.shell:Creating package descriptor '/home/agilex/agilex_ws/install/nav2_controller/share/nav2_controller/package.dsv'
[98.933s] INFO:colcon.colcon_core.shell:Creating package script '/home/agilex/agilex_ws/install/nav2_controller/share/nav2_controller/package.sh'
[98.933s] INFO:colcon.colcon_core.shell:Creating package script '/home/agilex/agilex_ws/install/nav2_controller/share/nav2_controller/package.bash'
[98.934s] INFO:colcon.colcon_core.shell:Creating package script '/home/agilex/agilex_ws/install/nav2_controller/share/nav2_controller/package.zsh'
[98.934s] Level 1:colcon.colcon_core.environment:create_file_with_runtime_dependencies(/home/agilex/agilex_ws/install/nav2_controller/share/colcon-core/packages/nav2_controller)
[98.978s] Level 1:colcon.colcon_core.environment:create_environment_scripts_only(nav2_controller)
[98.987s] Level 1:colcon.colcon_core.environment:checking '/home/agilex/agilex_ws/install/nav2_controller' for CMake module files
[98.988s] Level 1:colcon.colcon_core.environment:checking '/home/agilex/agilex_ws/install/nav2_controller' for CMake config files
[98.988s] Level 1:colcon.colcon_core.shell:create_environment_hook('nav2_controller', 'cmake_prefix_path')
[98.997s] INFO:colcon.colcon_core.shell:Creating environment hook '/home/agilex/agilex_ws/install/nav2_controller/share/nav2_controller/hook/cmake_prefix_path.ps1'
[98.998s] INFO:colcon.colcon_core.shell:Creating environment descriptor '/home/agilex/agilex_ws/install/nav2_controller/share/nav2_controller/hook/cmake_prefix_path.dsv'
[98.998s] INFO:colcon.colcon_core.shell:Creating environment hook '/home/agilex/agilex_ws/install/nav2_controller/share/nav2_controller/hook/cmake_prefix_path.sh'
[98.999s] Level 1:colcon.colcon_core.environment:checking '/home/agilex/agilex_ws/install/nav2_controller/lib'
[98.999s] Level 1:colcon.colcon_core.shell:create_environment_hook('nav2_controller', 'ld_library_path_lib')
[99.009s] INFO:colcon.colcon_core.shell:Creating environment hook '/home/agilex/agilex_ws/install/nav2_controller/share/nav2_controller/hook/ld_library_path_lib.ps1'
[99.009s] INFO:colcon.colcon_core.shell:Creating environment descriptor '/home/agilex/agilex_ws/install/nav2_controller/share/nav2_controller/hook/ld_library_path_lib.dsv'
[99.010s] INFO:colcon.colcon_core.shell:Creating environment hook '/home/agilex/agilex_ws/install/nav2_controller/share/nav2_controller/hook/ld_library_path_lib.sh'
[99.010s] Level 1:colcon.colcon_core.environment:checking '/home/agilex/agilex_ws/install/nav2_controller/bin'
[99.010s] Level 1:colcon.colcon_core.environment:checking '/home/agilex/agilex_ws/install/nav2_controller/lib/pkgconfig/nav2_controller.pc'
[99.011s] Level 1:colcon.colcon_core.environment:checking '/home/agilex/agilex_ws/install/nav2_controller/lib/python3.10/site-packages'
[99.011s] Level 1:colcon.colcon_core.environment:checking '/home/agilex/agilex_ws/install/nav2_controller/bin'
[99.021s] INFO:colcon.colcon_core.shell:Creating package script '/home/agilex/agilex_ws/install/nav2_controller/share/nav2_controller/package.ps1'
[99.022s] INFO:colcon.colcon_core.shell:Creating package descriptor '/home/agilex/agilex_ws/install/nav2_controller/share/nav2_controller/package.dsv'
[99.023s] INFO:colcon.colcon_core.shell:Creating package script '/home/agilex/agilex_ws/install/nav2_controller/share/nav2_controller/package.sh'
[99.023s] INFO:colcon.colcon_core.shell:Creating package script '/home/agilex/agilex_ws/install/nav2_controller/share/nav2_controller/package.bash'
[99.024s] INFO:colcon.colcon_core.shell:Creating package script '/home/agilex/agilex_ws/install/nav2_controller/share/nav2_controller/package.zsh'
[99.024s] Level 1:colcon.colcon_core.environment:create_file_with_runtime_dependencies(/home/agilex/agilex_ws/install/nav2_controller/share/colcon-core/packages/nav2_controller)
[99.025s] INFO:colcon.colcon_ros.task.ament_cmake.build:Building ROS package in '/home/agilex/agilex_ws/src/navigation2/nav2_rotation_shim_controller' with build type 'ament_cmake'
[99.025s] INFO:colcon.colcon_cmake.task.cmake.build:Building CMake package in '/home/agilex/agilex_ws/src/navigation2/nav2_rotation_shim_controller'
[99.036s] INFO:colcon.colcon_core.shell:Skip shell extension 'powershell' for command environment: Not usable outside of PowerShell
[99.036s] DEBUG:colcon.colcon_core.shell:Skip shell extension 'dsv' for command environment
[99.084s] DEBUG:colcon.colcon_core.event_handler.log_command:Invoking command in '/home/agilex/agilex_ws/build/nav2_rotation_shim_controller': AMENT_PREFIX_PATH=/home/agilex/agilex_ws/install/nav2_regulated_pure_pursuit_controller:/home/agilex/agilex_ws/install/nav2_controller:/home/agilex/agilex_ws/install/nav2_core:/home/agilex/agilex_ws/install/nav2_costmap_2d:/home/agilex/agilex_ws/install/nav_2d_utils:/home/agilex/agilex_ws/install/nav2_util:/home/agilex/agilex_ws/install/nav2_voxel_grid:/home/agilex/agilex_ws/install/nav2_msgs:/home/agilex/agilex_ws/install/nav_2d_msgs:/home/agilex/agilex_ws/install/nav2_common CMAKE_PREFIX_PATH=/home/agilex/agilex_ws/install/nav2_regulated_pure_pursuit_controller:/home/agilex/agilex_ws/install/nav2_controller:/home/agilex/agilex_ws/install/nav2_core:/home/agilex/agilex_ws/install/nav2_costmap_2d:/home/agilex/agilex_ws/install/nav_2d_utils:/home/agilex/agilex_ws/install/nav2_util:/home/agilex/agilex_ws/install/nav2_voxel_grid:/home/agilex/agilex_ws/install/nav2_msgs:/home/agilex/agilex_ws/install/nav_2d_msgs:/home/agilex/agilex_ws/install/nav2_common LD_LIBRARY_PATH=/home/agilex/agilex_ws/install/nav2_regulated_pure_pursuit_controller/lib:/home/agilex/agilex_ws/install/nav2_controller/lib:/home/agilex/agilex_ws/install/nav2_costmap_2d/lib:/home/agilex/agilex_ws/install/nav_2d_utils/lib:/home/agilex/agilex_ws/install/nav2_util/lib:/home/agilex/agilex_ws/install/nav2_voxel_grid/lib:/home/agilex/agilex_ws/install/nav2_msgs/lib:/home/agilex/agilex_ws/install/nav_2d_msgs/lib PYTHONPATH=/home/agilex/agilex_ws/install/nav2_msgs/local/lib/python3.10/dist-packages:/home/agilex/agilex_ws/install/nav_2d_msgs/local/lib/python3.10/dist-packages:/home/agilex/agilex_ws/install/nav2_common/local/lib/python3.10/dist-packages /usr/bin/cmake --build /home/agilex/agilex_ws/build/nav2_rotation_shim_controller -- -j16 -l16
[100.517s] DEBUG:colcon.colcon_core.event_handler.log_command:Invoked command in '/home/agilex/agilex_ws/build/nav2_bt_navigator' returned '0': AMENT_PREFIX_PATH=/home/agilex/agilex_ws/install/nav2_core:/home/agilex/agilex_ws/install/nav2_costmap_2d:/home/agilex/agilex_ws/install/nav2_behavior_tree:/home/agilex/agilex_ws/install/nav2_util:/home/agilex/agilex_ws/install/nav2_voxel_grid:/home/agilex/agilex_ws/install/nav2_msgs:/home/agilex/agilex_ws/install/nav2_common CMAKE_PREFIX_PATH=/home/agilex/agilex_ws/install/nav2_core:/home/agilex/agilex_ws/install/nav2_costmap_2d:/home/agilex/agilex_ws/install/nav2_behavior_tree:/home/agilex/agilex_ws/install/nav2_util:/home/agilex/agilex_ws/install/nav2_voxel_grid:/home/agilex/agilex_ws/install/nav2_msgs:/home/agilex/agilex_ws/install/nav2_common LD_LIBRARY_PATH=/home/agilex/agilex_ws/install/nav2_costmap_2d/lib:/home/agilex/agilex_ws/install/nav2_behavior_tree/lib:/home/agilex/agilex_ws/install/nav2_util/lib:/home/agilex/agilex_ws/install/nav2_voxel_grid/lib:/home/agilex/agilex_ws/install/nav2_msgs/lib PYTHONPATH=/home/agilex/agilex_ws/install/nav2_msgs/local/lib/python3.10/dist-packages:/home/agilex/agilex_ws/install/nav2_common/local/lib/python3.10/dist-packages /usr/bin/cmake --build /home/agilex/agilex_ws/build/nav2_bt_navigator -- -j16 -l16
[100.641s] DEBUG:colcon.colcon_core.event_handler.log_command:Invoking command in '/home/agilex/agilex_ws/build/nav2_bt_navigator': AMENT_PREFIX_PATH=/home/agilex/agilex_ws/install/nav2_core:/home/agilex/agilex_ws/install/nav2_costmap_2d:/home/agilex/agilex_ws/install/nav2_behavior_tree:/home/agilex/agilex_ws/install/nav2_util:/home/agilex/agilex_ws/install/nav2_voxel_grid:/home/agilex/agilex_ws/install/nav2_msgs:/home/agilex/agilex_ws/install/nav2_common CMAKE_PREFIX_PATH=/home/agilex/agilex_ws/install/nav2_core:/home/agilex/agilex_ws/install/nav2_costmap_2d:/home/agilex/agilex_ws/install/nav2_behavior_tree:/home/agilex/agilex_ws/install/nav2_util:/home/agilex/agilex_ws/install/nav2_voxel_grid:/home/agilex/agilex_ws/install/nav2_msgs:/home/agilex/agilex_ws/install/nav2_common LD_LIBRARY_PATH=/home/agilex/agilex_ws/install/nav2_costmap_2d/lib:/home/agilex/agilex_ws/install/nav2_behavior_tree/lib:/home/agilex/agilex_ws/install/nav2_util/lib:/home/agilex/agilex_ws/install/nav2_voxel_grid/lib:/home/agilex/agilex_ws/install/nav2_msgs/lib PYTHONPATH=/home/agilex/agilex_ws/install/nav2_msgs/local/lib/python3.10/dist-packages:/home/agilex/agilex_ws/install/nav2_common/local/lib/python3.10/dist-packages /usr/bin/cmake --install /home/agilex/agilex_ws/build/nav2_bt_navigator
[100.687s] Level 1:colcon.colcon_core.environment:create_environment_scripts_only(nav2_bt_navigator)
[100.696s] DEBUG:colcon.colcon_core.event_handler.log_command:Invoked command in '/home/agilex/agilex_ws/build/nav2_bt_navigator' returned '0': AMENT_PREFIX_PATH=/home/agilex/agilex_ws/install/nav2_core:/home/agilex/agilex_ws/install/nav2_costmap_2d:/home/agilex/agilex_ws/install/nav2_behavior_tree:/home/agilex/agilex_ws/install/nav2_util:/home/agilex/agilex_ws/install/nav2_voxel_grid:/home/agilex/agilex_ws/install/nav2_msgs:/home/agilex/agilex_ws/install/nav2_common CMAKE_PREFIX_PATH=/home/agilex/agilex_ws/install/nav2_core:/home/agilex/agilex_ws/install/nav2_costmap_2d:/home/agilex/agilex_ws/install/nav2_behavior_tree:/home/agilex/agilex_ws/install/nav2_util:/home/agilex/agilex_ws/install/nav2_voxel_grid:/home/agilex/agilex_ws/install/nav2_msgs:/home/agilex/agilex_ws/install/nav2_common LD_LIBRARY_PATH=/home/agilex/agilex_ws/install/nav2_costmap_2d/lib:/home/agilex/agilex_ws/install/nav2_behavior_tree/lib:/home/agilex/agilex_ws/install/nav2_util/lib:/home/agilex/agilex_ws/install/nav2_voxel_grid/lib:/home/agilex/agilex_ws/install/nav2_msgs/lib PYTHONPATH=/home/agilex/agilex_ws/install/nav2_msgs/local/lib/python3.10/dist-packages:/home/agilex/agilex_ws/install/nav2_common/local/lib/python3.10/dist-packages /usr/bin/cmake --install /home/agilex/agilex_ws/build/nav2_bt_navigator
[100.715s] Level 1:colcon.colcon_core.environment:checking '/home/agilex/agilex_ws/install/nav2_bt_navigator' for CMake module files
[100.716s] Level 1:colcon.colcon_core.environment:checking '/home/agilex/agilex_ws/install/nav2_bt_navigator' for CMake config files
[100.718s] Level 1:colcon.colcon_core.shell:create_environment_hook('nav2_bt_navigator', 'cmake_prefix_path')
[100.743s] INFO:colcon.colcon_core.shell:Creating environment hook '/home/agilex/agilex_ws/install/nav2_bt_navigator/share/nav2_bt_navigator/hook/cmake_prefix_path.ps1'
[100.744s] INFO:colcon.colcon_core.shell:Creating environment descriptor '/home/agilex/agilex_ws/install/nav2_bt_navigator/share/nav2_bt_navigator/hook/cmake_prefix_path.dsv'
[100.748s] INFO:colcon.colcon_core.shell:Creating environment hook '/home/agilex/agilex_ws/install/nav2_bt_navigator/share/nav2_bt_navigator/hook/cmake_prefix_path.sh'
[100.749s] Level 1:colcon.colcon_core.environment:checking '/home/agilex/agilex_ws/install/nav2_bt_navigator/lib'
[100.749s] Level 1:colcon.colcon_core.shell:create_environment_hook('nav2_bt_navigator', 'ld_library_path_lib')
[100.766s] INFO:colcon.colcon_core.shell:Creating environment hook '/home/agilex/agilex_ws/install/nav2_bt_navigator/share/nav2_bt_navigator/hook/ld_library_path_lib.ps1'
[100.767s] INFO:colcon.colcon_core.shell:Creating environment descriptor '/home/agilex/agilex_ws/install/nav2_bt_navigator/share/nav2_bt_navigator/hook/ld_library_path_lib.dsv'
[100.767s] INFO:colcon.colcon_core.shell:Creating environment hook '/home/agilex/agilex_ws/install/nav2_bt_navigator/share/nav2_bt_navigator/hook/ld_library_path_lib.sh'
[100.768s] Level 1:colcon.colcon_core.environment:checking '/home/agilex/agilex_ws/install/nav2_bt_navigator/bin'
[100.768s] Level 1:colcon.colcon_core.environment:checking '/home/agilex/agilex_ws/install/nav2_bt_navigator/lib/pkgconfig/nav2_bt_navigator.pc'
[100.769s] Level 1:colcon.colcon_core.environment:checking '/home/agilex/agilex_ws/install/nav2_bt_navigator/lib/python3.10/site-packages'
[100.769s] Level 1:colcon.colcon_core.environment:checking '/home/agilex/agilex_ws/install/nav2_bt_navigator/bin'
[100.781s] INFO:colcon.colcon_core.shell:Creating package script '/home/agilex/agilex_ws/install/nav2_bt_navigator/share/nav2_bt_navigator/package.ps1'
[100.782s] INFO:colcon.colcon_core.shell:Creating package descriptor '/home/agilex/agilex_ws/install/nav2_bt_navigator/share/nav2_bt_navigator/package.dsv'
[100.782s] INFO:colcon.colcon_core.shell:Creating package script '/home/agilex/agilex_ws/install/nav2_bt_navigator/share/nav2_bt_navigator/package.sh'
[100.783s] INFO:colcon.colcon_core.shell:Creating package script '/home/agilex/agilex_ws/install/nav2_bt_navigator/share/nav2_bt_navigator/package.bash'
[100.784s] INFO:colcon.colcon_core.shell:Creating package script '/home/agilex/agilex_ws/install/nav2_bt_navigator/share/nav2_bt_navigator/package.zsh'
[100.784s] Level 1:colcon.colcon_core.environment:create_file_with_runtime_dependencies(/home/agilex/agilex_ws/install/nav2_bt_navigator/share/colcon-core/packages/nav2_bt_navigator)
[100.970s] Level 1:colcon.colcon_core.environment:create_environment_scripts_only(nav2_bt_navigator)
[100.992s] Level 1:colcon.colcon_core.environment:checking '/home/agilex/agilex_ws/install/nav2_bt_navigator' for CMake module files
[100.993s] Level 1:colcon.colcon_core.environment:checking '/home/agilex/agilex_ws/install/nav2_bt_navigator' for CMake config files
[100.993s] Level 1:colcon.colcon_core.shell:create_environment_hook('nav2_bt_navigator', 'cmake_prefix_path')
[101.006s] INFO:colcon.colcon_core.shell:Creating environment hook '/home/agilex/agilex_ws/install/nav2_bt_navigator/share/nav2_bt_navigator/hook/cmake_prefix_path.ps1'
[101.007s] INFO:colcon.colcon_core.shell:Creating environment descriptor '/home/agilex/agilex_ws/install/nav2_bt_navigator/share/nav2_bt_navigator/hook/cmake_prefix_path.dsv'
[101.007s] INFO:colcon.colcon_core.shell:Creating environment hook '/home/agilex/agilex_ws/install/nav2_bt_navigator/share/nav2_bt_navigator/hook/cmake_prefix_path.sh'
[101.009s] Level 1:colcon.colcon_core.environment:checking '/home/agilex/agilex_ws/install/nav2_bt_navigator/lib'
[101.009s] Level 1:colcon.colcon_core.shell:create_environment_hook('nav2_bt_navigator', 'ld_library_path_lib')
[101.021s] INFO:colcon.colcon_core.shell:Creating environment hook '/home/agilex/agilex_ws/install/nav2_bt_navigator/share/nav2_bt_navigator/hook/ld_library_path_lib.ps1'
[101.022s] INFO:colcon.colcon_core.shell:Creating environment descriptor '/home/agilex/agilex_ws/install/nav2_bt_navigator/share/nav2_bt_navigator/hook/ld_library_path_lib.dsv'
[101.023s] INFO:colcon.colcon_core.shell:Creating environment hook '/home/agilex/agilex_ws/install/nav2_bt_navigator/share/nav2_bt_navigator/hook/ld_library_path_lib.sh'
[101.024s] Level 1:colcon.colcon_core.environment:checking '/home/agilex/agilex_ws/install/nav2_bt_navigator/bin'
[101.024s] Level 1:colcon.colcon_core.environment:checking '/home/agilex/agilex_ws/install/nav2_bt_navigator/lib/pkgconfig/nav2_bt_navigator.pc'
[101.025s] Level 1:colcon.colcon_core.environment:checking '/home/agilex/agilex_ws/install/nav2_bt_navigator/lib/python3.10/site-packages'
[101.025s] Level 1:colcon.colcon_core.environment:checking '/home/agilex/agilex_ws/install/nav2_bt_navigator/bin'
[101.038s] INFO:colcon.colcon_core.shell:Creating package script '/home/agilex/agilex_ws/install/nav2_bt_navigator/share/nav2_bt_navigator/package.ps1'
[101.039s] INFO:colcon.colcon_core.shell:Creating package descriptor '/home/agilex/agilex_ws/install/nav2_bt_navigator/share/nav2_bt_navigator/package.dsv'
[101.040s] INFO:colcon.colcon_core.shell:Creating package script '/home/agilex/agilex_ws/install/nav2_bt_navigator/share/nav2_bt_navigator/package.sh'
[101.041s] INFO:colcon.colcon_core.shell:Creating package script '/home/agilex/agilex_ws/install/nav2_bt_navigator/share/nav2_bt_navigator/package.bash'
[101.042s] INFO:colcon.colcon_core.shell:Creating package script '/home/agilex/agilex_ws/install/nav2_bt_navigator/share/nav2_bt_navigator/package.zsh'
[101.043s] Level 1:colcon.colcon_core.environment:create_file_with_runtime_dependencies(/home/agilex/agilex_ws/install/nav2_bt_navigator/share/colcon-core/packages/nav2_bt_navigator)
[101.049s] INFO:colcon.colcon_ros.task.ament_cmake.build:Building ROS package in '/home/agilex/agilex_ws/src/limo_ros2/limo_bringup' with build type 'ament_cmake'
[101.050s] INFO:colcon.colcon_cmake.task.cmake.build:Building CMake package in '/home/agilex/agilex_ws/src/limo_ros2/limo_bringup'
[101.078s] INFO:colcon.colcon_core.shell:Skip shell extension 'powershell' for command environment: Not usable outside of PowerShell
[101.078s] DEBUG:colcon.colcon_core.shell:Skip shell extension 'dsv' for command environment
[101.327s] DEBUG:colcon.colcon_core.event_handler.log_command:Invoking command in '/home/agilex/agilex_ws/build/limo_bringup': AMENT_PREFIX_PATH=/home/agilex/agilex_ws/install/nav2_waypoint_follower:/home/agilex/agilex_ws/install/nav2_planner:/home/agilex/agilex_ws/install/nav2_controller:/home/agilex/agilex_ws/install/nav2_bt_navigator:/home/agilex/agilex_ws/install/nav2_core:/home/agilex/agilex_ws/install/nav2_costmap_2d:/home/agilex/agilex_ws/install/nav_2d_utils:/home/agilex/agilex_ws/install/nav2_map_server:/home/agilex/agilex_ws/install/nav2_lifecycle_manager:/home/agilex/agilex_ws/install/nav2_behavior_tree:/home/agilex/agilex_ws/install/nav2_amcl:/home/agilex/agilex_ws/install/nav2_util:/home/agilex/agilex_ws/install/nav2_voxel_grid:/home/agilex/agilex_ws/install/nav2_msgs:/home/agilex/agilex_ws/install/nav_2d_msgs:/home/agilex/agilex_ws/install/nav2_common:/home/agilex/agilex_ws/install/limo_msgs CMAKE_PREFIX_PATH=/home/agilex/agilex_ws/install/nav2_waypoint_follower:/home/agilex/agilex_ws/install/nav2_planner:/home/agilex/agilex_ws/install/nav2_controller:/home/agilex/agilex_ws/install/nav2_bt_navigator:/home/agilex/agilex_ws/install/nav2_core:/home/agilex/agilex_ws/install/nav2_costmap_2d:/home/agilex/agilex_ws/install/nav_2d_utils:/home/agilex/agilex_ws/install/nav2_map_server:/home/agilex/agilex_ws/install/nav2_lifecycle_manager:/home/agilex/agilex_ws/install/nav2_behavior_tree:/home/agilex/agilex_ws/install/nav2_amcl:/home/agilex/agilex_ws/install/nav2_util:/home/agilex/agilex_ws/install/nav2_voxel_grid:/home/agilex/agilex_ws/install/nav2_msgs:/home/agilex/agilex_ws/install/nav_2d_msgs:/home/agilex/agilex_ws/install/nav2_common:/home/agilex/agilex_ws/install/limo_msgs LD_LIBRARY_PATH=/home/agilex/agilex_ws/install/nav2_waypoint_follower/lib:/home/agilex/agilex_ws/install/nav2_planner/lib:/home/agilex/agilex_ws/install/nav2_controller/lib:/home/agilex/agilex_ws/install/nav2_bt_navigator/lib:/home/agilex/agilex_ws/install/nav2_costmap_2d/lib:/home/agilex/agilex_ws/install/nav_2d_utils/lib:/home/agilex/agilex_ws/install/nav2_map_server/lib:/home/agilex/agilex_ws/install/nav2_lifecycle_manager/lib:/home/agilex/agilex_ws/install/nav2_behavior_tree/lib:/home/agilex/agilex_ws/install/nav2_amcl/lib:/home/agilex/agilex_ws/install/nav2_util/lib:/home/agilex/agilex_ws/install/nav2_voxel_grid/lib:/home/agilex/agilex_ws/install/nav2_msgs/lib:/home/agilex/agilex_ws/install/nav_2d_msgs/lib:/home/agilex/agilex_ws/install/limo_msgs/lib PYTHONPATH=/home/agilex/agilex_ws/install/nav2_msgs/local/lib/python3.10/dist-packages:/home/agilex/agilex_ws/install/nav_2d_msgs/local/lib/python3.10/dist-packages:/home/agilex/agilex_ws/install/nav2_common/local/lib/python3.10/dist-packages:/home/agilex/agilex_ws/install/limo_msgs/local/lib/python3.10/dist-packages /usr/bin/cmake --build /home/agilex/agilex_ws/build/limo_bringup -- -j16 -l16
[101.476s] DEBUG:colcon.colcon_core.event_handler.log_command:Invoked command in '/home/agilex/agilex_ws/build/limo_bringup' returned '0': AMENT_PREFIX_PATH=/home/agilex/agilex_ws/install/nav2_waypoint_follower:/home/agilex/agilex_ws/install/nav2_planner:/home/agilex/agilex_ws/install/nav2_controller:/home/agilex/agilex_ws/install/nav2_bt_navigator:/home/agilex/agilex_ws/install/nav2_core:/home/agilex/agilex_ws/install/nav2_costmap_2d:/home/agilex/agilex_ws/install/nav_2d_utils:/home/agilex/agilex_ws/install/nav2_map_server:/home/agilex/agilex_ws/install/nav2_lifecycle_manager:/home/agilex/agilex_ws/install/nav2_behavior_tree:/home/agilex/agilex_ws/install/nav2_amcl:/home/agilex/agilex_ws/install/nav2_util:/home/agilex/agilex_ws/install/nav2_voxel_grid:/home/agilex/agilex_ws/install/nav2_msgs:/home/agilex/agilex_ws/install/nav_2d_msgs:/home/agilex/agilex_ws/install/nav2_common:/home/agilex/agilex_ws/install/limo_msgs CMAKE_PREFIX_PATH=/home/agilex/agilex_ws/install/nav2_waypoint_follower:/home/agilex/agilex_ws/install/nav2_planner:/home/agilex/agilex_ws/install/nav2_controller:/home/agilex/agilex_ws/install/nav2_bt_navigator:/home/agilex/agilex_ws/install/nav2_core:/home/agilex/agilex_ws/install/nav2_costmap_2d:/home/agilex/agilex_ws/install/nav_2d_utils:/home/agilex/agilex_ws/install/nav2_map_server:/home/agilex/agilex_ws/install/nav2_lifecycle_manager:/home/agilex/agilex_ws/install/nav2_behavior_tree:/home/agilex/agilex_ws/install/nav2_amcl:/home/agilex/agilex_ws/install/nav2_util:/home/agilex/agilex_ws/install/nav2_voxel_grid:/home/agilex/agilex_ws/install/nav2_msgs:/home/agilex/agilex_ws/install/nav_2d_msgs:/home/agilex/agilex_ws/install/nav2_common:/home/agilex/agilex_ws/install/limo_msgs LD_LIBRARY_PATH=/home/agilex/agilex_ws/install/nav2_waypoint_follower/lib:/home/agilex/agilex_ws/install/nav2_planner/lib:/home/agilex/agilex_ws/install/nav2_controller/lib:/home/agilex/agilex_ws/install/nav2_bt_navigator/lib:/home/agilex/agilex_ws/install/nav2_costmap_2d/lib:/home/agilex/agilex_ws/install/nav_2d_utils/lib:/home/agilex/agilex_ws/install/nav2_map_server/lib:/home/agilex/agilex_ws/install/nav2_lifecycle_manager/lib:/home/agilex/agilex_ws/install/nav2_behavior_tree/lib:/home/agilex/agilex_ws/install/nav2_amcl/lib:/home/agilex/agilex_ws/install/nav2_util/lib:/home/agilex/agilex_ws/install/nav2_voxel_grid/lib:/home/agilex/agilex_ws/install/nav2_msgs/lib:/home/agilex/agilex_ws/install/nav_2d_msgs/lib:/home/agilex/agilex_ws/install/limo_msgs/lib PYTHONPATH=/home/agilex/agilex_ws/install/nav2_msgs/local/lib/python3.10/dist-packages:/home/agilex/agilex_ws/install/nav_2d_msgs/local/lib/python3.10/dist-packages:/home/agilex/agilex_ws/install/nav2_common/local/lib/python3.10/dist-packages:/home/agilex/agilex_ws/install/limo_msgs/local/lib/python3.10/dist-packages /usr/bin/cmake --build /home/agilex/agilex_ws/build/limo_bringup -- -j16 -l16
[101.556s] DEBUG:colcon.colcon_core.event_handler.log_command:Invoking command in '/home/agilex/agilex_ws/build/limo_bringup': AMENT_PREFIX_PATH=/home/agilex/agilex_ws/install/nav2_waypoint_follower:/home/agilex/agilex_ws/install/nav2_planner:/home/agilex/agilex_ws/install/nav2_controller:/home/agilex/agilex_ws/install/nav2_bt_navigator:/home/agilex/agilex_ws/install/nav2_core:/home/agilex/agilex_ws/install/nav2_costmap_2d:/home/agilex/agilex_ws/install/nav_2d_utils:/home/agilex/agilex_ws/install/nav2_map_server:/home/agilex/agilex_ws/install/nav2_lifecycle_manager:/home/agilex/agilex_ws/install/nav2_behavior_tree:/home/agilex/agilex_ws/install/nav2_amcl:/home/agilex/agilex_ws/install/nav2_util:/home/agilex/agilex_ws/install/nav2_voxel_grid:/home/agilex/agilex_ws/install/nav2_msgs:/home/agilex/agilex_ws/install/nav_2d_msgs:/home/agilex/agilex_ws/install/nav2_common:/home/agilex/agilex_ws/install/limo_msgs CMAKE_PREFIX_PATH=/home/agilex/agilex_ws/install/nav2_waypoint_follower:/home/agilex/agilex_ws/install/nav2_planner:/home/agilex/agilex_ws/install/nav2_controller:/home/agilex/agilex_ws/install/nav2_bt_navigator:/home/agilex/agilex_ws/install/nav2_core:/home/agilex/agilex_ws/install/nav2_costmap_2d:/home/agilex/agilex_ws/install/nav_2d_utils:/home/agilex/agilex_ws/install/nav2_map_server:/home/agilex/agilex_ws/install/nav2_lifecycle_manager:/home/agilex/agilex_ws/install/nav2_behavior_tree:/home/agilex/agilex_ws/install/nav2_amcl:/home/agilex/agilex_ws/install/nav2_util:/home/agilex/agilex_ws/install/nav2_voxel_grid:/home/agilex/agilex_ws/install/nav2_msgs:/home/agilex/agilex_ws/install/nav_2d_msgs:/home/agilex/agilex_ws/install/nav2_common:/home/agilex/agilex_ws/install/limo_msgs LD_LIBRARY_PATH=/home/agilex/agilex_ws/install/nav2_waypoint_follower/lib:/home/agilex/agilex_ws/install/nav2_planner/lib:/home/agilex/agilex_ws/install/nav2_controller/lib:/home/agilex/agilex_ws/install/nav2_bt_navigator/lib:/home/agilex/agilex_ws/install/nav2_costmap_2d/lib:/home/agilex/agilex_ws/install/nav_2d_utils/lib:/home/agilex/agilex_ws/install/nav2_map_server/lib:/home/agilex/agilex_ws/install/nav2_lifecycle_manager/lib:/home/agilex/agilex_ws/install/nav2_behavior_tree/lib:/home/agilex/agilex_ws/install/nav2_amcl/lib:/home/agilex/agilex_ws/install/nav2_util/lib:/home/agilex/agilex_ws/install/nav2_voxel_grid/lib:/home/agilex/agilex_ws/install/nav2_msgs/lib:/home/agilex/agilex_ws/install/nav_2d_msgs/lib:/home/agilex/agilex_ws/install/limo_msgs/lib PYTHONPATH=/home/agilex/agilex_ws/install/nav2_msgs/local/lib/python3.10/dist-packages:/home/agilex/agilex_ws/install/nav_2d_msgs/local/lib/python3.10/dist-packages:/home/agilex/agilex_ws/install/nav2_common/local/lib/python3.10/dist-packages:/home/agilex/agilex_ws/install/limo_msgs/local/lib/python3.10/dist-packages /usr/bin/cmake --install /home/agilex/agilex_ws/build/limo_bringup
[101.602s] Level 1:colcon.colcon_core.environment:create_environment_scripts_only(limo_bringup)
[101.619s] DEBUG:colcon.colcon_core.event_handler.log_command:Invoked command in '/home/agilex/agilex_ws/build/limo_bringup' returned '0': AMENT_PREFIX_PATH=/home/agilex/agilex_ws/install/nav2_waypoint_follower:/home/agilex/agilex_ws/install/nav2_planner:/home/agilex/agilex_ws/install/nav2_controller:/home/agilex/agilex_ws/install/nav2_bt_navigator:/home/agilex/agilex_ws/install/nav2_core:/home/agilex/agilex_ws/install/nav2_costmap_2d:/home/agilex/agilex_ws/install/nav_2d_utils:/home/agilex/agilex_ws/install/nav2_map_server:/home/agilex/agilex_ws/install/nav2_lifecycle_manager:/home/agilex/agilex_ws/install/nav2_behavior_tree:/home/agilex/agilex_ws/install/nav2_amcl:/home/agilex/agilex_ws/install/nav2_util:/home/agilex/agilex_ws/install/nav2_voxel_grid:/home/agilex/agilex_ws/install/nav2_msgs:/home/agilex/agilex_ws/install/nav_2d_msgs:/home/agilex/agilex_ws/install/nav2_common:/home/agilex/agilex_ws/install/limo_msgs CMAKE_PREFIX_PATH=/home/agilex/agilex_ws/install/nav2_waypoint_follower:/home/agilex/agilex_ws/install/nav2_planner:/home/agilex/agilex_ws/install/nav2_controller:/home/agilex/agilex_ws/install/nav2_bt_navigator:/home/agilex/agilex_ws/install/nav2_core:/home/agilex/agilex_ws/install/nav2_costmap_2d:/home/agilex/agilex_ws/install/nav_2d_utils:/home/agilex/agilex_ws/install/nav2_map_server:/home/agilex/agilex_ws/install/nav2_lifecycle_manager:/home/agilex/agilex_ws/install/nav2_behavior_tree:/home/agilex/agilex_ws/install/nav2_amcl:/home/agilex/agilex_ws/install/nav2_util:/home/agilex/agilex_ws/install/nav2_voxel_grid:/home/agilex/agilex_ws/install/nav2_msgs:/home/agilex/agilex_ws/install/nav_2d_msgs:/home/agilex/agilex_ws/install/nav2_common:/home/agilex/agilex_ws/install/limo_msgs LD_LIBRARY_PATH=/home/agilex/agilex_ws/install/nav2_waypoint_follower/lib:/home/agilex/agilex_ws/install/nav2_planner/lib:/home/agilex/agilex_ws/install/nav2_controller/lib:/home/agilex/agilex_ws/install/nav2_bt_navigator/lib:/home/agilex/agilex_ws/install/nav2_costmap_2d/lib:/home/agilex/agilex_ws/install/nav_2d_utils/lib:/home/agilex/agilex_ws/install/nav2_map_server/lib:/home/agilex/agilex_ws/install/nav2_lifecycle_manager/lib:/home/agilex/agilex_ws/install/nav2_behavior_tree/lib:/home/agilex/agilex_ws/install/nav2_amcl/lib:/home/agilex/agilex_ws/install/nav2_util/lib:/home/agilex/agilex_ws/install/nav2_voxel_grid/lib:/home/agilex/agilex_ws/install/nav2_msgs/lib:/home/agilex/agilex_ws/install/nav_2d_msgs/lib:/home/agilex/agilex_ws/install/limo_msgs/lib PYTHONPATH=/home/agilex/agilex_ws/install/nav2_msgs/local/lib/python3.10/dist-packages:/home/agilex/agilex_ws/install/nav_2d_msgs/local/lib/python3.10/dist-packages:/home/agilex/agilex_ws/install/nav2_common/local/lib/python3.10/dist-packages:/home/agilex/agilex_ws/install/limo_msgs/local/lib/python3.10/dist-packages /usr/bin/cmake --install /home/agilex/agilex_ws/build/limo_bringup
[101.625s] Level 1:colcon.colcon_core.environment:checking '/home/agilex/agilex_ws/install/limo_bringup' for CMake module files
[101.627s] Level 1:colcon.colcon_core.environment:checking '/home/agilex/agilex_ws/install/limo_bringup' for CMake config files
[101.627s] Level 1:colcon.colcon_core.shell:create_environment_hook('limo_bringup', 'cmake_prefix_path')
[101.648s] INFO:colcon.colcon_core.shell:Creating environment hook '/home/agilex/agilex_ws/install/limo_bringup/share/limo_bringup/hook/cmake_prefix_path.ps1'
[101.654s] INFO:colcon.colcon_core.shell:Creating environment descriptor '/home/agilex/agilex_ws/install/limo_bringup/share/limo_bringup/hook/cmake_prefix_path.dsv'
[101.654s] INFO:colcon.colcon_core.shell:Creating environment hook '/home/agilex/agilex_ws/install/limo_bringup/share/limo_bringup/hook/cmake_prefix_path.sh'
[101.660s] Level 1:colcon.colcon_core.environment:checking '/home/agilex/agilex_ws/install/limo_bringup/bin'
[101.661s] Level 1:colcon.colcon_core.environment:checking '/home/agilex/agilex_ws/install/limo_bringup/lib/pkgconfig/limo_bringup.pc'
[101.661s] Level 1:colcon.colcon_core.environment:checking '/home/agilex/agilex_ws/install/limo_bringup/lib/python3.10/site-packages'
[101.662s] Level 1:colcon.colcon_core.environment:checking '/home/agilex/agilex_ws/install/limo_bringup/bin'
[101.682s] INFO:colcon.colcon_core.shell:Creating package script '/home/agilex/agilex_ws/install/limo_bringup/share/limo_bringup/package.ps1'
[101.688s] INFO:colcon.colcon_core.shell:Creating package descriptor '/home/agilex/agilex_ws/install/limo_bringup/share/limo_bringup/package.dsv'
[101.689s] INFO:colcon.colcon_core.shell:Creating package script '/home/agilex/agilex_ws/install/limo_bringup/share/limo_bringup/package.sh'
[101.690s] INFO:colcon.colcon_core.shell:Creating package script '/home/agilex/agilex_ws/install/limo_bringup/share/limo_bringup/package.bash'
[101.690s] INFO:colcon.colcon_core.shell:Creating package script '/home/agilex/agilex_ws/install/limo_bringup/share/limo_bringup/package.zsh'
[101.694s] Level 1:colcon.colcon_core.environment:create_file_with_runtime_dependencies(/home/agilex/agilex_ws/install/limo_bringup/share/colcon-core/packages/limo_bringup)
[101.762s] Level 1:colcon.colcon_core.environment:create_environment_scripts_only(limo_bringup)
[101.771s] Level 1:colcon.colcon_core.environment:checking '/home/agilex/agilex_ws/install/limo_bringup' for CMake module files
[101.772s] Level 1:colcon.colcon_core.environment:checking '/home/agilex/agilex_ws/install/limo_bringup' for CMake config files
[101.773s] Level 1:colcon.colcon_core.shell:create_environment_hook('limo_bringup', 'cmake_prefix_path')
[101.781s] INFO:colcon.colcon_core.shell:Creating environment hook '/home/agilex/agilex_ws/install/limo_bringup/share/limo_bringup/hook/cmake_prefix_path.ps1'
[101.785s] INFO:colcon.colcon_core.shell:Creating environment descriptor '/home/agilex/agilex_ws/install/limo_bringup/share/limo_bringup/hook/cmake_prefix_path.dsv'
[101.786s] INFO:colcon.colcon_core.shell:Creating environment hook '/home/agilex/agilex_ws/install/limo_bringup/share/limo_bringup/hook/cmake_prefix_path.sh'
[101.787s] Level 1:colcon.colcon_core.environment:checking '/home/agilex/agilex_ws/install/limo_bringup/bin'
[101.787s] Level 1:colcon.colcon_core.environment:checking '/home/agilex/agilex_ws/install/limo_bringup/lib/pkgconfig/limo_bringup.pc'
[101.788s] Level 1:colcon.colcon_core.environment:checking '/home/agilex/agilex_ws/install/limo_bringup/lib/python3.10/site-packages'
[101.788s] Level 1:colcon.colcon_core.environment:checking '/home/agilex/agilex_ws/install/limo_bringup/bin'
[101.799s] INFO:colcon.colcon_core.shell:Creating package script '/home/agilex/agilex_ws/install/limo_bringup/share/limo_bringup/package.ps1'
[101.800s] INFO:colcon.colcon_core.shell:Creating package descriptor '/home/agilex/agilex_ws/install/limo_bringup/share/limo_bringup/package.dsv'
[101.801s] INFO:colcon.colcon_core.shell:Creating package script '/home/agilex/agilex_ws/install/limo_bringup/share/limo_bringup/package.sh'
[101.802s] INFO:colcon.colcon_core.shell:Creating package script '/home/agilex/agilex_ws/install/limo_bringup/share/limo_bringup/package.bash'
[101.802s] INFO:colcon.colcon_core.shell:Creating package script '/home/agilex/agilex_ws/install/limo_bringup/share/limo_bringup/package.zsh'
[101.803s] Level 1:colcon.colcon_core.environment:create_file_with_runtime_dependencies(/home/agilex/agilex_ws/install/limo_bringup/share/colcon-core/packages/limo_bringup)
[122.696s] DEBUG:colcon.colcon_core.event_handler.log_command:Invoked command in '/home/agilex/agilex_ws/build/nav2_behaviors' returned '0': AMENT_PREFIX_PATH=/home/agilex/agilex_ws/install/nav2_core:/home/agilex/agilex_ws/install/nav2_costmap_2d:/home/agilex/agilex_ws/install/nav2_behavior_tree:/home/agilex/agilex_ws/install/nav2_util:/home/agilex/agilex_ws/install/nav2_voxel_grid:/home/agilex/agilex_ws/install/nav2_msgs:/home/agilex/agilex_ws/install/nav2_common CMAKE_PREFIX_PATH=/home/agilex/agilex_ws/install/nav2_core:/home/agilex/agilex_ws/install/nav2_costmap_2d:/home/agilex/agilex_ws/install/nav2_behavior_tree:/home/agilex/agilex_ws/install/nav2_util:/home/agilex/agilex_ws/install/nav2_voxel_grid:/home/agilex/agilex_ws/install/nav2_msgs:/home/agilex/agilex_ws/install/nav2_common LD_LIBRARY_PATH=/home/agilex/agilex_ws/install/nav2_costmap_2d/lib:/home/agilex/agilex_ws/install/nav2_behavior_tree/lib:/home/agilex/agilex_ws/install/nav2_util/lib:/home/agilex/agilex_ws/install/nav2_voxel_grid/lib:/home/agilex/agilex_ws/install/nav2_msgs/lib PYTHONPATH=/home/agilex/agilex_ws/install/nav2_msgs/local/lib/python3.10/dist-packages:/home/agilex/agilex_ws/install/nav2_common/local/lib/python3.10/dist-packages /usr/bin/cmake --build /home/agilex/agilex_ws/build/nav2_behaviors -- -j16 -l16
[122.767s] DEBUG:colcon.colcon_core.event_handler.log_command:Invoking command in '/home/agilex/agilex_ws/build/nav2_behaviors': AMENT_PREFIX_PATH=/home/agilex/agilex_ws/install/nav2_core:/home/agilex/agilex_ws/install/nav2_costmap_2d:/home/agilex/agilex_ws/install/nav2_behavior_tree:/home/agilex/agilex_ws/install/nav2_util:/home/agilex/agilex_ws/install/nav2_voxel_grid:/home/agilex/agilex_ws/install/nav2_msgs:/home/agilex/agilex_ws/install/nav2_common CMAKE_PREFIX_PATH=/home/agilex/agilex_ws/install/nav2_core:/home/agilex/agilex_ws/install/nav2_costmap_2d:/home/agilex/agilex_ws/install/nav2_behavior_tree:/home/agilex/agilex_ws/install/nav2_util:/home/agilex/agilex_ws/install/nav2_voxel_grid:/home/agilex/agilex_ws/install/nav2_msgs:/home/agilex/agilex_ws/install/nav2_common LD_LIBRARY_PATH=/home/agilex/agilex_ws/install/nav2_costmap_2d/lib:/home/agilex/agilex_ws/install/nav2_behavior_tree/lib:/home/agilex/agilex_ws/install/nav2_util/lib:/home/agilex/agilex_ws/install/nav2_voxel_grid/lib:/home/agilex/agilex_ws/install/nav2_msgs/lib PYTHONPATH=/home/agilex/agilex_ws/install/nav2_msgs/local/lib/python3.10/dist-packages:/home/agilex/agilex_ws/install/nav2_common/local/lib/python3.10/dist-packages /usr/bin/cmake --install /home/agilex/agilex_ws/build/nav2_behaviors
[122.801s] Level 1:colcon.colcon_core.environment:create_environment_scripts_only(nav2_behaviors)
[122.812s] DEBUG:colcon.colcon_core.event_handler.log_command:Invoked command in '/home/agilex/agilex_ws/build/nav2_behaviors' returned '0': AMENT_PREFIX_PATH=/home/agilex/agilex_ws/install/nav2_core:/home/agilex/agilex_ws/install/nav2_costmap_2d:/home/agilex/agilex_ws/install/nav2_behavior_tree:/home/agilex/agilex_ws/install/nav2_util:/home/agilex/agilex_ws/install/nav2_voxel_grid:/home/agilex/agilex_ws/install/nav2_msgs:/home/agilex/agilex_ws/install/nav2_common CMAKE_PREFIX_PATH=/home/agilex/agilex_ws/install/nav2_core:/home/agilex/agilex_ws/install/nav2_costmap_2d:/home/agilex/agilex_ws/install/nav2_behavior_tree:/home/agilex/agilex_ws/install/nav2_util:/home/agilex/agilex_ws/install/nav2_voxel_grid:/home/agilex/agilex_ws/install/nav2_msgs:/home/agilex/agilex_ws/install/nav2_common LD_LIBRARY_PATH=/home/agilex/agilex_ws/install/nav2_costmap_2d/lib:/home/agilex/agilex_ws/install/nav2_behavior_tree/lib:/home/agilex/agilex_ws/install/nav2_util/lib:/home/agilex/agilex_ws/install/nav2_voxel_grid/lib:/home/agilex/agilex_ws/install/nav2_msgs/lib PYTHONPATH=/home/agilex/agilex_ws/install/nav2_msgs/local/lib/python3.10/dist-packages:/home/agilex/agilex_ws/install/nav2_common/local/lib/python3.10/dist-packages /usr/bin/cmake --install /home/agilex/agilex_ws/build/nav2_behaviors
[122.867s] Level 1:colcon.colcon_core.environment:checking '/home/agilex/agilex_ws/install/nav2_behaviors' for CMake module files
[122.869s] Level 1:colcon.colcon_core.environment:checking '/home/agilex/agilex_ws/install/nav2_behaviors' for CMake config files
[122.871s] Level 1:colcon.colcon_core.shell:create_environment_hook('nav2_behaviors', 'cmake_prefix_path')
[122.880s] INFO:colcon.colcon_core.shell:Creating environment hook '/home/agilex/agilex_ws/install/nav2_behaviors/share/nav2_behaviors/hook/cmake_prefix_path.ps1'
[122.892s] INFO:colcon.colcon_core.shell:Creating environment descriptor '/home/agilex/agilex_ws/install/nav2_behaviors/share/nav2_behaviors/hook/cmake_prefix_path.dsv'
[122.895s] INFO:colcon.colcon_core.shell:Creating environment hook '/home/agilex/agilex_ws/install/nav2_behaviors/share/nav2_behaviors/hook/cmake_prefix_path.sh'
[122.901s] Level 1:colcon.colcon_core.environment:checking '/home/agilex/agilex_ws/install/nav2_behaviors/lib'
[122.902s] Level 1:colcon.colcon_core.shell:create_environment_hook('nav2_behaviors', 'ld_library_path_lib')
[123.106s] INFO:colcon.colcon_core.shell:Creating environment hook '/home/agilex/agilex_ws/install/nav2_behaviors/share/nav2_behaviors/hook/ld_library_path_lib.ps1'
[123.108s] INFO:colcon.colcon_core.shell:Creating environment descriptor '/home/agilex/agilex_ws/install/nav2_behaviors/share/nav2_behaviors/hook/ld_library_path_lib.dsv'
[123.109s] INFO:colcon.colcon_core.shell:Creating environment hook '/home/agilex/agilex_ws/install/nav2_behaviors/share/nav2_behaviors/hook/ld_library_path_lib.sh'
[123.109s] Level 1:colcon.colcon_core.environment:checking '/home/agilex/agilex_ws/install/nav2_behaviors/bin'
[123.110s] Level 1:colcon.colcon_core.environment:checking '/home/agilex/agilex_ws/install/nav2_behaviors/lib/pkgconfig/nav2_behaviors.pc'
[123.111s] Level 1:colcon.colcon_core.environment:checking '/home/agilex/agilex_ws/install/nav2_behaviors/lib/python3.10/site-packages'
[123.111s] Level 1:colcon.colcon_core.environment:checking '/home/agilex/agilex_ws/install/nav2_behaviors/bin'
[123.120s] INFO:colcon.colcon_core.shell:Creating package script '/home/agilex/agilex_ws/install/nav2_behaviors/share/nav2_behaviors/package.ps1'
[123.121s] INFO:colcon.colcon_core.shell:Creating package descriptor '/home/agilex/agilex_ws/install/nav2_behaviors/share/nav2_behaviors/package.dsv'
[123.122s] INFO:colcon.colcon_core.shell:Creating package script '/home/agilex/agilex_ws/install/nav2_behaviors/share/nav2_behaviors/package.sh'
[123.123s] INFO:colcon.colcon_core.shell:Creating package script '/home/agilex/agilex_ws/install/nav2_behaviors/share/nav2_behaviors/package.bash'
[123.125s] INFO:colcon.colcon_core.shell:Creating package script '/home/agilex/agilex_ws/install/nav2_behaviors/share/nav2_behaviors/package.zsh'
[123.127s] Level 1:colcon.colcon_core.environment:create_file_with_runtime_dependencies(/home/agilex/agilex_ws/install/nav2_behaviors/share/colcon-core/packages/nav2_behaviors)
[123.172s] Level 1:colcon.colcon_core.environment:create_environment_scripts_only(nav2_behaviors)
[123.181s] Level 1:colcon.colcon_core.environment:checking '/home/agilex/agilex_ws/install/nav2_behaviors' for CMake module files
[123.182s] Level 1:colcon.colcon_core.environment:checking '/home/agilex/agilex_ws/install/nav2_behaviors' for CMake config files
[123.182s] Level 1:colcon.colcon_core.shell:create_environment_hook('nav2_behaviors', 'cmake_prefix_path')
[123.188s] INFO:colcon.colcon_core.shell:Creating environment hook '/home/agilex/agilex_ws/install/nav2_behaviors/share/nav2_behaviors/hook/cmake_prefix_path.ps1'
[123.188s] INFO:colcon.colcon_core.shell:Creating environment descriptor '/home/agilex/agilex_ws/install/nav2_behaviors/share/nav2_behaviors/hook/cmake_prefix_path.dsv'
[123.188s] INFO:colcon.colcon_core.shell:Creating environment hook '/home/agilex/agilex_ws/install/nav2_behaviors/share/nav2_behaviors/hook/cmake_prefix_path.sh'
[123.189s] Level 1:colcon.colcon_core.environment:checking '/home/agilex/agilex_ws/install/nav2_behaviors/lib'
[123.189s] Level 1:colcon.colcon_core.shell:create_environment_hook('nav2_behaviors', 'ld_library_path_lib')
[123.194s] INFO:colcon.colcon_core.shell:Creating environment hook '/home/agilex/agilex_ws/install/nav2_behaviors/share/nav2_behaviors/hook/ld_library_path_lib.ps1'
[123.194s] INFO:colcon.colcon_core.shell:Creating environment descriptor '/home/agilex/agilex_ws/install/nav2_behaviors/share/nav2_behaviors/hook/ld_library_path_lib.dsv'
[123.195s] INFO:colcon.colcon_core.shell:Creating environment hook '/home/agilex/agilex_ws/install/nav2_behaviors/share/nav2_behaviors/hook/ld_library_path_lib.sh'
[123.195s] Level 1:colcon.colcon_core.environment:checking '/home/agilex/agilex_ws/install/nav2_behaviors/bin'
[123.195s] Level 1:colcon.colcon_core.environment:checking '/home/agilex/agilex_ws/install/nav2_behaviors/lib/pkgconfig/nav2_behaviors.pc'
[123.195s] Level 1:colcon.colcon_core.environment:checking '/home/agilex/agilex_ws/install/nav2_behaviors/lib/python3.10/site-packages'
[123.196s] Level 1:colcon.colcon_core.environment:checking '/home/agilex/agilex_ws/install/nav2_behaviors/bin'
[123.200s] INFO:colcon.colcon_core.shell:Creating package script '/home/agilex/agilex_ws/install/nav2_behaviors/share/nav2_behaviors/package.ps1'
[123.201s] INFO:colcon.colcon_core.shell:Creating package descriptor '/home/agilex/agilex_ws/install/nav2_behaviors/share/nav2_behaviors/package.dsv'
[123.202s] INFO:colcon.colcon_core.shell:Creating package script '/home/agilex/agilex_ws/install/nav2_behaviors/share/nav2_behaviors/package.sh'
[123.202s] INFO:colcon.colcon_core.shell:Creating package script '/home/agilex/agilex_ws/install/nav2_behaviors/share/nav2_behaviors/package.bash'
[123.202s] INFO:colcon.colcon_core.shell:Creating package script '/home/agilex/agilex_ws/install/nav2_behaviors/share/nav2_behaviors/package.zsh'
[123.203s] Level 1:colcon.colcon_core.environment:create_file_with_runtime_dependencies(/home/agilex/agilex_ws/install/nav2_behaviors/share/colcon-core/packages/nav2_behaviors)
[138.241s] DEBUG:colcon.colcon_core.event_handler.log_command:Invoked command in '/home/agilex/agilex_ws/build/dwb_critics' returned '0': AMENT_PREFIX_PATH=/home/agilex/agilex_ws/install/dwb_core:/home/agilex/agilex_ws/install/nav2_core:/home/agilex/agilex_ws/install/costmap_queue:/home/agilex/agilex_ws/install/nav2_costmap_2d:/home/agilex/agilex_ws/install/nav_2d_utils:/home/agilex/agilex_ws/install/nav2_util:/home/agilex/agilex_ws/install/nav2_voxel_grid:/home/agilex/agilex_ws/install/nav2_msgs:/home/agilex/agilex_ws/install/dwb_msgs:/home/agilex/agilex_ws/install/nav_2d_msgs:/home/agilex/agilex_ws/install/nav2_common CMAKE_PREFIX_PATH=/home/agilex/agilex_ws/install/dwb_core:/home/agilex/agilex_ws/install/nav2_core:/home/agilex/agilex_ws/install/costmap_queue:/home/agilex/agilex_ws/install/nav2_costmap_2d:/home/agilex/agilex_ws/install/nav_2d_utils:/home/agilex/agilex_ws/install/nav2_util:/home/agilex/agilex_ws/install/nav2_voxel_grid:/home/agilex/agilex_ws/install/nav2_msgs:/home/agilex/agilex_ws/install/dwb_msgs:/home/agilex/agilex_ws/install/nav_2d_msgs:/home/agilex/agilex_ws/install/nav2_common LD_LIBRARY_PATH=/home/agilex/agilex_ws/install/dwb_core/lib:/home/agilex/agilex_ws/install/costmap_queue/lib:/home/agilex/agilex_ws/install/nav2_costmap_2d/lib:/home/agilex/agilex_ws/install/nav_2d_utils/lib:/home/agilex/agilex_ws/install/nav2_util/lib:/home/agilex/agilex_ws/install/nav2_voxel_grid/lib:/home/agilex/agilex_ws/install/nav2_msgs/lib:/home/agilex/agilex_ws/install/dwb_msgs/lib:/home/agilex/agilex_ws/install/nav_2d_msgs/lib PYTHONPATH=/home/agilex/agilex_ws/install/nav2_msgs/local/lib/python3.10/dist-packages:/home/agilex/agilex_ws/install/dwb_msgs/local/lib/python3.10/dist-packages:/home/agilex/agilex_ws/install/nav_2d_msgs/local/lib/python3.10/dist-packages:/home/agilex/agilex_ws/install/nav2_common/local/lib/python3.10/dist-packages /usr/bin/cmake --build /home/agilex/agilex_ws/build/dwb_critics -- -j16 -l16
[138.285s] DEBUG:colcon.colcon_core.event_handler.log_command:Invoking command in '/home/agilex/agilex_ws/build/dwb_critics': AMENT_PREFIX_PATH=/home/agilex/agilex_ws/install/dwb_core:/home/agilex/agilex_ws/install/nav2_core:/home/agilex/agilex_ws/install/costmap_queue:/home/agilex/agilex_ws/install/nav2_costmap_2d:/home/agilex/agilex_ws/install/nav_2d_utils:/home/agilex/agilex_ws/install/nav2_util:/home/agilex/agilex_ws/install/nav2_voxel_grid:/home/agilex/agilex_ws/install/nav2_msgs:/home/agilex/agilex_ws/install/dwb_msgs:/home/agilex/agilex_ws/install/nav_2d_msgs:/home/agilex/agilex_ws/install/nav2_common CMAKE_PREFIX_PATH=/home/agilex/agilex_ws/install/dwb_core:/home/agilex/agilex_ws/install/nav2_core:/home/agilex/agilex_ws/install/costmap_queue:/home/agilex/agilex_ws/install/nav2_costmap_2d:/home/agilex/agilex_ws/install/nav_2d_utils:/home/agilex/agilex_ws/install/nav2_util:/home/agilex/agilex_ws/install/nav2_voxel_grid:/home/agilex/agilex_ws/install/nav2_msgs:/home/agilex/agilex_ws/install/dwb_msgs:/home/agilex/agilex_ws/install/nav_2d_msgs:/home/agilex/agilex_ws/install/nav2_common LD_LIBRARY_PATH=/home/agilex/agilex_ws/install/dwb_core/lib:/home/agilex/agilex_ws/install/costmap_queue/lib:/home/agilex/agilex_ws/install/nav2_costmap_2d/lib:/home/agilex/agilex_ws/install/nav_2d_utils/lib:/home/agilex/agilex_ws/install/nav2_util/lib:/home/agilex/agilex_ws/install/nav2_voxel_grid/lib:/home/agilex/agilex_ws/install/nav2_msgs/lib:/home/agilex/agilex_ws/install/dwb_msgs/lib:/home/agilex/agilex_ws/install/nav_2d_msgs/lib PYTHONPATH=/home/agilex/agilex_ws/install/nav2_msgs/local/lib/python3.10/dist-packages:/home/agilex/agilex_ws/install/dwb_msgs/local/lib/python3.10/dist-packages:/home/agilex/agilex_ws/install/nav_2d_msgs/local/lib/python3.10/dist-packages:/home/agilex/agilex_ws/install/nav2_common/local/lib/python3.10/dist-packages /usr/bin/cmake --install /home/agilex/agilex_ws/build/dwb_critics
[138.298s] Level 1:colcon.colcon_core.environment:create_environment_scripts_only(dwb_critics)
[138.298s] DEBUG:colcon.colcon_core.event_handler.log_command:Invoked command in '/home/agilex/agilex_ws/build/dwb_critics' returned '0': AMENT_PREFIX_PATH=/home/agilex/agilex_ws/install/dwb_core:/home/agilex/agilex_ws/install/nav2_core:/home/agilex/agilex_ws/install/costmap_queue:/home/agilex/agilex_ws/install/nav2_costmap_2d:/home/agilex/agilex_ws/install/nav_2d_utils:/home/agilex/agilex_ws/install/nav2_util:/home/agilex/agilex_ws/install/nav2_voxel_grid:/home/agilex/agilex_ws/install/nav2_msgs:/home/agilex/agilex_ws/install/dwb_msgs:/home/agilex/agilex_ws/install/nav_2d_msgs:/home/agilex/agilex_ws/install/nav2_common CMAKE_PREFIX_PATH=/home/agilex/agilex_ws/install/dwb_core:/home/agilex/agilex_ws/install/nav2_core:/home/agilex/agilex_ws/install/costmap_queue:/home/agilex/agilex_ws/install/nav2_costmap_2d:/home/agilex/agilex_ws/install/nav_2d_utils:/home/agilex/agilex_ws/install/nav2_util:/home/agilex/agilex_ws/install/nav2_voxel_grid:/home/agilex/agilex_ws/install/nav2_msgs:/home/agilex/agilex_ws/install/dwb_msgs:/home/agilex/agilex_ws/install/nav_2d_msgs:/home/agilex/agilex_ws/install/nav2_common LD_LIBRARY_PATH=/home/agilex/agilex_ws/install/dwb_core/lib:/home/agilex/agilex_ws/install/costmap_queue/lib:/home/agilex/agilex_ws/install/nav2_costmap_2d/lib:/home/agilex/agilex_ws/install/nav_2d_utils/lib:/home/agilex/agilex_ws/install/nav2_util/lib:/home/agilex/agilex_ws/install/nav2_voxel_grid/lib:/home/agilex/agilex_ws/install/nav2_msgs/lib:/home/agilex/agilex_ws/install/dwb_msgs/lib:/home/agilex/agilex_ws/install/nav_2d_msgs/lib PYTHONPATH=/home/agilex/agilex_ws/install/nav2_msgs/local/lib/python3.10/dist-packages:/home/agilex/agilex_ws/install/dwb_msgs/local/lib/python3.10/dist-packages:/home/agilex/agilex_ws/install/nav_2d_msgs/local/lib/python3.10/dist-packages:/home/agilex/agilex_ws/install/nav2_common/local/lib/python3.10/dist-packages /usr/bin/cmake --install /home/agilex/agilex_ws/build/dwb_critics
[138.306s] Level 1:colcon.colcon_core.environment:checking '/home/agilex/agilex_ws/install/dwb_critics' for CMake module files
[138.307s] Level 1:colcon.colcon_core.environment:checking '/home/agilex/agilex_ws/install/dwb_critics' for CMake config files
[138.308s] Level 1:colcon.colcon_core.shell:create_environment_hook('dwb_critics', 'cmake_prefix_path')
[138.312s] INFO:colcon.colcon_core.shell:Creating environment hook '/home/agilex/agilex_ws/install/dwb_critics/share/dwb_critics/hook/cmake_prefix_path.ps1'
[138.313s] INFO:colcon.colcon_core.shell:Creating environment descriptor '/home/agilex/agilex_ws/install/dwb_critics/share/dwb_critics/hook/cmake_prefix_path.dsv'
[138.313s] INFO:colcon.colcon_core.shell:Creating environment hook '/home/agilex/agilex_ws/install/dwb_critics/share/dwb_critics/hook/cmake_prefix_path.sh'
[138.314s] Level 1:colcon.colcon_core.environment:checking '/home/agilex/agilex_ws/install/dwb_critics/lib'
[138.314s] Level 1:colcon.colcon_core.shell:create_environment_hook('dwb_critics', 'ld_library_path_lib')
[138.318s] INFO:colcon.colcon_core.shell:Creating environment hook '/home/agilex/agilex_ws/install/dwb_critics/share/dwb_critics/hook/ld_library_path_lib.ps1'
[138.319s] INFO:colcon.colcon_core.shell:Creating environment descriptor '/home/agilex/agilex_ws/install/dwb_critics/share/dwb_critics/hook/ld_library_path_lib.dsv'
[138.319s] INFO:colcon.colcon_core.shell:Creating environment hook '/home/agilex/agilex_ws/install/dwb_critics/share/dwb_critics/hook/ld_library_path_lib.sh'
[138.319s] Level 1:colcon.colcon_core.environment:checking '/home/agilex/agilex_ws/install/dwb_critics/bin'
[138.319s] Level 1:colcon.colcon_core.environment:checking '/home/agilex/agilex_ws/install/dwb_critics/lib/pkgconfig/dwb_critics.pc'
[138.319s] Level 1:colcon.colcon_core.environment:checking '/home/agilex/agilex_ws/install/dwb_critics/lib/python3.10/site-packages'
[138.319s] Level 1:colcon.colcon_core.environment:checking '/home/agilex/agilex_ws/install/dwb_critics/bin'
[138.323s] INFO:colcon.colcon_core.shell:Creating package script '/home/agilex/agilex_ws/install/dwb_critics/share/dwb_critics/package.ps1'
[138.324s] INFO:colcon.colcon_core.shell:Creating package descriptor '/home/agilex/agilex_ws/install/dwb_critics/share/dwb_critics/package.dsv'
[138.324s] INFO:colcon.colcon_core.shell:Creating package script '/home/agilex/agilex_ws/install/dwb_critics/share/dwb_critics/package.sh'
[138.324s] INFO:colcon.colcon_core.shell:Creating package script '/home/agilex/agilex_ws/install/dwb_critics/share/dwb_critics/package.bash'
[138.325s] INFO:colcon.colcon_core.shell:Creating package script '/home/agilex/agilex_ws/install/dwb_critics/share/dwb_critics/package.zsh'
[138.325s] Level 1:colcon.colcon_core.environment:create_file_with_runtime_dependencies(/home/agilex/agilex_ws/install/dwb_critics/share/colcon-core/packages/dwb_critics)
[138.379s] Level 1:colcon.colcon_core.environment:create_environment_scripts_only(dwb_critics)
[138.383s] Level 1:colcon.colcon_core.environment:checking '/home/agilex/agilex_ws/install/dwb_critics' for CMake module files
[138.384s] Level 1:colcon.colcon_core.environment:checking '/home/agilex/agilex_ws/install/dwb_critics' for CMake config files
[138.384s] Level 1:colcon.colcon_core.shell:create_environment_hook('dwb_critics', 'cmake_prefix_path')
[138.388s] INFO:colcon.colcon_core.shell:Creating environment hook '/home/agilex/agilex_ws/install/dwb_critics/share/dwb_critics/hook/cmake_prefix_path.ps1'
[138.388s] INFO:colcon.colcon_core.shell:Creating environment descriptor '/home/agilex/agilex_ws/install/dwb_critics/share/dwb_critics/hook/cmake_prefix_path.dsv'
[138.388s] INFO:colcon.colcon_core.shell:Creating environment hook '/home/agilex/agilex_ws/install/dwb_critics/share/dwb_critics/hook/cmake_prefix_path.sh'
[138.389s] Level 1:colcon.colcon_core.environment:checking '/home/agilex/agilex_ws/install/dwb_critics/lib'
[138.389s] Level 1:colcon.colcon_core.shell:create_environment_hook('dwb_critics', 'ld_library_path_lib')
[138.393s] INFO:colcon.colcon_core.shell:Creating environment hook '/home/agilex/agilex_ws/install/dwb_critics/share/dwb_critics/hook/ld_library_path_lib.ps1'
[138.393s] INFO:colcon.colcon_core.shell:Creating environment descriptor '/home/agilex/agilex_ws/install/dwb_critics/share/dwb_critics/hook/ld_library_path_lib.dsv'
[138.394s] INFO:colcon.colcon_core.shell:Creating environment hook '/home/agilex/agilex_ws/install/dwb_critics/share/dwb_critics/hook/ld_library_path_lib.sh'
[138.394s] Level 1:colcon.colcon_core.environment:checking '/home/agilex/agilex_ws/install/dwb_critics/bin'
[138.395s] Level 1:colcon.colcon_core.environment:checking '/home/agilex/agilex_ws/install/dwb_critics/lib/pkgconfig/dwb_critics.pc'
[138.395s] Level 1:colcon.colcon_core.environment:checking '/home/agilex/agilex_ws/install/dwb_critics/lib/python3.10/site-packages'
[138.395s] Level 1:colcon.colcon_core.environment:checking '/home/agilex/agilex_ws/install/dwb_critics/bin'
[138.399s] INFO:colcon.colcon_core.shell:Creating package script '/home/agilex/agilex_ws/install/dwb_critics/share/dwb_critics/package.ps1'
[138.400s] INFO:colcon.colcon_core.shell:Creating package descriptor '/home/agilex/agilex_ws/install/dwb_critics/share/dwb_critics/package.dsv'
[138.401s] INFO:colcon.colcon_core.shell:Creating package script '/home/agilex/agilex_ws/install/dwb_critics/share/dwb_critics/package.sh'
[138.401s] INFO:colcon.colcon_core.shell:Creating package script '/home/agilex/agilex_ws/install/dwb_critics/share/dwb_critics/package.bash'
[138.401s] INFO:colcon.colcon_core.shell:Creating package script '/home/agilex/agilex_ws/install/dwb_critics/share/dwb_critics/package.zsh'
[138.401s] Level 1:colcon.colcon_core.environment:create_file_with_runtime_dependencies(/home/agilex/agilex_ws/install/dwb_critics/share/colcon-core/packages/dwb_critics)
[138.402s] INFO:colcon.colcon_ros.task.ament_cmake.build:Building ROS package in '/home/agilex/agilex_ws/src/navigation2/nav2_dwb_controller/nav2_dwb_controller' with build type 'ament_cmake'
[138.402s] INFO:colcon.colcon_cmake.task.cmake.build:Building CMake package in '/home/agilex/agilex_ws/src/navigation2/nav2_dwb_controller/nav2_dwb_controller'
[138.412s] INFO:colcon.colcon_core.shell:Skip shell extension 'powershell' for command environment: Not usable outside of PowerShell
[138.412s] DEBUG:colcon.colcon_core.shell:Skip shell extension 'dsv' for command environment
[138.466s] DEBUG:colcon.colcon_core.event_handler.log_command:Invoking command in '/home/agilex/agilex_ws/build/nav2_dwb_controller': AMENT_PREFIX_PATH=/home/agilex/agilex_ws/install/dwb_plugins:/home/agilex/agilex_ws/install/dwb_critics:/home/agilex/agilex_ws/install/dwb_core:/home/agilex/agilex_ws/install/nav2_core:/home/agilex/agilex_ws/install/costmap_queue:/home/agilex/agilex_ws/install/nav2_costmap_2d:/home/agilex/agilex_ws/install/nav_2d_utils:/home/agilex/agilex_ws/install/nav2_util:/home/agilex/agilex_ws/install/nav2_voxel_grid:/home/agilex/agilex_ws/install/nav2_msgs:/home/agilex/agilex_ws/install/dwb_msgs:/home/agilex/agilex_ws/install/nav_2d_msgs:/home/agilex/agilex_ws/install/nav2_common CMAKE_PREFIX_PATH=/home/agilex/agilex_ws/install/dwb_plugins:/home/agilex/agilex_ws/install/dwb_critics:/home/agilex/agilex_ws/install/dwb_core:/home/agilex/agilex_ws/install/nav2_core:/home/agilex/agilex_ws/install/costmap_queue:/home/agilex/agilex_ws/install/nav2_costmap_2d:/home/agilex/agilex_ws/install/nav_2d_utils:/home/agilex/agilex_ws/install/nav2_util:/home/agilex/agilex_ws/install/nav2_voxel_grid:/home/agilex/agilex_ws/install/nav2_msgs:/home/agilex/agilex_ws/install/dwb_msgs:/home/agilex/agilex_ws/install/nav_2d_msgs:/home/agilex/agilex_ws/install/nav2_common LD_LIBRARY_PATH=/home/agilex/agilex_ws/install/dwb_plugins/lib:/home/agilex/agilex_ws/install/dwb_critics/lib:/home/agilex/agilex_ws/install/dwb_core/lib:/home/agilex/agilex_ws/install/costmap_queue/lib:/home/agilex/agilex_ws/install/nav2_costmap_2d/lib:/home/agilex/agilex_ws/install/nav_2d_utils/lib:/home/agilex/agilex_ws/install/nav2_util/lib:/home/agilex/agilex_ws/install/nav2_voxel_grid/lib:/home/agilex/agilex_ws/install/nav2_msgs/lib:/home/agilex/agilex_ws/install/dwb_msgs/lib:/home/agilex/agilex_ws/install/nav_2d_msgs/lib PYTHONPATH=/home/agilex/agilex_ws/install/nav2_msgs/local/lib/python3.10/dist-packages:/home/agilex/agilex_ws/install/dwb_msgs/local/lib/python3.10/dist-packages:/home/agilex/agilex_ws/install/nav_2d_msgs/local/lib/python3.10/dist-packages:/home/agilex/agilex_ws/install/nav2_common/local/lib/python3.10/dist-packages /usr/bin/cmake --build /home/agilex/agilex_ws/build/nav2_dwb_controller -- -j16 -l16
[138.513s] DEBUG:colcon.colcon_core.event_handler.log_command:Invoked command in '/home/agilex/agilex_ws/build/nav2_dwb_controller' returned '0': AMENT_PREFIX_PATH=/home/agilex/agilex_ws/install/dwb_plugins:/home/agilex/agilex_ws/install/dwb_critics:/home/agilex/agilex_ws/install/dwb_core:/home/agilex/agilex_ws/install/nav2_core:/home/agilex/agilex_ws/install/costmap_queue:/home/agilex/agilex_ws/install/nav2_costmap_2d:/home/agilex/agilex_ws/install/nav_2d_utils:/home/agilex/agilex_ws/install/nav2_util:/home/agilex/agilex_ws/install/nav2_voxel_grid:/home/agilex/agilex_ws/install/nav2_msgs:/home/agilex/agilex_ws/install/dwb_msgs:/home/agilex/agilex_ws/install/nav_2d_msgs:/home/agilex/agilex_ws/install/nav2_common CMAKE_PREFIX_PATH=/home/agilex/agilex_ws/install/dwb_plugins:/home/agilex/agilex_ws/install/dwb_critics:/home/agilex/agilex_ws/install/dwb_core:/home/agilex/agilex_ws/install/nav2_core:/home/agilex/agilex_ws/install/costmap_queue:/home/agilex/agilex_ws/install/nav2_costmap_2d:/home/agilex/agilex_ws/install/nav_2d_utils:/home/agilex/agilex_ws/install/nav2_util:/home/agilex/agilex_ws/install/nav2_voxel_grid:/home/agilex/agilex_ws/install/nav2_msgs:/home/agilex/agilex_ws/install/dwb_msgs:/home/agilex/agilex_ws/install/nav_2d_msgs:/home/agilex/agilex_ws/install/nav2_common LD_LIBRARY_PATH=/home/agilex/agilex_ws/install/dwb_plugins/lib:/home/agilex/agilex_ws/install/dwb_critics/lib:/home/agilex/agilex_ws/install/dwb_core/lib:/home/agilex/agilex_ws/install/costmap_queue/lib:/home/agilex/agilex_ws/install/nav2_costmap_2d/lib:/home/agilex/agilex_ws/install/nav_2d_utils/lib:/home/agilex/agilex_ws/install/nav2_util/lib:/home/agilex/agilex_ws/install/nav2_voxel_grid/lib:/home/agilex/agilex_ws/install/nav2_msgs/lib:/home/agilex/agilex_ws/install/dwb_msgs/lib:/home/agilex/agilex_ws/install/nav_2d_msgs/lib PYTHONPATH=/home/agilex/agilex_ws/install/nav2_msgs/local/lib/python3.10/dist-packages:/home/agilex/agilex_ws/install/dwb_msgs/local/lib/python3.10/dist-packages:/home/agilex/agilex_ws/install/nav_2d_msgs/local/lib/python3.10/dist-packages:/home/agilex/agilex_ws/install/nav2_common/local/lib/python3.10/dist-packages /usr/bin/cmake --build /home/agilex/agilex_ws/build/nav2_dwb_controller -- -j16 -l16
[138.534s] DEBUG:colcon.colcon_core.event_handler.log_command:Invoking command in '/home/agilex/agilex_ws/build/nav2_dwb_controller': AMENT_PREFIX_PATH=/home/agilex/agilex_ws/install/dwb_plugins:/home/agilex/agilex_ws/install/dwb_critics:/home/agilex/agilex_ws/install/dwb_core:/home/agilex/agilex_ws/install/nav2_core:/home/agilex/agilex_ws/install/costmap_queue:/home/agilex/agilex_ws/install/nav2_costmap_2d:/home/agilex/agilex_ws/install/nav_2d_utils:/home/agilex/agilex_ws/install/nav2_util:/home/agilex/agilex_ws/install/nav2_voxel_grid:/home/agilex/agilex_ws/install/nav2_msgs:/home/agilex/agilex_ws/install/dwb_msgs:/home/agilex/agilex_ws/install/nav_2d_msgs:/home/agilex/agilex_ws/install/nav2_common CMAKE_PREFIX_PATH=/home/agilex/agilex_ws/install/dwb_plugins:/home/agilex/agilex_ws/install/dwb_critics:/home/agilex/agilex_ws/install/dwb_core:/home/agilex/agilex_ws/install/nav2_core:/home/agilex/agilex_ws/install/costmap_queue:/home/agilex/agilex_ws/install/nav2_costmap_2d:/home/agilex/agilex_ws/install/nav_2d_utils:/home/agilex/agilex_ws/install/nav2_util:/home/agilex/agilex_ws/install/nav2_voxel_grid:/home/agilex/agilex_ws/install/nav2_msgs:/home/agilex/agilex_ws/install/dwb_msgs:/home/agilex/agilex_ws/install/nav_2d_msgs:/home/agilex/agilex_ws/install/nav2_common LD_LIBRARY_PATH=/home/agilex/agilex_ws/install/dwb_plugins/lib:/home/agilex/agilex_ws/install/dwb_critics/lib:/home/agilex/agilex_ws/install/dwb_core/lib:/home/agilex/agilex_ws/install/costmap_queue/lib:/home/agilex/agilex_ws/install/nav2_costmap_2d/lib:/home/agilex/agilex_ws/install/nav_2d_utils/lib:/home/agilex/agilex_ws/install/nav2_util/lib:/home/agilex/agilex_ws/install/nav2_voxel_grid/lib:/home/agilex/agilex_ws/install/nav2_msgs/lib:/home/agilex/agilex_ws/install/dwb_msgs/lib:/home/agilex/agilex_ws/install/nav_2d_msgs/lib PYTHONPATH=/home/agilex/agilex_ws/install/nav2_msgs/local/lib/python3.10/dist-packages:/home/agilex/agilex_ws/install/dwb_msgs/local/lib/python3.10/dist-packages:/home/agilex/agilex_ws/install/nav_2d_msgs/local/lib/python3.10/dist-packages:/home/agilex/agilex_ws/install/nav2_common/local/lib/python3.10/dist-packages /usr/bin/cmake --install /home/agilex/agilex_ws/build/nav2_dwb_controller
[138.547s] Level 1:colcon.colcon_core.environment:create_environment_scripts_only(nav2_dwb_controller)
[138.548s] DEBUG:colcon.colcon_core.event_handler.log_command:Invoked command in '/home/agilex/agilex_ws/build/nav2_dwb_controller' returned '0': AMENT_PREFIX_PATH=/home/agilex/agilex_ws/install/dwb_plugins:/home/agilex/agilex_ws/install/dwb_critics:/home/agilex/agilex_ws/install/dwb_core:/home/agilex/agilex_ws/install/nav2_core:/home/agilex/agilex_ws/install/costmap_queue:/home/agilex/agilex_ws/install/nav2_costmap_2d:/home/agilex/agilex_ws/install/nav_2d_utils:/home/agilex/agilex_ws/install/nav2_util:/home/agilex/agilex_ws/install/nav2_voxel_grid:/home/agilex/agilex_ws/install/nav2_msgs:/home/agilex/agilex_ws/install/dwb_msgs:/home/agilex/agilex_ws/install/nav_2d_msgs:/home/agilex/agilex_ws/install/nav2_common CMAKE_PREFIX_PATH=/home/agilex/agilex_ws/install/dwb_plugins:/home/agilex/agilex_ws/install/dwb_critics:/home/agilex/agilex_ws/install/dwb_core:/home/agilex/agilex_ws/install/nav2_core:/home/agilex/agilex_ws/install/costmap_queue:/home/agilex/agilex_ws/install/nav2_costmap_2d:/home/agilex/agilex_ws/install/nav_2d_utils:/home/agilex/agilex_ws/install/nav2_util:/home/agilex/agilex_ws/install/nav2_voxel_grid:/home/agilex/agilex_ws/install/nav2_msgs:/home/agilex/agilex_ws/install/dwb_msgs:/home/agilex/agilex_ws/install/nav_2d_msgs:/home/agilex/agilex_ws/install/nav2_common LD_LIBRARY_PATH=/home/agilex/agilex_ws/install/dwb_plugins/lib:/home/agilex/agilex_ws/install/dwb_critics/lib:/home/agilex/agilex_ws/install/dwb_core/lib:/home/agilex/agilex_ws/install/costmap_queue/lib:/home/agilex/agilex_ws/install/nav2_costmap_2d/lib:/home/agilex/agilex_ws/install/nav_2d_utils/lib:/home/agilex/agilex_ws/install/nav2_util/lib:/home/agilex/agilex_ws/install/nav2_voxel_grid/lib:/home/agilex/agilex_ws/install/nav2_msgs/lib:/home/agilex/agilex_ws/install/dwb_msgs/lib:/home/agilex/agilex_ws/install/nav_2d_msgs/lib PYTHONPATH=/home/agilex/agilex_ws/install/nav2_msgs/local/lib/python3.10/dist-packages:/home/agilex/agilex_ws/install/dwb_msgs/local/lib/python3.10/dist-packages:/home/agilex/agilex_ws/install/nav_2d_msgs/local/lib/python3.10/dist-packages:/home/agilex/agilex_ws/install/nav2_common/local/lib/python3.10/dist-packages /usr/bin/cmake --install /home/agilex/agilex_ws/build/nav2_dwb_controller
[138.553s] Level 1:colcon.colcon_core.environment:checking '/home/agilex/agilex_ws/install/nav2_dwb_controller' for CMake module files
[138.553s] Level 1:colcon.colcon_core.environment:checking '/home/agilex/agilex_ws/install/nav2_dwb_controller' for CMake config files
[138.554s] Level 1:colcon.colcon_core.shell:create_environment_hook('nav2_dwb_controller', 'cmake_prefix_path')
[138.558s] INFO:colcon.colcon_core.shell:Creating environment hook '/home/agilex/agilex_ws/install/nav2_dwb_controller/share/nav2_dwb_controller/hook/cmake_prefix_path.ps1'
[138.558s] INFO:colcon.colcon_core.shell:Creating environment descriptor '/home/agilex/agilex_ws/install/nav2_dwb_controller/share/nav2_dwb_controller/hook/cmake_prefix_path.dsv'
[138.559s] INFO:colcon.colcon_core.shell:Creating environment hook '/home/agilex/agilex_ws/install/nav2_dwb_controller/share/nav2_dwb_controller/hook/cmake_prefix_path.sh'
[138.559s] Level 1:colcon.colcon_core.environment:checking '/home/agilex/agilex_ws/install/nav2_dwb_controller/bin'
[138.559s] Level 1:colcon.colcon_core.environment:checking '/home/agilex/agilex_ws/install/nav2_dwb_controller/lib/pkgconfig/nav2_dwb_controller.pc'
[138.559s] Level 1:colcon.colcon_core.environment:checking '/home/agilex/agilex_ws/install/nav2_dwb_controller/lib/python3.10/site-packages'
[138.559s] Level 1:colcon.colcon_core.environment:checking '/home/agilex/agilex_ws/install/nav2_dwb_controller/bin'
[138.563s] INFO:colcon.colcon_core.shell:Creating package script '/home/agilex/agilex_ws/install/nav2_dwb_controller/share/nav2_dwb_controller/package.ps1'
[138.565s] INFO:colcon.colcon_core.shell:Creating package descriptor '/home/agilex/agilex_ws/install/nav2_dwb_controller/share/nav2_dwb_controller/package.dsv'
[138.565s] INFO:colcon.colcon_core.shell:Creating package script '/home/agilex/agilex_ws/install/nav2_dwb_controller/share/nav2_dwb_controller/package.sh'
[138.566s] INFO:colcon.colcon_core.shell:Creating package script '/home/agilex/agilex_ws/install/nav2_dwb_controller/share/nav2_dwb_controller/package.bash'
[138.566s] INFO:colcon.colcon_core.shell:Creating package script '/home/agilex/agilex_ws/install/nav2_dwb_controller/share/nav2_dwb_controller/package.zsh'
[138.567s] Level 1:colcon.colcon_core.environment:create_file_with_runtime_dependencies(/home/agilex/agilex_ws/install/nav2_dwb_controller/share/colcon-core/packages/nav2_dwb_controller)
[138.594s] Level 1:colcon.colcon_core.environment:create_environment_scripts_only(nav2_dwb_controller)
[138.600s] Level 1:colcon.colcon_core.environment:checking '/home/agilex/agilex_ws/install/nav2_dwb_controller' for CMake module files
[138.601s] Level 1:colcon.colcon_core.environment:checking '/home/agilex/agilex_ws/install/nav2_dwb_controller' for CMake config files
[138.601s] Level 1:colcon.colcon_core.shell:create_environment_hook('nav2_dwb_controller', 'cmake_prefix_path')
[138.605s] INFO:colcon.colcon_core.shell:Creating environment hook '/home/agilex/agilex_ws/install/nav2_dwb_controller/share/nav2_dwb_controller/hook/cmake_prefix_path.ps1'
[138.605s] INFO:colcon.colcon_core.shell:Creating environment descriptor '/home/agilex/agilex_ws/install/nav2_dwb_controller/share/nav2_dwb_controller/hook/cmake_prefix_path.dsv'
[138.605s] INFO:colcon.colcon_core.shell:Creating environment hook '/home/agilex/agilex_ws/install/nav2_dwb_controller/share/nav2_dwb_controller/hook/cmake_prefix_path.sh'
[138.605s] Level 1:colcon.colcon_core.environment:checking '/home/agilex/agilex_ws/install/nav2_dwb_controller/bin'
[138.605s] Level 1:colcon.colcon_core.environment:checking '/home/agilex/agilex_ws/install/nav2_dwb_controller/lib/pkgconfig/nav2_dwb_controller.pc'
[138.606s] Level 1:colcon.colcon_core.environment:checking '/home/agilex/agilex_ws/install/nav2_dwb_controller/lib/python3.10/site-packages'
[138.606s] Level 1:colcon.colcon_core.environment:checking '/home/agilex/agilex_ws/install/nav2_dwb_controller/bin'
[138.610s] INFO:colcon.colcon_core.shell:Creating package script '/home/agilex/agilex_ws/install/nav2_dwb_controller/share/nav2_dwb_controller/package.ps1'
[138.610s] INFO:colcon.colcon_core.shell:Creating package descriptor '/home/agilex/agilex_ws/install/nav2_dwb_controller/share/nav2_dwb_controller/package.dsv'
[138.610s] INFO:colcon.colcon_core.shell:Creating package script '/home/agilex/agilex_ws/install/nav2_dwb_controller/share/nav2_dwb_controller/package.sh'
[138.611s] INFO:colcon.colcon_core.shell:Creating package script '/home/agilex/agilex_ws/install/nav2_dwb_controller/share/nav2_dwb_controller/package.bash'
[138.611s] INFO:colcon.colcon_core.shell:Creating package script '/home/agilex/agilex_ws/install/nav2_dwb_controller/share/nav2_dwb_controller/package.zsh'
[138.611s] Level 1:colcon.colcon_core.environment:create_file_with_runtime_dependencies(/home/agilex/agilex_ws/install/nav2_dwb_controller/share/colcon-core/packages/nav2_dwb_controller)
[144.273s] DEBUG:colcon.colcon_core.event_handler.log_command:Invoked command in '/home/agilex/agilex_ws/build/nav2_rotation_shim_controller' returned '0': AMENT_PREFIX_PATH=/home/agilex/agilex_ws/install/nav2_regulated_pure_pursuit_controller:/home/agilex/agilex_ws/install/nav2_controller:/home/agilex/agilex_ws/install/nav2_core:/home/agilex/agilex_ws/install/nav2_costmap_2d:/home/agilex/agilex_ws/install/nav_2d_utils:/home/agilex/agilex_ws/install/nav2_util:/home/agilex/agilex_ws/install/nav2_voxel_grid:/home/agilex/agilex_ws/install/nav2_msgs:/home/agilex/agilex_ws/install/nav_2d_msgs:/home/agilex/agilex_ws/install/nav2_common CMAKE_PREFIX_PATH=/home/agilex/agilex_ws/install/nav2_regulated_pure_pursuit_controller:/home/agilex/agilex_ws/install/nav2_controller:/home/agilex/agilex_ws/install/nav2_core:/home/agilex/agilex_ws/install/nav2_costmap_2d:/home/agilex/agilex_ws/install/nav_2d_utils:/home/agilex/agilex_ws/install/nav2_util:/home/agilex/agilex_ws/install/nav2_voxel_grid:/home/agilex/agilex_ws/install/nav2_msgs:/home/agilex/agilex_ws/install/nav_2d_msgs:/home/agilex/agilex_ws/install/nav2_common LD_LIBRARY_PATH=/home/agilex/agilex_ws/install/nav2_regulated_pure_pursuit_controller/lib:/home/agilex/agilex_ws/install/nav2_controller/lib:/home/agilex/agilex_ws/install/nav2_costmap_2d/lib:/home/agilex/agilex_ws/install/nav_2d_utils/lib:/home/agilex/agilex_ws/install/nav2_util/lib:/home/agilex/agilex_ws/install/nav2_voxel_grid/lib:/home/agilex/agilex_ws/install/nav2_msgs/lib:/home/agilex/agilex_ws/install/nav_2d_msgs/lib PYTHONPATH=/home/agilex/agilex_ws/install/nav2_msgs/local/lib/python3.10/dist-packages:/home/agilex/agilex_ws/install/nav_2d_msgs/local/lib/python3.10/dist-packages:/home/agilex/agilex_ws/install/nav2_common/local/lib/python3.10/dist-packages /usr/bin/cmake --build /home/agilex/agilex_ws/build/nav2_rotation_shim_controller -- -j16 -l16
[144.292s] DEBUG:colcon.colcon_core.event_handler.log_command:Invoking command in '/home/agilex/agilex_ws/build/nav2_rotation_shim_controller': AMENT_PREFIX_PATH=/home/agilex/agilex_ws/install/nav2_regulated_pure_pursuit_controller:/home/agilex/agilex_ws/install/nav2_controller:/home/agilex/agilex_ws/install/nav2_core:/home/agilex/agilex_ws/install/nav2_costmap_2d:/home/agilex/agilex_ws/install/nav_2d_utils:/home/agilex/agilex_ws/install/nav2_util:/home/agilex/agilex_ws/install/nav2_voxel_grid:/home/agilex/agilex_ws/install/nav2_msgs:/home/agilex/agilex_ws/install/nav_2d_msgs:/home/agilex/agilex_ws/install/nav2_common CMAKE_PREFIX_PATH=/home/agilex/agilex_ws/install/nav2_regulated_pure_pursuit_controller:/home/agilex/agilex_ws/install/nav2_controller:/home/agilex/agilex_ws/install/nav2_core:/home/agilex/agilex_ws/install/nav2_costmap_2d:/home/agilex/agilex_ws/install/nav_2d_utils:/home/agilex/agilex_ws/install/nav2_util:/home/agilex/agilex_ws/install/nav2_voxel_grid:/home/agilex/agilex_ws/install/nav2_msgs:/home/agilex/agilex_ws/install/nav_2d_msgs:/home/agilex/agilex_ws/install/nav2_common LD_LIBRARY_PATH=/home/agilex/agilex_ws/install/nav2_regulated_pure_pursuit_controller/lib:/home/agilex/agilex_ws/install/nav2_controller/lib:/home/agilex/agilex_ws/install/nav2_costmap_2d/lib:/home/agilex/agilex_ws/install/nav_2d_utils/lib:/home/agilex/agilex_ws/install/nav2_util/lib:/home/agilex/agilex_ws/install/nav2_voxel_grid/lib:/home/agilex/agilex_ws/install/nav2_msgs/lib:/home/agilex/agilex_ws/install/nav_2d_msgs/lib PYTHONPATH=/home/agilex/agilex_ws/install/nav2_msgs/local/lib/python3.10/dist-packages:/home/agilex/agilex_ws/install/nav_2d_msgs/local/lib/python3.10/dist-packages:/home/agilex/agilex_ws/install/nav2_common/local/lib/python3.10/dist-packages /usr/bin/cmake --install /home/agilex/agilex_ws/build/nav2_rotation_shim_controller
[144.308s] Level 1:colcon.colcon_core.environment:create_environment_scripts_only(nav2_rotation_shim_controller)
[144.308s] DEBUG:colcon.colcon_core.event_handler.log_command:Invoked command in '/home/agilex/agilex_ws/build/nav2_rotation_shim_controller' returned '0': AMENT_PREFIX_PATH=/home/agilex/agilex_ws/install/nav2_regulated_pure_pursuit_controller:/home/agilex/agilex_ws/install/nav2_controller:/home/agilex/agilex_ws/install/nav2_core:/home/agilex/agilex_ws/install/nav2_costmap_2d:/home/agilex/agilex_ws/install/nav_2d_utils:/home/agilex/agilex_ws/install/nav2_util:/home/agilex/agilex_ws/install/nav2_voxel_grid:/home/agilex/agilex_ws/install/nav2_msgs:/home/agilex/agilex_ws/install/nav_2d_msgs:/home/agilex/agilex_ws/install/nav2_common CMAKE_PREFIX_PATH=/home/agilex/agilex_ws/install/nav2_regulated_pure_pursuit_controller:/home/agilex/agilex_ws/install/nav2_controller:/home/agilex/agilex_ws/install/nav2_core:/home/agilex/agilex_ws/install/nav2_costmap_2d:/home/agilex/agilex_ws/install/nav_2d_utils:/home/agilex/agilex_ws/install/nav2_util:/home/agilex/agilex_ws/install/nav2_voxel_grid:/home/agilex/agilex_ws/install/nav2_msgs:/home/agilex/agilex_ws/install/nav_2d_msgs:/home/agilex/agilex_ws/install/nav2_common LD_LIBRARY_PATH=/home/agilex/agilex_ws/install/nav2_regulated_pure_pursuit_controller/lib:/home/agilex/agilex_ws/install/nav2_controller/lib:/home/agilex/agilex_ws/install/nav2_costmap_2d/lib:/home/agilex/agilex_ws/install/nav_2d_utils/lib:/home/agilex/agilex_ws/install/nav2_util/lib:/home/agilex/agilex_ws/install/nav2_voxel_grid/lib:/home/agilex/agilex_ws/install/nav2_msgs/lib:/home/agilex/agilex_ws/install/nav_2d_msgs/lib PYTHONPATH=/home/agilex/agilex_ws/install/nav2_msgs/local/lib/python3.10/dist-packages:/home/agilex/agilex_ws/install/nav_2d_msgs/local/lib/python3.10/dist-packages:/home/agilex/agilex_ws/install/nav2_common/local/lib/python3.10/dist-packages /usr/bin/cmake --install /home/agilex/agilex_ws/build/nav2_rotation_shim_controller
[144.315s] Level 1:colcon.colcon_core.environment:checking '/home/agilex/agilex_ws/install/nav2_rotation_shim_controller' for CMake module files
[144.316s] Level 1:colcon.colcon_core.environment:checking '/home/agilex/agilex_ws/install/nav2_rotation_shim_controller' for CMake config files
[144.317s] Level 1:colcon.colcon_core.shell:create_environment_hook('nav2_rotation_shim_controller', 'cmake_prefix_path')
[144.323s] INFO:colcon.colcon_core.shell:Creating environment hook '/home/agilex/agilex_ws/install/nav2_rotation_shim_controller/share/nav2_rotation_shim_controller/hook/cmake_prefix_path.ps1'
[144.323s] INFO:colcon.colcon_core.shell:Creating environment descriptor '/home/agilex/agilex_ws/install/nav2_rotation_shim_controller/share/nav2_rotation_shim_controller/hook/cmake_prefix_path.dsv'
[144.324s] INFO:colcon.colcon_core.shell:Creating environment hook '/home/agilex/agilex_ws/install/nav2_rotation_shim_controller/share/nav2_rotation_shim_controller/hook/cmake_prefix_path.sh'
[144.324s] Level 1:colcon.colcon_core.environment:checking '/home/agilex/agilex_ws/install/nav2_rotation_shim_controller/lib'
[144.324s] Level 1:colcon.colcon_core.shell:create_environment_hook('nav2_rotation_shim_controller', 'ld_library_path_lib')
[144.331s] INFO:colcon.colcon_core.shell:Creating environment hook '/home/agilex/agilex_ws/install/nav2_rotation_shim_controller/share/nav2_rotation_shim_controller/hook/ld_library_path_lib.ps1'
[144.332s] INFO:colcon.colcon_core.shell:Creating environment descriptor '/home/agilex/agilex_ws/install/nav2_rotation_shim_controller/share/nav2_rotation_shim_controller/hook/ld_library_path_lib.dsv'
[144.332s] INFO:colcon.colcon_core.shell:Creating environment hook '/home/agilex/agilex_ws/install/nav2_rotation_shim_controller/share/nav2_rotation_shim_controller/hook/ld_library_path_lib.sh'
[144.332s] Level 1:colcon.colcon_core.environment:checking '/home/agilex/agilex_ws/install/nav2_rotation_shim_controller/bin'
[144.333s] Level 1:colcon.colcon_core.environment:checking '/home/agilex/agilex_ws/install/nav2_rotation_shim_controller/lib/pkgconfig/nav2_rotation_shim_controller.pc'
[144.333s] Level 1:colcon.colcon_core.environment:checking '/home/agilex/agilex_ws/install/nav2_rotation_shim_controller/lib/python3.10/site-packages'
[144.333s] Level 1:colcon.colcon_core.environment:checking '/home/agilex/agilex_ws/install/nav2_rotation_shim_controller/bin'
[144.340s] INFO:colcon.colcon_core.shell:Creating package script '/home/agilex/agilex_ws/install/nav2_rotation_shim_controller/share/nav2_rotation_shim_controller/package.ps1'
[144.340s] INFO:colcon.colcon_core.shell:Creating package descriptor '/home/agilex/agilex_ws/install/nav2_rotation_shim_controller/share/nav2_rotation_shim_controller/package.dsv'
[144.341s] INFO:colcon.colcon_core.shell:Creating package script '/home/agilex/agilex_ws/install/nav2_rotation_shim_controller/share/nav2_rotation_shim_controller/package.sh'
[144.341s] INFO:colcon.colcon_core.shell:Creating package script '/home/agilex/agilex_ws/install/nav2_rotation_shim_controller/share/nav2_rotation_shim_controller/package.bash'
[144.341s] INFO:colcon.colcon_core.shell:Creating package script '/home/agilex/agilex_ws/install/nav2_rotation_shim_controller/share/nav2_rotation_shim_controller/package.zsh'
[144.341s] Level 1:colcon.colcon_core.environment:create_file_with_runtime_dependencies(/home/agilex/agilex_ws/install/nav2_rotation_shim_controller/share/colcon-core/packages/nav2_rotation_shim_controller)
[144.368s] Level 1:colcon.colcon_core.environment:create_environment_scripts_only(nav2_rotation_shim_controller)
[144.375s] Level 1:colcon.colcon_core.environment:checking '/home/agilex/agilex_ws/install/nav2_rotation_shim_controller' for CMake module files
[144.375s] Level 1:colcon.colcon_core.environment:checking '/home/agilex/agilex_ws/install/nav2_rotation_shim_controller' for CMake config files
[144.376s] Level 1:colcon.colcon_core.shell:create_environment_hook('nav2_rotation_shim_controller', 'cmake_prefix_path')
[144.380s] INFO:colcon.colcon_core.shell:Creating environment hook '/home/agilex/agilex_ws/install/nav2_rotation_shim_controller/share/nav2_rotation_shim_controller/hook/cmake_prefix_path.ps1'
[144.380s] INFO:colcon.colcon_core.shell:Creating environment descriptor '/home/agilex/agilex_ws/install/nav2_rotation_shim_controller/share/nav2_rotation_shim_controller/hook/cmake_prefix_path.dsv'
[144.381s] INFO:colcon.colcon_core.shell:Creating environment hook '/home/agilex/agilex_ws/install/nav2_rotation_shim_controller/share/nav2_rotation_shim_controller/hook/cmake_prefix_path.sh'
[144.381s] Level 1:colcon.colcon_core.environment:checking '/home/agilex/agilex_ws/install/nav2_rotation_shim_controller/lib'
[144.381s] Level 1:colcon.colcon_core.shell:create_environment_hook('nav2_rotation_shim_controller', 'ld_library_path_lib')
[144.385s] INFO:colcon.colcon_core.shell:Creating environment hook '/home/agilex/agilex_ws/install/nav2_rotation_shim_controller/share/nav2_rotation_shim_controller/hook/ld_library_path_lib.ps1'
[144.385s] INFO:colcon.colcon_core.shell:Creating environment descriptor '/home/agilex/agilex_ws/install/nav2_rotation_shim_controller/share/nav2_rotation_shim_controller/hook/ld_library_path_lib.dsv'
[144.385s] INFO:colcon.colcon_core.shell:Creating environment hook '/home/agilex/agilex_ws/install/nav2_rotation_shim_controller/share/nav2_rotation_shim_controller/hook/ld_library_path_lib.sh'
[144.385s] Level 1:colcon.colcon_core.environment:checking '/home/agilex/agilex_ws/install/nav2_rotation_shim_controller/bin'
[144.385s] Level 1:colcon.colcon_core.environment:checking '/home/agilex/agilex_ws/install/nav2_rotation_shim_controller/lib/pkgconfig/nav2_rotation_shim_controller.pc'
[144.385s] Level 1:colcon.colcon_core.environment:checking '/home/agilex/agilex_ws/install/nav2_rotation_shim_controller/lib/python3.10/site-packages'
[144.385s] Level 1:colcon.colcon_core.environment:checking '/home/agilex/agilex_ws/install/nav2_rotation_shim_controller/bin'
[144.389s] INFO:colcon.colcon_core.shell:Creating package script '/home/agilex/agilex_ws/install/nav2_rotation_shim_controller/share/nav2_rotation_shim_controller/package.ps1'
[144.389s] INFO:colcon.colcon_core.shell:Creating package descriptor '/home/agilex/agilex_ws/install/nav2_rotation_shim_controller/share/nav2_rotation_shim_controller/package.dsv'
[144.390s] INFO:colcon.colcon_core.shell:Creating package script '/home/agilex/agilex_ws/install/nav2_rotation_shim_controller/share/nav2_rotation_shim_controller/package.sh'
[144.390s] INFO:colcon.colcon_core.shell:Creating package script '/home/agilex/agilex_ws/install/nav2_rotation_shim_controller/share/nav2_rotation_shim_controller/package.bash'
[144.390s] INFO:colcon.colcon_core.shell:Creating package script '/home/agilex/agilex_ws/install/nav2_rotation_shim_controller/share/nav2_rotation_shim_controller/package.zsh'
[144.390s] Level 1:colcon.colcon_core.environment:create_file_with_runtime_dependencies(/home/agilex/agilex_ws/install/nav2_rotation_shim_controller/share/colcon-core/packages/nav2_rotation_shim_controller)
[147.582s] DEBUG:colcon.colcon_core.event_handler.log_command:Invoked command in '/home/agilex/agilex_ws/build/nav2_smac_planner' returned '0': AMENT_PREFIX_PATH=/home/agilex/agilex_ws/install/nav2_core:/home/agilex/agilex_ws/install/nav2_costmap_2d:/home/agilex/agilex_ws/install/nav2_util:/home/agilex/agilex_ws/install/nav2_voxel_grid:/home/agilex/agilex_ws/install/nav2_msgs:/home/agilex/agilex_ws/install/nav2_common CMAKE_PREFIX_PATH=/home/agilex/agilex_ws/install/nav2_core:/home/agilex/agilex_ws/install/nav2_costmap_2d:/home/agilex/agilex_ws/install/nav2_util:/home/agilex/agilex_ws/install/nav2_voxel_grid:/home/agilex/agilex_ws/install/nav2_msgs:/home/agilex/agilex_ws/install/nav2_common LD_LIBRARY_PATH=/home/agilex/agilex_ws/install/nav2_costmap_2d/lib:/home/agilex/agilex_ws/install/nav2_util/lib:/home/agilex/agilex_ws/install/nav2_voxel_grid/lib:/home/agilex/agilex_ws/install/nav2_msgs/lib PYTHONPATH=/home/agilex/agilex_ws/install/nav2_msgs/local/lib/python3.10/dist-packages:/home/agilex/agilex_ws/install/nav2_common/local/lib/python3.10/dist-packages /usr/bin/cmake --build /home/agilex/agilex_ws/build/nav2_smac_planner -- -j16 -l16
[147.639s] DEBUG:colcon.colcon_core.event_handler.log_command:Invoking command in '/home/agilex/agilex_ws/build/nav2_smac_planner': AMENT_PREFIX_PATH=/home/agilex/agilex_ws/install/nav2_core:/home/agilex/agilex_ws/install/nav2_costmap_2d:/home/agilex/agilex_ws/install/nav2_util:/home/agilex/agilex_ws/install/nav2_voxel_grid:/home/agilex/agilex_ws/install/nav2_msgs:/home/agilex/agilex_ws/install/nav2_common CMAKE_PREFIX_PATH=/home/agilex/agilex_ws/install/nav2_core:/home/agilex/agilex_ws/install/nav2_costmap_2d:/home/agilex/agilex_ws/install/nav2_util:/home/agilex/agilex_ws/install/nav2_voxel_grid:/home/agilex/agilex_ws/install/nav2_msgs:/home/agilex/agilex_ws/install/nav2_common LD_LIBRARY_PATH=/home/agilex/agilex_ws/install/nav2_costmap_2d/lib:/home/agilex/agilex_ws/install/nav2_util/lib:/home/agilex/agilex_ws/install/nav2_voxel_grid/lib:/home/agilex/agilex_ws/install/nav2_msgs/lib PYTHONPATH=/home/agilex/agilex_ws/install/nav2_msgs/local/lib/python3.10/dist-packages:/home/agilex/agilex_ws/install/nav2_common/local/lib/python3.10/dist-packages /usr/bin/cmake --install /home/agilex/agilex_ws/build/nav2_smac_planner
[147.656s] Level 1:colcon.colcon_core.environment:create_environment_scripts_only(nav2_smac_planner)
[147.657s] DEBUG:colcon.colcon_core.event_handler.log_command:Invoked command in '/home/agilex/agilex_ws/build/nav2_smac_planner' returned '0': AMENT_PREFIX_PATH=/home/agilex/agilex_ws/install/nav2_core:/home/agilex/agilex_ws/install/nav2_costmap_2d:/home/agilex/agilex_ws/install/nav2_util:/home/agilex/agilex_ws/install/nav2_voxel_grid:/home/agilex/agilex_ws/install/nav2_msgs:/home/agilex/agilex_ws/install/nav2_common CMAKE_PREFIX_PATH=/home/agilex/agilex_ws/install/nav2_core:/home/agilex/agilex_ws/install/nav2_costmap_2d:/home/agilex/agilex_ws/install/nav2_util:/home/agilex/agilex_ws/install/nav2_voxel_grid:/home/agilex/agilex_ws/install/nav2_msgs:/home/agilex/agilex_ws/install/nav2_common LD_LIBRARY_PATH=/home/agilex/agilex_ws/install/nav2_costmap_2d/lib:/home/agilex/agilex_ws/install/nav2_util/lib:/home/agilex/agilex_ws/install/nav2_voxel_grid/lib:/home/agilex/agilex_ws/install/nav2_msgs/lib PYTHONPATH=/home/agilex/agilex_ws/install/nav2_msgs/local/lib/python3.10/dist-packages:/home/agilex/agilex_ws/install/nav2_common/local/lib/python3.10/dist-packages /usr/bin/cmake --install /home/agilex/agilex_ws/build/nav2_smac_planner
[147.664s] Level 1:colcon.colcon_core.environment:checking '/home/agilex/agilex_ws/install/nav2_smac_planner' for CMake module files
[147.665s] Level 1:colcon.colcon_core.environment:checking '/home/agilex/agilex_ws/install/nav2_smac_planner' for CMake config files
[147.666s] Level 1:colcon.colcon_core.shell:create_environment_hook('nav2_smac_planner', 'cmake_prefix_path')
[147.673s] INFO:colcon.colcon_core.shell:Creating environment hook '/home/agilex/agilex_ws/install/nav2_smac_planner/share/nav2_smac_planner/hook/cmake_prefix_path.ps1'
[147.673s] INFO:colcon.colcon_core.shell:Creating environment descriptor '/home/agilex/agilex_ws/install/nav2_smac_planner/share/nav2_smac_planner/hook/cmake_prefix_path.dsv'
[147.674s] INFO:colcon.colcon_core.shell:Creating environment hook '/home/agilex/agilex_ws/install/nav2_smac_planner/share/nav2_smac_planner/hook/cmake_prefix_path.sh'
[147.674s] Level 1:colcon.colcon_core.environment:checking '/home/agilex/agilex_ws/install/nav2_smac_planner/lib'
[147.674s] Level 1:colcon.colcon_core.shell:create_environment_hook('nav2_smac_planner', 'ld_library_path_lib')
[147.677s] INFO:colcon.colcon_core.shell:Creating environment hook '/home/agilex/agilex_ws/install/nav2_smac_planner/share/nav2_smac_planner/hook/ld_library_path_lib.ps1'
[147.678s] INFO:colcon.colcon_core.shell:Creating environment descriptor '/home/agilex/agilex_ws/install/nav2_smac_planner/share/nav2_smac_planner/hook/ld_library_path_lib.dsv'
[147.678s] INFO:colcon.colcon_core.shell:Creating environment hook '/home/agilex/agilex_ws/install/nav2_smac_planner/share/nav2_smac_planner/hook/ld_library_path_lib.sh'
[147.678s] Level 1:colcon.colcon_core.environment:checking '/home/agilex/agilex_ws/install/nav2_smac_planner/bin'
[147.678s] Level 1:colcon.colcon_core.environment:checking '/home/agilex/agilex_ws/install/nav2_smac_planner/lib/pkgconfig/nav2_smac_planner.pc'
[147.678s] Level 1:colcon.colcon_core.environment:checking '/home/agilex/agilex_ws/install/nav2_smac_planner/lib/python3.10/site-packages'
[147.679s] Level 1:colcon.colcon_core.environment:checking '/home/agilex/agilex_ws/install/nav2_smac_planner/bin'
[147.682s] INFO:colcon.colcon_core.shell:Creating package script '/home/agilex/agilex_ws/install/nav2_smac_planner/share/nav2_smac_planner/package.ps1'
[147.682s] INFO:colcon.colcon_core.shell:Creating package descriptor '/home/agilex/agilex_ws/install/nav2_smac_planner/share/nav2_smac_planner/package.dsv'
[147.682s] INFO:colcon.colcon_core.shell:Creating package script '/home/agilex/agilex_ws/install/nav2_smac_planner/share/nav2_smac_planner/package.sh'
[147.682s] INFO:colcon.colcon_core.shell:Creating package script '/home/agilex/agilex_ws/install/nav2_smac_planner/share/nav2_smac_planner/package.bash'
[147.682s] INFO:colcon.colcon_core.shell:Creating package script '/home/agilex/agilex_ws/install/nav2_smac_planner/share/nav2_smac_planner/package.zsh'
[147.682s] Level 1:colcon.colcon_core.environment:create_file_with_runtime_dependencies(/home/agilex/agilex_ws/install/nav2_smac_planner/share/colcon-core/packages/nav2_smac_planner)
[147.735s] Level 1:colcon.colcon_core.environment:create_environment_scripts_only(nav2_smac_planner)
[147.738s] Level 1:colcon.colcon_core.environment:checking '/home/agilex/agilex_ws/install/nav2_smac_planner' for CMake module files
[147.739s] Level 1:colcon.colcon_core.environment:checking '/home/agilex/agilex_ws/install/nav2_smac_planner' for CMake config files
[147.739s] Level 1:colcon.colcon_core.shell:create_environment_hook('nav2_smac_planner', 'cmake_prefix_path')
[147.742s] INFO:colcon.colcon_core.shell:Creating environment hook '/home/agilex/agilex_ws/install/nav2_smac_planner/share/nav2_smac_planner/hook/cmake_prefix_path.ps1'
[147.742s] INFO:colcon.colcon_core.shell:Creating environment descriptor '/home/agilex/agilex_ws/install/nav2_smac_planner/share/nav2_smac_planner/hook/cmake_prefix_path.dsv'
[147.742s] INFO:colcon.colcon_core.shell:Creating environment hook '/home/agilex/agilex_ws/install/nav2_smac_planner/share/nav2_smac_planner/hook/cmake_prefix_path.sh'
[147.743s] Level 1:colcon.colcon_core.environment:checking '/home/agilex/agilex_ws/install/nav2_smac_planner/lib'
[147.743s] Level 1:colcon.colcon_core.shell:create_environment_hook('nav2_smac_planner', 'ld_library_path_lib')
[147.746s] INFO:colcon.colcon_core.shell:Creating environment hook '/home/agilex/agilex_ws/install/nav2_smac_planner/share/nav2_smac_planner/hook/ld_library_path_lib.ps1'
[147.746s] INFO:colcon.colcon_core.shell:Creating environment descriptor '/home/agilex/agilex_ws/install/nav2_smac_planner/share/nav2_smac_planner/hook/ld_library_path_lib.dsv'
[147.746s] INFO:colcon.colcon_core.shell:Creating environment hook '/home/agilex/agilex_ws/install/nav2_smac_planner/share/nav2_smac_planner/hook/ld_library_path_lib.sh'
[147.746s] Level 1:colcon.colcon_core.environment:checking '/home/agilex/agilex_ws/install/nav2_smac_planner/bin'
[147.746s] Level 1:colcon.colcon_core.environment:checking '/home/agilex/agilex_ws/install/nav2_smac_planner/lib/pkgconfig/nav2_smac_planner.pc'
[147.746s] Level 1:colcon.colcon_core.environment:checking '/home/agilex/agilex_ws/install/nav2_smac_planner/lib/python3.10/site-packages'
[147.746s] Level 1:colcon.colcon_core.environment:checking '/home/agilex/agilex_ws/install/nav2_smac_planner/bin'
[147.749s] INFO:colcon.colcon_core.shell:Creating package script '/home/agilex/agilex_ws/install/nav2_smac_planner/share/nav2_smac_planner/package.ps1'
[147.750s] INFO:colcon.colcon_core.shell:Creating package descriptor '/home/agilex/agilex_ws/install/nav2_smac_planner/share/nav2_smac_planner/package.dsv'
[147.750s] INFO:colcon.colcon_core.shell:Creating package script '/home/agilex/agilex_ws/install/nav2_smac_planner/share/nav2_smac_planner/package.sh'
[147.750s] INFO:colcon.colcon_core.shell:Creating package script '/home/agilex/agilex_ws/install/nav2_smac_planner/share/nav2_smac_planner/package.bash'
[147.750s] INFO:colcon.colcon_core.shell:Creating package script '/home/agilex/agilex_ws/install/nav2_smac_planner/share/nav2_smac_planner/package.zsh'
[147.750s] Level 1:colcon.colcon_core.environment:create_file_with_runtime_dependencies(/home/agilex/agilex_ws/install/nav2_smac_planner/share/colcon-core/packages/nav2_smac_planner)
[147.751s] INFO:colcon.colcon_ros.task.ament_cmake.build:Building ROS package in '/home/agilex/agilex_ws/src/navigation2/navigation2' with build type 'ament_cmake'
[147.751s] INFO:colcon.colcon_cmake.task.cmake.build:Building CMake package in '/home/agilex/agilex_ws/src/navigation2/navigation2'
[147.755s] INFO:colcon.colcon_core.shell:Skip shell extension 'powershell' for command environment: Not usable outside of PowerShell
[147.755s] DEBUG:colcon.colcon_core.shell:Skip shell extension 'dsv' for command environment
[147.896s] DEBUG:colcon.colcon_core.event_handler.log_command:Invoking command in '/home/agilex/agilex_ws/build/navigation2': AMENT_PREFIX_PATH=/home/agilex/agilex_ws/install/nav2_dwb_controller:/home/agilex/agilex_ws/install/nav2_rotation_shim_controller:/home/agilex/agilex_ws/install/dwb_plugins:/home/agilex/agilex_ws/install/dwb_critics:/home/agilex/agilex_ws/install/nav2_waypoint_follower:/home/agilex/agilex_ws/install/nav2_theta_star_planner:/home/agilex/agilex_ws/install/nav2_smoother:/home/agilex/agilex_ws/install/nav2_smac_planner:/home/agilex/agilex_ws/install/nav2_regulated_pure_pursuit_controller:/home/agilex/agilex_ws/install/nav2_planner:/home/agilex/agilex_ws/install/nav2_navfn_planner:/home/agilex/agilex_ws/install/nav2_controller:/home/agilex/agilex_ws/install/nav2_bt_navigator:/home/agilex/agilex_ws/install/nav2_behaviors:/home/agilex/agilex_ws/install/dwb_core:/home/agilex/agilex_ws/install/nav2_core:/home/agilex/agilex_ws/install/costmap_queue:/home/agilex/agilex_ws/install/nav2_rviz_plugins:/home/agilex/agilex_ws/install/nav2_costmap_2d:/home/agilex/agilex_ws/install/nav_2d_utils:/home/agilex/agilex_ws/install/nav2_map_server:/home/agilex/agilex_ws/install/nav2_lifecycle_manager:/home/agilex/agilex_ws/install/nav2_behavior_tree:/home/agilex/agilex_ws/install/nav2_amcl:/home/agilex/agilex_ws/install/nav2_util:/home/agilex/agilex_ws/install/nav2_simple_commander:/home/agilex/agilex_ws/install/nav2_voxel_grid:/home/agilex/agilex_ws/install/nav2_msgs:/home/agilex/agilex_ws/install/dwb_msgs:/home/agilex/agilex_ws/install/nav_2d_msgs:/home/agilex/agilex_ws/install/nav2_common CMAKE_PREFIX_PATH=/home/agilex/agilex_ws/install/nav2_dwb_controller:/home/agilex/agilex_ws/install/nav2_rotation_shim_controller:/home/agilex/agilex_ws/install/dwb_plugins:/home/agilex/agilex_ws/install/dwb_critics:/home/agilex/agilex_ws/install/nav2_waypoint_follower:/home/agilex/agilex_ws/install/nav2_theta_star_planner:/home/agilex/agilex_ws/install/nav2_smoother:/home/agilex/agilex_ws/install/nav2_smac_planner:/home/agilex/agilex_ws/install/nav2_regulated_pure_pursuit_controller:/home/agilex/agilex_ws/install/nav2_planner:/home/agilex/agilex_ws/install/nav2_navfn_planner:/home/agilex/agilex_ws/install/nav2_controller:/home/agilex/agilex_ws/install/nav2_bt_navigator:/home/agilex/agilex_ws/install/nav2_behaviors:/home/agilex/agilex_ws/install/dwb_core:/home/agilex/agilex_ws/install/nav2_core:/home/agilex/agilex_ws/install/costmap_queue:/home/agilex/agilex_ws/install/nav2_rviz_plugins:/home/agilex/agilex_ws/install/nav2_costmap_2d:/home/agilex/agilex_ws/install/nav_2d_utils:/home/agilex/agilex_ws/install/nav2_map_server:/home/agilex/agilex_ws/install/nav2_lifecycle_manager:/home/agilex/agilex_ws/install/nav2_behavior_tree:/home/agilex/agilex_ws/install/nav2_amcl:/home/agilex/agilex_ws/install/nav2_util:/home/agilex/agilex_ws/install/nav2_voxel_grid:/home/agilex/agilex_ws/install/nav2_msgs:/home/agilex/agilex_ws/install/dwb_msgs:/home/agilex/agilex_ws/install/nav_2d_msgs:/home/agilex/agilex_ws/install/nav2_common LD_LIBRARY_PATH=/home/agilex/agilex_ws/install/nav2_rotation_shim_controller/lib:/home/agilex/agilex_ws/install/dwb_plugins/lib:/home/agilex/agilex_ws/install/dwb_critics/lib:/home/agilex/agilex_ws/install/nav2_waypoint_follower/lib:/home/agilex/agilex_ws/install/nav2_theta_star_planner/lib:/home/agilex/agilex_ws/install/nav2_smoother/lib:/home/agilex/agilex_ws/install/nav2_smac_planner/lib:/home/agilex/agilex_ws/install/nav2_regulated_pure_pursuit_controller/lib:/home/agilex/agilex_ws/install/nav2_planner/lib:/home/agilex/agilex_ws/install/nav2_navfn_planner/lib:/home/agilex/agilex_ws/install/nav2_controller/lib:/home/agilex/agilex_ws/install/nav2_bt_navigator/lib:/home/agilex/agilex_ws/install/nav2_behaviors/lib:/home/agilex/agilex_ws/install/dwb_core/lib:/home/agilex/agilex_ws/install/costmap_queue/lib:/home/agilex/agilex_ws/install/nav2_rviz_plugins/lib:/home/agilex/agilex_ws/install/nav2_costmap_2d/lib:/home/agilex/agilex_ws/install/nav_2d_utils/lib:/home/agilex/agilex_ws/install/nav2_map_server/lib:/home/agilex/agilex_ws/install/nav2_lifecycle_manager/lib:/home/agilex/agilex_ws/install/nav2_behavior_tree/lib:/home/agilex/agilex_ws/install/nav2_amcl/lib:/home/agilex/agilex_ws/install/nav2_util/lib:/home/agilex/agilex_ws/install/nav2_voxel_grid/lib:/home/agilex/agilex_ws/install/nav2_msgs/lib:/home/agilex/agilex_ws/install/dwb_msgs/lib:/home/agilex/agilex_ws/install/nav_2d_msgs/lib PYTHONPATH=/home/agilex/agilex_ws/install/nav2_simple_commander/lib/python3.10/site-packages:/home/agilex/agilex_ws/install/nav2_msgs/local/lib/python3.10/dist-packages:/home/agilex/agilex_ws/install/dwb_msgs/local/lib/python3.10/dist-packages:/home/agilex/agilex_ws/install/nav_2d_msgs/local/lib/python3.10/dist-packages:/home/agilex/agilex_ws/install/nav2_common/local/lib/python3.10/dist-packages /usr/bin/cmake --build /home/agilex/agilex_ws/build/navigation2 -- -j16 -l16
[147.939s] DEBUG:colcon.colcon_core.event_handler.log_command:Invoked command in '/home/agilex/agilex_ws/build/navigation2' returned '0': AMENT_PREFIX_PATH=/home/agilex/agilex_ws/install/nav2_dwb_controller:/home/agilex/agilex_ws/install/nav2_rotation_shim_controller:/home/agilex/agilex_ws/install/dwb_plugins:/home/agilex/agilex_ws/install/dwb_critics:/home/agilex/agilex_ws/install/nav2_waypoint_follower:/home/agilex/agilex_ws/install/nav2_theta_star_planner:/home/agilex/agilex_ws/install/nav2_smoother:/home/agilex/agilex_ws/install/nav2_smac_planner:/home/agilex/agilex_ws/install/nav2_regulated_pure_pursuit_controller:/home/agilex/agilex_ws/install/nav2_planner:/home/agilex/agilex_ws/install/nav2_navfn_planner:/home/agilex/agilex_ws/install/nav2_controller:/home/agilex/agilex_ws/install/nav2_bt_navigator:/home/agilex/agilex_ws/install/nav2_behaviors:/home/agilex/agilex_ws/install/dwb_core:/home/agilex/agilex_ws/install/nav2_core:/home/agilex/agilex_ws/install/costmap_queue:/home/agilex/agilex_ws/install/nav2_rviz_plugins:/home/agilex/agilex_ws/install/nav2_costmap_2d:/home/agilex/agilex_ws/install/nav_2d_utils:/home/agilex/agilex_ws/install/nav2_map_server:/home/agilex/agilex_ws/install/nav2_lifecycle_manager:/home/agilex/agilex_ws/install/nav2_behavior_tree:/home/agilex/agilex_ws/install/nav2_amcl:/home/agilex/agilex_ws/install/nav2_util:/home/agilex/agilex_ws/install/nav2_simple_commander:/home/agilex/agilex_ws/install/nav2_voxel_grid:/home/agilex/agilex_ws/install/nav2_msgs:/home/agilex/agilex_ws/install/dwb_msgs:/home/agilex/agilex_ws/install/nav_2d_msgs:/home/agilex/agilex_ws/install/nav2_common CMAKE_PREFIX_PATH=/home/agilex/agilex_ws/install/nav2_dwb_controller:/home/agilex/agilex_ws/install/nav2_rotation_shim_controller:/home/agilex/agilex_ws/install/dwb_plugins:/home/agilex/agilex_ws/install/dwb_critics:/home/agilex/agilex_ws/install/nav2_waypoint_follower:/home/agilex/agilex_ws/install/nav2_theta_star_planner:/home/agilex/agilex_ws/install/nav2_smoother:/home/agilex/agilex_ws/install/nav2_smac_planner:/home/agilex/agilex_ws/install/nav2_regulated_pure_pursuit_controller:/home/agilex/agilex_ws/install/nav2_planner:/home/agilex/agilex_ws/install/nav2_navfn_planner:/home/agilex/agilex_ws/install/nav2_controller:/home/agilex/agilex_ws/install/nav2_bt_navigator:/home/agilex/agilex_ws/install/nav2_behaviors:/home/agilex/agilex_ws/install/dwb_core:/home/agilex/agilex_ws/install/nav2_core:/home/agilex/agilex_ws/install/costmap_queue:/home/agilex/agilex_ws/install/nav2_rviz_plugins:/home/agilex/agilex_ws/install/nav2_costmap_2d:/home/agilex/agilex_ws/install/nav_2d_utils:/home/agilex/agilex_ws/install/nav2_map_server:/home/agilex/agilex_ws/install/nav2_lifecycle_manager:/home/agilex/agilex_ws/install/nav2_behavior_tree:/home/agilex/agilex_ws/install/nav2_amcl:/home/agilex/agilex_ws/install/nav2_util:/home/agilex/agilex_ws/install/nav2_voxel_grid:/home/agilex/agilex_ws/install/nav2_msgs:/home/agilex/agilex_ws/install/dwb_msgs:/home/agilex/agilex_ws/install/nav_2d_msgs:/home/agilex/agilex_ws/install/nav2_common LD_LIBRARY_PATH=/home/agilex/agilex_ws/install/nav2_rotation_shim_controller/lib:/home/agilex/agilex_ws/install/dwb_plugins/lib:/home/agilex/agilex_ws/install/dwb_critics/lib:/home/agilex/agilex_ws/install/nav2_waypoint_follower/lib:/home/agilex/agilex_ws/install/nav2_theta_star_planner/lib:/home/agilex/agilex_ws/install/nav2_smoother/lib:/home/agilex/agilex_ws/install/nav2_smac_planner/lib:/home/agilex/agilex_ws/install/nav2_regulated_pure_pursuit_controller/lib:/home/agilex/agilex_ws/install/nav2_planner/lib:/home/agilex/agilex_ws/install/nav2_navfn_planner/lib:/home/agilex/agilex_ws/install/nav2_controller/lib:/home/agilex/agilex_ws/install/nav2_bt_navigator/lib:/home/agilex/agilex_ws/install/nav2_behaviors/lib:/home/agilex/agilex_ws/install/dwb_core/lib:/home/agilex/agilex_ws/install/costmap_queue/lib:/home/agilex/agilex_ws/install/nav2_rviz_plugins/lib:/home/agilex/agilex_ws/install/nav2_costmap_2d/lib:/home/agilex/agilex_ws/install/nav_2d_utils/lib:/home/agilex/agilex_ws/install/nav2_map_server/lib:/home/agilex/agilex_ws/install/nav2_lifecycle_manager/lib:/home/agilex/agilex_ws/install/nav2_behavior_tree/lib:/home/agilex/agilex_ws/install/nav2_amcl/lib:/home/agilex/agilex_ws/install/nav2_util/lib:/home/agilex/agilex_ws/install/nav2_voxel_grid/lib:/home/agilex/agilex_ws/install/nav2_msgs/lib:/home/agilex/agilex_ws/install/dwb_msgs/lib:/home/agilex/agilex_ws/install/nav_2d_msgs/lib PYTHONPATH=/home/agilex/agilex_ws/install/nav2_simple_commander/lib/python3.10/site-packages:/home/agilex/agilex_ws/install/nav2_msgs/local/lib/python3.10/dist-packages:/home/agilex/agilex_ws/install/dwb_msgs/local/lib/python3.10/dist-packages:/home/agilex/agilex_ws/install/nav_2d_msgs/local/lib/python3.10/dist-packages:/home/agilex/agilex_ws/install/nav2_common/local/lib/python3.10/dist-packages /usr/bin/cmake --build /home/agilex/agilex_ws/build/navigation2 -- -j16 -l16
[147.958s] DEBUG:colcon.colcon_core.event_handler.log_command:Invoking command in '/home/agilex/agilex_ws/build/navigation2': AMENT_PREFIX_PATH=/home/agilex/agilex_ws/install/nav2_dwb_controller:/home/agilex/agilex_ws/install/nav2_rotation_shim_controller:/home/agilex/agilex_ws/install/dwb_plugins:/home/agilex/agilex_ws/install/dwb_critics:/home/agilex/agilex_ws/install/nav2_waypoint_follower:/home/agilex/agilex_ws/install/nav2_theta_star_planner:/home/agilex/agilex_ws/install/nav2_smoother:/home/agilex/agilex_ws/install/nav2_smac_planner:/home/agilex/agilex_ws/install/nav2_regulated_pure_pursuit_controller:/home/agilex/agilex_ws/install/nav2_planner:/home/agilex/agilex_ws/install/nav2_navfn_planner:/home/agilex/agilex_ws/install/nav2_controller:/home/agilex/agilex_ws/install/nav2_bt_navigator:/home/agilex/agilex_ws/install/nav2_behaviors:/home/agilex/agilex_ws/install/dwb_core:/home/agilex/agilex_ws/install/nav2_core:/home/agilex/agilex_ws/install/costmap_queue:/home/agilex/agilex_ws/install/nav2_rviz_plugins:/home/agilex/agilex_ws/install/nav2_costmap_2d:/home/agilex/agilex_ws/install/nav_2d_utils:/home/agilex/agilex_ws/install/nav2_map_server:/home/agilex/agilex_ws/install/nav2_lifecycle_manager:/home/agilex/agilex_ws/install/nav2_behavior_tree:/home/agilex/agilex_ws/install/nav2_amcl:/home/agilex/agilex_ws/install/nav2_util:/home/agilex/agilex_ws/install/nav2_simple_commander:/home/agilex/agilex_ws/install/nav2_voxel_grid:/home/agilex/agilex_ws/install/nav2_msgs:/home/agilex/agilex_ws/install/dwb_msgs:/home/agilex/agilex_ws/install/nav_2d_msgs:/home/agilex/agilex_ws/install/nav2_common CMAKE_PREFIX_PATH=/home/agilex/agilex_ws/install/nav2_dwb_controller:/home/agilex/agilex_ws/install/nav2_rotation_shim_controller:/home/agilex/agilex_ws/install/dwb_plugins:/home/agilex/agilex_ws/install/dwb_critics:/home/agilex/agilex_ws/install/nav2_waypoint_follower:/home/agilex/agilex_ws/install/nav2_theta_star_planner:/home/agilex/agilex_ws/install/nav2_smoother:/home/agilex/agilex_ws/install/nav2_smac_planner:/home/agilex/agilex_ws/install/nav2_regulated_pure_pursuit_controller:/home/agilex/agilex_ws/install/nav2_planner:/home/agilex/agilex_ws/install/nav2_navfn_planner:/home/agilex/agilex_ws/install/nav2_controller:/home/agilex/agilex_ws/install/nav2_bt_navigator:/home/agilex/agilex_ws/install/nav2_behaviors:/home/agilex/agilex_ws/install/dwb_core:/home/agilex/agilex_ws/install/nav2_core:/home/agilex/agilex_ws/install/costmap_queue:/home/agilex/agilex_ws/install/nav2_rviz_plugins:/home/agilex/agilex_ws/install/nav2_costmap_2d:/home/agilex/agilex_ws/install/nav_2d_utils:/home/agilex/agilex_ws/install/nav2_map_server:/home/agilex/agilex_ws/install/nav2_lifecycle_manager:/home/agilex/agilex_ws/install/nav2_behavior_tree:/home/agilex/agilex_ws/install/nav2_amcl:/home/agilex/agilex_ws/install/nav2_util:/home/agilex/agilex_ws/install/nav2_voxel_grid:/home/agilex/agilex_ws/install/nav2_msgs:/home/agilex/agilex_ws/install/dwb_msgs:/home/agilex/agilex_ws/install/nav_2d_msgs:/home/agilex/agilex_ws/install/nav2_common LD_LIBRARY_PATH=/home/agilex/agilex_ws/install/nav2_rotation_shim_controller/lib:/home/agilex/agilex_ws/install/dwb_plugins/lib:/home/agilex/agilex_ws/install/dwb_critics/lib:/home/agilex/agilex_ws/install/nav2_waypoint_follower/lib:/home/agilex/agilex_ws/install/nav2_theta_star_planner/lib:/home/agilex/agilex_ws/install/nav2_smoother/lib:/home/agilex/agilex_ws/install/nav2_smac_planner/lib:/home/agilex/agilex_ws/install/nav2_regulated_pure_pursuit_controller/lib:/home/agilex/agilex_ws/install/nav2_planner/lib:/home/agilex/agilex_ws/install/nav2_navfn_planner/lib:/home/agilex/agilex_ws/install/nav2_controller/lib:/home/agilex/agilex_ws/install/nav2_bt_navigator/lib:/home/agilex/agilex_ws/install/nav2_behaviors/lib:/home/agilex/agilex_ws/install/dwb_core/lib:/home/agilex/agilex_ws/install/costmap_queue/lib:/home/agilex/agilex_ws/install/nav2_rviz_plugins/lib:/home/agilex/agilex_ws/install/nav2_costmap_2d/lib:/home/agilex/agilex_ws/install/nav_2d_utils/lib:/home/agilex/agilex_ws/install/nav2_map_server/lib:/home/agilex/agilex_ws/install/nav2_lifecycle_manager/lib:/home/agilex/agilex_ws/install/nav2_behavior_tree/lib:/home/agilex/agilex_ws/install/nav2_amcl/lib:/home/agilex/agilex_ws/install/nav2_util/lib:/home/agilex/agilex_ws/install/nav2_voxel_grid/lib:/home/agilex/agilex_ws/install/nav2_msgs/lib:/home/agilex/agilex_ws/install/dwb_msgs/lib:/home/agilex/agilex_ws/install/nav_2d_msgs/lib PYTHONPATH=/home/agilex/agilex_ws/install/nav2_simple_commander/lib/python3.10/site-packages:/home/agilex/agilex_ws/install/nav2_msgs/local/lib/python3.10/dist-packages:/home/agilex/agilex_ws/install/dwb_msgs/local/lib/python3.10/dist-packages:/home/agilex/agilex_ws/install/nav_2d_msgs/local/lib/python3.10/dist-packages:/home/agilex/agilex_ws/install/nav2_common/local/lib/python3.10/dist-packages /usr/bin/cmake --install /home/agilex/agilex_ws/build/navigation2
[147.969s] Level 1:colcon.colcon_core.environment:create_environment_scripts_only(navigation2)
[147.970s] DEBUG:colcon.colcon_core.event_handler.log_command:Invoked command in '/home/agilex/agilex_ws/build/navigation2' returned '0': AMENT_PREFIX_PATH=/home/agilex/agilex_ws/install/nav2_dwb_controller:/home/agilex/agilex_ws/install/nav2_rotation_shim_controller:/home/agilex/agilex_ws/install/dwb_plugins:/home/agilex/agilex_ws/install/dwb_critics:/home/agilex/agilex_ws/install/nav2_waypoint_follower:/home/agilex/agilex_ws/install/nav2_theta_star_planner:/home/agilex/agilex_ws/install/nav2_smoother:/home/agilex/agilex_ws/install/nav2_smac_planner:/home/agilex/agilex_ws/install/nav2_regulated_pure_pursuit_controller:/home/agilex/agilex_ws/install/nav2_planner:/home/agilex/agilex_ws/install/nav2_navfn_planner:/home/agilex/agilex_ws/install/nav2_controller:/home/agilex/agilex_ws/install/nav2_bt_navigator:/home/agilex/agilex_ws/install/nav2_behaviors:/home/agilex/agilex_ws/install/dwb_core:/home/agilex/agilex_ws/install/nav2_core:/home/agilex/agilex_ws/install/costmap_queue:/home/agilex/agilex_ws/install/nav2_rviz_plugins:/home/agilex/agilex_ws/install/nav2_costmap_2d:/home/agilex/agilex_ws/install/nav_2d_utils:/home/agilex/agilex_ws/install/nav2_map_server:/home/agilex/agilex_ws/install/nav2_lifecycle_manager:/home/agilex/agilex_ws/install/nav2_behavior_tree:/home/agilex/agilex_ws/install/nav2_amcl:/home/agilex/agilex_ws/install/nav2_util:/home/agilex/agilex_ws/install/nav2_simple_commander:/home/agilex/agilex_ws/install/nav2_voxel_grid:/home/agilex/agilex_ws/install/nav2_msgs:/home/agilex/agilex_ws/install/dwb_msgs:/home/agilex/agilex_ws/install/nav_2d_msgs:/home/agilex/agilex_ws/install/nav2_common CMAKE_PREFIX_PATH=/home/agilex/agilex_ws/install/nav2_dwb_controller:/home/agilex/agilex_ws/install/nav2_rotation_shim_controller:/home/agilex/agilex_ws/install/dwb_plugins:/home/agilex/agilex_ws/install/dwb_critics:/home/agilex/agilex_ws/install/nav2_waypoint_follower:/home/agilex/agilex_ws/install/nav2_theta_star_planner:/home/agilex/agilex_ws/install/nav2_smoother:/home/agilex/agilex_ws/install/nav2_smac_planner:/home/agilex/agilex_ws/install/nav2_regulated_pure_pursuit_controller:/home/agilex/agilex_ws/install/nav2_planner:/home/agilex/agilex_ws/install/nav2_navfn_planner:/home/agilex/agilex_ws/install/nav2_controller:/home/agilex/agilex_ws/install/nav2_bt_navigator:/home/agilex/agilex_ws/install/nav2_behaviors:/home/agilex/agilex_ws/install/dwb_core:/home/agilex/agilex_ws/install/nav2_core:/home/agilex/agilex_ws/install/costmap_queue:/home/agilex/agilex_ws/install/nav2_rviz_plugins:/home/agilex/agilex_ws/install/nav2_costmap_2d:/home/agilex/agilex_ws/install/nav_2d_utils:/home/agilex/agilex_ws/install/nav2_map_server:/home/agilex/agilex_ws/install/nav2_lifecycle_manager:/home/agilex/agilex_ws/install/nav2_behavior_tree:/home/agilex/agilex_ws/install/nav2_amcl:/home/agilex/agilex_ws/install/nav2_util:/home/agilex/agilex_ws/install/nav2_voxel_grid:/home/agilex/agilex_ws/install/nav2_msgs:/home/agilex/agilex_ws/install/dwb_msgs:/home/agilex/agilex_ws/install/nav_2d_msgs:/home/agilex/agilex_ws/install/nav2_common LD_LIBRARY_PATH=/home/agilex/agilex_ws/install/nav2_rotation_shim_controller/lib:/home/agilex/agilex_ws/install/dwb_plugins/lib:/home/agilex/agilex_ws/install/dwb_critics/lib:/home/agilex/agilex_ws/install/nav2_waypoint_follower/lib:/home/agilex/agilex_ws/install/nav2_theta_star_planner/lib:/home/agilex/agilex_ws/install/nav2_smoother/lib:/home/agilex/agilex_ws/install/nav2_smac_planner/lib:/home/agilex/agilex_ws/install/nav2_regulated_pure_pursuit_controller/lib:/home/agilex/agilex_ws/install/nav2_planner/lib:/home/agilex/agilex_ws/install/nav2_navfn_planner/lib:/home/agilex/agilex_ws/install/nav2_controller/lib:/home/agilex/agilex_ws/install/nav2_bt_navigator/lib:/home/agilex/agilex_ws/install/nav2_behaviors/lib:/home/agilex/agilex_ws/install/dwb_core/lib:/home/agilex/agilex_ws/install/costmap_queue/lib:/home/agilex/agilex_ws/install/nav2_rviz_plugins/lib:/home/agilex/agilex_ws/install/nav2_costmap_2d/lib:/home/agilex/agilex_ws/install/nav_2d_utils/lib:/home/agilex/agilex_ws/install/nav2_map_server/lib:/home/agilex/agilex_ws/install/nav2_lifecycle_manager/lib:/home/agilex/agilex_ws/install/nav2_behavior_tree/lib:/home/agilex/agilex_ws/install/nav2_amcl/lib:/home/agilex/agilex_ws/install/nav2_util/lib:/home/agilex/agilex_ws/install/nav2_voxel_grid/lib:/home/agilex/agilex_ws/install/nav2_msgs/lib:/home/agilex/agilex_ws/install/dwb_msgs/lib:/home/agilex/agilex_ws/install/nav_2d_msgs/lib PYTHONPATH=/home/agilex/agilex_ws/install/nav2_simple_commander/lib/python3.10/site-packages:/home/agilex/agilex_ws/install/nav2_msgs/local/lib/python3.10/dist-packages:/home/agilex/agilex_ws/install/dwb_msgs/local/lib/python3.10/dist-packages:/home/agilex/agilex_ws/install/nav_2d_msgs/local/lib/python3.10/dist-packages:/home/agilex/agilex_ws/install/nav2_common/local/lib/python3.10/dist-packages /usr/bin/cmake --install /home/agilex/agilex_ws/build/navigation2
[147.974s] Level 1:colcon.colcon_core.environment:checking '/home/agilex/agilex_ws/install/navigation2' for CMake module files
[147.974s] Level 1:colcon.colcon_core.environment:checking '/home/agilex/agilex_ws/install/navigation2' for CMake config files
[147.974s] Level 1:colcon.colcon_core.shell:create_environment_hook('navigation2', 'cmake_prefix_path')
[147.978s] INFO:colcon.colcon_core.shell:Creating environment hook '/home/agilex/agilex_ws/install/navigation2/share/navigation2/hook/cmake_prefix_path.ps1'
[147.978s] INFO:colcon.colcon_core.shell:Creating environment descriptor '/home/agilex/agilex_ws/install/navigation2/share/navigation2/hook/cmake_prefix_path.dsv'
[147.978s] INFO:colcon.colcon_core.shell:Creating environment hook '/home/agilex/agilex_ws/install/navigation2/share/navigation2/hook/cmake_prefix_path.sh'
[147.978s] Level 1:colcon.colcon_core.environment:checking '/home/agilex/agilex_ws/install/navigation2/bin'
[147.978s] Level 1:colcon.colcon_core.environment:checking '/home/agilex/agilex_ws/install/navigation2/lib/pkgconfig/navigation2.pc'
[147.979s] Level 1:colcon.colcon_core.environment:checking '/home/agilex/agilex_ws/install/navigation2/lib/python3.10/site-packages'
[147.979s] Level 1:colcon.colcon_core.environment:checking '/home/agilex/agilex_ws/install/navigation2/bin'
[147.982s] INFO:colcon.colcon_core.shell:Creating package script '/home/agilex/agilex_ws/install/navigation2/share/navigation2/package.ps1'
[147.982s] INFO:colcon.colcon_core.shell:Creating package descriptor '/home/agilex/agilex_ws/install/navigation2/share/navigation2/package.dsv'
[147.983s] INFO:colcon.colcon_core.shell:Creating package script '/home/agilex/agilex_ws/install/navigation2/share/navigation2/package.sh'
[147.983s] INFO:colcon.colcon_core.shell:Creating package script '/home/agilex/agilex_ws/install/navigation2/share/navigation2/package.bash'
[147.983s] INFO:colcon.colcon_core.shell:Creating package script '/home/agilex/agilex_ws/install/navigation2/share/navigation2/package.zsh'
[147.983s] Level 1:colcon.colcon_core.environment:create_file_with_runtime_dependencies(/home/agilex/agilex_ws/install/navigation2/share/colcon-core/packages/navigation2)
[148.000s] Level 1:colcon.colcon_core.environment:create_environment_scripts_only(navigation2)
[148.003s] Level 1:colcon.colcon_core.environment:checking '/home/agilex/agilex_ws/install/navigation2' for CMake module files
[148.003s] Level 1:colcon.colcon_core.environment:checking '/home/agilex/agilex_ws/install/navigation2' for CMake config files
[148.003s] Level 1:colcon.colcon_core.shell:create_environment_hook('navigation2', 'cmake_prefix_path')
[148.006s] INFO:colcon.colcon_core.shell:Creating environment hook '/home/agilex/agilex_ws/install/navigation2/share/navigation2/hook/cmake_prefix_path.ps1'
[148.007s] INFO:colcon.colcon_core.shell:Creating environment descriptor '/home/agilex/agilex_ws/install/navigation2/share/navigation2/hook/cmake_prefix_path.dsv'
[148.007s] INFO:colcon.colcon_core.shell:Creating environment hook '/home/agilex/agilex_ws/install/navigation2/share/navigation2/hook/cmake_prefix_path.sh'
[148.007s] Level 1:colcon.colcon_core.environment:checking '/home/agilex/agilex_ws/install/navigation2/bin'
[148.007s] Level 1:colcon.colcon_core.environment:checking '/home/agilex/agilex_ws/install/navigation2/lib/pkgconfig/navigation2.pc'
[148.007s] Level 1:colcon.colcon_core.environment:checking '/home/agilex/agilex_ws/install/navigation2/lib/python3.10/site-packages'
[148.007s] Level 1:colcon.colcon_core.environment:checking '/home/agilex/agilex_ws/install/navigation2/bin'
[148.011s] INFO:colcon.colcon_core.shell:Creating package script '/home/agilex/agilex_ws/install/navigation2/share/navigation2/package.ps1'
[148.011s] INFO:colcon.colcon_core.shell:Creating package descriptor '/home/agilex/agilex_ws/install/navigation2/share/navigation2/package.dsv'
[148.011s] INFO:colcon.colcon_core.shell:Creating package script '/home/agilex/agilex_ws/install/navigation2/share/navigation2/package.sh'
[148.011s] INFO:colcon.colcon_core.shell:Creating package script '/home/agilex/agilex_ws/install/navigation2/share/navigation2/package.bash'
[148.011s] INFO:colcon.colcon_core.shell:Creating package script '/home/agilex/agilex_ws/install/navigation2/share/navigation2/package.zsh'
[148.011s] Level 1:colcon.colcon_core.environment:create_file_with_runtime_dependencies(/home/agilex/agilex_ws/install/navigation2/share/colcon-core/packages/navigation2)
[148.012s] INFO:colcon.colcon_ros.task.ament_cmake.build:Building ROS package in '/home/agilex/agilex_ws/src/navigation2/nav2_bringup' with build type 'ament_cmake'
[148.012s] INFO:colcon.colcon_cmake.task.cmake.build:Building CMake package in '/home/agilex/agilex_ws/src/navigation2/nav2_bringup'
[148.015s] INFO:colcon.colcon_core.shell:Skip shell extension 'powershell' for command environment: Not usable outside of PowerShell
[148.016s] DEBUG:colcon.colcon_core.shell:Skip shell extension 'dsv' for command environment
[148.116s] DEBUG:colcon.colcon_core.event_handler.log_command:Invoking command in '/home/agilex/agilex_ws/build/nav2_bringup': AMENT_PREFIX_PATH=/home/agilex/agilex_ws/install/navigation2:/home/agilex/agilex_ws/install/nav2_dwb_controller:/home/agilex/agilex_ws/install/nav2_rotation_shim_controller:/home/agilex/agilex_ws/install/dwb_plugins:/home/agilex/agilex_ws/install/dwb_critics:/home/agilex/agilex_ws/install/nav2_waypoint_follower:/home/agilex/agilex_ws/install/nav2_theta_star_planner:/home/agilex/agilex_ws/install/nav2_smoother:/home/agilex/agilex_ws/install/nav2_smac_planner:/home/agilex/agilex_ws/install/nav2_regulated_pure_pursuit_controller:/home/agilex/agilex_ws/install/nav2_planner:/home/agilex/agilex_ws/install/nav2_navfn_planner:/home/agilex/agilex_ws/install/nav2_controller:/home/agilex/agilex_ws/install/nav2_bt_navigator:/home/agilex/agilex_ws/install/nav2_behaviors:/home/agilex/agilex_ws/install/dwb_core:/home/agilex/agilex_ws/install/nav2_core:/home/agilex/agilex_ws/install/costmap_queue:/home/agilex/agilex_ws/install/nav2_rviz_plugins:/home/agilex/agilex_ws/install/nav2_costmap_2d:/home/agilex/agilex_ws/install/nav_2d_utils:/home/agilex/agilex_ws/install/nav2_map_server:/home/agilex/agilex_ws/install/nav2_lifecycle_manager:/home/agilex/agilex_ws/install/nav2_behavior_tree:/home/agilex/agilex_ws/install/nav2_amcl:/home/agilex/agilex_ws/install/nav2_util:/home/agilex/agilex_ws/install/nav2_simple_commander:/home/agilex/agilex_ws/install/nav2_voxel_grid:/home/agilex/agilex_ws/install/nav2_msgs:/home/agilex/agilex_ws/install/dwb_msgs:/home/agilex/agilex_ws/install/nav_2d_msgs:/home/agilex/agilex_ws/install/nav2_common CMAKE_PREFIX_PATH=/home/agilex/agilex_ws/install/navigation2:/home/agilex/agilex_ws/install/nav2_dwb_controller:/home/agilex/agilex_ws/install/nav2_rotation_shim_controller:/home/agilex/agilex_ws/install/dwb_plugins:/home/agilex/agilex_ws/install/dwb_critics:/home/agilex/agilex_ws/install/nav2_waypoint_follower:/home/agilex/agilex_ws/install/nav2_theta_star_planner:/home/agilex/agilex_ws/install/nav2_smoother:/home/agilex/agilex_ws/install/nav2_smac_planner:/home/agilex/agilex_ws/install/nav2_regulated_pure_pursuit_controller:/home/agilex/agilex_ws/install/nav2_planner:/home/agilex/agilex_ws/install/nav2_navfn_planner:/home/agilex/agilex_ws/install/nav2_controller:/home/agilex/agilex_ws/install/nav2_bt_navigator:/home/agilex/agilex_ws/install/nav2_behaviors:/home/agilex/agilex_ws/install/dwb_core:/home/agilex/agilex_ws/install/nav2_core:/home/agilex/agilex_ws/install/costmap_queue:/home/agilex/agilex_ws/install/nav2_rviz_plugins:/home/agilex/agilex_ws/install/nav2_costmap_2d:/home/agilex/agilex_ws/install/nav_2d_utils:/home/agilex/agilex_ws/install/nav2_map_server:/home/agilex/agilex_ws/install/nav2_lifecycle_manager:/home/agilex/agilex_ws/install/nav2_behavior_tree:/home/agilex/agilex_ws/install/nav2_amcl:/home/agilex/agilex_ws/install/nav2_util:/home/agilex/agilex_ws/install/nav2_voxel_grid:/home/agilex/agilex_ws/install/nav2_msgs:/home/agilex/agilex_ws/install/dwb_msgs:/home/agilex/agilex_ws/install/nav_2d_msgs:/home/agilex/agilex_ws/install/nav2_common LD_LIBRARY_PATH=/home/agilex/agilex_ws/install/nav2_rotation_shim_controller/lib:/home/agilex/agilex_ws/install/dwb_plugins/lib:/home/agilex/agilex_ws/install/dwb_critics/lib:/home/agilex/agilex_ws/install/nav2_waypoint_follower/lib:/home/agilex/agilex_ws/install/nav2_theta_star_planner/lib:/home/agilex/agilex_ws/install/nav2_smoother/lib:/home/agilex/agilex_ws/install/nav2_smac_planner/lib:/home/agilex/agilex_ws/install/nav2_regulated_pure_pursuit_controller/lib:/home/agilex/agilex_ws/install/nav2_planner/lib:/home/agilex/agilex_ws/install/nav2_navfn_planner/lib:/home/agilex/agilex_ws/install/nav2_controller/lib:/home/agilex/agilex_ws/install/nav2_bt_navigator/lib:/home/agilex/agilex_ws/install/nav2_behaviors/lib:/home/agilex/agilex_ws/install/dwb_core/lib:/home/agilex/agilex_ws/install/costmap_queue/lib:/home/agilex/agilex_ws/install/nav2_rviz_plugins/lib:/home/agilex/agilex_ws/install/nav2_costmap_2d/lib:/home/agilex/agilex_ws/install/nav_2d_utils/lib:/home/agilex/agilex_ws/install/nav2_map_server/lib:/home/agilex/agilex_ws/install/nav2_lifecycle_manager/lib:/home/agilex/agilex_ws/install/nav2_behavior_tree/lib:/home/agilex/agilex_ws/install/nav2_amcl/lib:/home/agilex/agilex_ws/install/nav2_util/lib:/home/agilex/agilex_ws/install/nav2_voxel_grid/lib:/home/agilex/agilex_ws/install/nav2_msgs/lib:/home/agilex/agilex_ws/install/dwb_msgs/lib:/home/agilex/agilex_ws/install/nav_2d_msgs/lib PYTHONPATH=/home/agilex/agilex_ws/install/nav2_simple_commander/lib/python3.10/site-packages:/home/agilex/agilex_ws/install/nav2_msgs/local/lib/python3.10/dist-packages:/home/agilex/agilex_ws/install/dwb_msgs/local/lib/python3.10/dist-packages:/home/agilex/agilex_ws/install/nav_2d_msgs/local/lib/python3.10/dist-packages:/home/agilex/agilex_ws/install/nav2_common/local/lib/python3.10/dist-packages /usr/bin/cmake --build /home/agilex/agilex_ws/build/nav2_bringup -- -j16 -l16
[148.167s] DEBUG:colcon.colcon_core.event_handler.log_command:Invoked command in '/home/agilex/agilex_ws/build/nav2_bringup' returned '0': AMENT_PREFIX_PATH=/home/agilex/agilex_ws/install/navigation2:/home/agilex/agilex_ws/install/nav2_dwb_controller:/home/agilex/agilex_ws/install/nav2_rotation_shim_controller:/home/agilex/agilex_ws/install/dwb_plugins:/home/agilex/agilex_ws/install/dwb_critics:/home/agilex/agilex_ws/install/nav2_waypoint_follower:/home/agilex/agilex_ws/install/nav2_theta_star_planner:/home/agilex/agilex_ws/install/nav2_smoother:/home/agilex/agilex_ws/install/nav2_smac_planner:/home/agilex/agilex_ws/install/nav2_regulated_pure_pursuit_controller:/home/agilex/agilex_ws/install/nav2_planner:/home/agilex/agilex_ws/install/nav2_navfn_planner:/home/agilex/agilex_ws/install/nav2_controller:/home/agilex/agilex_ws/install/nav2_bt_navigator:/home/agilex/agilex_ws/install/nav2_behaviors:/home/agilex/agilex_ws/install/dwb_core:/home/agilex/agilex_ws/install/nav2_core:/home/agilex/agilex_ws/install/costmap_queue:/home/agilex/agilex_ws/install/nav2_rviz_plugins:/home/agilex/agilex_ws/install/nav2_costmap_2d:/home/agilex/agilex_ws/install/nav_2d_utils:/home/agilex/agilex_ws/install/nav2_map_server:/home/agilex/agilex_ws/install/nav2_lifecycle_manager:/home/agilex/agilex_ws/install/nav2_behavior_tree:/home/agilex/agilex_ws/install/nav2_amcl:/home/agilex/agilex_ws/install/nav2_util:/home/agilex/agilex_ws/install/nav2_simple_commander:/home/agilex/agilex_ws/install/nav2_voxel_grid:/home/agilex/agilex_ws/install/nav2_msgs:/home/agilex/agilex_ws/install/dwb_msgs:/home/agilex/agilex_ws/install/nav_2d_msgs:/home/agilex/agilex_ws/install/nav2_common CMAKE_PREFIX_PATH=/home/agilex/agilex_ws/install/navigation2:/home/agilex/agilex_ws/install/nav2_dwb_controller:/home/agilex/agilex_ws/install/nav2_rotation_shim_controller:/home/agilex/agilex_ws/install/dwb_plugins:/home/agilex/agilex_ws/install/dwb_critics:/home/agilex/agilex_ws/install/nav2_waypoint_follower:/home/agilex/agilex_ws/install/nav2_theta_star_planner:/home/agilex/agilex_ws/install/nav2_smoother:/home/agilex/agilex_ws/install/nav2_smac_planner:/home/agilex/agilex_ws/install/nav2_regulated_pure_pursuit_controller:/home/agilex/agilex_ws/install/nav2_planner:/home/agilex/agilex_ws/install/nav2_navfn_planner:/home/agilex/agilex_ws/install/nav2_controller:/home/agilex/agilex_ws/install/nav2_bt_navigator:/home/agilex/agilex_ws/install/nav2_behaviors:/home/agilex/agilex_ws/install/dwb_core:/home/agilex/agilex_ws/install/nav2_core:/home/agilex/agilex_ws/install/costmap_queue:/home/agilex/agilex_ws/install/nav2_rviz_plugins:/home/agilex/agilex_ws/install/nav2_costmap_2d:/home/agilex/agilex_ws/install/nav_2d_utils:/home/agilex/agilex_ws/install/nav2_map_server:/home/agilex/agilex_ws/install/nav2_lifecycle_manager:/home/agilex/agilex_ws/install/nav2_behavior_tree:/home/agilex/agilex_ws/install/nav2_amcl:/home/agilex/agilex_ws/install/nav2_util:/home/agilex/agilex_ws/install/nav2_voxel_grid:/home/agilex/agilex_ws/install/nav2_msgs:/home/agilex/agilex_ws/install/dwb_msgs:/home/agilex/agilex_ws/install/nav_2d_msgs:/home/agilex/agilex_ws/install/nav2_common LD_LIBRARY_PATH=/home/agilex/agilex_ws/install/nav2_rotation_shim_controller/lib:/home/agilex/agilex_ws/install/dwb_plugins/lib:/home/agilex/agilex_ws/install/dwb_critics/lib:/home/agilex/agilex_ws/install/nav2_waypoint_follower/lib:/home/agilex/agilex_ws/install/nav2_theta_star_planner/lib:/home/agilex/agilex_ws/install/nav2_smoother/lib:/home/agilex/agilex_ws/install/nav2_smac_planner/lib:/home/agilex/agilex_ws/install/nav2_regulated_pure_pursuit_controller/lib:/home/agilex/agilex_ws/install/nav2_planner/lib:/home/agilex/agilex_ws/install/nav2_navfn_planner/lib:/home/agilex/agilex_ws/install/nav2_controller/lib:/home/agilex/agilex_ws/install/nav2_bt_navigator/lib:/home/agilex/agilex_ws/install/nav2_behaviors/lib:/home/agilex/agilex_ws/install/dwb_core/lib:/home/agilex/agilex_ws/install/costmap_queue/lib:/home/agilex/agilex_ws/install/nav2_rviz_plugins/lib:/home/agilex/agilex_ws/install/nav2_costmap_2d/lib:/home/agilex/agilex_ws/install/nav_2d_utils/lib:/home/agilex/agilex_ws/install/nav2_map_server/lib:/home/agilex/agilex_ws/install/nav2_lifecycle_manager/lib:/home/agilex/agilex_ws/install/nav2_behavior_tree/lib:/home/agilex/agilex_ws/install/nav2_amcl/lib:/home/agilex/agilex_ws/install/nav2_util/lib:/home/agilex/agilex_ws/install/nav2_voxel_grid/lib:/home/agilex/agilex_ws/install/nav2_msgs/lib:/home/agilex/agilex_ws/install/dwb_msgs/lib:/home/agilex/agilex_ws/install/nav_2d_msgs/lib PYTHONPATH=/home/agilex/agilex_ws/install/nav2_simple_commander/lib/python3.10/site-packages:/home/agilex/agilex_ws/install/nav2_msgs/local/lib/python3.10/dist-packages:/home/agilex/agilex_ws/install/dwb_msgs/local/lib/python3.10/dist-packages:/home/agilex/agilex_ws/install/nav_2d_msgs/local/lib/python3.10/dist-packages:/home/agilex/agilex_ws/install/nav2_common/local/lib/python3.10/dist-packages /usr/bin/cmake --build /home/agilex/agilex_ws/build/nav2_bringup -- -j16 -l16
[148.193s] DEBUG:colcon.colcon_core.event_handler.log_command:Invoking command in '/home/agilex/agilex_ws/build/nav2_bringup': AMENT_PREFIX_PATH=/home/agilex/agilex_ws/install/navigation2:/home/agilex/agilex_ws/install/nav2_dwb_controller:/home/agilex/agilex_ws/install/nav2_rotation_shim_controller:/home/agilex/agilex_ws/install/dwb_plugins:/home/agilex/agilex_ws/install/dwb_critics:/home/agilex/agilex_ws/install/nav2_waypoint_follower:/home/agilex/agilex_ws/install/nav2_theta_star_planner:/home/agilex/agilex_ws/install/nav2_smoother:/home/agilex/agilex_ws/install/nav2_smac_planner:/home/agilex/agilex_ws/install/nav2_regulated_pure_pursuit_controller:/home/agilex/agilex_ws/install/nav2_planner:/home/agilex/agilex_ws/install/nav2_navfn_planner:/home/agilex/agilex_ws/install/nav2_controller:/home/agilex/agilex_ws/install/nav2_bt_navigator:/home/agilex/agilex_ws/install/nav2_behaviors:/home/agilex/agilex_ws/install/dwb_core:/home/agilex/agilex_ws/install/nav2_core:/home/agilex/agilex_ws/install/costmap_queue:/home/agilex/agilex_ws/install/nav2_rviz_plugins:/home/agilex/agilex_ws/install/nav2_costmap_2d:/home/agilex/agilex_ws/install/nav_2d_utils:/home/agilex/agilex_ws/install/nav2_map_server:/home/agilex/agilex_ws/install/nav2_lifecycle_manager:/home/agilex/agilex_ws/install/nav2_behavior_tree:/home/agilex/agilex_ws/install/nav2_amcl:/home/agilex/agilex_ws/install/nav2_util:/home/agilex/agilex_ws/install/nav2_simple_commander:/home/agilex/agilex_ws/install/nav2_voxel_grid:/home/agilex/agilex_ws/install/nav2_msgs:/home/agilex/agilex_ws/install/dwb_msgs:/home/agilex/agilex_ws/install/nav_2d_msgs:/home/agilex/agilex_ws/install/nav2_common CMAKE_PREFIX_PATH=/home/agilex/agilex_ws/install/navigation2:/home/agilex/agilex_ws/install/nav2_dwb_controller:/home/agilex/agilex_ws/install/nav2_rotation_shim_controller:/home/agilex/agilex_ws/install/dwb_plugins:/home/agilex/agilex_ws/install/dwb_critics:/home/agilex/agilex_ws/install/nav2_waypoint_follower:/home/agilex/agilex_ws/install/nav2_theta_star_planner:/home/agilex/agilex_ws/install/nav2_smoother:/home/agilex/agilex_ws/install/nav2_smac_planner:/home/agilex/agilex_ws/install/nav2_regulated_pure_pursuit_controller:/home/agilex/agilex_ws/install/nav2_planner:/home/agilex/agilex_ws/install/nav2_navfn_planner:/home/agilex/agilex_ws/install/nav2_controller:/home/agilex/agilex_ws/install/nav2_bt_navigator:/home/agilex/agilex_ws/install/nav2_behaviors:/home/agilex/agilex_ws/install/dwb_core:/home/agilex/agilex_ws/install/nav2_core:/home/agilex/agilex_ws/install/costmap_queue:/home/agilex/agilex_ws/install/nav2_rviz_plugins:/home/agilex/agilex_ws/install/nav2_costmap_2d:/home/agilex/agilex_ws/install/nav_2d_utils:/home/agilex/agilex_ws/install/nav2_map_server:/home/agilex/agilex_ws/install/nav2_lifecycle_manager:/home/agilex/agilex_ws/install/nav2_behavior_tree:/home/agilex/agilex_ws/install/nav2_amcl:/home/agilex/agilex_ws/install/nav2_util:/home/agilex/agilex_ws/install/nav2_voxel_grid:/home/agilex/agilex_ws/install/nav2_msgs:/home/agilex/agilex_ws/install/dwb_msgs:/home/agilex/agilex_ws/install/nav_2d_msgs:/home/agilex/agilex_ws/install/nav2_common LD_LIBRARY_PATH=/home/agilex/agilex_ws/install/nav2_rotation_shim_controller/lib:/home/agilex/agilex_ws/install/dwb_plugins/lib:/home/agilex/agilex_ws/install/dwb_critics/lib:/home/agilex/agilex_ws/install/nav2_waypoint_follower/lib:/home/agilex/agilex_ws/install/nav2_theta_star_planner/lib:/home/agilex/agilex_ws/install/nav2_smoother/lib:/home/agilex/agilex_ws/install/nav2_smac_planner/lib:/home/agilex/agilex_ws/install/nav2_regulated_pure_pursuit_controller/lib:/home/agilex/agilex_ws/install/nav2_planner/lib:/home/agilex/agilex_ws/install/nav2_navfn_planner/lib:/home/agilex/agilex_ws/install/nav2_controller/lib:/home/agilex/agilex_ws/install/nav2_bt_navigator/lib:/home/agilex/agilex_ws/install/nav2_behaviors/lib:/home/agilex/agilex_ws/install/dwb_core/lib:/home/agilex/agilex_ws/install/costmap_queue/lib:/home/agilex/agilex_ws/install/nav2_rviz_plugins/lib:/home/agilex/agilex_ws/install/nav2_costmap_2d/lib:/home/agilex/agilex_ws/install/nav_2d_utils/lib:/home/agilex/agilex_ws/install/nav2_map_server/lib:/home/agilex/agilex_ws/install/nav2_lifecycle_manager/lib:/home/agilex/agilex_ws/install/nav2_behavior_tree/lib:/home/agilex/agilex_ws/install/nav2_amcl/lib:/home/agilex/agilex_ws/install/nav2_util/lib:/home/agilex/agilex_ws/install/nav2_voxel_grid/lib:/home/agilex/agilex_ws/install/nav2_msgs/lib:/home/agilex/agilex_ws/install/dwb_msgs/lib:/home/agilex/agilex_ws/install/nav_2d_msgs/lib PYTHONPATH=/home/agilex/agilex_ws/install/nav2_simple_commander/lib/python3.10/site-packages:/home/agilex/agilex_ws/install/nav2_msgs/local/lib/python3.10/dist-packages:/home/agilex/agilex_ws/install/dwb_msgs/local/lib/python3.10/dist-packages:/home/agilex/agilex_ws/install/nav_2d_msgs/local/lib/python3.10/dist-packages:/home/agilex/agilex_ws/install/nav2_common/local/lib/python3.10/dist-packages /usr/bin/cmake --install /home/agilex/agilex_ws/build/nav2_bringup
[148.205s] Level 1:colcon.colcon_core.environment:create_environment_scripts_only(nav2_bringup)
[148.205s] DEBUG:colcon.colcon_core.event_handler.log_command:Invoked command in '/home/agilex/agilex_ws/build/nav2_bringup' returned '0': AMENT_PREFIX_PATH=/home/agilex/agilex_ws/install/navigation2:/home/agilex/agilex_ws/install/nav2_dwb_controller:/home/agilex/agilex_ws/install/nav2_rotation_shim_controller:/home/agilex/agilex_ws/install/dwb_plugins:/home/agilex/agilex_ws/install/dwb_critics:/home/agilex/agilex_ws/install/nav2_waypoint_follower:/home/agilex/agilex_ws/install/nav2_theta_star_planner:/home/agilex/agilex_ws/install/nav2_smoother:/home/agilex/agilex_ws/install/nav2_smac_planner:/home/agilex/agilex_ws/install/nav2_regulated_pure_pursuit_controller:/home/agilex/agilex_ws/install/nav2_planner:/home/agilex/agilex_ws/install/nav2_navfn_planner:/home/agilex/agilex_ws/install/nav2_controller:/home/agilex/agilex_ws/install/nav2_bt_navigator:/home/agilex/agilex_ws/install/nav2_behaviors:/home/agilex/agilex_ws/install/dwb_core:/home/agilex/agilex_ws/install/nav2_core:/home/agilex/agilex_ws/install/costmap_queue:/home/agilex/agilex_ws/install/nav2_rviz_plugins:/home/agilex/agilex_ws/install/nav2_costmap_2d:/home/agilex/agilex_ws/install/nav_2d_utils:/home/agilex/agilex_ws/install/nav2_map_server:/home/agilex/agilex_ws/install/nav2_lifecycle_manager:/home/agilex/agilex_ws/install/nav2_behavior_tree:/home/agilex/agilex_ws/install/nav2_amcl:/home/agilex/agilex_ws/install/nav2_util:/home/agilex/agilex_ws/install/nav2_simple_commander:/home/agilex/agilex_ws/install/nav2_voxel_grid:/home/agilex/agilex_ws/install/nav2_msgs:/home/agilex/agilex_ws/install/dwb_msgs:/home/agilex/agilex_ws/install/nav_2d_msgs:/home/agilex/agilex_ws/install/nav2_common CMAKE_PREFIX_PATH=/home/agilex/agilex_ws/install/navigation2:/home/agilex/agilex_ws/install/nav2_dwb_controller:/home/agilex/agilex_ws/install/nav2_rotation_shim_controller:/home/agilex/agilex_ws/install/dwb_plugins:/home/agilex/agilex_ws/install/dwb_critics:/home/agilex/agilex_ws/install/nav2_waypoint_follower:/home/agilex/agilex_ws/install/nav2_theta_star_planner:/home/agilex/agilex_ws/install/nav2_smoother:/home/agilex/agilex_ws/install/nav2_smac_planner:/home/agilex/agilex_ws/install/nav2_regulated_pure_pursuit_controller:/home/agilex/agilex_ws/install/nav2_planner:/home/agilex/agilex_ws/install/nav2_navfn_planner:/home/agilex/agilex_ws/install/nav2_controller:/home/agilex/agilex_ws/install/nav2_bt_navigator:/home/agilex/agilex_ws/install/nav2_behaviors:/home/agilex/agilex_ws/install/dwb_core:/home/agilex/agilex_ws/install/nav2_core:/home/agilex/agilex_ws/install/costmap_queue:/home/agilex/agilex_ws/install/nav2_rviz_plugins:/home/agilex/agilex_ws/install/nav2_costmap_2d:/home/agilex/agilex_ws/install/nav_2d_utils:/home/agilex/agilex_ws/install/nav2_map_server:/home/agilex/agilex_ws/install/nav2_lifecycle_manager:/home/agilex/agilex_ws/install/nav2_behavior_tree:/home/agilex/agilex_ws/install/nav2_amcl:/home/agilex/agilex_ws/install/nav2_util:/home/agilex/agilex_ws/install/nav2_voxel_grid:/home/agilex/agilex_ws/install/nav2_msgs:/home/agilex/agilex_ws/install/dwb_msgs:/home/agilex/agilex_ws/install/nav_2d_msgs:/home/agilex/agilex_ws/install/nav2_common LD_LIBRARY_PATH=/home/agilex/agilex_ws/install/nav2_rotation_shim_controller/lib:/home/agilex/agilex_ws/install/dwb_plugins/lib:/home/agilex/agilex_ws/install/dwb_critics/lib:/home/agilex/agilex_ws/install/nav2_waypoint_follower/lib:/home/agilex/agilex_ws/install/nav2_theta_star_planner/lib:/home/agilex/agilex_ws/install/nav2_smoother/lib:/home/agilex/agilex_ws/install/nav2_smac_planner/lib:/home/agilex/agilex_ws/install/nav2_regulated_pure_pursuit_controller/lib:/home/agilex/agilex_ws/install/nav2_planner/lib:/home/agilex/agilex_ws/install/nav2_navfn_planner/lib:/home/agilex/agilex_ws/install/nav2_controller/lib:/home/agilex/agilex_ws/install/nav2_bt_navigator/lib:/home/agilex/agilex_ws/install/nav2_behaviors/lib:/home/agilex/agilex_ws/install/dwb_core/lib:/home/agilex/agilex_ws/install/costmap_queue/lib:/home/agilex/agilex_ws/install/nav2_rviz_plugins/lib:/home/agilex/agilex_ws/install/nav2_costmap_2d/lib:/home/agilex/agilex_ws/install/nav_2d_utils/lib:/home/agilex/agilex_ws/install/nav2_map_server/lib:/home/agilex/agilex_ws/install/nav2_lifecycle_manager/lib:/home/agilex/agilex_ws/install/nav2_behavior_tree/lib:/home/agilex/agilex_ws/install/nav2_amcl/lib:/home/agilex/agilex_ws/install/nav2_util/lib:/home/agilex/agilex_ws/install/nav2_voxel_grid/lib:/home/agilex/agilex_ws/install/nav2_msgs/lib:/home/agilex/agilex_ws/install/dwb_msgs/lib:/home/agilex/agilex_ws/install/nav_2d_msgs/lib PYTHONPATH=/home/agilex/agilex_ws/install/nav2_simple_commander/lib/python3.10/site-packages:/home/agilex/agilex_ws/install/nav2_msgs/local/lib/python3.10/dist-packages:/home/agilex/agilex_ws/install/dwb_msgs/local/lib/python3.10/dist-packages:/home/agilex/agilex_ws/install/nav_2d_msgs/local/lib/python3.10/dist-packages:/home/agilex/agilex_ws/install/nav2_common/local/lib/python3.10/dist-packages /usr/bin/cmake --install /home/agilex/agilex_ws/build/nav2_bringup
[148.210s] Level 1:colcon.colcon_core.environment:checking '/home/agilex/agilex_ws/install/nav2_bringup' for CMake module files
[148.211s] Level 1:colcon.colcon_core.environment:checking '/home/agilex/agilex_ws/install/nav2_bringup' for CMake config files
[148.211s] Level 1:colcon.colcon_core.shell:create_environment_hook('nav2_bringup', 'cmake_prefix_path')
[148.215s] INFO:colcon.colcon_core.shell:Creating environment hook '/home/agilex/agilex_ws/install/nav2_bringup/share/nav2_bringup/hook/cmake_prefix_path.ps1'
[148.216s] INFO:colcon.colcon_core.shell:Creating environment descriptor '/home/agilex/agilex_ws/install/nav2_bringup/share/nav2_bringup/hook/cmake_prefix_path.dsv'
[148.216s] INFO:colcon.colcon_core.shell:Creating environment hook '/home/agilex/agilex_ws/install/nav2_bringup/share/nav2_bringup/hook/cmake_prefix_path.sh'
[148.216s] Level 1:colcon.colcon_core.environment:checking '/home/agilex/agilex_ws/install/nav2_bringup/bin'
[148.216s] Level 1:colcon.colcon_core.environment:checking '/home/agilex/agilex_ws/install/nav2_bringup/lib/pkgconfig/nav2_bringup.pc'
[148.216s] Level 1:colcon.colcon_core.environment:checking '/home/agilex/agilex_ws/install/nav2_bringup/lib/python3.10/site-packages'
[148.216s] Level 1:colcon.colcon_core.environment:checking '/home/agilex/agilex_ws/install/nav2_bringup/bin'
[148.219s] INFO:colcon.colcon_core.shell:Creating package script '/home/agilex/agilex_ws/install/nav2_bringup/share/nav2_bringup/package.ps1'
[148.219s] INFO:colcon.colcon_core.shell:Creating package descriptor '/home/agilex/agilex_ws/install/nav2_bringup/share/nav2_bringup/package.dsv'
[148.219s] INFO:colcon.colcon_core.shell:Creating package script '/home/agilex/agilex_ws/install/nav2_bringup/share/nav2_bringup/package.sh'
[148.220s] INFO:colcon.colcon_core.shell:Creating package script '/home/agilex/agilex_ws/install/nav2_bringup/share/nav2_bringup/package.bash'
[148.220s] INFO:colcon.colcon_core.shell:Creating package script '/home/agilex/agilex_ws/install/nav2_bringup/share/nav2_bringup/package.zsh'
[148.220s] Level 1:colcon.colcon_core.environment:create_file_with_runtime_dependencies(/home/agilex/agilex_ws/install/nav2_bringup/share/colcon-core/packages/nav2_bringup)
[148.238s] Level 1:colcon.colcon_core.environment:create_environment_scripts_only(nav2_bringup)
[148.241s] Level 1:colcon.colcon_core.environment:checking '/home/agilex/agilex_ws/install/nav2_bringup' for CMake module files
[148.241s] Level 1:colcon.colcon_core.environment:checking '/home/agilex/agilex_ws/install/nav2_bringup' for CMake config files
[148.241s] Level 1:colcon.colcon_core.shell:create_environment_hook('nav2_bringup', 'cmake_prefix_path')
[148.244s] INFO:colcon.colcon_core.shell:Creating environment hook '/home/agilex/agilex_ws/install/nav2_bringup/share/nav2_bringup/hook/cmake_prefix_path.ps1'
[148.244s] INFO:colcon.colcon_core.shell:Creating environment descriptor '/home/agilex/agilex_ws/install/nav2_bringup/share/nav2_bringup/hook/cmake_prefix_path.dsv'
[148.245s] INFO:colcon.colcon_core.shell:Creating environment hook '/home/agilex/agilex_ws/install/nav2_bringup/share/nav2_bringup/hook/cmake_prefix_path.sh'
[148.245s] Level 1:colcon.colcon_core.environment:checking '/home/agilex/agilex_ws/install/nav2_bringup/bin'
[148.245s] Level 1:colcon.colcon_core.environment:checking '/home/agilex/agilex_ws/install/nav2_bringup/lib/pkgconfig/nav2_bringup.pc'
[148.245s] Level 1:colcon.colcon_core.environment:checking '/home/agilex/agilex_ws/install/nav2_bringup/lib/python3.10/site-packages'
[148.245s] Level 1:colcon.colcon_core.environment:checking '/home/agilex/agilex_ws/install/nav2_bringup/bin'
[148.248s] INFO:colcon.colcon_core.shell:Creating package script '/home/agilex/agilex_ws/install/nav2_bringup/share/nav2_bringup/package.ps1'
[148.248s] INFO:colcon.colcon_core.shell:Creating package descriptor '/home/agilex/agilex_ws/install/nav2_bringup/share/nav2_bringup/package.dsv'
[148.248s] INFO:colcon.colcon_core.shell:Creating package script '/home/agilex/agilex_ws/install/nav2_bringup/share/nav2_bringup/package.sh'
[148.249s] INFO:colcon.colcon_core.shell:Creating package script '/home/agilex/agilex_ws/install/nav2_bringup/share/nav2_bringup/package.bash'
[148.249s] INFO:colcon.colcon_core.shell:Creating package script '/home/agilex/agilex_ws/install/nav2_bringup/share/nav2_bringup/package.zsh'
[148.249s] Level 1:colcon.colcon_core.environment:create_file_with_runtime_dependencies(/home/agilex/agilex_ws/install/nav2_bringup/share/colcon-core/packages/nav2_bringup)
[148.249s] INFO:colcon.colcon_ros.task.ament_cmake.build:Building ROS package in '/home/agilex/agilex_ws/src/navigation2/nav2_system_tests' with build type 'ament_cmake'
[148.250s] INFO:colcon.colcon_cmake.task.cmake.build:Building CMake package in '/home/agilex/agilex_ws/src/navigation2/nav2_system_tests'
[148.253s] INFO:colcon.colcon_core.shell:Skip shell extension 'powershell' for command environment: Not usable outside of PowerShell
[148.253s] DEBUG:colcon.colcon_core.shell:Skip shell extension 'dsv' for command environment
[148.258s] INFO:colcon.colcon_ros.task.ament_cmake.build:Building ROS package in '/home/agilex/agilex_ws/src/teb_local_planner/teb_local_planner' with build type 'ament_cmake'
[148.258s] INFO:colcon.colcon_cmake.task.cmake.build:Building CMake package in '/home/agilex/agilex_ws/src/teb_local_planner/teb_local_planner'
[148.262s] INFO:colcon.colcon_core.shell:Skip shell extension 'powershell' for command environment: Not usable outside of PowerShell
[148.262s] DEBUG:colcon.colcon_core.shell:Skip shell extension 'dsv' for command environment
[148.320s] DEBUG:colcon.colcon_core.event_handler.log_command:Invoking command in '/home/agilex/agilex_ws/build/nav2_system_tests': AMENT_PREFIX_PATH=/home/agilex/agilex_ws/install/nav2_bringup:/home/agilex/agilex_ws/install/navigation2:/home/agilex/agilex_ws/install/nav2_dwb_controller:/home/agilex/agilex_ws/install/nav2_rotation_shim_controller:/home/agilex/agilex_ws/install/dwb_plugins:/home/agilex/agilex_ws/install/dwb_critics:/home/agilex/agilex_ws/install/nav2_waypoint_follower:/home/agilex/agilex_ws/install/nav2_theta_star_planner:/home/agilex/agilex_ws/install/nav2_smoother:/home/agilex/agilex_ws/install/nav2_smac_planner:/home/agilex/agilex_ws/install/nav2_regulated_pure_pursuit_controller:/home/agilex/agilex_ws/install/nav2_planner:/home/agilex/agilex_ws/install/nav2_navfn_planner:/home/agilex/agilex_ws/install/nav2_controller:/home/agilex/agilex_ws/install/nav2_bt_navigator:/home/agilex/agilex_ws/install/nav2_behaviors:/home/agilex/agilex_ws/install/dwb_core:/home/agilex/agilex_ws/install/nav2_core:/home/agilex/agilex_ws/install/costmap_queue:/home/agilex/agilex_ws/install/nav2_rviz_plugins:/home/agilex/agilex_ws/install/nav2_costmap_2d:/home/agilex/agilex_ws/install/nav_2d_utils:/home/agilex/agilex_ws/install/nav2_map_server:/home/agilex/agilex_ws/install/nav2_lifecycle_manager:/home/agilex/agilex_ws/install/nav2_behavior_tree:/home/agilex/agilex_ws/install/nav2_amcl:/home/agilex/agilex_ws/install/nav2_util:/home/agilex/agilex_ws/install/nav2_simple_commander:/home/agilex/agilex_ws/install/nav2_voxel_grid:/home/agilex/agilex_ws/install/nav2_msgs:/home/agilex/agilex_ws/install/dwb_msgs:/home/agilex/agilex_ws/install/nav_2d_msgs:/home/agilex/agilex_ws/install/nav2_common CMAKE_PREFIX_PATH=/home/agilex/agilex_ws/install/nav2_bringup:/home/agilex/agilex_ws/install/navigation2:/home/agilex/agilex_ws/install/nav2_dwb_controller:/home/agilex/agilex_ws/install/nav2_rotation_shim_controller:/home/agilex/agilex_ws/install/dwb_plugins:/home/agilex/agilex_ws/install/dwb_critics:/home/agilex/agilex_ws/install/nav2_waypoint_follower:/home/agilex/agilex_ws/install/nav2_theta_star_planner:/home/agilex/agilex_ws/install/nav2_smoother:/home/agilex/agilex_ws/install/nav2_smac_planner:/home/agilex/agilex_ws/install/nav2_regulated_pure_pursuit_controller:/home/agilex/agilex_ws/install/nav2_planner:/home/agilex/agilex_ws/install/nav2_navfn_planner:/home/agilex/agilex_ws/install/nav2_controller:/home/agilex/agilex_ws/install/nav2_bt_navigator:/home/agilex/agilex_ws/install/nav2_behaviors:/home/agilex/agilex_ws/install/dwb_core:/home/agilex/agilex_ws/install/nav2_core:/home/agilex/agilex_ws/install/costmap_queue:/home/agilex/agilex_ws/install/nav2_rviz_plugins:/home/agilex/agilex_ws/install/nav2_costmap_2d:/home/agilex/agilex_ws/install/nav_2d_utils:/home/agilex/agilex_ws/install/nav2_map_server:/home/agilex/agilex_ws/install/nav2_lifecycle_manager:/home/agilex/agilex_ws/install/nav2_behavior_tree:/home/agilex/agilex_ws/install/nav2_amcl:/home/agilex/agilex_ws/install/nav2_util:/home/agilex/agilex_ws/install/nav2_voxel_grid:/home/agilex/agilex_ws/install/nav2_msgs:/home/agilex/agilex_ws/install/dwb_msgs:/home/agilex/agilex_ws/install/nav_2d_msgs:/home/agilex/agilex_ws/install/nav2_common LD_LIBRARY_PATH=/home/agilex/agilex_ws/install/nav2_rotation_shim_controller/lib:/home/agilex/agilex_ws/install/dwb_plugins/lib:/home/agilex/agilex_ws/install/dwb_critics/lib:/home/agilex/agilex_ws/install/nav2_waypoint_follower/lib:/home/agilex/agilex_ws/install/nav2_theta_star_planner/lib:/home/agilex/agilex_ws/install/nav2_smoother/lib:/home/agilex/agilex_ws/install/nav2_smac_planner/lib:/home/agilex/agilex_ws/install/nav2_regulated_pure_pursuit_controller/lib:/home/agilex/agilex_ws/install/nav2_planner/lib:/home/agilex/agilex_ws/install/nav2_navfn_planner/lib:/home/agilex/agilex_ws/install/nav2_controller/lib:/home/agilex/agilex_ws/install/nav2_bt_navigator/lib:/home/agilex/agilex_ws/install/nav2_behaviors/lib:/home/agilex/agilex_ws/install/dwb_core/lib:/home/agilex/agilex_ws/install/costmap_queue/lib:/home/agilex/agilex_ws/install/nav2_rviz_plugins/lib:/home/agilex/agilex_ws/install/nav2_costmap_2d/lib:/home/agilex/agilex_ws/install/nav_2d_utils/lib:/home/agilex/agilex_ws/install/nav2_map_server/lib:/home/agilex/agilex_ws/install/nav2_lifecycle_manager/lib:/home/agilex/agilex_ws/install/nav2_behavior_tree/lib:/home/agilex/agilex_ws/install/nav2_amcl/lib:/home/agilex/agilex_ws/install/nav2_util/lib:/home/agilex/agilex_ws/install/nav2_voxel_grid/lib:/home/agilex/agilex_ws/install/nav2_msgs/lib:/home/agilex/agilex_ws/install/dwb_msgs/lib:/home/agilex/agilex_ws/install/nav_2d_msgs/lib PYTHONPATH=/home/agilex/agilex_ws/install/nav2_simple_commander/lib/python3.10/site-packages:/home/agilex/agilex_ws/install/nav2_msgs/local/lib/python3.10/dist-packages:/home/agilex/agilex_ws/install/dwb_msgs/local/lib/python3.10/dist-packages:/home/agilex/agilex_ws/install/nav_2d_msgs/local/lib/python3.10/dist-packages:/home/agilex/agilex_ws/install/nav2_common/local/lib/python3.10/dist-packages /usr/bin/cmake --build /home/agilex/agilex_ws/build/nav2_system_tests -- -j16 -l16
[148.342s] DEBUG:colcon.colcon_core.event_handler.log_command:Invoking command in '/home/agilex/agilex_ws/build/teb_local_planner': AMENT_PREFIX_PATH=/home/agilex/agilex_ws/install/nav2_bringup:/home/agilex/agilex_ws/install/navigation2:/home/agilex/agilex_ws/install/nav2_dwb_controller:/home/agilex/agilex_ws/install/nav2_rotation_shim_controller:/home/agilex/agilex_ws/install/dwb_plugins:/home/agilex/agilex_ws/install/dwb_critics:/home/agilex/agilex_ws/install/nav2_waypoint_follower:/home/agilex/agilex_ws/install/nav2_theta_star_planner:/home/agilex/agilex_ws/install/nav2_smoother:/home/agilex/agilex_ws/install/nav2_smac_planner:/home/agilex/agilex_ws/install/nav2_regulated_pure_pursuit_controller:/home/agilex/agilex_ws/install/nav2_planner:/home/agilex/agilex_ws/install/nav2_navfn_planner:/home/agilex/agilex_ws/install/nav2_controller:/home/agilex/agilex_ws/install/nav2_bt_navigator:/home/agilex/agilex_ws/install/nav2_behaviors:/home/agilex/agilex_ws/install/dwb_core:/home/agilex/agilex_ws/install/nav2_core:/home/agilex/agilex_ws/install/costmap_queue:/home/agilex/agilex_ws/install/costmap_converter:/home/agilex/agilex_ws/install/nav2_rviz_plugins:/home/agilex/agilex_ws/install/nav2_costmap_2d:/home/agilex/agilex_ws/install/nav_2d_utils:/home/agilex/agilex_ws/install/nav2_map_server:/home/agilex/agilex_ws/install/nav2_lifecycle_manager:/home/agilex/agilex_ws/install/nav2_behavior_tree:/home/agilex/agilex_ws/install/nav2_amcl:/home/agilex/agilex_ws/install/nav2_util:/home/agilex/agilex_ws/install/nav2_simple_commander:/home/agilex/agilex_ws/install/teb_msgs:/home/agilex/agilex_ws/install/nav2_voxel_grid:/home/agilex/agilex_ws/install/nav2_msgs:/home/agilex/agilex_ws/install/dwb_msgs:/home/agilex/agilex_ws/install/nav_2d_msgs:/home/agilex/agilex_ws/install/nav2_common:/home/agilex/agilex_ws/install/costmap_converter_msgs CMAKE_PREFIX_PATH=/home/agilex/agilex_ws/install/nav2_bringup:/home/agilex/agilex_ws/install/navigation2:/home/agilex/agilex_ws/install/nav2_dwb_controller:/home/agilex/agilex_ws/install/nav2_rotation_shim_controller:/home/agilex/agilex_ws/install/dwb_plugins:/home/agilex/agilex_ws/install/dwb_critics:/home/agilex/agilex_ws/install/nav2_waypoint_follower:/home/agilex/agilex_ws/install/nav2_theta_star_planner:/home/agilex/agilex_ws/install/nav2_smoother:/home/agilex/agilex_ws/install/nav2_smac_planner:/home/agilex/agilex_ws/install/nav2_regulated_pure_pursuit_controller:/home/agilex/agilex_ws/install/nav2_planner:/home/agilex/agilex_ws/install/nav2_navfn_planner:/home/agilex/agilex_ws/install/nav2_controller:/home/agilex/agilex_ws/install/nav2_bt_navigator:/home/agilex/agilex_ws/install/nav2_behaviors:/home/agilex/agilex_ws/install/dwb_core:/home/agilex/agilex_ws/install/nav2_core:/home/agilex/agilex_ws/install/costmap_queue:/home/agilex/agilex_ws/install/costmap_converter:/home/agilex/agilex_ws/install/nav2_rviz_plugins:/home/agilex/agilex_ws/install/nav2_costmap_2d:/home/agilex/agilex_ws/install/nav_2d_utils:/home/agilex/agilex_ws/install/nav2_map_server:/home/agilex/agilex_ws/install/nav2_lifecycle_manager:/home/agilex/agilex_ws/install/nav2_behavior_tree:/home/agilex/agilex_ws/install/nav2_amcl:/home/agilex/agilex_ws/install/nav2_util:/home/agilex/agilex_ws/install/teb_msgs:/home/agilex/agilex_ws/install/nav2_voxel_grid:/home/agilex/agilex_ws/install/nav2_msgs:/home/agilex/agilex_ws/install/dwb_msgs:/home/agilex/agilex_ws/install/nav_2d_msgs:/home/agilex/agilex_ws/install/nav2_common:/home/agilex/agilex_ws/install/costmap_converter_msgs LD_LIBRARY_PATH=/home/agilex/agilex_ws/install/nav2_rotation_shim_controller/lib:/home/agilex/agilex_ws/install/dwb_plugins/lib:/home/agilex/agilex_ws/install/dwb_critics/lib:/home/agilex/agilex_ws/install/nav2_waypoint_follower/lib:/home/agilex/agilex_ws/install/nav2_theta_star_planner/lib:/home/agilex/agilex_ws/install/nav2_smoother/lib:/home/agilex/agilex_ws/install/nav2_smac_planner/lib:/home/agilex/agilex_ws/install/nav2_regulated_pure_pursuit_controller/lib:/home/agilex/agilex_ws/install/nav2_planner/lib:/home/agilex/agilex_ws/install/nav2_navfn_planner/lib:/home/agilex/agilex_ws/install/nav2_controller/lib:/home/agilex/agilex_ws/install/nav2_bt_navigator/lib:/home/agilex/agilex_ws/install/nav2_behaviors/lib:/home/agilex/agilex_ws/install/dwb_core/lib:/home/agilex/agilex_ws/install/costmap_queue/lib:/home/agilex/agilex_ws/install/costmap_converter/lib:/home/agilex/agilex_ws/install/nav2_rviz_plugins/lib:/home/agilex/agilex_ws/install/nav2_costmap_2d/lib:/home/agilex/agilex_ws/install/nav_2d_utils/lib:/home/agilex/agilex_ws/install/nav2_map_server/lib:/home/agilex/agilex_ws/install/nav2_lifecycle_manager/lib:/home/agilex/agilex_ws/install/nav2_behavior_tree/lib:/home/agilex/agilex_ws/install/nav2_amcl/lib:/home/agilex/agilex_ws/install/nav2_util/lib:/home/agilex/agilex_ws/install/teb_msgs/lib:/home/agilex/agilex_ws/install/nav2_voxel_grid/lib:/home/agilex/agilex_ws/install/nav2_msgs/lib:/home/agilex/agilex_ws/install/dwb_msgs/lib:/home/agilex/agilex_ws/install/nav_2d_msgs/lib:/home/agilex/agilex_ws/install/costmap_converter_msgs/lib PATH=/home/agilex/agilex_ws/install/costmap_converter/bin:${PATH} PYTHONPATH=/home/agilex/agilex_ws/install/nav2_simple_commander/lib/python3.10/site-packages:/home/agilex/agilex_ws/install/teb_msgs/local/lib/python3.10/dist-packages:/home/agilex/agilex_ws/install/nav2_msgs/local/lib/python3.10/dist-packages:/home/agilex/agilex_ws/install/dwb_msgs/local/lib/python3.10/dist-packages:/home/agilex/agilex_ws/install/nav_2d_msgs/local/lib/python3.10/dist-packages:/home/agilex/agilex_ws/install/nav2_common/local/lib/python3.10/dist-packages:/home/agilex/agilex_ws/install/costmap_converter_msgs/local/lib/python3.10/dist-packages /usr/bin/cmake --build /home/agilex/agilex_ws/build/teb_local_planner -- -j16 -l16
[220.467s] DEBUG:colcon.colcon_core.event_handler.log_command:Invoked command in '/home/agilex/agilex_ws/build/nav2_system_tests' returned '0': AMENT_PREFIX_PATH=/home/agilex/agilex_ws/install/nav2_bringup:/home/agilex/agilex_ws/install/navigation2:/home/agilex/agilex_ws/install/nav2_dwb_controller:/home/agilex/agilex_ws/install/nav2_rotation_shim_controller:/home/agilex/agilex_ws/install/dwb_plugins:/home/agilex/agilex_ws/install/dwb_critics:/home/agilex/agilex_ws/install/nav2_waypoint_follower:/home/agilex/agilex_ws/install/nav2_theta_star_planner:/home/agilex/agilex_ws/install/nav2_smoother:/home/agilex/agilex_ws/install/nav2_smac_planner:/home/agilex/agilex_ws/install/nav2_regulated_pure_pursuit_controller:/home/agilex/agilex_ws/install/nav2_planner:/home/agilex/agilex_ws/install/nav2_navfn_planner:/home/agilex/agilex_ws/install/nav2_controller:/home/agilex/agilex_ws/install/nav2_bt_navigator:/home/agilex/agilex_ws/install/nav2_behaviors:/home/agilex/agilex_ws/install/dwb_core:/home/agilex/agilex_ws/install/nav2_core:/home/agilex/agilex_ws/install/costmap_queue:/home/agilex/agilex_ws/install/nav2_rviz_plugins:/home/agilex/agilex_ws/install/nav2_costmap_2d:/home/agilex/agilex_ws/install/nav_2d_utils:/home/agilex/agilex_ws/install/nav2_map_server:/home/agilex/agilex_ws/install/nav2_lifecycle_manager:/home/agilex/agilex_ws/install/nav2_behavior_tree:/home/agilex/agilex_ws/install/nav2_amcl:/home/agilex/agilex_ws/install/nav2_util:/home/agilex/agilex_ws/install/nav2_simple_commander:/home/agilex/agilex_ws/install/nav2_voxel_grid:/home/agilex/agilex_ws/install/nav2_msgs:/home/agilex/agilex_ws/install/dwb_msgs:/home/agilex/agilex_ws/install/nav_2d_msgs:/home/agilex/agilex_ws/install/nav2_common CMAKE_PREFIX_PATH=/home/agilex/agilex_ws/install/nav2_bringup:/home/agilex/agilex_ws/install/navigation2:/home/agilex/agilex_ws/install/nav2_dwb_controller:/home/agilex/agilex_ws/install/nav2_rotation_shim_controller:/home/agilex/agilex_ws/install/dwb_plugins:/home/agilex/agilex_ws/install/dwb_critics:/home/agilex/agilex_ws/install/nav2_waypoint_follower:/home/agilex/agilex_ws/install/nav2_theta_star_planner:/home/agilex/agilex_ws/install/nav2_smoother:/home/agilex/agilex_ws/install/nav2_smac_planner:/home/agilex/agilex_ws/install/nav2_regulated_pure_pursuit_controller:/home/agilex/agilex_ws/install/nav2_planner:/home/agilex/agilex_ws/install/nav2_navfn_planner:/home/agilex/agilex_ws/install/nav2_controller:/home/agilex/agilex_ws/install/nav2_bt_navigator:/home/agilex/agilex_ws/install/nav2_behaviors:/home/agilex/agilex_ws/install/dwb_core:/home/agilex/agilex_ws/install/nav2_core:/home/agilex/agilex_ws/install/costmap_queue:/home/agilex/agilex_ws/install/nav2_rviz_plugins:/home/agilex/agilex_ws/install/nav2_costmap_2d:/home/agilex/agilex_ws/install/nav_2d_utils:/home/agilex/agilex_ws/install/nav2_map_server:/home/agilex/agilex_ws/install/nav2_lifecycle_manager:/home/agilex/agilex_ws/install/nav2_behavior_tree:/home/agilex/agilex_ws/install/nav2_amcl:/home/agilex/agilex_ws/install/nav2_util:/home/agilex/agilex_ws/install/nav2_voxel_grid:/home/agilex/agilex_ws/install/nav2_msgs:/home/agilex/agilex_ws/install/dwb_msgs:/home/agilex/agilex_ws/install/nav_2d_msgs:/home/agilex/agilex_ws/install/nav2_common LD_LIBRARY_PATH=/home/agilex/agilex_ws/install/nav2_rotation_shim_controller/lib:/home/agilex/agilex_ws/install/dwb_plugins/lib:/home/agilex/agilex_ws/install/dwb_critics/lib:/home/agilex/agilex_ws/install/nav2_waypoint_follower/lib:/home/agilex/agilex_ws/install/nav2_theta_star_planner/lib:/home/agilex/agilex_ws/install/nav2_smoother/lib:/home/agilex/agilex_ws/install/nav2_smac_planner/lib:/home/agilex/agilex_ws/install/nav2_regulated_pure_pursuit_controller/lib:/home/agilex/agilex_ws/install/nav2_planner/lib:/home/agilex/agilex_ws/install/nav2_navfn_planner/lib:/home/agilex/agilex_ws/install/nav2_controller/lib:/home/agilex/agilex_ws/install/nav2_bt_navigator/lib:/home/agilex/agilex_ws/install/nav2_behaviors/lib:/home/agilex/agilex_ws/install/dwb_core/lib:/home/agilex/agilex_ws/install/costmap_queue/lib:/home/agilex/agilex_ws/install/nav2_rviz_plugins/lib:/home/agilex/agilex_ws/install/nav2_costmap_2d/lib:/home/agilex/agilex_ws/install/nav_2d_utils/lib:/home/agilex/agilex_ws/install/nav2_map_server/lib:/home/agilex/agilex_ws/install/nav2_lifecycle_manager/lib:/home/agilex/agilex_ws/install/nav2_behavior_tree/lib:/home/agilex/agilex_ws/install/nav2_amcl/lib:/home/agilex/agilex_ws/install/nav2_util/lib:/home/agilex/agilex_ws/install/nav2_voxel_grid/lib:/home/agilex/agilex_ws/install/nav2_msgs/lib:/home/agilex/agilex_ws/install/dwb_msgs/lib:/home/agilex/agilex_ws/install/nav_2d_msgs/lib PYTHONPATH=/home/agilex/agilex_ws/install/nav2_simple_commander/lib/python3.10/site-packages:/home/agilex/agilex_ws/install/nav2_msgs/local/lib/python3.10/dist-packages:/home/agilex/agilex_ws/install/dwb_msgs/local/lib/python3.10/dist-packages:/home/agilex/agilex_ws/install/nav_2d_msgs/local/lib/python3.10/dist-packages:/home/agilex/agilex_ws/install/nav2_common/local/lib/python3.10/dist-packages /usr/bin/cmake --build /home/agilex/agilex_ws/build/nav2_system_tests -- -j16 -l16
[220.526s] DEBUG:colcon.colcon_core.event_handler.log_command:Invoking command in '/home/agilex/agilex_ws/build/nav2_system_tests': AMENT_PREFIX_PATH=/home/agilex/agilex_ws/install/nav2_bringup:/home/agilex/agilex_ws/install/navigation2:/home/agilex/agilex_ws/install/nav2_dwb_controller:/home/agilex/agilex_ws/install/nav2_rotation_shim_controller:/home/agilex/agilex_ws/install/dwb_plugins:/home/agilex/agilex_ws/install/dwb_critics:/home/agilex/agilex_ws/install/nav2_waypoint_follower:/home/agilex/agilex_ws/install/nav2_theta_star_planner:/home/agilex/agilex_ws/install/nav2_smoother:/home/agilex/agilex_ws/install/nav2_smac_planner:/home/agilex/agilex_ws/install/nav2_regulated_pure_pursuit_controller:/home/agilex/agilex_ws/install/nav2_planner:/home/agilex/agilex_ws/install/nav2_navfn_planner:/home/agilex/agilex_ws/install/nav2_controller:/home/agilex/agilex_ws/install/nav2_bt_navigator:/home/agilex/agilex_ws/install/nav2_behaviors:/home/agilex/agilex_ws/install/dwb_core:/home/agilex/agilex_ws/install/nav2_core:/home/agilex/agilex_ws/install/costmap_queue:/home/agilex/agilex_ws/install/nav2_rviz_plugins:/home/agilex/agilex_ws/install/nav2_costmap_2d:/home/agilex/agilex_ws/install/nav_2d_utils:/home/agilex/agilex_ws/install/nav2_map_server:/home/agilex/agilex_ws/install/nav2_lifecycle_manager:/home/agilex/agilex_ws/install/nav2_behavior_tree:/home/agilex/agilex_ws/install/nav2_amcl:/home/agilex/agilex_ws/install/nav2_util:/home/agilex/agilex_ws/install/nav2_simple_commander:/home/agilex/agilex_ws/install/nav2_voxel_grid:/home/agilex/agilex_ws/install/nav2_msgs:/home/agilex/agilex_ws/install/dwb_msgs:/home/agilex/agilex_ws/install/nav_2d_msgs:/home/agilex/agilex_ws/install/nav2_common CMAKE_PREFIX_PATH=/home/agilex/agilex_ws/install/nav2_bringup:/home/agilex/agilex_ws/install/navigation2:/home/agilex/agilex_ws/install/nav2_dwb_controller:/home/agilex/agilex_ws/install/nav2_rotation_shim_controller:/home/agilex/agilex_ws/install/dwb_plugins:/home/agilex/agilex_ws/install/dwb_critics:/home/agilex/agilex_ws/install/nav2_waypoint_follower:/home/agilex/agilex_ws/install/nav2_theta_star_planner:/home/agilex/agilex_ws/install/nav2_smoother:/home/agilex/agilex_ws/install/nav2_smac_planner:/home/agilex/agilex_ws/install/nav2_regulated_pure_pursuit_controller:/home/agilex/agilex_ws/install/nav2_planner:/home/agilex/agilex_ws/install/nav2_navfn_planner:/home/agilex/agilex_ws/install/nav2_controller:/home/agilex/agilex_ws/install/nav2_bt_navigator:/home/agilex/agilex_ws/install/nav2_behaviors:/home/agilex/agilex_ws/install/dwb_core:/home/agilex/agilex_ws/install/nav2_core:/home/agilex/agilex_ws/install/costmap_queue:/home/agilex/agilex_ws/install/nav2_rviz_plugins:/home/agilex/agilex_ws/install/nav2_costmap_2d:/home/agilex/agilex_ws/install/nav_2d_utils:/home/agilex/agilex_ws/install/nav2_map_server:/home/agilex/agilex_ws/install/nav2_lifecycle_manager:/home/agilex/agilex_ws/install/nav2_behavior_tree:/home/agilex/agilex_ws/install/nav2_amcl:/home/agilex/agilex_ws/install/nav2_util:/home/agilex/agilex_ws/install/nav2_voxel_grid:/home/agilex/agilex_ws/install/nav2_msgs:/home/agilex/agilex_ws/install/dwb_msgs:/home/agilex/agilex_ws/install/nav_2d_msgs:/home/agilex/agilex_ws/install/nav2_common LD_LIBRARY_PATH=/home/agilex/agilex_ws/install/nav2_rotation_shim_controller/lib:/home/agilex/agilex_ws/install/dwb_plugins/lib:/home/agilex/agilex_ws/install/dwb_critics/lib:/home/agilex/agilex_ws/install/nav2_waypoint_follower/lib:/home/agilex/agilex_ws/install/nav2_theta_star_planner/lib:/home/agilex/agilex_ws/install/nav2_smoother/lib:/home/agilex/agilex_ws/install/nav2_smac_planner/lib:/home/agilex/agilex_ws/install/nav2_regulated_pure_pursuit_controller/lib:/home/agilex/agilex_ws/install/nav2_planner/lib:/home/agilex/agilex_ws/install/nav2_navfn_planner/lib:/home/agilex/agilex_ws/install/nav2_controller/lib:/home/agilex/agilex_ws/install/nav2_bt_navigator/lib:/home/agilex/agilex_ws/install/nav2_behaviors/lib:/home/agilex/agilex_ws/install/dwb_core/lib:/home/agilex/agilex_ws/install/costmap_queue/lib:/home/agilex/agilex_ws/install/nav2_rviz_plugins/lib:/home/agilex/agilex_ws/install/nav2_costmap_2d/lib:/home/agilex/agilex_ws/install/nav_2d_utils/lib:/home/agilex/agilex_ws/install/nav2_map_server/lib:/home/agilex/agilex_ws/install/nav2_lifecycle_manager/lib:/home/agilex/agilex_ws/install/nav2_behavior_tree/lib:/home/agilex/agilex_ws/install/nav2_amcl/lib:/home/agilex/agilex_ws/install/nav2_util/lib:/home/agilex/agilex_ws/install/nav2_voxel_grid/lib:/home/agilex/agilex_ws/install/nav2_msgs/lib:/home/agilex/agilex_ws/install/dwb_msgs/lib:/home/agilex/agilex_ws/install/nav_2d_msgs/lib PYTHONPATH=/home/agilex/agilex_ws/install/nav2_simple_commander/lib/python3.10/site-packages:/home/agilex/agilex_ws/install/nav2_msgs/local/lib/python3.10/dist-packages:/home/agilex/agilex_ws/install/dwb_msgs/local/lib/python3.10/dist-packages:/home/agilex/agilex_ws/install/nav_2d_msgs/local/lib/python3.10/dist-packages:/home/agilex/agilex_ws/install/nav2_common/local/lib/python3.10/dist-packages /usr/bin/cmake --install /home/agilex/agilex_ws/build/nav2_system_tests
[220.547s] Level 1:colcon.colcon_core.environment:create_environment_scripts_only(nav2_system_tests)
[220.557s] DEBUG:colcon.colcon_core.event_handler.log_command:Invoked command in '/home/agilex/agilex_ws/build/nav2_system_tests' returned '0': AMENT_PREFIX_PATH=/home/agilex/agilex_ws/install/nav2_bringup:/home/agilex/agilex_ws/install/navigation2:/home/agilex/agilex_ws/install/nav2_dwb_controller:/home/agilex/agilex_ws/install/nav2_rotation_shim_controller:/home/agilex/agilex_ws/install/dwb_plugins:/home/agilex/agilex_ws/install/dwb_critics:/home/agilex/agilex_ws/install/nav2_waypoint_follower:/home/agilex/agilex_ws/install/nav2_theta_star_planner:/home/agilex/agilex_ws/install/nav2_smoother:/home/agilex/agilex_ws/install/nav2_smac_planner:/home/agilex/agilex_ws/install/nav2_regulated_pure_pursuit_controller:/home/agilex/agilex_ws/install/nav2_planner:/home/agilex/agilex_ws/install/nav2_navfn_planner:/home/agilex/agilex_ws/install/nav2_controller:/home/agilex/agilex_ws/install/nav2_bt_navigator:/home/agilex/agilex_ws/install/nav2_behaviors:/home/agilex/agilex_ws/install/dwb_core:/home/agilex/agilex_ws/install/nav2_core:/home/agilex/agilex_ws/install/costmap_queue:/home/agilex/agilex_ws/install/nav2_rviz_plugins:/home/agilex/agilex_ws/install/nav2_costmap_2d:/home/agilex/agilex_ws/install/nav_2d_utils:/home/agilex/agilex_ws/install/nav2_map_server:/home/agilex/agilex_ws/install/nav2_lifecycle_manager:/home/agilex/agilex_ws/install/nav2_behavior_tree:/home/agilex/agilex_ws/install/nav2_amcl:/home/agilex/agilex_ws/install/nav2_util:/home/agilex/agilex_ws/install/nav2_simple_commander:/home/agilex/agilex_ws/install/nav2_voxel_grid:/home/agilex/agilex_ws/install/nav2_msgs:/home/agilex/agilex_ws/install/dwb_msgs:/home/agilex/agilex_ws/install/nav_2d_msgs:/home/agilex/agilex_ws/install/nav2_common CMAKE_PREFIX_PATH=/home/agilex/agilex_ws/install/nav2_bringup:/home/agilex/agilex_ws/install/navigation2:/home/agilex/agilex_ws/install/nav2_dwb_controller:/home/agilex/agilex_ws/install/nav2_rotation_shim_controller:/home/agilex/agilex_ws/install/dwb_plugins:/home/agilex/agilex_ws/install/dwb_critics:/home/agilex/agilex_ws/install/nav2_waypoint_follower:/home/agilex/agilex_ws/install/nav2_theta_star_planner:/home/agilex/agilex_ws/install/nav2_smoother:/home/agilex/agilex_ws/install/nav2_smac_planner:/home/agilex/agilex_ws/install/nav2_regulated_pure_pursuit_controller:/home/agilex/agilex_ws/install/nav2_planner:/home/agilex/agilex_ws/install/nav2_navfn_planner:/home/agilex/agilex_ws/install/nav2_controller:/home/agilex/agilex_ws/install/nav2_bt_navigator:/home/agilex/agilex_ws/install/nav2_behaviors:/home/agilex/agilex_ws/install/dwb_core:/home/agilex/agilex_ws/install/nav2_core:/home/agilex/agilex_ws/install/costmap_queue:/home/agilex/agilex_ws/install/nav2_rviz_plugins:/home/agilex/agilex_ws/install/nav2_costmap_2d:/home/agilex/agilex_ws/install/nav_2d_utils:/home/agilex/agilex_ws/install/nav2_map_server:/home/agilex/agilex_ws/install/nav2_lifecycle_manager:/home/agilex/agilex_ws/install/nav2_behavior_tree:/home/agilex/agilex_ws/install/nav2_amcl:/home/agilex/agilex_ws/install/nav2_util:/home/agilex/agilex_ws/install/nav2_voxel_grid:/home/agilex/agilex_ws/install/nav2_msgs:/home/agilex/agilex_ws/install/dwb_msgs:/home/agilex/agilex_ws/install/nav_2d_msgs:/home/agilex/agilex_ws/install/nav2_common LD_LIBRARY_PATH=/home/agilex/agilex_ws/install/nav2_rotation_shim_controller/lib:/home/agilex/agilex_ws/install/dwb_plugins/lib:/home/agilex/agilex_ws/install/dwb_critics/lib:/home/agilex/agilex_ws/install/nav2_waypoint_follower/lib:/home/agilex/agilex_ws/install/nav2_theta_star_planner/lib:/home/agilex/agilex_ws/install/nav2_smoother/lib:/home/agilex/agilex_ws/install/nav2_smac_planner/lib:/home/agilex/agilex_ws/install/nav2_regulated_pure_pursuit_controller/lib:/home/agilex/agilex_ws/install/nav2_planner/lib:/home/agilex/agilex_ws/install/nav2_navfn_planner/lib:/home/agilex/agilex_ws/install/nav2_controller/lib:/home/agilex/agilex_ws/install/nav2_bt_navigator/lib:/home/agilex/agilex_ws/install/nav2_behaviors/lib:/home/agilex/agilex_ws/install/dwb_core/lib:/home/agilex/agilex_ws/install/costmap_queue/lib:/home/agilex/agilex_ws/install/nav2_rviz_plugins/lib:/home/agilex/agilex_ws/install/nav2_costmap_2d/lib:/home/agilex/agilex_ws/install/nav_2d_utils/lib:/home/agilex/agilex_ws/install/nav2_map_server/lib:/home/agilex/agilex_ws/install/nav2_lifecycle_manager/lib:/home/agilex/agilex_ws/install/nav2_behavior_tree/lib:/home/agilex/agilex_ws/install/nav2_amcl/lib:/home/agilex/agilex_ws/install/nav2_util/lib:/home/agilex/agilex_ws/install/nav2_voxel_grid/lib:/home/agilex/agilex_ws/install/nav2_msgs/lib:/home/agilex/agilex_ws/install/dwb_msgs/lib:/home/agilex/agilex_ws/install/nav_2d_msgs/lib PYTHONPATH=/home/agilex/agilex_ws/install/nav2_simple_commander/lib/python3.10/site-packages:/home/agilex/agilex_ws/install/nav2_msgs/local/lib/python3.10/dist-packages:/home/agilex/agilex_ws/install/dwb_msgs/local/lib/python3.10/dist-packages:/home/agilex/agilex_ws/install/nav_2d_msgs/local/lib/python3.10/dist-packages:/home/agilex/agilex_ws/install/nav2_common/local/lib/python3.10/dist-packages /usr/bin/cmake --install /home/agilex/agilex_ws/build/nav2_system_tests
[220.618s] Level 1:colcon.colcon_core.environment:checking '/home/agilex/agilex_ws/install/nav2_system_tests' for CMake module files
[220.620s] Level 1:colcon.colcon_core.environment:checking '/home/agilex/agilex_ws/install/nav2_system_tests' for CMake config files
[220.622s] Level 1:colcon.colcon_core.shell:create_environment_hook('nav2_system_tests', 'cmake_prefix_path')
[220.631s] INFO:colcon.colcon_core.shell:Creating environment hook '/home/agilex/agilex_ws/install/nav2_system_tests/share/nav2_system_tests/hook/cmake_prefix_path.ps1'
[220.640s] INFO:colcon.colcon_core.shell:Creating environment descriptor '/home/agilex/agilex_ws/install/nav2_system_tests/share/nav2_system_tests/hook/cmake_prefix_path.dsv'
[220.644s] INFO:colcon.colcon_core.shell:Creating environment hook '/home/agilex/agilex_ws/install/nav2_system_tests/share/nav2_system_tests/hook/cmake_prefix_path.sh'
[220.649s] Level 1:colcon.colcon_core.environment:checking '/home/agilex/agilex_ws/install/nav2_system_tests/lib'
[220.650s] Level 1:colcon.colcon_core.environment:checking '/home/agilex/agilex_ws/install/nav2_system_tests/bin'
[220.650s] Level 1:colcon.colcon_core.environment:checking '/home/agilex/agilex_ws/install/nav2_system_tests/lib/pkgconfig/nav2_system_tests.pc'
[220.654s] Level 1:colcon.colcon_core.environment:checking '/home/agilex/agilex_ws/install/nav2_system_tests/lib/python3.10/site-packages'
[220.655s] Level 1:colcon.colcon_core.environment:checking '/home/agilex/agilex_ws/install/nav2_system_tests/bin'
[220.660s] INFO:colcon.colcon_core.shell:Creating package script '/home/agilex/agilex_ws/install/nav2_system_tests/share/nav2_system_tests/package.ps1'
[220.662s] INFO:colcon.colcon_core.shell:Creating package descriptor '/home/agilex/agilex_ws/install/nav2_system_tests/share/nav2_system_tests/package.dsv'
[220.663s] INFO:colcon.colcon_core.shell:Creating package script '/home/agilex/agilex_ws/install/nav2_system_tests/share/nav2_system_tests/package.sh'
[220.664s] INFO:colcon.colcon_core.shell:Creating package script '/home/agilex/agilex_ws/install/nav2_system_tests/share/nav2_system_tests/package.bash'
[220.665s] INFO:colcon.colcon_core.shell:Creating package script '/home/agilex/agilex_ws/install/nav2_system_tests/share/nav2_system_tests/package.zsh'
[220.668s] Level 1:colcon.colcon_core.environment:create_file_with_runtime_dependencies(/home/agilex/agilex_ws/install/nav2_system_tests/share/colcon-core/packages/nav2_system_tests)
[220.696s] Level 1:colcon.colcon_core.environment:create_environment_scripts_only(nav2_system_tests)
[220.700s] Level 1:colcon.colcon_core.environment:checking '/home/agilex/agilex_ws/install/nav2_system_tests' for CMake module files
[220.700s] Level 1:colcon.colcon_core.environment:checking '/home/agilex/agilex_ws/install/nav2_system_tests' for CMake config files
[220.701s] Level 1:colcon.colcon_core.shell:create_environment_hook('nav2_system_tests', 'cmake_prefix_path')
[220.705s] INFO:colcon.colcon_core.shell:Creating environment hook '/home/agilex/agilex_ws/install/nav2_system_tests/share/nav2_system_tests/hook/cmake_prefix_path.ps1'
[220.705s] INFO:colcon.colcon_core.shell:Creating environment descriptor '/home/agilex/agilex_ws/install/nav2_system_tests/share/nav2_system_tests/hook/cmake_prefix_path.dsv'
[220.705s] INFO:colcon.colcon_core.shell:Creating environment hook '/home/agilex/agilex_ws/install/nav2_system_tests/share/nav2_system_tests/hook/cmake_prefix_path.sh'
[220.706s] Level 1:colcon.colcon_core.environment:checking '/home/agilex/agilex_ws/install/nav2_system_tests/lib'
[220.706s] Level 1:colcon.colcon_core.environment:checking '/home/agilex/agilex_ws/install/nav2_system_tests/bin'
[220.706s] Level 1:colcon.colcon_core.environment:checking '/home/agilex/agilex_ws/install/nav2_system_tests/lib/pkgconfig/nav2_system_tests.pc'
[220.706s] Level 1:colcon.colcon_core.environment:checking '/home/agilex/agilex_ws/install/nav2_system_tests/lib/python3.10/site-packages'
[220.707s] Level 1:colcon.colcon_core.environment:checking '/home/agilex/agilex_ws/install/nav2_system_tests/bin'
[220.711s] INFO:colcon.colcon_core.shell:Creating package script '/home/agilex/agilex_ws/install/nav2_system_tests/share/nav2_system_tests/package.ps1'
[220.711s] INFO:colcon.colcon_core.shell:Creating package descriptor '/home/agilex/agilex_ws/install/nav2_system_tests/share/nav2_system_tests/package.dsv'
[220.711s] INFO:colcon.colcon_core.shell:Creating package script '/home/agilex/agilex_ws/install/nav2_system_tests/share/nav2_system_tests/package.sh'
[220.711s] INFO:colcon.colcon_core.shell:Creating package script '/home/agilex/agilex_ws/install/nav2_system_tests/share/nav2_system_tests/package.bash'
[220.712s] INFO:colcon.colcon_core.shell:Creating package script '/home/agilex/agilex_ws/install/nav2_system_tests/share/nav2_system_tests/package.zsh'
[220.712s] Level 1:colcon.colcon_core.environment:create_file_with_runtime_dependencies(/home/agilex/agilex_ws/install/nav2_system_tests/share/colcon-core/packages/nav2_system_tests)
[242.005s] DEBUG:colcon.colcon_core.event_handler.log_command:Invoked command in '/home/agilex/agilex_ws/build/teb_local_planner' returned '0': AMENT_PREFIX_PATH=/home/agilex/agilex_ws/install/nav2_bringup:/home/agilex/agilex_ws/install/navigation2:/home/agilex/agilex_ws/install/nav2_dwb_controller:/home/agilex/agilex_ws/install/nav2_rotation_shim_controller:/home/agilex/agilex_ws/install/dwb_plugins:/home/agilex/agilex_ws/install/dwb_critics:/home/agilex/agilex_ws/install/nav2_waypoint_follower:/home/agilex/agilex_ws/install/nav2_theta_star_planner:/home/agilex/agilex_ws/install/nav2_smoother:/home/agilex/agilex_ws/install/nav2_smac_planner:/home/agilex/agilex_ws/install/nav2_regulated_pure_pursuit_controller:/home/agilex/agilex_ws/install/nav2_planner:/home/agilex/agilex_ws/install/nav2_navfn_planner:/home/agilex/agilex_ws/install/nav2_controller:/home/agilex/agilex_ws/install/nav2_bt_navigator:/home/agilex/agilex_ws/install/nav2_behaviors:/home/agilex/agilex_ws/install/dwb_core:/home/agilex/agilex_ws/install/nav2_core:/home/agilex/agilex_ws/install/costmap_queue:/home/agilex/agilex_ws/install/costmap_converter:/home/agilex/agilex_ws/install/nav2_rviz_plugins:/home/agilex/agilex_ws/install/nav2_costmap_2d:/home/agilex/agilex_ws/install/nav_2d_utils:/home/agilex/agilex_ws/install/nav2_map_server:/home/agilex/agilex_ws/install/nav2_lifecycle_manager:/home/agilex/agilex_ws/install/nav2_behavior_tree:/home/agilex/agilex_ws/install/nav2_amcl:/home/agilex/agilex_ws/install/nav2_util:/home/agilex/agilex_ws/install/nav2_simple_commander:/home/agilex/agilex_ws/install/teb_msgs:/home/agilex/agilex_ws/install/nav2_voxel_grid:/home/agilex/agilex_ws/install/nav2_msgs:/home/agilex/agilex_ws/install/dwb_msgs:/home/agilex/agilex_ws/install/nav_2d_msgs:/home/agilex/agilex_ws/install/nav2_common:/home/agilex/agilex_ws/install/costmap_converter_msgs CMAKE_PREFIX_PATH=/home/agilex/agilex_ws/install/nav2_bringup:/home/agilex/agilex_ws/install/navigation2:/home/agilex/agilex_ws/install/nav2_dwb_controller:/home/agilex/agilex_ws/install/nav2_rotation_shim_controller:/home/agilex/agilex_ws/install/dwb_plugins:/home/agilex/agilex_ws/install/dwb_critics:/home/agilex/agilex_ws/install/nav2_waypoint_follower:/home/agilex/agilex_ws/install/nav2_theta_star_planner:/home/agilex/agilex_ws/install/nav2_smoother:/home/agilex/agilex_ws/install/nav2_smac_planner:/home/agilex/agilex_ws/install/nav2_regulated_pure_pursuit_controller:/home/agilex/agilex_ws/install/nav2_planner:/home/agilex/agilex_ws/install/nav2_navfn_planner:/home/agilex/agilex_ws/install/nav2_controller:/home/agilex/agilex_ws/install/nav2_bt_navigator:/home/agilex/agilex_ws/install/nav2_behaviors:/home/agilex/agilex_ws/install/dwb_core:/home/agilex/agilex_ws/install/nav2_core:/home/agilex/agilex_ws/install/costmap_queue:/home/agilex/agilex_ws/install/costmap_converter:/home/agilex/agilex_ws/install/nav2_rviz_plugins:/home/agilex/agilex_ws/install/nav2_costmap_2d:/home/agilex/agilex_ws/install/nav_2d_utils:/home/agilex/agilex_ws/install/nav2_map_server:/home/agilex/agilex_ws/install/nav2_lifecycle_manager:/home/agilex/agilex_ws/install/nav2_behavior_tree:/home/agilex/agilex_ws/install/nav2_amcl:/home/agilex/agilex_ws/install/nav2_util:/home/agilex/agilex_ws/install/teb_msgs:/home/agilex/agilex_ws/install/nav2_voxel_grid:/home/agilex/agilex_ws/install/nav2_msgs:/home/agilex/agilex_ws/install/dwb_msgs:/home/agilex/agilex_ws/install/nav_2d_msgs:/home/agilex/agilex_ws/install/nav2_common:/home/agilex/agilex_ws/install/costmap_converter_msgs LD_LIBRARY_PATH=/home/agilex/agilex_ws/install/nav2_rotation_shim_controller/lib:/home/agilex/agilex_ws/install/dwb_plugins/lib:/home/agilex/agilex_ws/install/dwb_critics/lib:/home/agilex/agilex_ws/install/nav2_waypoint_follower/lib:/home/agilex/agilex_ws/install/nav2_theta_star_planner/lib:/home/agilex/agilex_ws/install/nav2_smoother/lib:/home/agilex/agilex_ws/install/nav2_smac_planner/lib:/home/agilex/agilex_ws/install/nav2_regulated_pure_pursuit_controller/lib:/home/agilex/agilex_ws/install/nav2_planner/lib:/home/agilex/agilex_ws/install/nav2_navfn_planner/lib:/home/agilex/agilex_ws/install/nav2_controller/lib:/home/agilex/agilex_ws/install/nav2_bt_navigator/lib:/home/agilex/agilex_ws/install/nav2_behaviors/lib:/home/agilex/agilex_ws/install/dwb_core/lib:/home/agilex/agilex_ws/install/costmap_queue/lib:/home/agilex/agilex_ws/install/costmap_converter/lib:/home/agilex/agilex_ws/install/nav2_rviz_plugins/lib:/home/agilex/agilex_ws/install/nav2_costmap_2d/lib:/home/agilex/agilex_ws/install/nav_2d_utils/lib:/home/agilex/agilex_ws/install/nav2_map_server/lib:/home/agilex/agilex_ws/install/nav2_lifecycle_manager/lib:/home/agilex/agilex_ws/install/nav2_behavior_tree/lib:/home/agilex/agilex_ws/install/nav2_amcl/lib:/home/agilex/agilex_ws/install/nav2_util/lib:/home/agilex/agilex_ws/install/teb_msgs/lib:/home/agilex/agilex_ws/install/nav2_voxel_grid/lib:/home/agilex/agilex_ws/install/nav2_msgs/lib:/home/agilex/agilex_ws/install/dwb_msgs/lib:/home/agilex/agilex_ws/install/nav_2d_msgs/lib:/home/agilex/agilex_ws/install/costmap_converter_msgs/lib PATH=/home/agilex/agilex_ws/install/costmap_converter/bin:${PATH} PYTHONPATH=/home/agilex/agilex_ws/install/nav2_simple_commander/lib/python3.10/site-packages:/home/agilex/agilex_ws/install/teb_msgs/local/lib/python3.10/dist-packages:/home/agilex/agilex_ws/install/nav2_msgs/local/lib/python3.10/dist-packages:/home/agilex/agilex_ws/install/dwb_msgs/local/lib/python3.10/dist-packages:/home/agilex/agilex_ws/install/nav_2d_msgs/local/lib/python3.10/dist-packages:/home/agilex/agilex_ws/install/nav2_common/local/lib/python3.10/dist-packages:/home/agilex/agilex_ws/install/costmap_converter_msgs/local/lib/python3.10/dist-packages /usr/bin/cmake --build /home/agilex/agilex_ws/build/teb_local_planner -- -j16 -l16
[242.050s] DEBUG:colcon.colcon_core.event_handler.log_command:Invoking command in '/home/agilex/agilex_ws/build/teb_local_planner': AMENT_PREFIX_PATH=/home/agilex/agilex_ws/install/nav2_bringup:/home/agilex/agilex_ws/install/navigation2:/home/agilex/agilex_ws/install/nav2_dwb_controller:/home/agilex/agilex_ws/install/nav2_rotation_shim_controller:/home/agilex/agilex_ws/install/dwb_plugins:/home/agilex/agilex_ws/install/dwb_critics:/home/agilex/agilex_ws/install/nav2_waypoint_follower:/home/agilex/agilex_ws/install/nav2_theta_star_planner:/home/agilex/agilex_ws/install/nav2_smoother:/home/agilex/agilex_ws/install/nav2_smac_planner:/home/agilex/agilex_ws/install/nav2_regulated_pure_pursuit_controller:/home/agilex/agilex_ws/install/nav2_planner:/home/agilex/agilex_ws/install/nav2_navfn_planner:/home/agilex/agilex_ws/install/nav2_controller:/home/agilex/agilex_ws/install/nav2_bt_navigator:/home/agilex/agilex_ws/install/nav2_behaviors:/home/agilex/agilex_ws/install/dwb_core:/home/agilex/agilex_ws/install/nav2_core:/home/agilex/agilex_ws/install/costmap_queue:/home/agilex/agilex_ws/install/costmap_converter:/home/agilex/agilex_ws/install/nav2_rviz_plugins:/home/agilex/agilex_ws/install/nav2_costmap_2d:/home/agilex/agilex_ws/install/nav_2d_utils:/home/agilex/agilex_ws/install/nav2_map_server:/home/agilex/agilex_ws/install/nav2_lifecycle_manager:/home/agilex/agilex_ws/install/nav2_behavior_tree:/home/agilex/agilex_ws/install/nav2_amcl:/home/agilex/agilex_ws/install/nav2_util:/home/agilex/agilex_ws/install/nav2_simple_commander:/home/agilex/agilex_ws/install/teb_msgs:/home/agilex/agilex_ws/install/nav2_voxel_grid:/home/agilex/agilex_ws/install/nav2_msgs:/home/agilex/agilex_ws/install/dwb_msgs:/home/agilex/agilex_ws/install/nav_2d_msgs:/home/agilex/agilex_ws/install/nav2_common:/home/agilex/agilex_ws/install/costmap_converter_msgs CMAKE_PREFIX_PATH=/home/agilex/agilex_ws/install/nav2_bringup:/home/agilex/agilex_ws/install/navigation2:/home/agilex/agilex_ws/install/nav2_dwb_controller:/home/agilex/agilex_ws/install/nav2_rotation_shim_controller:/home/agilex/agilex_ws/install/dwb_plugins:/home/agilex/agilex_ws/install/dwb_critics:/home/agilex/agilex_ws/install/nav2_waypoint_follower:/home/agilex/agilex_ws/install/nav2_theta_star_planner:/home/agilex/agilex_ws/install/nav2_smoother:/home/agilex/agilex_ws/install/nav2_smac_planner:/home/agilex/agilex_ws/install/nav2_regulated_pure_pursuit_controller:/home/agilex/agilex_ws/install/nav2_planner:/home/agilex/agilex_ws/install/nav2_navfn_planner:/home/agilex/agilex_ws/install/nav2_controller:/home/agilex/agilex_ws/install/nav2_bt_navigator:/home/agilex/agilex_ws/install/nav2_behaviors:/home/agilex/agilex_ws/install/dwb_core:/home/agilex/agilex_ws/install/nav2_core:/home/agilex/agilex_ws/install/costmap_queue:/home/agilex/agilex_ws/install/costmap_converter:/home/agilex/agilex_ws/install/nav2_rviz_plugins:/home/agilex/agilex_ws/install/nav2_costmap_2d:/home/agilex/agilex_ws/install/nav_2d_utils:/home/agilex/agilex_ws/install/nav2_map_server:/home/agilex/agilex_ws/install/nav2_lifecycle_manager:/home/agilex/agilex_ws/install/nav2_behavior_tree:/home/agilex/agilex_ws/install/nav2_amcl:/home/agilex/agilex_ws/install/nav2_util:/home/agilex/agilex_ws/install/teb_msgs:/home/agilex/agilex_ws/install/nav2_voxel_grid:/home/agilex/agilex_ws/install/nav2_msgs:/home/agilex/agilex_ws/install/dwb_msgs:/home/agilex/agilex_ws/install/nav_2d_msgs:/home/agilex/agilex_ws/install/nav2_common:/home/agilex/agilex_ws/install/costmap_converter_msgs LD_LIBRARY_PATH=/home/agilex/agilex_ws/install/nav2_rotation_shim_controller/lib:/home/agilex/agilex_ws/install/dwb_plugins/lib:/home/agilex/agilex_ws/install/dwb_critics/lib:/home/agilex/agilex_ws/install/nav2_waypoint_follower/lib:/home/agilex/agilex_ws/install/nav2_theta_star_planner/lib:/home/agilex/agilex_ws/install/nav2_smoother/lib:/home/agilex/agilex_ws/install/nav2_smac_planner/lib:/home/agilex/agilex_ws/install/nav2_regulated_pure_pursuit_controller/lib:/home/agilex/agilex_ws/install/nav2_planner/lib:/home/agilex/agilex_ws/install/nav2_navfn_planner/lib:/home/agilex/agilex_ws/install/nav2_controller/lib:/home/agilex/agilex_ws/install/nav2_bt_navigator/lib:/home/agilex/agilex_ws/install/nav2_behaviors/lib:/home/agilex/agilex_ws/install/dwb_core/lib:/home/agilex/agilex_ws/install/costmap_queue/lib:/home/agilex/agilex_ws/install/costmap_converter/lib:/home/agilex/agilex_ws/install/nav2_rviz_plugins/lib:/home/agilex/agilex_ws/install/nav2_costmap_2d/lib:/home/agilex/agilex_ws/install/nav_2d_utils/lib:/home/agilex/agilex_ws/install/nav2_map_server/lib:/home/agilex/agilex_ws/install/nav2_lifecycle_manager/lib:/home/agilex/agilex_ws/install/nav2_behavior_tree/lib:/home/agilex/agilex_ws/install/nav2_amcl/lib:/home/agilex/agilex_ws/install/nav2_util/lib:/home/agilex/agilex_ws/install/teb_msgs/lib:/home/agilex/agilex_ws/install/nav2_voxel_grid/lib:/home/agilex/agilex_ws/install/nav2_msgs/lib:/home/agilex/agilex_ws/install/dwb_msgs/lib:/home/agilex/agilex_ws/install/nav_2d_msgs/lib:/home/agilex/agilex_ws/install/costmap_converter_msgs/lib PATH=/home/agilex/agilex_ws/install/costmap_converter/bin:${PATH} PYTHONPATH=/home/agilex/agilex_ws/install/nav2_simple_commander/lib/python3.10/site-packages:/home/agilex/agilex_ws/install/teb_msgs/local/lib/python3.10/dist-packages:/home/agilex/agilex_ws/install/nav2_msgs/local/lib/python3.10/dist-packages:/home/agilex/agilex_ws/install/dwb_msgs/local/lib/python3.10/dist-packages:/home/agilex/agilex_ws/install/nav_2d_msgs/local/lib/python3.10/dist-packages:/home/agilex/agilex_ws/install/nav2_common/local/lib/python3.10/dist-packages:/home/agilex/agilex_ws/install/costmap_converter_msgs/local/lib/python3.10/dist-packages /usr/bin/cmake --install /home/agilex/agilex_ws/build/teb_local_planner
[242.071s] Level 1:colcon.colcon_core.environment:create_environment_scripts_only(teb_local_planner)
[242.072s] DEBUG:colcon.colcon_core.event_handler.log_command:Invoked command in '/home/agilex/agilex_ws/build/teb_local_planner' returned '0': AMENT_PREFIX_PATH=/home/agilex/agilex_ws/install/nav2_bringup:/home/agilex/agilex_ws/install/navigation2:/home/agilex/agilex_ws/install/nav2_dwb_controller:/home/agilex/agilex_ws/install/nav2_rotation_shim_controller:/home/agilex/agilex_ws/install/dwb_plugins:/home/agilex/agilex_ws/install/dwb_critics:/home/agilex/agilex_ws/install/nav2_waypoint_follower:/home/agilex/agilex_ws/install/nav2_theta_star_planner:/home/agilex/agilex_ws/install/nav2_smoother:/home/agilex/agilex_ws/install/nav2_smac_planner:/home/agilex/agilex_ws/install/nav2_regulated_pure_pursuit_controller:/home/agilex/agilex_ws/install/nav2_planner:/home/agilex/agilex_ws/install/nav2_navfn_planner:/home/agilex/agilex_ws/install/nav2_controller:/home/agilex/agilex_ws/install/nav2_bt_navigator:/home/agilex/agilex_ws/install/nav2_behaviors:/home/agilex/agilex_ws/install/dwb_core:/home/agilex/agilex_ws/install/nav2_core:/home/agilex/agilex_ws/install/costmap_queue:/home/agilex/agilex_ws/install/costmap_converter:/home/agilex/agilex_ws/install/nav2_rviz_plugins:/home/agilex/agilex_ws/install/nav2_costmap_2d:/home/agilex/agilex_ws/install/nav_2d_utils:/home/agilex/agilex_ws/install/nav2_map_server:/home/agilex/agilex_ws/install/nav2_lifecycle_manager:/home/agilex/agilex_ws/install/nav2_behavior_tree:/home/agilex/agilex_ws/install/nav2_amcl:/home/agilex/agilex_ws/install/nav2_util:/home/agilex/agilex_ws/install/nav2_simple_commander:/home/agilex/agilex_ws/install/teb_msgs:/home/agilex/agilex_ws/install/nav2_voxel_grid:/home/agilex/agilex_ws/install/nav2_msgs:/home/agilex/agilex_ws/install/dwb_msgs:/home/agilex/agilex_ws/install/nav_2d_msgs:/home/agilex/agilex_ws/install/nav2_common:/home/agilex/agilex_ws/install/costmap_converter_msgs CMAKE_PREFIX_PATH=/home/agilex/agilex_ws/install/nav2_bringup:/home/agilex/agilex_ws/install/navigation2:/home/agilex/agilex_ws/install/nav2_dwb_controller:/home/agilex/agilex_ws/install/nav2_rotation_shim_controller:/home/agilex/agilex_ws/install/dwb_plugins:/home/agilex/agilex_ws/install/dwb_critics:/home/agilex/agilex_ws/install/nav2_waypoint_follower:/home/agilex/agilex_ws/install/nav2_theta_star_planner:/home/agilex/agilex_ws/install/nav2_smoother:/home/agilex/agilex_ws/install/nav2_smac_planner:/home/agilex/agilex_ws/install/nav2_regulated_pure_pursuit_controller:/home/agilex/agilex_ws/install/nav2_planner:/home/agilex/agilex_ws/install/nav2_navfn_planner:/home/agilex/agilex_ws/install/nav2_controller:/home/agilex/agilex_ws/install/nav2_bt_navigator:/home/agilex/agilex_ws/install/nav2_behaviors:/home/agilex/agilex_ws/install/dwb_core:/home/agilex/agilex_ws/install/nav2_core:/home/agilex/agilex_ws/install/costmap_queue:/home/agilex/agilex_ws/install/costmap_converter:/home/agilex/agilex_ws/install/nav2_rviz_plugins:/home/agilex/agilex_ws/install/nav2_costmap_2d:/home/agilex/agilex_ws/install/nav_2d_utils:/home/agilex/agilex_ws/install/nav2_map_server:/home/agilex/agilex_ws/install/nav2_lifecycle_manager:/home/agilex/agilex_ws/install/nav2_behavior_tree:/home/agilex/agilex_ws/install/nav2_amcl:/home/agilex/agilex_ws/install/nav2_util:/home/agilex/agilex_ws/install/teb_msgs:/home/agilex/agilex_ws/install/nav2_voxel_grid:/home/agilex/agilex_ws/install/nav2_msgs:/home/agilex/agilex_ws/install/dwb_msgs:/home/agilex/agilex_ws/install/nav_2d_msgs:/home/agilex/agilex_ws/install/nav2_common:/home/agilex/agilex_ws/install/costmap_converter_msgs LD_LIBRARY_PATH=/home/agilex/agilex_ws/install/nav2_rotation_shim_controller/lib:/home/agilex/agilex_ws/install/dwb_plugins/lib:/home/agilex/agilex_ws/install/dwb_critics/lib:/home/agilex/agilex_ws/install/nav2_waypoint_follower/lib:/home/agilex/agilex_ws/install/nav2_theta_star_planner/lib:/home/agilex/agilex_ws/install/nav2_smoother/lib:/home/agilex/agilex_ws/install/nav2_smac_planner/lib:/home/agilex/agilex_ws/install/nav2_regulated_pure_pursuit_controller/lib:/home/agilex/agilex_ws/install/nav2_planner/lib:/home/agilex/agilex_ws/install/nav2_navfn_planner/lib:/home/agilex/agilex_ws/install/nav2_controller/lib:/home/agilex/agilex_ws/install/nav2_bt_navigator/lib:/home/agilex/agilex_ws/install/nav2_behaviors/lib:/home/agilex/agilex_ws/install/dwb_core/lib:/home/agilex/agilex_ws/install/costmap_queue/lib:/home/agilex/agilex_ws/install/costmap_converter/lib:/home/agilex/agilex_ws/install/nav2_rviz_plugins/lib:/home/agilex/agilex_ws/install/nav2_costmap_2d/lib:/home/agilex/agilex_ws/install/nav_2d_utils/lib:/home/agilex/agilex_ws/install/nav2_map_server/lib:/home/agilex/agilex_ws/install/nav2_lifecycle_manager/lib:/home/agilex/agilex_ws/install/nav2_behavior_tree/lib:/home/agilex/agilex_ws/install/nav2_amcl/lib:/home/agilex/agilex_ws/install/nav2_util/lib:/home/agilex/agilex_ws/install/teb_msgs/lib:/home/agilex/agilex_ws/install/nav2_voxel_grid/lib:/home/agilex/agilex_ws/install/nav2_msgs/lib:/home/agilex/agilex_ws/install/dwb_msgs/lib:/home/agilex/agilex_ws/install/nav_2d_msgs/lib:/home/agilex/agilex_ws/install/costmap_converter_msgs/lib PATH=/home/agilex/agilex_ws/install/costmap_converter/bin:${PATH} PYTHONPATH=/home/agilex/agilex_ws/install/nav2_simple_commander/lib/python3.10/site-packages:/home/agilex/agilex_ws/install/teb_msgs/local/lib/python3.10/dist-packages:/home/agilex/agilex_ws/install/nav2_msgs/local/lib/python3.10/dist-packages:/home/agilex/agilex_ws/install/dwb_msgs/local/lib/python3.10/dist-packages:/home/agilex/agilex_ws/install/nav_2d_msgs/local/lib/python3.10/dist-packages:/home/agilex/agilex_ws/install/nav2_common/local/lib/python3.10/dist-packages:/home/agilex/agilex_ws/install/costmap_converter_msgs/local/lib/python3.10/dist-packages /usr/bin/cmake --install /home/agilex/agilex_ws/build/teb_local_planner
[242.113s] Level 1:colcon.colcon_core.environment:checking '/home/agilex/agilex_ws/install/teb_local_planner' for CMake module files
[242.113s] Level 1:colcon.colcon_core.environment:checking '/home/agilex/agilex_ws/install/teb_local_planner' for CMake config files
[242.114s] Level 1:colcon.colcon_core.shell:create_environment_hook('teb_local_planner', 'cmake_prefix_path')
[242.118s] INFO:colcon.colcon_core.shell:Creating environment hook '/home/agilex/agilex_ws/install/teb_local_planner/share/teb_local_planner/hook/cmake_prefix_path.ps1'
[242.119s] INFO:colcon.colcon_core.shell:Creating environment descriptor '/home/agilex/agilex_ws/install/teb_local_planner/share/teb_local_planner/hook/cmake_prefix_path.dsv'
[242.120s] INFO:colcon.colcon_core.shell:Creating environment hook '/home/agilex/agilex_ws/install/teb_local_planner/share/teb_local_planner/hook/cmake_prefix_path.sh'
[242.121s] Level 1:colcon.colcon_core.environment:checking '/home/agilex/agilex_ws/install/teb_local_planner/lib'
[242.122s] Level 1:colcon.colcon_core.shell:create_environment_hook('teb_local_planner', 'ld_library_path_lib')
[242.128s] INFO:colcon.colcon_core.shell:Creating environment hook '/home/agilex/agilex_ws/install/teb_local_planner/share/teb_local_planner/hook/ld_library_path_lib.ps1'
[242.129s] INFO:colcon.colcon_core.shell:Creating environment descriptor '/home/agilex/agilex_ws/install/teb_local_planner/share/teb_local_planner/hook/ld_library_path_lib.dsv'
[242.129s] INFO:colcon.colcon_core.shell:Creating environment hook '/home/agilex/agilex_ws/install/teb_local_planner/share/teb_local_planner/hook/ld_library_path_lib.sh'
[242.130s] Level 1:colcon.colcon_core.environment:checking '/home/agilex/agilex_ws/install/teb_local_planner/bin'
[242.130s] Level 1:colcon.colcon_core.environment:checking '/home/agilex/agilex_ws/install/teb_local_planner/lib/pkgconfig/teb_local_planner.pc'
[242.130s] Level 1:colcon.colcon_core.environment:checking '/home/agilex/agilex_ws/install/teb_local_planner/lib/python3.10/site-packages'
[242.130s] Level 1:colcon.colcon_core.environment:checking '/home/agilex/agilex_ws/install/teb_local_planner/bin'
[242.133s] INFO:colcon.colcon_core.shell:Creating package script '/home/agilex/agilex_ws/install/teb_local_planner/share/teb_local_planner/package.ps1'
[242.134s] INFO:colcon.colcon_core.shell:Creating package descriptor '/home/agilex/agilex_ws/install/teb_local_planner/share/teb_local_planner/package.dsv'
[242.134s] INFO:colcon.colcon_core.shell:Creating package script '/home/agilex/agilex_ws/install/teb_local_planner/share/teb_local_planner/package.sh'
[242.135s] INFO:colcon.colcon_core.shell:Creating package script '/home/agilex/agilex_ws/install/teb_local_planner/share/teb_local_planner/package.bash'
[242.136s] INFO:colcon.colcon_core.shell:Creating package script '/home/agilex/agilex_ws/install/teb_local_planner/share/teb_local_planner/package.zsh'
[242.137s] Level 1:colcon.colcon_core.environment:create_file_with_runtime_dependencies(/home/agilex/agilex_ws/install/teb_local_planner/share/colcon-core/packages/teb_local_planner)
[242.175s] Level 1:colcon.colcon_core.environment:create_environment_scripts_only(teb_local_planner)
[242.179s] Level 1:colcon.colcon_core.environment:checking '/home/agilex/agilex_ws/install/teb_local_planner' for CMake module files
[242.179s] Level 1:colcon.colcon_core.environment:checking '/home/agilex/agilex_ws/install/teb_local_planner' for CMake config files
[242.179s] Level 1:colcon.colcon_core.shell:create_environment_hook('teb_local_planner', 'cmake_prefix_path')
[242.182s] INFO:colcon.colcon_core.shell:Creating environment hook '/home/agilex/agilex_ws/install/teb_local_planner/share/teb_local_planner/hook/cmake_prefix_path.ps1'
[242.182s] INFO:colcon.colcon_core.shell:Creating environment descriptor '/home/agilex/agilex_ws/install/teb_local_planner/share/teb_local_planner/hook/cmake_prefix_path.dsv'
[242.183s] INFO:colcon.colcon_core.shell:Creating environment hook '/home/agilex/agilex_ws/install/teb_local_planner/share/teb_local_planner/hook/cmake_prefix_path.sh'
[242.183s] Level 1:colcon.colcon_core.environment:checking '/home/agilex/agilex_ws/install/teb_local_planner/lib'
[242.183s] Level 1:colcon.colcon_core.shell:create_environment_hook('teb_local_planner', 'ld_library_path_lib')
[242.186s] INFO:colcon.colcon_core.shell:Creating environment hook '/home/agilex/agilex_ws/install/teb_local_planner/share/teb_local_planner/hook/ld_library_path_lib.ps1'
[242.186s] INFO:colcon.colcon_core.shell:Creating environment descriptor '/home/agilex/agilex_ws/install/teb_local_planner/share/teb_local_planner/hook/ld_library_path_lib.dsv'
[242.187s] INFO:colcon.colcon_core.shell:Creating environment hook '/home/agilex/agilex_ws/install/teb_local_planner/share/teb_local_planner/hook/ld_library_path_lib.sh'
[242.187s] Level 1:colcon.colcon_core.environment:checking '/home/agilex/agilex_ws/install/teb_local_planner/bin'
[242.187s] Level 1:colcon.colcon_core.environment:checking '/home/agilex/agilex_ws/install/teb_local_planner/lib/pkgconfig/teb_local_planner.pc'
[242.187s] Level 1:colcon.colcon_core.environment:checking '/home/agilex/agilex_ws/install/teb_local_planner/lib/python3.10/site-packages'
[242.187s] Level 1:colcon.colcon_core.environment:checking '/home/agilex/agilex_ws/install/teb_local_planner/bin'
[242.191s] INFO:colcon.colcon_core.shell:Creating package script '/home/agilex/agilex_ws/install/teb_local_planner/share/teb_local_planner/package.ps1'
[242.191s] INFO:colcon.colcon_core.shell:Creating package descriptor '/home/agilex/agilex_ws/install/teb_local_planner/share/teb_local_planner/package.dsv'
[242.191s] INFO:colcon.colcon_core.shell:Creating package script '/home/agilex/agilex_ws/install/teb_local_planner/share/teb_local_planner/package.sh'
[242.191s] INFO:colcon.colcon_core.shell:Creating package script '/home/agilex/agilex_ws/install/teb_local_planner/share/teb_local_planner/package.bash'
[242.191s] INFO:colcon.colcon_core.shell:Creating package script '/home/agilex/agilex_ws/install/teb_local_planner/share/teb_local_planner/package.zsh'
[242.192s] Level 1:colcon.colcon_core.environment:create_file_with_runtime_dependencies(/home/agilex/agilex_ws/install/teb_local_planner/share/colcon-core/packages/teb_local_planner)
[242.194s] DEBUG:colcon.colcon_parallel_executor.executor.parallel:closing loop
[242.194s] DEBUG:colcon.colcon_parallel_executor.executor.parallel:loop closed
[242.195s] DEBUG:colcon.colcon_parallel_executor.executor.parallel:run_until_complete finished with '0'
[242.196s] DEBUG:colcon.colcon_core.event_reactor:joining thread
[242.259s] INFO:colcon.colcon_core.plugin_system:Skipping extension 'colcon_notification.desktop_notification.terminal_notifier': Not used on non-Darwin systems
[242.259s] INFO:colcon.colcon_core.plugin_system:Skipping extension 'colcon_notification.desktop_notification.win32': Not used on non-Windows systems
[242.260s] INFO:colcon.colcon_notification.desktop_notification:Sending desktop notification using 'notify2'
[242.264s] DEBUG:colcon.colcon_notification.desktop_notification.notify2:Failed to initialize notify2: org.freedesktop.DBus.Error.Spawn.ExecFailed: /usr/bin/dbus-launch terminated abnormally without any error message
[242.265s] DEBUG:colcon.colcon_core.event_reactor:joined thread
[242.276s] INFO:colcon.colcon_core.shell:Creating prefix script '/home/agilex/agilex_ws/install/local_setup.ps1'
[242.278s] INFO:colcon.colcon_core.shell:Creating prefix util module '/home/agilex/agilex_ws/install/_local_setup_util_ps1.py'
[242.280s] INFO:colcon.colcon_core.shell:Creating prefix chain script '/home/agilex/agilex_ws/install/setup.ps1'
[242.285s] INFO:colcon.colcon_core.shell:Creating prefix script '/home/agilex/agilex_ws/install/local_setup.sh'
[242.285s] INFO:colcon.colcon_core.shell:Creating prefix util module '/home/agilex/agilex_ws/install/_local_setup_util_sh.py'
[242.285s] INFO:colcon.colcon_core.shell:Creating prefix chain script '/home/agilex/agilex_ws/install/setup.sh'
[242.309s] INFO:colcon.colcon_core.shell:Creating prefix script '/home/agilex/agilex_ws/install/local_setup.bash'
[242.310s] INFO:colcon.colcon_core.shell:Creating prefix chain script '/home/agilex/agilex_ws/install/setup.bash'
[242.316s] INFO:colcon.colcon_core.shell:Creating prefix script '/home/agilex/agilex_ws/install/local_setup.zsh'
[242.317s] INFO:colcon.colcon_core.shell:Creating prefix chain script '/home/agilex/agilex_ws/install/setup.zsh'
